Price,Close,High,Low,Open,Volume
Ticker,006203.TW,006203.TW,006203.TW,006203.TW,006203.TW
Date,,,,,
2021-03-18,54.40437698364258,54.79083336469341,54.36143811375377,54.36143811375377,4000
2021-03-19,53.50264358520508,53.760280061173695,53.50264358520508,53.760280061173695,4140
2021-03-22,53.717342376708984,53.717342376708984,53.24500828103397,53.24500828103397,8000
2021-03-23,54.103797912597656,54.103797912597656,53.97497803572887,53.97497803572887,2000
2021-03-24,53.03030776977539,53.03030776977539,53.03030776977539,53.03030776977539,1000
2021-03-25,53.41676712036133,53.41676712036133,52.815613144808786,52.815613144808786,3000
2021-03-26,54.14674377441406,54.27556366792426,53.8461683909249,53.93204613591438,10000
2021-03-29,54.790828704833984,54.876709713333355,54.66201210612317,54.876709713333355,6617
2021-03-30,54.876712799072266,54.876712799072266,54.66201517978955,54.79083178574376,16100
2021-03-31,54.876712799072266,54.876712799072266,54.876712799072266,54.876712799072266,0
2021-04-01,55.005531311035156,55.048466902591485,54.83376928865622,54.83376928865622,4038
2021-04-07,55.692562103271484,55.692562103271484,55.52080662566901,55.649626509896606,16000
2021-04-08,55.907257080078125,55.907257080078125,55.69255946721143,55.69255946721143,6100
2021-04-09,55.735504150390625,56.2507771343407,55.735504150390625,56.2507771343407,5000
2021-04-12,55.692562103271484,55.99313746510157,55.649626509896606,55.90725972630033,6000
2021-04-13,55.47785949707031,56.121952308302674,55.47785949707031,56.0360745772152,9000
2021-04-14,55.735504150390625,55.735504150390625,55.735504150390625,55.735504150390625,1000
2021-04-15,56.12196350097656,56.12196350097656,55.82138810619978,56.036085752762084,12000
2021-04-16,56.37959671020508,56.37959671020508,56.1219569436124,56.1219569436124,9000
2021-04-19,56.55134963989258,56.59429178307469,56.379594171266405,56.59429178307469,6000
2021-04-20,56.508419036865234,56.55135463178621,56.508419036865234,56.55135463178621,4000
2021-04-21,56.25077819824219,56.33665593851621,56.25077819824219,56.33665593851621,3000
2021-04-22,55.99313735961914,56.42253260486791,55.99313735961914,56.42253260486791,8000
2021-04-23,56.508419036865234,56.508419036865234,56.16490151723881,56.16490151723881,3091
2021-04-26,57.538963317871094,57.538963317871094,56.72311496627413,56.72311496627413,7000
2021-04-27,57.410133361816406,57.71070867272689,57.410133361816406,57.53895322422101,11000
2021-04-28,57.2383918762207,57.53896726045447,57.2383918762207,57.53896726045447,3000
2021-04-29,57.71072006225586,57.882482096710305,57.581906726479616,57.882482096710305,5000
2021-05-03,56.07902145385742,56.37959681406831,56.07902145385742,56.37959681406831,10500
2021-05-04,55.22023010253906,55.8643229580801,55.22023010253906,55.8643229580801,6000
2021-05-05,55.64962387084961,55.778437196917075,55.56373958406974,55.56373958406974,5000
2021-05-06,55.17729187011719,55.7355070282408,54.96259423638132,55.64962928515681,6000
2021-05-07,56.55134963989258,56.55134963989258,56.55134963989258,56.55134963989258,2025
2021-05-10,55.907257080078125,56.336652305811526,55.907257080078125,56.121954692944826,4040
2021-05-11,53.974979400634766,54.53319451314811,53.974979400634766,54.53319451314811,10210
2021-05-12,51.69919204711914,53.245014390343265,50.36806734256575,53.07325562420147,17000
2021-05-13,51.656246185302734,51.74212391874105,50.96921121369404,50.96921121369404,13000
2021-05-14,51.870948791503906,52.30034405210898,51.742128902912036,52.30034405210898,7000
2021-05-17,50.49687957763672,51.570367677824684,50.368062971229584,51.355670057787094,14118
2021-05-18,53.2450065612793,53.33088429370987,52.30033840044099,52.34327726665628,10000
2021-05-19,52.944435119628906,53.50264697357538,52.944435119628906,53.20207161191387,3080
2021-05-20,52.98737335205078,53.030312220911156,52.98737335205078,53.030312220911156,33000
2021-05-21,53.4597053527832,54.017920454025706,53.15913000659144,53.760280698974974,21000
2021-05-24,53.54558563232422,53.54558563232422,53.116190388196436,53.116190388196436,5000
2021-05-25,54.44731521606445,54.44731521606445,54.189675463198334,54.189675463198334,2000
2021-05-26,54.7049560546875,54.7049560546875,54.61907503820941,54.61907503820941,12000
2021-05-27,53.889102935791016,53.9320418048375,53.889102935791016,53.9320418048375,12000
2021-05-28,55.0484619140625,55.0484619140625,54.490250134031704,54.490250134031704,9128
2021-05-31,55.64962387084961,55.64962387084961,55.60668172745967,55.60668172745967,6012
2021-06-01,55.99313735961914,55.99313735961914,55.950201766325144,55.950201766325144,3000
2021-06-02,55.82137680053711,56.07901654505225,55.82137680053711,56.07901654505225,2005
2021-06-03,56.03607177734375,56.12194950414029,56.03607177734375,56.12194950414029,4375
2021-06-04,56.03607177734375,56.03607177734375,56.03607177734375,56.03607177734375,0
2021-06-07,55.692562103271484,55.692562103271484,55.04846923418496,55.60668436447025,6000
2021-06-08,55.692562103271484,55.692562103271484,55.649626509896606,55.649626509896606,2000
2021-06-09,55.13435363769531,55.17729578831258,55.13435363769531,55.13435363769531,11000
2021-06-10,55.778438568115234,55.778438568115234,55.778438568115234,55.778438568115234,3000
2021-06-11,55.99313735961914,56.16489938894953,55.99313735961914,56.16489938894953,7000
2021-06-15,56.59428787231445,56.59428787231445,56.42252586350619,56.42252586350619,21300
2021-06-16,56.508419036865234,56.59429677875891,56.508419036865234,56.55135463178621,3035
2021-06-17,56.16489791870117,56.16489791870117,56.16489791870117,56.16489791870117,1000
2021-06-18,56.33665084838867,56.680168330498866,56.33665084838867,56.680168330498866,4000
2021-06-21,55.22023010253906,55.391985576529464,55.09141022102058,55.391985576529464,5035
2021-06-22,55.09141159057617,55.47786469268737,55.04846944498537,55.349044807966465,4040
2021-06-23,56.12196350097656,56.12196350097656,55.263172914727335,55.263172914727335,4099
2021-06-24,55.99313735961914,55.99313735961914,55.99313735961914,55.99313735961914,1045
2021-06-25,56.25077819824219,56.50841797111585,56.25077819824219,56.25077819824219,3000
2021-06-28,56.20783233642578,56.33665221434689,55.90725698931063,55.90725698931063,5000
2021-06-29,56.680171966552734,56.680171966552734,56.63722982151508,56.63722982151508,2000
2021-06-30,56.937808990478516,56.98074458139691,56.8089891136211,56.98074458139691,5135
2021-07-01,56.937808990478516,56.937808990478516,56.937808990478516,56.937808990478516,0
2021-07-02,56.46546936035156,56.766044692924254,56.46546936035156,56.766044692924254,3071
2021-07-05,57.2383918762207,57.2383918762207,57.023694237189154,57.023694237189154,4075
2021-07-06,57.367210388183594,57.41014598372448,57.238390497457296,57.238390497457296,4000
2021-07-07,57.06662368774414,57.882478559428414,56.93781035983986,57.882478559428414,36000
2021-07-08,57.06662368774414,57.195443567699684,56.93781035983986,57.195443567699684,10035
2021-07-09,56.25077819824219,56.766051191937905,56.25077819824219,56.766051191937905,8000
2021-07-12,57.1954460144043,57.28132375403124,56.980748389311145,57.28132375403124,3000
2021-07-13,57.71072006225586,57.71072006225586,57.62484232105447,57.62484232105447,2200
2021-07-14,57.71072006225586,57.71072006225586,57.71072006225586,57.71072006225586,3000
2021-07-15,58.054237365722656,58.054237365722656,57.79660414306548,57.96835962483693,3000
2021-07-16,57.410133361816406,57.410133361816406,57.19543577515887,57.28131349941181,7000
2021-07-19,56.8519287109375,56.8519287109375,56.68017323105795,56.68017323105795,2000
2021-07-20,56.42253875732422,56.59430080538398,56.20784111128866,56.59430080538398,25000
2021-07-21,56.241668701171875,56.67230932960028,55.98328169569302,56.41392232412144,8000
2021-07-22,56.586181640625,56.84456867210208,56.586181640625,56.84456867210208,2000
2021-07-23,56.50004959106445,56.67230978645718,56.50004959106445,56.67230978645718,2360
2021-07-26,56.32779312133789,56.543113426411004,56.06940612682846,56.543113426411004,9000
2021-07-27,55.98328399658203,56.24167101268048,55.940217303547364,56.24167101268048,4000
2021-07-28,55.16506576538086,55.42344619341316,54.94974217096625,55.42344619341316,10004
2021-07-29,56.15553665161133,56.15553665161133,55.72489601296076,55.98328302457297,4000
2021-07-30,55.940208435058594,56.069401922626106,55.940208435058594,56.069401922626106,2000
2021-08-02,56.75843048095703,56.75843048095703,55.76795582013384,56.24166309258741,10150
2021-08-03,56.75843048095703,56.84455728384299,56.75843048095703,56.84455728384299,2075
2021-08-04,57.23213577270508,57.23213577270508,57.23213577270508,57.23213577270508,1000
2021-08-05,57.40439987182617,57.40439987182617,57.2321396694555,57.2321396694555,15000
2021-08-06,57.275203704833984,57.275203704833984,56.93068988713536,56.93068988713536,3000
2021-08-09,56.67230987548828,57.27520413267354,56.672309875488274,57.27520413267354,5010
2021-08-10,56.54310989379883,56.801490301111336,56.54310989379883,56.801490301111336,2000
2021-08-11,56.15553665161133,56.15553665161133,56.15553665161133,56.15553665161133,1315
2021-08-12,56.02635955810547,56.284740044048526,56.02635955810547,56.284740044048526,3035
2021-08-13,55.76795959472656,55.98327990204211,55.55263928741102,55.811026284611394,5042
2021-08-16,56.02635955810547,56.02635955810547,55.29426508696057,55.29426508696057,7000
2021-08-17,55.294254302978516,55.983281939891306,55.294254302978516,55.983281939891306,2000
2021-08-18,55.12199783325195,55.12199783325195,54.34684342451101,54.389910113739916,7000
2021-08-19,54.56216812133789,54.56216812133789,54.56216812133789,54.56216812133789,1101
2021-08-20,53.91620635986328,53.91620635986328,53.48556572348889,53.48556572348889,6006
2021-08-23,54.949737548828125,54.99280094987786,54.51909696727692,54.51909696727692,16000
2021-08-24,55.25119400024414,55.2942541205,55.12200049736753,55.12200049736753,8000
2021-08-25,55.76795959472656,55.76795959472656,55.25119217138011,55.25119217138011,4000
2021-08-26,56.241668701171875,56.32779551264665,56.155535318642585,56.32779551264665,3000
2021-08-27,56.54310989379883,56.7584301854195,56.54310989379883,56.7584301854195,3000
2021-08-30,56.9737548828125,56.9737548828125,56.75843457454114,56.9306881927365,7000
2021-08-31,57.533592224121094,57.533592224121094,56.97375807701787,57.059884890944204,6029
2021-09-01,57.70585250854492,57.70585250854492,57.662785811086515,57.70585250854492,10000
2021-09-02,57.49052429199219,57.49052429199219,57.49052429199219,57.49052429199219,1000
2021-09-03,58.30874252319336,58.30874252319336,57.87810186476193,57.87810186476193,3169
2021-09-06,58.52406311035156,58.825516829426185,58.265682656786886,58.30874278018683,15000
2021-09-07,58.30874252319336,58.43793603493378,58.13648888824277,58.13648888824277,4001
2021-09-08,57.23213577270508,58.179550393600344,57.23213577270508,58.179550393600344,5000
2021-09-09,57.70585250854492,57.791979332406285,57.70585250854492,57.791979332406285,6000
2021-09-10,58.30874252319336,58.30874252319336,57.74891492407647,57.74891492407647,3000
2021-09-13,58.007293701171875,58.09342051615971,57.83504007119622,57.83504007119622,7000
2021-09-14,58.093421936035156,58.17955532418298,58.093421936035156,58.17955532418298,2000
2021-09-15,57.748905181884766,57.748905181884766,57.748905181884766,57.748905181884766,1033
2021-09-16,57.49052429199219,57.748911299254424,57.49052429199219,57.748911299254424,3000
2021-09-17,57.49052429199219,57.49052429199219,57.49052429199219,57.49052429199219,0
2021-09-22,56.15553665161133,56.37085697093661,55.85408951876687,56.37085697093661,10000
2021-09-23,56.71537399291992,56.887634200722665,56.155539816907314,56.155539816907314,6000
2021-09-24,56.75843048095703,56.80149059687308,56.75843048095703,56.80149059687308,2000
2021-09-27,57.10294723510742,57.361327657211035,57.10294723510742,57.18907404247529,3001
2021-09-28,57.10294723510742,57.10294723510742,56.84456024194961,56.84456024194961,2000
2021-09-29,55.638763427734375,55.94021052930811,55.638763427734375,55.94021052930811,8000
2021-09-30,56.32779312133789,56.32779312133789,55.63876551668223,55.63876551668223,11000
2021-10-01,54.86362075805664,54.94974757587225,54.86362075805664,54.94974757587225,3000
2021-10-04,54.56216812133789,54.863618542574464,54.34684779996635,54.863618542574464,5000
2021-10-05,54.56216812133789,54.56216812133789,54.56216812133789,54.56216812133789,0
2021-10-06,54.30378341674805,54.64829723896121,54.174593197563595,54.64829723896121,5000
2021-10-07,55.33732223510742,55.466515741306935,55.07893850823574,55.07893850823574,13000
2021-10-08,55.12199783325195,55.42344494469171,55.12199783325195,55.42344494469171,3014
2021-10-12,54.21765899658203,54.43297932358551,54.21765899658203,54.43297932358551,2000
2021-10-13,54.260719299316406,54.476039613996235,54.260719299316406,54.476039613996235,3000
2021-10-14,54.260719299316406,54.260719299316406,54.260719299316406,54.260719299316406,0
2021-10-15,55.552642822265625,55.81102983590735,55.294255808623895,55.294255808623895,8077
2021-10-18,55.76795959472656,56.06940671075747,55.76795959472656,55.85408640344192,28040
2021-10-19,56.11247634887695,56.19860316211754,55.552642206231134,55.552642206231134,12000
2021-10-20,56.11247634887695,56.11247634887695,56.11247634887695,56.11247634887695,1039
2021-10-21,56.3708610534668,56.3708610534668,56.3708610534668,56.3708610534668,1000
2021-10-22,56.06940460205078,56.06940460205078,55.681830691880734,55.76795749735696,24016
2021-10-25,55.76795959472656,56.155533519472826,55.55263928741102,55.55263928741102,5020
2021-10-26,56.41392135620117,56.62924166672102,56.41392135620117,56.62924166672102,3000
2021-10-27,56.41392135620117,56.500048166198226,56.15553435515559,56.32779454620411,21030
2021-10-28,56.456993103027344,56.629246738448536,56.456993103027344,56.58618004406574,4000
2021-10-29,56.11247634887695,56.45699017289397,56.11247634887695,56.45699017289397,3000
2021-11-01,56.284725189208984,56.327791877694445,56.11247157737532,56.11247157737532,10000
2021-11-02,56.41392135620117,56.54311485672396,56.41392135620117,56.500048166198226,18000
2021-11-03,56.54310989379883,56.586170009490665,56.32778960217816,56.586170009490665,7138
2021-11-04,56.1985969543457,56.45698393658035,56.1985969543457,56.45698393658035,6000
2021-11-05,56.84456253051758,56.84456253051758,56.84456253051758,56.84456253051758,2000
2021-11-08,57.40439987182617,57.40439987182617,57.05988603813965,57.102952731496025,27000
2021-11-09,58.05036163330078,58.136488450127025,57.53359416128841,57.53359416128841,10000
2021-11-10,58.05036163330078,58.05036163330078,57.66278110100032,57.66278110100032,2000
2021-11-11,57.533592224121094,57.66277915948325,57.36133202521373,57.66277915948325,13000
2021-11-12,57.748905181884766,57.8780921007765,57.70583849488495,57.70583849488495,10000
2021-11-15,58.17954635620117,58.17954635620117,58.050352864948685,58.09341298133023,4000
2021-11-16,58.30874252319336,58.30874252319336,58.1795555825079,58.22261570571806,7000
2021-11-17,58.30874252319336,58.30874252319336,58.30874252319336,58.30874252319336,1045
2021-11-18,58.65324783325195,58.739374638200424,58.65324783325195,58.739374638200424,2000
2021-11-19,59.04083251953125,59.12695933061738,59.04083251953125,59.12695933061738,4000
2021-11-22,58.86857604980469,58.997769560132745,58.782449233270945,58.997769560132745,5000
2021-11-23,58.39487075805664,58.61019106826916,58.39487075805664,58.5671243778049,6000
2021-11-24,58.39487075805664,58.39487075805664,58.39487075805664,58.39487075805664,0
2021-11-25,58.17954635620117,58.17954635620117,58.17954635620117,58.17954635620117,1000
2021-11-26,57.10294723510742,57.44745446457891,57.10294723510742,57.275200849843166,15001
2021-11-29,57.31826400756836,57.36132412307218,57.18907051894931,57.18907051894931,4000
2021-11-30,57.1890754699707,57.79196970764884,57.1890754699707,57.79196970764884,6010
2021-12-01,57.791969299316406,57.791969299316406,57.791969299316406,57.791969299316406,1000
2021-12-02,58.61017990112305,58.69630669458722,58.26566615621322,58.26566615621322,14029
2021-12-03,58.69632339477539,58.69632339477539,58.524063187782694,58.524063187782694,3209
2021-12-06,58.48099899291992,58.48099899291992,58.09341848246069,58.222611985947104,8000
2021-12-07,58.48099899291992,58.48099899291992,57.964231550028835,58.13648517397435,4000
2021-12-08,58.99776840209961,59.256155417684,58.86857489430742,59.256155417684,12032
2021-12-09,58.69632339477539,58.82551690725616,58.56712988229462,58.610196576806544,10000
2021-12-10,58.43793487548828,58.43793487548828,58.43793487548828,58.43793487548828,3000
2021-12-13,58.91163635253906,58.91163635253906,58.48099574553374,58.56712255272397,3100
2021-12-14,58.05036163330078,58.26568196089384,58.05036163330078,58.179555144067606,5000
2021-12-15,58.13648223876953,58.13648223876953,57.9211619341815,57.9211619341815,2000
2021-12-16,58.61017990112305,58.61017990112305,58.43791974314156,58.43791974314156,3000
2021-12-17,58.739376068115234,58.739376068115234,58.739376068115234,58.739376068115234,1000
2021-12-20,58.222618103027344,58.69632547522874,58.09342458596739,58.69632547522874,5000
2021-12-21,58.56713104248047,58.56713104248047,58.22261719272544,58.22261719272544,5000
2021-12-22,58.739376068115234,58.739376068115234,58.739376068115234,58.739376068115234,1000
2021-12-23,58.78245162963867,59.12696548087323,58.78245162963867,58.91164514523353,8000
2021-12-24,59.08388900756836,59.38533611336662,59.08388900756836,59.34227599599777,4001
2021-12-27,59.55760192871094,59.55760192871094,59.34228160834037,59.34228160834037,12000
2021-12-28,59.815982818603516,59.945176326004585,59.77292269683966,59.945176326004585,9001
2021-12-29,60.117435455322266,60.117435455322266,60.07436876327083,60.07436876327083,7000
2021-12-30,60.37581253051758,60.37581253051758,60.11743210576899,60.11743210576899,2000
2022-01-03,60.28969192504883,60.72033258165632,60.28969192504883,60.37581874215934,9345
2022-01-04,61.45242691040039,61.66774726157282,60.84953255553984,60.84953255553984,23000
2022-01-05,61.40935134887695,61.710798450544964,61.40935134887695,61.710798450544964,6000
2022-01-06,60.80645751953125,61.40935836278193,60.7203307050825,61.40935836278193,10000
2022-01-07,60.28969192504883,61.23710005537432,60.28969192504883,61.23710005537432,13000
2022-01-10,60.63420867919922,60.63420867919922,60.246628126988725,60.246628126988725,4000
2022-01-11,60.72032165527344,60.72032165527343,60.24661438982498,60.6341948536611,4000
2022-01-12,61.23710250854492,61.40936272072167,61.15097568798416,61.40936272072167,5014
2022-01-13,61.58160400390625,61.6246706910718,61.409350397351844,61.409350397351844,9100
2022-01-14,61.45242691040039,61.75387408783066,61.366300084142544,61.75387408783066,7000
2022-01-17,62.31370162963867,62.31370162963867,62.18450811858487,62.27064150665736,10138
2022-01-18,62.01224899291992,62.39982292070393,62.01224899291992,62.22756930192312,27068
2022-01-19,60.80645751953125,61.15097134838096,60.80645751953125,61.15097134838096,7082
2022-01-20,60.59112548828125,60.72031897051432,60.59112548828126,60.72031897051432,6000
2022-01-21,59.80023956298828,60.19568297372596,59.668422857917015,59.932049563583426,14000
2022-01-24,60.459327697753906,60.459327697753906,59.66843402380077,59.66843402380077,4000
2022-01-25,59.14117431640625,59.36086663302815,59.14117431640625,59.36086663302815,5000
2022-01-26,59.36085510253906,59.62448180859098,59.27297282937896,59.27297282937896,12000
2022-02-07,59.62449264526367,59.62449264526367,59.2290491620764,59.53661706060843,11146
2022-02-08,60.01994323730469,60.06387767768963,59.756309777085406,60.01994323730469,7015
2022-02-09,59.88812255859375,60.019939280012316,59.88812255859375,60.019939280012316,8040
2022-02-10,60.72294616699219,60.72294616699219,60.50325388223138,60.50325388223138,3030
2022-02-11,60.85476303100586,61.03051417746366,60.635070745695366,60.635070745695366,9078
2022-02-14,59.93205642700195,59.975997568549886,59.624488549597075,59.624488549597075,13000
2022-02-15,59.97600173950195,60.283569638296235,59.93206059489819,60.063877324232124,21115
2022-02-16,60.371437072753906,60.67901163450233,60.371437072753906,60.59112935715909,55100
2022-02-17,60.72294616699219,61.03051402476203,60.72294616699219,61.03051402476203,3000
2022-02-18,60.54720687866211,60.591141321532604,60.06388107574224,60.3714489937468,4000
2022-02-21,60.239627838134766,60.239627838134766,60.1956866988997,60.1956866988997,6000
2022-02-22,59.40480041503906,59.75630945863237,59.31692483026008,59.75630945863237,11009
2022-02-23,59.93205642700195,59.93205642700195,59.53661297097809,59.71236412821605,6000
2022-02-24,58.26240158081055,59.624489840077274,58.174519295812594,59.624489840077274,23068
2022-02-25,58.21845626831055,58.52602413034216,57.9987639805056,58.52602413034216,13000
2022-03-01,59.22904968261719,59.22904968261719,58.3502804193869,58.3502804193869,9338
2022-03-02,58.7457275390625,58.7457275390625,58.70179309587039,58.70179309587039,2040
2022-03-03,58.83359146118164,59.22904159834607,58.83359146118164,59.09722488595793,9292
2022-03-04,58.17452621459961,58.30634295329667,58.17452621459961,58.30634295329667,5000
2022-03-07,56.329105377197266,57.163940154675814,56.153354215873904,57.163940154675814,30000
2022-03-08,55.27457809448242,56.197284985104226,55.27457809448242,56.197284985104226,20065
2022-03-09,55.75790786743164,55.75790786743164,55.27458546524986,55.27458546524986,9000
2022-03-10,57.25181579589844,57.25181579589844,56.81243118764822,56.81243118764822,6000
2022-03-11,56.504859924316406,56.85636222631845,56.504859924316406,56.63666993532885,13000
2022-03-14,56.373046875,56.63667361864627,56.1533545697229,56.63667361864627,9000
2022-03-15,55.27457809448242,55.53820815576892,55.27457809448242,55.450329233848024,18068
2022-03-16,55.27457809448242,55.67002151029312,55.098823602878724,55.67002151029312,11000
2022-03-17,57.163944244384766,57.163944244384766,56.94425192477449,56.94425192477449,6000
2022-03-18,57.12000274658203,57.427570651245055,57.12000274658203,57.12000274658203,8000
2022-03-21,57.55937957763672,57.55937957763672,57.55937957763672,57.55937957763672,5000
2022-03-22,57.60332489013672,57.60332489013672,57.3396914430903,57.3396914430903,4000
2022-03-23,58.04271697998047,58.17452701601552,58.04271697998047,58.17452701601552,2000
2022-03-24,58.04271697998047,58.04271697998047,58.04271697998047,58.04271697998047,1045
2022-03-25,58.04271697998047,58.04271697998047,58.04271697998047,58.04271697998047,2000
2022-03-28,57.42756652832031,57.427566528320305,57.03212306564061,57.03212306564061,9000
2022-03-29,57.47150421142578,57.69119650068622,57.47150421142578,57.69119650068622,2030
2022-03-30,58.21845626831055,58.21845626831055,58.21845626831055,58.21845626831055,1000
2022-03-31,58.26240158081055,58.30633601883248,58.13058485779066,58.13058485779066,3030
2022-04-01,57.69119644165039,57.69119644165039,57.60332086693146,57.64725530205263,7000
2022-04-06,57.295753479003906,57.295753479003906,56.85636884586897,56.85636884586897,4662
2022-04-07,56.504859924316406,56.85636222631845,56.504859924316406,56.85636222631845,15000
2022-04-08,56.373046875,56.373046875,56.1533545697229,56.1533545697229,4035
2022-04-11,55.67002868652344,56.32910560081806,55.67002868652344,56.32910560081806,7000
2022-04-12,55.582149505615234,55.75790400849172,55.582149505615234,55.75790400849172,5000
2022-04-13,56.59273910522461,56.59273910522461,56.416981238549766,56.416981238549766,5191
2022-04-14,56.54879379272461,56.54879379272461,56.54879379272461,56.54879379272461,1085
2022-04-15,55.626094818115234,55.626094818115234,55.362464704257,55.362464704257,4066
2022-04-18,55.31852722167969,55.494281749319605,55.18671048789005,55.494281749319605,12000
2022-04-19,55.582149505615234,55.8457795838108,55.582149505615234,55.8457795838108,5000
2022-04-20,55.582149505615234,55.582149505615234,55.45033279039829,55.45033279039829,3035
2022-04-21,55.713966369628906,55.88971752073646,55.713966369628906,55.88971752073646,4000
2022-04-22,55.27457809448242,55.494270370927524,55.18669917256152,55.494270370927524,3060
2022-04-25,54.17612075805664,55.186703293830185,54.044304041450445,55.186703293830185,29060
2022-04-26,54.35187911987305,54.35187911987305,54.04431120998006,54.08824900393066,6000
2022-04-27,53.03371810913086,54.08824178438435,52.90190474487314,54.08824178438435,15000
2022-04-28,53.34129333496094,53.34129333496094,53.03372209079109,53.03372209079109,5000
2022-04-29,54.000370025634766,54.088245608018724,54.000370025634766,54.088245608018724,2057
2022-05-03,53.517051696777344,53.912495199881945,53.517051696777344,53.912495199881945,8000
2022-05-04,53.82461929321289,53.91249488177567,53.78068149893151,53.91249488177567,4080
2022-05-05,54.30793380737305,54.35187159524077,54.22005823163761,54.30793380737305,7066
2022-05-06,53.385231018066406,53.385231018066406,52.94584640063376,52.94584640063376,5000
2022-05-09,52.50646209716797,53.12160123569967,52.37464537025453,53.12160123569967,18136
2022-05-10,52.067073822021484,52.067073822021484,51.49587251514615,51.62768923280611,10047
2022-05-11,52.55039596557617,52.55039596557617,52.19889030711301,52.19889030711301,2064
2022-05-12,51.53981399536133,51.84738186894275,51.53981399536133,51.84738186894275,2100
2022-05-13,51.53981399536133,51.84738186894275,51.14436719201493,51.36405948806977,19000
2022-05-16,51.891319274902344,52.023135992458194,51.715564768907335,51.97919820401904,7000
2022-05-17,52.50646209716797,52.50646209716797,52.37464537025453,52.4625243056097,3100
2022-05-18,53.03371810913086,53.297351542122996,52.81402581646298,52.81402581646298,10095
2022-05-19,52.19889450073242,52.19889450073242,52.02313998126167,52.02313998126167,4083
2022-05-20,52.81402587890625,52.81402587890625,52.41858243342721,52.462520221565065,4204
2022-05-23,52.682212829589844,52.85796733543082,52.59433390055017,52.59433390055017,8727
2022-05-24,52.28676986694336,52.550399968934,52.28676986694336,52.550399968934,12123
2022-05-25,52.594337463378906,52.594337463378906,51.891322744629974,51.891322744629974,5067
2022-05-26,51.847381591796875,52.286766181557866,51.847381591796875,52.286766181557866,4000
2022-05-27,52.81402587890625,52.81402587890625,52.330703504913146,52.330703504913146,3033
2022-05-30,53.868553161621094,53.868553161621094,53.60492306290697,53.69279864506549,7030
2022-05-31,54.43975067138672,54.43975067138672,53.78067379486203,53.78067379486203,2110
2022-06-01,54.747318267822266,54.747318267822266,54.48368818896847,54.48368818896847,2000
2022-06-02,54.26399612426758,54.26399612426758,54.13217940817159,54.13217940817159,2000
2022-06-06,54.48368835449219,54.48368835449219,53.95642819518276,53.95642819518276,4768
2022-06-07,53.868553161621094,53.868553161621094,53.60492306290697,53.868553161621094,7025
2022-06-08,54.52763366699219,54.6594504011289,54.48369587302622,54.48369587302622,3000
2022-06-09,54.26399612426758,54.26399612426758,54.17612054836248,54.17612054836248,2046
2022-06-10,53.73674011230469,53.73674011230469,53.56098559468964,53.604923386033754,12091
2022-06-13,52.3746452331543,52.41858637683617,52.19889406738126,52.19889406738126,7100
2022-06-14,52.24283218383789,52.37464555898771,51.62769304308952,52.37464555898771,4000
2022-06-15,51.93525695800781,52.19889039258482,51.93525695800781,52.19889039258482,2000
2022-06-16,51.847381591796875,52.638275194262015,51.847381591796875,51.97919830962053,20000
2022-06-17,51.10042953491211,51.62768970590686,51.01255060492071,51.62768970590686,33000
2022-06-20,50.48529052734375,50.96861291035634,50.48529052734375,50.70498282437115,6015
2022-06-21,51.49587631225586,51.49587631225586,51.3201251454012,51.3201251454012,2000
2022-06-22,50.57316970825195,50.792862020930926,50.57316970825195,50.792862020930926,5320
2022-06-23,49.91408920288086,51.84738208673211,49.91408920288086,51.84738208673211,12100
2022-06-24,50.17771911621094,50.573165919858226,50.089843538617494,50.573165919858226,3000
2022-06-27,51.40800094604492,51.53981767398152,50.968616322574455,50.968616322574455,7034
2022-06-28,50.8807373046875,51.40799747637029,50.8807373046875,51.40799747637029,15000
2022-06-29,50.617103576660156,50.661044717580694,50.57316578797801,50.57316578797801,4002
2022-06-30,49.38682556152344,49.56258005720622,49.34288777566229,49.56258005720622,5000
2022-07-01,47.497474670410156,48.33230608227904,47.497474670410156,48.33230608227904,17000
2022-07-04,47.01415252685547,47.54141270962574,46.88233580504365,47.54141270962574,13517
2022-07-05,47.40959548950195,47.40959548950195,46.57476414105428,47.365657703212754,40100
2022-07-06,46.355072021484375,46.97021108842565,46.31113423503962,46.97021108842565,12100
2022-07-07,47.36566162109375,47.36566162109375,46.22325896965068,46.22325896965068,8000
2022-07-08,47.84898376464844,48.20048943443814,47.71716704332825,48.20048943443814,6000
2022-07-11,47.717166900634766,47.717166900634766,47.585353531947234,47.717166900634766,7091
2022-07-12,46.442955017089844,46.61870954319696,46.22326269751565,46.61870954319696,4020
2022-07-13,47.84898376464844,47.98079713373015,47.71716704332825,47.98079713373015,5334
2022-07-14,48.156551361083984,48.156551361083984,47.36566109453694,47.36566109453694,6181
2022-07-15,49.3428955078125,50.70498719638028,48.420185098946504,50.70498719638028,26001
2022-07-18,49.191261291503906,49.50344381037545,49.146660872350026,49.369649357982354,11000
2022-07-19,49.41424560546875,49.41424560546875,49.36964519008015,49.36964519008015,2000
2022-07-20,49.72643280029297,49.77102981736485,49.63723876614921,49.77102981736485,6000
2022-07-21,49.94942092895508,49.94942092895508,49.68183542591396,49.68183542591396,7113
2022-07-22,50.350799560546875,50.350799560546875,50.12781108012154,50.350799560546875,3053
2022-07-25,50.57379150390625,50.57379150390625,50.038617072719994,50.038617072719994,3521
2022-07-26,49.994022369384766,50.39540236072935,49.994022369384766,50.39540236072935,6020
2022-07-27,50.1278076171875,50.1278076171875,49.50343923462241,49.77102471214061,14035
2022-07-28,50.48459243774414,50.662983909059335,50.48459243774414,50.57378987466889,5000
2022-07-29,50.75218200683594,50.885973060163714,50.52919351542196,50.885973060163714,3000
2022-08-01,50.48459243774414,50.48459243774414,50.30620436896326,50.35080138615847,6020
2022-08-02,49.90481948852539,50.4845874599668,49.86022247572743,50.4845874599668,6000
2022-08-03,49.94942092895508,49.94942092895508,49.94942092895508,49.94942092895508,2114
2022-08-04,49.68183135986328,50.12780829594368,49.68183135986328,50.12780829594368,13000
2022-08-05,51.10895919799805,51.10895919799805,50.75217966968607,50.75217966968607,6028
2022-08-08,51.06435775756836,51.15355178128418,50.93056331946073,50.93056331946073,5000
2022-08-09,51.198150634765625,51.198150634765625,50.75217372471552,50.75217372471552,4000
2022-08-10,50.707576751708984,50.707576751708984,50.618382724661515,50.707576751708984,3000
2022-08-11,51.59952926635742,51.59952926635742,51.59952926635742,51.59952926635742,1000
2022-08-12,51.86711883544922,51.86711883544922,51.73332439410604,51.73332439410604,2000
2022-08-15,52.4468879699707,52.4468879699707,52.13470546996958,52.13470546996958,6671
2022-08-16,52.53608703613281,52.53608703613281,52.53608703613281,52.53608703613281,2000
2022-08-17,52.580684661865234,52.580684661865234,52.53608764603504,52.53608764603504,3000
2022-08-18,52.3130989074707,52.3130989074707,51.911718961901535,52.134707442491724,4000
2022-08-19,52.4468879699707,52.4468879699707,52.40229095604683,52.40229095604683,2000
2022-08-22,51.59952926635742,51.68872669357765,51.59952926635742,51.68872669357765,4000
2022-08-23,51.24275207519531,51.28734908954897,51.24275207519531,51.28734908954897,2114
2022-08-24,51.10895919799805,51.24275364769891,51.10895919799805,51.24275364769891,5000
2022-08-25,51.510337829589844,51.55493484417358,51.421143800422385,51.421143800422385,3000
2022-08-26,51.911720275878906,51.911720275878906,51.73332880638452,51.73332880638452,5000
2022-08-29,50.75218200683594,50.75218200683594,50.127813550369915,50.39539905955983,9400
2022-08-30,50.84137725830078,50.84137725830078,50.52919472386885,50.52919472386885,3010
2022-08-31,50.8859748840332,50.8859748840332,50.57379234587804,50.57379234587804,6000
2022-09-01,50.261600494384766,50.261600494384766,50.21700348025502,50.21700348025502,3001
2022-09-02,49.50344467163086,50.1278131227709,49.50344467163086,49.94942165065456,12017
2022-09-05,49.94942092895508,49.94942092895508,49.41424992287284,49.41424992287284,5382
2022-09-06,49.90481948852539,49.90481948852539,49.63723400920367,49.86022247572743,3001
2022-09-07,48.83448028564453,48.83448028564453,48.83448028564453,48.83448028564453,2004
2022-09-08,49.057464599609375,49.14665862877684,48.65608466328757,48.7006816778713,8000
2022-09-12,50.17240905761719,50.17240905761719,49.90482355648341,49.90482355648341,3000
2022-09-13,50.43999481201172,50.43999481201172,50.30620376204019,50.30620376204019,3000
2022-09-14,49.50344467163086,49.50344467163086,49.50344467163086,49.50344467163086,1130
2022-09-15,49.72643280029297,49.72643280029297,49.72643280029297,49.72643280029297,1000
2022-09-16,49.1020622253418,49.19125965815356,49.057465210202984,49.19125965815356,3004
2022-09-19,49.01286315917969,49.146654190849596,48.96826614862305,49.146654190849596,8040
2022-09-20,49.36964416503906,49.36964416503906,49.05746167900441,49.05746167900441,2000
2022-09-21,48.923675537109375,49.36965253709227,48.923675537109375,49.36965253709227,3015
2022-09-22,48.38850021362305,48.38850021362305,48.38850021362305,48.38850021362305,2055
2022-09-23,47.89793395996094,48.16551949889228,47.80873651196067,48.16551949889228,5247
2022-09-26,46.96137619018555,46.96137619018555,46.55999623763449,46.55999623763449,7020
2022-09-27,46.782989501953125,46.782989501953125,46.51540397375778,46.73839248100966,3000
2022-09-28,45.80183410644531,46.64919104194898,45.75723708932076,46.64919104194898,11000
2022-09-29,45.846431732177734,46.024819789804795,45.489648811855425,46.024819789804795,6036
2022-09-30,45.13286590576172,45.266660351558286,44.731489373440205,44.731489373440205,7000
2022-10-03,44.642295837402344,44.90988134981001,44.50850478246571,44.73149327656116,12252
2022-10-04,45.489646911621094,45.75723238941796,45.489646911621094,45.57884093670873,4000
2022-10-05,46.73838424682617,46.82757827299924,46.73838424682617,46.82757827299924,2000
2022-10-06,47.00597381591797,47.05057083288304,47.00597381591797,47.05057083288304,2000
2022-10-07,46.3816032409668,46.55999470316965,46.3816032409668,46.3816032409668,5000
2022-10-11,44.24983215332031,44.49066010716777,44.24983215332031,44.472820621416034,12000
2022-10-12,43.97332763671875,44.00008856807925,43.83061514542141,43.928730621163496,7055
2022-10-13,43.70574188232422,43.97332737660713,43.70574188232422,43.97332737660713,5030
2022-10-14,44.82068634033203,44.82068634033203,44.68689188576507,44.68689188576507,6000
2022-10-17,43.38463592529297,44.080358858816886,42.81378598983396,43.88413132008661,91000
2022-10-18,43.70574188232422,44.02684583647738,43.393559372749856,44.02684583647738,7010
2022-10-19,43.5095100402832,43.964408433521854,43.5095100402832,43.964408433521854,11000
2022-10-20,42.635398864746094,42.635398864746094,42.3588953130997,42.36781335563841,8000
2022-10-21,42.73351287841797,43.188407888032295,42.73351287841797,43.188407888032295,3002
2022-10-24,42.92081832885742,42.92973977278048,42.75134832219237,42.76918780750457,5194
2022-10-25,42.1002311706543,42.733517719469816,41.921839682985734,42.733517719469816,4095
2022-10-26,42.358890533447266,42.358890533447266,42.04670463926914,42.04670463926914,2000
2022-10-27,42.89406204223633,43.03677452632589,42.89406204223633,43.03677452632589,3000
2022-10-28,42.43916702270508,42.74242807389383,42.43916702270508,42.74242807389383,3000
2022-10-31,43.02785873413086,43.02785873413086,42.39456886300004,42.421329794407995,6000
2022-11-01,43.259765625,43.259765625,43.259765625,43.259765625,1000
2022-11-02,43.170570373535156,43.2151673882892,43.170570373535156,43.2151673882892,31000
2022-11-03,42.902984619140625,42.92974555197844,42.81379058310624,42.92974555197844,3245
2022-11-04,42.831626892089844,42.84946637847965,42.79594791931024,42.79594791931024,3001
2022-11-07,43.5095100402832,43.70574098658491,43.23300650962255,43.580867985314406,12000
2022-11-08,44.267677307128906,44.267677307128906,44.062528298517535,44.062528298517535,7190
2022-11-09,45.355857849121094,45.355857849121094,44.731492794411224,44.731492794411224,6170
2022-11-10,44.9544792175293,45.132867280646835,44.53525978362783,44.53525978362783,7000
2022-11-11,46.96137619018555,47.27355870742845,46.73838770571655,47.27355870742845,11000
2022-11-14,47.80873107910156,47.80873107910156,47.36275409738407,47.585742588242816,8000
2022-11-15,49.50344467163086,49.6372391263517,48.56689369618795,48.56689369618795,10000
2022-11-16,49.59263610839844,50.12781049671114,49.59263610839844,50.12781049671114,7042
2022-11-17,49.057464599609375,49.458844535931185,48.611487648703836,49.458844535931185,15000
2022-11-18,49.057464599609375,49.77102704055142,49.057464599609375,49.77102704055142,6001
2022-11-21,49.23585891723633,49.23585891723633,48.92367299196836,49.23585891723633,5000
2022-11-22,49.36964416503906,49.36964416503906,48.78987620489844,48.83447321682712,7184
2022-11-23,49.63724136352539,49.904826882492955,49.458849883368856,49.904826882492955,14182
2022-11-24,50.1278076171875,50.1278076171875,49.99401317716143,49.99401317716143,4000
2022-11-25,50.350799560546875,50.350799560546875,49.99401663085267,50.12781108012154,3100
2022-11-28,49.45884704589844,49.72643254951453,49.414250029051466,49.72643254951453,6000
2022-11-29,49.72643280029297,49.72643280029297,48.923672882861965,48.923672882861965,3000
2022-11-30,50.1278076171875,50.1278076171875,49.72642769964323,49.72642769964323,2000
2022-12-01,50.75218200683594,51.019767516025844,50.662984568749735,51.019767516025844,10000
2022-12-02,50.48459243774414,50.48459243774414,50.17240991484328,50.35080138615847,3050
2022-12-05,50.75218200683594,50.75218200683594,50.75218200683594,50.75218200683594,2206
2022-12-06,50.17240905761719,50.3062035094512,50.17240905761719,50.3062035094512,9000
2022-12-07,49.50344467163086,49.77103017853821,49.50344467163086,49.72643316114271,5025
2022-12-08,49.14665985107422,49.14665985107422,48.87907435438276,48.87907435438276,3000
2022-12-09,49.68183135986328,49.815622399167005,49.63723434676204,49.77102538606576,4000
2022-12-12,49.23585891723633,49.325052951578996,48.968273411674005,49.325052951578996,4000
2022-12-13,49.1020622253418,49.3696477187088,49.1020622253418,49.3696477187088,2071
2022-12-14,49.68183135986328,49.68183135986328,49.68183135986328,49.68183135986328,1000
2022-12-15,49.860225677490234,49.860225677490234,49.63723719664732,49.63723719664732,2000
2022-12-16,49.057464599609375,49.057464599609375,48.74528209498914,48.83447612415661,3000
2022-12-19,48.65608596801758,48.70068298379719,48.61148895223796,48.61148895223796,3000
2022-12-20,47.89793395996094,48.52230248582389,47.89793395996094,48.52230248582389,3000
2022-12-21,48.031715393066406,48.165509836960474,48.031715393066406,48.165509836960474,2000
2022-12-22,48.65608596801758,48.70068298379719,48.65608596801758,48.70068298379719,3066
2022-12-23,48.07631301879883,48.07631301879883,47.808724146542886,47.808724146542886,2006
2022-12-26,48.031715393066406,48.031715393066406,47.719532894025654,47.764129907812325,5001
2022-12-27,48.29930877685547,48.47769684860763,48.29930877685547,48.47769684860763,2000
2022-12-28,47.541141510009766,47.63033894025537,47.49654449615399,47.49654449615399,6000
2022-12-29,47.13976287841797,47.27355732620391,46.738386340128464,47.27355732620391,5020
2022-12-30,47.45195007324219,47.58574112211469,47.45195007324219,47.45195007324219,3002
2023-01-03,47.49654769897461,47.71953618582426,46.916776272151814,46.916776272151814,3203
2023-01-04,47.67493438720703,47.764128411987095,47.541139947503,47.764128411987095,5066
2023-01-05,48.07631301879883,48.07631301879883,48.07631301879883,48.07631301879883,3000
2023-01-06,48.43309783935547,48.477694855459916,48.210109356299014,48.210109356299014,3000
2023-01-09,49.41424560546875,49.503439631178004,49.057462697563786,49.19125713866164,7000
2023-01-10,50.17240905761719,50.17240905761719,49.68183507178289,49.68183507178289,4088
2023-01-11,50.03861618041992,50.03861618041992,50.03861618041992,50.03861618041992,1035
2023-01-12,50.08321762084961,50.08321762084961,49.860229124590326,49.860229124590326,4000
2023-01-13,50.66298294067383,51.10895990917014,50.395397440082895,51.10895990917014,7090
2023-01-16,50.84137725830078,50.84137725830078,50.66298578039635,50.752183220615784,9038
2023-01-17,50.84137725830078,50.84137725830078,50.57379174271135,50.84137725830078,7000
2023-01-30,52.69198226928711,53.330121166798435,52.41849516394718,52.41849516394718,16000
2023-01-31,51.78034973144531,52.555233822620195,51.78034973144531,52.555233822620195,4000
2023-02-01,52.14500045776367,52.327326327272885,52.14500045776367,52.327326327272885,4000
2023-02-02,53.05662536621094,53.10220596336802,52.78313830569175,53.10220596336802,7001
2023-02-03,52.73755645751953,53.1477888044065,52.73755645751953,52.87430173234079,17000
2023-02-06,52.646392822265625,52.646392822265625,52.19057989739753,52.32732516588861,7000
2023-02-07,52.509647369384766,52.509647369384766,52.41848617576192,52.509647369384766,4031
2023-02-08,53.193363189697266,53.193363189697266,52.874295555822,52.874295555822,3000
2023-02-09,53.28453826904297,53.28453826904297,53.1477929834693,53.1477929834693,2000
2023-02-10,53.28453826904297,53.28453826904297,53.0110511754727,53.0110511754727,2188
2023-02-13,53.102203369140625,53.102203369140625,52.600809869754166,52.64639046468448,5369
2023-02-14,53.558021545410156,53.60360214482705,53.421276269582634,53.60360214482705,4000
2023-02-15,52.555233001708984,52.82872006826135,52.555233001708984,52.82872006826135,2900
2023-02-16,53.011043548583984,53.011043548583984,53.011043548583984,53.011043548583984,3000
2023-02-17,52.37290573120117,52.37290573120117,52.37290573120117,52.37290573120117,2101
2023-02-20,52.6008186340332,52.691979839083,52.236166858679894,52.236166858679894,4000
2023-02-21,52.555233001708984,52.555233001708984,52.50964892596965,52.555233001708984,4000
2023-02-22,51.73476791381836,52.05383557600066,51.73476791381836,52.05383557600066,5014
2023-02-23,52.78313446044922,52.78313446044922,52.32732156693092,52.32732156693092,3528
2023-02-24,52.555233001708984,52.555233001708984,52.555233001708984,52.555233001708984,1000
2023-03-01,52.69198226928711,52.73756287391423,52.145008058607246,52.281749872488604,7030
2023-03-02,52.73755645751953,52.73755645751953,52.5096499845353,52.5096499845353,5154
2023-03-03,52.646392822265625,53.2845316125963,52.37290576286009,53.2845316125963,8161
2023-03-06,53.28453826904297,53.28453826904297,52.69198000165982,52.69198000165982,4000
2023-03-07,53.28453826904297,53.28453826904297,52.965467095230096,52.965467095230096,7000
2023-03-08,53.102203369140625,53.23894863150806,53.102203369140625,53.23894863150806,3000
2023-03-09,53.330116271972656,53.330116271972656,53.193370993065045,53.193370993065045,3000
2023-03-10,52.19057846069336,52.19057846069336,51.962672004533125,51.962672004533125,5200
2023-03-13,52.00825881958008,52.190584701826744,51.64361053266371,51.68919113383114,8000
2023-03-14,51.78034973144531,51.78034973144531,51.27895618867144,51.32453678754601,11004
2023-03-15,51.461280822753906,52.09941962436432,51.461280822753906,51.78034848477077,4001
2023-03-16,51.278953552246094,51.32453414877722,51.278953552246094,51.32453414877722,2000
2023-03-17,52.19057846069336,52.19057846069336,52.09941726925988,52.09941726925988,2165
2023-03-20,51.871517181396484,52.19058486816232,51.871517181396484,52.19058486816232,3000
2023-03-21,52.00825881958008,52.190584701826744,51.8715170160778,51.917097617245226,6000
2023-03-22,53.14778518676758,53.14778518676758,53.14778518676758,53.14778518676758,1426
2023-03-23,53.558021545410156,53.558021545410156,53.147789195504416,53.147789195504416,6172
2023-03-24,53.69476318359375,53.69476318359375,53.55801791703027,53.55801791703027,3000
2023-03-27,53.558021545410156,53.558021545410156,53.19336979492131,53.19336979492131,3000
2023-03-28,53.05662536621094,53.10220596336802,53.011044769053846,53.011044769053846,3001
2023-03-29,53.193363189697266,53.193363189697266,53.147782595940285,53.147782595940285,2000
2023-03-30,53.603599548339844,53.603599548339844,53.603599548339844,53.603599548339844,1000
2023-03-31,53.558021545410156,53.558021545410156,53.558021545410156,53.558021545410156,2164
2023-04-06,53.28453826904297,53.3301188717085,53.0110511754727,53.1477929834693,6117
2023-04-07,53.330116271972656,53.4212774728598,53.330116271972656,53.4212774728598,2051
2023-04-10,53.4212760925293,53.46686016937194,53.4212760925293,53.46686016937194,3085
2023-04-11,53.375694274902344,53.46685894892988,53.375694274902344,53.46685894892988,2000
2023-04-12,53.238948822021484,53.33011001220834,53.238948822021484,53.33011001220834,4000
2023-04-13,52.8287239074707,53.10221099389813,52.8287239074707,53.10221099389813,3250
2023-04-14,53.102203369140625,53.375690416299015,52.91987751184287,52.96545810677319,5000
2023-04-17,53.05662536621094,53.05662536621094,52.78313830569175,52.82871890284884,7030
2023-04-18,52.96546173095703,53.14778760073051,52.96546173095703,53.14778760073051,3000
2023-04-19,52.509647369384766,52.96546029265227,52.509647369384766,52.96546029265227,3000
2023-04-20,52.6008186340332,52.6008186340332,52.236166858679894,52.236166858679894,6000
2023-04-21,52.37290573120117,52.600812193497454,52.37290573120117,52.509647522032964,17000
2023-04-24,52.23616027832031,52.23616027832031,51.91709262326296,52.00825381682888,4025
2023-04-25,51.051048278808594,51.78034827299052,51.051048278808594,51.78034827299052,30001
2023-04-26,51.18779373168945,51.18779373168945,50.777561396756546,51.05104846085292,25022
2023-04-27,51.32453918457031,51.32453918457031,51.1877973815603,51.1877973815603,4000
2023-04-28,51.78034973144531,51.825930330319885,51.461282061746516,51.461282061746516,4000
2023-05-02,51.78034973144531,51.91709500564581,51.78034973144531,51.78034973144531,3000
2023-05-03,51.73476791381836,51.78034851161916,51.73476791381836,51.78034851161916,2251
2023-05-04,51.73476791381836,51.73476791381836,51.73476791381836,51.73476791381836,1000
2023-05-05,51.91709518432617,51.91709518432617,51.91709518432617,51.91709518432617,1069
2023-05-08,52.23616027832031,52.327324949462856,52.14499908475439,52.19057968153735,6045
2023-05-09,52.37290573120117,52.37290573120117,52.14499926890489,52.37290573120117,6000
2023-05-10,51.962677001953125,51.962677001953125,51.962677001953125,51.962677001953125,1128
2023-05-11,51.825927734375,51.825927734375,51.825927734375,51.825927734375,1000
2023-05-12,51.32453918457031,51.50686506616061,51.32453918457031,51.50686506616061,2000
2023-05-15,51.41570281982422,51.50686401997927,51.41570281982422,51.50686401997927,2001
2023-05-16,52.281742095947266,52.281742095947266,52.281742095947266,52.281742095947266,1000
2023-05-17,53.102203369140625,53.102203369140625,52.41848401245641,52.41848401245641,2000
2023-05-18,53.922664642333984,54.2417322646248,53.69475820424733,53.69475820424733,69030
2023-05-19,54.01383590698242,54.01383590698242,53.740348825753586,53.92267470576511,15000
2023-05-22,53.78592300415039,53.78592300415039,53.694761813818026,53.740342408984205,4100
2023-05-23,53.8770866394043,53.8770866394043,53.78592544493507,53.78592544493507,4239
2023-05-24,53.5124397277832,53.69476559887698,53.5124397277832,53.69476559887698,3050
2023-05-25,54.28731918334961,54.28731918334961,54.15057739110754,54.15057739110754,5000
2023-05-26,55.5635986328125,55.5635986328125,55.29011156161433,55.29011156161433,9791
2023-05-29,55.60918045043945,55.92824812756697,55.60918045043945,55.60918045043945,8110
2023-05-30,55.74592590332031,55.928248303637524,55.70034182566414,55.928248303637524,11003
2023-05-31,55.15336608886719,55.15336608886719,55.15336608886719,55.15336608886719,7000
2023-06-01,55.107784271240234,55.107784271240234,54.78871313173303,54.78871313173303,3000
2023-06-02,55.88266372680664,55.88266372680664,55.60917666821599,55.65475726505166,12280
2023-06-05,55.60918045043945,55.88266752763116,55.60918045043945,55.88266752763116,9001
2023-06-06,55.88266372680664,55.88266372680664,55.60917666821599,55.60917666821599,3001
2023-06-07,56.33848190307617,56.33848190307617,55.928249538153565,55.928249538153565,12000
2023-06-08,55.74592590332031,56.20173885926708,55.74592590332031,56.019412981373,8000
2023-06-09,56.38405990600586,56.38405990600586,56.15615343350369,56.15615343350369,9100
2023-06-12,56.74870681762695,56.74870681762695,56.38405510166381,56.38405510166381,3080
2023-06-13,57.888240814208984,57.888240814208984,57.52358908734081,57.56917316138178,19272
2023-06-14,57.888240814208984,57.888240814208984,57.61475375784615,57.7059149507749,6070
2023-06-15,58.20730972290039,58.20730972290039,57.93382266063688,57.93382266063688,2000
2023-06-16,57.93382263183594,58.0249873042629,57.75149676455868,57.75149676455868,5000
2023-06-19,57.797080993652344,57.93382278629235,57.751496918529,57.751496918529,10000
2023-06-20,57.84266662597656,57.97940843051893,57.79708602446244,57.79708602446244,6000
2023-06-21,57.523590087890625,57.70591595449604,57.523590087890625,57.523590087890625,8000
2023-06-26,57.34126663208008,57.34126663208008,57.34126663208008,57.34126663208008,4232
2023-06-27,56.97661590576172,57.02219650297099,56.97661590576172,57.02219650297099,4035
2023-06-28,56.83987045288086,57.02219631870545,56.83987045288086,57.02219631870545,8015
2023-06-29,57.06777572631836,57.34126625814327,57.0221951302064,57.34126625814327,3000
2023-06-30,57.02220153808594,57.02220153808594,57.02220153808594,57.02220153808594,1000
2023-07-03,57.523590087890625,57.614754759981665,57.386848296119055,57.386848296119055,19229
2023-07-04,58.0705680847168,58.0705680847168,57.79708102172726,57.79708102172726,5018
2023-07-05,57.84266662597656,58.02499250961004,57.75150194537133,58.02499250961004,6000
2023-07-06,56.74870681762695,57.34126498667293,56.74870681762695,57.20451972379263,29000
2023-07-07,56.65755081176758,56.65755081176758,56.3384796617097,56.3384796617097,2000
2023-07-10,56.65755081176758,56.83987320885573,56.42964433783059,56.65755081176758,5000
2023-07-11,57.295684814453125,57.34126889023407,57.295684814453125,57.34126889023407,2005
2023-07-12,57.523590087890625,57.523590087890625,57.523590087890625,57.523590087890625,3000
2023-07-13,58.25289535522461,58.891030691706796,58.207311278981514,58.207311278981514,8250
2023-07-14,58.845458984375,58.845458984375,58.52638433162564,58.52638433162564,2021
2023-07-17,58.845458984375,59.16452668197019,58.70871369821872,58.845458984375,15000
2023-07-18,58.937904357910156,58.984129459899854,58.70677532121247,58.70677532121247,4001
2023-07-19,58.521873474121094,58.93790646036767,58.521873474121094,58.93790646036767,4000
2023-07-20,58.521873474121094,58.84545625309036,58.521873474121094,58.84545625309036,3037
2023-07-21,57.8284797668457,57.920933490364604,57.412446827882995,57.920933490364604,3000
2023-07-24,57.87470626831055,57.87470626831055,57.59735214452772,57.59735214452772,5250
2023-07-25,58.799224853515625,58.799224853515625,58.10583775134327,58.10583775134327,4697
2023-07-26,58.61431884765625,58.61431884765625,58.61431884765625,58.61431884765625,3037
2023-07-27,58.75299072265625,58.75299072265625,58.568086818477234,58.614315439583464,3000
2023-07-28,58.799224853515625,58.799224853515625,58.75299975205397,58.75299975205397,4000
2023-07-31,58.290740966796875,58.799224130117636,58.290740966796875,58.799224130117636,5362
2023-08-01,58.66054916381836,58.66054916381836,58.66054916381836,58.66054916381836,1000
2023-08-02,57.64357376098633,57.736027481160214,57.27376946053723,57.736027481160214,5078
2023-08-04,57.41244888305664,57.41244888305664,57.41244888305664,57.41244888305664,1000
2023-08-07,57.96715545654297,57.96715545654297,57.5973476359475,57.5973476359475,4410
2023-08-08,57.458675384521484,57.458675384521484,57.088867544384605,57.31999656278292,4095
2023-08-09,57.36622619628906,57.45867992700683,57.320001094304786,57.45867992700683,4060
2023-08-10,56.48793029785156,56.90396323346072,56.48793029785156,56.90396323346072,4000
2023-08-11,56.81151580810547,56.81151580810547,56.53416167975591,56.53416167975591,6387
2023-08-14,55.88699722290039,55.88699722290039,55.702093303265904,55.74831840148729,3000
2023-08-15,56.16435241699219,56.21057751610082,56.16435241699219,56.21057751610082,2195
2023-08-16,55.84077072143555,55.84077072143555,55.84077072143555,55.84077072143555,1213
2023-08-17,56.02566909790039,56.02566909790039,55.748314998752114,55.748314998752114,19000
2023-08-18,55.6558723449707,56.21058061838685,55.6558723449707,56.21058061838685,2000
2023-08-21,55.563419342041016,55.563419342041016,55.28606520170331,55.47096913751153,3045
2023-08-22,55.97944641113281,56.02567150852167,55.886996216355094,55.93322131374396,5000
2023-08-23,56.39548110961914,56.44170620845756,56.2105771875165,56.2105771875165,3000
2023-08-24,57.18131637573242,57.18131637573242,56.90396226562658,56.90396226562658,2000
2023-08-25,56.30303192138672,56.30303192138672,55.933224070551226,55.933224070551226,2000
2023-08-28,56.39548110961914,56.39548110961914,56.30303091194231,56.30303091194231,2000
2023-08-29,56.441707611083984,56.441707611083984,56.30303231112253,56.30303231112253,4000
2023-08-30,56.90396499633789,56.90396499633789,56.67283597236678,56.67283597236678,2000
2023-08-31,56.39548110961914,56.58038503172178,56.39548110961914,56.58038503172178,3600
2023-09-01,56.626609802246094,56.626609802246094,56.21057686161449,56.21057686161449,4028
2023-09-04,56.765289306640625,56.765289306640625,56.53416028426302,56.53416028426302,5000
2023-09-05,56.719058990478516,56.719058990478516,56.719058990478516,56.719058990478516,1086
2023-09-06,56.765289306640625,56.765289306640625,56.765289306640625,56.765289306640625,1005
2023-09-07,56.210575103759766,56.44170411613275,56.210575103759766,56.39547901900792,3000
2023-09-08,56.071903228759766,56.21057852858352,55.609645175849124,56.21057852858352,5000
2023-09-11,55.6558723449707,55.6558723449707,55.6558723449707,55.6558723449707,2000
2023-09-12,56.071903228759766,56.071903228759766,55.65587027579038,55.65587027579038,2000
2023-09-13,56.071903228759766,56.25680362852477,56.071903228759766,56.25680362852477,2065
2023-09-14,56.071903228759766,56.071903228759766,56.071903228759766,56.071903228759766,0
2023-09-15,57.18131637573242,57.18131637573242,56.71905834997307,56.71905834997307,9186
2023-09-18,56.256797790527344,56.672830700323296,56.256797790527344,56.53415541489044,5000
2023-09-19,56.441707611083984,56.53416133780735,56.25680368438631,56.25680368438631,5000
2023-09-20,56.210575103759766,56.34925392188309,56.210575103759766,56.34925392188309,2000
2023-09-21,55.239837646484375,55.424741574081835,55.239837646484375,55.424741574081835,14180
2023-09-22,54.916255950927734,55.23983516462345,54.73135203163779,54.73135203163779,6000
2023-09-25,55.609642028808594,55.609642028808594,55.10115537798374,55.10115537798374,4084
2023-09-26,55.054931640625,55.609643402477644,55.054931640625,55.609643402477644,6000
2023-09-27,54.87002944946289,54.962483176060196,54.87002944946289,54.962483176060196,2000
2023-09-28,55.14738845825195,55.239838660373,55.14738845825195,55.239838660373,2332
2023-10-02,55.933223724365234,55.933223724365234,55.88699862498416,55.88699862498416,2000
2023-10-03,55.7945442199707,55.7945442199707,55.51719010031302,55.51719010031302,3020
2023-10-04,55.7945442199707,55.7945442199707,55.7945442199707,55.7945442199707,0
2023-10-05,55.609642028808594,55.609642028808594,55.193609099383195,55.193609099383195,2000
2023-10-06,55.7945442199707,55.7945442199707,55.4709650014949,55.51719010031302,3000
2023-10-11,56.39548110961914,56.39548110961914,56.16435208867808,56.39548110961914,4081
2023-10-12,57.042640686035156,57.042640686035156,56.48792894294516,56.48792894294516,6001
2023-10-13,56.996421813964844,57.13509711982107,56.996421813964844,57.04264691591692,3482
2023-10-16,56.580387115478516,56.580387115478516,56.580387115478516,56.580387115478516,1040
2023-10-17,56.85773849487305,56.90396359317763,56.85773849487305,56.90396359317763,2000
2023-10-18,55.6558723449707,56.256805720046664,55.6558723449707,56.256805720046664,5123
2023-10-19,56.11812210083008,56.11812210083008,55.84076800521368,55.84076800521368,4000
2023-10-20,56.16435241699219,56.16435241699219,55.794544570625156,55.84077319648278,3000
2023-10-23,55.517189025878906,55.65586784639836,55.517189025878906,55.65586784639836,2015
2023-10-24,55.28606414794922,55.42474297884947,55.28606414794922,55.42474297884947,2000
2023-10-25,55.74831771850586,56.025671831185214,55.74831771850586,56.025671831185214,2181
2023-10-26,54.685123443603516,54.96247754146377,54.3615407238093,54.96247754146377,4000
2023-10-27,54.87002944946289,55.00870827598432,54.87002944946289,55.00870827598432,2000
2023-10-30,54.77758026123047,55.00870929186858,54.454001029036775,55.00870929186858,4000
2023-10-31,54.54644775390625,54.91625559005602,54.54644775390625,54.91625559005602,2000
2023-11-01,54.63890075683594,54.63890075683594,54.54645055642299,54.54645055642299,2100
2023-11-02,55.239837646484375,55.332287846908564,55.239837646484375,55.332287846908564,2000
2023-11-03,56.02566909790039,56.02566909790039,55.84076871630068,55.88699381170061,6002
2023-11-06,56.85773849487305,56.85773849487305,56.39548045832937,56.39548045832937,8348
2023-11-07,56.719058990478516,56.719058990478516,56.719058990478516,56.719058990478516,2068
2023-11-08,56.95018768310547,57.042641404826554,56.30302926480224,56.30302926480224,4000
2023-11-09,56.996421813964844,56.996421813964844,56.95019318526356,56.95019318526356,2005
2023-11-10,56.85773849487305,56.85773849487305,56.53415927999204,56.53415927999204,3235
2023-11-13,57.41244888305664,57.41244888305664,57.41244888305664,57.41244888305664,2001
2023-11-14,57.92093276977539,57.92093276977539,57.92093276977539,57.92093276977539,2010
2023-11-15,58.47563934326172,58.614318159518376,58.29073543050244,58.38318915025648,5000
2023-11-16,58.521873474121094,58.521873474121094,58.521873474121094,58.521873474121094,2040
2023-11-17,58.61431884765625,58.66054394470156,58.5680902238621,58.5680902238621,6000
2023-11-20,58.521873474121094,58.61432720814774,58.290744429178474,58.61432720814774,3000
2023-11-21,59.21525955200195,59.21525955200195,58.79922307121031,58.79922307121031,23000
2023-11-22,58.84545135498047,58.84545135498047,58.84545135498047,58.84545135498047,1190
2023-11-23,58.84545135498047,58.84545135498047,58.84545135498047,58.84545135498047,1000
2023-11-24,58.84545135498047,58.84545135498047,58.614322329276305,58.614322329276305,5184
2023-11-27,58.521873474121094,58.84545625309036,58.521873474121094,58.84545625309036,4010
2023-11-28,58.75299072265625,58.75299072265625,58.52186172411964,58.52186172411964,3000
2023-11-29,59.07658004760742,59.261480445729035,59.07658004760742,59.261480445729035,2000
2023-11-30,59.03034973144531,59.07657835640134,59.03034973144531,59.07657835640134,2000
2023-12-01,59.07658004760742,59.07658004760742,58.84545102320637,58.98412632179758,3001
2023-12-04,59.07658004760742,59.07658004760742,58.93790122226718,58.93790122226718,2064
2023-12-05,58.568092346191406,58.568092346191406,58.568092346191406,58.568092346191406,1040
2023-12-06,58.84545135498047,58.89167645477149,58.84545135498047,58.89167645477149,2015
2023-12-07,58.521873474121094,58.521873474121094,58.521873474121094,58.521873474121094,1005
2023-12-08,58.89167404174805,59.16902815587895,58.89167404174805,58.93789913964505,9310
2023-12-11,58.98412322998047,58.98412322998047,58.98412322998047,58.98412322998047,2078
2023-12-12,59.169029235839844,59.35392963080267,59.12280413709914,59.35392963080267,3030
2023-12-13,59.307708740234375,59.35393031275718,59.307708740234375,59.35393031275718,9000
2023-12-14,59.677513122558594,59.677513122558594,59.677513122558594,59.677513122558594,2000
2023-12-15,60.18598937988281,60.18598937988281,60.093539191825606,60.093539191825606,2000
2023-12-18,60.18598937988281,60.18598937988281,59.76996000687676,59.90863881571118,5000
2023-12-19,59.8624153137207,59.8624153137207,59.8624153137207,59.8624153137207,1140
2023-12-20,60.23222351074219,60.27844508225056,60.23222351074219,60.23222351074219,3000
2023-12-21,59.8624153137207,59.8624153137207,59.63128629706541,59.76996511775815,3030
2023-12-22,59.8624153137207,59.8624153137207,59.76996511775815,59.8624153137207,6000
2023-12-25,60.13977813720703,60.13977813720703,59.862420471922306,59.862420471922306,7033
2023-12-26,60.4171257019043,60.55580452755251,60.4171257019043,60.55580452755251,2015
2023-12-27,60.971832275390625,60.971832275390625,60.78693188193977,60.78693188193977,10000
2023-12-28,61.018062591552734,61.387870442201155,61.018062591552734,61.387870442201155,9175
2023-12-29,61.202964782714844,61.24919341046167,61.018064378724084,61.24919341046167,3000
2024-01-02,60.92560958862305,60.92560958862305,60.602030379257755,60.602030379257755,2003
2024-01-03,59.8624153137207,60.64825255964913,59.81618668899051,60.64825255964913,8000
2024-01-04,59.8624153137207,60.00109413441344,59.8624153137207,60.00109413441344,12114
2024-01-05,59.769962310791016,59.908641124971005,59.769962310791016,59.908641124971005,6000
2024-01-08,60.13977813720703,60.2322283411358,59.67752006406478,59.67752006406478,4082
2024-01-09,60.278446197509766,60.278446197509766,60.09354580105955,60.278446197509766,25000
2024-01-10,59.90864181518555,59.90864181518555,59.90864181518555,59.90864181518555,3010
2024-01-11,60.23222351074219,60.23222351074219,59.81618704617963,59.90864429619211,8000
2024-01-12,60.093544006347656,60.093544006347656,60.04731538186674,60.04731538186674,12000
2024-01-15,60.093544006347656,60.093544006347656,60.093544006347656,60.093544006347656,0
2024-01-16,59.63128662109375,60.139773281897575,59.400157603182535,60.139773281897575,7100
2024-01-17,59.013099670410156,59.53618041488047,58.96554753509383,59.53618041488047,24000
2024-01-18,59.15576171875,59.15576171875,58.775337367274304,59.15576171875,34000
2024-01-19,60.86766052246094,60.86766052246094,59.86905119261337,59.86905119261337,37060
2024-01-22,61.53340148925781,61.67606152869015,61.53340148925781,61.67606152869015,5000
2024-01-23,61.62850570678711,61.62850570678711,61.485845684282616,61.485845684282616,9021
2024-01-24,61.58095169067383,61.77116022207127,61.58095169067383,61.628507451518374,3000
2024-01-25,62.294246673583984,62.294246673583984,61.913822341936495,61.96137810438891,14080
2024-01-26,62.34180450439453,62.34180450439453,62.1040401962252,62.294248740364324,5000
2024-01-29,62.484458923339844,62.484458923339844,62.29425037421195,62.29425037421195,22000
2024-01-30,62.579566955566406,62.6271154621948,62.29424689183351,62.6271154621948,7035
2024-01-31,61.81871795654297,61.81871795654297,61.81871795654297,61.81871795654297,2070
2024-02-01,61.58095169067383,61.58095169067383,61.58095169067383,61.58095169067383,1000
2024-02-02,62.199134826660156,62.199134826660156,61.7236062840343,61.7236062840343,3075
2024-02-05,62.43690490722656,62.43690490722656,62.00892482544934,62.15158485270842,14000
2024-02-15,65.05230712890625,65.14741138776341,63.57816572065581,63.57816572065581,12000
2024-02-16,64.76699829101562,65.05231837289318,64.43412969948588,65.05231837289318,17000
2024-02-19,64.6718978881836,64.6718978881836,64.62434211969273,64.62434211969273,3050
2024-02-20,64.86209869384766,64.86209869384766,64.67189015461271,64.67189015461271,8080
2024-02-21,64.71944427490234,64.81454854210617,64.71944427490234,64.76699278050901,5040
2024-02-22,65.14741516113281,65.14741516113281,64.71944234349228,64.71944234349228,12191
2024-02-23,65.90827178955078,65.90827178955078,65.33763162209853,65.33763162209853,29000
2024-02-26,65.90827178955078,65.90827178955078,65.4802916639616,65.81316025764798,13030
2024-02-27,65.6229476928711,65.90826775914942,65.6229476928711,65.90826775914942,6000
2024-02-29,65.4327392578125,65.57539203519018,65.24252346132442,65.57539203519018,13050
2024-03-01,65.52783203125,66.0984648086157,65.48027627647393,66.0984648086157,5001
2024-03-04,67.28729248046875,67.28729248046875,66.19357532110763,66.19357532110763,20033
2024-03-05,67.85792541503906,67.85792541503906,67.62016113029402,67.62016113029402,8067
2024-03-06,68.09569549560547,68.14325125899815,67.00197824149078,67.09708976827612,12000
2024-03-07,69.28451538085938,69.28451538085938,68.57122248279427,68.57122248279427,19500
2024-03-08,70.37823486328125,70.94886774881239,69.56983767077956,70.66355493404222,11000
2024-03-11,69.37960815429688,70.04535243578201,69.37960815429688,69.37960815429688,9000
2024-03-12,70.18801879882812,70.18801879882812,69.28451017556459,69.28451017556459,10490
2024-03-13,70.52088928222656,70.75865357026105,70.52088928222656,70.75865357026105,4013
2024-03-14,70.37823486328125,70.42579062707169,70.1404705563107,70.1404705563107,3027
2024-03-15,69.95025634765625,69.95025634765625,69.85514482777874,69.85514482777874,5000
2024-03-18,69.95025634765625,69.95025634765625,69.66493630000417,69.66493630000417,19000
2024-03-19,69.997802734375,69.997802734375,69.80759421235368,69.80759421235368,2018
2024-03-20,69.52227783203125,70.0929106841155,69.52227783203125,69.99780641809986,3000
2024-03-21,71.09152221679688,71.09152221679688,70.56843788002969,70.56843788002969,48058
2024-03-22,71.23418426513672,71.47194856024332,70.85375994176806,71.04396847545716,13036
2024-03-25,71.42439270019531,71.42439270019531,71.23418416676887,71.23418416676887,4227
2024-03-26,71.32929229736328,71.61461236894907,70.94886795391251,71.42439656922826,4134
2024-03-27,71.3768539428711,71.3768539428711,71.23419389532276,71.23419389532276,3000
2024-03-28,71.23418426513672,71.23418426513672,70.85375994176806,70.85375994176806,3001
2024-03-29,71.51950073242188,71.56705649627753,71.51950073242188,71.56705649627753,2000
2024-04-01,71.3768539428711,72.18525120432308,70.99642956807267,72.18525120432308,6016
2024-04-02,72.0425796508789,72.0425796508789,71.80481536160208,71.80481536160208,7314
2024-04-03,71.75725555419922,72.0425755876353,71.75725555419922,72.0425755876353,2115
2024-04-08,72.23278045654297,72.23278045654297,71.99501619268867,72.23278045654297,3080
2024-04-09,73.70693969726562,73.70693969726562,72.28035376764113,72.28035376764113,12064
2024-04-10,73.80204010009766,73.80204010009766,73.51672728274644,73.51672728274644,3001
2024-04-11,73.2789535522461,73.2789535522461,72.89852925536427,73.08873777581022,3056
2024-04-12,73.37406158447266,73.61182587524802,73.27895731936057,73.27895731936057,6000
2024-04-15,72.37545013427734,72.37545013427734,71.94747730456494,72.37545013427734,5201
2024-04-16,70.2355728149414,70.4733371150976,70.2355728149414,70.33067708380577,11331
2024-04-17,71.32929229736328,71.32929229736328,70.56844361046174,70.56844361046174,9000
2024-04-18,71.66216278076172,71.66216278076172,71.04397411322941,71.04397411322941,3000
2024-04-19,68.0005874633789,69.76004177172281,68.0005874633789,69.23696468329102,28001
2024-04-22,67.90548706054688,68.04814709495795,67.90548706054688,68.00059133149067,4012
2024-04-23,68.71388244628906,68.71388244628906,68.47611814716696,68.5236739093876,3016
2024-04-24,70.52088928222656,70.52088928222656,69.80759641812311,69.80759641812311,4000
2024-04-25,69.42717742919922,69.80760177042039,69.42717742919922,69.80760177042039,3001
2024-04-26,70.56843566894531,70.56843566894531,70.56843566894531,70.56843566894531,1000
2024-04-29,71.47195434570312,71.8523786998661,71.32929430589313,71.32929430589313,9000
2024-04-30,71.99503326416016,71.99503326416016,71.85238047681332,71.8999289872652,3000
2024-05-02,70.6635513305664,70.6635513305664,70.4733355410955,70.4733355410955,3258
2024-05-03,70.80620574951172,71.32929011273468,70.80620574951172,71.32929011273468,3007
2024-05-06,71.85237121582031,71.99502398478074,71.61460692623254,71.61460692623254,8000
2024-05-07,72.28034973144531,72.42300976763975,72.04258542311818,72.04258542311818,14001
2024-05-08,72.61322021484375,72.80343602008485,72.28035162566063,72.28035162566063,7000
2024-05-09,72.70831298828125,72.70831298828125,72.61320872870006,72.61320872870006,3011
2024-05-10,72.94609069824219,72.94609069824219,72.47056205677778,72.47056205677778,4003
2024-05-13,73.70693969726562,73.70693969726562,72.99364673245339,72.99364673245339,8000
2024-05-14,74.18246459960938,74.18246459960938,73.65938021606192,73.65938021606192,5000
2024-05-15,75.56149291992188,75.56149291992188,75.27618010867432,75.27618010867432,5081
2024-05-16,75.89437103271484,75.89437103271484,75.89437103271484,75.89437103271484,1000
2024-05-17,75.46639251708984,75.46639251708984,75.46639251708984,75.46639251708984,1043
2024-05-20,75.1335220336914,75.27618207102951,74.9908619963533,75.0859662692484,8006
2024-05-21,75.32372283935547,75.41883435846799,74.80064576418741,75.13351431311075,6054
2024-05-22,76.56010437011719,76.56010437011719,75.32372711143336,75.32372711143336,6060
2024-05-23,77.32095336914062,77.36850187561191,76.84542476848414,76.84542476848414,6000
2024-05-24,77.32095336914062,77.32095336914062,77.03563330635049,77.22584184421684,3001
2024-05-27,77.98668670654297,77.98668670654297,77.65381815350577,77.65381815350577,3027
2024-05-28,78.1769027709961,78.36711857391765,78.1769027709961,78.36711857391765,3000
2024-05-29,77.32095336914062,78.2244548079917,77.32095336914062,78.2244548079917,7501
2024-05-30,75.98947143554688,76.22723573462181,75.98947143554688,76.1796799724106,5001
2024-05-31,75.65660095214844,75.70414945716499,75.65660095214844,75.70414945716499,2001
2024-06-03,76.56010437011719,76.56010437011719,76.08457577154503,76.08457577154503,6184
2024-06-04,75.79925537109375,75.79925537109375,75.65660259695238,75.75170686504347,12001
2024-06-05,76.17967987060547,76.22723563275314,76.17967987060547,76.22723563275314,8000
2024-06-06,78.55731964111328,78.55731964111328,78.55731964111328,78.55731964111328,3219
2024-06-07,77.98668670654297,77.98668670654297,77.55871388920804,77.55871388920804,2001
2024-06-11,78.41466522216797,78.65242952818545,78.36711671455895,78.60488102057641,5200
2024-06-12,79.31817626953125,79.31817626953125,78.36711901751286,78.41466752651918,8000
2024-06-13,80.50698852539062,81.17272562242675,80.31677274338733,80.50698852539062,14007
2024-06-14,81.03007507324219,81.03007507324219,80.3167821333158,80.36433789837396,18007
2024-06-17,80.93496704101562,81.07762707357489,80.83986277130634,80.83986277130634,8027
2024-06-18,82.45665740966797,82.45665740966797,81.98112880348536,82.21889310657666,6076
2024-06-19,84.07345581054688,84.31122010454956,82.74197431293376,82.74197431293376,13060
2024-06-20,84.83429718017578,84.83429718017578,84.78674867497935,84.78674867497935,4164
2024-06-21,84.78675842285156,84.83430693351461,84.45388982424522,84.45388982424522,10096
2024-06-24,82.979736328125,83.502820662962,82.74197204065187,83.502820662962,13100
2024-06-25,82.69441986083984,82.69441986083984,82.69441986083984,82.69441986083984,1050
2024-06-26,83.40770721435547,83.8356872755041,83.31260295276357,83.45526297314645,7000
2024-06-27,83.55037689208984,83.55037689208984,83.1224040374631,83.31261258263257,5015
2024-06-28,84.26366424560547,84.311220006747,84.0258999518786,84.0258999518786,3000
2024-07-01,84.12100982666016,84.3112256279179,84.12100982666016,84.16856559097232,9014
2024-07-02,83.55037689208984,83.55037689208984,83.50282838379293,83.50282838379293,6027
2024-07-03,84.40632629394531,84.40632629394531,83.97835345738633,83.97835345738633,5120
2024-07-04,85.97557067871094,86.35599500259714,85.73780638328087,86.02311918420268,14060
2024-07-05,86.0706787109375,86.16578298207187,86.0706787109375,86.16578298207187,4000
2024-07-08,88.6385269165039,88.6385269165039,86.92662833368168,86.92662833368168,25025
2024-07-09,88.4958724975586,89.3993739059137,88.06789241781904,89.3993739059137,33000
2024-07-10,89.01895141601562,89.01895141601562,88.21055425677429,88.49587431579617,9053
2024-07-11,90.82596588134766,90.82596588134766,90.25533299193003,90.35043726416782,7051
2024-07-12,88.25811004638672,90.35043295990407,88.25811004638672,90.35043295990407,19046
2024-07-15,88.40076446533203,88.73364029248825,88.30566019585483,88.40076446533203,15593
2024-07-16,88.88095092773438,89.40914233274397,88.4487863306158,88.54482046544166,8000
2024-07-17,87.77654266357422,88.78491209955867,87.68050852589975,88.4007755488608,27002
2024-07-18,85.9998779296875,86.48005590288076,85.6637474869047,86.09591205893928,27001
2024-07-19,84.31925964355469,85.4716839115887,84.31925964355469,85.4716839115887,10001
2024-07-22,81.91836547851562,82.878721428665,81.2461119172504,82.878721428665,24376
2024-07-23,84.0311508178711,84.0791715491124,83.16682894407172,84.0791715491124,13462
2024-07-26,80.81395721435547,81.05404620945045,80.81395721435547,80.81395721435547,15050
2024-07-29,81.91836547851562,82.54259098456517,81.67827649097828,82.54259098456517,27000
2024-07-30,82.11043548583984,82.11043548583984,80.66990152994792,80.861969793293,7000
2024-07-31,81.96637725830078,81.96637725830078,81.10205545487855,81.10205545487855,5000
2024-08-01,83.4549331665039,83.5509672957098,83.07078932274595,83.21484418002198,7010
2024-08-02,79.66152954101562,82.39855008061791,79.66152954101562,82.39855008061791,25016
2024-08-05,72.79498291015625,76.78045418468315,72.79498291015625,76.78045418468315,26070
2024-08-06,75.96415710449219,76.87649968828116,72.9870550102505,73.94741099722748,41108
2024-08-07,78.36504364013672,79.08531059882719,76.87649632167037,76.87649632167037,7000
2024-08-08,77.83686065673828,78.07694966884797,77.21262775986602,77.21262775986602,6003
2024-08-09,79.70954895019531,80.14170622457301,79.70954895019531,79.94963795305735,8219
2024-08-12,80.5738754272461,81.15008760163396,80.5738754272461,80.66990956848818,10100
2024-08-13,81.00602722167969,81.00602722167969,80.90999308696342,80.90999308696342,3000
2024-08-14,81.58223724365234,81.96638109950155,81.58223724365234,81.96638109950155,9000
2024-08-15,81.00602722167969,81.8223283571701,81.00602722167969,81.19810281804702,18099
2024-08-16,82.9747543334961,82.9747543334961,82.44655563793695,82.59061049371984,3347
2024-08-19,83.02277374267578,83.3108834750927,82.78268474130664,82.78268474130664,7000
2024-08-20,82.9747543334961,83.31087744569994,82.9747543334961,83.31087744569994,9087
2024-08-21,82.06241607666016,82.830703796269,82.06241607666016,82.830703796269,4025
2024-08-22,81.96637725830078,82.3505210961478,81.96637725830078,82.30250036881657,6000
2024-08-23,81.91836547851562,81.91836547851562,81.1980985159036,81.1980985159036,4000
2024-08-26,82.39854431152344,82.92673569344446,82.39854431152344,82.92673569344446,8114
2024-08-27,81.91836547851562,81.91836547851562,81.63025576269703,81.63025576269703,3233
2024-08-28,82.87872314453125,83.0707914077638,81.9183671744993,82.11043543773185,5015
2024-08-29,82.44656372070312,82.44656372070312,81.82233083573594,81.82233083573594,8000
2024-08-30,82.54259490966797,82.54259490966797,82.54259490966797,82.54259490966797,1035
2024-09-02,82.014404296875,82.59061643451956,81.96638356584843,82.59061643451956,10000
2024-09-03,81.91836547851562,82.01439960814368,81.58223503441579,82.01439960814368,6008
2024-09-04,78.26901245117188,78.79721117149353,78.12495758863555,78.12495758863555,18005
2024-09-05,79.13333129882812,79.13333129882812,79.13333129882812,79.13333129882812,1028
2024-09-06,79.66152954101562,79.66152954101562,78.8452283831233,78.8452283831233,3300
2024-09-09,78.22100067138672,78.22100067138672,77.8368640965832,77.8368640965832,4006
2024-09-10,78.36504364013672,78.50909849726169,78.36504364013672,78.50909849726169,2010
2024-09-11,78.17298126220703,78.36504953486504,78.17298126220703,78.36504953486504,2000
2024-09-12,80.6698989868164,81.05404282833098,80.6698989868164,80.86196724410651,3004
2024-09-13,81.00602722167969,81.05404795250523,80.66990408670537,81.05404795250523,3000
2024-09-16,81.15007781982422,81.15007781982422,80.66989984455898,81.15007781982422,4068
2024-09-18,80.81395721435547,81.29413520454543,80.66990235191156,81.29413520454543,5072
2024-09-19,81.67828369140625,81.67828369140625,80.86197520026927,80.86197520026927,3067
2024-09-20,83.02277374267578,83.02277374267578,82.5425957399375,82.5425957399375,2000
2024-09-23,83.16682434082031,83.16682434082031,82.63863296107553,82.87872195012348,8006
2024-09-24,83.55097198486328,83.55097198486328,83.07079398495027,83.16682811954591,10000
2024-09-25,84.99150848388672,84.99150848388672,84.84745361428973,84.89547434646707,6005
2024-09-26,85.85581970214844,86.09590867932059,85.4236551470781,85.4236551470781,10036
2024-09-27,85.42366790771484,86.43204469324343,85.42366790771484,85.85583252734219,9025
2024-09-30,82.92674255371094,84.36727661310465,82.92674255371094,84.36727661310465,11150
2024-10-01,83.7430419921875,83.7430419921875,83.45493958242086,83.45493958242086,2015
2024-10-04,83.7430419921875,83.7430419921875,83.7430419921875,83.7430419921875,3249
2024-10-07,85.32762908935547,85.32762908935547,84.89547182035861,84.89547182035861,5173
2024-10-08,85.08753204345703,85.08753204345703,84.51131996363723,84.7994296670142,5300
2024-10-09,85.95185852050781,86.2399682396185,85.71176953022706,86.2399682396185,11003
2024-10-11,87.34437561035156,87.34437561035156,86.38401960660086,86.38401960660086,14149
2024-10-14,87.24833679199219,87.24833679199219,87.05626853232594,87.05626853232594,7105
2024-10-15,88.73689270019531,88.78490610232181,87.39239288276585,87.39239288276585,16031
2024-10-16,87.10427856445312,87.92058695379475,86.96023103874265,87.72851137462384,10056
2024-10-17,87.77654266357422,87.77654266357422,87.10428904598288,87.20033051059238,8000
2024-10-18,89.4571533203125,90.27345436782625,89.4571533203125,89.98534466779361,12020
2024-10-21,90.08139038085938,90.08139038085938,89.60121240937704,89.60121240937704,15090
2024-10-22,89.12103271484375,89.26508024195596,88.59283402565154,88.59283402565154,6123
2024-10-23,88.97698211669922,89.0249955190551,88.83292725576241,88.83292725576241,15058
2024-10-24,88.44878387451172,88.64085946576456,88.44878387451172,88.64085946576456,4000
2024-10-25,88.784912109375,88.784912109375,88.44878896400968,88.44878896400968,4010
2024-10-28,88.30473327636719,89.07302102460407,88.30473327636719,89.07302102460407,6010
2024-10-29,86.76815795898438,86.86419208786907,86.57608970121497,86.86419208786907,4011
2024-10-30,86.62410736083984,87.20032681634515,86.62410736083984,87.20032681634515,4045
2024-11-01,86.43204498291016,86.43204498291016,85.9998876887697,85.9998876887697,2026
2024-11-04,87.2963638305664,87.2963638305664,87.15230896193654,87.15230896193654,2179
2024-11-05,87.77654266357422,87.77654266357422,87.10428904598288,87.10428904598288,2225
2024-11-06,88.97698211669922,89.21707110928236,88.16068100730345,88.16068100730345,5067
2024-11-07,89.16905212402344,89.50517525482705,88.35275099866188,88.35275099866188,6010
2024-11-08,90.08139038085938,90.36949276758816,89.69724653828663,90.36949276758816,7205
2024-11-11,89.55319213867188,89.55319213867188,89.31310315170492,89.31310315170492,2108
2024-11-12,87.58445739746094,88.40076579496227,87.58445739746094,88.40076579496227,6023
2024-11-13,87.82455444335938,87.82455444335938,87.5844654401496,87.5844654401496,3083
2024-11-14,86.76815795898438,86.76815795898438,86.33600071553602,86.33600071553602,5027
2024-11-15,86.81617736816406,86.81617736816406,86.14392382231385,86.14392382231385,3012
2024-11-18,86.09591674804688,86.14393015182054,85.51970461421915,86.14393015182054,8162
2024-11-19,87.20032501220703,87.20032501220703,87.20032501220703,87.20032501220703,1205
2024-11-20,86.81617736816406,86.81617736816406,86.81617736816406,86.81617736816406,0
2024-11-21,85.7117691040039,85.8558239628429,85.7117691040039,85.8558239628429,4030
2024-11-22,87.20032501220703,87.20032501220703,85.71177032784045,85.71177032784045,4045
2024-11-25,87.39239501953125,87.39239501953125,87.05627188868924,87.05627188868924,13007
2024-11-26,86.04789733886719,86.14393147482424,85.90384247146416,85.90384247146416,14073
2024-11-27,84.94348907470703,85.61574270098498,84.94348907470703,85.61574270098498,3010
2024-11-28,84.22322082519531,84.51133056471267,84.03115255014043,84.03115255014043,5029
2024-11-29,84.5593490600586,84.89547219598055,84.22321859720181,84.22321859720181,5000
2024-12-02,86.62410736083984,86.62410736083984,84.79943684152215,84.79943684152215,7056
2024-12-03,88.01663208007812,88.01663208007812,87.10428945059513,87.10428945059513,4073
2024-12-04,88.01663208007812,88.01663208007812,87.72852233878137,87.72852233878137,12010
2024-12-05,88.97698211669922,88.97698211669922,88.16068100730345,88.16068100730345,8048
2024-12-06,88.30473327636719,88.6408637455552,88.30473327636719,88.6408637455552,2028
2024-12-09,88.784912109375,88.784912109375,88.3527548263246,88.3527548263246,5010
2024-12-10,88.06463623046875,88.2086910859776,88.06463623046875,88.2086910859776,3181
2024-12-11,87.15230560302734,87.53644946225683,87.15230560302734,87.39239459917894,3002
2024-12-12,88.40077209472656,88.40077209472656,88.06464163559718,88.06464163559718,3210
2024-12-13,88.30473327636719,88.30473327636719,87.96861013411417,88.06464427091004,7030
2024-12-16,88.64086151123047,89.07301877938619,88.64086151123047,89.0249980487312,5018
2024-12-17,88.88095092773438,88.9289643316799,88.88095092773438,88.9289643316799,2194
2024-12-18,88.97698211669922,88.97698211669922,88.35274927059614,88.35274927059614,5037
2024-12-19,87.82455444335938,88.35275318119483,87.5364520356686,88.35275318119483,24005
2024-12-20,86.86419677734375,86.86419677734375,86.86419677734375,86.86419677734375,2500
2024-12-23,88.59284210205078,88.59284210205078,88.11266409607761,88.35275309906419,42800
2024-12-24,88.73689270019531,89.50517307663031,88.73689270019531,89.50517307663031,6000
2024-12-25,89.0250015258789,89.50517954344446,89.0250015258789,89.50517954344446,2001
2024-12-26,89.21707153320312,89.21707153320312,89.16905080368448,89.16905080368448,3091
2024-12-27,89.60121154785156,89.60121154785156,89.45715669240509,89.45715669240509,5033
2024-12-30,89.31310272216797,89.55319170798025,89.31310272216797,89.55319170798025,5378
2024-12-31,88.35274505615234,88.35274505615234,88.30472432915248,88.35274505615234,3000
2025-01-02,87.20032501220703,87.2963591438261,87.20032501220703,87.2963591438261,3197
2025-01-03,88.44878387451172,88.44878387451172,88.11266074848751,88.20869488064663,3129
2025-01-06,90.94570922851562,90.94570922851562,89.88931910599108,89.93733983621549,26334
2025-01-07,92.05011749267578,92.4342613428642,92.00210409073631,92.24219308123726,13050
2025-01-08,90.36949920654297,91.08976621508651,90.36949920654297,90.75364307648651,9054
2025-01-09,89.31310272216797,90.41751352229133,89.31310272216797,89.9853489516686,5049
2025-01-10,89.31310272216797,89.36112345010419,88.92895887948146,89.36112345010419,4036
2025-01-13,87.24833679199219,88.3527476024092,87.24833679199219,88.3527476024092,5000
2025-01-14,87.92059326171875,87.92059326171875,87.77653839873878,87.77653839873878,4043
2025-01-15,87.0562744140625,87.15230855038392,87.00825368243432,87.15230855038392,5000
2025-01-16,89.40914916992188,89.40914916992188,88.352758952185,88.352758952185,11022
2025-01-17,89.21306610107422,89.21306610107422,89.11503126061518,89.11503126061518,4002
2025-01-20,90.09539794921875,90.2914676373725,89.94834194331385,89.94834194331385,12065
2025-01-21,90.29146575927734,90.53655660416115,89.80128406950975,89.8503052303181,6250
2025-01-22,91.61495971679688,91.61495971679688,91.41889002225383,91.61495971679688,4063
2025-02-03,87.2523422241211,87.54645423468574,87.05627253679742,87.54645423468574,15075
2025-02-04,88.03663635253906,88.37976204678189,87.98761519068472,88.23270604079805,6058
2025-02-05,89.8993148803711,89.99735719759151,88.96797270340657,88.96797270340657,14283
2025-02-06,89.99736785888672,89.99736785888672,89.75227699595901,89.75227699595901,5075
2025-02-07,90.14441680908203,90.38950767314107,89.99736827431028,90.04638195937433,8036
2025-02-10,89.50718688964844,90.24245948464693,89.31110970990106,90.24245948464693,7139
2025-02-11,89.60521697998047,90.29146837369413,89.60521697998047,90.29146837369413,12000
2025-02-12,89.85031127929688,90.48754901481122,89.85031127929688,90.48754901481122,29000
2025-02-13,89.2620849609375,89.40913347804738,88.91895180880462,88.91895180880462,14098
2025-02-14,88.3797607421875,88.77190759249608,88.2327047383744,88.67386527023464,9030
2025-02-17,89.75227355957031,89.75227355957031,88.91895867385799,88.91895867385799,9060
2025-02-18,89.99736785888672,89.99736785888672,89.45816496861393,89.45816496861393,8162
2025-02-19,90.34048461914062,90.34048461914062,89.8503029418578,89.99735894095842,15035
2025-02-20,89.7032470703125,89.7032470703125,89.7032470703125,89.7032470703125,1351
2025-02-21,90.09539794921875,90.34048879920053,89.31110423744538,89.31110423744538,6007
2025-02-24,89.31110382080078,89.70325067485807,89.16404781558191,89.70325067485807,9036
2025-02-25,88.72289276123047,88.72289276123047,88.72289276123047,88.72289276123047,1006
2025-02-26,88.72289276123047,88.72289276123047,88.42878073262108,88.42878073262108,5067
2025-02-27,87.98761749267578,89.11503692860923,87.98761749267578,89.11503692860923,8100
2025-03-03,85.9288558959961,85.9288558959961,85.04652731553861,85.48768786597766,14001
2025-03-04,85.6347427368164,85.6347427368164,84.45830963157566,85.2916170377528,10000
2025-03-05,86.61510467529297,86.61510467529297,86.56609099316428,86.56609099316428,5068
2025-03-06,86.07591247558594,86.32100333402487,85.97787014854683,86.27198217050531,5063
2025-03-07,85.3896484375,85.3896484375,85.34063475651408,85.34063475651408,2000
2025-03-10,84.80143737792969,85.04652823740348,84.31125565898212,84.60536768218245,13054
2025-03-11,83.08580017089844,84.7524149996039,82.10543674705303,84.7524149996039,11000
2025-03-12,83.72303771972656,84.0171422585263,83.72303771972656,83.7720514030702,6005
2025-03-13,83.08580017089844,84.55634530666656,83.08580017089844,84.55634530666656,9000
2025-03-14,82.79167938232422,82.88972169798724,82.3014977223233,82.54658855232375,12002
2025-03-17,83.52696228027344,83.52696228027344,83.23285773537286,83.42892743197325,7023
2025-03-18,83.57598114013672,83.7230371483226,83.57598114013672,83.7230371483226,3000
2025-03-19,82.59561920166016,83.03677975452568,82.59561920166016,83.03677975452568,2000
2025-03-20,84.31124877929688,84.31124877929688,83.6740111007469,83.6740111007469,4098
2025-03-21,84.16419982910156,84.31125584101923,83.62500442484273,84.31125584101923,6000
2025-03-24,83.67401123046875,83.77204607049485,83.42892039061408,83.77204607049485,10016
2025-03-25,84.2622299194336,84.2622299194336,84.2622299194336,84.2622299194336,1028
2025-03-26,84.2622299194336,84.31125108049805,84.01713907326935,84.31125108049805,4000
2025-03-27,82.84070587158203,82.98776187496217,82.84070587158203,82.98776187496217,2000
2025-03-28,81.6152572631836,82.105438988488,81.6152572631836,82.105438988488,5003
2025-03-31,78.91925048828125,79.75255784845291,78.52710364832433,79.40943216833269,13153
2025-04-01,80.3897933959961,80.43881455453243,80.3897933959961,80.43881455453243,3000
2025-04-02,80.6348876953125,80.6348876953125,80.19372716783843,80.6348876953125,8058
2025-04-07,72.59591674804688,72.59591674804688,72.59591674804688,72.59591674804688,11257
2025-04-08,70.83126068115234,71.37046358128366,69.01758975824293,70.73322583010476,23000
2025-04-09,66.51765441894531,69.16464005584714,66.51765441894531,69.16464005584714,21077
2025-04-10,73.13510131835938,73.13510131835938,73.13510131835938,73.13510131835938,3158
2025-04-11,74.3115463256836,74.3115463256836,71.17437905867072,73.086092115033,9000
2025-04-14,74.89976501464844,76.17423294279563,74.85074385297467,76.17423294279563,22000
2025-04-15,75.53699493408203,75.53699493408203,74.89975729588909,74.94877097293264,13100
2025-04-16,74.0174331665039,74.0174331665039,73.576272649396,73.576272649396,3264
2025-04-17,73.52725219726562,73.62528703761286,73.52725219726562,73.62528703761286,2000
2025-04-18,73.62528991699219,73.67431107887239,73.62528991699219,73.67431107887239,2100
2025-04-21,72.59591674804688,72.59591674804688,72.25278355554222,72.25278355554222,7000
2025-04-22,71.41947174072266,72.05670944259339,71.41947174072266,71.71358375068733,5100
2025-04-23,74.4585952758789,74.4585952758789,73.82136506633587,73.82136506633587,5338
2025-04-24,73.72332763671875,74.311551683908,73.72332763671875,74.311551683908,9000
2025-04-25,76.0761947631836,76.22325076217751,75.5860130862564,76.22325076217751,6215
2025-04-28,76.27227783203125,76.5663823732304,75.92914464792982,75.92914464792982,4019
2025-04-29,76.46834564208984,76.46834564208984,76.027185101371,76.07619878390688,5000
2025-04-30,77.05656433105469,77.05656433105469,76.4683477672227,76.4683477672227,3038
2025-05-02,79.01728820800781,79.01728820800781,78.52710651009265,78.52710651009265,3102
2025-05-05,78.72318267822266,78.82121752064607,77.64477697282804,78.82121752064607,11038
2025-05-06,77.98790740966797,78.38004676562953,77.840851411393,77.840851411393,7250
2025-05-07,77.54674530029297,78.13496185845707,77.54674530029297,78.13496185845707,2000
2025-05-08,78.62513732910156,78.67415848821544,78.42906765180356,78.42906765180356,13540
2025-05-09,79.70355224609375,79.70355224609375,78.62514645702184,78.62514645702184,6019
2025-05-12,79.94863891601562,80.1937297680211,79.94863891601562,80.1937297680211,3022
2025-05-13,81.37016296386719,82.30150521077854,81.32114180157532,82.30150521077854,10150
2025-05-14,83.03677368164062,83.03677368164062,82.88972516115943,82.88972516115943,3000
2025-05-15,83.03677368164062,83.03677368164062,83.03677368164062,83.03677368164062,1055
2025-05-16,82.88973236083984,82.93874604539788,82.88973236083984,82.93874604539788,2041
2025-05-19,82.44856262207031,82.74267464167133,82.20347176559592,82.35052777539643,6010
2025-05-20,82.2034683227539,82.44855916896341,82.2034683227539,82.44855916896341,4000
2025-05-21,82.74267578125,82.74267578125,82.35052890957422,82.74267578125,3001
2025-05-22,82.44856262207031,82.59561863187082,82.3015066122698,82.59561863187082,3000
2025-05-23,82.15444946289062,83.28186130072798,82.15444946289062,83.28186130072798,3002
2025-05-26,82.15444946289062,82.15444946289062,82.15444946289062,82.15444946289062,1063
2025-05-27,81.12507629394531,81.86034888875449,81.07605512912619,81.86034888875449,3000
2025-05-28,81.81131744384766,82.20346427438618,81.81131744384766,82.20346427438618,2010
2025-05-29,81.86034393310547,81.86034393310547,81.51721823888253,81.51721823888253,4245
2025-06-02,80.04666900634766,80.04666900634766,80.04666900634766,80.04666900634766,1121
2025-06-03,80.68390655517578,80.78194139408791,80.24273856070306,80.78194139408791,3239
2025-06-04,82.4975814819336,82.4975814819336,82.00739978267028,82.00739978267028,2050
2025-06-05,82.98776245117188,82.98776245117188,82.54659443796825,82.74267160369622,7125
2025-06-06,82.39954376220703,82.88972544436275,82.39954376220703,82.88972544436275,3001
2025-06-09,83.37991333007812,83.5269618620023,83.08580130707087,83.08580130707087,4076
2025-06-10,85.3896484375,85.3896484375,84.60536222551451,84.85045306918103,9002
2025-06-11,86.46804809570312,86.46804809570312,85.97786640019555,86.02688756157795,8000
2025-06-12,86.12492370605469,86.37001455751162,86.12492370605469,86.37001455751162,3017
2025-06-13,84.948486328125,85.19357716722543,84.948486328125,85.19357716722543,4250
2025-06-16,84.89946746826172,84.89946746826172,84.36027209538214,84.40928577678264,5014
2025-06-17,85.14456176757812,85.63474347893963,85.14456176757812,85.63474347893963,4000
2025-06-18,85.830810546875,85.830810546875,85.19357290120742,85.19357290120742,15170
2025-06-19,85.43867492675781,85.43867492675781,84.94849320885281,84.94849320885281,2000
2025-06-20,85.19357299804688,85.19357299804688,85.19357299804688,85.19357299804688,1000
2025-06-23,84.21321868896484,84.21321868896484,83.37991128366892,83.91910667317603,5046
2025-06-24,85.78179931640625,85.92885532543595,84.65437988661762,84.65437988661762,5340
2025-06-25,86.86019134521484,86.86019134521484,86.1739399918004,86.1739399918004,12000
2025-06-26,87.54645538330078,87.54645538330078,86.8601965095059,86.8601965095059,5000
2025-06-27,87.30136108398438,87.54645192646656,86.86019307976909,87.54645192646656,4000
2025-06-30,87.64448547363281,87.6934991536583,87.1543037959051,87.64448547363281,9420
2025-07-01,87.64448547363281,88.08564599175624,87.64448547363281,88.08564599175624,3120
2025-07-02,87.93859100341797,87.9876121635858,87.69350016173667,87.74252132190449,28083
2025-07-03,88.96797943115234,89.11503543852464,88.72288857872493,88.96797943115234,11000
2025-07-04,88.5758285522461,89.06601023485905,88.5758285522461,89.0169965543451,5110
2025-07-07,87.98761749267578,87.98761749267578,87.49743577962467,87.54645694276152,5050
2025-07-08,87.00724792480469,87.98761128170389,87.00724792480469,87.98761128170389,7000
2025-07-09,87.93859100341797,88.08564700434253,87.44840932005538,87.93859100341797,5020
2025-07-10,89.06600952148438,89.06600952148438,88.23270216363251,88.23270216363251,24150
2025-07-11,89.40913391113281,89.45815507012603,89.06600823691657,89.45815507012603,18050
2025-07-14,88.1346664428711,89.21306462928739,88.1346664428711,88.7228829555001,6036
2025-07-15,89.60521697998047,89.60521697998047,89.21307012089585,89.21307012089585,5115
2025-07-16,90.58557891845703,90.78164860502916,90.48754407517096,90.48754407517096,5000
2025-07-17,91.17378997802734,91.17378997802734,90.87967798626677,91.12476881954103,34030
2025-07-18,92.252197265625,92.64434413353467,92.252197265625,92.64434413353467,3014
2025-07-21,92.15357971191406,92.5973414462129,92.15357971191406,92.5973414462129,2110
2025-07-22,91.41398620605469,92.69595454427987,91.21676378027541,92.30150216916803,5586
2025-07-23,91.51260375976562,91.75913555058013,91.46329439218144,91.75913555058013,5646
2025-07-24,92.10427856445312,92.49873093451598,92.10427856445312,92.20288977608054,6158
2025-07-25,92.252197265625,92.252197265625,92.10427668941861,92.10427668941861,3044
2025-07-28,92.30149841308594,92.6466414059312,92.25219657042403,92.25219657042403,22007
2025-07-29,91.46329498291016,92.44942215253722,91.46329498291016,91.90704919982105,19000
2025-07-30,92.20288848876953,92.64664269667392,92.00566606826827,92.00566606826827,5122
2025-07-31,92.99179077148438,92.99179077148438,92.64664025935764,92.64664025935764,11145
2025-08-01,92.44941711425781,92.44941711425781,92.44941711425781,92.44941711425781,1062
2025-08-04,91.7591323852539,91.95635480168085,91.7591323852539,91.95635480168085,2041
2025-08-05,93.13970184326172,93.18901120781922,92.6959476564551,93.18901120781922,8200
2025-08-06,92.64664459228516,92.64664459228516,92.64664459228516,92.64664459228516,1250
2025-08-07,94.81612396240234,94.86542580420287,93.63276690589694,93.63276690589694,9088
2025-08-08,95.25988006591797,95.30918943225979,95.25988006591797,95.30918943225979,2099
2025-08-11,95.35848999023438,95.50641056371381,94.22444981518213,94.22444981518213,15063
2025-08-12,95.40779876708984,95.75294175404316,95.11195762195679,95.45710813246296,10000
2025-08-13,95.99947357177734,96.09808477900974,95.65433058468749,95.80225115731253,6044
2025-08-14,96.24600982666016,96.39393040616287,96.24600982666016,96.39393040616287,2240
2025-08-15,96.39392852783203,96.39392852783203,95.85155558807519,95.90086495479964,7000
2025-08-18,96.14739227294922,96.24600347826222,95.55571751751853,95.99947170320337,19000
2025-08-19,96.09808349609375,96.24600406674404,96.09808349609375,96.14739286082809,3025
2025-08-20,93.38623809814453,95.55572234233598,93.23832504448293,95.55572234233598,6546
2025-08-21,93.87930297851562,93.97792171373206,93.48485813186265,93.53415997591767,6022
2025-08-22,93.58346557617188,93.92860856487553,93.58346557617188,93.92860856487553,5000
2025-08-25,95.70364379882812,95.70364379882812,94.56959606116729,94.56959606116729,6221
2025-08-26,95.65433502197266,95.65433502197266,95.01335085989828,95.01335085989828,3081
2025-08-27,95.9501724243164,96.19670420595796,95.65433127692536,95.65433127692536,6000
2025-08-28,95.99947357177734,96.09808477900974,95.99947357177734,96.09808477900974,2210
2025-08-29,95.50640869140625,95.60501989727507,95.50640869140625,95.60501989727507,2000
2025-09-01,93.63276672363281,94.52028263339602,93.58346488192825,94.27375085421474,9000
2025-09-02,94.47098541259766,94.47098541259766,94.47098541259766,94.47098541259766,1031
2025-09-03,94.42167663574219,94.42167663574219,94.2244542109374,94.2244542109374,2004
2025-09-04,95.25988006591797,95.25988006591797,95.25988006591797,95.25988006591797,1000
2025-09-05,95.85155487060547,95.85155487060547,95.3091894584614,95.3091894584614,2000
2025-09-08,96.64045715332031,96.7390683599907,96.44323473997956,96.44323473997956,5268
2025-09-09,97.7251968383789,97.7251968383789,96.83768091884713,96.83768091884713,6000
2025-09-10,99.45092010498047,99.5988406800079,99.1057771122851,99.40161826233997,18000
2025-09-11,100.58496856689453,100.88080971915956,100.58496856689453,100.88080971915956,2061
2025-09-12,100.7328872680664,101.02872089127199,100.7328872680664,101.02872089127199,5008
2025-09-15,100.93011474609375,101.27525775225541,100.63428110804944,100.8315035334123,6013
2025-09-16,102.26138305664062,102.31069242385651,101.52178768972118,101.52178768972118,4000
2025-09-17,102.06415557861328,102.06415557861328,102.06415557861328,102.06415557861328,1125
2025-09-18,102.60652923583984,102.60652923583984,101.4231721847384,101.4231721847384,6000
2025-09-19,102.60652923583984,102.75444228411881,102.60652923583984,102.75444228411881,2000
2025-09-22,103.0009765625,103.0009765625,101.96554758165317,101.96554758165317,9028
2025-09-23,104.08572387695312,105.21976408262663,103.34612851313835,103.34612851313835,11007
2025-09-24,104.52947998046875,105.3183847255917,104.13502760790728,105.3183847255917,5000
2025-09-25,104.52947998046875,104.52947998046875,104.52947998046875,104.52947998046875,3000
2025-09-26,102.70513916015625,102.70513916015625,102.70513916015625,102.70513916015625,1000
2025-09-30,104.03641510009766,104.13502631112172,103.44474031040015,103.9378038890736,6073
2025-10-01,104.77600860595703,105.5156039608226,103.98710388467921,103.98710388467921,3009
2025-10-02,106.1072769165039,106.40311806278717,105.86074513578546,105.86074513578546,4000
2025-10-03,107.63578033447266,107.93161396646015,106.25520081453833,106.25520081453833,21010
2025-10-07,110.6927719116211,110.6927719116211,109.26289056227304,109.60803355795501,19949
2025-10-08,109.65733337402344,109.65733337402344,109.11496796899246,109.11496796899246,5091
2025-10-09,110.39692687988281,110.88999043454697,110.39692687988281,110.88999043454697,4000
2025-10-13,108.67121124267578,108.67121124267578,108.47398881788276,108.47398881788276,2000
2025-10-14,108.57259368896484,111.03791147265412,108.27676006905382,110.9393002660171,23000
2025-10-15,110.1010971069336,110.1010971069336,108.91774002027452,108.91774002027452,4000
2025-10-16,112.41849517822266,112.41849517822266,110.88999508523787,110.88999508523787,12999
2025-10-17,110.74208068847656,111.87612087917034,110.74208068847656,111.87612087917034,4090
2025-10-20,112.66502380371094,112.91155558446304,111.92542846145463,111.92542846145463,8121
2025-10-21,113.35530853271484,113.40461789774368,112.91155434166653,113.40461789774368,5124
2025-10-22,112.22126770019531,112.27056954137596,111.2351405939495,112.17195833546192,5445
2025-10-23,111.48167419433594,111.48167419433594,111.48167419433594,111.48167419433594,1031
2025-10-27,113.84837341308594,114.193523925197,113.30600800922392,113.30600800922392,7008
2025-10-28,113.35530853271484,113.89768145382082,113.20739548473394,113.89768145382082,9000
2025-10-29,115.13034057617188,115.13034057617188,114.68658638422873,114.68658638422873,3050
2025-10-30,114.4893569946289,115.08103176123275,114.4893569946289,115.08103176123275,2000
2025-10-31,115.37687683105469,115.37687683105469,115.32756746401334,115.32756746401334,5338
2025-11-03,114.3907470703125,115.376874200229,114.3414377043955,115.376874200229,8011
2025-11-04,114.14421844482422,116.01786154819719,114.14421844482422,115.08103623473413,3000
2025-11-05,112.36918640136719,112.36918640136719,112.36918640136719,112.36918640136719,1002
2025-11-06,113.40461730957031,113.40461730957031,112.56641077329708,112.56641077329708,6050
2025-11-07,111.82682037353516,111.97474095082359,111.82682037353516,111.97474095082359,3017
2025-11-10,112.56641387939453,112.76363629682342,111.67889795385857,111.92542973742117,11128
2025-11-11,112.7143325805664,113.70045969842418,112.7143325805664,113.70045969842418,4000
2025-11-12,113.3060073852539,113.3060073852539,112.22126905995057,112.46780083949918,13126
2025-11-13,112.02404022216797,112.31988136995237,111.62958786630641,112.31988136995237,14000
2025-11-14,110.49555206298828,110.49555206298828,110.49555206298828,110.49555206298828,12000
2025-11-17,110.34762573242188,111.28444348275343,110.19970516038194,111.28444348275343,5025
2025-11-18,108.07953643798828,109.60803656247512,108.07953643798828,109.60803656247512,3001
2025-11-19,107.53717041015625,108.22745641660397,107.53717041015625,108.22745641660397,3007
2025-11-20,110.74208068847656,110.74208068847656,110.74208068847656,110.74208068847656,1000
2025-11-21,106.64965057373047,108.37537305057545,106.60034120782801,108.37537305057545,6010
2025-11-24,106.99479675292969,107.53716969980819,106.35381259486049,107.53716969980819,8010
2025-11-25,108.12884521484375,108.57259942995105,108.12884521484375,108.57259942995105,2000
2025-11-26,109.5094223022461,110.19970829331996,109.0656605735103,109.0656605735103,9003
2025-11-27,110.39692687988281,111.2351409416541,110.39692687988281,111.2351409416541,3000
2025-11-28,111.92543029785156,111.92543029785156,111.43236672825749,111.43236672825749,3051
2025-12-01,110.44624328613281,111.38306109029924,110.24902086111459,111.38306109029924,11045
2025-12-02,110.15039825439453,111.67889832701103,110.15039825439453,110.98861234015047,5030
2025-12-03,111.58028411865234,111.58028411865234,111.18583176952662,111.18583176952662,2007
2025-12-04,111.48167419433594,111.58028540186324,110.9393012676065,111.58028540186324,11000
2025-12-05,112.27057647705078,112.27057647705078,112.27057647705078,112.27057647705078,1050
2025-12-08,113.74976348876953,113.79907285492824,112.66502514525448,113.3553111301587,38070
2025-12-09,113.94699096679688,114.29213395178844,113.94699096679688,113.94699096679688,7000
2025-12-10,114.3907470703125,114.88381063527075,113.99629471363532,113.99629471363532,7002
2025-12-11,113.8976821899414,115.52479344022257,113.8976821899414,115.52479344022257,3011
2025-12-12,113.8976821899414,114.24282517671551,113.8976821899414,114.24282517671551,2000
2025-12-15,112.56641387939453,112.76363629682342,111.77750916257301,112.36918393841266,13134
2025-12-16,111.48167419433594,111.67889660939053,111.08722184067388,111.67889660939053,3150
2025-12-17,111.72821044921875,111.72821044921875,111.62959171418927,111.72821044921875,3023
2025-12-18,110.59416198730469,110.93930498699805,110.44624140927807,110.54485262011144,4023
2025-12-19,112.02404022216797,112.41849257802953,112.02404022216797,112.41849257802953,2000
2025-12-22,113.15808868408203,113.50323167644707,112.56641390809155,112.7143344829774,10034
2025-12-23,114.19352722167969,114.19352722167969,114.19352722167969,114.19352722167969,2000
2025-12-24,114.93312072753906,115.1303431453476,114.19352537542763,114.53866836836903,13012
2025-12-26,114.982421875,115.37687423178507,114.982421875,115.37687423178507,3020
2025-12-29,116.36299896240234,117.10259429479049,116.11646718493962,116.31368959748868,20001
2025-12-30,116.56022644042969,116.80675822860618,115.72201986534019,116.31369465225318,9078
2025-12-31,117.94080352783203,117.94080352783203,117.05328760398022,117.05328760398022,2026
2026-01-02,119.76513671875,119.76513671875,118.28594602634772,118.28594602634772,3500
2026-01-05,124.64646911621094,124.64646911621094,122.97004850287394,122.97004850287394,3099
2026-01-06,125.04092407226562,125.04092407226562,123.56173336568624,124.25201935266875,21008
2026-01-07,124.15341186523438,124.84369787290893,123.66034828159448,124.44924550128637,4010
2026-01-08,124.84369659423828,124.89300596151853,124.44924422665578,124.44924422665578,6129
2026-01-09,124.25202178955078,124.89300594635036,123.36450584348621,123.36450584348621,9011
2026-01-12,124.89300537109375,125.48468015789382,124.79439416055259,125.04092594868204,5096
2026-01-13,125.33676147460938,126.61872227812587,125.33676147460938,125.63260263425722,9008
2026-01-14,125.82981872558594,126.32288980803492,125.78051688382803,125.87912809089669,14030
2026-01-15,125.58329010009766,125.82982188573725,125.58329010009766,125.82982188573725,2118
2026-01-16,128.83750915527344,128.83750915527344,126.52011932659765,126.52011932659765,10019
2026-01-19,129.42918395996094,129.42918395996094,127.4569297281901,128.59096989261607,6018
2026-01-20,129.92225646972656,129.92225646972656,128.9854386545085,128.9854386545085,5020
2026-01-21,127.94999694824219,129.33056893115344,127.94999694824219,129.33056893115344,7075
2026-01-22,130.0500030517578,130.14999389648438,129.75,130.14999389648438,4000
2026-01-23,131.1999969482422,131.1999969482422,130.0500030517578,130.0500030517578,6000
2026-01-26,131.3000030517578,131.75,130.8000030517578,131.10000610351562,6051
2026-01-27,131.8000030517578,132.6999969482422,131.5,131.5,5020
2026-01-28,134.0500030517578,134.0500030517578,133.0,133.0,4100
2026-01-29,133.1999969482422,135.39999389648438,133.1999969482422,135.39999389648438,6000
2026-01-30,132.35000610351562,133.1999969482422,132.35000610351562,133.1999969482422,3026
2026-02-02,129.0500030517578,129.35000610351562,128.39999389648438,129.25,9036
2026-02-03,132.0,132.5500030517578,131.5500030517578,132.5500030517578,6000
2026-02-04,132.5,132.5,131.3000030517578,131.3000030517578,3022
2026-02-05,130.5,130.5,130.5,130.5,1064
2026-02-06,130.1999969482422,130.6999969482422,128.6999969482422,130.0,6010
2026-02-09,134.5,134.5,132.9499969482422,132.9499969482422,17349
2026-02-10,136.39999389648438,136.6999969482422,135.89999389648438,135.89999389648438,7063
2026-02-11,139.35000610351562,140.0,137.64999389648438,138.35000610351562,13030
2026-02-23,140.1999969482422,141.10000610351562,139.75,139.75,9059
2026-02-24,143.85000610351562,143.85000610351562,141.6999969482422,141.6999969482422,12624
2026-02-25,146.6999969482422,147.0,145.89999389648438,145.89999389648438,7001
2026-02-26,146.3000030517578,147.35000610351562,145.5500030517578,146.6999969482422,21000
2026-03-02,146.10000610351562,146.5,145.1999969482422,145.60000610351562,11035
2026-03-03,142.5500030517578,145.85000610351562,142.3000030517578,145.8000030517578,45002
2026-03-04,136.35000610351562,138.0500030517578,136.35000610351562,136.39999389648438,11149
2026-03-05,139.1999969482422,141.0500030517578,139.1999969482422,141.0500030517578,6002
2026-03-06,138.14999389648438,138.4499969482422,138.14999389648438,138.4499969482422,3005
2026-03-09,131.5,132.14999389648438,130.60000610351562,131.5,8000
2026-03-10,135.0500030517578,137.35000610351562,135.0500030517578,137.35000610351562,6006
2026-03-11,141.39999389648438,142.14999389648438,139.5,139.5,7014
2026-03-12,139.39999389648438,140.8000030517578,139.39999389648438,140.8000030517578,2149
2026-03-13,138.10000610351562,138.10000610351562,137.89999389648438,137.89999389648438,2007
2026-03-16,137.35000610351562,138.35000610351562,136.64999389648438,138.35000610351562,10101
2026-03-17,139.35000610351562,139.35000610351562,138.39999389648438,138.39999389648438,4024
2026-03-18,141.8000030517578,141.8000030517578,140.64999389648438,141.6999969482422,11135
