Price,Close,High,Low,Open,Volume
Ticker,00632R.TW,00632R.TW,00632R.TW,00632R.TW,00632R.TW
Date,,,,,
2021-03-18,6.170000076293945,6.179999828338623,6.119999885559082,6.170000076293945,125045999
2021-03-19,6.25,6.28000020980835,6.21999979019165,6.230000019073486,154438923
2021-03-22,6.210000038146973,6.300000190734863,6.199999809265137,6.269999980926514,102495430
2021-03-23,6.21999979019165,6.230000019073486,6.159999847412109,6.179999828338623,74426757
2021-03-24,6.269999980926514,6.289999961853027,6.239999771118164,6.260000228881836,105114335
2021-03-25,6.260000228881836,6.320000171661377,6.230000019073486,6.300000190734863,98596216
2021-03-26,6.159999847412109,6.239999771118164,6.150000095367432,6.230000019073486,155868239
2021-03-29,6.099999904632568,6.139999866485596,6.079999923706055,6.119999885559082,180106368
2021-03-30,6.059999942779541,6.110000133514404,6.059999942779541,6.090000152587891,117444416
2021-03-31,6.099999904632568,6.110000133514404,6.059999942779541,6.079999923706055,67673999
2021-04-01,6.059999942779541,6.099999904632568,6.050000190734863,6.070000171661377,102069996
2021-04-07,5.960000038146973,6.010000228881836,5.960000038146973,5.980000019073486,75998093
2021-04-08,5.920000076293945,6.010000228881836,5.920000076293945,5.989999771118164,122426929
2021-04-09,5.940000057220459,5.960000038146973,5.900000095367432,5.909999847412109,85575690
2021-04-12,5.960000038146973,5.980000019073486,5.909999847412109,5.920000076293945,79797955
2021-04-13,5.96999979019165,5.980000019073486,5.880000114440918,5.949999809265137,176413300
2021-04-14,5.940000057220459,6.039999961853027,5.920000076293945,5.949999809265137,209720594
2021-04-15,5.880000114440918,5.949999809265137,5.880000114440918,5.940000057220459,162585799
2021-04-16,5.840000152587891,5.900000095367432,5.840000152587891,5.889999866485596,127411166
2021-04-19,5.789999961853027,5.860000133514404,5.789999961853027,5.840000152587891,178849922
2021-04-20,5.789999961853027,5.829999923706055,5.789999961853027,5.820000171661377,88135342
2021-04-21,5.820000171661377,5.849999904632568,5.809999942779541,5.829999923706055,111928186
2021-04-22,5.849999904632568,5.869999885559082,5.760000228881836,5.789999961853027,182328399
2021-04-23,5.800000190734863,5.869999885559082,5.800000190734863,5.849999904632568,128426620
2021-04-26,5.710000038146973,5.769999980926514,5.710000038146973,5.760000228881836,191401300
2021-04-27,5.690000057220459,5.730000019073486,5.690000057220459,5.710000038146973,111648250
2021-04-28,5.690000057220459,5.71999979019165,5.690000057220459,5.710000038146973,84897501
2021-04-29,5.690000057220459,5.710000038146973,5.650000095367432,5.670000076293945,156983233
2021-05-03,5.789999961853027,5.800000190734863,5.699999809265137,5.699999809265137,280360999
2021-05-04,5.880000114440918,5.980000019073486,5.769999980926514,5.78000020980835,357781828
2021-05-05,5.940000057220459,5.949999809265137,5.860000133514404,5.889999866485596,166463885
2021-05-06,5.900000095367432,5.96999979019165,5.849999904632568,5.889999866485596,210891751
2021-05-07,5.769999980926514,5.849999904632568,5.769999980926514,5.829999923706055,217958195
2021-05-10,5.789999961853027,5.809999942779541,5.760000228881836,5.760000228881836,110724571
2021-05-11,6.03000020980835,6.059999942779541,5.880000114440918,5.929999828338623,382196897
2021-05-12,6.289999961853027,6.559999942779541,6.019999980926514,6.050000190734863,1017356998
2021-05-13,6.349999904632568,6.46999979019165,6.199999809265137,6.380000114440918,592433782
2021-05-14,6.300000190734863,6.349999904632568,6.190000057220459,6.260000228881836,394069001
2021-05-17,6.460000038146973,6.539999961853027,6.300000190734863,6.510000228881836,669555610
2021-05-18,6.099999904632568,6.360000133514404,6.099999904632568,6.329999923706055,656110563
2021-05-19,6.130000114440918,6.179999828338623,6.079999923706055,6.150000095367432,260011598
2021-05-20,6.170000076293945,6.210000038146973,6.130000114440918,6.139999866485596,288003198
2021-05-21,6.050000190734863,6.130000114440918,5.989999771118164,6.059999942779541,327841154
2021-05-24,6.019999980926514,6.110000133514404,6.010000228881836,6.099999904632568,212623350
2021-05-25,5.920000076293945,6.0,5.920000076293945,5.980000019073486,321273509
2021-05-26,5.920000076293945,5.960000038146973,5.900000095367432,5.909999847412109,112791117
2021-05-27,5.949999809265137,6.019999980926514,5.940000057220459,5.96999979019165,143878105
2021-05-28,5.829999923706055,5.909999847412109,5.829999923706055,5.889999866485596,253498661
2021-05-31,5.78000020980835,5.829999923706055,5.760000228881836,5.800000190734863,188779181
2021-06-01,5.739999771118164,5.789999961853027,5.739999771118164,5.769999980926514,116286616
2021-06-02,5.75,5.789999961853027,5.71999979019165,5.739999771118164,126267697
2021-06-03,5.710000038146973,5.739999771118164,5.690000057220459,5.730000019073486,167307158
2021-06-04,5.75,5.78000020980835,5.739999771118164,5.769999980926514,129328001
2021-06-07,5.739999771118164,5.880000114440918,5.71999979019165,5.730000019073486,190782612
2021-06-08,5.760000228881836,5.78000020980835,5.71999979019165,5.75,76702001
2021-06-09,5.789999961853027,5.820000171661377,5.760000228881836,5.78000020980835,162568964
2021-06-10,5.71999979019165,5.789999961853027,5.71999979019165,5.78000020980835,135169115
2021-06-11,5.699999809265137,5.71999979019165,5.679999828338623,5.690000057220459,120554000
2021-06-15,5.650000095367432,5.690000057220459,5.650000095367432,5.670000076293945,124875504
2021-06-16,5.650000095367432,5.679999828338623,5.639999866485596,5.670000076293945,95925001
2021-06-17,5.639999866485596,5.730000019073486,5.639999866485596,5.710000038146973,103382796
2021-06-18,5.650000095367432,5.670000076293945,5.639999866485596,5.639999866485596,60695000
2021-06-21,5.75,5.78000020980835,5.690000057220459,5.710000038146973,213175022
2021-06-22,5.739999771118164,5.75,5.690000057220459,5.699999809265137,97658150
2021-06-23,5.639999866485596,5.730000019073486,5.639999866485596,5.71999979019165,201967616
2021-06-24,5.619999885559082,5.659999847412109,5.610000133514404,5.639999866485596,99136997
2021-06-25,5.610000133514404,5.610000133514404,5.559999942779541,5.590000152587891,181422093
2021-06-28,5.570000171661377,5.610000133514404,5.559999942779541,5.590000152587891,84984971
2021-06-29,5.579999923706055,5.599999904632568,5.539999961853027,5.539999961853027,91936300
2021-06-30,5.5,5.559999942779541,5.5,5.559999942779541,212285747
2021-07-01,5.53000020980835,5.559999942779541,5.489999771118164,5.510000228881836,106323855
2021-07-02,5.519999980926514,5.550000190734863,5.510000228881836,5.519999980926514,61083100
2021-07-05,5.440000057220459,5.5,5.440000057220459,5.5,140375500
2021-07-06,5.460000038146973,5.46999979019165,5.429999828338623,5.440000057220459,60988450
2021-07-07,5.489999771118164,5.510000228881836,5.449999809265137,5.480000019073486,78050364
2021-07-08,5.46999979019165,5.519999980926514,5.460000038146973,5.46999979019165,65664050
2021-07-09,5.53000020980835,5.570000171661377,5.519999980926514,5.53000020980835,149996098
2021-07-12,5.46999979019165,5.489999771118164,5.429999828338623,5.449999809265137,143571696
2021-07-13,5.46999979019165,5.46999979019165,5.409999847412109,5.429999828338623,111451081
2021-07-14,5.449999809265137,5.5,5.440000057220459,5.460000038146973,66031050
2021-07-15,5.409999847412109,5.460000038146973,5.400000095367432,5.440000057220459,91043150
2021-07-16,5.440000057220459,5.489999771118164,5.440000057220459,5.46999979019165,90640050
2021-07-19,5.480000019073486,5.53000020980835,5.480000019073486,5.5,102412960
2021-07-20,5.559999942779541,5.579999923706055,5.510000228881836,5.53000020980835,174910253
2021-07-21,5.590000152587891,5.610000133514404,5.519999980926514,5.519999980926514,124755568
2021-07-22,5.539999961853027,5.550000190734863,5.489999771118164,5.53000020980835,106129523
2021-07-23,5.539999961853027,5.550000190734863,5.489999771118164,5.5,87210639
2021-07-26,5.579999923706055,5.590000152587891,5.510000228881836,5.53000020980835,85778999
2021-07-27,5.599999904632568,5.610000133514404,5.550000190734863,5.570000171661377,89360517
2021-07-28,5.670000076293945,5.739999771118164,5.610000133514404,5.619999885559082,368739082
2021-07-29,5.559999942779541,5.639999866485596,5.559999942779541,5.619999885559082,130519149
2021-07-30,5.610000133514404,5.619999885559082,5.559999942779541,5.590000152587891,97746550
2021-08-02,5.510000228881836,5.610000133514404,5.510000228881836,5.570000171661377,110829030
2021-08-03,5.5,5.539999961853027,5.5,5.519999980926514,73167534
2021-08-04,5.480000019073486,5.510000228881836,5.460000038146973,5.489999771118164,109986494
2021-08-05,5.489999771118164,5.5,5.46999979019165,5.489999771118164,86555125
2021-08-06,5.519999980926514,5.539999961853027,5.5,5.5,145447335
2021-08-09,5.53000020980835,5.579999923706055,5.519999980926514,5.550000190734863,70257000
2021-08-10,5.570000171661377,5.579999923706055,5.519999980926514,5.519999980926514,65403128
2021-08-11,5.590000152587891,5.630000114440918,5.550000190734863,5.579999923706055,129386373
2021-08-12,5.590000152587891,5.610000133514404,5.570000171661377,5.590000152587891,50271685
2021-08-13,5.659999847412109,5.670000076293945,5.590000152587891,5.590000152587891,136098528
2021-08-16,5.699999809265137,5.730000019073486,5.659999847412109,5.690000057220459,138224900
2021-08-17,5.760000228881836,5.769999980926514,5.679999828338623,5.679999828338623,180434810
2021-08-18,5.699999809265137,5.840000152587891,5.690000057220459,5.820000171661377,285310444
2021-08-19,5.849999904632568,5.860000133514404,5.730000019073486,5.730000019073486,260322935
2021-08-20,5.869999885559082,5.900000095367432,5.789999961853027,5.800000190734863,201617179
2021-08-23,5.699999809265137,5.789999961853027,5.690000057220459,5.78000020980835,232314203
2021-08-24,5.679999828338623,5.699999809265137,5.650000095367432,5.650000095367432,106603144
2021-08-25,5.619999885559082,5.670000076293945,5.610000133514404,5.659999847412109,143258900
2021-08-26,5.610000133514404,5.639999866485596,5.559999942779541,5.570000171661377,112159015
2021-08-27,5.53000020980835,5.619999885559082,5.53000020980835,5.619999885559082,225459546
2021-08-30,5.480000019073486,5.53000020980835,5.480000019073486,5.510000228881836,116341646
2021-08-31,5.460000038146973,5.550000190734863,5.460000038146973,5.5,110753516
2021-09-01,5.440000057220459,5.480000019073486,5.429999828338623,5.480000019073486,103748300
2021-09-02,5.510000228881836,5.510000228881836,5.429999828338623,5.460000038146973,94728900
2021-09-03,5.440000057220459,5.480000019073486,5.420000076293945,5.46999979019165,130206619
2021-09-06,5.429999828338623,5.460000038146973,5.400000095367432,5.440000057220459,103909302
2021-09-07,5.460000038146973,5.489999771118164,5.429999828338623,5.429999828338623,93720900
2021-09-08,5.510000228881836,5.539999961853027,5.460000038146973,5.46999979019165,165763998
2021-09-09,5.510000228881836,5.559999942779541,5.489999771118164,5.539999961853027,141935761
2021-09-10,5.429999828338623,5.5,5.429999828338623,5.5,128777731
2021-09-13,5.460000038146973,5.480000019073486,5.440000057220459,5.449999809265137,98176102
2021-09-14,5.440000057220459,5.460000038146973,5.420000076293945,5.429999828338623,77449998
2021-09-15,5.460000038146973,5.5,5.449999809265137,5.460000038146973,76315900
2021-09-16,5.480000019073486,5.510000228881836,5.449999809265137,5.460000038146973,59680700
2021-09-17,5.460000038146973,5.519999980926514,5.440000057220459,5.489999771118164,76991411
2021-09-22,5.599999904632568,5.639999866485596,5.579999923706055,5.590000152587891,245008199
2021-09-23,5.539999961853027,5.570000171661377,5.519999980926514,5.550000190734863,117330130
2021-09-24,5.489999771118164,5.510000228881836,5.46999979019165,5.5,95508904
2021-09-27,5.46999979019165,5.489999771118164,5.449999809265137,5.46999979019165,51161050
2021-09-28,5.519999980926514,5.539999961853027,5.5,5.510000228881836,80081400
2021-09-29,5.630000114440918,5.639999866485596,5.590000152587891,5.610000133514404,226109545
2021-09-30,5.579999923706055,5.659999847412109,5.570000171661377,5.610000133514404,133856927
2021-10-01,5.71999979019165,5.75,5.630000114440918,5.650000095367432,253980687
2021-10-04,5.75,5.789999961853027,5.670000076293945,5.679999828338623,208320648
2021-10-05,5.75,5.860000133514404,5.739999771118164,5.829999923706055,254289871
2021-10-06,5.769999980926514,5.800000190734863,5.710000038146973,5.71999979019165,127983400
2021-10-07,5.639999866485596,5.710000038146973,5.630000114440918,5.699999809265137,204632732
2021-10-08,5.679999828338623,5.690000057220459,5.630000114440918,5.630000114440918,82221906
2021-10-12,5.739999771118164,5.789999961853027,5.71999979019165,5.75,153317650
2021-10-13,5.769999980926514,5.78000020980835,5.690000057220459,5.699999809265137,115660000
2021-10-14,5.739999771118164,5.769999980926514,5.699999809265137,5.699999809265137,92114900
2021-10-15,5.610000133514404,5.690000057220459,5.610000133514404,5.650000095367432,172091935
2021-10-18,5.619999885559082,5.639999866485596,5.579999923706055,5.590000152587891,81185102
2021-10-19,5.570000171661377,5.619999885559082,5.559999942779541,5.590000152587891,104468509
2021-10-20,5.579999923706055,5.590000152587891,5.550000190734863,5.559999942779541,72945755
2021-10-21,5.579999923706055,5.590000152587891,5.519999980926514,5.559999942779541,93609000
2021-10-22,5.570000171661377,5.610000133514404,5.559999942779541,5.570000171661377,83869001
2021-10-25,5.570000171661377,5.619999885559082,5.550000190734863,5.590000152587891,85571900
2021-10-26,5.519999980926514,5.550000190734863,5.510000228881836,5.550000190734863,120432505
2021-10-27,5.510000228881836,5.559999942779541,5.510000228881836,5.539999961853027,85733643
2021-10-28,5.519999980926514,5.550000190734863,5.5,5.519999980926514,54551901
2021-10-29,5.559999942779541,5.579999923706055,5.519999980926514,5.519999980926514,66634999
2021-11-01,5.510000228881836,5.53000020980835,5.5,5.519999980926514,101422000
2021-11-02,5.53000020980835,5.539999961853027,5.460000038146973,5.489999771118164,124583900
2021-11-03,5.510000228881836,5.53000020980835,5.5,5.519999980926514,77888380
2021-11-04,5.5,5.519999980926514,5.460000038146973,5.460000038146973,89678999
2021-11-05,5.449999809265137,5.5,5.440000057220459,5.480000019073486,136048650
2021-11-08,5.409999847412109,5.449999809265137,5.409999847412109,5.449999809265137,109697854
2021-11-09,5.360000133514404,5.389999866485596,5.349999904632568,5.389999866485596,168821216
2021-11-10,5.360000133514404,5.380000114440918,5.349999904632568,5.369999885559082,50410681
2021-11-11,5.389999866485596,5.420000076293945,5.369999885559082,5.409999847412109,69335860
2021-11-12,5.369999885559082,5.389999866485596,5.340000152587891,5.360000133514404,77589998
2021-11-15,5.329999923706055,5.349999904632568,5.309999942779541,5.340000152587891,85462989
2021-11-16,5.320000171661377,5.329999923706055,5.309999942779541,5.329999923706055,45548036
2021-11-17,5.309999942779541,5.329999923706055,5.300000190734863,5.309999942779541,48317808
2021-11-18,5.260000228881836,5.300000190734863,5.260000228881836,5.300000190734863,119142463
2021-11-19,5.269999980926514,5.28000020980835,5.230000019073486,5.239999771118164,58886561
2021-11-22,5.269999980926514,5.28000020980835,5.260000228881836,5.28000020980835,33200984
2021-11-23,5.329999923706055,5.329999923706055,5.300000190734863,5.300000190734863,75034751
2021-11-24,5.320000171661377,5.340000152587891,5.309999942779541,5.329999923706055,50075928
2021-11-25,5.320000171661377,5.340000152587891,5.309999942779541,5.309999942779541,31394406
2021-11-26,5.420000076293945,5.429999828338623,5.340000152587891,5.349999904632568,159398000
2021-11-29,5.429999828338623,5.46999979019165,5.389999866485596,5.449999809265137,170155935
2021-11-30,5.420000076293945,5.429999828338623,5.349999904632568,5.389999866485596,97324600
2021-12-01,5.340000152587891,5.429999828338623,5.329999923706055,5.420000076293945,145055000
2021-12-02,5.309999942779541,5.369999885559082,5.300000190734863,5.369999885559082,125208800
2021-12-03,5.300000190734863,5.329999923706055,5.289999961853027,5.300000190734863,69705900
2021-12-06,5.300000190734863,5.360000133514404,5.289999961853027,5.329999923706055,70982859
2021-12-07,5.28000020980835,5.340000152587891,5.28000020980835,5.309999942779541,74431404
2021-12-08,5.260000228881836,5.260000228881836,5.21999979019165,5.230000019073486,101039793
2021-12-09,5.25,5.28000020980835,5.230000019073486,5.25,48935909
2021-12-10,5.260000228881836,5.289999961853027,5.25,5.269999980926514,36178157
2021-12-13,5.28000020980835,5.28000020980835,5.239999771118164,5.239999771118164,50840900
2021-12-14,5.340000152587891,5.349999904632568,5.300000190734863,5.309999942779541,113037812
2021-12-15,5.329999923706055,5.349999904632568,5.309999942779541,5.329999923706055,71374188
2021-12-16,5.25,5.289999961853027,5.25,5.269999980926514,79789140
2021-12-17,5.269999980926514,5.289999961853027,5.25,5.28000020980835,54407000
2021-12-20,5.320000171661377,5.329999923706055,5.269999980926514,5.289999961853027,86281373
2021-12-21,5.25,5.309999942779541,5.239999771118164,5.289999961853027,97449108
2021-12-22,5.25,5.260000228881836,5.239999771118164,5.239999771118164,30580712
2021-12-23,5.210000038146973,5.230000019073486,5.199999809265137,5.21999979019165,81906020
2021-12-24,5.210000038146973,5.21999979019165,5.190000057220459,5.199999809265137,69497617
2021-12-27,5.170000076293945,5.210000038146973,5.170000076293945,5.210000038146973,83819099
2021-12-28,5.130000114440918,5.170000076293945,5.130000114440918,5.159999847412109,98083450
2021-12-29,5.110000133514404,5.150000095367432,5.110000133514404,5.130000114440918,90936640
2021-12-30,5.099999904632568,5.139999866485596,5.099999904632568,5.119999885559082,120134172
2022-01-03,5.110000133514404,5.130000114440918,5.070000171661377,5.090000152587891,89947719
2022-01-04,5.039999961853027,5.079999923706055,5.039999961853027,5.079999923706055,168485920
2022-01-05,5.059999942779541,5.070000171661377,5.03000020980835,5.039999961853027,125483921
2022-01-06,5.099999904632568,5.119999885559082,5.070000171661377,5.090000152587891,126974985
2022-01-07,5.139999866485596,5.150000095367432,5.059999942779541,5.070000171661377,130698582
2022-01-10,5.110000133514404,5.179999828338623,5.110000133514404,5.159999847412109,129525300
2022-01-11,5.110000133514404,5.159999847412109,5.099999904632568,5.110000133514404,96067000
2022-01-12,5.079999923706055,5.110000133514404,5.070000171661377,5.079999923706055,86024839
2022-01-13,5.050000190734863,5.079999923706055,5.039999961853027,5.070000171661377,96711078
2022-01-14,5.070000171661377,5.119999885559082,5.039999961853027,5.050000190734863,115472000
2022-01-17,5.03000020980835,5.059999942779541,5.03000020980835,5.059999942779541,103484389
2022-01-18,5.070000171661377,5.070000171661377,5.010000228881836,5.03000020980835,103614679
2022-01-19,5.110000133514404,5.119999885559082,5.079999923706055,5.110000133514404,167218191
2022-01-20,5.090000152587891,5.139999866485596,5.090000152587891,5.119999885559082,122697958
2022-01-21,5.190000057220459,5.210000038146973,5.150000095367432,5.159999847412109,241296401
2022-01-24,5.170000076293945,5.25,5.170000076293945,5.21999979019165,249702697
2022-01-25,5.25,5.28000020980835,5.21999979019165,5.230000019073486,290702066
2022-01-26,5.269999980926514,5.269999980926514,5.230000019073486,5.260000228881836,176851720
2022-02-07,5.190000057220459,5.25,5.190000057220459,5.21999979019165,176323662
2022-02-08,5.159999847412109,5.170000076293945,5.150000095367432,5.159999847412109,138732071
2022-02-09,5.130000114440918,5.150000095367432,5.110000133514404,5.139999866485596,131910800
2022-02-10,5.079999923706055,5.130000114440918,5.079999923706055,5.110000133514404,161011088
2022-02-11,5.079999923706055,5.110000133514404,5.079999923706055,5.110000133514404,121610351
2022-02-14,5.159999847412109,5.179999828338623,5.130000114440918,5.130000114440918,172094800
2022-02-15,5.170000076293945,5.179999828338623,5.130000114440918,5.159999847412109,79878095
2022-02-16,5.090000152587891,5.119999885559082,5.079999923706055,5.110000133514404,139685499
2022-02-17,5.079999923706055,5.099999904632568,5.050000190734863,5.079999923706055,147137300
2022-02-18,5.079999923706055,5.130000114440918,5.070000171661377,5.119999885559082,89951803
2022-02-21,5.079999923706055,5.130000114440918,5.070000171661377,5.110000133514404,93383900
2022-02-22,5.170000076293945,5.199999809265137,5.119999885559082,5.130000114440918,227181400
2022-02-23,5.130000114440918,5.159999847412109,5.119999885559082,5.150000095367432,78324616
2022-02-24,5.260000228881836,5.269999980926514,5.179999828338623,5.190000057220459,299578389
2022-02-25,5.260000228881836,5.28000020980835,5.21999979019165,5.230000019073486,227287930
2022-03-01,5.159999847412109,5.21999979019165,5.150000095367432,5.21999979019165,173894608
2022-03-02,5.190000057220459,5.210000038146973,5.170000076293945,5.190000057220459,98164340
2022-03-03,5.170000076293945,5.179999828338623,5.139999866485596,5.159999847412109,64196921
2022-03-04,5.230000019073486,5.25,5.199999809265137,5.230000019073486,126006346
2022-03-07,5.389999866485596,5.409999847412109,5.309999942779541,5.309999942779541,416805527
2022-03-08,5.510000228881836,5.519999980926514,5.409999847412109,5.460000038146973,326748623
2022-03-09,5.440000057220459,5.46999979019165,5.420000076293945,5.449999809265137,189729399
2022-03-10,5.289999961853027,5.340000152587891,5.28000020980835,5.329999923706055,224624571
2022-03-11,5.360000133514404,5.369999885559082,5.309999942779541,5.320000171661377,168173247
2022-03-14,5.349999904632568,5.380000114440918,5.309999942779541,5.340000152587891,177890290
2022-03-15,5.46999979019165,5.46999979019165,5.389999866485596,5.400000095367432,193473699
2022-03-16,5.440000057220459,5.489999771118164,5.400000095367432,5.409999847412109,169672508
2022-03-17,5.269999980926514,5.329999923706055,5.260000228881836,5.300000190734863,291520221
2022-03-18,5.300000190734863,5.309999942779541,5.269999980926514,5.269999980926514,108831000
2022-03-21,5.260000228881836,5.269999980926514,5.230000019073486,5.260000228881836,155143166
2022-03-22,5.25,5.269999980926514,5.239999771118164,5.260000228881836,101857370
2022-03-23,5.199999809265137,5.21999979019165,5.179999828338623,5.210000038146973,141557249
2022-03-24,5.199999809265137,5.239999771118164,5.190000057220459,5.230000019073486,85798912
2022-03-25,5.199999809265137,5.230000019073486,5.190000057220459,5.190000057220459,56781492
2022-03-28,5.25,5.309999942779541,5.239999771118164,5.269999980926514,130726209
2022-03-29,5.239999771118164,5.260000228881836,5.21999979019165,5.230000019073486,49444266
2022-03-30,5.190000057220459,5.199999809265137,5.170000076293945,5.190000057220459,158509362
2022-03-31,5.210000038146973,5.210000038146973,5.170000076293945,5.170000076293945,77248910
2022-04-01,5.230000019073486,5.269999980926514,5.230000019073486,5.260000228881836,95516805
2022-04-06,5.25,5.300000190734863,5.239999771118164,5.28000020980835,86794915
2022-04-07,5.349999904632568,5.349999904632568,5.28000020980835,5.300000190734863,167101629
2022-04-08,5.309999942779541,5.349999904632568,5.300000190734863,5.329999923706055,135557241
2022-04-11,5.400000095367432,5.409999847412109,5.309999942779541,5.329999923706055,162646608
2022-04-12,5.389999866485596,5.429999828338623,5.369999885559082,5.420000076293945,198254893
2022-04-13,5.300000190734863,5.360000133514404,5.300000190734863,5.360000133514404,225119895
2022-04-14,5.309999942779541,5.320000171661377,5.289999961853027,5.289999961853027,99444999
2022-04-15,5.400000095367432,5.409999847412109,5.360000133514404,5.369999885559082,191903733
2022-04-18,5.429999828338623,5.449999809265137,5.389999866485596,5.429999828338623,127262216
2022-04-19,5.380000114440918,5.389999866485596,5.349999904632568,5.380000114440918,110543740
2022-04-20,5.360000133514404,5.400000095367432,5.349999904632568,5.360000133514404,122838941
2022-04-21,5.340000152587891,5.360000133514404,5.309999942779541,5.329999923706055,78915299
2022-04-22,5.380000114440918,5.429999828338623,5.380000114440918,5.409999847412109,137543040
2022-04-25,5.519999980926514,5.53000020980835,5.460000038146973,5.480000019073486,302779699
2022-04-26,5.519999980926514,5.53000020980835,5.480000019073486,5.489999771118164,235611859
2022-04-27,5.610000133514404,5.650000095367432,5.579999923706055,5.619999885559082,311551467
2022-04-28,5.579999923706055,5.630000114440918,5.559999942779541,5.590000152587891,164758698
2022-04-29,5.510000228881836,5.539999961853027,5.489999771118164,5.5,186139418
2022-05-03,5.550000190734863,5.559999942779541,5.510000228881836,5.53000020980835,175126527
2022-05-04,5.519999980926514,5.539999961853027,5.5,5.519999980926514,119082040
2022-05-05,5.46999979019165,5.489999771118164,5.440000057220459,5.440000057220459,142960931
2022-05-06,5.579999923706055,5.610000133514404,5.570000171661377,5.590000152587891,181719000
2022-05-09,5.690000057220459,5.690000057220459,5.630000114440918,5.639999866485596,227958860
2022-05-10,5.679999828338623,5.800000190734863,5.679999828338623,5.769999980926514,353986200
2022-05-11,5.710000038146973,5.730000019073486,5.679999828338623,5.71999979019165,133700500
2022-05-12,5.829999923706055,5.829999923706055,5.739999771118164,5.760000228881836,208845237
2022-05-13,5.75,5.789999961853027,5.75,5.760000228881836,189310449
2022-05-16,5.71999979019165,5.75,5.679999828338623,5.690000057220459,170302100
2022-05-17,5.670000076293945,5.710000038146973,5.659999847412109,5.699999809265137,180508565
2022-05-18,5.619999885559082,5.639999866485596,5.599999904632568,5.619999885559082,194579583
2022-05-19,5.699999809265137,5.75,5.690000057220459,5.730000019073486,184820651
2022-05-20,5.639999866485596,5.679999828338623,5.630000114440918,5.670000076293945,173600317
2022-05-23,5.639999866485596,5.659999847412109,5.599999904632568,5.610000133514404,107323967
2022-05-24,5.710000038146973,5.710000038146973,5.619999885559082,5.619999885559082,138638400
2022-05-25,5.659999847412109,5.699999809265137,5.630000114440918,5.679999828338623,157459600
2022-05-26,5.710000038146973,5.710000038146973,5.619999885559082,5.630000114440918,113390179
2022-05-27,5.590000152587891,5.639999866485596,5.590000152587891,5.639999866485596,182537607
2022-05-30,5.480000019073486,5.53000020980835,5.46999979019165,5.519999980926514,256143549
2022-05-31,5.449999809265137,5.519999980926514,5.449999809265137,5.5,140366276
2022-06-01,5.449999809265137,5.46999979019165,5.420000076293945,5.460000038146973,153758600
2022-06-02,5.480000019073486,5.510000228881836,5.46999979019165,5.489999771118164,106306398
2022-06-06,5.480000019073486,5.519999980926514,5.449999809265137,5.460000038146973,88303214
2022-06-07,5.510000228881836,5.53000020980835,5.489999771118164,5.510000228881836,83418505
2022-06-08,5.449999809265137,5.480000019073486,5.440000057220459,5.480000019073486,155075613
2022-06-09,5.460000038146973,5.489999771118164,5.460000038146973,5.480000019073486,44353103
2022-06-10,5.519999980926514,5.550000190734863,5.5,5.53000020980835,104394399
2022-06-13,5.650000095367432,5.670000076293945,5.630000114440918,5.639999866485596,203392577
2022-06-14,5.659999847412109,5.71999979019165,5.639999866485596,5.690000057220459,259598177
2022-06-15,5.670000076293945,5.690000057220459,5.639999866485596,5.679999828338623,125484396
2022-06-16,5.71999979019165,5.730000019073486,5.579999923706055,5.610000133514404,242674381
2022-06-17,5.789999961853027,5.820000171661377,5.75,5.789999961853027,373180393
2022-06-20,5.880000114440918,5.880000114440918,5.78000020980835,5.78000020980835,505244747
2022-06-21,5.739999771118164,5.829999923706055,5.739999771118164,5.800000190734863,297629218
2022-06-22,5.860000133514404,5.880000114440918,5.760000228881836,5.760000228881836,287033649
2022-06-23,5.909999847412109,5.949999809265137,5.820000171661377,5.820000171661377,333618442
2022-06-24,5.869999885559082,5.889999866485596,5.809999942779541,5.829999923706055,267327230
2022-06-27,5.75,5.789999961853027,5.71999979019165,5.789999961853027,277465434
2022-06-28,5.800000190734863,5.840000152587891,5.760000228881836,5.760000228881836,158142965
2022-06-29,5.860000133514404,5.880000114440918,5.829999923706055,5.869999885559082,156056444
2022-06-30,6.0,6.010000228881836,5.889999866485596,5.889999866485596,330885544
2022-07-01,6.199999809265137,6.210000038146973,6.0,6.0,421882023
2022-07-04,6.230000019073486,6.260000228881836,6.130000114440918,6.190000057220459,393362722
2022-07-05,6.170000076293945,6.28000020980835,6.079999923706055,6.099999904632568,348267081
2022-07-06,6.320000171661377,6.320000171661377,6.170000076293945,6.190000057220459,235702865
2022-07-07,6.159999847412109,6.340000152587891,6.130000114440918,6.260000228881836,483289627
2022-07-08,6.099999904632568,6.150000095367432,6.050000190734863,6.090000152587891,313965500
2022-07-11,6.150000095367432,6.159999847412109,6.059999942779541,6.059999942779541,130056716
2022-07-12,6.309999942779541,6.320000171661377,6.210000038146973,6.210000038146973,263018726
2022-07-13,6.119999885559082,6.159999847412109,6.090000152587891,6.130000114440918,387965958
2022-07-14,6.079999923706055,6.199999809265137,6.059999942779541,6.170000076293945,254939500
2022-07-15,6.03000020980835,6.110000133514404,6.010000228881836,6.070000171661377,244158320
2022-07-18,5.980000019073486,6.039999961853027,5.949999809265137,6.0,164747243
2022-07-19,5.960000038146973,6.019999980926514,5.960000038146973,6.010000228881836,128313006
2022-07-20,5.940000057220459,5.949999809265137,5.860000133514404,5.860000133514404,221530197
2022-07-21,5.869999885559082,5.949999809265137,5.869999885559082,5.900000095367432,135773962
2022-07-22,5.869999885559082,5.889999866485596,5.829999923706055,5.849999904632568,126737810
2022-07-25,5.849999904632568,5.900000095367432,5.840000152587891,5.889999866485596,122241000
2022-07-26,5.900000095367432,5.920000076293945,5.860000133514404,5.869999885559082,132141530
2022-07-27,5.860000133514404,5.929999828338623,5.860000133514404,5.900000095367432,150216978
2022-07-28,5.860000133514404,5.860000133514404,5.789999961853027,5.800000190734863,135822752
2022-07-29,5.809999942779541,5.829999923706055,5.78000020980835,5.789999961853027,170256314
2022-08-01,5.820000171661377,5.849999904632568,5.789999961853027,5.800000190734863,149157800
2022-08-02,5.909999847412109,5.929999828338623,5.880000114440918,5.880000114440918,179058655
2022-08-03,5.900000095367432,5.920000076293945,5.880000114440918,5.909999847412109,187556991
2022-08-04,5.900000095367432,5.980000019073486,5.869999885559082,5.880000114440918,155739650
2022-08-05,5.75,5.829999923706055,5.75,5.829999923706055,299697915
2022-08-08,5.769999980926514,5.809999942779541,5.760000228881836,5.789999961853027,83962498
2022-08-09,5.760000228881836,5.820000171661377,5.739999771118164,5.789999961853027,79863000
2022-08-10,5.800000190734863,5.829999923706055,5.78000020980835,5.809999942779541,70934076
2022-08-11,5.690000057220459,5.730000019073486,5.679999828338623,5.699999809265137,187626878
2022-08-12,5.650000095367432,5.690000057220459,5.639999866485596,5.679999828338623,149623671
2022-08-15,5.599999904632568,5.639999866485596,5.590000152587891,5.619999885559082,222147271
2022-08-16,5.610000133514404,5.610000133514404,5.579999923706055,5.610000133514404,104773727
2022-08-17,5.599999904632568,5.619999885559082,5.590000152587891,5.610000133514404,71040299
2022-08-18,5.610000133514404,5.650000095367432,5.610000133514404,5.639999866485596,78628710
2022-08-19,5.610000133514404,5.639999866485596,5.579999923706055,5.619999885559082,55948481
2022-08-22,5.650000095367432,5.679999828338623,5.639999866485596,5.670000076293945,70416000
2022-08-23,5.730000019073486,5.730000019073486,5.690000057220459,5.71999979019165,151850277
2022-08-24,5.739999771118164,5.75,5.690000057220459,5.699999809265137,95592299
2022-08-25,5.679999828338623,5.699999809265137,5.650000095367432,5.699999809265137,104675282
2022-08-26,5.650000095367432,5.650000095367432,5.619999885559082,5.630000114440918,112508100
2022-08-29,5.800000190734863,5.829999923706055,5.78000020980835,5.800000190734863,258048482
2022-08-30,5.769999980926514,5.800000190734863,5.739999771118164,5.789999961853027,169552223
2022-08-31,5.71999979019165,5.809999942779541,5.710000038146973,5.800000190734863,153579453
2022-09-01,5.840000152587891,5.860000133514404,5.809999942779541,5.820000171661377,257769667
2022-09-02,5.889999866485596,5.889999866485596,5.820000171661377,5.829999923706055,192255845
2022-09-05,5.889999866485596,5.909999847412109,5.840000152587891,5.860000133514404,186412326
2022-09-06,5.889999866485596,5.909999847412109,5.829999923706055,5.849999904632568,109606819
2022-09-07,5.980000019073486,6.0,5.949999809265137,5.949999809265137,198583403
2022-09-08,5.929999828338623,5.980000019073486,5.920000076293945,5.940000057220459,182703179
2022-09-12,5.809999942779541,5.840000152587891,5.789999961853027,5.820000171661377,164133256
2022-09-13,5.789999961853027,5.800000190734863,5.75,5.769999980926514,140551970
2022-09-14,5.889999866485596,5.949999809265137,5.869999885559082,5.949999809265137,200230246
2022-09-15,5.880000114440918,5.900000095367432,5.840000152587891,5.889999866485596,95839159
2022-09-16,5.929999828338623,5.940000057220459,5.909999847412109,5.929999828338623,123202398
2022-09-19,5.949999809265137,5.96999979019165,5.900000095367432,5.900000095367432,126689899
2022-09-20,5.900000095367432,5.940000057220459,5.900000095367432,5.909999847412109,95388354
2022-09-21,5.940000057220459,5.960000038146973,5.920000076293945,5.929999828338623,101881043
2022-09-22,6.019999980926514,6.079999923706055,6.010000228881836,6.039999961853027,253188004
2022-09-23,6.070000171661377,6.099999904632568,6.019999980926514,6.03000020980835,164700498
2022-09-26,6.210000038146973,6.230000019073486,6.150000095367432,6.150000095367432,292297352
2022-09-27,6.190000057220459,6.230000019073486,6.170000076293945,6.190000057220459,208450870
2022-09-28,6.340000152587891,6.340000152587891,6.179999828338623,6.179999828338623,293182339
2022-09-29,6.320000171661377,6.349999904632568,6.25,6.25,238035620
2022-09-30,6.380000114440918,6.429999828338623,6.360000133514404,6.420000076293945,276350996
2022-10-03,6.449999809265137,6.460000038146973,6.360000133514404,6.449999809265137,243437373
2022-10-04,6.289999961853027,6.340000152587891,6.28000020980835,6.289999961853027,287675990
2022-10-05,6.190000057220459,6.230000019073486,6.150000095367432,6.199999809265137,337947153
2022-10-06,6.159999847412109,6.190000057220459,6.150000095367432,6.159999847412109,193427500
2022-10-07,6.239999771118164,6.25,6.190000057220459,6.190000057220459,198528864
2022-10-11,6.519999980926514,6.519999980926514,6.420000076293945,6.440000057220459,359330648
2022-10-12,6.53000020980835,6.579999923706055,6.489999771118164,6.510000228881836,224195600
2022-10-13,6.659999847412109,6.659999847412109,6.519999980926514,6.53000020980835,264738500
2022-10-14,6.46999979019165,6.519999980926514,6.429999828338623,6.489999771118164,356949931
2022-10-17,6.559999942779541,6.639999866485596,6.559999942779541,6.570000171661377,268047715
2022-10-18,6.5,6.559999942779541,6.460000038146973,6.460000038146973,221373283
2022-10-19,6.559999942779541,6.559999942779541,6.460000038146973,6.5,168394450
2022-10-20,6.599999904632568,6.71999979019165,6.590000152587891,6.650000095367432,316123900
2022-10-21,6.650000095367432,6.650000095367432,6.570000171661377,6.599999904632568,136677041
2022-10-24,6.619999885559082,6.619999885559082,6.510000228881836,6.510000228881836,319823362
2022-10-25,6.710000038146973,6.730000019073486,6.599999904632568,6.599999904632568,257382124
2022-10-26,6.659999847412109,6.71999979019165,6.630000114440918,6.690000057220459,169256459
2022-10-27,6.570000171661377,6.599999904632568,6.550000190734863,6.599999904632568,191918898
2022-10-28,6.659999847412109,6.670000076293945,6.579999923706055,6.590000152587891,149727950
2022-10-31,6.570000171661377,6.630000114440918,6.539999961853027,6.590000152587891,137409601
2022-11-01,6.519999980926514,6.579999923706055,6.480000019073486,6.570000171661377,131601220
2022-11-02,6.5,6.53000020980835,6.489999771118164,6.510000228881836,80720832
2022-11-03,6.559999942779541,6.599999904632568,6.550000190734863,6.599999904632568,119731934
2022-11-04,6.519999980926514,6.619999885559082,6.519999980926514,6.590000152587891,127736147
2022-11-07,6.429999828338623,6.489999771118164,6.400000095367432,6.460000038146973,188819303
2022-11-08,6.380000114440918,6.389999866485596,6.340000152587891,6.380000114440918,173468400
2022-11-09,6.230000019073486,6.320000171661377,6.230000019073486,6.320000171661377,259281497
2022-11-10,6.300000190734863,6.309999942779541,6.260000228881836,6.289999961853027,141543496
2022-11-11,6.059999942779541,6.110000133514404,6.03000020980835,6.039999961853027,587433066
2022-11-14,5.989999771118164,6.03000020980835,5.96999979019165,6.010000228881836,388114747
2022-11-15,5.820000171661377,5.960000038146973,5.809999942779541,5.949999809265137,593722650
2022-11-16,5.809999942779541,5.860000133514404,5.78000020980835,5.820000171661377,402628313
2022-11-17,5.789999961853027,5.869999885559082,5.789999961853027,5.840000152587891,254796079
2022-11-18,5.809999942779541,5.829999923706055,5.730000019073486,5.78000020980835,255561800
2022-11-21,5.840000152587891,5.840000152587891,5.800000190734863,5.820000171661377,129644143
2022-11-22,5.809999942779541,5.860000133514404,5.789999961853027,5.849999904632568,144933000
2022-11-23,5.769999980926514,5.789999961853027,5.75,5.75,131175085
2022-11-24,5.690000057220459,5.75,5.690000057220459,5.730000019073486,268293337
2022-11-25,5.730000019073486,5.730000019073486,5.690000057220459,5.699999809265137,155224834
2022-11-28,5.800000190734863,5.829999923706055,5.769999980926514,5.800000190734863,185241401
2022-11-29,5.75,5.840000152587891,5.739999771118164,5.820000171661377,188406200
2022-11-30,5.679999828338623,5.760000228881836,5.679999828338623,5.760000228881836,236848648
2022-12-01,5.619999885559082,5.639999866485596,5.559999942779541,5.570000171661377,329275575
2022-12-02,5.650000095367432,5.670000076293945,5.619999885559082,5.659999847412109,112501184
2022-12-05,5.639999866485596,5.659999847412109,5.590000152587891,5.650000095367432,130707844
2022-12-06,5.730000019073486,5.730000019073486,5.650000095367432,5.670000076293945,187136170
2022-12-07,5.760000228881836,5.769999980926514,5.690000057220459,5.75,311334719
2022-12-08,5.800000190734863,5.840000152587891,5.769999980926514,5.769999980926514,235086683
2022-12-09,5.730000019073486,5.769999980926514,5.710000038146973,5.75,228437668
2022-12-12,5.78000020980835,5.809999942779541,5.760000228881836,5.769999980926514,120336655
2022-12-13,5.800000190734863,5.809999942779541,5.739999771118164,5.75,113997003
2022-12-14,5.710000038146973,5.78000020980835,5.710000038146973,5.769999980926514,262184498
2022-12-15,5.71999979019165,5.760000228881836,5.699999809265137,5.739999771118164,113101272
2022-12-16,5.820000171661377,5.840000152587891,5.78000020980835,5.829999923706055,226291467
2022-12-19,5.840000152587891,5.849999904632568,5.809999942779541,5.849999904632568,146101545
2022-12-20,5.940000057220459,5.949999809265137,5.820000171661377,5.840000152587891,265681594
2022-12-21,5.929999828338623,5.940000057220459,5.880000114440918,5.909999847412109,192275934
2022-12-22,5.829999923706055,5.869999885559082,5.820000171661377,5.860000133514404,198315400
2022-12-23,5.889999866485596,5.929999828338623,5.880000114440918,5.909999847412109,180272390
2022-12-26,5.889999866485596,5.909999847412109,5.869999885559082,5.880000114440918,74725027
2022-12-27,5.849999904632568,5.869999885559082,5.820000171661377,5.849999904632568,135597207
2022-12-28,5.940000057220459,5.949999809265137,5.900000095367432,5.909999847412109,164130215
2022-12-29,5.960000038146973,6.010000228881836,5.949999809265137,5.980000019073486,207011770
2022-12-30,5.909999847412109,5.920000076293945,5.889999866485596,5.900000095367432,128598317
2023-01-03,5.880000114440918,6.0,5.880000114440918,5.960000038146973,197390403
2023-01-04,5.900000095367432,5.909999847412109,5.860000133514404,5.900000095367432,98948272
2023-01-05,5.869999885559082,5.880000114440918,5.820000171661377,5.840000152587891,143078245
2023-01-06,5.820000171661377,5.869999885559082,5.800000190734863,5.869999885559082,215080916
2023-01-09,5.659999847412109,5.739999771118164,5.659999847412109,5.71999979019165,429793607
2023-01-10,5.639999866485596,5.679999828338623,5.630000114440918,5.659999847412109,212351504
2023-01-11,5.650000095367432,5.670000076293945,5.619999885559082,5.619999885559082,96001774
2023-01-12,5.659999847412109,5.679999828338623,5.630000114440918,5.630000114440918,85398000
2023-01-13,5.630000114440918,5.639999866485596,5.570000171661377,5.579999923706055,149286446
2023-01-16,5.590000152587891,5.599999904632568,5.570000171661377,5.579999923706055,125816108
2023-01-17,5.579999923706055,5.599999904632568,5.570000171661377,5.590000152587891,116297712
2023-01-30,5.400000095367432,5.429999828338623,5.349999904632568,5.389999866485596,279948497
2023-01-31,5.440000057220459,5.449999809265137,5.389999866485596,5.400000095367432,122504695
2023-02-01,5.420000076293945,5.449999809265137,5.400000095367432,5.409999847412109,109568549
2023-02-02,5.349999904632568,5.380000114440918,5.329999923706055,5.369999885559082,256314429
2023-02-03,5.340000152587891,5.380000114440918,5.329999923706055,5.360000133514404,121462201
2023-02-06,5.400000095367432,5.400000095367432,5.369999885559082,5.380000114440918,100532165
2023-02-07,5.409999847412109,5.420000076293945,5.389999866485596,5.409999847412109,60668995
2023-02-08,5.340000152587891,5.369999885559082,5.329999923706055,5.369999885559082,155849919
2023-02-09,5.340000152587891,5.360000133514404,5.329999923706055,5.360000133514404,77196405
2023-02-10,5.349999904632568,5.369999885559082,5.340000152587891,5.360000133514404,106904786
2023-02-13,5.369999885559082,5.400000095367432,5.349999904632568,5.360000133514404,117279996
2023-02-14,5.320000171661377,5.340000152587891,5.300000190734863,5.340000152587891,144176168
2023-02-15,5.409999847412109,5.409999847412109,5.349999904632568,5.380000114440918,254832095
2023-02-16,5.340000152587891,5.380000114440918,5.329999923706055,5.369999885559082,216568020
2023-02-17,5.389999866485596,5.400000095367432,5.369999885559082,5.380000114440918,138352997
2023-02-20,5.360000133514404,5.400000095367432,5.340000152587891,5.389999866485596,89518430
2023-02-21,5.349999904632568,5.380000114440918,5.349999904632568,5.369999885559082,64438475
2023-02-22,5.409999847412109,5.429999828338623,5.400000095367432,5.409999847412109,198462760
2023-02-23,5.329999923706055,5.380000114440918,5.309999942779541,5.369999885559082,227232995
2023-02-24,5.349999904632568,5.360000133514404,5.300000190734863,5.320000171661377,130160454
2023-03-01,5.340000152587891,5.429999828338623,5.340000152587891,5.409999847412109,187012123
2023-03-02,5.349999904632568,5.389999866485596,5.340000152587891,5.360000133514404,99176058
2023-03-03,5.329999923706055,5.340000152587891,5.309999942779541,5.329999923706055,115807999
2023-03-06,5.260000228881836,5.309999942779541,5.25,5.289999961853027,288746366
2023-03-07,5.230000019073486,5.28000020980835,5.230000019073486,5.269999980926514,144072574
2023-03-08,5.260000228881836,5.289999961853027,5.260000228881836,5.28000020980835,107343534
2023-03-09,5.28000020980835,5.28000020980835,5.239999771118164,5.239999771118164,62991620
2023-03-10,5.369999885559082,5.380000114440918,5.329999923706055,5.329999923706055,249299461
2023-03-13,5.349999904632568,5.420000076293945,5.349999904632568,5.380000114440918,249940285
2023-03-14,5.409999847412109,5.429999828338623,5.389999866485596,5.400000095367432,210636264
2023-03-15,5.389999866485596,5.409999847412109,5.349999904632568,5.380000114440918,156613801
2023-03-16,5.449999809265137,5.46999979019165,5.400000095367432,5.420000076293945,299675930
2023-03-17,5.369999885559082,5.409999847412109,5.369999885559082,5.409999847412109,196544700
2023-03-20,5.380000114440918,5.389999866485596,5.349999904632568,5.349999904632568,114501350
2023-03-21,5.349999904632568,5.369999885559082,5.329999923706055,5.349999904632568,120341407
2023-03-22,5.260000228881836,5.320000171661377,5.260000228881836,5.309999942779541,261657529
2023-03-23,5.230000019073486,5.28000020980835,5.210000038146973,5.28000020980835,225492712
2023-03-24,5.199999809265137,5.239999771118164,5.199999809265137,5.21999979019165,159562901
2023-03-27,5.239999771118164,5.239999771118164,5.210000038146973,5.21999979019165,107863914
2023-03-28,5.28000020980835,5.289999961853027,5.230000019073486,5.25,121321091
2023-03-29,5.269999980926514,5.289999961853027,5.239999771118164,5.269999980926514,113584990
2023-03-30,5.230000019073486,5.25,5.21999979019165,5.230000019073486,85919566
2023-03-31,5.21999979019165,5.21999979019165,5.179999828338623,5.210000038146973,174788081
2023-04-06,5.25,5.269999980926514,5.230000019073486,5.25,99211065
2023-04-07,5.230000019073486,5.239999771118164,5.210000038146973,5.21999979019165,55804500
2023-04-10,5.21999979019165,5.230000019073486,5.190000057220459,5.21999979019165,90739945
2023-04-11,5.199999809265137,5.230000019073486,5.190000057220459,5.21999979019165,89142963
2023-04-12,5.190000057220459,5.21999979019165,5.190000057220459,5.199999809265137,54891093
2023-04-13,5.239999771118164,5.239999771118164,5.210000038146973,5.21999979019165,84325185
2023-04-14,5.190000057220459,5.230000019073486,5.179999828338623,5.210000038146973,123592195
2023-04-17,5.199999809265137,5.21999979019165,5.190000057220459,5.199999809265137,57507902
2023-04-18,5.210000038146973,5.21999979019165,5.190000057220459,5.210000038146973,57971212
2023-04-19,5.230000019073486,5.25,5.199999809265137,5.210000038146973,94819308
2023-04-20,5.25,5.269999980926514,5.230000019073486,5.25,120982570
2023-04-21,5.289999961853027,5.300000190734863,5.239999771118164,5.239999771118164,149393054
2023-04-24,5.289999961853027,5.320000171661377,5.28000020980835,5.309999942779541,85423376
2023-04-25,5.360000133514404,5.369999885559082,5.28000020980835,5.28000020980835,174870530
2023-04-26,5.360000133514404,5.400000095367432,5.360000133514404,5.369999885559082,215783079
2023-04-27,5.360000133514404,5.400000095367432,5.340000152587891,5.369999885559082,125500788
2023-04-28,5.309999942779541,5.329999923706055,5.289999961853027,5.320000171661377,194263942
2023-05-02,5.28000020980835,5.309999942779541,5.269999980926514,5.300000190734863,94530153
2023-05-03,5.300000190734863,5.320000171661377,5.289999961853027,5.309999942779541,74892365
2023-05-04,5.28000020980835,5.329999923706055,5.28000020980835,5.329999923706055,85492524
2023-05-05,5.28000020980835,5.300000190734863,5.260000228881836,5.269999980926514,70165926
2023-05-08,5.25,5.260000228881836,5.239999771118164,5.25,98603841
2023-05-09,5.239999771118164,5.28000020980835,5.239999771118164,5.260000228881836,63847400
2023-05-10,5.28000020980835,5.300000190734863,5.260000228881836,5.260000228881836,71863455
2023-05-11,5.320000171661377,5.320000171661377,5.260000228881836,5.269999980926514,98679826
2023-05-12,5.320000171661377,5.349999904632568,5.300000190734863,5.340000152587891,108062456
2023-05-15,5.320000171661377,5.349999904632568,5.309999942779541,5.340000152587891,98979740
2023-05-16,5.269999980926514,5.300000190734863,5.25,5.289999961853027,145398286
2023-05-17,5.179999828338623,5.260000228881836,5.170000076293945,5.260000228881836,370649241
2023-05-18,5.119999885559082,5.150000095367432,5.110000133514404,5.139999866485596,268348608
2023-05-19,5.099999904632568,5.119999885559082,5.090000152587891,5.099999904632568,199033949
2023-05-22,5.090000152587891,5.110000133514404,5.090000152587891,5.099999904632568,78940613
2023-05-23,5.099999904632568,5.119999885559082,5.070000171661377,5.090000152587891,69413500
2023-05-24,5.110000133514404,5.139999866485596,5.099999904632568,5.119999885559082,96426022
2023-05-25,5.059999942779541,5.099999904632568,5.059999942779541,5.070000171661377,154422196
2023-05-26,4.989999771118164,5.019999980926514,4.989999771118164,5.010000228881836,270874288
2023-05-29,4.940000057220459,4.960000038146973,4.929999828338623,4.929999828338623,255003090
2023-05-30,4.940000057220459,4.96999979019165,4.940000057220459,4.949999809265137,88728018
2023-05-31,4.96999979019165,4.989999771118164,4.940000057220459,4.960000038146973,83405190
2023-06-01,4.980000019073486,5.0,4.96999979019165,4.989999771118164,78771200
2023-06-02,4.909999847412109,4.949999809265137,4.900000095367432,4.949999809265137,240682018
2023-06-05,4.920000076293945,4.920000076293945,4.889999866485596,4.909999847412109,183131081
2023-06-06,4.900000095367432,4.920000076293945,4.889999866485596,4.920000076293945,73688275
2023-06-07,4.849999904632568,4.900000095367432,4.849999904632568,4.889999866485596,194238006
2023-06-08,4.909999847412109,4.920000076293945,4.860000133514404,4.869999885559082,109671311
2023-06-09,4.860000133514404,4.889999866485596,4.849999904632568,4.880000114440918,85963599
2023-06-12,4.840000152587891,4.849999904632568,4.820000171661377,4.840000152587891,107580842
2023-06-13,4.75,4.800000190734863,4.739999771118164,4.800000190734863,264633175
2023-06-14,4.760000228881836,4.78000020980835,4.75,4.769999980926514,96561518
2023-06-15,4.730000019073486,4.760000228881836,4.71999979019165,4.75,166467725
2023-06-16,4.739999771118164,4.760000228881836,4.730000019073486,4.739999771118164,99491200
2023-06-19,4.75,4.769999980926514,4.739999771118164,4.760000228881836,80987006
2023-06-20,4.769999980926514,4.789999961853027,4.75,4.760000228881836,95094249
2023-06-21,4.769999980926514,4.78000020980835,4.75,4.769999980926514,85472462
2023-06-26,4.809999942779541,4.820000171661377,4.789999961853027,4.789999961853027,114043000
2023-06-27,4.840000152587891,4.849999904632568,4.800000190734863,4.829999923706055,146118224
2023-06-28,4.829999923706055,4.849999904632568,4.809999942779541,4.820000171661377,119733206
2023-06-29,4.829999923706055,4.840000152587891,4.769999980926514,4.800000190734863,106136700
2023-06-30,4.820000171661377,4.860000133514404,4.820000171661377,4.840000152587891,87037751
2023-07-03,4.75,4.789999961853027,4.75,4.78000020980835,152411533
2023-07-04,4.739999771118164,4.769999980926514,4.730000019073486,4.75,70239992
2023-07-05,4.769999980926514,4.78000020980835,4.739999771118164,4.75,55856149
2023-07-06,4.860000133514404,4.860000133514404,4.789999961853027,4.809999942779541,146350696
2023-07-07,4.869999885559082,4.900000095367432,4.840000152587891,4.880000114440918,174150372
2023-07-10,4.869999885559082,4.900000095367432,4.840000152587891,4.869999885559082,99596287
2023-07-11,4.809999942779541,4.840000152587891,4.800000190734863,4.829999923706055,111143079
2023-07-12,4.78000020980835,4.820000171661377,4.78000020980835,4.800000190734863,80908679
2023-07-13,4.739999771118164,4.75,4.690000057220459,4.730000019073486,271523040
2023-07-14,4.679999828338623,4.730000019073486,4.679999828338623,4.71999979019165,174107203
2023-07-17,4.679999828338623,4.710000038146973,4.670000076293945,4.699999809265137,94575029
2023-07-18,4.699999809265137,4.730000019073486,4.659999847412109,4.670000076293945,143530551
2023-07-19,4.730000019073486,4.739999771118164,4.679999828338623,4.679999828338623,110460503
2023-07-20,4.71999979019165,4.75,4.710000038146973,4.739999771118164,68600000
2023-07-21,4.760000228881836,4.809999942779541,4.760000228881836,4.78000020980835,180480517
2023-07-24,4.760000228881836,4.789999961853027,4.739999771118164,4.760000228881836,84888630
2023-07-25,4.699999809265137,4.739999771118164,4.690000057220459,4.739999771118164,127922262
2023-07-26,4.71999979019165,4.730000019073486,4.699999809265137,4.699999809265137,60881810
2023-07-27,4.690000057220459,4.710000038146973,4.679999828338623,4.690000057220459,97388538
2023-07-28,4.679999828338623,4.71999979019165,4.670000076293945,4.699999809265137,90721487
2023-07-31,4.730000019073486,4.739999771118164,4.639999866485596,4.650000095367432,187013008
2023-08-01,4.690000057220459,4.730000019073486,4.690000057220459,4.710000038146973,75297300
2023-08-02,4.800000190734863,4.800000190734863,4.699999809265137,4.71999979019165,226850314
2023-08-04,4.800000190734863,4.820000171661377,4.78000020980835,4.800000190734863,163773148
2023-08-07,4.739999771118164,4.789999961853027,4.739999771118164,4.78000020980835,93690778
2023-08-08,4.800000190734863,4.820000171661377,4.75,4.760000228881836,90663367
2023-08-09,4.800000190734863,4.809999942779541,4.760000228881836,4.809999942779541,80149605
2023-08-10,4.840000152587891,4.860000133514404,4.800000190734863,4.809999942779541,183030159
2023-08-11,4.849999904632568,4.860000133514404,4.809999942779541,4.820000171661377,81659707
2023-08-14,4.929999828338623,4.940000057220459,4.869999885559082,4.869999885559082,214668576
2023-08-15,4.909999847412109,4.909999847412109,4.869999885559082,4.889999866485596,120384146
2023-08-16,4.909999847412109,4.949999809265137,4.909999847412109,4.940000057220459,116226601
2023-08-17,4.880000114440918,4.96999979019165,4.880000114440918,4.949999809265137,189388200
2023-08-18,4.929999828338623,4.940000057220459,4.869999885559082,4.900000095367432,130216865
2023-08-21,4.920000076293945,4.940000057220459,4.889999866485596,4.900000095367432,94400195
2023-08-22,4.909999847412109,4.920000076293945,4.880000114440918,4.889999866485596,64608300
2023-08-23,4.860000133514404,4.909999847412109,4.860000133514404,4.909999847412109,85047192
2023-08-24,4.800000190734863,4.829999923706055,4.789999961853027,4.800000190734863,159787928
2023-08-25,4.900000095367432,4.900000095367432,4.849999904632568,4.860000133514404,101369098
2023-08-28,4.880000114440918,4.889999866485596,4.860000133514404,4.880000114440918,63611600
2023-08-29,4.840000152587891,4.889999866485596,4.840000152587891,4.860000133514404,66892115
2023-08-30,4.809999942779541,4.829999923706055,4.800000190734863,4.800000190734863,87900779
2023-08-31,4.829999923706055,4.849999904632568,4.820000171661377,4.829999923706055,49363770
2023-09-01,4.840000152587891,4.849999904632568,4.809999942779541,4.840000152587891,37128532
2023-09-04,4.809999942779541,4.849999904632568,4.800000190734863,4.840000152587891,49879728
2023-09-05,4.800000190734863,4.820000171661377,4.800000190734863,4.820000171661377,39779348
2023-09-06,4.820000171661377,4.820000171661377,4.789999961853027,4.800000190734863,33760079
2023-09-07,4.860000133514404,4.860000133514404,4.829999923706055,4.849999904632568,63449444
2023-09-08,4.860000133514404,4.889999866485596,4.849999904632568,4.880000114440918,62987296
2023-09-11,4.909999847412109,4.920000076293945,4.860000133514404,4.860000133514404,115554955
2023-09-12,4.860000133514404,4.909999847412109,4.849999904632568,4.889999866485596,76989152
2023-09-13,4.860000133514404,4.869999885559082,4.829999923706055,4.860000133514404,47298598
2023-09-14,4.78000020980835,4.829999923706055,4.78000020980835,4.829999923706055,147901100
2023-09-15,4.75,4.789999961853027,4.75,4.769999980926514,99021704
2023-09-18,4.809999942779541,4.820000171661377,4.789999961853027,4.800000190734863,75969292
2023-09-19,4.840000152587891,4.840000152587891,4.800000190734863,4.809999942779541,61569586
2023-09-20,4.860000133514404,4.869999885559082,4.829999923706055,4.840000152587891,80990879
2023-09-21,4.929999828338623,4.940000057220459,4.889999866485596,4.900000095367432,192953946
2023-09-22,4.929999828338623,4.960000038146973,4.920000076293945,4.960000038146973,91379560
2023-09-25,4.880000114440918,4.920000076293945,4.880000114440918,4.920000076293945,63345071
2023-09-26,4.949999809265137,4.949999809265137,4.909999847412109,4.920000076293945,98149632
2023-09-27,4.929999828338623,4.960000038146973,4.920000076293945,4.960000038146973,77391998
2023-09-28,4.929999828338623,4.940000057220459,4.900000095367432,4.909999847412109,48137999
2023-10-02,4.849999904632568,4.880000114440918,4.840000152587891,4.880000114440918,99568906
2023-10-03,4.900000095367432,4.900000095367432,4.860000133514404,4.869999885559082,76869000
2023-10-04,4.949999809265137,4.980000019073486,4.940000057220459,4.960000038146973,216796158
2023-10-05,4.889999866485596,4.929999828338623,4.880000114440918,4.929999828338623,117262047
2023-10-06,4.880000114440918,4.889999866485596,4.860000133514404,4.869999885559082,67071750
2023-10-11,4.820000171661377,4.829999923706055,4.789999961853027,4.800000190734863,166090246
2023-10-12,4.78000020980835,4.809999942779541,4.769999980926514,4.800000190734863,95054859
2023-10-13,4.800000190734863,4.809999942779541,4.78000020980835,4.800000190734863,57910155
2023-10-16,4.820000171661377,4.840000152587891,4.809999942779541,4.829999923706055,60332457
2023-10-17,4.820000171661377,4.829999923706055,4.789999961853027,4.789999961853027,30191278
2023-10-18,4.880000114440918,4.880000114440918,4.829999923706055,4.829999923706055,88556300
2023-10-19,4.880000114440918,4.900000095367432,4.869999885559082,4.900000095367432,94977204
2023-10-20,4.889999866485596,4.940000057220459,4.869999885559082,4.900000095367432,102705864
2023-10-23,4.929999828338623,4.949999809265137,4.909999847412109,4.909999847412109,121938999
2023-10-24,4.909999847412109,4.980000019073486,4.909999847412109,4.940000057220459,113276998
2023-10-25,4.909999847412109,4.909999847412109,4.869999885559082,4.900000095367432,63049321
2023-10-26,5.0,5.010000228881836,4.960000038146973,4.980000019073486,190915747
2023-10-27,4.96999979019165,4.989999771118164,4.949999809265137,4.980000019073486,79593209
2023-10-30,4.96999979019165,4.980000019073486,4.949999809265137,4.96999979019165,65662675
2023-10-31,5.019999980926514,5.03000020980835,4.960000038146973,4.960000038146973,114350974
2023-11-01,5.0,5.03000020980835,4.980000019073486,4.989999771118164,80950099
2023-11-02,4.889999866485596,4.940000057220459,4.889999866485596,4.929999828338623,187573090
2023-11-03,4.860000133514404,4.880000114440918,4.849999904632568,4.869999885559082,100520161
2023-11-06,4.820000171661377,4.829999923706055,4.789999961853027,4.820000171661377,129121881
2023-11-07,4.820000171661377,4.840000152587891,4.809999942779541,4.829999923706055,62914455
2023-11-08,4.789999961853027,4.820000171661377,4.78000020980835,4.800000190734863,83602569
2023-11-09,4.78000020980835,4.820000171661377,4.78000020980835,4.800000190734863,59070368
2023-11-10,4.809999942779541,4.829999923706055,4.809999942779541,4.820000171661377,65900100
2023-11-13,4.760000228881836,4.769999980926514,4.71999979019165,4.730000019073486,108115020
2023-11-14,4.730000019073486,4.75,4.71999979019165,4.739999771118164,68016148
2023-11-15,4.690000057220459,4.699999809265137,4.670000076293945,4.679999828338623,135161105
2023-11-16,4.679999828338623,4.699999809265137,4.659999847412109,4.679999828338623,116365614
2023-11-17,4.679999828338623,4.679999828338623,4.659999847412109,4.679999828338623,114389394
2023-11-20,4.670000076293945,4.690000057220459,4.659999847412109,4.670000076293945,80890805
2023-11-21,4.619999885559082,4.650000095367432,4.610000133514404,4.650000095367432,206634371
2023-11-22,4.650000095367432,4.659999847412109,4.630000114440918,4.650000095367432,81451225
2023-11-23,4.650000095367432,4.670000076293945,4.639999866485596,4.650000095367432,62135227
2023-11-24,4.650000095367432,4.659999847412109,4.630000114440918,4.630000114440918,25072351
2023-11-27,4.679999828338623,4.690000057220459,4.630000114440918,4.650000095367432,62225125
2023-11-28,4.630000114440918,4.670000076293945,4.610000133514404,4.670000076293945,91091911
2023-11-29,4.630000114440918,4.639999866485596,4.599999904632568,4.619999885559082,95821849
2023-11-30,4.630000114440918,4.650000095367432,4.619999885559082,4.619999885559082,51732000
2023-12-01,4.610000133514404,4.650000095367432,4.610000133514404,4.639999866485596,68903381
2023-12-04,4.610000133514404,4.630000114440918,4.590000152587891,4.599999904632568,103869152
2023-12-05,4.639999866485596,4.659999847412109,4.639999866485596,4.639999866485596,70810300
2023-12-06,4.619999885559082,4.639999866485596,4.599999904632568,4.630000114440918,79970000
2023-12-07,4.650000095367432,4.659999847412109,4.619999885559082,4.639999866485596,49300031
2023-12-08,4.630000114440918,4.630000114440918,4.599999904632568,4.610000133514404,118142241
2023-12-11,4.619999885559082,4.630000114440918,4.610000133514404,4.610000133514404,54496400
2023-12-12,4.610000133514404,4.619999885559082,4.579999923706055,4.590000152587891,74495648
2023-12-13,4.599999904632568,4.610000133514404,4.579999923706055,4.599999904632568,41523000
2023-12-14,4.550000190734863,4.570000171661377,4.539999961853027,4.559999942779541,197935254
2023-12-15,4.53000020980835,4.539999961853027,4.519999980926514,4.519999980926514,79917661
2023-12-18,4.539999961853027,4.570000171661377,4.539999961853027,4.550000190734863,139783920
2023-12-19,4.570000171661377,4.590000152587891,4.550000190734863,4.550000190734863,79417599
2023-12-20,4.53000020980835,4.559999942779541,4.53000020980835,4.550000190734863,70766036
2023-12-21,4.570000171661377,4.599999904632568,4.570000171661377,4.590000152587891,79122303
2023-12-22,4.570000171661377,4.579999923706055,4.559999942779541,4.559999942779541,50357500
2023-12-25,4.559999942779541,4.559999942779541,4.539999961853027,4.550000190734863,40488501
2023-12-26,4.53000020980835,4.550000190734863,4.519999980926514,4.550000190734863,90170278
2023-12-27,4.489999771118164,4.53000020980835,4.489999771118164,4.53000020980835,147403728
2023-12-28,4.489999771118164,4.510000228881836,4.480000019073486,4.489999771118164,39722290
2023-12-29,4.480000019073486,4.510000228881836,4.480000019073486,4.489999771118164,69930469
2024-01-02,4.519999980926514,4.519999980926514,4.46999979019165,4.489999771118164,72314000
2024-01-03,4.570000171661377,4.579999923706055,4.539999961853027,4.539999961853027,140929265
2024-01-04,4.570000171661377,4.579999923706055,4.559999942779541,4.579999923706055,74295119
2024-01-05,4.590000152587891,4.590000152587891,4.550000190734863,4.570000171661377,75636987
2024-01-08,4.559999942779541,4.570000171661377,4.53000020980835,4.559999942779541,76117700
2024-01-09,4.570000171661377,4.579999923706055,4.519999980926514,4.519999980926514,54103100
2024-01-10,4.590000152587891,4.599999904632568,4.579999923706055,4.579999923706055,111497908
2024-01-11,4.559999942779541,4.590000152587891,4.550000190734863,4.579999923706055,67743456
2024-01-12,4.590000152587891,4.599999904632568,4.559999942779541,4.579999923706055,66438629
2024-01-15,4.559999942779541,4.579999923706055,4.539999961853027,4.559999942779541,107356000
2024-01-16,4.610000133514404,4.630000114440918,4.590000152587891,4.599999904632568,125463667
2024-01-17,4.639999866485596,4.659999847412109,4.610000133514404,4.610000133514404,152986390
2024-01-18,4.630000114440918,4.659999847412109,4.619999885559082,4.630000114440918,81933700
2024-01-19,4.53000020980835,4.579999923706055,4.519999980926514,4.559999942779541,191146184
2024-01-22,4.489999771118164,4.510000228881836,4.480000019073486,4.5,109297720
2024-01-23,4.480000019073486,4.5,4.46999979019165,4.480000019073486,84851702
2024-01-24,4.480000019073486,4.480000019073486,4.460000038146973,4.46999979019165,69938892
2024-01-25,4.440000057220459,4.46999979019165,4.440000057220459,4.449999809265137,114147032
2024-01-26,4.460000038146973,4.460000038146973,4.440000057220459,4.440000057220459,62231650
2024-01-29,4.409999847412109,4.460000038146973,4.409999847412109,4.449999809265137,98395828
2024-01-30,4.420000076293945,4.429999828338623,4.409999847412109,4.420000076293945,57687400
2024-01-31,4.46999979019165,4.46999979019165,4.440000057220459,4.449999809265137,53330642
2024-02-01,4.449999809265137,4.480000019073486,4.449999809265137,4.460000038146973,60139927
2024-02-02,4.420000076293945,4.440000057220459,4.420000076293945,4.420000076293945,43724900
2024-02-05,4.420000076293945,4.449999809265137,4.409999847412109,4.429999828338623,49779201
2024-02-15,4.28000020980835,4.309999942779541,4.269999980926514,4.300000190734863,247027823
2024-02-16,4.28000020980835,4.289999961853027,4.260000228881836,4.28000020980835,75719778
2024-02-19,4.269999980926514,4.289999961853027,4.269999980926514,4.28000020980835,56037226
2024-02-20,4.269999980926514,4.300000190734863,4.260000228881836,4.289999961853027,69066805
2024-02-21,4.269999980926514,4.28000020980835,4.260000228881836,4.28000020980835,52232791
2024-02-22,4.239999771118164,4.260000228881836,4.230000019073486,4.239999771118164,87206622
2024-02-23,4.21999979019165,4.230000019073486,4.199999809265137,4.210000038146973,105530785
2024-02-26,4.199999809265137,4.239999771118164,4.199999809265137,4.21999979019165,48110850
2024-02-27,4.21999979019165,4.260000228881836,4.199999809265137,4.199999809265137,96238577
2024-02-29,4.210000038146973,4.25,4.199999809265137,4.239999771118164,48306328
2024-03-01,4.21999979019165,4.21999979019165,4.199999809265137,4.210000038146973,36492934
2024-03-04,4.130000114440918,4.179999828338623,4.119999885559082,4.170000076293945,185892000
2024-03-05,4.110000133514404,4.139999866485596,4.099999904632568,4.119999885559082,102799200
2024-03-06,4.090000152587891,4.150000095367432,4.079999923706055,4.150000095367432,128204699
2024-03-07,4.039999961853027,4.070000171661377,4.03000020980835,4.050000190734863,219446460
2024-03-08,4.03000020980835,4.059999942779541,3.9700000286102295,3.990000009536743,338880549
2024-03-11,4.039999961853027,4.050000190734863,4.010000228881836,4.050000190734863,120774916
2024-03-12,3.990000009536743,4.050000190734863,3.990000009536743,4.039999961853027,119801115
2024-03-13,4.0,4.0,3.9600000381469727,3.9700000286102295,115202000
2024-03-14,4.0,4.019999980926514,3.9800000190734863,4.0,98479600
2024-03-15,4.019999980926514,4.03000020980835,4.0,4.019999980926514,110108409
2024-03-18,4.0,4.03000020980835,4.0,4.019999980926514,63503760
2024-03-19,4.0,4.03000020980835,3.990000009536743,4.019999980926514,78288999
2024-03-20,4.019999980926514,4.03000020980835,3.9800000190734863,4.0,98197223
2024-03-21,3.930000066757202,3.9800000190734863,3.930000066757202,3.9800000190734863,300380077
2024-03-22,3.930000066757202,3.9600000381469727,3.9200000762939453,3.930000066757202,131275858
2024-03-25,3.9200000762939453,3.950000047683716,3.9100000858306885,3.930000066757202,105725493
2024-03-26,3.940000057220459,3.9700000286102295,3.890000104904175,3.9200000762939453,172568247
2024-03-27,3.930000066757202,3.950000047683716,3.9200000762939453,3.940000057220459,72504902
2024-03-28,3.930000066757202,3.9700000286102295,3.930000066757202,3.940000057220459,84390400
2024-03-29,3.930000066757202,3.940000057220459,3.9200000762939453,3.930000066757202,54719000
2024-04-01,3.930000066757202,3.930000066757202,3.9000000953674316,3.9200000762939453,51587952
2024-04-02,3.880000114440918,3.9100000858306885,3.880000114440918,3.9100000858306885,195092882
2024-04-03,3.9000000953674316,3.930000066757202,3.890000104904175,3.9100000858306885,104081795
2024-04-08,3.880000114440918,3.9100000858306885,3.880000114440918,3.9000000953674316,75529276
2024-04-09,3.799999952316284,3.880000114440918,3.799999952316284,3.869999885559082,281095975
2024-04-10,3.819999933242798,3.819999933242798,3.799999952316284,3.809999942779541,95182404
2024-04-11,3.8299999237060547,3.8499999046325684,3.819999933242798,3.8399999141693115,122916830
2024-04-12,3.819999933242798,3.8399999141693115,3.809999942779541,3.819999933242798,74530760
2024-04-15,3.869999885559082,3.880000114440918,3.8499999046325684,3.859999895095825,151041051
2024-04-16,3.990000009536743,4.010000228881836,3.9100000858306885,3.9100000858306885,443511371
2024-04-17,3.940000057220459,3.9700000286102295,3.9200000762939453,3.9700000286102295,200108111
2024-04-18,3.9200000762939453,3.9700000286102295,3.9100000858306885,3.9700000286102295,145091805
2024-04-19,4.059999942779541,4.110000133514404,3.990000009536743,3.990000009536743,617186065
2024-04-22,4.070000171661377,4.090000152587891,4.03000020980835,4.070000171661377,178775615
2024-04-23,4.039999961853027,4.059999942779541,4.019999980926514,4.019999980926514,105574568
2024-04-24,3.930000066757202,3.990000009536743,3.930000066757202,3.990000009536743,282840058
2024-04-25,4.0,4.0,3.9700000286102295,3.9800000190734863,131033579
2024-04-26,3.940000057220459,3.9600000381469727,3.9100000858306885,3.950000047683716,198399399
2024-04-29,3.869999885559082,3.9100000858306885,3.859999895095825,3.9100000858306885,216177403
2024-04-30,3.880000114440918,3.880000114440918,3.859999895095825,3.880000114440918,75200202
2024-05-02,3.9100000858306885,3.9200000762939453,3.890000104904175,3.9000000953674316,85489871
2024-05-03,3.9000000953674316,3.9100000858306885,3.859999895095825,3.869999885559082,86581600
2024-05-06,3.8499999046325684,3.859999895095825,3.8299999237060547,3.8499999046325684,175820377
2024-05-07,3.8499999046325684,3.869999885559082,3.8299999237060547,3.8299999237060547,80808598
2024-05-08,3.8299999237060547,3.859999895095825,3.8299999237060547,3.8499999046325684,76989130
2024-05-09,3.8499999046325684,3.8499999046325684,3.819999933242798,3.8299999237060547,78700645
2024-05-10,3.819999933242798,3.8499999046325684,3.809999942779541,3.8299999237060547,106875553
2024-05-13,3.799999952316284,3.809999942779541,3.7799999713897705,3.7899999618530273,137972010
2024-05-14,3.7799999713897705,3.809999942779541,3.7699999809265137,3.809999942779541,102808880
2024-05-15,3.7300000190734863,3.759999990463257,3.700000047683716,3.759999990463257,305540577
2024-05-16,3.7100000381469727,3.7200000286102295,3.6700000762939453,3.690000057220459,216093849
2024-05-17,3.7100000381469727,3.7300000190734863,3.700000047683716,3.7100000381469727,85907834
2024-05-20,3.7200000286102295,3.75,3.700000047683716,3.700000047683716,117520700
2024-05-21,3.7200000286102295,3.75,3.7100000381469727,3.7200000286102295,77044835
2024-05-22,3.6600000858306885,3.7100000381469727,3.6600000858306885,3.7100000381469727,213571213
2024-05-23,3.6700000762939453,3.690000057220459,3.6500000953674316,3.6600000858306885,157906204
2024-05-24,3.6600000858306885,3.700000047683716,3.6600000858306885,3.700000047683716,103307899
2024-05-27,3.609999895095825,3.6500000953674316,3.609999895095825,3.6500000953674316,183925930
2024-05-28,3.5999999046325684,3.630000114440918,3.5999999046325684,3.609999895095825,79642211
2024-05-29,3.640000104904175,3.640000104904175,3.609999895095825,3.609999895095825,68834064
2024-05-30,3.700000047683716,3.700000047683716,3.6700000762939453,3.6700000762939453,186832610
2024-05-31,3.7100000381469727,3.7200000286102295,3.6600000858306885,3.680000066757202,186678826
2024-06-03,3.6500000953674316,3.700000047683716,3.640000104904175,3.680000066757202,171880220
2024-06-04,3.7100000381469727,3.7200000286102295,3.6700000762939453,3.6700000762939453,161460002
2024-06-05,3.690000057220459,3.7300000190734863,3.6700000762939453,3.690000057220459,102273380
2024-06-06,3.5999999046325684,3.630000114440918,3.5999999046325684,3.619999885559082,364249550
2024-06-07,3.619999885559082,3.630000114440918,3.609999895095825,3.619999885559082,68972409
2024-06-11,3.619999885559082,3.630000114440918,3.5899999141693115,3.609999895095825,84050354
2024-06-12,3.5799999237060547,3.619999885559082,3.5799999237060547,3.619999885559082,127133608
2024-06-13,3.5199999809265137,3.559999942779541,3.509999990463257,3.549999952316284,244034833
2024-06-14,3.509999990463257,3.5399999618530273,3.509999990463257,3.5299999713897705,89998657
2024-06-17,3.509999990463257,3.5199999809265137,3.490000009536743,3.5199999809265137,95343182
2024-06-18,3.450000047683716,3.4800000190734863,3.450000047683716,3.4700000286102295,199979630
2024-06-19,3.380000114440918,3.430000066757202,3.369999885559082,3.430000066757202,451358005
2024-06-20,3.3499999046325684,3.390000104904175,3.3499999046325684,3.390000104904175,157990335
2024-06-21,3.369999885559082,3.390000104904175,3.359999895095825,3.390000104904175,158721599
2024-06-24,3.440000057220459,3.450000047683716,3.4000000953674316,3.4000000953674316,301403814
2024-06-25,3.440000057220459,3.490000009536743,3.430000066757202,3.4600000381469727,225366540
2024-06-26,3.4200000762939453,3.440000057220459,3.4000000953674316,3.4200000762939453,147073620
2024-06-27,3.4200000762939453,3.4600000381469727,3.4200000762939453,3.4600000381469727,115452599
2024-06-28,3.4000000953674316,3.430000066757202,3.380000114440918,3.4200000762939453,133338139
2024-07-01,3.4000000953674316,3.4100000858306885,3.369999885559082,3.4000000953674316,77079548
2024-07-02,3.4200000762939453,3.450000047683716,3.4000000953674316,3.4100000858306885,135438290
2024-07-03,3.380000114440918,3.4100000858306885,3.369999885559082,3.390000104904175,108975262
2024-07-04,3.309999942779541,3.3399999141693115,3.299999952316284,3.3399999141693115,373008598
2024-07-05,3.309999942779541,3.319999933242798,3.299999952316284,3.309999942779541,102125825
2024-07-08,3.259999990463257,3.319999933242798,3.25,3.309999942779541,290935995
2024-07-09,3.259999990463257,3.299999952316284,3.2300000190734863,3.259999990463257,203044955
2024-07-10,3.259999990463257,3.2899999618530273,3.25,3.2799999713897705,103769129
2024-07-11,3.200000047683716,3.2300000190734863,3.190000057220459,3.2200000286102295,288247281
2024-07-12,3.2699999809265137,3.2799999713897705,3.240000009536743,3.25,223151712
2024-07-15,3.2699999809265137,3.2799999713897705,3.240000009536743,3.25,95844000
2024-07-16,3.25,3.2699999809265137,3.2200000286102295,3.2699999809265137,163865870
2024-07-17,3.2799999713897705,3.2899999618530273,3.240000009536743,3.259999990463257,221626400
2024-07-18,3.3299999237060547,3.359999895095825,3.319999933242798,3.3299999237060547,293124945
2024-07-19,3.4000000953674316,3.4100000858306885,3.3499999046325684,3.359999895095825,325442344
2024-07-22,3.4800000190734863,3.509999990463257,3.4100000858306885,3.4200000762939453,528671900
2024-07-23,3.4100000858306885,3.440000057220459,3.4000000953674316,3.440000057220459,253419881
2024-07-26,3.509999990463257,3.5399999618530273,3.5,3.509999990463257,424607130
2024-07-29,3.5,3.509999990463257,3.450000047683716,3.4600000381469727,158254220
2024-07-30,3.490000009536743,3.559999942779541,3.4800000190734863,3.5299999713897705,259345080
2024-07-31,3.490000009536743,3.5299999713897705,3.4700000286102295,3.5199999809265137,150156399
2024-08-01,3.430000066757202,3.4600000381469727,3.4100000858306885,3.4200000762939453,225046599
2024-08-02,3.5799999237060547,3.5899999141693115,3.509999990463257,3.5299999713897705,461460200
2024-08-05,3.930000066757202,3.930000066757202,3.7699999809265137,3.7699999809265137,1005123809
2024-08-06,3.759999990463257,3.9200000762939453,3.690000057220459,3.740000009536743,822807923
2024-08-07,3.609999895095825,3.7300000190734863,3.5899999141693115,3.7200000286102295,619815033
2024-08-08,3.680000066757202,3.7200000286102295,3.640000104904175,3.680000066757202,364936597
2024-08-09,3.5899999141693115,3.609999895095825,3.549999952316284,3.5799999237060547,481527999
2024-08-12,3.5399999618530273,3.559999942779541,3.5,3.559999942779541,371640859
2024-08-13,3.5199999809265137,3.5399999618530273,3.5,3.509999990463257,196504965
2024-08-14,3.490000009536743,3.5,3.4600000381469727,3.4800000190734863,353420308
2024-08-15,3.5,3.509999990463257,3.4700000286102295,3.4800000190734863,236560928
2024-08-16,3.430000066757202,3.440000057220459,3.4100000858306885,3.430000066757202,314948498
2024-08-19,3.430000066757202,3.430000066757202,3.4000000953674316,3.4100000858306885,171244309
2024-08-20,3.4200000762939453,3.430000066757202,3.390000104904175,3.4000000953674316,129869555
2024-08-21,3.450000047683716,3.450000047683716,3.4200000762939453,3.440000057220459,160296985
2024-08-22,3.4700000286102295,3.4700000286102295,3.430000066757202,3.440000057220459,117716598
2024-08-23,3.450000047683716,3.5,3.450000047683716,3.490000009536743,200584730
2024-08-26,3.450000047683716,3.4600000381469727,3.4000000953674316,3.430000066757202,190949000
2024-08-27,3.450000047683716,3.4800000190734863,3.440000057220459,3.4600000381469727,104961231
2024-08-28,3.4200000762939453,3.4700000286102295,3.4100000858306885,3.440000057220459,128204400
2024-08-29,3.440000057220459,3.4800000190734863,3.430000066757202,3.4700000286102295,175051000
2024-08-30,3.430000066757202,3.450000047683716,3.4200000762939453,3.430000066757202,71672400
2024-09-02,3.440000057220459,3.450000047683716,3.4100000858306885,3.4200000762939453,85548600
2024-09-03,3.4700000286102295,3.4700000286102295,3.4200000762939453,3.450000047683716,159442000
2024-09-04,3.619999885559082,3.6600000858306885,3.569999933242798,3.619999885559082,504492852
2024-09-05,3.619999885559082,3.630000114440918,3.549999952316284,3.5799999237060547,270247794
2024-09-06,3.569999933242798,3.630000114440918,3.559999942779541,3.5999999046325684,294369195
2024-09-09,3.609999895095825,3.6700000762939453,3.609999895095825,3.6600000858306885,337562700
2024-09-10,3.619999885559082,3.6500000953674316,3.5899999141693115,3.5899999141693115,176227484
2024-09-11,3.640000104904175,3.640000104904175,3.609999895095825,3.619999885559082,185801098
2024-09-12,3.5,3.559999942779541,3.490000009536743,3.5399999618530273,683687603
2024-09-13,3.490000009536743,3.5199999809265137,3.490000009536743,3.5,123994048
2024-09-16,3.4800000190734863,3.5,3.4700000286102295,3.5,136850600
2024-09-18,3.509999990463257,3.5199999809265137,3.4700000286102295,3.490000009536743,183075409
2024-09-19,3.440000057220459,3.5199999809265137,3.440000057220459,3.5,278092953
2024-09-20,3.430000066757202,3.430000066757202,3.380000114440918,3.390000104904175,233664012
2024-09-23,3.4000000953674316,3.4200000762939453,3.390000104904175,3.4100000858306885,97041278
2024-09-24,3.380000114440918,3.430000066757202,3.369999885559082,3.4100000858306885,172154283
2024-09-25,3.319999933242798,3.3399999141693115,3.319999933242798,3.3299999237060547,296069174
2024-09-26,3.309999942779541,3.319999933242798,3.2899999618530273,3.299999952316284,181561935
2024-09-27,3.309999942779541,3.319999933242798,3.2699999809265137,3.2899999618530273,198195247
2024-09-30,3.4000000953674316,3.4000000953674316,3.3299999237060547,3.3399999141693115,272514237
2024-10-01,3.4000000953674316,3.4100000858306885,3.380000114440918,3.4000000953674316,113423040
2024-10-04,3.4100000858306885,3.430000066757202,3.369999885559082,3.4100000858306885,329241865
2024-10-07,3.319999933242798,3.369999885559082,3.319999933242798,3.359999895095825,259667403
2024-10-08,3.3499999046325684,3.390000104904175,3.3399999141693115,3.3499999046325684,178810710
2024-10-09,3.3399999141693115,3.3399999141693115,3.309999942779541,3.319999933242798,139237680
2024-10-11,3.299999952316284,3.3299999237060547,3.2899999618530273,3.3299999237060547,147415229
2024-10-14,3.2899999618530273,3.319999933242798,3.2799999713897705,3.2899999618530273,101759500
2024-10-15,3.240000009536743,3.2799999713897705,3.2300000190734863,3.2699999809265137,178401535
2024-10-16,3.2799999713897705,3.309999942779541,3.259999990463257,3.299999952316284,189769910
2024-10-17,3.2699999809265137,3.299999952316284,3.259999990463257,3.2699999809265137,76264704
2024-10-18,3.2100000381469727,3.2200000286102295,3.180000066757202,3.200000047683716,322510201
2024-10-21,3.2200000286102295,3.2200000286102295,3.180000066757202,3.190000057220459,84387147
2024-10-22,3.2100000381469727,3.25,3.2100000381469727,3.2300000190734863,76605070
2024-10-23,3.240000009536743,3.25,3.2200000286102295,3.2300000190734863,81376943
2024-10-24,3.259999990463257,3.2699999809265137,3.2300000190734863,3.240000009536743,87923067
2024-10-25,3.240000009536743,3.25,3.2300000190734863,3.25,51096567
2024-10-28,3.25,3.2699999809265137,3.200000047683716,3.2200000286102295,103826193
2024-10-29,3.309999942779541,3.3399999141693115,3.2799999713897705,3.2799999713897705,240241957
2024-10-30,3.309999942779541,3.319999933242798,3.2699999809265137,3.2899999618530273,110395512
2024-11-01,3.319999933242798,3.4000000953674316,3.319999933242798,3.380000114440918,196744300
2024-11-04,3.299999952316284,3.3299999237060547,3.2899999618530273,3.309999942779541,92843965
2024-11-05,3.2799999713897705,3.319999933242798,3.259999990463257,3.319999933242798,112133550
2024-11-06,3.25,3.2899999618530273,3.2300000190734863,3.2699999809265137,189350577
2024-11-07,3.2200000286102295,3.2699999809265137,3.2100000381469727,3.25,198829516
2024-11-08,3.2100000381469727,3.2200000286102295,3.180000066757202,3.190000057220459,156925200
2024-11-11,3.2100000381469727,3.25,3.200000047683716,3.2100000381469727,99197121
2024-11-12,3.2899999618530273,3.2899999618530273,3.25,3.259999990463257,208540056
2024-11-13,3.299999952316284,3.309999942779541,3.2799999713897705,3.299999952316284,117471176
2024-11-14,3.319999933242798,3.3499999046325684,3.299999952316284,3.309999942779541,157468119
2024-11-15,3.309999942779541,3.3299999237060547,3.2899999618530273,3.309999942779541,76025600
2024-11-18,3.3399999141693115,3.3499999046325684,3.309999942779541,3.3299999237060547,103378789
2024-11-19,3.299999952316284,3.3499999046325684,3.2899999618530273,3.319999933242798,145732050
2024-11-20,3.309999942779541,3.309999942779541,3.309999942779541,3.309999942779541,79100
2024-11-21,3.3499999046325684,3.359999895095825,3.3299999237060547,3.3399999141693115,128227610
2024-11-22,3.2899999618530273,3.319999933242798,3.2799999713897705,3.319999933242798,140437298
2024-11-25,3.2899999618530273,3.2899999618530273,3.25,3.259999990463257,84264096
2024-11-26,3.3299999237060547,3.3499999046325684,3.309999942779541,3.319999933242798,106814498
2024-11-27,3.390000104904175,3.390000104904175,3.3299999237060547,3.3399999141693115,172524964
2024-11-28,3.390000104904175,3.4200000762939453,3.380000114440918,3.390000104904175,196854213
2024-11-29,3.380000114440918,3.440000057220459,3.369999885559082,3.430000066757202,129458386
2024-12-02,23.170000076293945,23.520000457763672,23.170000076293945,23.450000762939453,27865768
2024-12-03,22.959999084472656,23.030000686645508,22.81999969482422,22.81999969482422,23524613
2024-12-04,22.959999084472656,22.959999084472656,22.959999084472656,22.959999084472656,0
2024-12-05,22.959999084472656,22.959999084472656,22.959999084472656,22.959999084472656,0
2024-12-06,22.959999084472656,22.959999084472656,22.959999084472656,22.959999084472656,0
2024-12-09,22.959999084472656,22.959999084472656,22.959999084472656,22.959999084472656,0
2024-12-10,22.959999084472656,22.959999084472656,22.959999084472656,22.959999084472656,0
2024-12-11,23.1200008392334,23.139999389648438,22.940000534057617,23.09000015258789,20797034
2024-12-12,22.8799991607666,22.899999618530273,22.780000686645508,22.899999618530273,23890870
2024-12-13,22.950000762939453,23.06999969482422,22.889999389648438,22.959999084472656,9586708
2024-12-16,23.010000228881836,23.010000228881836,22.700000762939453,22.760000228881836,18677631
2024-12-17,22.860000610351562,22.899999618530273,22.760000228881836,22.860000610351562,13036206
2024-12-18,22.829999923706055,23.020000457763672,22.770000457763672,22.93000030517578,19639540
2024-12-19,23.06999969482422,23.200000762939453,23.06999969482422,23.139999389648438,32774074
2024-12-20,23.309999465942383,23.3799991607666,23.18000030517578,23.200000762939453,26726056
2024-12-23,22.809999465942383,23.100000381469727,22.799999237060547,23.079999923706055,34870589
2024-12-24,22.780000686645508,22.790000915527344,22.65999984741211,22.68000030517578,12666301
2024-12-25,22.670000076293945,22.739999771118164,22.65999984741211,22.690000534057617,9796597
2024-12-26,22.65999984741211,22.709999084472656,22.639999389648438,22.649999618530273,6174853
2024-12-27,22.600000381469727,22.760000228881836,22.600000381469727,22.739999771118164,8451274
2024-12-30,22.770000457763672,22.780000686645508,22.649999618530273,22.690000534057617,8759030
2024-12-31,22.899999618530273,22.979999542236328,22.860000610351562,22.889999389648438,16270736
2025-01-02,23.149999618530273,23.260000228881836,22.959999084472656,22.989999771118164,22523417
2025-01-03,22.959999084472656,23.059999465942383,22.8700008392334,22.93000030517578,17003316
2025-01-06,22.350000381469727,22.690000534057617,22.350000381469727,22.65999984741211,40704388
2025-01-07,22.170000076293945,22.18000030517578,22.020000457763672,22.049999237060547,21952058
2025-01-08,22.43000030517578,22.459999084472656,22.270000457763672,22.34000015258789,16761843
2025-01-09,22.770000457763672,22.770000457763672,22.489999771118164,22.530000686645508,17133190
2025-01-10,22.81999969482422,22.90999984741211,22.729999542236328,22.809999465942383,14189294
2025-01-13,23.350000381469727,23.420000076293945,22.899999618530273,22.899999618530273,32917946
2025-01-14,23.200000762939453,23.360000610351562,23.170000076293945,23.25,37982836
2025-01-15,23.3700008392334,23.399999618530273,23.170000076293945,23.170000076293945,15551757
2025-01-16,22.93000030517578,22.969999313354492,22.760000228881836,22.950000762939453,29132091
2025-01-17,22.81999969482422,22.989999771118164,22.760000228881836,22.780000686645508,16447063
2025-01-20,22.600000381469727,22.709999084472656,22.530000686645508,22.709999084472656,34203043
2025-01-21,22.549999237060547,22.729999542236328,22.540000915527344,22.670000076293945,7341281
2025-01-22,22.270000457763672,22.389999389648438,22.25,22.3700008392334,20119027
2025-02-03,23.239999771118164,23.290000915527344,23.079999923706055,23.1200008392334,51150155
2025-02-04,23.149999618530273,23.170000076293945,22.969999313354492,23.020000457763672,17204431
2025-02-05,22.709999084472656,22.809999465942383,22.6299991607666,22.809999465942383,23641208
2025-02-06,22.649999618530273,22.670000076293945,22.530000686645508,22.59000015258789,13791896
2025-02-07,22.489999771118164,22.6299991607666,22.479999542236328,22.610000610351562,21040568
2025-02-10,22.670000076293945,22.739999771118164,22.579999923706055,22.610000610351562,18672090
2025-02-11,22.559999465942383,22.610000610351562,22.43000030517578,22.520000457763672,14528098
2025-02-12,22.6200008392334,22.6200008392334,22.40999984741211,22.459999084472656,11778849
2025-02-13,22.540000915527344,22.649999618530273,22.520000457763672,22.59000015258789,9465217
2025-02-14,22.729999542236328,22.780000686645508,22.639999389648438,22.639999389648438,31784385
2025-02-17,22.450000762939453,22.6200008392334,22.43000030517578,22.6200008392334,31467407
2025-02-18,22.3700008392334,22.479999542236328,22.360000610351562,22.420000076293945,13372884
2025-02-19,22.350000381469727,22.389999389648438,22.309999465942383,22.3799991607666,12350235
2025-02-20,22.43000030517578,22.56999969482422,22.389999389648438,22.399999618530273,16804853
2025-02-21,22.260000228881836,22.469999313354492,22.239999771118164,22.450000762939453,26197232
2025-02-24,22.399999618530273,22.5,22.399999618530273,22.469999313354492,20086091
2025-02-25,22.649999618530273,22.790000915527344,22.6200008392334,22.65999984741211,32153618
2025-02-26,22.559999465942383,22.829999923706055,22.559999465942383,22.760000228881836,17620425
2025-02-27,22.770000457763672,22.790000915527344,22.530000686645508,22.549999237060547,17289012
2025-03-03,23.219999313354492,23.309999465942383,23.139999389648438,23.139999389648438,53329723
2025-03-04,23.360000610351562,23.649999618530273,23.299999237060547,23.6299991607666,36598158
2025-03-05,23.09000015258789,23.229999542236328,23.040000915527344,23.149999618530273,26725038
2025-03-06,23.200000762939453,23.260000228881836,23.049999237060547,23.049999237060547,14063052
2025-03-07,23.440000534057617,23.479999542236328,23.299999237060547,23.3799991607666,25113502
2025-03-10,23.530000686645508,23.65999984741211,23.43000030517578,23.440000534057617,17145278
2025-03-11,23.950000762939453,24.31999969482422,23.90999984741211,24.139999389648438,39915134
2025-03-12,23.860000610351562,23.940000534057617,23.649999618530273,23.899999618530273,25300323
2025-03-13,24.040000915527344,24.059999465942383,23.520000457763672,23.549999237060547,24700773
2025-03-14,24.040000915527344,24.139999389648438,23.959999084472656,24.0,36679576
2025-03-17,23.850000381469727,23.8799991607666,23.670000076293945,23.790000915527344,22686851
2025-03-18,23.709999084472656,23.799999237060547,23.6200008392334,23.68000030517578,13944118
2025-03-19,23.979999542236328,24.030000686645508,23.729999542236328,23.75,17081087
2025-03-20,23.579999923706055,23.760000228881836,23.549999237060547,23.75,26881040
2025-03-21,23.75,23.780000686645508,23.610000610351562,23.610000610351562,11269431
2025-03-24,23.81999969482422,23.84000015258789,23.579999923706055,23.59000015258789,11246221
2025-03-25,23.6299991607666,23.739999771118164,23.510000228881836,23.59000015258789,17568655
2025-03-26,23.6200008392334,23.700000762939453,23.530000686645508,23.579999923706055,10240696
2025-03-27,24.0,24.06999969482422,23.950000762939453,23.950000762939453,25843435
2025-03-28,24.399999618530273,24.520000457763672,24.209999084472656,24.219999313354492,42196751
2025-03-31,25.329999923706055,25.3799991607666,25.0,25.139999389648438,79587447
2025-04-01,24.799999237060547,25.190000534057617,24.75,25.1299991607666,73583710
2025-04-02,24.760000228881836,24.850000381469727,24.649999618530273,24.760000228881836,31487862
2025-04-07,27.229999542236328,27.229999542236328,27.229999542236328,27.229999542236328,14568326
2025-04-08,27.90999984741211,28.329999923706055,27.389999389648438,27.790000915527344,287170348
2025-04-09,29.579999923706055,29.719999313354492,27.940000534057617,28.25,196995945
2025-04-10,26.6299991607666,26.6299991607666,26.6299991607666,26.6299991607666,11199058
2025-04-11,25.719999313354492,27.579999923706055,25.719999313354492,27.170000076293945,185518542
2025-04-14,25.829999923706055,25.84000015258789,25.1299991607666,25.290000915527344,111032565
2025-04-15,25.420000076293945,25.760000228881836,25.399999618530273,25.6299991607666,59164782
2025-04-16,25.940000534057617,25.940000534057617,25.610000610351562,25.65999984741211,68060230
2025-04-17,25.979999542236328,26.270000457763672,25.860000610351562,26.0,74318003
2025-04-18,25.93000030517578,26.030000686645508,25.84000015258789,25.950000762939453,41445671
2025-04-21,26.350000381469727,26.360000610351562,26.030000686645508,26.079999923706055,52167009
2025-04-22,26.68000030517578,26.729999542236328,26.389999389648438,26.600000381469727,61954909
2025-04-23,25.6200008392334,25.969999313354492,25.530000686645508,25.950000762939453,80243088
2025-04-24,25.739999771118164,25.799999237060547,25.469999313354492,25.510000228881836,37428785
2025-04-25,25.170000076293945,25.229999542236328,24.979999542236328,25.040000915527344,79584587
2025-04-28,25.030000686645508,25.110000610351562,24.959999084472656,25.010000228881836,37510449
2025-04-29,24.81999969482422,25.079999923706055,24.780000686645508,25.040000915527344,53935543
2025-04-30,24.899999618530273,24.940000534057617,24.719999313354492,24.8799991607666,49166180
2025-05-02,24.149999618530273,24.43000030517578,24.149999618530273,24.399999618530273,115834442
2025-05-05,24.459999084472656,24.719999313354492,24.020000457763672,24.030000686645508,112959501
2025-05-06,24.59000015258789,24.739999771118164,24.43000030517578,24.670000076293945,90538113
2025-05-07,24.549999237060547,24.690000534057617,24.3700008392334,24.450000762939453,95362386
2025-05-08,24.25,24.399999618530273,24.15999984741211,24.360000610351562,69102661
2025-05-09,24.030000686645508,24.25,24.0,24.149999618530273,69718203
2025-05-12,23.700000762939453,23.829999923706055,23.649999618530273,23.809999465942383,48125873
2025-05-13,23.420000076293945,23.479999542236328,23.18000030517578,23.18000030517578,67644342
2025-05-14,22.899999618530273,23.149999618530273,22.899999618530273,23.100000381469727,107620696
2025-05-15,22.969999313354492,23.040000915527344,22.899999618530273,22.959999084472656,32786719
2025-05-16,22.8700008392334,23.030000686645508,22.829999923706055,23.0,36227394
2025-05-19,23.18000030517578,23.209999084472656,22.959999084472656,23.010000228881836,66042161
2025-05-20,23.149999618530273,23.219999313354492,22.979999542236328,22.979999542236328,31917095
2025-05-21,22.8799991607666,23.100000381469727,22.850000381469727,23.100000381469727,70642097
2025-05-22,23.1200008392334,23.209999084472656,23.059999465942383,23.100000381469727,58886316
2025-05-23,23.18000030517578,23.260000228881836,23.0,23.0,64952094
2025-05-26,23.229999542236328,23.25,23.1200008392334,23.170000076293945,86903123
2025-05-27,23.43000030517578,23.510000228881836,23.209999084472656,23.209999084472656,123016743
2025-05-28,23.360000610351562,23.489999771118164,23.09000015258789,23.15999984741211,45727791
2025-05-29,23.290000915527344,23.31999969482422,23.020000457763672,23.020000457763672,47094283
2025-06-02,23.790000915527344,23.860000610351562,23.559999465942383,23.600000381469727,69167184
2025-06-03,23.690000534057617,23.690000534057617,23.389999389648438,23.549999237060547,76460886
2025-06-04,23.049999237060547,23.329999923706055,23.040000915527344,23.309999465942383,98119337
2025-06-05,23.030000686645508,23.059999465942383,22.889999389648438,22.969999313354492,41892308
2025-06-06,22.969999313354492,23.049999237060547,22.93000030517578,23.030000686645508,26164247
2025-06-09,22.860000610351562,22.940000534057617,22.799999237060547,22.809999465942383,34928724
2025-06-10,22.389999389648438,22.700000762939453,22.299999237060547,22.700000762939453,102218765
2025-06-11,22.200000762939453,22.350000381469727,22.18000030517578,22.25,47808195
2025-06-12,22.309999465942383,22.31999969482422,22.209999084472656,22.299999237060547,38918457
2025-06-13,22.59000015258789,22.639999389648438,22.40999984741211,22.530000686645508,127269425
2025-06-16,22.489999771118164,22.649999618530273,22.489999771118164,22.6200008392334,63890464
2025-06-17,22.440000534057617,22.489999771118164,22.280000686645508,22.31999969482422,77108846
2025-06-18,22.25,22.450000762939453,22.219999313354492,22.440000534057617,65528816
2025-06-19,22.489999771118164,22.5,22.329999923706055,22.34000015258789,33797379
2025-06-20,22.559999465942383,22.700000762939453,22.43000030517578,22.600000381469727,68876180
2025-06-23,22.690000534057617,22.950000762939453,22.690000534057617,22.889999389648438,67274639
2025-06-24,22.219999313354492,22.34000015258789,22.200000762939453,22.309999465942383,68062142
2025-06-25,22.030000686645508,22.139999389648438,22.020000457763672,22.030000686645508,75770562
2025-06-26,22.06999969482422,22.09000015258789,21.889999389648438,21.989999771118164,76155898
2025-06-27,22.079999923706055,22.15999984741211,21.979999542236328,21.989999771118164,34371903
2025-06-30,22.049999237060547,22.059999465942383,21.969999313354492,22.0,36429363
2025-07-01,21.790000915527344,21.8799991607666,21.559999465942383,21.8799991607666,92141900
2025-07-02,21.75,21.920000076293945,21.739999771118164,21.8799991607666,23969714
2025-07-03,21.459999084472656,21.549999237060547,21.450000762939453,21.530000686645508,54893023
2025-07-04,21.68000030517578,21.700000762939453,21.420000076293945,21.43000030517578,40831540
2025-07-07,21.790000915527344,21.8700008392334,21.700000762939453,21.729999542236328,37415404
2025-07-08,21.850000381469727,21.959999084472656,21.809999465942383,21.850000381469727,46937003
2025-07-09,21.700000762939453,21.93000030517578,21.649999618530273,21.93000030517578,40000032
2025-07-10,21.559999465942383,21.709999084472656,21.510000228881836,21.690000534057617,36164467
2025-07-11,21.399999618530273,21.579999923706055,21.399999618530273,21.559999465942383,36696810
2025-07-14,21.579999923706055,21.59000015258789,21.459999084472656,21.479999542236328,24957560
2025-07-15,21.270000457763672,21.56999969482422,21.25,21.56999969482422,43113968
2025-07-16,21.079999923706055,21.25,21.020000457763672,21.25,63807064
2025-07-17,20.90999984741211,21.1299991607666,20.90999984741211,21.020000457763672,42599226
2025-07-18,20.700000762939453,20.760000228881836,20.649999618530273,20.649999618530273,48481386
2025-07-21,20.780000686645508,20.81999969482422,20.719999313354492,20.739999771118164,14880641
2025-07-22,20.959999084472656,20.969999313354492,20.600000381469727,20.75,103062535
2025-07-23,20.780000686645508,20.889999389648438,20.729999542236328,20.850000381469727,99741613
2025-07-24,20.700000762939453,20.760000228881836,20.670000076293945,20.690000534057617,18903885
2025-07-25,20.75,20.780000686645508,20.68000030517578,20.729999542236328,19566355
2025-07-28,20.6200008392334,20.739999771118164,20.559999465942383,20.6299991607666,32729766
2025-07-29,20.860000610351562,20.950000762939453,20.65999984741211,20.68000030517578,38402335
2025-07-30,20.6299991607666,20.790000915527344,20.600000381469727,20.690000534057617,36894797
2025-07-31,20.420000076293945,20.639999389648438,20.399999618530273,20.600000381469727,47933578
2025-08-01,20.610000610351562,20.799999237060547,20.559999465942383,20.799999237060547,67345597
2025-08-04,20.729999542236328,20.93000030517578,20.719999313354492,20.84000015258789,60188616
2025-08-05,20.479999542236328,20.600000381469727,20.469999313354492,20.540000915527344,42200738
2025-08-06,20.579999923706055,20.6299991607666,20.549999237060547,20.59000015258789,24811529
2025-08-07,20.079999923706055,20.260000228881836,20.049999237060547,20.260000228881836,106894483
2025-08-08,20.100000381469727,20.1200008392334,20.049999237060547,20.06999969482422,25689483
2025-08-11,19.940000534057617,20.209999084472656,19.889999389648438,20.15999984741211,48138225
2025-08-12,19.90999984741211,20.0,19.8700008392334,19.950000762939453,27960006
2025-08-13,19.799999237060547,19.940000534057617,19.739999771118164,19.799999237060547,61216280
2025-08-14,19.81999969482422,19.899999618530273,19.780000686645508,19.84000015258789,19164667
2025-08-15,19.799999237060547,19.90999984741211,19.760000228881836,19.81999969482422,17242096
2025-08-18,19.709999084472656,19.889999389648438,19.690000534057617,19.8799991607666,28469926
2025-08-19,19.790000915527344,19.829999923706055,19.700000762939453,19.709999084472656,18951422
2025-08-20,20.309999465942383,20.34000015258789,19.969999313354492,19.979999542236328,84873964
2025-08-21,20.1299991607666,20.239999771118164,20.06999969482422,20.209999084472656,49719974
2025-08-22,20.239999771118164,20.270000457763672,20.09000015258789,20.100000381469727,28480029
2025-08-25,19.809999465942383,19.979999542236328,19.780000686645508,19.90999984741211,69749378
2025-08-26,19.81999969482422,19.940000534057617,19.790000915527344,19.889999389648438,21136024
2025-08-27,19.6299991607666,19.729999542236328,19.6200008392334,19.719999313354492,41217687
2025-08-28,19.790000915527344,19.84000015258789,19.670000076293945,19.719999313354492,22908041
2025-08-29,19.809999465942383,19.809999465942383,19.6299991607666,19.649999618530273,18742364
2025-09-01,20.049999237060547,20.1299991607666,19.81999969482422,19.90999984741211,62481334
2025-09-02,20.049999237060547,20.110000610351562,19.809999465942383,19.889999389648438,63607646
2025-09-03,20.010000228881836,20.09000015258789,19.940000534057617,20.049999237060547,31849389
2025-09-04,19.899999618530273,19.90999984741211,19.719999313354492,19.81999969482422,48496079
2025-09-05,19.690000534057617,19.780000686645508,19.690000534057617,19.719999313354492,37439069
2025-09-08,19.540000915527344,19.59000015258789,19.479999542236328,19.540000915527344,42291834
2025-09-09,19.3700008392334,19.489999771118164,19.34000015258789,19.450000762939453,52897000
2025-09-10,19.049999237060547,19.25,19.040000915527344,19.239999771118164,95753158
2025-09-11,19.030000686645508,19.06999969482422,18.850000381469727,18.93000030517578,109742634
2025-09-12,18.8799991607666,18.950000762939453,18.8700008392334,18.90999984741211,42726870
2025-09-15,18.93000030517578,19.0,18.889999389648438,18.889999389648438,23583675
2025-09-16,18.729999542236328,18.8799991607666,18.709999084472656,18.8700008392334,54928704
2025-09-17,18.850000381469727,18.860000610351562,18.75,18.790000915527344,22227411
2025-09-18,18.649999618530273,18.81999969482422,18.649999618530273,18.760000228881836,38623673
2025-09-19,18.649999618530273,18.719999313354492,18.59000015258789,18.600000381469727,29155826
2025-09-22,18.510000228881836,18.670000076293945,18.5,18.639999389648438,38074249
2025-09-23,18.290000915527344,18.43000030517578,18.239999771118164,18.399999618530273,78117702
2025-09-24,18.309999465942383,18.40999984741211,18.25,18.270000457763672,42397978
2025-09-25,18.360000610351562,18.389999389648438,18.260000228881836,18.350000381469727,26684183
2025-09-26,18.68000030517578,18.799999237060547,18.479999542236328,18.479999542236328,86547502
2025-09-30,18.459999084472656,18.549999237060547,18.40999984741211,18.520000457763672,38166314
2025-10-01,18.40999984741211,18.450000762939453,18.190000534057617,18.3700008392334,56011639
2025-10-02,18.149999618530273,18.190000534057617,18.100000381469727,18.1200008392334,64964129
2025-10-03,17.93000030517578,18.15999984741211,17.93000030517578,18.15999984741211,69066368
2025-10-07,17.530000686645508,17.719999313354492,17.520000457763672,17.700000762939453,94479500
2025-10-08,17.649999618530273,17.799999237060547,17.649999618530273,17.729999542236328,39845906
2025-10-09,17.540000915527344,17.559999465942383,17.469999313354492,17.469999313354492,35479762
2025-10-13,17.770000457763672,18.020000457763672,17.760000228881836,18.0,92427822
2025-10-14,17.8700008392334,17.889999389648438,17.450000762939453,17.5,76033851
2025-10-15,17.59000015258789,17.90999984741211,17.59000015258789,17.799999237060547,55787953
2025-10-16,17.280000686645508,17.489999771118164,17.280000686645508,17.479999542236328,80931447
2025-10-17,17.520000457763672,17.530000686645508,17.420000076293945,17.479999542236328,44174000
2025-10-20,17.260000228881836,17.459999084472656,17.25,17.389999389648438,54932314
2025-10-21,17.209999084472656,17.260000228881836,17.1200008392334,17.18000030517578,41421221
2025-10-22,17.260000228881836,17.399999618530273,17.239999771118164,17.34000015258789,35956879
2025-10-23,17.389999389648438,17.479999542236328,17.350000381469727,17.469999313354492,35327518
2025-10-27,16.979999542236328,17.079999923706055,16.969999313354492,17.0,62909281
2025-10-28,17.09000015258789,17.1200008392334,17.010000228881836,17.010000228881836,36751133
2025-10-29,16.860000610351562,16.969999313354492,16.850000381469727,16.959999084472656,47668220
2025-10-30,16.889999389648438,17.0,16.790000915527344,16.850000381469727,40239775
2025-10-31,16.809999465942383,16.8799991607666,16.770000457763672,16.84000015258789,31640721
2025-11-03,16.93000030517578,16.959999084472656,16.760000228881836,16.84000015258789,24810142
2025-11-04,17.049999237060547,17.049999237060547,16.770000457763672,16.829999923706055,40280570
2025-11-05,17.209999084472656,17.450000762939453,17.190000534057617,17.309999465942383,106980061
2025-11-06,17.059999465942383,17.18000030517578,17.040000915527344,17.110000610351562,43786448
2025-11-07,17.280000686645508,17.34000015258789,17.209999084472656,17.229999542236328,51203657
2025-11-10,17.110000610351562,17.280000686645508,17.079999923706055,17.170000076293945,35082997
2025-11-11,17.219999313354492,17.219999313354492,16.979999542236328,17.0,33042933
2025-11-12,17.06999969482422,17.190000534057617,17.06999969482422,17.1200008392334,25760016
2025-11-13,17.100000381469727,17.209999084472656,17.079999923706055,17.15999984741211,26110921
2025-11-14,17.459999084472656,17.479999542236328,17.329999923706055,17.40999984741211,66902533
2025-11-17,17.420000076293945,17.43000030517578,17.290000915527344,17.309999465942383,62034152
2025-11-18,17.780000686645508,17.829999923706055,17.520000457763672,17.600000381469727,89828952
2025-11-19,17.889999389648438,17.979999542236328,17.729999542236328,17.829999923706055,71697790
2025-11-20,17.3700008392334,17.559999465942383,17.3700008392334,17.450000762939453,98403241
2025-11-21,17.940000534057617,18.030000686645508,17.81999969482422,17.81999969482422,106513304
2025-11-24,17.93000030517578,17.950000762939453,17.81999969482422,17.829999923706055,56094475
2025-11-25,17.729999542236328,17.799999237060547,17.579999923706055,17.6200008392334,55878337
2025-11-26,17.440000534057617,17.540000915527344,17.40999984741211,17.540000915527344,73669313
2025-11-27,17.270000457763672,17.350000381469727,17.25,17.309999465942383,58768394
2025-11-28,17.1200008392334,17.270000457763672,17.100000381469727,17.25,72982035
2025-12-01,17.360000610351562,17.360000610351562,17.190000534057617,17.229999542236328,42913533
2025-12-02,17.299999237060547,17.299999237060547,17.1299991607666,17.200000762939453,31002600
2025-12-03,17.15999984741211,17.190000534057617,17.079999923706055,17.1200008392334,41180896
2025-12-04,17.149999618530273,17.200000762939453,17.079999923706055,17.110000610351562,17664385
2025-12-05,17.010000228881836,17.149999618530273,17.010000228881836,17.139999389648438,41678513
2025-12-08,16.81999969482422,16.969999313354492,16.81999969482422,16.950000762939453,61998809
2025-12-09,16.860000610351562,16.8799991607666,16.790000915527344,16.790000915527344,19558000
2025-12-10,16.770000457763672,16.860000610351562,16.75,16.829999923706055,27203691
2025-12-11,16.950000762939453,16.959999084472656,16.700000762939453,16.700000762939453,65836960
2025-12-12,16.81999969482422,16.889999389648438,16.780000686645508,16.809999465942383,78861363
2025-12-15,17.010000228881836,17.110000610351562,16.979999542236328,17.049999237060547,106288269
2025-12-16,17.200000762939453,17.34000015258789,17.139999389648438,17.149999618530273,109193588
2025-12-17,17.270000457763672,17.290000915527344,17.139999389648438,17.190000534057617,29612145
2025-12-18,17.290000915527344,17.3799991607666,17.239999771118164,17.329999923706055,42215246
2025-12-19,17.100000381469727,17.170000076293945,17.059999465942383,17.15999984741211,39127597
2025-12-22,16.8700008392334,16.940000534057617,16.829999923706055,16.889999389648438,46185086
2025-12-23,16.81999969482422,16.84000015258789,16.780000686645508,16.829999923706055,25496795
2025-12-24,16.790000915527344,16.81999969482422,16.729999542236328,16.739999771118164,17206219
2025-12-26,16.649999618530273,16.739999771118164,16.639999389648438,16.700000762939453,40658993
2025-12-29,16.489999771118164,16.639999389648438,16.469999313354492,16.6200008392334,58294988
2025-12-30,16.520000457763672,16.6200008392334,16.489999771118164,16.59000015258789,28186233
2025-12-31,16.459999084472656,16.56999969482422,16.440000534057617,16.56999969482422,29149414
2026-01-02,16.18000030517578,16.440000534057617,16.18000030517578,16.420000076293945,71959305
2026-01-05,15.729999542236328,15.979999542236328,15.649999618530273,15.979999542236328,134833116
2026-01-06,15.569999694824219,15.789999961853027,15.5600004196167,15.789999961853027,52302302
2026-01-07,15.600000381469727,15.65999984741211,15.550000190734863,15.600000381469727,33725805
2026-01-08,15.630000114440918,15.699999809265137,15.5600004196167,15.680000305175781,35037492
2026-01-09,15.65999984741211,15.869999885559082,15.600000381469727,15.6899995803833,52027596
2026-01-12,15.539999961853027,15.59000015258789,15.489999771118164,15.510000228881836,34300674
2026-01-13,15.479999542236328,15.569999694824219,15.34000015258789,15.359999656677246,57037106
2026-01-14,15.390000343322754,15.40999984741211,15.3100004196167,15.399999618530273,51246317
2026-01-15,15.390000343322754,15.489999771118164,15.390000343322754,15.460000038146973,28667476
2026-01-16,15.119999885559082,15.3100004196167,15.119999885559082,15.229999542236328,89714951
2026-01-19,15.029999732971191,15.239999771118164,15.0,15.130000114440918,75391809
2026-01-20,15.039999961853027,15.180000305175781,15.010000228881836,15.170000076293945,28824507
2026-01-21,15.1899995803833,15.229999542236328,15.039999961853027,15.180000305175781,75956378
2026-01-22,14.989999771118164,15.029999732971191,14.90999984741211,15.0,65680813
2026-01-23,14.890000343322754,15.010000228881836,14.869999885559082,14.920000076293945,40771379
2026-01-26,14.880000114440918,14.90999984741211,14.84000015258789,14.890000343322754,26324459
2026-01-27,14.710000038146973,14.859999656677246,14.710000038146973,14.8100004196167,57130114
2026-01-28,14.520000457763672,14.630000114440918,14.520000457763672,14.609999656677246,56194527
2026-01-29,14.619999885559082,14.65999984741211,14.470000267028809,14.479999542236328,60494829
2026-01-30,14.819999694824219,14.890000343322754,14.699999809265137,14.710000038146973,76993735
2026-02-02,15.109999656677246,15.199999809265137,14.970000267028809,15.039999961853027,116948929
2026-02-03,14.800000190734863,14.930000305175781,14.729999542236328,14.729999542236328,72671034
2026-02-04,14.729999542236328,14.899999618530273,14.710000038146973,14.899999618530273,43846314
2026-02-05,15.0,15.0,14.84000015258789,14.880000114440918,68854599
2026-02-06,15.0600004196167,15.270000457763672,14.979999542236328,15.149999618530273,103215911
2026-02-09,14.619999885559082,14.680000305175781,14.569999694824219,14.569999694824219,68455610
2026-02-10,14.359999656677246,14.510000228881836,14.359999656677246,14.510000228881836,80633910
2026-02-11,14.130000114440918,14.329999923706055,14.09000015258789,14.329999923706055,87508404
2026-02-23,14.119999885559082,14.130000114440918,13.869999885559082,14.010000228881836,82644843
2026-02-24,13.680000305175781,14.0,13.670000076293945,14.0,159896216
2026-02-25,13.4399995803833,13.630000114440918,13.359999656677246,13.579999923706055,124688380
2026-02-26,13.40999984741211,13.520000457763672,13.359999656677246,13.470000267028809,58527532
2026-03-02,13.539999961853027,13.680000305175781,13.460000038146973,13.680000305175781,81768073
2026-03-03,13.880000114440918,13.880000114440918,13.520000457763672,13.5600004196167,129117672
2026-03-04,14.5,14.5,14.130000114440918,14.130000114440918,223352476
2026-03-05,14.149999618530273,14.270000457763672,13.859999656677246,13.989999771118164,164102154
2026-03-06,14.119999885559082,14.279999732971191,14.039999961853027,14.239999771118164,86873389
2026-03-09,14.819999694824219,15.050000190734863,14.819999694824219,14.989999771118164,215622940
2026-03-10,14.479999542236328,14.649999618530273,14.239999771118164,14.300000190734863,160307368
2026-03-11,13.890000343322754,14.25,13.869999885559082,14.220000267028809,182937685
2026-03-12,14.149999618530273,14.1899995803833,13.949999809265137,14.0600004196167,88550499
2026-03-13,14.199999809265137,14.4399995803833,14.130000114440918,14.4399995803833,95486442
2026-03-16,14.229999542236328,14.329999923706055,14.050000190734863,14.069999694824219,74749849
2026-03-17,13.989999771118164,14.0600004196167,13.9399995803833,14.050000190734863,71799452
2026-03-18,13.75,13.880000114440918,13.739999771118164,13.779999732971191,87735339
