Price,Close,High,Low,Open,Volume
Ticker,00637L.TW,00637L.TW,00637L.TW,00637L.TW,00637L.TW
Date,,,,,
2021-03-18,27.739999771118164,28.059999465942383,27.420000076293945,27.43000030517578,61540379
2021-03-19,25.979999542236328,27.309999465942383,25.979999542236328,27.209999084472656,91711410
2021-03-22,26.3700008392334,26.780000686645508,25.899999618530273,26.110000610351562,52960717
2021-03-23,25.81999969482422,26.700000762939453,25.6299991607666,26.559999465942383,62917150
2021-03-24,25.479999542236328,26.559999465942383,25.399999618530273,26.030000686645508,67484300
2021-03-25,25.5,25.649999618530273,25.0,25.559999465942383,52000400
2021-03-26,26.389999389648438,26.5,25.459999084472656,25.549999237060547,59777228
2021-03-29,26.600000381469727,27.06999969482422,26.219999313354492,26.59000015258789,64816920
2021-03-30,27.0,27.280000686645508,26.459999084472656,26.6299991607666,57827169
2021-03-31,26.309999465942383,27.110000610351562,26.079999923706055,26.889999389648438,78047161
2021-04-01,26.81999969482422,27.149999618530273,26.690000534057617,26.739999771118164,58216400
2021-04-07,26.309999465942383,27.549999237060547,26.190000534057617,27.40999984741211,88803503
2021-04-08,26.75,26.790000915527344,26.020000457763672,26.34000015258789,44719200
2021-04-09,25.8700008392334,26.850000381469727,25.84000015258789,26.799999237060547,65002100
2021-04-12,25.3700008392334,26.079999923706055,25.15999984741211,25.969999313354492,59223430
2021-04-13,25.190000534057617,25.90999984741211,25.1200008392334,25.290000915527344,48477800
2021-04-14,25.3700008392334,25.68000030517578,25.1299991607666,25.350000381469727,40882700
2021-04-15,24.440000534057617,25.540000915527344,24.290000915527344,25.5,81250827
2021-04-16,24.93000030517578,25.059999465942383,24.510000228881836,24.979999542236328,39194100
2021-04-19,25.93000030517578,26.100000381469727,24.649999618530273,25.190000534057617,74652350
2021-04-20,26.34000015258789,26.5,25.709999084472656,25.889999389648438,57192938
2021-04-21,26.299999237060547,26.3799991607666,25.6299991607666,25.790000915527344,53756200
2021-04-22,26.010000228881836,26.540000915527344,25.799999237060547,26.459999084472656,66585035
2021-04-23,26.600000381469727,26.959999084472656,25.979999542236328,26.0,81387501
2021-04-26,26.579999923706055,27.229999542236328,26.579999923706055,27.0,68886096
2021-04-27,25.950000762939453,26.049999237060547,25.639999389648438,26.0,60747300
2021-04-28,26.0,26.200000762939453,25.75,26.040000915527344,35739100
2021-04-29,26.6299991607666,26.989999771118164,26.299999237060547,26.299999237060547,71244200
2021-05-03,25.700000762939453,26.530000686645508,25.700000762939453,26.5,34687937
2021-05-04,25.809999465942383,25.979999542236328,25.709999084472656,25.899999618530273,22092434
2021-05-05,26.030000686645508,26.34000015258789,25.700000762939453,25.809999465942383,27937300
2021-05-06,25.84000015258789,26.829999923706055,25.6299991607666,26.200000762939453,67794233
2021-05-07,25.829999923706055,26.15999984741211,25.760000228881836,25.90999984741211,32489219
2021-05-10,24.600000381469727,25.600000381469727,24.520000457763672,25.59000015258789,84155961
2021-05-11,25.43000030517578,25.479999542236328,24.389999389648438,24.59000015258789,57308910
2021-05-12,25.549999237060547,25.8799991607666,25.239999771118164,25.309999465942383,60026371
2021-05-13,24.979999542236328,25.59000015258789,24.950000762939453,25.440000534057617,37923928
2021-05-14,26.260000228881836,26.31999969482422,25.059999465942383,25.360000610351562,76590000
2021-05-17,27.43000030517578,27.579999923706055,26.34000015258789,26.440000534057617,97369363
2021-05-18,27.329999923706055,27.709999084472656,27.1299991607666,27.510000228881836,43263500
2021-05-19,27.079999923706055,27.43000030517578,26.920000076293945,27.219999313354492,38201000
2021-05-20,27.139999389648438,27.420000076293945,26.93000030517578,27.1200008392334,28947000
2021-05-21,26.899999618530273,27.770000457763672,26.530000686645508,27.59000015258789,79343300
2021-05-24,26.90999984741211,26.979999542236328,26.34000015258789,26.760000228881836,38210200
2021-05-25,28.93000030517578,28.93000030517578,27.1200008392334,27.1200008392334,111124709
2021-05-26,29.219999313354492,29.729999542236328,29.15999984741211,29.59000015258789,62814586
2021-05-27,29.360000610351562,30.25,28.90999984741211,29.420000076293945,68507883
2021-05-28,29.68000030517578,29.8799991607666,29.18000030517578,29.739999771118164,45647300
2021-05-31,28.610000610351562,29.65999984741211,28.5,29.600000381469727,65002150
2021-06-01,28.889999389648438,29.139999389648438,28.350000381469727,28.950000762939453,51812600
2021-06-02,28.649999618530273,29.329999923706055,28.469999313354492,29.100000381469727,51990068
2021-06-03,28.920000076293945,29.110000610351562,28.709999084472656,28.850000381469727,32595100
2021-06-04,29.469999313354492,29.6299991607666,28.25,28.469999313354492,82307835
2021-06-07,28.510000228881836,29.299999237060547,28.350000381469727,29.290000915527344,75108400
2021-06-08,27.799999237060547,29.290000915527344,27.799999237060547,28.700000762939453,86436800
2021-06-09,28.25,28.530000686645508,28.059999465942383,28.100000381469727,36845010
2021-06-10,28.989999771118164,29.1299991607666,28.239999771118164,28.290000915527344,57957900
2021-06-11,28.139999389648438,28.829999923706055,28.020000457763672,28.770000457763672,74656000
2021-06-15,27.299999237060547,28.18000030517578,26.979999542236328,28.100000381469727,80808000
2021-06-16,26.549999237060547,27.350000381469727,26.549999237060547,27.25,49674578
2021-06-17,26.5,27.020000457763672,26.209999084472656,26.290000915527344,41215312
2021-06-18,25.899999618530273,26.760000228881836,25.780000686645508,26.690000534057617,83438700
2021-06-21,25.6200008392334,26.329999923706055,25.600000381469727,25.93000030517578,46895017
2021-06-22,26.229999542236328,26.3799991607666,26.010000228881836,26.010000228881836,33805600
2021-06-23,26.489999771118164,26.81999969482422,26.25,26.34000015258789,41390934
2021-06-24,26.549999237060547,26.649999618530273,26.200000762939453,26.5,29067650
2021-06-25,27.540000915527344,27.600000381469727,26.75,26.81999969482422,68166390
2021-06-28,27.350000381469727,27.75,27.25,27.68000030517578,33705900
2021-06-29,26.8700008392334,27.510000228881836,26.670000076293945,27.399999618530273,43008331
2021-06-30,26.959999084472656,27.219999313354492,26.809999465942383,26.920000076293945,26944300
2021-07-01,26.799999237060547,27.229999542236328,26.34000015258789,27.079999923706055,50097052
2021-07-02,25.600000381469727,26.8799991607666,25.510000228881836,26.81999969482422,90493200
2021-07-05,25.18000030517578,25.6299991607666,25.170000076293945,25.600000381469727,51277009
2021-07-06,25.350000381469727,25.56999969482422,25.079999923706055,25.469999313354492,43998697
2021-07-07,25.760000228881836,26.020000457763672,25.290000915527344,25.360000610351562,44782297
2021-07-08,25.149999618530273,26.15999984741211,25.100000381469727,26.059999465942383,62428068
2021-07-09,24.700000762939453,25.040000915527344,24.3799991607666,24.84000015258789,59717500
2021-07-12,25.200000762939453,25.56999969482422,24.81999969482422,25.309999465942383,64588618
2021-07-13,25.270000457763672,25.690000534057617,25.190000534057617,25.270000457763672,39126042
2021-07-14,24.709999084472656,25.3700008392334,24.43000030517578,25.329999923706055,56920005
2021-07-15,25.420000076293945,25.420000076293945,24.5,24.59000015258789,49639137
2021-07-16,25.110000610351562,25.6299991607666,24.989999771118164,25.440000534057617,34283397
2021-07-19,24.760000228881836,24.969999313354492,24.200000762939453,24.739999771118164,76557010
2021-07-20,24.739999771118164,25.170000076293945,24.700000762939453,24.860000610351562,37373000
2021-07-21,24.809999465942383,25.43000030517578,24.739999771118164,25.059999465942383,51596351
2021-07-22,24.940000534057617,25.299999237060547,24.8799991607666,25.020000457763672,27681116
2021-07-23,24.360000610351562,25.0,24.34000015258789,24.940000534057617,42296977
2021-07-26,21.700000762939453,24.290000915527344,21.700000762939453,24.290000915527344,124414908
2021-07-27,21.3700008392334,22.170000076293945,21.3700008392334,21.950000762939453,55962729
2021-07-28,20.559999465942383,20.829999923706055,19.809999465942383,20.0,94188090
2021-07-29,21.09000015258789,21.780000686645508,20.889999389648438,21.75,56186400
2021-07-30,19.93000030517578,20.93000030517578,19.920000076293945,20.93000030517578,65099999
2021-08-02,21.290000915527344,21.469999313354492,19.549999237060547,20.25,87888240
2021-08-03,21.489999771118164,21.6299991607666,20.93000030517578,21.149999618530273,40793500
2021-08-04,21.389999389648438,21.670000076293945,21.200000762939453,21.5,27820367
2021-08-05,21.31999969482422,21.75,20.860000610351562,21.280000686645508,52437911
2021-08-06,20.940000534057617,21.1200008392334,20.719999313354492,21.110000610351562,42704088
2021-08-09,22.0,22.209999084472656,20.81999969482422,20.90999984741211,68608765
2021-08-10,21.799999237060547,21.8799991607666,21.260000228881836,21.8700008392334,60609385
2021-08-11,22.40999984741211,22.989999771118164,22.270000457763672,22.489999771118164,68133200
2021-08-12,22.030000686645508,22.459999084472656,21.979999542236328,22.440000534057617,43349883
2021-08-13,21.809999465942383,22.290000915527344,21.6299991607666,21.81999969482422,39881500
2021-08-16,22.049999237060547,22.389999389648438,21.799999237060547,21.989999771118164,41184652
2021-08-17,21.309999465942383,22.290000915527344,21.270000457763672,22.049999237060547,37038794
2021-08-18,21.639999389648438,21.899999618530273,20.760000228881836,20.959999084472656,46916510
2021-08-19,20.84000015258789,21.520000457763672,20.610000610351562,21.399999618530273,50556200
2021-08-20,19.450000762939453,21.079999923706055,19.440000534057617,21.010000228881836,98683270
2021-08-23,20.1299991607666,20.360000610351562,19.729999542236328,19.860000610351562,47723678
2021-08-24,20.760000228881836,20.81999969482422,20.190000534057617,20.229999542236328,45469598
2021-08-25,20.739999771118164,21.06999969482422,20.559999465942383,20.93000030517578,32905000
2021-08-26,19.989999771118164,20.829999923706055,19.920000076293945,20.829999923706055,50780282
2021-08-27,20.1200008392334,20.540000915527344,19.719999313354492,19.979999542236328,46542550
2021-08-30,19.649999618530273,20.270000457763672,19.34000015258789,20.190000534057617,69471666
2021-08-31,19.1200008392334,19.920000076293945,18.84000015258789,19.520000457763672,87686000
2021-09-01,20.350000381469727,20.739999771118164,19.06999969482422,19.34000015258789,100915000
2021-09-02,20.309999465942383,20.75,20.15999984741211,20.520000457763672,37068030
2021-09-03,20.399999618530273,20.790000915527344,19.8799991607666,20.3799991607666,56236000
2021-09-06,21.09000015258789,21.270000457763672,20.31999969482422,20.530000686645508,53076050
2021-09-07,21.350000381469727,21.360000610351562,20.760000228881836,21.139999389648438,39217500
2021-09-08,21.040000915527344,21.6299991607666,20.959999084472656,21.479999542236328,44222000
2021-09-09,20.780000686645508,21.170000076293945,20.75,21.040000915527344,26513000
2021-09-10,21.65999984741211,21.940000534057617,20.920000076293945,20.920000076293945,61244025
2021-09-13,21.479999542236328,21.950000762939453,21.280000686645508,21.600000381469727,32098000
2021-09-14,21.360000610351562,21.8799991607666,21.31999969482422,21.649999618530273,36347999
2021-09-15,20.34000015258789,20.959999084472656,20.34000015258789,20.950000762939453,45361650
2021-09-16,20.260000228881836,20.489999771118164,19.829999923706055,20.43000030517578,51330492
2021-09-17,20.579999923706055,20.690000534057617,19.950000762939453,20.18000030517578,44913457
2021-09-22,20.010000228881836,20.06999969482422,19.459999084472656,19.610000610351562,56468990
2021-09-23,19.950000762939453,20.540000915527344,19.899999618530273,20.149999618530273,43709009
2021-09-24,20.489999771118164,20.729999542236328,19.8700008392334,20.010000228881836,55154300
2021-09-27,21.15999984741211,21.5,20.200000762939453,20.34000015258789,78705125
2021-09-28,21.420000076293945,21.649999618530273,20.959999084472656,21.299999237060547,43644250
2021-09-29,21.360000610351562,21.3700008392334,20.700000762939453,21.149999618530273,60090000
2021-09-30,21.399999618530273,21.530000686645508,21.209999084472656,21.31999969482422,23800500
2021-10-01,20.399999618530273,21.34000015258789,20.350000381469727,21.34000015258789,38381700
2021-10-04,20.5,20.719999313354492,20.229999542236328,20.639999389648438,24210025
2021-10-05,20.190000534057617,20.31999969482422,19.829999923706055,20.209999084472656,32172000
2021-10-06,20.190000534057617,20.389999389648438,19.760000228881836,20.389999389648438,37061000
2021-10-07,21.139999389648438,21.190000534057617,20.549999237060547,20.579999923706055,41494050
2021-10-08,22.3799991607666,22.520000457763672,21.34000015258789,21.350000381469727,88686660
2021-10-12,22.690000534057617,23.0,22.3799991607666,22.479999542236328,47980305
2021-10-13,23.219999313354492,23.239999771118164,22.469999313354492,22.549999237060547,35309650
2021-10-14,22.850000381469727,23.540000915527344,22.729999542236328,23.540000915527344,38264000
2021-10-15,23.020000457763672,23.200000762939453,22.59000015258789,22.959999084472656,31013200
2021-10-18,21.8799991607666,23.040000915527344,21.850000381469727,23.0,61460450
2021-10-19,22.540000915527344,22.65999984741211,21.969999313354492,22.059999465942383,32132595
2021-10-20,22.420000076293945,22.959999084472656,22.299999237060547,22.639999389648438,36960000
2021-10-21,22.829999923706055,23.1299991607666,22.479999542236328,22.5,36365067
2021-10-22,23.6200008392334,23.770000457763672,22.860000610351562,22.860000610351562,56221100
2021-10-25,23.280000686645508,23.510000228881836,23.079999923706055,23.510000228881836,38768313
2021-10-26,23.309999465942383,23.739999771118164,23.040000915527344,23.450000762939453,40444200
2021-10-27,22.459999084472656,23.06999969482422,22.40999984741211,23.06999969482422,57915000
2021-10-28,22.43000030517578,22.6200008392334,22.219999313354492,22.43000030517578,27793100
2021-10-29,22.520000457763672,22.579999923706055,22.309999465942383,22.479999542236328,22906200
2021-11-01,22.360000610351562,22.610000610351562,21.739999771118164,22.579999923706055,48470100
2021-11-02,21.260000228881836,22.450000762939453,21.260000228881836,22.399999618530273,67549100
2021-11-03,21.299999237060547,21.790000915527344,21.280000686645508,21.489999771118164,25241600
2021-11-04,21.81999969482422,21.8799991607666,21.34000015258789,21.43000030517578,34873000
2021-11-05,21.959999084472656,22.139999389648438,21.549999237060547,21.639999389648438,29304982
2021-11-08,21.860000610351562,21.90999984741211,21.459999084472656,21.799999237060547,33603380
2021-11-09,21.40999984741211,21.90999984741211,21.290000915527344,21.81999969482422,42746232
2021-11-10,20.700000762939453,21.450000762939453,20.43000030517578,21.399999618530273,67927779
2021-11-11,21.68000030517578,21.709999084472656,20.979999542236328,21.020000457763672,49983000
2021-11-12,21.6299991607666,22.15999984741211,21.549999237060547,22.049999237060547,33231230
2021-11-15,21.549999237060547,21.8799991607666,21.420000076293945,21.799999237060547,21078000
2021-11-16,21.639999389648438,22.020000457763672,21.610000610351562,21.65999984741211,33933000
2021-11-17,21.649999618530273,21.899999618530273,21.600000381469727,21.729999542236328,18889500
2021-11-18,21.360000610351562,21.579999923706055,21.040000915527344,21.579999923706055,41385102
2021-11-19,21.3700008392334,21.610000610351562,21.030000686645508,21.149999618530273,22427160
2021-11-22,21.850000381469727,22.100000381469727,21.6200008392334,21.6200008392334,37426000
2021-11-23,21.889999389648438,22.190000534057617,21.729999542236328,21.799999237060547,25408997
2021-11-24,21.940000534057617,22.010000228881836,21.709999084472656,21.770000457763672,18715208
2021-11-25,21.75,22.139999389648438,21.649999618530273,21.989999771118164,27714000
2021-11-26,21.229999542236328,21.639999389648438,21.170000076293945,21.639999389648438,30846110
2021-11-29,21.020000457763672,21.43000030517578,20.989999771118164,21.100000381469727,29705000
2021-11-30,20.940000534057617,21.510000228881836,20.90999984741211,21.25,30714050
2021-12-01,20.969999313354492,21.170000076293945,20.84000015258789,20.989999771118164,19089506
2021-12-02,21.219999313354492,21.270000457763672,20.809999465942383,20.850000381469727,24935250
2021-12-03,21.43000030517578,21.510000228881836,21.139999389648438,21.209999084472656,26714100
2021-12-06,22.100000381469727,22.25,21.40999984741211,21.40999984741211,54283300
2021-12-07,22.329999923706055,22.40999984741211,22.040000915527344,22.209999084472656,37118100
2021-12-08,22.739999771118164,22.860000610351562,22.079999923706055,22.43000030517578,51572250
2021-12-09,24.110000610351562,24.270000457763672,23.0,23.010000228881836,98311893
2021-12-10,23.709999084472656,23.81999969482422,23.510000228881836,23.760000228881836,35284112
2021-12-13,24.15999984741211,24.860000610351562,23.81999969482422,23.8700008392334,63895589
2021-12-14,23.739999771118164,23.989999771118164,23.6200008392334,23.850000381469727,30158250
2021-12-15,23.15999984741211,23.690000534057617,23.1299991607666,23.510000228881836,41283150
2021-12-16,23.0,23.260000228881836,22.790000915527344,23.1200008392334,38029150
2021-12-17,22.59000015258789,23.280000686645508,22.5,23.1200008392334,29642060
2021-12-20,22.34000015258789,22.719999313354492,22.15999984741211,22.350000381469727,37922549
2021-12-21,22.239999771118164,22.360000610351562,21.90999984741211,22.209999084472656,50266951
2021-12-22,22.049999237060547,22.450000762939453,22.0,22.329999923706055,29529773
2021-12-23,22.09000015258789,22.3799991607666,21.940000534057617,22.200000762939453,29817133
2021-12-24,22.3799991607666,22.780000686645508,22.229999542236328,22.350000381469727,52734450
2021-12-27,22.18000030517578,22.530000686645508,22.18000030517578,22.440000534057617,23533050
2021-12-28,22.43000030517578,22.6200008392334,22.25,22.40999984741211,24467500
2021-12-29,21.610000610351562,22.649999618530273,21.610000610351562,22.56999969482422,69834150
2021-12-30,21.8799991607666,22.020000457763672,21.420000076293945,21.559999465942383,35419000
2022-01-03,21.670000076293945,22.139999389648438,21.510000228881836,21.940000534057617,26223000
2022-01-04,21.59000015258789,22.059999465942383,21.100000381469727,21.829999923706055,65812001
2022-01-05,21.5,22.030000686645508,21.450000762939453,21.579999923706055,46355500
2022-01-06,20.93000030517578,21.540000915527344,20.649999618530273,21.43000030517578,73523054
2022-01-07,21.110000610351562,21.200000762939453,20.829999923706055,20.940000534057617,36047547
2022-01-10,21.100000381469727,21.200000762939453,20.59000015258789,21.100000381469727,38845974
2022-01-11,20.8700008392334,21.239999771118164,20.829999923706055,21.049999237060547,25722298
2022-01-12,21.100000381469727,21.18000030517578,20.90999984741211,20.979999542236328,18954461
2022-01-13,20.81999969482422,21.469999313354492,20.760000228881836,21.399999618530273,44656178
2022-01-14,20.25,20.5,20.100000381469727,20.5,60549576
2022-01-17,20.200000762939453,20.350000381469727,19.889999389648438,20.06999969482422,41599000
2022-01-18,20.549999237060547,20.809999465942383,20.059999465942383,20.270000457763672,48842750
2022-01-19,20.440000534057617,20.899999618530273,20.420000076293945,20.520000457763672,36157550
2022-01-20,21.290000915527344,21.489999771118164,20.479999542236328,20.56999969482422,69942200
2022-01-21,21.0,21.389999389648438,20.950000762939453,21.329999923706055,46212500
2022-01-24,21.040000915527344,21.190000534057617,20.729999542236328,21.0,34342100
2022-01-25,20.40999984741211,20.809999465942383,20.309999465942383,20.770000457763672,44485200
2022-01-26,20.049999237060547,20.520000457763672,19.920000076293945,20.200000762939453,41852500
2022-02-07,19.950000762939453,20.190000534057617,19.479999542236328,19.81999969482422,56343100
2022-02-08,19.3799991607666,19.969999313354492,19.0,19.969999313354492,98495892
2022-02-09,20.260000228881836,20.280000686645508,19.75,19.799999237060547,59229300
2022-02-10,19.940000534057617,20.350000381469727,19.8799991607666,20.31999969482422,36122500
2022-02-11,20.280000686645508,20.59000015258789,19.93000030517578,20.200000762939453,58196585
2022-02-14,19.780000686645508,20.110000610351562,19.6299991607666,19.959999084472656,45816020
2022-02-15,19.700000762939453,19.959999084472656,19.56999969482422,19.690000534057617,35706000
2022-02-16,20.079999923706055,20.219999313354492,19.959999084472656,20.0,32305149
2022-02-17,20.200000762939453,20.3799991607666,20.049999237060547,20.09000015258789,30341000
2022-02-18,20.25,20.299999237060547,19.8700008392334,19.940000534057617,28781219
2022-02-21,19.989999771118164,20.25,19.889999389648438,20.229999542236328,37678350
2022-02-22,19.290000915527344,19.850000381469727,19.1299991607666,19.850000381469727,65861765
2022-02-23,19.469999313354492,19.559999465942383,19.260000228881836,19.399999618530273,33498900
2022-02-24,18.829999923706055,19.40999984741211,18.639999389648438,19.299999237060547,55487999
2022-02-25,19.09000015258789,19.489999771118164,18.899999618530273,19.0,54947165
2022-03-01,19.389999389648438,19.610000610351562,19.309999465942383,19.350000381469727,39084100
2022-03-02,19.270000457763672,19.510000228881836,19.18000030517578,19.5,24996000
2022-03-03,18.979999542236328,19.489999771118164,18.979999542236328,19.40999984741211,37127600
2022-03-04,18.31999969482422,18.84000015258789,18.270000457763672,18.799999237060547,64862400
2022-03-07,17.260000228881836,18.059999465942383,17.200000762939453,18.049999237060547,78354810
2022-03-08,16.780000686645508,17.360000610351562,16.5,16.829999923706055,77250182
2022-03-09,16.020000457763672,16.8700008392334,16.020000457763672,16.739999771118164,108807681
2022-03-10,16.860000610351562,17.1299991607666,16.670000076293945,16.690000534057617,72190685
2022-03-11,15.90999984741211,16.59000015258789,15.75,16.520000457763672,103781832
2022-03-14,16.0,16.56999969482422,15.829999923706055,16.399999618530273,87100059
2022-03-15,14.670000076293945,15.460000038146973,14.270000457763672,15.25,162027570
2022-03-16,15.100000381469727,15.100000381469727,13.9399995803833,14.399999618530273,202459365
2022-03-17,16.450000762939453,16.780000686645508,16.010000228881836,16.579999923706055,176391532
2022-03-18,16.200000762939453,16.200000762939453,15.829999923706055,16.049999237060547,87355310
2022-03-21,16.31999969482422,16.829999923706055,16.209999084472656,16.719999313354492,75680520
2022-03-22,16.520000457763672,16.649999618530273,16.3700008392334,16.3700008392334,46113321
2022-03-23,16.700000762939453,16.790000915527344,16.420000076293945,16.700000762939453,88987595
2022-03-24,16.510000228881836,16.670000076293945,16.31999969482422,16.559999465942383,61303163
2022-03-25,16.110000610351562,16.719999313354492,16.059999465942383,16.610000610351562,67509000
2022-03-28,15.84000015258789,16.020000457763672,15.210000038146973,15.850000381469727,111033470
2022-03-29,15.84000015258789,16.1200008392334,15.760000228881836,15.899999618530273,43664000
2022-03-30,16.5,16.5,15.850000381469727,15.920000076293945,89289621
2022-03-31,16.5,16.75,16.399999618530273,16.6299991607666,53802160
2022-04-01,17.18000030517578,17.34000015258789,16.309999465942383,16.360000610351562,120595230
2022-04-06,17.079999923706055,17.15999984741211,16.610000610351562,17.06999969482422,58047000
2022-04-07,16.799999237060547,17.260000228881836,16.709999084472656,16.829999923706055,64771160
2022-04-08,17.1299991607666,17.209999084472656,16.729999542236328,16.8700008392334,54657147
2022-04-11,16.209999084472656,17.010000228881836,16.06999969482422,17.0,95372000
2022-04-12,16.799999237060547,16.8799991607666,16.139999389648438,16.149999618530273,66152828
2022-04-13,17.020000457763672,17.09000015258789,16.75,16.899999618530273,57341441
2022-04-14,17.309999465942383,17.459999084472656,16.959999084472656,17.079999923706055,67521310
2022-04-15,17.350000381469727,17.40999984741211,17.0,17.219999313354492,59187140
2022-04-18,16.760000228881836,17.15999984741211,16.610000610351562,17.15999984741211,73116245
2022-04-19,16.770000457763672,17.149999618530273,16.719999313354492,16.8799991607666,63284000
2022-04-20,16.459999084472656,16.799999237060547,16.200000762939453,16.760000228881836,99556999
2022-04-21,16.1299991607666,16.469999313354492,15.9399995803833,16.3700008392334,94698000
2022-04-22,16.110000610351562,16.239999771118164,15.550000190734863,15.710000038146973,90603000
2022-04-25,15.529999732971191,15.829999923706055,15.329999923706055,15.829999923706055,116812585
2022-04-26,15.180000305175781,15.40999984741211,14.640000343322754,14.800000190734863,152598205
2022-04-27,15.369999885559082,15.4399995803833,14.630000114440918,14.630000114440918,104053900
2022-04-28,15.520000457763672,15.890000343322754,15.34000015258789,15.569999694824219,89066020
2022-04-29,16.100000381469727,16.360000610351562,15.4399995803833,15.850000381469727,145646530
2022-05-03,16.059999465942383,16.170000076293945,15.6899995803833,15.9399995803833,55027100
2022-05-04,15.859999656677246,16.1299991607666,15.8100004196167,16.1299991607666,36201000
2022-05-05,16.1200008392334,16.25,15.920000076293945,16.049999237060547,83295165
2022-05-06,15.130000114440918,15.640000343322754,15.039999961853027,15.5600004196167,128170600
2022-05-09,14.5600004196167,15.020000457763672,14.5600004196167,14.970000267028809,69671619
2022-05-10,14.960000038146973,15.180000305175781,14.210000038146973,14.449999809265137,118176205
2022-05-11,15.670000076293945,15.670000076293945,14.829999923706055,14.859999656677246,104505493
2022-05-12,15.289999961853027,15.5,15.220000267028809,15.329999923706055,74554000
2022-05-13,15.460000038146973,15.8100004196167,15.449999809265137,15.470000267028809,70214000
2022-05-16,15.329999923706055,15.920000076293945,15.270000457763672,15.819999694824219,102352150
2022-05-17,15.6899995803833,15.8100004196167,15.390000343322754,15.399999618530273,60901250
2022-05-18,15.489999771118164,15.819999694824219,15.239999771118164,15.819999694824219,107439200
2022-05-19,15.329999923706055,15.489999771118164,15.100000381469727,15.130000114440918,49354000
2022-05-20,16.190000534057617,16.200000762939453,15.510000228881836,15.59000015258789,121390528
2022-05-23,15.84000015258789,16.450000762939453,15.710000038146973,16.299999237060547,93173040
2022-05-24,15.479999542236328,15.890000343322754,15.4399995803833,15.890000343322754,77115345
2022-05-25,15.300000190734863,15.489999771118164,15.239999771118164,15.350000381469727,59480000
2022-05-26,15.350000381469727,15.609999656677246,15.0,15.489999771118164,122441080
2022-05-27,15.539999961853027,15.90999984741211,15.5,15.529999732971191,84718050
2022-05-30,15.710000038146973,15.920000076293945,15.649999618530273,15.710000038146973,70898900
2022-05-31,16.229999542236328,16.229999542236328,15.609999656677246,15.710000038146973,124400195
2022-06-01,16.100000381469727,16.360000610351562,16.09000015258789,16.260000228881836,65605800
2022-06-02,16.06999969482422,16.200000762939453,15.880000114440918,16.079999923706055,55343000
2022-06-06,16.399999618530273,16.530000686645508,15.8100004196167,16.299999237060547,139414200
2022-06-07,16.899999618530273,17.110000610351562,16.420000076293945,16.59000015258789,133581800
2022-06-08,16.920000076293945,17.40999984741211,16.920000076293945,17.219999313354492,124724520
2022-06-09,17.139999389648438,17.579999923706055,17.079999923706055,17.260000228881836,119963200
2022-06-10,17.360000610351562,17.360000610351562,16.75,16.860000610351562,95054651
2022-06-13,16.889999389648438,17.389999389648438,16.850000381469727,17.149999618530273,111402219
2022-06-14,16.760000228881836,17.010000228881836,16.559999465942383,16.610000610351562,89689100
2022-06-15,18.280000686645508,18.399999618530273,17.190000534057617,17.200000762939453,184333424
2022-06-16,17.809999465942383,18.25,17.780000686645508,18.200000762939453,91317898
2022-06-17,18.170000076293945,18.170000076293945,17.450000762939453,17.5,97407490
2022-06-20,18.450000762939453,18.790000915527344,18.149999618530273,18.290000915527344,116983442
2022-06-21,18.440000534057617,18.719999313354492,18.229999542236328,18.549999237060547,85488044
2022-06-22,18.3799991607666,18.56999969482422,18.18000030517578,18.549999237060547,68569020
2022-06-23,18.389999389648438,18.450000762939453,18.1299991607666,18.270000457763672,55068077
2022-06-24,18.93000030517578,19.049999237060547,18.700000762939453,18.700000762939453,103013339
2022-06-27,19.440000534057617,19.899999618530273,19.229999542236328,19.31999969482422,110266810
2022-06-28,19.639999389648438,19.65999984741211,19.350000381469727,19.510000228881836,56386220
2022-06-29,19.5,19.969999313354492,19.469999313354492,19.68000030517578,97765343
2022-06-30,20.40999984741211,20.420000076293945,19.3799991607666,19.489999771118164,107412195
2022-07-01,19.90999984741211,20.450000762939453,19.799999237060547,20.450000762939453,70647165
2022-07-04,20.100000381469727,20.219999313354492,19.649999618530273,20.15999984741211,67713237
2022-07-05,19.979999542236328,20.610000610351562,19.770000457763672,20.270000457763672,94846473
2022-07-06,19.469999313354492,20.309999465942383,19.469999313354492,20.170000076293945,80473850
2022-07-07,19.639999389648438,19.739999771118164,19.229999542236328,19.520000457763672,57803050
2022-07-08,19.6200008392334,19.979999542236328,19.6200008392334,19.81999969482422,50801310
2022-07-11,18.739999771118164,19.709999084472656,18.700000762939453,19.700000762939453,100719100
2022-07-12,18.709999084472656,19.100000381469727,18.3799991607666,18.739999771118164,77838074
2022-07-13,18.729999542236328,18.8700008392334,18.440000534057617,18.670000076293945,51512000
2022-07-14,18.59000015258789,18.780000686645508,18.229999542236328,18.579999923706055,61264548
2022-07-15,18.600000381469727,19.06999969482422,18.360000610351562,18.540000915527344,61506969
2022-07-18,18.5,18.6200008392334,17.850000381469727,18.280000686645508,112984650
2022-07-19,17.989999771118164,18.459999084472656,17.950000762939453,18.440000534057617,84995405
2022-07-20,18.25,18.549999237060547,18.190000534057617,18.399999618530273,57142100
2022-07-21,18.030000686645508,18.31999969482422,18.020000457763672,18.229999542236328,41752855
2022-07-22,18.0,18.389999389648438,17.780000686645508,17.889999389648438,61663050
2022-07-25,17.8799991607666,18.06999969482422,17.780000686645508,17.90999984741211,43932528
2022-07-26,18.18000030517578,18.290000915527344,17.920000076293945,17.940000534057617,41234145
2022-07-27,17.81999969482422,18.18000030517578,17.799999237060547,18.18000030517578,53609477
2022-07-28,17.950000762939453,18.25,17.81999969482422,18.0,61234000
2022-07-29,17.350000381469727,18.06999969482422,17.25,17.829999923706055,123090358
2022-08-01,17.399999618530273,17.479999542236328,17.0,17.219999313354492,65383530
2022-08-02,16.770000457763672,17.100000381469727,16.549999237060547,17.09000015258789,99881616
2022-08-03,16.56999969482422,17.010000228881836,16.479999542236328,16.690000534057617,73213380
2022-08-04,16.579999923706055,16.719999313354492,16.450000762939453,16.489999771118164,45128000
2022-08-05,16.6299991607666,16.889999389648438,16.600000381469727,16.75,40465130
2022-08-08,16.850000381469727,17.059999465942383,16.84000015258789,16.8799991607666,42325206
2022-08-09,16.940000534057617,17.040000915527344,16.75,16.850000381469727,34590074
2022-08-10,16.34000015258789,16.920000076293945,16.34000015258789,16.860000610351562,77523516
2022-08-11,16.989999771118164,16.989999771118164,16.469999313354492,16.600000381469727,72350666
2022-08-12,17.149999618530273,17.190000534057617,16.950000762939453,17.110000610351562,51858300
2022-08-15,17.190000534057617,17.479999542236328,17.049999237060547,17.200000762939453,71435289
2022-08-16,17.1200008392334,17.389999389648438,17.110000610351562,17.190000534057617,42957766
2022-08-17,17.329999923706055,17.440000534057617,16.8700008392334,17.139999389648438,75450230
2022-08-18,17.0,17.40999984741211,16.959999084472656,17.34000015258789,65398039
2022-08-19,17.059999465942383,17.229999542236328,16.959999084472656,17.040000915527344,47261999
2022-08-22,17.299999237060547,17.34000015258789,16.760000228881836,16.799999237060547,66181000
2022-08-23,16.969999313354492,17.309999465942383,16.809999465942383,17.110000610351562,64901000
2022-08-24,16.860000610351562,17.170000076293945,16.799999237060547,17.149999618530273,51508060
2022-08-25,16.739999771118164,16.850000381469727,16.549999237060547,16.84000015258789,66943199
2022-08-26,17.040000915527344,17.229999542236328,17.010000228881836,17.1200008392334,59193488
2022-08-29,16.68000030517578,16.969999313354492,16.639999389648438,16.81999969482422,63573000
2022-08-30,16.5,16.860000610351562,16.360000610351562,16.799999237060547,79085183
2022-08-31,17.1299991607666,17.1299991607666,16.450000762939453,16.479999542236328,86889582
2022-09-01,16.790000915527344,16.920000076293945,16.709999084472656,16.860000610351562,48237094
2022-09-02,16.360000610351562,16.739999771118164,16.360000610351562,16.729999542236328,71418556
2022-09-05,16.059999465942383,16.34000015258789,15.899999618530273,16.329999923706055,87541000
2022-09-06,16.270000457763672,16.459999084472656,16.1299991607666,16.290000915527344,44330333
2022-09-07,16.25,16.3700008392334,16.1299991607666,16.190000534057617,32255300
2022-09-08,16.3799991607666,16.489999771118164,16.329999923706055,16.40999984741211,38287100
2022-09-12,16.469999313354492,16.75,16.450000762939453,16.709999084472656,40222000
2022-09-13,17.229999542236328,17.239999771118164,16.770000457763672,16.780000686645508,104997489
2022-09-14,16.68000030517578,16.979999542236328,16.6299991607666,16.75,81620200
2022-09-15,16.75,17.030000686645508,16.719999313354492,16.760000228881836,57133471
2022-09-16,16.260000228881836,16.690000534057617,16.15999984741211,16.639999389648438,101586033
2022-09-19,16.260000228881836,16.420000076293945,16.010000228881836,16.1200008392334,67004645
2022-09-20,16.270000457763672,16.43000030517578,16.15999984741211,16.3700008392334,55223400
2022-09-21,16.030000686645508,16.200000762939453,15.8100004196167,16.200000762939453,71200302
2022-09-22,15.630000114440918,15.859999656677246,15.520000457763672,15.779999732971191,64560406
2022-09-23,15.859999656677246,15.949999809265137,15.5600004196167,15.680000305175781,75179000
2022-09-26,16.030000686645508,16.190000534057617,15.550000190734863,15.600000381469727,67782041
2022-09-27,16.040000915527344,16.040000915527344,15.670000076293945,15.989999771118164,69106300
2022-09-28,15.979999542236328,16.18000030517578,15.899999618530273,16.079999923706055,62157000
2022-09-29,15.949999809265137,16.280000686645508,15.949999809265137,16.139999389648438,54966160
2022-09-30,15.869999885559082,16.149999618530273,15.770000457763672,15.859999656677246,64661000
2022-10-03,15.260000228881836,15.699999809265137,15.239999771118164,15.699999809265137,78158500
2022-10-04,15.84000015258789,15.859999656677246,15.65999984741211,15.6899995803833,56672350
2022-10-05,16.860000610351562,16.979999542236328,16.270000457763672,16.280000686645508,118926451
2022-10-06,16.899999618530273,17.030000686645508,16.729999542236328,16.899999618530273,37112000
2022-10-07,16.440000534057617,16.690000534057617,16.40999984741211,16.68000030517578,49056140
2022-10-11,15.050000190734863,15.239999771118164,15.010000228881836,15.220000267028809,96639296
2022-10-12,14.59000015258789,15.180000305175781,14.40999984741211,15.140000343322754,95753182
2022-10-13,14.869999885559082,15.079999923706055,14.739999771118164,14.970000267028809,71792123
2022-10-14,15.680000305175781,15.699999809265137,14.989999771118164,15.0600004196167,116067432
2022-10-17,15.399999618530273,15.579999923706055,15.170000076293945,15.380000114440918,52718181
2022-10-18,15.390000343322754,15.770000457763672,15.359999656677246,15.649999618530273,62988081
2022-10-19,14.869999885559082,15.479999542236328,14.869999885559082,15.399999618530273,67731428
2022-10-20,14.829999923706055,15.430000305175781,14.520000457763672,14.670000076293945,85254888
2022-10-21,14.59000015258789,14.739999771118164,14.529999732971191,14.729999542236328,54857272
2022-10-24,13.510000228881836,14.569999694824219,13.460000038146973,14.569999694824219,188734757
2022-10-25,13.420000076293945,13.739999771118164,13.199999809265137,13.4399995803833,92020452
2022-10-26,13.420000076293945,13.75,13.319999694824219,13.510000228881836,66632960
2022-10-27,12.880000114440918,13.510000228881836,12.880000114440918,13.449999809265137,129145663
2022-10-28,12.359999656677246,12.869999885559082,12.359999656677246,12.699999809265137,82024224
2022-10-31,12.119999885559082,12.390000343322754,11.970000267028809,12.390000343322754,136729758
2022-11-01,12.510000228881836,12.75,12.0600004196167,12.100000381469727,90536542
2022-11-02,13.329999923706055,13.430000305175781,12.6899995803833,12.770000457763672,107861360
2022-11-03,12.880000114440918,13.180000305175781,12.779999732971191,13.09000015258789,82185100
2022-11-04,13.920000076293945,14.010000228881836,12.84000015258789,12.979999542236328,140860780
2022-11-07,13.989999771118164,14.130000114440918,13.510000228881836,13.859999656677246,105166360
2022-11-08,13.630000114440918,14.100000381469727,13.619999885559082,14.039999961853027,74571197
2022-11-09,13.329999923706055,13.800000190734863,13.300000190734863,13.710000038146973,77801100
2022-11-10,13.069999694824219,13.3100004196167,12.989999771118164,13.149999618530273,57714500
2022-11-11,13.779999732971191,14.050000190734863,13.579999923706055,13.729999542236328,117580444
2022-11-14,14.109999656677246,14.800000190734863,14.0600004196167,14.0600004196167,179781007
2022-11-15,14.430000305175781,14.5,13.770000457763672,14.029999732971191,115849221
2022-11-16,14.300000190734863,14.550000190734863,14.229999542236328,14.529999732971191,63496470
2022-11-17,13.829999923706055,14.239999771118164,13.75,14.229999542236328,83372400
2022-11-18,14.069999694824219,14.220000267028809,13.890000343322754,14.100000381469727,68401067
2022-11-21,13.539999961853027,13.979999542236328,13.300000190734863,13.979999542236328,89720497
2022-11-22,13.869999885559082,14.079999923706055,13.550000190734863,13.59000015258789,77745674
2022-11-23,13.819999694824219,13.989999771118164,13.670000076293945,13.920000076293945,58776500
2022-11-24,13.550000190734863,14.029999732971191,13.550000190734863,13.930000305175781,79056661
2022-11-25,13.760000228881836,13.800000190734863,13.449999809265137,13.609999656677246,50929300
2022-11-28,13.1899995803833,13.510000228881836,12.850000381469727,13.510000228881836,129122700
2022-11-29,14.34000015258789,14.460000038146973,13.520000457763672,13.520000457763672,176519300
2022-11-30,14.470000267028809,14.619999885559082,14.279999732971191,14.5,65524551
2022-12-01,14.949999809265137,15.420000076293945,14.850000381469727,14.989999771118164,119753681
2022-12-02,14.600000381469727,14.869999885559082,14.59000015258789,14.869999885559082,53047014
2022-12-05,15.100000381469727,15.430000305175781,14.859999656677246,15.09000015258789,116898345
2022-12-06,15.489999771118164,15.739999771118164,14.979999542236328,15.050000190734863,121838668
2022-12-07,15.90999984741211,15.90999984741211,15.489999771118164,15.539999961853027,93728400
2022-12-08,15.579999923706055,15.720000267028809,15.40999984741211,15.539999961853027,76514000
2022-12-09,15.789999961853027,15.859999656677246,15.479999542236328,15.789999961853027,103373275
2022-12-12,15.6899995803833,15.949999809265137,15.640000343322754,15.819999694824219,57392013
2022-12-13,15.579999923706055,15.729999542236328,15.5,15.579999923706055,59336015
2022-12-14,15.829999923706055,15.880000114440918,15.449999809265137,15.640000343322754,61113752
2022-12-15,15.720000267028809,15.949999809265137,15.510000228881836,15.789999961853027,75947460
2022-12-16,15.8100004196167,15.979999542236328,15.649999618530273,15.680000305175781,84490032
2022-12-19,15.6899995803833,16.139999389648438,15.609999656677246,15.819999694824219,79554777
2022-12-20,14.8100004196167,15.600000381469727,14.8100004196167,15.600000381469727,105983000
2022-12-21,15.010000228881836,15.149999618530273,14.869999885559082,14.880000114440918,44467101
2022-12-22,15.279999732971191,15.539999961853027,15.1899995803833,15.229999542236328,57249100
2022-12-23,15.130000114440918,15.380000114440918,14.9399995803833,15.079999923706055,62315100
2022-12-26,15.180000305175781,15.289999961853027,15.029999732971191,15.199999809265137,37513050
2022-12-27,15.470000267028809,15.829999923706055,15.34000015258789,15.380000114440918,98134000
2022-12-28,15.489999771118164,15.65999984741211,15.239999771118164,15.630000114440918,70233000
2022-12-29,15.1899995803833,15.380000114440918,15.039999961853027,15.380000114440918,61768013
2022-12-30,15.470000267028809,15.59000015258789,15.359999656677246,15.420000076293945,54611600
2023-01-03,15.260000228881836,15.40999984741211,14.9399995803833,15.390000343322754,90179500
2023-01-04,15.279999732971191,15.510000228881836,15.199999809265137,15.359999656677246,61964100
2023-01-05,16.110000610351562,16.18000030517578,15.65999984741211,15.739999771118164,120353155
2023-01-06,16.290000915527344,16.43000030517578,16.1299991607666,16.229999542236328,88646460
2023-01-09,16.489999771118164,16.600000381469727,16.299999237060547,16.579999923706055,76782351
2023-01-10,16.510000228881836,16.56999969482422,16.3799991607666,16.489999771118164,55403999
2023-01-11,16.690000534057617,16.780000686645508,16.440000534057617,16.65999984741211,72264890
2023-01-12,16.520000457763672,16.739999771118164,16.469999313354492,16.690000534057617,57431900
2023-01-13,16.920000076293945,17.0,16.68000030517578,16.729999542236328,102263750
2023-01-16,17.850000381469727,17.979999542236328,17.15999984741211,17.219999313354492,129907530
2023-01-17,17.420000076293945,17.780000686645508,17.40999984741211,17.739999771118164,72169029
2023-01-30,17.799999237060547,18.389999389648438,17.739999771118164,18.139999389648438,114389140
2023-01-31,17.3700008392334,17.950000762939453,17.280000686645508,17.739999771118164,66502000
2023-02-01,17.219999313354492,17.420000076293945,16.959999084472656,17.3700008392334,60062000
2023-02-02,17.15999984741211,17.479999542236328,17.0,17.479999542236328,63099080
2023-02-03,16.510000228881836,16.940000534057617,16.450000762939453,16.90999984741211,88097200
2023-02-06,16.010000228881836,16.440000534057617,15.979999542236328,16.43000030517578,78352760
2023-02-07,16.280000686645508,16.489999771118164,16.15999984741211,16.15999984741211,42729130
2023-02-08,16.190000534057617,16.5,16.190000534057617,16.399999618530273,40243000
2023-02-09,16.600000381469727,16.65999984741211,16.030000686645508,16.1299991607666,55749300
2023-02-10,16.350000381469727,16.600000381469727,16.260000228881836,16.600000381469727,46577500
2023-02-13,16.809999465942383,16.809999465942383,16.190000534057617,16.31999969482422,68825300
2023-02-14,16.610000610351562,16.950000762939453,16.600000381469727,16.940000534057617,53455400
2023-02-15,16.520000457763672,16.8700008392334,16.489999771118164,16.68000030517578,47326022
2023-02-16,16.889999389648438,16.940000534057617,16.520000457763672,16.6299991607666,63159999
2023-02-17,16.389999389648438,16.6299991607666,16.25,16.399999618530273,76019465
2023-02-20,16.389999389648438,16.389999389648438,15.850000381469727,16.010000228881836,96090600
2023-02-21,16.6299991607666,16.809999465942383,16.549999237060547,16.649999618530273,75976570
2023-02-22,16.510000228881836,16.719999313354492,16.43000030517578,16.510000228881836,40563001
2023-02-23,16.31999969482422,16.649999618530273,16.309999465942383,16.40999984741211,66313000
2023-02-24,15.949999809265137,16.329999923706055,15.850000381469727,16.329999923706055,104379587
2023-03-01,16.3700008392334,16.5,15.890000343322754,15.899999618530273,81991400
2023-03-02,16.31999969482422,16.469999313354492,16.219999313354492,16.450000762939453,51769000
2023-03-03,16.290000915527344,16.540000915527344,16.170000076293945,16.469999313354492,68070997
2023-03-06,16.110000610351562,16.420000076293945,15.989999771118164,16.420000076293945,90411000
2023-03-07,16.059999465942383,16.350000381469727,15.970000267028809,16.09000015258789,57405503
2023-03-08,15.489999771118164,15.729999542236328,15.479999542236328,15.6899995803833,111441150
2023-03-09,15.380000114440918,15.619999885559082,15.220000267028809,15.550000190734863,70958196
2023-03-10,15.100000381469727,15.350000381469727,14.989999771118164,15.119999885559082,82361397
2023-03-13,15.220000267028809,15.34000015258789,14.989999771118164,15.050000190734863,71437309
2023-03-14,14.960000038146973,15.149999618530273,14.789999961853027,15.130000114440918,89126500
2023-03-15,15.029999732971191,15.319999694824219,15.020000457763672,15.140000343322754,57361333
2023-03-16,14.949999809265137,15.109999656677246,14.789999961853027,14.960000038146973,69207699
2023-03-17,15.069999694824219,15.300000190734863,14.90999984741211,15.010000228881836,85092400
2023-03-20,14.680000305175781,14.960000038146973,14.680000305175781,14.880000114440918,95291045
2023-03-21,15.050000190734863,15.050000190734863,14.710000038146973,14.800000190734863,61619290
2023-03-22,15.09000015258789,15.319999694824219,15.069999694824219,15.119999885559082,63740430
2023-03-23,15.229999542236328,15.300000190734863,15.020000457763672,15.079999923706055,48760555
2023-03-24,15.1899995803833,15.319999694824219,15.149999618530273,15.319999694824219,43703000
2023-03-27,14.960000038146973,15.25,14.850000381469727,15.170000076293945,77951450
2023-03-28,15.020000457763672,15.119999885559082,14.9399995803833,14.960000038146973,41568900
2023-03-29,15.119999885559082,15.40999984741211,15.100000381469727,15.180000305175781,76562205
2023-03-30,15.229999542236328,15.359999656677246,15.069999694824219,15.220000267028809,74399220
2023-03-31,15.5,15.720000267028809,15.5,15.539999961853027,98077720
2023-04-06,15.199999809265137,15.539999961853027,15.149999618530273,15.520000457763672,74507198
2023-04-07,15.399999618530273,15.579999923706055,15.239999771118164,15.350000381469727,76278131
2023-04-10,15.390000343322754,15.5,15.130000114440918,15.420000076293945,74521410
2023-04-11,15.220000267028809,15.529999732971191,15.220000267028809,15.449999809265137,53062600
2023-04-12,15.09000015258789,15.350000381469727,15.0600004196167,15.300000190734863,75791498
2023-04-13,15.100000381469727,15.199999809265137,14.899999618530273,14.979999542236328,62428448
2023-04-14,15.119999885559082,15.359999656677246,15.079999923706055,15.25,74178088
2023-04-17,15.609999656677246,15.609999656677246,15.079999923706055,15.140000343322754,105204132
2023-04-18,15.890000343322754,16.059999465942383,15.680000305175781,15.75,86657402
2023-04-19,15.800000190734863,15.989999771118164,15.75,15.920000076293945,39854300
2023-04-20,15.40999984741211,15.739999771118164,15.40999984741211,15.6899995803833,58365262
2023-04-21,15.270000457763672,15.5,15.229999542236328,15.399999618530273,58518577
2023-04-24,14.829999923706055,15.130000114440918,14.8100004196167,15.069999694824219,92258499
2023-04-25,14.649999618530273,14.859999656677246,14.579999923706055,14.75,77710375
2023-04-26,14.859999656677246,14.899999618530273,14.609999656677246,14.6899995803833,39935635
2023-04-27,14.930000305175781,14.930000305175781,14.710000038146973,14.869999885559082,32113470
2023-04-28,15.279999732971191,15.4399995803833,15.130000114440918,15.140000343322754,78444131
2023-05-02,15.300000190734863,15.539999961853027,15.170000076293945,15.34000015258789,42163409
2023-05-03,14.989999771118164,15.180000305175781,14.960000038146973,15.15999984741211,47573242
2023-05-04,15.34000015258789,15.430000305175781,15.029999732971191,15.050000190734863,56945131
2023-05-05,15.390000343322754,15.59000015258789,15.239999771118164,15.390000343322754,47761164
2023-05-08,15.710000038146973,15.869999885559082,15.380000114440918,15.539999961853027,107283020
2023-05-09,15.989999771118164,16.049999237060547,15.59000015258789,15.75,91760299
2023-05-10,15.319999694824219,15.699999809265137,15.260000228881836,15.699999809265137,102764035
2023-05-11,15.279999732971191,15.479999542236328,15.260000228881836,15.3100004196167,33060750
2023-05-12,15.020000457763672,15.369999885559082,15.010000228881836,15.329999923706055,59744184
2023-05-15,15.100000381469727,15.100000381469727,14.770000457763672,14.869999885559082,51294232
2023-05-16,15.239999771118164,15.430000305175781,15.1899995803833,15.369999885559082,43290476
2023-05-17,14.979999542236328,15.25,14.979999542236328,15.199999809265137,44340122
2023-05-18,15.010000228881836,15.170000076293945,14.930000305175781,15.029999732971191,63437148
2023-05-19,14.829999923706055,14.970000267028809,14.600000381469727,14.880000114440918,97603000
2023-05-22,15.069999694824219,15.229999542236328,14.6899995803833,14.800000190734863,88711129
2023-05-23,14.800000190734863,15.15999984741211,14.800000190734863,15.100000381469727,69905340
2023-05-24,14.4399995803833,14.649999618530273,14.390000343322754,14.640000343322754,107055500
2023-05-25,13.970000267028809,14.229999542236328,13.970000267028809,14.229999542236328,120919881
2023-05-26,13.9399995803833,14.010000228881836,13.720000267028809,14.0,96765049
2023-05-29,13.770000457763672,14.130000114440918,13.739999771118164,14.079999923706055,91817257
2023-05-30,13.4399995803833,13.949999809265137,13.4399995803833,13.859999656677246,94831750
2023-05-31,13.229999542236328,13.619999885559082,13.229999542236328,13.600000381469727,67671599
2023-06-01,13.539999961853027,13.6899995803833,13.270000457763672,13.329999923706055,72571634
2023-06-02,13.760000228881836,13.859999656677246,13.550000190734863,13.579999923706055,65651087
2023-06-05,13.729999542236328,13.989999771118164,13.670000076293945,13.979999542236328,54325015
2023-06-06,13.869999885559082,14.09000015258789,13.640000343322754,13.800000190734863,77257260
2023-06-07,13.649999618530273,13.869999885559082,13.5600004196167,13.829999923706055,87986749
2023-06-08,13.75,13.75,13.5,13.579999923706055,50312348
2023-06-09,13.84000015258789,13.949999809265137,13.800000190734863,13.84000015258789,46613150
2023-06-12,14.020000457763672,14.09000015258789,13.770000457763672,13.859999656677246,56369160
2023-06-13,13.9399995803833,14.0600004196167,13.8100004196167,14.050000190734863,52497280
2023-06-14,14.300000190734863,14.449999809265137,14.079999923706055,14.079999923706055,101308202
2023-06-15,14.550000190734863,14.550000190734863,14.319999694824219,14.350000381469727,55104714
2023-06-16,14.880000114440918,14.899999618530273,14.720000267028809,14.729999542236328,87305010
2023-06-19,14.520000457763672,14.90999984741211,14.449999809265137,14.90999984741211,72772226
2023-06-20,14.420000076293945,14.670000076293945,14.40999984741211,14.569999694824219,46657639
2023-06-21,14.350000381469727,14.550000190734863,14.260000228881836,14.319999694824219,44492247
2023-06-26,13.770000457763672,13.989999771118164,13.739999771118164,13.979999542236328,71967700
2023-06-27,13.84000015258789,13.920000076293945,13.640000343322754,13.760000228881836,57056700
2023-06-28,13.930000305175781,14.039999961853027,13.829999923706055,13.899999618530273,46184665
2023-06-29,13.789999961853027,14.069999694824219,13.770000457763672,13.979999542236328,50511000
2023-06-30,14.079999923706055,14.100000381469727,13.729999542236328,13.779999732971191,47184799
2023-07-03,14.430000305175781,14.510000228881836,13.989999771118164,14.050000190734863,75157022
2023-07-04,14.40999984741211,14.479999542236328,14.319999694824219,14.430000305175781,29485943
2023-07-05,14.199999809265137,14.470000267028809,14.149999618530273,14.4399995803833,51138793
2023-07-06,13.979999542236328,14.319999694824219,13.90999984741211,14.130000114440918,56773000
2023-07-07,14.0,14.039999961853027,13.850000381469727,13.9399995803833,44583476
2023-07-10,14.039999961853027,14.3100004196167,14.010000228881836,14.010000228881836,65180010
2023-07-11,14.25,14.350000381469727,14.149999618530273,14.199999809265137,44331050
2023-07-12,14.289999961853027,14.420000076293945,14.229999542236328,14.3100004196167,36566298
2023-07-13,14.739999771118164,14.779999732971191,14.350000381469727,14.359999656677246,97292381
2023-07-14,14.739999771118164,14.890000343322754,14.720000267028809,14.859999656677246,45101190
2023-07-17,14.350000381469727,14.6899995803833,14.34000015258789,14.680000305175781,47333500
2023-07-18,14.350000381469727,14.529999732971191,14.300000190734863,14.420000076293945,39047000
2023-07-19,14.260000228881836,14.399999618530273,14.210000038146973,14.300000190734863,36304436
2023-07-20,14.470000267028809,14.680000305175781,14.300000190734863,14.300000190734863,56920199
2023-07-21,14.430000305175781,14.640000343322754,14.220000267028809,14.300000190734863,59133000
2023-07-24,14.289999961853027,14.430000305175781,14.15999984741211,14.399999618530273,43322000
2023-07-25,15.220000267028809,15.350000381469727,14.680000305175781,14.680000305175781,164334400
2023-07-26,15.149999618530273,15.34000015258789,15.140000343322754,15.289999961853027,37354834
2023-07-27,15.420000076293945,15.529999732971191,15.289999961853027,15.359999656677246,57185453
2023-07-28,16.049999237060547,16.1299991607666,15.119999885559082,15.1899995803833,119118249
2023-07-31,16.260000228881836,16.90999984741211,16.190000534057617,16.450000762939453,107704068
2023-08-01,16.170000076293945,16.549999237060547,16.139999389648438,16.3799991607666,51955900
2023-08-02,15.829999923706055,16.280000686645508,15.789999961853027,16.06999969482422,59357650
2023-08-04,16.479999542236328,16.59000015258789,16.1299991607666,16.1299991607666,92748600
2023-08-07,16.030000686645508,16.309999465942383,16.0,16.299999237060547,56341682
2023-08-08,16.1200008392334,16.280000686645508,15.850000381469727,16.049999237060547,58672081
2023-08-09,16.059999465942383,16.209999084472656,15.9399995803833,16.0,37938000
2023-08-10,15.850000381469727,16.079999923706055,15.710000038146973,16.049999237060547,55401900
2023-08-11,15.550000190734863,16.110000610351562,15.449999809265137,16.010000228881836,68072250
2023-08-14,14.8100004196167,15.029999732971191,14.649999618530273,15.029999732971191,104133100
2023-08-15,14.729999542236328,15.0,14.720000267028809,14.880000114440918,32521999
2023-08-16,14.880000114440918,14.979999542236328,14.729999542236328,14.739999771118164,32733399
2023-08-17,14.710000038146973,14.829999923706055,14.569999694824219,14.6899995803833,33180393
2023-08-18,14.699999809265137,15.0,14.670000076293945,14.800000190734863,34202190
2023-08-21,14.40999984741211,14.569999694824219,14.220000267028809,14.489999771118164,64658508
2023-08-22,14.140000343322754,14.380000114440918,14.09000015258789,14.3100004196167,76687200
2023-08-23,14.279999732971191,14.430000305175781,14.220000267028809,14.25,38125162
2023-08-24,14.449999809265137,14.479999542236328,14.140000343322754,14.25,57935320
2023-08-25,14.300000190734863,14.420000076293945,14.260000228881836,14.289999961853027,26616500
2023-08-28,14.6899995803833,15.800000190734863,14.6899995803833,15.449999809265137,160035500
2023-08-29,15.039999961853027,15.180000305175781,14.75,14.899999618530273,68516200
2023-08-30,14.770000457763672,15.109999656677246,14.760000228881836,15.109999656677246,86328000
2023-08-31,14.59000015258789,14.850000381469727,14.59000015258789,14.829999923706055,33169500
2023-09-01,14.8100004196167,15.029999732971191,14.670000076293945,14.670000076293945,44657000
2023-09-04,15.329999923706055,15.470000267028809,15.029999732971191,15.029999732971191,81460200
2023-09-05,15.220000267028809,15.359999656677246,15.149999618530273,15.359999656677246,33550656
2023-09-06,15.100000381469727,15.180000305175781,15.0,15.149999618530273,39504091
2023-09-07,14.84000015258789,15.170000076293945,14.84000015258789,15.119999885559082,47185402
2023-09-08,14.529999732971191,14.680000305175781,14.470000267028809,14.630000114440918,51832000
2023-09-11,14.880000114440918,14.930000305175781,14.489999771118164,14.529999732971191,40817015
2023-09-12,14.6899995803833,14.869999885559082,14.6899995803833,14.850000381469727,34673000
2023-09-13,14.520000457763672,14.869999885559082,14.460000038146973,14.760000228881836,41306581
2023-09-14,14.609999656677246,14.75,14.5600004196167,14.630000114440918,26270200
2023-09-15,14.479999542236328,14.779999732971191,14.470000267028809,14.729999542236328,63740530
2023-09-18,14.569999694824219,14.710000038146973,14.289999961853027,14.319999694824219,44001405
2023-09-19,14.609999656677246,14.65999984741211,14.430000305175781,14.619999885559082,24861166
2023-09-20,14.5600004196167,14.630000114440918,14.5,14.59000015258789,18767000
2023-09-21,14.319999694824219,14.569999694824219,14.319999694824219,14.550000190734863,38237335
2023-09-22,14.579999923706055,14.649999618530273,14.119999885559082,14.1899995803833,41662519
2023-09-25,14.670000076293945,14.9399995803833,14.630000114440918,14.869999885559082,41970385
2023-09-26,14.430000305175781,14.680000305175781,14.420000076293945,14.640000343322754,39456000
2023-09-27,14.399999618530273,14.670000076293945,14.359999656677246,14.399999618530273,42620500
2023-09-28,14.25,14.5600004196167,14.25,14.5,39199201
2023-10-02,14.4399995803833,14.59000015258789,14.4399995803833,14.5,26428080
2023-10-03,14.0,14.40999984741211,13.979999542236328,14.380000114440918,54978080
2023-10-04,13.699999809265137,14.0,13.6899995803833,14.0,49837281
2023-10-05,13.770000457763672,13.829999923706055,13.640000343322754,13.8100004196167,28574200
2023-10-06,13.989999771118164,14.079999923706055,13.819999694824219,13.829999923706055,25194456
2023-10-11,13.920000076293945,14.140000343322754,13.880000114440918,14.079999923706055,38653663
2023-10-12,14.140000343322754,14.380000114440918,14.09000015258789,14.15999984741211,67843726
2023-10-13,13.779999732971191,13.979999542236328,13.779999732971191,13.970000267028809,38157731
2023-10-16,13.609999656677246,13.920000076293945,13.609999656677246,13.779999732971191,46279974
2023-10-17,13.640000343322754,13.739999771118164,13.510000228881836,13.699999809265137,35209519
2023-10-18,13.640000343322754,13.850000381469727,13.600000381469727,13.649999618530273,33714620
2023-10-19,12.960000038146973,13.520000457763672,12.960000038146973,13.520000457763672,113809010
2023-10-20,12.710000038146973,12.9399995803833,12.630000114440918,12.8100004196167,47168398
2023-10-23,12.630000114440918,12.739999771118164,12.550000190734863,12.649999618530273,37058346
2023-10-24,12.460000038146973,12.75,12.369999885559082,12.739999771118164,54816500
2023-10-25,12.819999694824219,13.029999732971191,12.760000228881836,12.9399995803833,55215552
2023-10-26,12.760000228881836,12.930000305175781,12.65999984741211,12.65999984741211,41082200
2023-10-27,13.180000305175781,13.1899995803833,12.84000015258789,12.9399995803833,56447501
2023-10-30,13.229999542236328,13.319999694824219,13.020000457763672,13.100000381469727,34126050
2023-10-31,13.130000114440918,13.300000190734863,13.09000015258789,13.289999961853027,30857300
2023-11-01,13.5,13.760000228881836,13.390000343322754,13.4399995803833,73604246
2023-11-02,13.4399995803833,13.6899995803833,13.4399995803833,13.59000015258789,38584100
2023-11-03,13.539999961853027,13.65999984741211,13.430000305175781,13.5600004196167,40877130
2023-11-06,13.640000343322754,13.779999732971191,13.579999923706055,13.699999809265137,48288100
2023-11-07,13.5,13.710000038146973,13.479999542236328,13.649999618530273,30890137
2023-11-08,13.460000038146973,13.619999885559082,13.460000038146973,13.5600004196167,20372812
2023-11-09,13.470000267028809,13.600000381469727,13.4399995803833,13.489999771118164,21929999
2023-11-10,13.25,13.489999771118164,13.229999542236328,13.430000305175781,37455077
2023-11-13,13.130000114440918,13.4399995803833,13.100000381469727,13.359999656677246,47263000
2023-11-14,13.170000076293945,13.380000114440918,13.149999618530273,13.34000015258789,34116500
2023-11-15,13.279999732971191,13.5600004196167,13.260000228881836,13.470000267028809,64649100
2023-11-16,13.100000381469727,13.449999809265137,13.039999961853027,13.430000305175781,61234000
2023-11-17,12.819999694824219,13.020000457763672,12.800000190734863,12.930000305175781,56608000
2023-11-20,13.0,13.079999923706055,12.779999732971191,12.970000267028809,79690000
2023-11-21,13.199999809265137,13.25,13.029999732971191,13.100000381469727,44188712
2023-11-22,12.930000305175781,13.039999961853027,12.890000343322754,13.0,46783100
2023-11-23,12.729999542236328,12.880000114440918,12.729999542236328,12.880000114440918,72239000
2023-11-24,12.789999961853027,12.979999542236328,12.770000457763672,12.9399995803833,40787000
2023-11-27,12.430000305175781,12.8100004196167,12.369999885559082,12.770000457763672,88567000
2023-11-28,12.399999618530273,12.5600004196167,12.399999618530273,12.5,40875100
2023-11-29,12.149999618530273,12.520000457763672,12.149999618530273,12.470000267028809,84212737
2023-11-30,12.329999923706055,12.420000076293945,12.220000267028809,12.239999771118164,50091080
2023-12-01,12.09000015258789,12.380000114440918,12.010000228881836,12.369999885559082,67007122
2023-12-04,12.069999694824219,12.229999542236328,12.020000457763672,12.140000343322754,40009313
2023-12-05,11.869999885559082,12.029999732971191,11.800000190734863,12.020000457763672,60697355
2023-12-06,11.649999618530273,11.65999984741211,11.470000267028809,11.65999984741211,117145041
2023-12-07,11.529999732971191,11.609999656677246,11.34000015258789,11.539999961853027,89966619
2023-12-08,11.579999923706055,11.649999618530273,11.449999809265137,11.550000190734863,59161257
2023-12-11,11.3100004196167,11.489999771118164,11.15999984741211,11.479999542236328,109946006
2023-12-12,11.59000015258789,11.680000305175781,11.5,11.630000114440918,57390370
2023-12-13,11.25,11.670000076293945,11.25,11.649999618530273,70082709
2023-12-14,11.100000381469727,11.380000114440918,11.100000381469727,11.319999694824219,85119600
2023-12-15,11.050000190734863,11.369999885559082,11.010000228881836,11.15999984741211,80562517
2023-12-18,11.0600004196167,11.15999984741211,10.829999923706055,10.989999771118164,53077164
2023-12-19,11.050000190734863,11.140000343322754,10.90999984741211,11.0,32994319
2023-12-20,11.0600004196167,11.1899995803833,11.0,11.149999618530273,48824325
2023-12-21,11.130000114440918,11.15999984741211,10.829999923706055,10.850000381469727,62951630
2023-12-22,11.239999771118164,11.3100004196167,11.020000457763672,11.170000076293945,74113444
2023-12-25,11.149999618530273,11.270000457763672,11.149999618530273,11.1899995803833,30539300
2023-12-26,11.020000457763672,11.25,11.010000228881836,11.199999809265137,48764509
2023-12-27,11.0600004196167,11.130000114440918,10.949999809265137,11.079999923706055,57339000
2023-12-28,11.550000190734863,11.550000190734863,11.050000190734863,11.119999885559082,99334378
2023-12-29,11.600000381469727,11.739999771118164,11.539999961853027,11.600000381469727,84528001
2024-01-02,11.3100004196167,11.6899995803833,11.300000190734863,11.640000343322754,95545119
2024-01-03,11.210000038146973,11.399999618530273,11.210000038146973,11.25,40154656
2024-01-04,11.0,11.350000381469727,10.979999542236328,11.319999694824219,101131480
2024-01-05,11.1899995803833,11.319999694824219,11.020000457763672,11.069999694824219,60741483
2024-01-08,10.779999732971191,11.109999656677246,10.760000228881836,11.079999923706055,141733951
2024-01-09,10.729999542236328,10.869999885559082,10.729999542236328,10.829999923706055,61899717
2024-01-10,10.800000190734863,10.979999542236328,10.710000038146973,10.75,49780251
2024-01-11,10.90999984741211,10.960000038146973,10.680000305175781,10.800000190734863,71628037
2024-01-12,10.8100004196167,10.90999984741211,10.699999809265137,10.779999732971191,61873200
2024-01-15,10.859999656677246,10.970000267028809,10.600000381469727,10.789999961853027,66405184
2024-01-16,10.75,10.949999809265137,10.640000343322754,10.739999771118164,93618500
2024-01-17,10.640000343322754,10.890000343322754,10.630000114440918,10.850000381469727,73270380
2024-01-18,10.210000038146973,10.510000228881836,10.140000343322754,10.5,183701146
2024-01-19,10.720000267028809,10.829999923706055,10.5600004196167,10.649999618530273,115132449
2024-01-22,10.789999961853027,10.930000305175781,10.699999809265137,10.869999885559082,80244729
2024-01-23,10.670000076293945,10.8100004196167,10.470000267028809,10.699999809265137,130046100
2024-01-24,10.569999694824219,10.960000038146973,10.489999771118164,10.869999885559082,166335784
2024-01-25,11.25,11.359999656677246,10.9399995803833,11.210000038146973,195720314
2024-01-26,11.15999984741211,11.359999656677246,11.109999656677246,11.220000267028809,94309610
2024-01-29,11.25,11.420000076293945,11.220000267028809,11.319999694824219,101310003
2024-01-30,10.890000343322754,11.15999984741211,10.8100004196167,11.149999618530273,142418552
2024-01-31,10.829999923706055,10.90999984741211,10.6899995803833,10.729999542236328,76517250
2024-02-01,10.90999984741211,11.0,10.6899995803833,10.850000381469727,90588405
2024-02-02,10.649999618530273,10.960000038146973,10.59000015258789,10.859999656677246,96876583
2024-02-05,10.970000267028809,11.09000015258789,10.399999618530273,10.510000228881836,196033400
2024-02-15,11.640000343322754,11.699999809265137,11.5,11.539999961853027,161650239
2024-02-16,12.079999923706055,12.079999923706055,11.729999542236328,11.760000228881836,92275315
2024-02-19,11.84000015258789,12.210000038146973,11.819999694824219,12.149999618530273,100309010
2024-02-20,11.930000305175781,12.079999923706055,11.880000114440918,11.920000076293945,59671600
2024-02-21,12.779999732971191,12.800000190734863,11.960000038146973,12.0,186313392
2024-02-22,12.710000038146973,12.710000038146973,12.5,12.670000076293945,72994700
2024-02-23,12.729999542236328,12.899999618530273,12.630000114440918,12.789999961853027,76906600
2024-02-26,12.470000267028809,12.770000457763672,12.359999656677246,12.770000457763672,83158831
2024-02-27,12.390000343322754,12.470000267028809,12.270000457763672,12.359999656677246,58670080
2024-02-29,12.539999961853027,12.649999618530273,12.270000457763672,12.289999961853027,65507617
2024-03-01,12.5600004196167,12.649999618530273,12.420000076293945,12.579999923706055,66433500
2024-03-04,12.489999771118164,12.630000114440918,12.479999542236328,12.609999656677246,56371298
2024-03-05,12.75,12.8100004196167,12.380000114440918,12.489999771118164,94435619
2024-03-06,12.84000015258789,12.960000038146973,12.779999732971191,12.789999961853027,55268205
2024-03-07,12.630000114440918,12.859999656677246,12.619999885559082,12.739999771118164,84294141
2024-03-08,12.479999542236328,12.720000267028809,12.460000038146973,12.630000114440918,60689300
2024-03-11,12.920000076293945,13.0600004196167,12.510000228881836,12.520000457763672,107078152
2024-03-12,13.319999694824219,13.34000015258789,12.979999542236328,13.09000015258789,84295587
2024-03-13,13.069999694824219,13.289999961853027,13.020000457763672,13.289999961853027,64382600
2024-03-14,13.020000457763672,13.270000457763672,12.960000038146973,13.0600004196167,57890700
2024-03-15,12.930000305175781,13.130000114440918,12.899999618530273,12.960000038146973,39375031
2024-03-18,13.140000343322754,13.279999732971191,13.029999732971191,13.109999656677246,45007225
2024-03-19,13.289999961853027,13.329999923706055,13.109999656677246,13.149999618530273,51432205
2024-03-20,13.34000015258789,13.390000343322754,13.109999656677246,13.229999542236328,50611520
2024-03-21,13.319999694824219,13.479999542236328,13.300000190734863,13.380000114440918,43853240
2024-03-22,13.119999885559082,13.380000114440918,12.9399995803833,13.319999694824219,97726472
2024-03-25,13.210000038146973,13.270000457763672,13.039999961853027,13.140000343322754,53423196
2024-03-26,13.239999771118164,13.300000190734863,13.109999656677246,13.130000114440918,48222100
2024-03-27,13.220000267028809,13.34000015258789,13.210000038146973,13.279999732971191,35481040
2024-03-28,13.289999961853027,13.399999618530273,12.970000267028809,13.15999984741211,77592449
2024-03-29,13.210000038146973,13.369999885559082,13.1899995803833,13.239999771118164,26504000
2024-04-01,13.630000114440918,13.760000228881836,13.279999732971191,13.279999732971191,92393521
2024-04-02,13.550000190734863,13.739999771118164,13.489999771118164,13.649999618530273,57438630
2024-04-03,13.489999771118164,13.579999923706055,13.359999656677246,13.5600004196167,53284940
2024-04-08,13.300000190734863,13.510000228881836,13.199999809265137,13.510000228881836,86746220
2024-04-09,13.109999656677246,13.359999656677246,13.109999656677246,13.300000190734863,52975489
2024-04-10,13.069999694824219,13.220000267028809,13.020000457763672,13.180000305175781,56972500
2024-04-11,13.069999694824219,13.079999923706055,12.859999656677246,12.989999771118164,69417790
2024-04-12,12.9399995803833,13.149999618530273,12.930000305175781,13.020000457763672,36086565
2024-04-15,13.470000267028809,13.470000267028809,12.699999809265137,12.75,119594438
2024-04-16,13.550000190734863,13.5600004196167,13.25,13.399999618530273,72958613
2024-04-17,13.4399995803833,13.489999771118164,13.260000228881836,13.479999542236328,50104100
2024-04-18,13.739999771118164,13.949999809265137,13.510000228881836,13.5600004196167,77157550
2024-04-19,13.510000228881836,13.739999771118164,13.420000076293945,13.670000076293945,61712300
2024-04-22,13.600000381469727,13.8100004196167,13.550000190734863,13.579999923706055,48796447
2024-04-23,13.5600004196167,13.680000305175781,13.420000076293945,13.65999984741211,50514185
2024-04-24,13.539999961853027,13.779999732971191,13.479999542236328,13.630000114440918,59938000
2024-04-25,13.720000267028809,13.800000190734863,13.520000457763672,13.59000015258789,49816022
2024-04-26,14.100000381469727,14.100000381469727,13.729999542236328,13.760000228881836,74700529
2024-04-29,14.4399995803833,14.600000381469727,14.029999732971191,14.170000076293945,86761175
2024-04-30,14.329999923706055,14.539999961853027,14.3100004196167,14.380000114440918,45700151
2024-05-02,14.539999961853027,14.539999961853027,14.170000076293945,14.260000228881836,47388450
2024-05-03,14.600000381469727,14.739999771118164,14.5600004196167,14.680000305175781,45793100
2024-05-06,14.520000457763672,14.84000015258789,14.520000457763672,14.680000305175781,56364560
2024-05-07,14.699999809265137,14.699999809265137,14.520000457763672,14.649999618530273,37334000
2024-05-08,14.539999961853027,14.710000038146973,14.5,14.699999809265137,34704559
2024-05-09,14.569999694824219,14.670000076293945,14.510000228881836,14.520000457763672,29170800
2024-05-10,14.65999984741211,14.779999732971191,14.489999771118164,14.710000038146973,58265500
2024-05-13,14.550000190734863,14.5600004196167,14.300000190734863,14.520000457763672,68389770
2024-05-14,14.329999923706055,14.5600004196167,14.329999923706055,14.539999961853027,48176331
2024-05-15,14.260000228881836,14.470000267028809,14.210000038146973,14.350000381469727,50720253
2024-05-16,14.420000076293945,14.479999542236328,14.130000114440918,14.300000190734863,67775590
2024-05-17,14.399999618530273,14.59000015258789,14.369999885559082,14.420000076293945,39804255
2024-05-20,14.880000114440918,15.050000190734863,14.8100004196167,14.899999618530273,85276800
2024-05-21,14.84000015258789,14.890000343322754,14.729999542236328,14.890000343322754,35612280
2024-05-22,14.850000381469727,14.90999984741211,14.729999542236328,14.800000190734863,31838155
2024-05-23,14.510000228881836,14.789999961853027,14.510000228881836,14.770000457763672,61532441
2024-05-24,14.289999961853027,14.579999923706055,14.289999961853027,14.4399995803833,48980514
2024-05-27,14.289999961853027,14.399999618530273,14.1899995803833,14.260000228881836,36158542
2024-05-28,14.3100004196167,14.470000267028809,14.289999961853027,14.399999618530273,31313536
2024-05-29,14.3100004196167,14.5,14.210000038146973,14.229999542236328,35016130
2024-05-30,14.100000381469727,14.420000076293945,14.069999694824219,14.289999961853027,42650634
2024-05-31,14.100000381469727,14.319999694824219,14.09000015258789,14.170000076293945,36441500
2024-06-03,14.050000190734863,14.1899995803833,13.880000114440918,14.010000228881836,66982121
2024-06-04,14.199999809265137,14.270000457763672,13.979999542236328,14.010000228881836,37732388
2024-06-05,14.15999984741211,14.350000381469727,14.149999618530273,14.260000228881836,30947400
2024-06-06,14.279999732971191,14.399999618530273,14.15999984741211,14.199999809265137,43657505
2024-06-07,13.779999732971191,14.270000457763672,13.779999732971191,14.239999771118164,100687292
2024-06-11,13.470000267028809,13.90999984741211,13.449999809265137,13.90999984741211,76451093
2024-06-12,13.489999771118164,13.609999656677246,13.449999809265137,13.510000228881836,28394600
2024-06-13,13.430000305175781,13.600000381469727,13.420000076293945,13.520000457763672,34256120
2024-06-14,13.460000038146973,13.479999542236328,13.220000267028809,13.390000343322754,54255300
2024-06-17,13.489999771118164,13.59000015258789,13.40999984741211,13.539999961853027,32971550
2024-06-18,13.529999732971191,13.640000343322754,13.479999542236328,13.579999923706055,21243480
2024-06-19,13.550000190734863,13.670000076293945,13.479999542236328,13.59000015258789,37598329
2024-06-20,13.479999542236328,13.680000305175781,13.479999542236328,13.579999923706055,34590545
2024-06-21,13.199999809265137,13.520000457763672,13.109999656677246,13.4399995803833,144927797
2024-06-24,13.420000076293945,13.5,13.039999961853027,13.1899995803833,57912632
2024-06-25,13.399999618530273,13.460000038146973,13.319999694824219,13.40999984741211,21556050
2024-06-26,13.220000267028809,13.350000381469727,13.220000267028809,13.279999732971191,34014710
2024-06-27,13.229999542236328,13.359999656677246,13.109999656677246,13.319999694824219,53495582
2024-06-28,13.329999923706055,13.420000076293945,13.15999984741211,13.1899995803833,31150201
2024-07-01,13.199999809265137,13.289999961853027,13.0600004196167,13.229999542236328,55573300
2024-07-02,13.550000190734863,13.600000381469727,13.220000267028809,13.260000228881836,58434660
2024-07-03,13.529999732971191,13.630000114440918,13.430000305175781,13.550000190734863,27071400
2024-07-04,13.479999542236328,13.729999542236328,13.479999542236328,13.569999694824219,36495300
2024-07-05,12.979999542236328,13.529999732971191,12.960000038146973,13.470000267028809,125801077
2024-07-08,13.039999961853027,13.210000038146973,13.020000457763672,13.020000457763672,31974998
2024-07-09,13.119999885559082,13.119999885559082,12.859999656677246,13.039999961853027,39677229
2024-07-10,13.270000457763672,13.420000076293945,13.270000457763672,13.319999694824219,35581092
2024-07-11,13.430000305175781,13.550000190734863,13.289999961853027,13.359999656677246,55171089
2024-07-12,13.609999656677246,13.640000343322754,13.489999771118164,13.489999771118164,41220108
2024-07-15,13.720000267028809,13.770000457763672,13.569999694824219,13.630000114440918,43193623
2024-07-16,13.710000038146973,13.800000190734863,13.640000343322754,13.6899995803833,27117698
2024-07-17,13.84000015258789,13.949999809265137,13.680000305175781,13.770000457763672,48385029
2024-07-18,14.069999694824219,14.100000381469727,13.859999656677246,13.899999618530273,46313138
2024-07-19,14.039999961853027,14.130000114440918,13.819999694824219,13.979999542236328,61660270
2024-07-22,13.829999923706055,14.300000190734863,13.829999923706055,14.199999809265137,61446395
2024-07-23,13.770000457763672,14.020000457763672,13.770000457763672,13.970000267028809,30145400
2024-07-26,13.0600004196167,13.390000343322754,13.010000228881836,13.390000343322754,97105375
2024-07-29,13.100000381469727,13.1899995803833,12.970000267028809,13.170000076293945,39027000
2024-07-30,12.720000267028809,13.020000457763672,12.720000267028809,13.0,64844800
2024-07-31,13.289999961853027,13.319999694824219,12.770000457763672,12.789999961853027,64225000
2024-08-01,13.050000190734863,13.300000190734863,13.020000457763672,13.300000190734863,55099200
2024-08-02,12.84000015258789,13.010000228881836,12.789999961853027,12.890000343322754,44295200
2024-08-05,12.729999542236328,12.979999542236328,12.579999923706055,12.720000267028809,60749300
2024-08-06,12.329999923706055,12.890000343322754,12.329999923706055,12.819999694824219,77308300
2024-08-07,12.609999656677246,12.640000343322754,12.369999885559082,12.449999809265137,35326017
2024-08-08,12.5600004196167,12.6899995803833,12.369999885559082,12.460000038146973,39869000
2024-08-09,12.569999694824219,12.729999542236328,12.529999732971191,12.630000114440918,40170050
2024-08-12,12.5600004196167,12.619999885559082,12.489999771118164,12.539999961853027,28124800
2024-08-13,12.449999809265137,12.600000381469727,12.4399995803833,12.579999923706055,33275247
2024-08-14,12.380000114440918,12.569999694824219,12.380000114440918,12.5600004196167,42230111
2024-08-15,12.649999618530273,12.800000190734863,12.300000190734863,12.380000114440918,58090017
2024-08-16,12.779999732971191,12.859999656677246,12.65999984741211,12.739999771118164,34553124
2024-08-19,12.8100004196167,13.100000381469727,12.789999961853027,12.880000114440918,44521000
2024-08-20,12.680000305175781,12.899999618530273,12.680000305175781,12.869999885559082,36737020
2024-08-21,12.680000305175781,12.739999771118164,12.489999771118164,12.680000305175781,42932000
2024-08-22,12.770000457763672,12.789999961853027,12.65999984741211,12.75,20793000
2024-08-23,12.899999618530273,12.989999771118164,12.739999771118164,12.75,27811000
2024-08-26,12.6899995803833,12.979999542236328,12.6899995803833,12.979999542236328,53705098
2024-08-27,12.789999961853027,12.829999923706055,12.699999809265137,12.729999542236328,17742157
2024-08-28,12.489999771118164,12.8100004196167,12.470000267028809,12.8100004196167,60476228
2024-08-29,12.40999984741211,12.569999694824219,12.380000114440918,12.539999961853027,33846550
2024-08-30,12.920000076293945,12.960000038146973,12.350000381469727,12.399999618530273,79264195
2024-09-02,12.460000038146973,12.710000038146973,12.420000076293945,12.710000038146973,75756342
2024-09-03,12.3100004196167,12.449999809265137,12.279999732971191,12.380000114440918,54709100
2024-09-04,12.130000114440918,12.34000015258789,12.130000114440918,12.279999732971191,46579270
2024-09-05,12.09000015258789,12.300000190734863,12.09000015258789,12.239999771118164,34961208
2024-09-06,12.119999885559082,12.329999923706055,12.109999656677246,12.180000305175781,34378265
2024-09-09,11.739999771118164,11.989999771118164,11.699999809265137,11.970000267028809,63940245
2024-09-10,11.739999771118164,11.829999923706055,11.739999771118164,11.819999694824219,33516999
2024-09-11,11.609999656677246,11.779999732971191,11.609999656677246,11.770000457763672,43461131
2024-09-12,11.699999809265137,11.779999732971191,11.59000015258789,11.770000457763672,40642085
2024-09-13,11.5600004196167,11.6899995803833,11.520000457763672,11.630000114440918,45587230
2024-09-16,11.479999542236328,11.510000228881836,11.399999618530273,11.479999542236328,22831999
2024-09-18,11.470000267028809,11.619999885559082,11.430000305175781,11.59000015258789,33560300
2024-09-19,11.729999542236328,11.779999732971191,11.329999923706055,11.579999923706055,85148808
2024-09-20,11.529999732971191,11.729999542236328,11.5,11.720000267028809,67054300
2024-09-23,11.930000305175781,11.949999809265137,11.649999618530273,11.670000076293945,50864500
2024-09-24,12.859999656677246,12.90999984741211,11.9399995803833,11.970000267028809,149802063
2024-09-25,13.579999923706055,13.869999885559082,13.470000267028809,13.760000228881836,178533499
2024-09-26,14.180000305175781,14.180000305175781,13.4399995803833,13.609999656677246,93814304
2024-09-27,15.510000228881836,16.3799991607666,14.90999984741211,15.239999771118164,345989325
2024-09-30,17.309999465942383,17.549999237060547,16.18000030517578,16.209999084472656,417061459
2024-10-01,17.110000610351562,17.3799991607666,17.030000686645508,17.350000381469727,121509996
2024-10-04,21.559999465942383,21.559999465942383,19.899999618530273,19.90999984741211,390661503
2024-10-07,22.6200008392334,22.799999237060547,22.1299991607666,22.389999389648438,321959177
2024-10-08,19.219999313354492,24.0,18.559999465942383,23.56999969482422,598752082
2024-10-09,18.219999313354492,19.84000015258789,17.010000228881836,19.290000915527344,445793153
2024-10-11,17.079999923706055,17.989999771118164,17.020000457763672,17.989999771118164,262416933
2024-10-14,17.610000610351562,17.68000030517578,16.84000015258789,17.25,263827158
2024-10-15,16.93000030517578,17.510000228881836,16.93000030517578,17.5,142196905
2024-10-16,16.299999237060547,16.600000381469727,16.059999465942383,16.149999618530273,202952746
2024-10-17,16.1200008392334,16.649999618530273,16.100000381469727,16.399999618530273,154007307
2024-10-18,16.40999984741211,16.649999618530273,15.5,15.630000114440918,205226882
2024-10-21,16.479999542236328,17.020000457763672,16.420000076293945,17.010000228881836,191405099
2024-10-22,16.670000076293945,16.899999618530273,16.3799991607666,16.489999771118164,110935315
2024-10-23,17.020000457763672,17.15999984741211,16.6299991607666,16.780000686645508,121600398
2024-10-24,16.459999084472656,16.809999465942383,16.459999084472656,16.739999771118164,109050332
2024-10-25,16.700000762939453,16.899999618530273,16.3799991607666,16.3799991607666,93348916
2024-10-28,16.40999984741211,16.68000030517578,16.18000030517578,16.65999984741211,113698686
2024-10-29,16.309999465942383,16.81999969482422,16.299999237060547,16.6299991607666,92601091
2024-10-30,15.789999961853027,16.440000534057617,15.779999732971191,16.420000076293945,119951065
2024-11-01,16.100000381469727,16.290000915527344,15.760000228881836,15.800000190734863,92695470
2024-11-04,15.979999542236328,16.1299991607666,15.859999656677246,16.1299991607666,75830796
2024-11-05,16.8799991607666,16.969999313354492,16.1200008392334,16.200000762939453,157981100
2024-11-06,16.56999969482422,17.190000534057617,16.559999465942383,17.030000686645508,170279598
2024-11-07,17.15999984741211,17.280000686645508,16.510000228881836,16.520000457763672,196514315
2024-11-08,17.420000076293945,18.3799991607666,17.100000381469727,18.1299991607666,238740927
2024-11-11,16.93000030517578,16.93000030517578,16.530000686645508,16.719999313354492,139290943
2024-11-12,16.899999618530273,17.649999618530273,16.899999618530273,16.93000030517578,158010146
2024-11-13,16.81999969482422,16.959999084472656,16.479999542236328,16.56999969482422,105235904
2024-11-14,16.950000762939453,17.200000762939453,16.829999923706055,16.8799991607666,102258500
2024-11-15,16.6299991607666,16.75,16.399999618530273,16.649999618530273,152616880
2024-11-18,16.600000381469727,16.809999465942383,16.200000762939453,16.309999465942383,109749951
2024-11-19,16.079999923706055,16.510000228881836,16.079999923706055,16.510000228881836,147508810
2024-11-20,16.399999618530273,16.399999618530273,16.399999618530273,16.399999618530273,222324
2024-11-21,16.3700008392334,16.440000534057617,16.270000457763672,16.3700008392334,49591830
2024-11-22,15.850000381469727,16.479999542236328,15.819999694824219,16.440000534057617,115313818
2024-11-25,15.420000076293945,15.850000381469727,15.289999961853027,15.670000076293945,138122105
2024-11-26,15.380000114440918,15.5600004196167,15.069999694824219,15.300000190734863,104174835
2024-11-27,15.539999961853027,15.720000267028809,15.260000228881836,15.369999885559082,76730000
2024-11-28,15.5,15.890000343322754,15.399999618530273,15.859999656677246,79897400
2024-11-29,15.960000038146973,16.209999084472656,15.5,15.520000457763672,94168710
2024-12-02,15.84000015258789,16.040000915527344,15.670000076293945,16.040000915527344,92918017
2024-12-03,16.010000228881836,16.149999618530273,15.819999694824219,15.979999542236328,72173084
2024-12-04,16.06999969482422,16.149999618530273,15.859999656677246,16.139999389648438,73062000
2024-12-05,15.819999694824219,15.989999771118164,15.819999694824219,15.9399995803833,60429530
2024-12-06,16.270000457763672,16.5,15.869999885559082,15.890000343322754,104834532
2024-12-09,16.270000457763672,16.520000457763672,16.1299991607666,16.299999237060547,78818796
2024-12-10,16.84000015258789,18.100000381469727,16.84000015258789,18.06999969482422,283237102
2024-12-11,16.510000228881836,16.829999923706055,16.510000228881836,16.739999771118164,91826850
2024-12-12,16.860000610351562,17.0,16.469999313354492,16.559999465942383,96708572
2024-12-13,16.239999771118164,16.75,16.229999542236328,16.75,124512789
2024-12-16,16.030000686645508,16.209999084472656,16.0,16.079999923706055,66382481
2024-12-17,16.440000534057617,16.479999542236328,15.949999809265137,16.040000915527344,80878894
2024-12-18,16.510000228881836,16.6299991607666,16.350000381469727,16.350000381469727,79097563
2024-12-19,16.459999084472656,16.469999313354492,16.15999984741211,16.239999771118164,47277039
2024-12-20,16.200000762939453,16.40999984741211,16.200000762939453,16.360000610351562,51135999
2024-12-23,16.520000457763672,16.59000015258789,16.100000381469727,16.15999984741211,82622452
2024-12-24,16.709999084472656,16.75,16.389999389648438,16.469999313354492,67305032
2024-12-25,16.850000381469727,17.06999969482422,16.770000457763672,16.799999237060547,70963000
2024-12-26,16.709999084472656,16.979999542236328,16.709999084472656,16.899999618530273,46034788
2024-12-27,16.780000686645508,16.8799991607666,16.540000915527344,16.799999237060547,75046810
2024-12-30,16.8799991607666,17.110000610351562,16.760000228881836,16.799999237060547,53879300
2024-12-31,16.93000030517578,17.059999465942383,16.739999771118164,16.860000610351562,68871100
2025-01-02,15.9399995803833,16.65999984741211,15.9399995803833,16.649999618530273,165733793
2025-01-03,15.619999885559082,15.8100004196167,15.579999923706055,15.729999542236328,116584538
2025-01-06,15.199999809265137,15.619999885559082,15.079999923706055,15.579999923706055,161713645
2025-01-07,15.1899995803833,15.34000015258789,15.100000381469727,15.3100004196167,88549775
2025-01-08,15.100000381469727,15.4399995803833,15.020000457763672,15.289999961853027,98640812
2025-01-09,15.210000038146973,15.319999694824219,15.100000381469727,15.270000457763672,54963298
2025-01-10,15.010000228881836,15.220000267028809,14.90999984741211,15.149999618530273,101363026
2025-01-13,14.720000267028809,14.859999656677246,14.539999961853027,14.779999732971191,92626780
2025-01-14,15.319999694824219,15.369999885559082,14.779999732971191,14.819999694824219,73079450
2025-01-15,15.239999771118164,15.479999542236328,15.239999771118164,15.380000114440918,50807260
2025-01-16,15.069999694824219,15.529999732971191,15.069999694824219,15.380000114440918,73430097
2025-01-17,15.220000267028809,15.350000381469727,15.0,15.170000076293945,47203056
2025-01-20,15.4399995803833,15.579999923706055,15.329999923706055,15.329999923706055,65184324
2025-01-21,15.260000228881836,15.5600004196167,15.229999542236328,15.5600004196167,67300190
2025-01-22,14.699999809265137,15.279999732971191,14.699999809265137,15.239999771118164,130241602
2025-02-03,14.920000076293945,15.130000114440918,14.739999771118164,14.949999809265137,90711090
2025-02-04,15.300000190734863,15.619999885559082,15.0,15.15999984741211,101440724
2025-02-05,14.779999732971191,15.510000228881836,14.779999732971191,15.479999542236328,133855110
2025-02-06,14.960000038146973,15.0600004196167,14.720000267028809,14.850000381469727,70084655
2025-02-07,15.569999694824219,15.569999694824219,14.9399995803833,15.0600004196167,113264762
2025-02-10,15.460000038146973,15.640000343322754,15.34000015258789,15.5,70356460
2025-02-11,15.319999694824219,15.59000015258789,15.289999961853027,15.569999694824219,60034580
2025-02-12,15.420000076293945,15.550000190734863,15.300000190734863,15.390000343322754,42496000
2025-02-13,15.9399995803833,15.979999542236328,15.649999618530273,15.739999771118164,103393220
2025-02-14,16.09000015258789,16.139999389648438,15.770000457763672,15.770000457763672,73684031
2025-02-17,16.040000915527344,16.329999923706055,15.960000038146973,16.299999237060547,94607350
2025-02-18,16.360000610351562,16.440000534057617,16.040000915527344,16.1200008392334,90772518
2025-02-19,16.079999923706055,16.260000228881836,16.0,16.1200008392334,68600985
2025-02-20,16.040000915527344,16.170000076293945,15.979999542236328,16.110000610351562,47590000
2025-02-21,16.290000915527344,16.3799991607666,16.049999237060547,16.149999618530273,90870613
2025-02-24,16.170000076293945,16.450000762939453,16.09000015258789,16.309999465942383,76302247
2025-02-25,15.989999771118164,16.040000915527344,15.869999885559082,15.970000267028809,63898380
2025-02-26,15.850000381469727,16.049999237060547,15.800000190734863,15.880000114440918,81204583
2025-02-27,16.100000381469727,16.190000534057617,15.920000076293945,15.949999809265137,81956234
2025-03-03,15.880000114440918,16.049999237060547,15.829999923706055,15.880000114440918,62363837
2025-03-04,15.430000305175781,15.720000267028809,15.390000343322754,15.710000038146973,97525800
2025-03-05,15.569999694824219,15.649999618530273,15.380000114440918,15.489999771118164,56755300
2025-03-06,15.930000305175781,16.0,15.739999771118164,15.75,69931677
2025-03-07,16.1200008392334,16.170000076293945,15.920000076293945,15.979999542236328,65262803
2025-03-10,15.699999809265137,16.020000457763672,15.65999984741211,15.960000038146973,71551052
2025-03-11,15.729999542236328,15.850000381469727,15.520000457763672,15.569999694824219,55128382
2025-03-12,16.0,16.0,15.770000457763672,15.920000076293945,59917627
2025-03-13,15.9399995803833,16.200000762939453,15.920000076293945,15.9399995803833,64199732
2025-03-14,16.940000534057617,17.149999618530273,16.079999923706055,16.100000381469727,186322400
2025-03-17,16.959999084472656,17.31999969482422,16.959999084472656,17.290000915527344,132294726
2025-03-18,16.959999084472656,17.200000762939453,16.920000076293945,17.1299991607666,94359170
2025-03-19,17.239999771118164,17.299999237060547,16.8799991607666,16.940000534057617,75012310
2025-03-20,16.920000076293945,17.229999542236328,16.81999969482422,17.209999084472656,93644335
2025-03-21,16.31999969482422,16.899999618530273,16.31999969482422,16.65999984741211,114137213
2025-03-24,16.299999237060547,16.420000076293945,16.139999389648438,16.229999542236328,69655600
2025-03-25,16.450000762939453,16.520000457763672,16.329999923706055,16.40999984741211,53045200
2025-03-26,16.280000686645508,16.479999542236328,16.280000686645508,16.43000030517578,38974273
2025-03-27,16.440000534057617,16.68000030517578,16.25,16.299999237060547,54993130
2025-03-28,16.239999771118164,16.549999237060547,16.15999984741211,16.549999237060547,63246424
2025-03-31,16.100000381469727,16.469999313354492,16.049999237060547,16.15999984741211,66997500
2025-04-01,16.020000457763672,16.209999084472656,16.020000457763672,16.209999084472656,48143309
2025-04-02,16.020000457763672,16.149999618530273,15.9399995803833,16.059999465942383,27577120
2025-04-07,13.720000267028809,14.420000076293945,13.010000228881836,13.819999694824219,285858190
2025-04-08,13.75,13.9399995803833,13.239999771118164,13.279999732971191,126066610
2025-04-09,14.0,14.270000457763672,13.390000343322754,13.510000228881836,130199650
2025-04-10,14.380000114440918,14.640000343322754,14.109999656677246,14.529999732971191,117764500
2025-04-11,14.600000381469727,14.619999885559082,14.220000267028809,14.270000457763672,73173765
2025-04-14,14.609999656677246,14.899999618530273,14.539999961853027,14.899999618530273,73008499
2025-04-15,14.779999732971191,14.859999656677246,14.640000343322754,14.720000267028809,37856454
2025-04-16,14.59000015258789,14.779999732971191,14.5600004196167,14.75,41180999
2025-04-17,15.010000228881836,15.050000190734863,14.760000228881836,14.8100004196167,44589440
2025-04-18,14.960000038146973,15.0600004196167,14.949999809265137,14.989999771118164,21936326
2025-04-21,15.050000190734863,15.229999542236328,15.020000457763672,15.039999961853027,31953110
2025-04-22,15.289999961853027,15.289999961853027,14.9399995803833,14.979999542236328,33576139
2025-04-23,15.270000457763672,15.539999961853027,15.1899995803833,15.4399995803833,61066405
2025-04-24,15.359999656677246,15.510000228881836,15.289999961853027,15.350000381469727,37242127
2025-04-25,15.300000190734863,15.520000457763672,15.300000190734863,15.5,37491883
2025-04-28,15.319999694824219,15.380000114440918,15.180000305175781,15.300000190734863,30688000
2025-04-29,14.949999809265137,15.300000190734863,14.949999809265137,15.270000457763672,51319199
2025-04-30,14.710000038146973,15.050000190734863,14.710000038146973,15.029999732971191,43218404
2025-05-02,14.710000038146973,14.90999984741211,14.670000076293945,14.75,28979050
2025-05-05,14.0600004196167,14.6899995803833,14.0600004196167,14.6899995803833,75350773
2025-05-06,14.109999656677246,14.279999732971191,13.989999771118164,14.010000228881836,46946000
2025-05-07,14.460000038146973,14.720000267028809,14.399999618530273,14.399999618530273,84201881
2025-05-08,14.739999771118164,14.899999618530273,14.4399995803833,14.479999542236328,54324241
2025-05-09,14.789999961853027,14.850000381469727,14.720000267028809,14.8100004196167,44501020
2025-05-12,15.020000457763672,15.180000305175781,14.949999809265137,15.039999961853027,57073100
2025-05-13,15.220000267028809,15.430000305175781,15.140000343322754,15.420000076293945,76107199
2025-05-14,15.680000305175781,15.6899995803833,15.25,15.289999961853027,67952076
2025-05-15,15.539999961853027,15.760000228881836,15.539999961853027,15.720000267028809,43395020
2025-05-16,15.260000228881836,15.5600004196167,15.170000076293945,15.5,60043883
2025-05-19,15.119999885559082,15.319999694824219,15.109999656677246,15.300000190734863,39806422
2025-05-20,15.399999618530273,15.460000038146973,15.180000305175781,15.199999809265137,41192100
2025-05-21,15.649999618530273,15.680000305175781,15.350000381469727,15.380000114440918,42794100
2025-05-22,15.510000228881836,15.579999923706055,15.359999656677246,15.529999732971191,48075024
2025-05-23,15.460000038146973,15.640000343322754,15.4399995803833,15.5,24843950
2025-05-26,14.819999694824219,15.319999694824219,14.779999732971191,15.300000190734863,85205500
2025-05-27,14.729999542236328,14.970000267028809,14.710000038146973,14.869999885559082,34388200
2025-05-28,14.760000228881836,14.850000381469727,14.729999542236328,14.84000015258789,26896030
2025-05-29,14.770000457763672,14.90999984741211,14.649999618530273,14.779999732971191,38117100
2025-06-02,14.3100004196167,14.579999923706055,14.15999984741211,14.579999923706055,90562025
2025-06-03,14.6899995803833,14.850000381469727,14.479999542236328,14.510000228881836,36679000
2025-06-04,14.75,14.880000114440918,14.720000267028809,14.770000457763672,32556609
2025-06-05,14.729999542236328,14.829999923706055,14.649999618530273,14.800000190734863,36063675
2025-06-06,14.720000267028809,14.9399995803833,14.720000267028809,14.84000015258789,36342000
2025-06-09,14.710000038146973,14.869999885559082,14.649999618530273,14.829999923706055,30547070
2025-06-10,14.600000381469727,14.920000076293945,14.59000015258789,14.800000190734863,37279739
2025-06-11,14.899999618530273,15.050000190734863,14.699999809265137,14.699999809265137,42570009
2025-06-12,14.739999771118164,14.859999656677246,14.630000114440918,14.859999656677246,27433400
2025-06-13,14.470000267028809,14.680000305175781,14.4399995803833,14.680000305175781,47706000
2025-06-16,14.510000228881836,14.550000190734863,14.390000343322754,14.510000228881836,25902581
2025-06-17,14.529999732971191,14.600000381469727,14.430000305175781,14.579999923706055,24324999
2025-06-18,14.609999656677246,14.710000038146973,14.479999542236328,14.569999694824219,36325001
2025-06-19,14.449999809265137,14.59000015258789,14.390000343322754,14.550000190734863,31686350
2025-06-20,14.600000381469727,14.649999618530273,14.449999809265137,14.449999809265137,26417600
2025-06-23,14.569999694824219,14.600000381469727,14.350000381469727,14.489999771118164,30335955
2025-06-24,14.949999809265137,15.170000076293945,14.710000038146973,14.739999771118164,53106802
2025-06-25,15.100000381469727,15.100000381469727,14.899999618530273,15.050000190734863,43027880
2025-06-26,15.229999542236328,15.350000381469727,15.170000076293945,15.300000190734863,45309100
2025-06-27,14.819999694824219,15.260000228881836,14.789999961853027,15.25,62920583
2025-06-30,14.789999961853027,14.869999885559082,14.649999618530273,14.800000190734863,27750207
2025-07-01,14.949999809265137,14.989999771118164,14.779999732971191,14.880000114440918,23928550
2025-07-02,14.960000038146973,15.0600004196167,14.84000015258789,14.949999809265137,27402176
2025-07-03,14.989999771118164,15.039999961853027,14.850000381469727,14.960000038146973,25699000
2025-07-04,15.470000267028809,15.489999771118164,14.949999809265137,15.039999961853027,70023409
2025-07-07,15.1899995803833,15.350000381469727,15.149999618530273,15.34000015258789,33424000
2025-07-08,15.3100004196167,15.4399995803833,15.220000267028809,15.229999542236328,30541500
2025-07-09,15.640000343322754,15.65999984741211,15.329999923706055,15.329999923706055,44737540
2025-07-10,15.8100004196167,15.829999923706055,15.529999732971191,15.59000015258789,45176171
2025-07-11,16.06999969482422,16.239999771118164,15.770000457763672,15.789999961853027,69603902
2025-07-14,15.789999961853027,15.890000343322754,15.619999885559082,15.729999542236328,37105500
2025-07-15,15.600000381469727,15.930000305175781,15.520000457763672,15.789999961853027,52889025
2025-07-16,15.520000457763672,15.739999771118164,15.5,15.720000267028809,35937160
2025-07-17,15.649999618530273,15.729999542236328,15.5600004196167,15.5600004196167,21922100
2025-07-18,15.829999923706055,15.949999809265137,15.6899995803833,15.710000038146973,35309000
2025-07-21,16.0,16.049999237060547,15.930000305175781,15.970000267028809,21308310
2025-07-22,16.25,16.260000228881836,15.850000381469727,16.110000610351562,59919507
2025-07-23,16.59000015258789,16.65999984741211,16.34000015258789,16.34000015258789,54343499
2025-07-24,16.40999984741211,16.479999542236328,16.270000457763672,16.43000030517578,38065500
2025-07-25,16.239999771118164,16.420000076293945,16.18000030517578,16.3700008392334,34514350
2025-07-28,16.260000228881836,16.399999618530273,16.100000381469727,16.25,29032821
2025-07-29,16.389999389648438,16.459999084472656,16.229999542236328,16.270000457763672,20204725
2025-07-30,16.6200008392334,16.719999313354492,16.25,16.399999618530273,45274380
2025-07-31,16.110000610351562,16.5,16.030000686645508,16.5,65637722
2025-08-01,15.779999732971191,16.1200008392334,15.779999732971191,15.960000038146973,50748556
2025-08-04,15.829999923706055,15.9399995803833,15.619999885559082,15.630000114440918,37054463
2025-08-05,16.239999771118164,16.239999771118164,15.960000038146973,15.970000267028809,29998250
2025-08-06,16.200000762939453,16.350000381469727,16.149999618530273,16.239999771118164,24678240
2025-08-07,16.40999984741211,16.469999313354492,16.209999084472656,16.260000228881836,51404080
2025-08-08,16.309999465942383,16.440000534057617,16.270000457763672,16.299999237060547,22451140
2025-08-11,16.34000015258789,16.43000030517578,16.239999771118164,16.350000381469727,26639050
2025-08-12,16.760000228881836,16.81999969482422,16.290000915527344,16.309999465942383,58160250
2025-08-13,16.860000610351562,16.950000762939453,16.709999084472656,16.850000381469727,49575720
2025-08-14,17.110000610351562,17.40999984741211,16.899999618530273,16.959999084472656,77836095
2025-08-15,17.139999389648438,17.209999084472656,16.860000610351562,17.010000228881836,34911028
2025-08-18,17.299999237060547,17.469999313354492,16.989999771118164,17.09000015258789,63906011
2025-08-19,17.290000915527344,17.479999542236328,17.290000915527344,17.3799991607666,37072485
2025-08-20,17.3799991607666,17.43000030517578,16.959999084472656,17.09000015258789,59813041
2025-08-21,18.06999969482422,18.079999923706055,17.690000534057617,17.700000762939453,71272976
2025-08-22,18.43000030517578,18.440000534057617,18.049999237060547,18.049999237060547,57184520
2025-08-25,18.989999771118164,19.31999969482422,18.790000915527344,18.8700008392334,82604659
2025-08-26,19.329999923706055,19.450000762939453,19.06999969482422,19.18000030517578,64959420
2025-08-27,19.1299991607666,19.309999465942383,19.020000457763672,19.209999084472656,48488806
2025-08-28,18.31999969482422,18.739999771118164,18.299999237060547,18.43000030517578,75137109
2025-08-29,19.1299991607666,19.360000610351562,18.700000762939453,18.790000915527344,74199348
2025-09-01,19.0,19.450000762939453,18.920000076293945,19.299999237060547,66590253
2025-09-02,18.959999084472656,19.5,18.920000076293945,19.139999389648438,87130460
2025-09-03,18.899999618530273,19.399999618530273,18.81999969482422,19.229999542236328,74941400
2025-09-04,18.209999084472656,18.950000762939453,18.030000686645508,18.90999984741211,104960800
2025-09-05,18.479999542236328,18.549999237060547,18.209999084472656,18.31999969482422,41940913
2025-09-08,18.760000228881836,19.020000457763672,18.65999984741211,18.780000686645508,53263704
2025-09-09,18.579999923706055,18.899999618530273,18.540000915527344,18.84000015258789,43371180
2025-09-10,18.809999465942383,18.860000610351562,18.600000381469727,18.649999618530273,36803875
2025-09-11,19.360000610351562,19.389999389648438,18.6200008392334,18.649999618530273,68390908
2025-09-12,19.469999313354492,19.760000228881836,19.399999618530273,19.65999984741211,46476845
2025-09-15,19.690000534057617,19.850000381469727,19.3700008392334,19.420000076293945,47948370
2025-09-16,19.34000015258789,19.709999084472656,19.309999465942383,19.690000534057617,42586031
2025-09-17,19.489999771118164,19.59000015258789,19.139999389648438,19.329999923706055,64451102
2025-09-18,19.329999923706055,19.760000228881836,19.329999923706055,19.579999923706055,50402500
2025-09-19,19.049999237060547,19.290000915527344,18.920000076293945,19.09000015258789,69043470
2025-09-22,19.309999465942383,19.34000015258789,18.940000534057617,19.040000915527344,32699500
2025-09-23,19.040000915527344,19.610000610351562,18.8799991607666,19.190000534057617,83292061
2025-09-24,19.280000686645508,19.350000381469727,19.049999237060547,19.15999984741211,47201600
2025-09-25,19.709999084472656,19.860000610351562,19.3799991607666,19.389999389648438,65491908
2025-09-26,19.520000457763672,19.770000457763672,19.40999984741211,19.739999771118164,41278179
2025-09-30,19.6200008392334,19.850000381469727,19.579999923706055,19.739999771118164,47838320
2025-10-01,19.579999923706055,19.719999313354492,19.56999969482422,19.68000030517578,14870008
2025-10-02,19.90999984741211,20.010000228881836,19.6200008392334,19.670000076293945,36757438
2025-10-03,19.6299991607666,19.940000534057617,19.6200008392334,19.940000534057617,21321340
2025-10-07,19.59000015258789,19.780000686645508,19.579999923706055,19.68000030517578,23028000
2025-10-08,19.469999313354492,19.649999618530273,19.190000534057617,19.6200008392334,36390245
2025-10-09,19.950000762939453,20.06999969482422,19.520000457763672,19.559999465942383,53867448
2025-10-13,18.65999984741211,18.8799991607666,18.3700008392334,18.790000915527344,105347310
2025-10-14,18.889999389648438,19.18000030517578,18.65999984741211,18.920000076293945,62290043
2025-10-15,18.889999389648438,18.889999389648438,18.649999618530273,18.790000915527344,38523543
2025-10-16,19.399999618530273,19.68000030517578,19.06999969482422,19.139999389648438,57473126
2025-10-17,19.290000915527344,19.649999618530273,19.15999984741211,19.459999084472656,43425166
2025-10-20,19.209999084472656,19.450000762939453,19.170000076293945,19.290000915527344,53144568
2025-10-21,19.940000534057617,19.989999771118164,19.299999237060547,19.3799991607666,61819890
2025-10-22,19.950000762939453,19.979999542236328,19.690000534057617,19.790000915527344,39467150
2025-10-23,19.739999771118164,20.049999237060547,19.610000610351562,19.81999969482422,39987683
2025-10-27,21.020000457763672,21.09000015258789,20.729999542236328,20.729999542236328,75577500
2025-10-28,20.969999313354492,21.25,20.84000015258789,21.09000015258789,39347158
2025-10-29,20.829999923706055,21.079999923706055,20.809999465942383,21.0,31108877
2025-10-30,20.8700008392334,21.139999389648438,20.6299991607666,21.059999465942383,41958384
2025-10-31,20.040000915527344,20.799999237060547,20.040000915527344,20.780000686645508,73949735
2025-11-03,20.1200008392334,20.15999984741211,19.790000915527344,20.040000915527344,47100296
2025-11-04,20.149999618530273,20.3799991607666,20.110000610351562,20.15999984741211,31821335
2025-11-05,20.059999465942383,20.170000076293945,19.65999984741211,19.889999389648438,37893076
2025-11-06,20.6299991607666,20.739999771118164,20.200000762939453,20.219999313354492,39509175
2025-11-07,20.579999923706055,20.6299991607666,20.40999984741211,20.530000686645508,25516185
2025-11-10,20.440000534057617,20.6299991607666,20.170000076293945,20.56999969482422,52294833
2025-11-11,20.190000534057617,20.670000076293945,20.18000030517578,20.600000381469727,52044247
2025-11-12,20.40999984741211,20.670000076293945,20.31999969482422,20.3700008392334,30926342
2025-11-13,20.81999969482422,20.8700008392334,20.450000762939453,20.579999923706055,33287195
2025-11-14,20.700000762939453,20.920000076293945,20.610000610351562,20.670000076293945,25607168
2025-11-17,20.020000457763672,20.299999237060547,19.989999771118164,20.139999389648438,52867854
2025-11-18,19.940000534057617,20.260000228881836,19.889999389648438,19.90999984741211,48923693
2025-11-19,20.200000762939453,20.479999542236328,19.989999771118164,20.0,47524798
2025-11-20,20.3700008392334,20.59000015258789,20.290000915527344,20.3700008392334,37974020
2025-11-21,19.549999237060547,20.149999618530273,19.299999237060547,20.010000228881836,84379951
2025-11-24,19.229999542236328,19.579999923706055,19.079999923706055,19.520000457763672,74193207
2025-11-25,19.5,19.700000762939453,19.309999465942383,19.389999389648438,47067058
2025-11-26,19.860000610351562,19.889999389648438,19.540000915527344,19.68000030517578,38218210
2025-11-27,19.969999313354492,20.1299991607666,19.6299991607666,19.700000762939453,44842469
2025-11-28,19.760000228881836,19.889999389648438,19.579999923706055,19.850000381469727,48796038
2025-12-01,19.889999389648438,20.030000686645508,19.799999237060547,19.920000076293945,32487197
2025-12-02,19.959999084472656,20.260000228881836,19.959999084472656,20.149999618530273,39219145
2025-12-03,19.8799991607666,20.190000534057617,19.8799991607666,20.020000457763672,40719108
2025-12-04,19.770000457763672,19.920000076293945,19.579999923706055,19.799999237060547,44400038
2025-12-05,19.90999984741211,19.979999542236328,19.81999969482422,19.93000030517578,31876622
2025-12-08,20.530000686645508,20.56999969482422,20.110000610351562,20.110000610351562,72033649
2025-12-09,20.3700008392334,20.549999237060547,20.260000228881836,20.399999618530273,34040674
2025-12-10,19.889999389648438,20.350000381469727,19.799999237060547,20.350000381469727,55646182
2025-12-11,19.979999542236328,20.25,19.979999542236328,20.149999618530273,31431080
2025-12-12,20.09000015258789,20.1299991607666,19.799999237060547,20.1200008392334,55716100
2025-12-15,20.059999465942383,20.329999923706055,19.989999771118164,20.010000228881836,38031600
2025-12-16,19.510000228881836,20.049999237060547,19.510000228881836,20.049999237060547,54091536
2025-12-17,19.84000015258789,19.8700008392334,19.610000610351562,19.639999389648438,27110861
2025-12-18,20.1200008392334,20.18000030517578,19.920000076293945,20.049999237060547,45266144
2025-12-19,20.25,20.440000534057617,20.06999969482422,20.18000030517578,44371000
2025-12-22,20.399999618530273,20.510000228881836,20.290000915527344,20.329999923706055,34591200
2025-12-23,20.84000015258789,20.920000076293945,20.520000457763672,20.559999465942383,51408008
2025-12-24,20.670000076293945,20.860000610351562,20.510000228881836,20.84000015258789,41739650
2025-12-26,20.809999465942383,21.06999969482422,20.729999542236328,20.729999542236328,43499000
2025-12-29,20.780000686645508,21.0,20.739999771118164,20.829999923706055,31790400
2025-12-30,20.809999465942383,20.860000610351562,20.559999465942383,20.65999984741211,32335200
2025-12-31,20.469999313354492,20.889999389648438,20.389999389648438,20.760000228881836,42025250
2026-01-02,20.829999923706055,20.84000015258789,20.440000534057617,20.440000534057617,23952650
2026-01-05,20.850000381469727,21.049999237060547,20.75,20.850000381469727,39080656
2026-01-06,21.479999542236328,21.549999237060547,21.139999389648438,21.219999313354492,69209845
2026-01-07,21.34000015258789,21.6200008392334,21.34000015258789,21.549999237060547,35739572
2026-01-08,21.010000228881836,21.31999969482422,21.0,21.209999084472656,37019570
2026-01-09,21.15999984741211,21.270000457763672,20.899999618530273,21.100000381469727,43069100
2026-01-12,21.239999771118164,21.309999465942383,20.739999771118164,21.25,60340014
2026-01-13,21.139999389648438,21.700000762939453,21.100000381469727,21.43000030517578,61727495
2026-01-14,20.8700008392334,21.40999984741211,20.709999084472656,21.139999389648438,53813500
2026-01-15,20.6299991607666,20.93000030517578,20.549999237060547,20.75,48137160
2026-01-16,20.600000381469727,21.100000381469727,20.520000457763672,20.770000457763672,62288194
2026-01-19,20.350000381469727,20.68000030517578,20.209999084472656,20.479999542236328,59103144
2026-01-20,20.149999618530273,20.459999084472656,20.040000915527344,20.40999984741211,57146145
2026-01-21,20.190000534057617,20.450000762939453,20.040000915527344,20.100000381469727,50636600
2026-01-22,19.729999542236328,20.34000015258789,19.690000534057617,20.34000015258789,85563682
2026-01-23,19.450000762939453,20.040000915527344,19.440000534057617,19.93000030517578,58994381
2026-01-26,19.639999389648438,19.90999984741211,19.360000610351562,19.5,44482500
2026-01-27,19.799999237060547,19.940000534057617,19.5,19.790000915527344,37366333
2026-01-28,19.350000381469727,19.639999389648438,19.31999969482422,19.600000381469727,71561756
2026-01-29,19.489999771118164,19.489999771118164,19.239999771118164,19.309999465942383,40667727
2026-01-30,19.799999237060547,19.940000534057617,19.350000381469727,19.899999618530273,66542400
2026-02-02,19.3700008392334,20.020000457763672,19.3700008392334,19.610000610351562,50841188
2026-02-03,19.0,19.6200008392334,18.799999237060547,19.559999465942383,77850809
2026-02-04,19.350000381469727,19.40999984741211,19.049999237060547,19.049999237060547,26639652
2026-02-05,19.540000915527344,19.700000762939453,19.360000610351562,19.520000457763672,30782500
2026-02-06,19.469999313354492,19.540000915527344,19.059999465942383,19.489999771118164,28788580
2026-02-09,19.860000610351562,19.889999389648438,19.59000015258789,19.700000762939453,30807120
2026-02-10,19.8700008392334,20.049999237060547,19.81999969482422,19.93000030517578,30937020
2026-02-11,19.649999618530273,19.899999618530273,19.610000610351562,19.899999618530273,29522388
2026-02-23,19.5,19.729999542236328,19.389999389648438,19.559999465942383,26929030
2026-02-24,19.209999084472656,19.65999984741211,19.1200008392334,19.549999237060547,32561455
2026-02-25,19.360000610351562,19.56999969482422,19.110000610351562,19.329999923706055,40427000
2026-02-26,18.75,19.360000610351562,18.700000762939453,19.34000015258789,71013306
2026-03-02,19.030000686645508,19.110000610351562,18.43000030517578,18.579999923706055,42123157
2026-03-03,19.420000076293945,19.65999984741211,18.899999618530273,19.030000686645508,58096304
2026-03-04,18.09000015258789,18.959999084472656,18.049999237060547,18.959999084472656,85423053
2026-03-05,18.899999618530273,18.959999084472656,18.479999542236328,18.56999969482422,47864379
2026-03-06,18.790000915527344,18.84000015258789,18.540000915527344,18.75,18847421
2026-03-09,18.59000015258789,18.59000015258789,17.899999618530273,18.299999237060547,52402200
2026-03-10,18.989999771118164,19.049999237060547,18.81999969482422,18.829999923706055,21585400
2026-03-11,19.399999618530273,19.559999465942383,18.959999084472656,18.959999084472656,27380300
2026-03-12,19.100000381469727,19.469999313354492,19.09000015258789,19.309999465942383,24987840
2026-03-13,19.56999969482422,19.649999618530273,19.1200008392334,19.1200008392334,34868055
2026-03-16,19.610000610351562,19.649999618530273,19.18000030517578,19.520000457763672,29619130
2026-03-17,19.959999084472656,20.25,19.6299991607666,19.6299991607666,35531200
2026-03-18,19.450000762939453,19.860000610351562,19.3700008392334,19.850000381469727,37395999
