Price,Close,High,Low,Open,Volume
Ticker,00650L.TW,00650L.TW,00650L.TW,00650L.TW,00650L.TW
Date,,,,,
2021-03-18,31.81999969482422,32.08000183105469,31.40999984741211,31.43000030517578,1552000
2021-03-19,30.56999969482422,31.420000076293945,30.56999969482422,30.989999771118164,1361088
2021-03-22,30.780000686645508,31.149999618530273,30.469999313354492,30.690000534057617,821000
2021-03-23,29.829999923706055,31.09000015258789,29.68000030517578,31.09000015258789,1271000
2021-03-24,28.56999969482422,29.799999237060547,28.549999237060547,29.610000610351562,1560100
2021-03-25,28.809999465942383,28.84000015258789,27.950000762939453,28.299999237060547,1216768
2021-03-26,29.40999984741211,29.469999313354492,28.799999237060547,28.799999237060547,954505
2021-03-29,29.309999465942383,29.899999618530273,29.15999984741211,29.239999771118164,1034000
2021-03-30,30.260000228881836,30.329999923706055,29.719999313354492,29.889999389648438,1060005
2021-03-31,29.850000381469727,30.489999771118164,29.719999313354492,30.239999771118164,880000
2021-04-01,30.170000076293945,30.34000015258789,29.940000534057617,30.170000076293945,923000
2021-04-07,30.540000915527344,31.170000076293945,30.25,30.989999771118164,968000
2021-04-08,30.719999313354492,30.799999237060547,29.700000762939453,29.920000076293945,1661091
2021-04-09,30.350000381469727,31.06999969482422,30.329999923706055,30.90999984741211,1130000
2021-04-12,29.829999923706055,30.520000457763672,29.3799991607666,30.200000762939453,1209000
2021-04-13,29.799999237060547,30.579999923706055,29.799999237060547,29.850000381469727,1108000
2021-04-14,30.75,30.8700008392334,30.0,30.0,1058000
2021-04-15,30.1200008392334,30.709999084472656,29.93000030517578,30.600000381469727,1127000
2021-04-16,30.56999969482422,30.6299991607666,30.270000457763672,30.459999084472656,1179092
2021-04-19,31.200000762939453,31.600000381469727,30.43000030517578,30.799999237060547,2203000
2021-04-20,31.079999923706055,31.18000030517578,30.5,31.18000030517578,1349000
2021-04-21,30.010000228881836,30.309999465942383,29.639999389648438,30.309999465942383,1691000
2021-04-22,30.18000030517578,30.31999969482422,29.8799991607666,30.290000915527344,903000
2021-04-23,30.600000381469727,30.90999984741211,30.0,30.0,1515000
2021-04-26,30.899999618530273,31.229999542236328,30.75,31.0,1115998
2021-04-27,30.59000015258789,30.65999984741211,30.280000686645508,30.450000762939453,856000
2021-04-28,30.56999969482422,30.75,30.299999237060547,30.299999237060547,813000
2021-04-29,31.100000381469727,31.5,30.760000228881836,30.760000228881836,1192000
2021-05-03,29.149999618530273,30.459999084472656,29.06999969482422,30.459999084472656,1440100
2021-05-04,29.479999542236328,29.489999771118164,29.239999771118164,29.299999237060547,1022500
2021-05-05,29.3700008392334,29.959999084472656,29.18000030517578,29.229999542236328,1024000
2021-05-06,29.639999389648438,30.350000381469727,29.360000610351562,29.420000076293945,863000
2021-05-07,30.149999618530273,30.3700008392334,29.889999389648438,29.889999389648438,1103000
2021-05-10,29.6299991607666,30.290000915527344,29.530000686645508,30.290000915527344,1002000
2021-05-11,28.700000762939453,29.360000610351562,28.34000015258789,29.360000610351562,1922000
2021-05-12,28.65999984741211,28.799999237060547,28.299999237060547,28.700000762939453,1448000
2021-05-13,28.200000762939453,28.700000762939453,28.139999389648438,28.309999465942383,942000
2021-05-14,28.440000534057617,28.549999237060547,28.079999923706055,28.209999084472656,998000
2021-05-17,29.049999237060547,29.15999984741211,28.780000686645508,28.799999237060547,1190000
2021-05-18,29.850000381469727,29.979999542236328,29.149999618530273,29.149999618530273,1188000
2021-05-19,29.549999237060547,29.860000610351562,29.549999237060547,29.850000381469727,1878000
2021-05-20,29.469999313354492,29.639999389648438,29.25,29.549999237060547,1222125
2021-05-21,29.540000915527344,29.899999618530273,29.239999771118164,29.780000686645508,1411000
2021-05-24,29.5,29.5,29.049999237060547,29.5,757000
2021-05-25,30.420000076293945,30.459999084472656,29.600000381469727,29.790000915527344,1483000
2021-05-26,31.1200008392334,31.15999984741211,30.709999084472656,30.719999313354492,586000
2021-05-27,31.049999237060547,31.200000762939453,30.799999237060547,30.799999237060547,912000
2021-05-28,31.440000534057617,31.559999465942383,31.09000015258789,31.3700008392334,1880000
2021-05-31,30.65999984741211,31.450000762939453,30.639999389648438,31.450000762939453,1048130
2021-06-01,31.239999771118164,31.329999923706055,30.780000686645508,30.790000915527344,971000
2021-06-02,31.31999969482422,31.729999542236328,31.239999771118164,31.450000762939453,2170000
2021-06-03,31.079999923706055,31.5,31.030000686645508,31.219999313354492,1460000
2021-06-04,30.729999542236328,30.850000381469727,30.209999084472656,30.729999542236328,1522100
2021-06-07,30.290000915527344,30.809999465942383,30.040000915527344,30.770000457763672,1261000
2021-06-08,30.110000610351562,30.760000228881836,30.059999465942383,30.40999984741211,1101000
2021-06-09,30.299999237060547,30.559999465942383,30.260000228881836,30.299999237060547,937000
2021-06-10,30.530000686645508,30.700000762939453,30.399999618530273,30.399999618530273,966000
2021-06-11,30.520000457763672,30.719999313354492,30.270000457763672,30.579999923706055,991000
2021-06-15,30.0,30.56999969482422,29.579999923706055,30.229999542236328,1124000
2021-06-16,29.760000228881836,29.93000030517578,29.75,29.84000015258789,907000
2021-06-17,29.690000534057617,29.799999237060547,29.110000610351562,29.43000030517578,1316000
2021-06-18,30.209999084472656,30.399999618530273,29.829999923706055,29.8799991607666,1396000
2021-06-21,29.579999923706055,30.020000457763672,29.540000915527344,29.610000610351562,1972000
2021-06-22,29.739999771118164,30.15999984741211,29.600000381469727,30.049999237060547,1149000
2021-06-23,30.399999618530273,30.420000076293945,29.719999313354492,29.719999313354492,1099000
2021-06-24,30.65999984741211,30.93000030517578,30.399999618530273,30.399999618530273,1472000
2021-06-25,31.40999984741211,31.440000534057617,30.81999969482422,30.81999969482422,1411000
2021-06-28,31.489999771118164,31.5,31.440000534057617,31.489999771118164,748000
2021-06-29,31.010000228881836,31.530000686645508,30.959999084472656,31.43000030517578,1214000
2021-06-30,30.899999618530273,31.200000762939453,30.790000915527344,31.15999984741211,941000
2021-07-01,30.540000915527344,30.75,30.5,30.75,935000
2021-07-02,29.610000610351562,30.68000030517578,29.510000228881836,30.68000030517578,1811050
2021-07-05,29.290000915527344,29.649999618530273,29.09000015258789,29.549999237060547,1179000
2021-07-06,29.049999237060547,29.549999237060547,28.799999237060547,29.399999618530273,1189050
2021-07-07,28.75,29.040000915527344,28.6299991607666,29.040000915527344,1273000
2021-07-08,27.770000457763672,29.020000457763672,27.709999084472656,28.899999618530273,2358000
2021-07-09,27.889999389648438,27.969999313354492,26.920000076293945,27.5,1876050
2021-07-12,28.059999465942383,28.450000762939453,27.899999618530273,28.450000762939453,1423800
2021-07-13,28.84000015258789,29.100000381469727,28.18000030517578,28.18000030517578,1980000
2021-07-14,28.59000015258789,28.84000015258789,28.399999618530273,28.829999923706055,906000
2021-07-15,29.280000686645508,29.450000762939453,28.579999923706055,28.579999923706055,1448015
2021-07-16,29.31999969482422,29.31999969482422,28.709999084472656,29.18000030517578,1137000
2021-07-19,28.1299991607666,28.700000762939453,27.829999923706055,28.559999465942383,2077000
2021-07-20,27.459999084472656,28.139999389648438,27.350000381469727,28.020000457763672,1410000
2021-07-21,27.290000915527344,27.81999969482422,26.959999084472656,27.799999237060547,1299000
2021-07-22,28.3799991607666,28.540000915527344,27.780000686645508,27.790000915527344,1650000
2021-07-23,27.90999984741211,28.350000381469727,27.809999465942383,28.350000381469727,1068000
2021-07-26,25.959999084472656,27.5,25.959999084472656,27.489999771118164,3285000
2021-07-27,24.489999771118164,25.84000015258789,24.459999084472656,25.739999771118164,3026190
2021-07-28,23.0,24.200000762939453,23.0,23.68000030517578,4435690
2021-07-29,25.389999389648438,25.389999389648438,24.489999771118164,24.540000915527344,3073130
2021-07-30,24.200000762939453,25.139999389648438,24.149999618530273,24.969999313354492,2323000
2021-08-02,25.329999923706055,25.3799991607666,24.360000610351562,24.760000228881836,1784100
2021-08-03,25.229999542236328,25.31999969482422,24.43000030517578,25.299999237060547,1988000
2021-08-04,25.760000228881836,26.0,24.809999465942383,25.079999923706055,1676050
2021-08-05,25.510000228881836,25.790000915527344,25.329999923706055,25.760000228881836,959050
2021-08-06,25.219999313354492,25.290000915527344,24.780000686645508,25.229999542236328,1257000
2021-08-09,25.479999542236328,25.799999237060547,24.65999984741211,24.989999771118164,1998000
2021-08-10,25.489999771118164,25.65999984741211,25.020000457763672,25.5,1396000
2021-08-11,25.93000030517578,26.25,25.540000915527344,25.540000915527344,1490086
2021-08-12,25.8700008392334,26.049999237060547,25.700000762939453,25.93000030517578,915000
2021-08-13,25.290000915527344,25.780000686645508,25.100000381469727,25.780000686645508,1086000
2021-08-16,25.139999389648438,25.68000030517578,25.0,25.579999923706055,1206000
2021-08-17,24.459999084472656,25.18000030517578,24.40999984741211,25.18000030517578,1543000
2021-08-18,24.690000534057617,24.760000228881836,24.209999084472656,24.299999237060547,1177000
2021-08-19,23.780000686645508,24.510000228881836,23.610000610351562,24.510000228881836,1364000
2021-08-20,22.399999618530273,23.6299991607666,22.260000228881836,23.5,1569000
2021-08-23,23.510000228881836,23.790000915527344,22.899999618530273,22.899999618530273,1207000
2021-08-24,24.0,24.110000610351562,23.530000686645508,23.530000686645508,1030000
2021-08-25,24.209999084472656,24.739999771118164,24.049999237060547,24.389999389648438,1201001
2021-08-26,23.65999984741211,24.270000457763672,23.549999237060547,24.209999084472656,1268001
2021-08-27,23.81999969482422,24.190000534057617,23.600000381469727,23.770000457763672,954001
2021-08-30,23.940000534057617,24.0,23.350000381469727,24.0,1118001
2021-08-31,23.610000610351562,23.90999984741211,23.170000076293945,23.90999984741211,1176000
2021-09-01,24.75,24.899999618530273,24.18000030517578,24.239999771118164,1734000
2021-09-02,24.850000381469727,25.450000762939453,24.81999969482422,25.100000381469727,1247100
2021-09-03,24.700000762939453,24.8700008392334,24.5,24.8700008392334,984000
2021-09-06,24.989999771118164,25.010000228881836,24.420000076293945,24.75,1223000
2021-09-07,25.520000457763672,25.670000076293945,25.049999237060547,25.06999969482422,1066000
2021-09-08,25.3799991607666,25.84000015258789,25.170000076293945,25.520000457763672,1052000
2021-09-09,24.549999237060547,25.1299991607666,24.549999237060547,25.0,1130000
2021-09-10,25.200000762939453,25.270000457763672,24.649999618530273,24.790000915527344,915100
2021-09-13,24.239999771118164,25.09000015258789,24.139999389648438,25.09000015258789,1740100
2021-09-14,24.479999542236328,24.729999542236328,24.260000228881836,24.549999237060547,983010
2021-09-15,23.350000381469727,24.0,23.350000381469727,23.989999771118164,2100000
2021-09-16,22.510000228881836,23.450000762939453,22.31999969482422,23.450000762939453,3149061
2021-09-17,22.770000457763672,22.809999465942383,22.170000076293945,22.56999969482422,1725000
2021-09-22,21.81999969482422,22.040000915527344,21.5,21.600000381469727,1964000
2021-09-23,21.90999984741211,22.709999084472656,21.8799991607666,22.200000762939453,1636000
2021-09-24,22.079999923706055,22.350000381469727,21.8799991607666,22.1200008392334,1525000
2021-09-27,21.780000686645508,22.139999389648438,21.5,21.68000030517578,1807000
2021-09-28,22.31999969482422,22.43000030517578,21.610000610351562,21.760000228881836,1468000
2021-09-29,22.139999389648438,22.139999389648438,21.420000076293945,21.93000030517578,2030000
2021-09-30,22.190000534057617,22.360000610351562,21.950000762939453,22.290000915527344,1382000
2021-10-01,21.829999923706055,22.25,21.790000915527344,22.25,1645100
2021-10-04,21.5,21.989999771118164,21.110000610351562,21.850000381469727,1857000
2021-10-05,21.530000686645508,21.56999969482422,20.799999237060547,21.190000534057617,1415000
2021-10-06,21.469999313354492,21.950000762939453,20.979999542236328,21.950000762939453,1284010
2021-10-07,22.290000915527344,22.31999969482422,21.610000610351562,21.610000610351562,1999020
2021-10-08,22.510000228881836,23.079999923706055,22.399999618530273,22.59000015258789,2248000
2021-10-12,23.209999084472656,23.389999389648438,22.760000228881836,22.760000228881836,2673000
2021-10-13,23.229999542236328,23.280000686645508,22.979999542236328,23.270000457763672,854550
2021-10-14,23.549999237060547,23.780000686645508,23.450000762939453,23.579999923706055,801020
2021-10-15,23.6299991607666,23.850000381469727,23.0,23.850000381469727,2024000
2021-10-18,23.40999984741211,23.950000762939453,23.34000015258789,23.860000610351562,1760000
2021-10-19,24.389999389648438,24.559999465942383,23.860000610351562,23.860000610351562,1828500
2021-10-20,25.100000381469727,25.280000686645508,24.649999618530273,24.649999618530273,1751500
2021-10-21,24.790000915527344,25.34000015258789,24.709999084472656,25.219999313354492,1253000
2021-10-22,25.040000915527344,25.299999237060547,24.90999984741211,25.149999618530273,1144000
2021-10-25,25.15999984741211,25.260000228881836,24.75,24.940000534057617,1231000
2021-10-26,25.059999465942383,25.399999618530273,25.010000228881836,25.399999618530273,2429000
2021-10-27,24.239999771118164,24.899999618530273,24.15999984741211,24.899999618530273,1935000
2021-10-28,24.229999542236328,24.440000534057617,24.059999465942383,24.110000610351562,1108000
2021-10-29,23.920000076293945,24.219999313354492,23.670000076293945,24.219999313354492,1179000
2021-11-01,23.3799991607666,23.770000457763672,23.079999923706055,23.739999771118164,1374000
2021-11-02,23.43000030517578,24.239999771118164,23.43000030517578,23.81999969482422,2879000
2021-11-03,22.860000610351562,23.450000762939453,22.770000457763672,23.290000915527344,2061000
2021-11-04,23.280000686645508,23.450000762939453,23.06999969482422,23.209999084472656,1388000
2021-11-05,23.06999969482422,23.170000076293945,22.719999313354492,23.15999984741211,1971000
2021-11-08,22.719999313354492,22.809999465942383,22.5,22.799999237060547,1609020
2021-11-09,22.600000381469727,23.040000915527344,22.489999771118164,22.719999313354492,1674010
2021-11-10,22.229999542236328,22.75,22.110000610351562,22.600000381469727,1774000
2021-11-11,23.020000457763672,23.290000915527344,22.559999465942383,22.6299991607666,2464000
2021-11-12,23.559999465942383,24.059999465942383,23.479999542236328,23.610000610351562,2009000
2021-11-15,23.610000610351562,23.8799991607666,23.5,23.75,1080000
2021-11-16,24.239999771118164,24.479999542236328,23.6200008392334,23.6200008392334,1933010
2021-11-17,24.190000534057617,24.399999618530273,24.010000228881836,24.399999618530273,1310000
2021-11-18,23.68000030517578,24.030000686645508,23.440000534057617,24.030000686645508,1447000
2021-11-19,22.899999618530273,23.239999771118164,22.770000457763672,23.149999618530273,2096000
2021-11-22,22.940000534057617,23.239999771118164,22.889999389648438,23.049999237060547,1707000
2021-11-23,22.559999465942383,22.780000686645508,22.450000762939453,22.770000457763672,1955000
2021-11-24,22.530000686645508,22.639999389648438,22.329999923706055,22.639999389648438,1859029
2021-11-25,22.610000610351562,22.6200008392334,22.260000228881836,22.559999465942383,1166000
2021-11-26,21.6200008392334,22.34000015258789,21.559999465942383,22.31999969482422,3422005
2021-11-29,21.059999465942383,21.639999389648438,21.059999465942383,21.299999237060547,2941000
2021-11-30,20.309999465942383,21.329999923706055,20.299999237060547,21.299999237060547,4186000
2021-12-01,20.920000076293945,21.049999237060547,20.309999465942383,20.309999465942383,2086000
2021-12-02,20.790000915527344,20.899999618530273,20.420000076293945,20.549999237060547,2207100
2021-12-03,20.709999084472656,20.790000915527344,20.34000015258789,20.790000915527344,2584000
2021-12-06,20.459999084472656,20.649999618530273,20.25,20.399999618530273,2289010
2021-12-07,20.959999084472656,21.049999237060547,20.530000686645508,20.920000076293945,2886010
2021-12-08,21.280000686645508,21.690000534057617,21.139999389648438,21.459999084472656,2808000
2021-12-09,21.719999313354492,21.8700008392334,21.40999984741211,21.489999771118164,2757000
2021-12-10,21.479999542236328,21.700000762939453,21.290000915527344,21.639999389648438,1454100
2021-12-13,21.600000381469727,22.010000228881836,21.549999237060547,21.549999237060547,2521600
2021-12-14,20.790000915527344,21.219999313354492,20.700000762939453,21.200000762939453,3437000
2021-12-15,20.700000762939453,20.889999389648438,20.600000381469727,20.790000915527344,1401025
2021-12-16,20.1299991607666,20.65999984741211,20.049999237060547,20.56999969482422,5029000
2021-12-17,19.920000076293945,20.469999313354492,19.850000381469727,20.219999313354492,2915075
2021-12-20,19.420000076293945,19.969999313354492,19.34000015258789,19.889999389648438,4821000
2021-12-21,19.40999984741211,19.450000762939453,19.18000030517578,19.399999618530273,2399000
2021-12-22,19.56999969482422,19.920000076293945,19.530000686645508,19.799999237060547,2719000
2021-12-23,19.850000381469727,19.950000762939453,19.6200008392334,19.760000228881836,2332000
2021-12-24,19.889999389648438,20.190000534057617,19.889999389648438,19.979999542236328,2263000
2021-12-27,20.0,20.020000457763672,19.940000534057617,19.950000762939453,981000
2021-12-28,19.989999771118164,20.190000534057617,19.780000686645508,20.149999618530273,2906150
2021-12-29,19.670000076293945,20.100000381469727,19.670000076293945,20.06999969482422,1973110
2021-12-30,19.709999084472656,19.950000762939453,19.56999969482422,19.610000610351562,1959100
2022-01-03,19.979999542236328,20.510000228881836,19.920000076293945,20.18000030517578,2776020
2022-01-04,20.079999923706055,20.290000915527344,19.809999465942383,20.1200008392334,1667000
2022-01-05,19.579999923706055,20.09000015258789,19.579999923706055,20.0,2290000
2022-01-06,19.280000686645508,19.59000015258789,19.09000015258789,19.5,3335030
2022-01-07,20.18000030517578,20.200000762939453,19.649999618530273,19.739999771118164,4015990
2022-01-10,20.690000534057617,20.780000686645508,20.209999084472656,20.479999542236328,3444000
2022-01-11,20.780000686645508,20.959999084472656,20.450000762939453,20.559999465942383,3142000
2022-01-12,21.610000610351562,21.65999984741211,21.059999465942383,21.059999465942383,4401200
2022-01-13,21.799999237060547,22.09000015258789,21.760000228881836,21.889999389648438,4602125
2022-01-14,21.530000686645508,21.799999237060547,21.450000762939453,21.799999237060547,2743110
2022-01-17,21.479999542236328,21.850000381469727,21.469999313354492,21.729999542236328,1706800
2022-01-18,21.3700008392334,21.809999465942383,21.280000686645508,21.5,2150000
2022-01-19,21.149999618530273,21.610000610351562,21.079999923706055,21.209999084472656,2137400
2022-01-20,22.5,22.540000915527344,21.450000762939453,21.450000762939453,3291040
2022-01-21,22.530000686645508,22.899999618530273,22.489999771118164,22.799999237060547,4077020
2022-01-24,22.520000457763672,22.520000457763672,22.239999771118164,22.34000015258789,1959000
2022-01-25,21.6200008392334,21.989999771118164,21.360000610351562,21.989999771118164,3381200
2022-01-26,21.479999542236328,21.969999313354492,21.399999618530273,21.510000228881836,2323010
2022-02-07,22.030000686645508,22.219999313354492,21.81999969482422,21.940000534057617,1756000
2022-02-08,21.520000457763672,22.299999237060547,21.450000762939453,22.299999237060547,1409990
2022-02-09,22.709999084472656,22.770000457763672,22.209999084472656,22.209999084472656,2399000
2022-02-10,22.510000228881836,23.059999465942383,22.350000381469727,23.0,1739990
2022-02-11,22.549999237060547,22.8700008392334,22.510000228881836,22.56999969482422,1894000
2022-02-14,22.18000030517578,22.459999084472656,22.049999237060547,22.440000534057617,1723124
2022-02-15,21.68000030517578,22.18000030517578,21.600000381469727,22.049999237060547,1629000
2022-02-16,22.31999969482422,22.450000762939453,22.1200008392334,22.1299991607666,1449000
2022-02-17,22.309999465942383,22.709999084472656,22.1299991607666,22.450000762939453,1519000
2022-02-18,22.40999984741211,22.5,22.040000915527344,22.040000915527344,1185000
2022-02-21,21.56999969482422,21.690000534057617,21.18000030517578,21.690000534057617,2518200
2022-02-22,20.260000228881836,21.200000762939453,20.100000381469727,21.110000610351562,3550000
2022-02-23,20.670000076293945,20.719999313354492,20.3700008392334,20.59000015258789,1697032
2022-02-24,19.489999771118164,20.139999389648438,19.170000076293945,20.059999465942383,3493020
2022-02-25,19.209999084472656,19.649999618530273,19.09000015258789,19.649999618530273,4466480
2022-03-01,18.989999771118164,19.3799991607666,18.940000534057617,19.229999542236328,4423000
2022-03-02,18.729999542236328,18.950000762939453,18.610000610351562,18.860000610351562,3023265
2022-03-03,18.559999465942383,18.799999237060547,18.440000534057617,18.690000534057617,2916000
2022-03-04,17.6200008392334,18.18000030517578,17.540000915527344,17.950000762939453,4521609
2022-03-07,16.700000762939453,17.079999923706055,15.9399995803833,17.079999923706055,5258100
2022-03-08,16.260000228881836,16.700000762939453,16.06999969482422,16.309999465942383,4565400
2022-03-09,15.1899995803833,16.3799991607666,15.15999984741211,16.260000228881836,9940000
2022-03-10,15.890000343322754,16.389999389648438,15.84000015258789,16.0,5018120
2022-03-11,15.09000015258789,15.5600004196167,14.890000343322754,15.5,9609000
2022-03-14,14.569999694824219,15.289999961853027,14.350000381469727,15.130000114440918,10983500
2022-03-15,13.140000343322754,13.84000015258789,12.930000305175781,13.800000190734863,23384013
2022-03-16,13.640000343322754,13.640000343322754,12.640000343322754,13.289999961853027,21006990
2022-03-17,16.229999542236328,16.389999389648438,15.300000190734863,15.630000114440918,30437256
2022-03-18,16.049999237060547,16.18000030517578,15.699999809265137,16.0,7403040
2022-03-21,16.100000381469727,17.25,16.06999969482422,17.1299991607666,9132380
2022-03-22,16.639999389648438,16.639999389648438,16.219999313354492,16.219999313354492,4370240
2022-03-23,17.690000534057617,17.93000030517578,17.25,17.25,11853990
2022-03-24,17.520000457763672,17.709999084472656,17.209999084472656,17.31999969482422,4097900
2022-03-25,16.56999969482422,17.34000015258789,16.540000915527344,17.34000015258789,6770341
2022-03-28,16.920000076293945,17.030000686645508,16.15999984741211,16.43000030517578,4633200
2022-03-29,17.079999923706055,17.270000457763672,16.959999084472656,17.09000015258789,5768150
2022-03-30,17.760000228881836,17.860000610351562,17.479999542236328,17.549999237060547,5143990
2022-03-31,17.34000015258789,17.739999771118164,17.239999771118164,17.690000534057617,2866700
2022-04-01,17.09000015258789,17.290000915527344,16.700000762939453,16.899999618530273,5221990
2022-04-06,17.700000762939453,17.809999465942383,17.399999618530273,17.510000228881836,5979320
2022-04-07,17.100000381469727,17.770000457763672,17.040000915527344,17.329999923706055,3788565
2022-04-08,17.110000610351562,17.170000076293945,16.799999237060547,17.110000610351562,3265100
2022-04-11,16.270000457763672,17.18000030517578,16.260000228881836,17.15999984741211,3970061
2022-04-12,16.43000030517578,16.579999923706055,15.9399995803833,16.25,4177990
2022-04-13,16.540000915527344,16.549999237060547,16.190000534057617,16.450000762939453,2642990
2022-04-14,16.6299991607666,16.760000228881836,16.469999313354492,16.6200008392334,3159990
2022-04-15,16.520000457763672,16.559999465942383,16.459999084472656,16.559999465942383,1311050
2022-04-18,16.280000686645508,16.420000076293945,16.200000762939453,16.40999984741211,1344000
2022-04-19,16.049999237060547,16.31999969482422,15.779999732971191,16.31999969482422,5313137
2022-04-20,16.06999969482422,16.299999237060547,15.899999618530273,16.149999618530273,2646000
2022-04-21,15.479999542236328,16.020000457763672,15.329999923706055,15.880000114440918,5260010
2022-04-22,15.359999656677246,15.539999961853027,14.779999732971191,14.9399995803833,4320000
2022-04-25,14.609999656677246,14.949999809265137,14.520000457763672,14.949999809265137,5239175
2022-04-26,14.670000076293945,14.869999885559082,14.430000305175781,14.699999809265137,3881000
2022-04-27,14.4399995803833,14.5,13.979999542236328,14.100000381469727,5056990
2022-04-28,14.5600004196167,14.930000305175781,14.4399995803833,14.550000190734863,5864050
2022-04-29,15.819999694824219,16.170000076293945,14.600000381469727,14.800000190734863,11469250
2022-05-03,16.329999923706055,16.489999771118164,15.470000267028809,15.899999618530273,11011005
2022-05-04,15.8100004196167,16.299999237060547,15.720000267028809,16.299999237060547,5769010
2022-05-05,16.0,16.459999084472656,15.920000076293945,16.25,5489060
2022-05-06,14.529999732971191,15.1899995803833,14.489999771118164,15.1899995803833,10624816
2022-05-09,13.949999809265137,14.300000190734863,13.930000305175781,14.199999809265137,3124000
2022-05-10,14.010000228881836,14.050000190734863,13.380000114440918,13.699999809265137,8841010
2022-05-11,14.59000015258789,14.59000015258789,13.729999542236328,13.899999618530273,5898087
2022-05-12,13.739999771118164,14.109999656677246,13.729999542236328,14.0,6103000
2022-05-13,14.149999618530273,14.289999961853027,13.930000305175781,14.15999984741211,5402990
2022-05-16,14.380000114440918,14.760000228881836,14.180000305175781,14.619999885559082,4534150
2022-05-17,15.100000381469727,15.170000076293945,14.59000015258789,14.649999618530273,4906558
2022-05-18,15.229999542236328,15.350000381469727,15.050000190734863,15.34000015258789,2427990
2022-05-19,14.680000305175781,14.899999618530273,14.369999885559082,14.569999694824219,4630055
2022-05-20,15.279999732971191,15.380000114440918,14.9399995803833,15.09000015258789,3710390
2022-05-23,15.010000228881836,15.520000457763672,14.90999984741211,15.380000114440918,3449990
2022-05-24,14.739999771118164,15.25,14.670000076293945,15.09000015258789,2517000
2022-05-25,14.789999961853027,14.970000267028809,14.619999885559082,14.699999809265137,2643000
2022-05-26,14.539999961853027,14.960000038146973,14.380000114440918,14.880000114440918,3459010
2022-05-27,15.380000114440918,15.619999885559082,15.109999656677246,15.109999656677246,5363100
2022-05-30,16.010000228881836,16.170000076293945,15.760000228881836,15.779999732971191,4272000
2022-05-31,16.350000381469727,16.350000381469727,15.899999618530273,15.899999618530273,4309650
2022-06-01,16.25,16.540000915527344,16.219999313354492,16.360000610351562,2500990
2022-06-02,15.8100004196167,16.18000030517578,15.770000457763672,16.18000030517578,3656135
2022-06-06,16.530000686645508,16.6200008392334,16.059999465942383,16.079999923706055,4121990
2022-06-07,16.670000076293945,17.149999618530273,16.649999618530273,16.950000762939453,4823990
2022-06-08,17.3700008392334,17.579999923706055,17.079999923706055,17.079999923706055,4645990
2022-06-09,17.479999542236328,17.860000610351562,17.440000534057617,17.670000076293945,3726000
2022-06-10,17.40999984741211,17.510000228881836,16.81999969482422,16.969999313354492,2553980
2022-06-13,16.3799991607666,16.65999984741211,16.260000228881836,16.65999984741211,5062150
2022-06-14,16.1200008392334,16.219999313354492,15.75,16.0,5629240
2022-06-15,16.65999984741211,16.739999771118164,16.200000762939453,16.290000915527344,5841020
2022-06-16,16.219999313354492,17.0,16.170000076293945,16.899999618530273,5623800
2022-06-17,16.360000610351562,16.3799991607666,15.720000267028809,15.829999923706055,4074000
2022-06-20,16.280000686645508,16.469999313354492,15.979999542236328,16.270000457763672,4403990
2022-06-21,16.940000534057617,17.020000457763672,16.450000762939453,16.540000915527344,4644000
2022-06-22,16.649999618530273,16.950000762939453,16.549999237060547,16.950000762939453,5455020
2022-06-23,16.75,16.75,16.170000076293945,16.520000457763672,3898998
2022-06-24,17.1299991607666,17.229999542236328,16.790000915527344,16.809999465942383,4540150
2022-06-27,18.0,18.31999969482422,17.389999389648438,17.489999771118164,6227135
2022-06-28,17.84000015258789,18.0,17.6299991607666,18.0,3027060
2022-06-29,17.850000381469727,18.229999542236328,17.799999237060547,17.84000015258789,5647018
2022-06-30,17.860000610351562,17.979999542236328,17.600000381469727,17.889999389648438,4776000
2022-07-01,17.290000915527344,17.84000015258789,17.270000457763672,17.84000015258789,3147010
2022-07-04,17.639999389648438,17.639999389648438,17.020000457763672,17.510000228881836,3035000
2022-07-05,17.75,18.219999313354492,17.649999618530273,17.899999618530273,4029999
2022-07-06,17.010000228881836,17.75,17.010000228881836,17.639999389648438,5644028
2022-07-07,17.309999465942383,17.3700008392334,16.739999771118164,17.040000915527344,2346000
2022-07-08,17.450000762939453,17.959999084472656,17.40999984741211,17.780000686645508,3973000
2022-07-11,16.489999771118164,17.459999084472656,16.459999084472656,17.459999084472656,3616000
2022-07-12,16.290000915527344,16.540000915527344,16.100000381469727,16.3799991607666,2295000
2022-07-13,16.229999542236328,16.459999084472656,16.18000030517578,16.290000915527344,2102100
2022-07-14,16.030000686645508,16.219999313354492,15.970000267028809,16.139999389648438,2441000
2022-07-15,15.510000228881836,15.899999618530273,15.460000038146973,15.8100004196167,4332800
2022-07-18,16.09000015258789,16.18000030517578,15.319999694824219,15.510000228881836,3457000
2022-07-19,15.800000190734863,16.010000228881836,15.699999809265137,15.9399995803833,1472990
2022-07-20,16.270000457763672,16.520000457763672,16.219999313354492,16.25,3122000
2022-07-21,15.949999809265137,16.190000534057617,15.789999961853027,16.100000381469727,3004989
2022-07-22,15.789999961853027,16.06999969482422,15.75,15.920000076293945,1709200
2022-07-25,15.510000228881836,15.75,15.479999542236328,15.630000114440918,1989098
2022-07-26,16.149999618530273,16.229999542236328,15.65999984741211,15.680000305175781,3746010
2022-07-27,15.850000381469727,16.010000228881836,15.75,15.949999809265137,2140000
2022-07-28,15.739999771118164,16.030000686645508,15.65999984741211,15.979999542236328,2675020
2022-07-29,15.09000015258789,15.859999656677246,15.029999732971191,15.789999961853027,5210700
2022-08-01,15.09000015258789,15.119999885559082,14.710000038146973,14.9399995803833,3621990
2022-08-02,14.350000381469727,14.8100004196167,14.199999809265137,14.8100004196167,7593990
2022-08-03,14.59000015258789,14.699999809265137,14.380000114440918,14.460000038146973,2810130
2022-08-04,14.930000305175781,15.119999885559082,14.619999885559082,14.680000305175781,3935000
2022-08-05,15.0,15.289999961853027,14.949999809265137,15.100000381469727,2322990
2022-08-08,14.899999618530273,15.100000381469727,14.800000190734863,14.979999542236328,1914350
2022-08-09,15.0,15.1899995803833,14.630000114440918,14.90999984741211,3649000
2022-08-10,14.149999618530273,14.850000381469727,14.149999618530273,14.800000190734863,8157110
2022-08-11,14.729999542236328,14.789999961853027,14.470000267028809,14.479999542236328,3559990
2022-08-12,15.020000457763672,15.100000381469727,14.800000190734863,14.800000190734863,4895310
2022-08-15,15.069999694824219,15.210000038146973,14.789999961853027,15.039999961853027,3430000
2022-08-16,14.680000305175781,15.079999923706055,14.680000305175781,14.970000267028809,2987015
2022-08-17,14.819999694824219,14.930000305175781,14.550000190734863,14.6899995803833,2425000
2022-08-18,14.59000015258789,14.829999923706055,14.510000228881836,14.720000267028809,3535000
2022-08-19,14.569999694824219,14.6899995803833,14.289999961853027,14.510000228881836,3562000
2022-08-22,14.579999923706055,14.600000381469727,14.149999618530273,14.300000190734863,4634000
2022-08-23,14.130000114440918,14.40999984741211,14.09000015258789,14.319999694824219,5390099
2022-08-24,13.789999961853027,14.239999771118164,13.720000267028809,14.239999771118164,7477000
2022-08-25,14.130000114440918,14.239999771118164,13.899999618530273,13.899999618530273,3259990
2022-08-26,14.9399995803833,15.130000114440918,14.899999618530273,14.9399995803833,9217100
2022-08-29,14.899999618530273,14.930000305175781,14.640000343322754,14.670000076293945,7490000
2022-08-30,14.609999656677246,15.020000457763672,14.34000015258789,14.899999618530273,6410990
2022-08-31,14.989999771118164,14.989999771118164,14.199999809265137,14.479999542236328,8459500
2022-09-01,14.420000076293945,14.65999984741211,14.3100004196167,14.630000114440918,5139500
2022-09-02,14.039999961853027,14.449999809265137,14.029999732971191,14.399999618530273,4726475
2022-09-05,13.710000038146973,14.020000457763672,13.59000015258789,14.0,5907100
2022-09-06,13.84000015258789,14.069999694824219,13.720000267028809,13.899999618530273,3472000
2022-09-07,13.390000343322754,13.619999885559082,13.350000381469727,13.619999885559082,5126099
2022-09-08,13.510000228881836,13.75,13.479999542236328,13.670000076293945,2067000
2022-09-12,13.920000076293945,14.050000190734863,13.899999618530273,14.050000190734863,1924000
2022-09-13,14.229999542236328,14.289999961853027,14.050000190734863,14.119999885559082,4865000
2022-09-14,13.40999984741211,13.649999618530273,13.359999656677246,13.569999694824219,11349010
2022-09-15,13.510000228881836,13.609999656677246,13.369999885559082,13.470000267028809,4020000
2022-09-16,13.40999984741211,13.510000228881836,13.180000305175781,13.359999656677246,4799000
2022-09-19,13.0600004196167,13.350000381469727,13.010000228881836,13.300000190734863,6050010
2022-09-20,13.34000015258789,13.489999771118164,13.220000267028809,13.220000267028809,2809000
2022-09-21,13.010000228881836,13.180000305175781,12.90999984741211,13.180000305175781,6006000
2022-09-22,12.390000343322754,12.600000381469727,12.25,12.600000381469727,9232581
2022-09-23,12.369999885559082,12.510000228881836,12.239999771118164,12.40999984741211,4727081
2022-09-26,12.140000343322754,12.399999618530273,11.9399995803833,12.050000190734863,5269060
2022-09-27,11.920000076293945,12.25,11.859999656677246,12.229999542236328,7070990
2022-09-28,11.5,11.899999618530273,11.430000305175781,11.899999618530273,10136000
2022-09-29,11.5,11.819999694824219,11.5,11.760000228881836,5167090
2022-09-30,11.180000305175781,11.40999984741211,11.029999732971191,11.170000076293945,6670200
2022-10-03,10.869999885559082,11.300000190734863,10.869999885559082,11.039999961853027,5132990
2022-10-04,11.470000267028809,11.5,11.3100004196167,11.329999923706055,3001415
2022-10-05,12.34000015258789,12.34000015258789,11.710000038146973,11.710000038146973,8954000
2022-10-06,12.319999694824219,12.40999984741211,12.170000076293945,12.40999984741211,1969000
2022-10-07,11.899999618530273,12.09000015258789,11.899999618530273,12.079999923706055,2324000
2022-10-11,10.6899995803833,11.220000267028809,10.670000076293945,11.199999809265137,11216990
2022-10-12,10.25,10.619999885559082,10.180000305175781,10.550000190734863,10589990
2022-10-13,10.25,10.520000457763672,10.199999809265137,10.390000343322754,5370113
2022-10-14,10.84000015258789,10.850000381469727,10.380000114440918,10.520000457763672,6173190
2022-10-17,10.289999961853027,10.369999885559082,10.020000457763672,10.220000267028809,8898568
2022-10-18,10.630000114440918,10.770000457763672,10.3100004196167,10.6899995803833,5600020
2022-10-19,10.4399995803833,10.770000457763672,10.430000305175781,10.600000381469727,4611000
2022-10-20,10.020000457763672,10.199999809265137,9.65999984741211,10.100000381469727,16109020
2022-10-21,9.90999984741211,10.0600004196167,9.859999656677246,10.050000190734863,7251300
2022-10-24,8.880000114440918,10.170000076293945,8.880000114440918,10.170000076293945,29870910
2022-10-25,8.680000305175781,8.880000114440918,8.380000114440918,8.710000038146973,35030499
2022-10-26,8.850000381469727,9.050000190734863,8.470000267028809,8.670000076293945,13871490
2022-10-27,9.020000457763672,9.300000190734863,8.970000267028809,9.0600004196167,8203000
2022-10-28,8.350000381469727,8.920000076293945,8.329999923706055,8.920000076293945,9592910
2022-10-31,8.34000015258789,8.489999771118164,7.929999828338623,8.449999809265137,15661000
2022-11-01,8.550000190734863,8.670000076293945,8.149999618530273,8.199999809265137,14211980
2022-11-02,9.25,9.289999961853027,8.649999618530273,8.670000076293945,13928300
2022-11-03,8.8100004196167,9.020000457763672,8.65999984741211,9.020000457763672,13109202
2022-11-04,9.8100004196167,9.979999542236328,8.779999732971191,8.84000015258789,38915550
2022-11-07,10.239999771118164,10.359999656677246,9.329999923706055,9.729999542236328,28754500
2022-11-08,10.010000228881836,10.270000457763672,9.920000076293945,10.239999771118164,11856200
2022-11-09,9.760000228881836,10.270000457763672,9.680000305175781,10.100000381469727,14598430
2022-11-10,9.40999984741211,9.579999923706055,9.3100004196167,9.520000457763672,10936140
2022-11-11,10.579999923706055,10.670000076293945,10.199999809265137,10.199999809265137,21169638
2022-11-14,11.289999961853027,11.789999961853027,10.930000305175781,10.989999771118164,17508000
2022-11-15,12.069999694824219,12.09000015258789,11.119999885559082,11.3100004196167,17744800
2022-11-16,11.869999885559082,12.220000267028809,11.729999542236328,12.079999923706055,13825050
2022-11-17,11.539999961853027,11.84000015258789,11.319999694824219,11.789999961853027,11855000
2022-11-18,11.829999923706055,12.229999542236328,11.770000457763672,12.0600004196167,14158100
2022-11-21,11.220000267028809,11.649999618530273,10.930000305175781,11.649999618530273,13318990
2022-11-22,11.09000015258789,11.420000076293945,10.979999542236328,11.109999656677246,8713080
2022-11-23,11.15999984741211,11.260000228881836,10.930000305175781,11.260000228881836,10943000
2022-11-24,11.170000076293945,11.369999885559082,11.079999923706055,11.25,6183004
2022-11-25,11.010000228881836,11.270000457763672,10.920000076293945,11.239999771118164,7929000
2022-11-28,10.609999656677246,10.779999732971191,10.180000305175781,10.779999732971191,14089990
2022-11-29,11.619999885559082,11.649999618530273,10.779999732971191,10.800000190734863,25123900
2022-11-30,12.029999732971191,12.09000015258789,11.65999984741211,11.760000228881836,13814000
2022-12-01,12.65999984741211,13.130000114440918,12.529999732971191,12.8100004196167,18239848
2022-12-02,12.279999732971191,12.619999885559082,12.220000267028809,12.579999923706055,6316990
2022-12-05,13.220000267028809,13.300000190734863,12.850000381469727,12.90999984741211,14497230
2022-12-06,13.229999542236328,13.5600004196167,12.9399995803833,13.0,11789150
2022-12-07,13.739999771118164,13.829999923706055,13.279999732971191,13.350000381469727,14335990
2022-12-08,13.180000305175781,13.350000381469727,12.720000267028809,13.0600004196167,17024020
2022-12-09,13.800000190734863,13.880000114440918,13.329999923706055,13.5,14136990
2022-12-12,13.550000190734863,13.789999961853027,13.40999984741211,13.720000267028809,10200050
2022-12-13,13.569999694824219,13.770000457763672,13.329999923706055,13.5,9529000
2022-12-14,13.880000114440918,14.0,13.539999961853027,13.789999961853027,9599100
2022-12-15,13.319999694824219,13.84000015258789,13.100000381469727,13.84000015258789,14739190
2022-12-16,13.350000381469727,13.649999618530273,12.970000267028809,13.100000381469727,12000000
2022-12-19,13.300000190734863,13.829999923706055,13.180000305175781,13.460000038146973,9972020
2022-12-20,12.65999984741211,13.199999809265137,12.65999984741211,13.170000076293945,12695990
2022-12-21,12.869999885559082,13.079999923706055,12.84000015258789,12.880000114440918,5623050
2022-12-22,13.609999656677246,13.720000267028809,13.220000267028809,13.239999771118164,12129000
2022-12-23,13.489999771118164,13.630000114440918,13.149999618530273,13.25,9190050
2022-12-26,13.460000038146973,13.470000267028809,13.34000015258789,13.34000015258789,1280500
2022-12-27,13.720000267028809,13.829999923706055,13.600000381469727,13.670000076293945,3294000
2022-12-28,13.989999771118164,14.220000267028809,13.739999771118164,13.90999984741211,15571500
2022-12-29,13.619999885559082,13.739999771118164,13.430000305175781,13.680000305175781,7371067
2022-12-30,13.8100004196167,14.130000114440918,13.75,13.979999542236328,5706586
2023-01-03,14.0600004196167,14.130000114440918,13.0600004196167,13.699999809265137,18338230
2023-01-04,14.65999984741211,14.850000381469727,14.199999809265137,14.199999809265137,17929015
2023-01-05,15.399999618530273,15.920000076293945,15.329999923706055,15.470000267028809,21423104
2023-01-06,15.329999923706055,15.800000190734863,15.329999923706055,15.649999618530273,9608099
2023-01-09,15.779999732971191,16.040000915527344,15.680000305175781,15.859999656677246,12041990
2023-01-10,15.789999961853027,15.9399995803833,15.579999923706055,15.850000381469727,5536500
2023-01-11,16.229999542236328,16.229999542236328,15.850000381469727,15.989999771118164,11910400
2023-01-12,15.779999732971191,16.280000686645508,15.600000381469727,16.18000030517578,15203000
2023-01-13,15.970000267028809,16.149999618530273,15.880000114440918,16.09000015258789,5440990
2023-01-16,16.299999237060547,16.520000457763672,16.209999084472656,16.309999465942383,11100100
2023-01-17,15.869999885559082,16.309999465942383,15.84000015258789,16.149999618530273,5849200
2023-01-30,16.950000762939453,17.420000076293945,16.920000076293945,17.360000610351562,11940988
2023-01-31,16.190000534057617,16.899999618530273,16.149999618530273,16.790000915527344,9544024
2023-02-01,16.299999237060547,16.40999984741211,16.059999465942383,16.31999969482422,7117990
2023-02-02,16.5,16.739999771118164,16.40999984741211,16.639999389648438,4945600
2023-02-03,15.720000267028809,16.209999084472656,15.569999694824219,16.190000534057617,9149348
2023-02-06,15.050000190734863,15.600000381469727,15.039999961853027,15.600000381469727,9889000
2023-02-07,15.40999984741211,15.619999885559082,15.180000305175781,15.180000305175781,5976000
2023-02-08,15.329999923706055,15.569999694824219,15.1899995803833,15.399999618530273,6366315
2023-02-09,15.600000381469727,15.600000381469727,15.100000381469727,15.170000076293945,4362075
2023-02-10,15.149999618530273,15.729999542236328,15.130000114440918,15.630000114440918,6991597
2023-02-13,15.15999984741211,15.15999984741211,14.65999984741211,14.960000038146973,7271050
2023-02-14,15.109999656677246,15.430000305175781,15.039999961853027,15.279999732971191,4475274
2023-02-15,14.6899995803833,15.149999618530273,14.59000015258789,15.140000343322754,9992415
2023-02-16,15.289999961853027,15.350000381469727,14.800000190734863,14.829999923706055,7409990
2023-02-17,14.720000267028809,15.020000457763672,14.699999809265137,14.90999984741211,6204115
2023-02-20,14.739999771118164,14.8100004196167,14.40999984741211,14.470000267028809,7092990
2023-02-21,14.40999984741211,14.890000343322754,14.40999984741211,14.859999656677246,8433000
2023-02-22,14.260000228881836,14.430000305175781,14.09000015258789,14.220000267028809,7010000
2023-02-23,14.119999885559082,14.380000114440918,14.050000190734863,14.15999984741211,10408198
2023-02-24,13.649999618530273,13.970000267028809,13.600000381469727,13.899999618530273,15441961
2023-03-01,14.140000343322754,14.1899995803833,13.34000015258789,13.399999618530273,11194000
2023-03-02,14.25,14.329999923706055,14.010000228881836,14.279999732971191,8961020
2023-03-03,14.359999656677246,14.630000114440918,14.260000228881836,14.470000267028809,10322300
2023-03-06,14.460000038146973,14.510000228881836,14.079999923706055,14.470000267028809,9603000
2023-03-07,14.649999618530273,14.979999542236328,14.329999923706055,14.369999885559082,10665990
2023-03-08,13.619999885559082,14.180000305175781,13.600000381469727,14.180000305175781,20133650
2023-03-09,13.710000038146973,13.779999732971191,13.550000190734863,13.729999542236328,8961500
2023-03-10,12.800000190734863,13.239999771118164,12.800000190734863,13.239999771118164,22185965
2023-03-13,13.180000305175781,13.260000228881836,12.699999809265137,12.829999923706055,14542675
2023-03-14,12.630000114440918,13.0600004196167,12.479999542236328,12.90999984741211,14604010
2023-03-15,12.789999961853027,13.149999618530273,12.779999732971191,12.90999984741211,7637050
2023-03-16,12.5,12.710000038146973,12.350000381469727,12.609999656677246,13539505
2023-03-17,12.880000114440918,12.979999542236328,12.619999885559082,12.729999542236328,13539100
2023-03-20,12.15999984741211,12.789999961853027,12.149999618530273,12.770000457763672,18000614
2023-03-21,12.369999885559082,12.449999809265137,12.210000038146973,12.399999618530273,5780120
2023-03-22,12.899999618530273,13.119999885559082,12.609999656677246,12.609999656677246,17256099
2023-03-23,13.239999771118164,13.239999771118164,12.789999961853027,12.819999694824219,9187000
2023-03-24,13.40999984741211,13.5600004196167,13.220000267028809,13.350000381469727,12080000
2023-03-27,13.109999656677246,13.40999984741211,12.779999732971191,13.40999984741211,15505128
2023-03-28,13.039999961853027,13.130000114440918,12.850000381469727,13.039999961853027,10436038
2023-03-29,13.630000114440918,14.079999923706055,13.550000190734863,13.600000381469727,17474000
2023-03-30,13.640000343322754,13.800000190734863,13.420000076293945,13.779999732971191,7321070
2023-03-31,13.970000267028809,14.350000381469727,13.949999809265137,14.0,13138364
2023-04-06,13.670000076293945,13.890000343322754,13.460000038146973,13.779999732971191,12456270
2023-04-07,13.9399995803833,14.100000381469727,13.920000076293945,14.0,4546020
2023-04-10,14.109999656677246,14.119999885559082,13.979999542236328,14.0,2931000
2023-04-11,13.829999923706055,14.390000343322754,13.800000190734863,14.100000381469727,12883150
2023-04-12,13.789999961853027,14.09000015258789,13.779999732971191,13.989999771118164,5850095
2023-04-13,13.619999885559082,13.729999542236328,13.210000038146973,13.479999542236328,12281020
2023-04-14,13.84000015258789,14.039999961853027,13.760000228881836,13.880000114440918,6153990
2023-04-17,14.15999984741211,14.15999984741211,13.720000267028809,13.8100004196167,7590990
2023-04-18,14.1899995803833,14.350000381469727,14.079999923706055,14.239999771118164,10232210
2023-04-19,14.029999732971191,14.210000038146973,13.880000114440918,14.1899995803833,6756998
2023-04-20,13.8100004196167,13.979999542236328,13.760000228881836,13.90999984741211,7865990
2023-04-21,13.550000190734863,13.859999656677246,13.529999732971191,13.8100004196167,10047048
2023-04-24,13.149999618530273,13.539999961853027,13.130000114440918,13.390000343322754,9664434
2023-04-25,12.760000228881836,13.239999771118164,12.760000228881836,13.170000076293945,8723350
2023-04-26,13.109999656677246,13.109999656677246,12.649999618530273,12.6899995803833,5176085
2023-04-27,13.039999961853027,13.100000381469727,12.899999618530273,13.100000381469727,3227000
2023-04-28,13.300000190734863,13.569999694824219,13.220000267028809,13.229999542236328,8465770
2023-05-02,13.350000381469727,13.720000267028809,13.039999961853027,13.380000114440918,13086010
2023-05-03,12.789999961853027,13.020000457763672,12.729999542236328,13.010000228881836,12721000
2023-05-04,13.199999809265137,13.289999961853027,12.819999694824219,12.850000381469727,9881020
2023-05-05,13.420000076293945,13.579999923706055,13.260000228881836,13.260000228881836,7885370
2023-05-08,13.609999656677246,13.65999984741211,13.420000076293945,13.520000457763672,9169350
2023-05-09,13.609999656677246,13.710000038146973,13.520000457763672,13.630000114440918,3698120
2023-05-10,12.979999542236328,13.270000457763672,12.90999984741211,13.25,13091029
2023-05-11,12.890000343322754,13.1899995803833,12.859999656677246,13.079999923706055,6027009
2023-05-12,12.930000305175781,13.180000305175781,12.84000015258789,13.100000381469727,6735100
2023-05-15,13.15999984741211,13.15999984741211,12.630000114440918,12.680000305175781,7644980
2023-05-16,13.3100004196167,13.600000381469727,13.300000190734863,13.479999542236328,9703000
2023-05-17,13.039999961853027,13.300000190734863,13.039999961853027,13.220000267028809,6923199
2023-05-18,12.949999809265137,13.170000076293945,12.850000381469727,13.050000190734863,13704270
2023-05-19,12.630000114440918,12.850000381469727,12.5,12.84000015258789,18021200
2023-05-22,12.970000267028809,13.050000190734863,12.569999694824219,12.649999618530273,8611220
2023-05-23,12.800000190734863,13.069999694824219,12.760000228881836,13.039999961853027,8734000
2023-05-24,12.359999656677246,12.520000457763672,12.300000190734863,12.510000228881836,16141952
2023-05-25,11.619999885559082,12.149999618530273,11.59000015258789,12.130000114440918,27646220
2023-05-26,11.579999923706055,11.649999618530273,11.470000267028809,11.649999618530273,4781587
2023-05-29,11.600000381469727,11.90999984741211,11.600000381469727,11.800000190734863,9385490
2023-05-30,11.300000190734863,11.640000343322754,11.300000190734863,11.5,9717020
2023-05-31,10.90999984741211,11.34000015258789,10.90999984741211,11.229999542236328,16039219
2023-06-01,11.329999923706055,11.359999656677246,11.010000228881836,11.079999923706055,9466888
2023-06-02,11.84000015258789,11.890000343322754,11.4399995803833,11.449999809265137,12569120
2023-06-05,11.920000076293945,12.15999984741211,11.859999656677246,12.109999656677246,10133990
2023-06-06,12.270000457763672,12.449999809265137,12.0600004196167,12.100000381469727,13629000
2023-06-07,12.430000305175781,12.520000457763672,12.289999961853027,12.460000038146973,10124200
2023-06-08,12.350000381469727,12.399999618530273,12.149999618530273,12.300000190734863,6108000
2023-06-09,12.489999771118164,12.550000190734863,12.350000381469727,12.479999542236328,6880980
2023-06-12,12.569999694824219,12.600000381469727,12.380000114440918,12.550000190734863,7014110
2023-06-13,12.65999984741211,12.720000267028809,12.420000076293945,12.529999732971191,7062010
2023-06-14,12.619999885559082,12.899999618530273,12.619999885559082,12.729999542236328,6347050
2023-06-15,13.010000228881836,13.010000228881836,12.75,12.899999618530273,9423310
2023-06-16,13.449999809265137,13.449999809265137,13.180000305175781,13.199999809265137,16024010
2023-06-19,13.109999656677246,13.420000076293945,13.010000228881836,13.390000343322754,9410300
2023-06-20,12.869999885559082,13.260000228881836,12.850000381469727,13.199999809265137,8919108
2023-06-21,12.369999885559082,12.630000114440918,12.359999656677246,12.630000114440918,9100531
2023-06-26,11.90999984741211,12.130000114440918,11.789999961853027,11.970000267028809,9690216
2023-06-27,12.220000267028809,12.25,11.880000114440918,11.920000076293945,5530719
2023-06-28,12.239999771118164,12.380000114440918,12.140000343322754,12.329999923706055,6738000
2023-06-29,11.970000267028809,12.34000015258789,11.9399995803833,12.25,9964284
2023-06-30,12.119999885559082,12.199999809265137,11.890000343322754,11.949999809265137,7157990
2023-07-03,12.460000038146973,12.460000038146973,12.079999923706055,12.119999885559082,7798301
2023-07-04,12.579999923706055,12.680000305175781,12.359999656677246,12.399999618530273,6832100
2023-07-05,12.3100004196167,12.619999885559082,12.239999771118164,12.579999923706055,4732000
2023-07-06,11.6899995803833,12.25,11.630000114440918,12.130000114440918,16747210
2023-07-07,11.609999656677246,11.680000305175781,11.369999885559082,11.59000015258789,11080000
2023-07-10,11.579999923706055,11.979999542236328,11.579999923706055,11.829999923706055,8302500
2023-07-11,11.90999984741211,12.010000228881836,11.729999542236328,11.760000228881836,8717000
2023-07-12,12.069999694824219,12.149999618530273,11.90999984741211,11.90999984741211,4616200
2023-07-13,12.6899995803833,12.6899995803833,12.369999885559082,12.380000114440918,13584000
2023-07-14,12.6899995803833,12.90999984741211,12.680000305175781,12.850000381469727,6541000
2023-07-17,12.319999694824219,12.59000015258789,12.300000190734863,12.579999923706055,5132343
2023-07-18,12.199999809265137,12.630000114440918,12.149999618530273,12.390000343322754,8429076
2023-07-19,11.930000305175781,12.140000343322754,11.819999694824219,12.100000381469727,12805990
2023-07-20,12.229999542236328,12.470000267028809,12.069999694824219,12.09000015258789,9870000
2023-07-21,12.1899995803833,12.399999618530273,12.050000190734863,12.100000381469727,6580000
2023-07-24,11.899999618530273,12.199999809265137,11.789999961853027,12.199999809265137,7974990
2023-07-25,12.539999961853027,12.609999656677246,12.34000015258789,12.350000381469727,13632021
2023-07-26,12.550000190734863,12.710000038146973,12.510000228881836,12.600000381469727,8060000
2023-07-27,13.020000457763672,13.069999694824219,12.789999961853027,12.789999961853027,12581998
2023-07-28,13.300000190734863,13.329999923706055,12.619999885559082,12.760000228881836,13558020
2023-07-31,13.699999809265137,13.960000038146973,13.600000381469727,13.65999984741211,17082020
2023-08-01,13.529999732971191,13.970000267028809,13.449999809265137,13.829999923706055,10373245
2023-08-02,12.949999809265137,13.489999771118164,12.90999984741211,13.34000015258789,13782820
2023-08-04,13.039999961853027,13.319999694824219,12.859999656677246,13.119999885559082,13423000
2023-08-07,12.850000381469727,12.9399995803833,12.649999618530273,12.890000343322754,6970000
2023-08-08,12.489999771118164,12.8100004196167,12.369999885559082,12.800000190734863,14241290
2023-08-09,12.350000381469727,12.520000457763672,12.210000038146973,12.329999923706055,6603204
2023-08-10,12.270000457763672,12.430000305175781,12.210000038146973,12.40999984741211,6515206
2023-08-11,12.350000381469727,12.600000381469727,12.239999771118164,12.470000267028809,5774015
2023-08-14,11.710000038146973,11.960000038146973,11.609999656677246,11.960000038146973,15455000
2023-08-15,11.630000114440918,11.869999885559082,11.609999656677246,11.8100004196167,8621000
2023-08-16,11.3100004196167,11.460000038146973,11.25,11.430000305175781,12355000
2023-08-17,11.140000343322754,11.289999961853027,10.800000190734863,11.050000190734863,23569000
2023-08-18,10.920000076293945,11.300000190734863,10.880000114440918,10.989999771118164,11488364
2023-08-21,10.520000457763672,10.770000457763672,10.470000267028809,10.739999771118164,17291100
2023-08-22,10.460000038146973,10.649999618530273,10.420000076293945,10.529999732971191,10271014
2023-08-23,10.75,10.789999961853027,10.510000228881836,10.529999732971191,6937200
2023-08-24,11.149999618530273,11.170000076293945,10.8100004196167,10.890000343322754,11528000
2023-08-25,10.859999656677246,10.979999542236328,10.84000015258789,10.949999809265137,5232000
2023-08-28,11.0600004196167,11.510000228881836,11.0600004196167,11.149999618530273,12914000
2023-08-29,11.520000457763672,11.5600004196167,11.180000305175781,11.220000267028809,10742000
2023-08-30,11.569999694824219,11.800000190734863,11.550000190734863,11.729999542236328,6559240
2023-08-31,11.350000381469727,11.6899995803833,11.350000381469727,11.59000015258789,8186000
2023-09-01,11.489999771118164,11.550000190734863,11.359999656677246,11.359999656677246,3616095
2023-09-04,11.920000076293945,12.020000457763672,11.579999923706055,11.699999809265137,15742000
2023-09-05,11.640000343322754,11.90999984741211,11.5600004196167,11.869999885559082,7186520
2023-09-06,11.369999885559082,11.479999542236328,11.220000267028809,11.470000267028809,8825000
2023-09-07,11.210000038146973,11.479999542236328,11.199999809265137,11.430000305175781,5063000
2023-09-08,10.9399995803833,11.050000190734863,10.930000305175781,11.050000190734863,4624000
2023-09-11,11.050000190734863,11.069999694824219,10.789999961853027,10.859999656677246,10146000
2023-09-12,11.039999961853027,11.149999618530273,10.819999694824219,11.050000190734863,6122000
2023-09-13,10.979999542236328,11.210000038146973,10.920000076293945,11.100000381469727,6210100
2023-09-14,11.050000190734863,11.180000305175781,10.890000343322754,11.039999961853027,6831000
2023-09-15,11.3100004196167,11.420000076293945,11.020000457763672,11.140000343322754,12857000
2023-09-18,10.9399995803833,11.100000381469727,10.819999694824219,11.100000381469727,10507000
2023-09-19,10.84000015258789,10.970000267028809,10.770000457763672,10.9399995803833,9511000
2023-09-20,10.8100004196167,10.960000038146973,10.770000457763672,10.899999618530273,5520000
2023-09-21,10.520000457763672,10.800000190734863,10.510000228881836,10.800000190734863,10036000
2023-09-22,10.75,10.8100004196167,10.399999618530273,10.40999984741211,10360000
2023-09-25,10.75,11.0600004196167,10.670000076293945,10.960000038146973,6996000
2023-09-26,10.430000305175781,10.630000114440918,10.40999984741211,10.619999885559082,13296000
2023-09-27,10.4399995803833,10.5600004196167,10.3100004196167,10.399999618530273,5927000
2023-09-28,10.289999961853027,10.5,10.229999542236328,10.5,11006300
2023-10-02,10.630000114440918,10.630000114440918,10.510000228881836,10.569999694824219,3618000
2023-10-03,10.050000190734863,10.520000457763672,10.010000228881836,10.470000267028809,21153776
2023-10-04,9.930000305175781,10.130000114440918,9.899999618530273,10.050000190734863,10592440
2023-10-05,10.109999656677246,10.140000343322754,10.0,10.0,6131000
2023-10-06,10.329999923706055,10.460000038146973,10.109999656677246,10.109999656677246,11186071
2023-10-11,10.859999656677246,10.899999618530273,10.739999771118164,10.739999771118164,20764700
2023-10-12,11.210000038146973,11.279999732971191,10.979999542236328,10.979999542236328,12689511
2023-10-13,10.699999809265137,10.899999618530273,10.699999809265137,10.84000015258789,6937314
2023-10-16,10.529999732971191,10.699999809265137,10.520000457763672,10.649999618530273,5143135
2023-10-17,10.579999923706055,10.710000038146973,10.510000228881836,10.670000076293945,6354376
2023-10-18,10.569999694824219,10.680000305175781,10.4399995803833,10.59000015258789,8945001
2023-10-19,10.119999885559082,10.40999984741211,10.119999885559082,10.359999656677246,12124388
2023-10-20,9.960000038146973,10.039999961853027,9.75,10.020000457763672,12687050
2023-10-23,9.75,9.829999923706055,9.720000267028809,9.819999694824219,5090000
2023-10-24,9.729999542236328,9.850000381469727,9.569999694824219,9.789999961853027,12415603
2023-10-25,9.90999984741211,10.300000190734863,9.899999618530273,10.15999984741211,16314000
2023-10-26,9.609999656677246,9.890000343322754,9.609999656677246,9.789999961853027,10389990
2023-10-27,10.020000457763672,10.069999694824219,9.789999961853027,9.789999961853027,10384260
2023-10-30,10.069999694824219,10.149999618530273,9.930000305175781,9.930000305175781,6545000
2023-10-31,9.760000228881836,10.130000114440918,9.729999542236328,10.100000381469727,8656000
2023-11-01,9.779999732971191,9.90999984741211,9.65999984741211,9.859999656677246,9547000
2023-11-02,9.960000038146973,10.180000305175781,9.920000076293945,9.949999809265137,10332101
2023-11-03,10.359999656677246,10.390000343322754,10.100000381469727,10.130000114440918,14071060
2023-11-06,10.680000305175781,10.84000015258789,10.600000381469727,10.609999656677246,13671990
2023-11-07,10.460000038146973,10.670000076293945,10.430000305175781,10.600000381469727,6427990
2023-11-08,10.380000114440918,10.520000457763672,10.350000381469727,10.5,4940099
2023-11-09,10.270000457763672,10.390000343322754,10.1899995803833,10.369999885559082,7243000
2023-11-10,9.90999984741211,10.140000343322754,9.899999618530273,10.140000343322754,9908990
2023-11-13,9.899999618530273,10.050000190734863,9.8100004196167,10.020000457763672,7363990
2023-11-14,10.119999885559082,10.289999961853027,10.069999694824219,10.199999809265137,12033800
2023-11-15,10.699999809265137,10.699999809265137,10.479999542236328,10.479999542236328,17753400
2023-11-16,10.600000381469727,11.050000190734863,10.4399995803833,11.020000457763672,18789100
2023-11-17,10.140000343322754,10.34000015258789,10.109999656677246,10.34000015258789,12528447
2023-11-20,10.489999771118164,10.5,10.229999542236328,10.279999732971191,12635002
2023-11-21,10.6899995803833,10.8100004196167,10.640000343322754,10.640000343322754,11355317
2023-11-22,10.420000076293945,10.5,10.319999694824219,10.399999618530273,6412780
2023-11-23,10.34000015258789,10.430000305175781,10.260000228881836,10.399999618530273,6626990
2023-11-24,10.34000015258789,10.5600004196167,10.279999732971191,10.529999732971191,7044790
2023-11-27,10.079999923706055,10.369999885559082,10.0,10.300000190734863,10356990
2023-11-28,10.020000457763672,10.180000305175781,9.979999542236328,10.079999923706055,5979029
2023-11-29,9.569999694824219,10.039999961853027,9.5600004196167,10.010000228881836,25130088
2023-11-30,9.529999732971191,9.630000114440918,9.420000076293945,9.600000381469727,16498407
2023-12-01,9.449999809265137,9.609999656677246,9.390000343322754,9.609999656677246,9075350
2023-12-04,9.25,9.550000190734863,9.199999809265137,9.430000305175781,17373100
2023-12-05,8.819999694824219,9.15999984741211,8.789999961853027,9.130000114440918,27594237
2023-12-06,9.010000228881836,9.010000228881836,8.699999809265137,8.819999694824219,21546521
2023-12-07,8.6899995803833,8.880000114440918,8.579999923706055,8.850000381469727,18320180
2023-12-08,8.819999694824219,8.890000343322754,8.670000076293945,8.800000190734863,10934000
2023-12-11,8.460000038146973,8.710000038146973,8.369999885559082,8.710000038146973,19282190
2023-12-12,8.739999771118164,8.779999732971191,8.579999923706055,8.710000038146973,13086990
2023-12-13,8.600000381469727,8.770000457763672,8.600000381469727,8.770000457763672,6121095
2023-12-14,8.829999923706055,8.989999771118164,8.6899995803833,8.6899995803833,15464320
2023-12-15,9.1899995803833,9.399999618530273,8.979999542236328,8.989999771118164,22668710
2023-12-18,9.050000190734863,9.119999885559082,9.010000228881836,9.100000381469727,11418818
2023-12-19,8.979999542236328,8.989999771118164,8.8100004196167,8.960000038146973,27800122
2023-12-20,9.130000114440918,9.1899995803833,9.0600004196167,9.100000381469727,7065210
2023-12-21,9.0600004196167,9.0600004196167,8.770000457763672,8.8100004196167,38486050
2023-12-22,8.8100004196167,9.270000457763672,8.720000267028809,9.149999618530273,39510158
2023-12-25,8.880000114440918,8.890000343322754,8.829999923706055,8.84000015258789,3877384
2023-12-26,8.880000114440918,8.920000076293945,8.84000015258789,8.880000114440918,2005000
2023-12-27,8.979999542236328,9.0,8.8100004196167,8.920000076293945,11043000
2023-12-28,9.40999984741211,9.40999984741211,8.989999771118164,9.0,38131383
2023-12-29,9.319999694824219,9.460000038146973,9.3100004196167,9.40999984741211,24984552
2024-01-02,9.109999656677246,9.479999542236328,9.050000190734863,9.399999618530273,18946400
2024-01-03,8.899999618530273,8.949999809265137,8.850000381469727,8.930000305175781,12415430
2024-01-04,8.789999961853027,9.010000228881836,8.789999961853027,8.979999542236328,24353000
2024-01-05,8.850000381469727,9.039999961853027,8.739999771118164,8.819999694824219,14251225
2024-01-08,8.40999984741211,8.880000114440918,8.40999984741211,8.800000190734863,19234385
2024-01-09,8.489999771118164,8.670000076293945,8.479999542236328,8.550000190734863,10021063
2024-01-10,8.350000381469727,8.5,8.300000190734863,8.359999656677246,12812302
2024-01-11,8.680000305175781,8.699999809265137,8.34000015258789,8.359999656677246,26704230
2024-01-12,8.529999732971191,8.640000343322754,8.40999984741211,8.510000228881836,23734296
2024-01-15,8.470000267028809,8.59000015258789,8.34000015258789,8.470000267028809,23648100
2024-01-16,8.119999885559082,8.4399995803833,8.100000381469727,8.399999618530273,36884933
2024-01-17,7.570000171661377,8.039999961853027,7.570000171661377,8.020000457763672,47525526
2024-01-18,7.53000020980835,7.599999904632568,7.409999847412109,7.519999980926514,25667200
2024-01-19,7.550000190734863,7.730000019073486,7.550000190734863,7.650000095367432,20548275
2024-01-22,7.159999847412109,7.670000076293945,7.130000114440918,7.650000095367432,37144474
2024-01-23,7.579999923706055,7.639999866485596,7.199999809265137,7.269999980926514,38976590
2024-01-24,7.650000095367432,7.889999866485596,7.579999923706055,7.869999885559082,18850990
2024-01-25,8.369999885559082,8.369999885559082,7.96999979019165,8.15999984741211,43958799
2024-01-26,8.260000228881836,8.380000114440918,8.180000305175781,8.260000228881836,13214451
2024-01-29,8.199999809265137,8.399999618530273,8.180000305175781,8.3100004196167,18216509
2024-01-30,7.860000133514404,8.119999885559082,7.800000190734863,8.020000457763672,21216770
2024-01-31,7.619999885559082,7.860000133514404,7.599999904632568,7.78000020980835,22055623
2024-02-01,7.800000190734863,7.920000076293945,7.559999942779541,7.679999828338623,26355290
2024-02-02,7.730000019073486,8.029999732971191,7.699999809265137,7.800000190734863,35963065
2024-02-05,7.760000228881836,7.800000190734863,7.409999847412109,7.650000095367432,26188424
2024-02-15,8.010000228881836,8.119999885559082,7.829999923706055,7.989999771118164,19936000
2024-02-16,8.449999809265137,8.449999809265137,8.010000228881836,8.149999618530273,29832890
2024-02-19,8.220000267028809,8.5,8.199999809265137,8.5,25772447
2024-02-20,8.15999984741211,8.399999618530273,8.130000114440918,8.210000038146973,25322003
2024-02-21,8.770000457763672,8.850000381469727,8.220000267028809,8.25,49340310
2024-02-22,8.739999771118164,8.739999771118164,8.510000228881836,8.699999809265137,29661100
2024-02-23,8.800000190734863,9.0,8.699999809265137,8.789999961853027,29628294
2024-02-26,8.729999542236328,8.880000114440918,8.6899995803833,8.84000015258789,23583600
2024-02-27,8.720000267028809,8.770000457763672,8.529999732971191,8.699999809265137,22061034
2024-02-29,8.600000381469727,8.770000457763672,8.479999542236328,8.5,22782482
2024-03-01,8.59000015258789,8.699999809265137,8.210000038146973,8.539999961853027,31955990
2024-03-04,8.569999694824219,8.739999771118164,8.529999732971191,8.65999984741211,18440250
2024-03-05,8.220000267028809,8.579999923706055,8.220000267028809,8.479999542236328,40490106
2024-03-06,8.489999771118164,8.579999923706055,8.1899995803833,8.199999809265137,42770000
2024-03-07,8.40999984741211,8.59000015258789,8.390000343322754,8.5,16879500
2024-03-08,8.5,8.569999694824219,8.34000015258789,8.420000076293945,21738149
2024-03-11,8.630000114440918,8.670000076293945,8.390000343322754,8.390000343322754,20833000
2024-03-12,9.020000457763672,9.029999732971191,8.680000305175781,8.729999542236328,29496120
2024-03-13,9.25,9.260000228881836,9.09000015258789,9.130000114440918,32830990
2024-03-14,9.029999732971191,9.289999961853027,9.020000457763672,9.239999771118164,30241199
2024-03-15,8.680000305175781,8.9399995803833,8.649999618530273,8.9399995803833,40741523
2024-03-18,8.84000015258789,8.90999984741211,8.729999542236328,8.8100004196167,24971949
2024-03-19,8.65999984741211,8.8100004196167,8.600000381469727,8.779999732971191,33249188
2024-03-20,8.65999984741211,8.760000228881836,8.539999961853027,8.729999542236328,27307811
2024-03-21,8.970000267028809,9.079999923706055,8.770000457763672,8.800000190734863,33744990
2024-03-22,8.529999732971191,8.949999809265137,8.4399995803833,8.949999809265137,50065046
2024-03-25,8.609999656677246,8.710000038146973,8.529999732971191,8.529999732971191,27055423
2024-03-26,8.619999885559082,8.75,8.529999732971191,8.529999732971191,21620990
2024-03-27,8.529999732971191,8.699999809265137,8.489999771118164,8.65999984741211,27880122
2024-03-28,8.770000457763672,8.8100004196167,8.470000267028809,8.600000381469727,39072801
2024-03-29,8.6899995803833,8.720000267028809,8.680000305175781,8.720000267028809,3094000
2024-04-01,8.899999618530273,8.899999618530273,8.710000038146973,8.710000038146973,11173481
2024-04-02,9.020000457763672,9.130000114440918,8.880000114440918,8.949999809265137,35777653
2024-04-03,8.899999618530273,9.09000015258789,8.84000015258789,9.09000015258789,19486321
2024-04-08,8.850000381469727,9.010000228881836,8.699999809265137,8.880000114440918,31812315
2024-04-09,8.949999809265137,9.119999885559082,8.890000343322754,8.890000343322754,33056336
2024-04-10,9.260000228881836,9.279999732971191,9.010000228881836,9.020000457763672,43817356
2024-04-11,9.1899995803833,9.1899995803833,8.890000343322754,9.029999732971191,39940911
2024-04-12,8.930000305175781,9.15999984741211,8.880000114440918,9.149999618530273,36272070
2024-04-15,8.699999809265137,8.739999771118164,8.529999732971191,8.609999656677246,33914490
2024-04-16,8.430000305175781,8.579999923706055,8.369999885559082,8.579999923706055,42248286
2024-04-17,8.289999961853027,8.4399995803833,8.270000457763672,8.380000114440918,33651201
2024-04-18,8.5,8.600000381469727,8.300000190734863,8.300000190734863,28215990
2024-04-19,8.260000228881836,8.430000305175781,8.140000343322754,8.40999984741211,37732180
2024-04-22,8.619999885559082,8.720000267028809,8.359999656677246,8.390000343322754,39199050
2024-04-23,8.90999984741211,8.90999984741211,8.710000038146973,8.779999732971191,26860192
2024-04-24,9.260000228881836,9.289999961853027,8.989999771118164,9.0,40264100
2024-04-25,9.399999618530273,9.59000015258789,9.210000038146973,9.300000190734863,44824033
2024-04-26,9.890000343322754,9.890000343322754,9.4399995803833,9.4399995803833,33071469
2024-04-29,10.050000190734863,10.270000457763672,9.819999694824219,9.850000381469727,66288350
2024-04-30,9.930000305175781,10.119999885559082,9.930000305175781,10.0,25452680
2024-05-02,10.449999809265137,10.449999809265137,9.829999923706055,9.880000114440918,33994897
2024-05-03,10.670000076293945,10.90999984741211,10.609999656677246,10.84000015258789,33242924
2024-05-06,10.710000038146973,10.90999984741211,10.640000343322754,10.899999618530273,20300589
2024-05-07,10.6899995803833,10.90999984741211,10.609999656677246,10.84000015258789,58375462
2024-05-08,10.609999656677246,10.869999885559082,10.609999656677246,10.6899995803833,25814132
2024-05-09,10.819999694824219,10.869999885559082,10.550000190734863,10.600000381469727,26620500
2024-05-10,11.4399995803833,11.4399995803833,11.010000228881836,11.020000457763672,71800888
2024-05-13,11.579999923706055,11.579999923706055,11.210000038146973,11.430000305175781,34973985
2024-05-14,11.579999923706055,11.789999961853027,11.520000457763672,11.680000305175781,30160966
2024-05-15,11.510000228881836,11.579999923706055,11.489999771118164,11.550000190734863,10833700
2024-05-16,11.899999618530273,11.899999618530273,11.520000457763672,11.640000343322754,34287588
2024-05-17,11.880000114440918,12.079999923706055,11.789999961853027,12.029999732971191,42280309
2024-05-20,12.199999809265137,12.229999542236328,12.09000015258789,12.149999618530273,27509793
2024-05-21,11.75,12.079999923706055,11.640000343322754,12.010000228881836,40851438
2024-05-22,11.699999809265137,11.819999694824219,11.579999923706055,11.640000343322754,29046000
2024-05-23,11.1899995803833,11.569999694824219,11.140000343322754,11.5600004196167,41029000
2024-05-24,10.890000343322754,11.210000038146973,10.859999656677246,10.90999984741211,43010735
2024-05-27,11.020000457763672,11.079999923706055,10.779999732971191,10.90999984741211,32448990
2024-05-28,11.170000076293945,11.329999923706055,11.0600004196167,11.140000343322754,35670270
2024-05-29,10.8100004196167,11.050000190734863,10.800000190734863,11.039999961853027,34648610
2024-05-30,10.420000076293945,10.8100004196167,10.40999984741211,10.5600004196167,45959998
2024-05-31,10.550000190734863,10.819999694824219,10.550000190734863,10.630000114440918,21272119
2024-06-03,10.770000457763672,10.8100004196167,10.449999809265137,10.460000038146973,27435000
2024-06-04,10.699999809265137,10.779999732971191,10.5,10.630000114440918,32479602
2024-06-05,10.75,11.0,10.710000038146973,10.760000228881836,39168500
2024-06-06,10.680000305175781,10.989999771118164,10.680000305175781,10.829999923706055,27104999
2024-06-07,10.550000190734863,10.880000114440918,10.550000190734863,10.779999732971191,62618360
2024-06-11,10.199999809265137,10.5,10.15999984741211,10.5,41547729
2024-06-12,10.140000343322754,10.300000190734863,10.050000190734863,10.300000190734863,28455128
2024-06-13,10.210000038146973,10.40999984741211,10.180000305175781,10.279999732971191,27026990
2024-06-14,10.229999542236328,10.34000015258789,10.149999618530273,10.149999618530273,15049316
2024-06-17,10.220000267028809,10.380000114440918,9.9399995803833,10.109999656677246,43468387
2024-06-18,10.149999618530273,10.3100004196167,10.109999656677246,10.289999961853027,24689002
2024-06-19,10.630000114440918,10.630000114440918,10.199999809265137,10.25,31643868
2024-06-20,10.59000015258789,10.829999923706055,10.59000015258789,10.729999542236328,26204214
2024-06-21,10.239999771118164,10.479999542236328,10.199999809265137,10.470000267028809,34500990
2024-06-24,10.079999923706055,10.229999542236328,10.010000228881836,10.199999809265137,23729351
2024-06-25,10.40999984741211,10.489999771118164,10.300000190734863,10.3100004196167,28013880
2024-06-26,10.319999694824219,10.390000343322754,10.149999618530273,10.239999771118164,21813990
2024-06-27,9.890000343322754,10.239999771118164,9.890000343322754,10.220000267028809,49686015
2024-06-28,10.020000457763672,10.109999656677246,9.75,9.850000381469727,32167000
2024-07-01,9.899999618530273,9.970000267028809,9.869999885559082,9.9399995803833,5649725
2024-07-02,10.010000228881836,10.239999771118164,9.859999656677246,9.979999542236328,28464700
2024-07-03,10.199999809265137,10.3100004196167,10.0600004196167,10.079999923706055,28504150
2024-07-04,10.270000457763672,10.5,10.270000457763672,10.380000114440918,27717990
2024-07-05,10.100000381469727,10.430000305175781,10.100000381469727,10.390000343322754,23989340
2024-07-08,9.84000015258789,10.079999923706055,9.819999694824219,10.010000228881836,36505706
2024-07-09,9.829999923706055,9.90999984741211,9.699999809265137,9.880000114440918,23523990
2024-07-10,9.850000381469727,10.140000343322754,9.850000381469727,9.989999771118164,28602769
2024-07-11,10.130000114440918,10.15999984741211,9.9399995803833,9.960000038146973,38091060
2024-07-12,10.6899995803833,10.6899995803833,10.270000457763672,10.279999732971191,37142461
2024-07-15,10.489999771118164,10.729999542236328,10.420000076293945,10.729999542236328,26236375
2024-07-16,10.130000114440918,10.3100004196167,10.119999885559082,10.300000190734863,27534737
2024-07-17,10.069999694824219,10.229999542236328,10.039999961853027,10.229999542236328,21337990
2024-07-18,10.1899995803833,10.229999542236328,10.0,10.020000457763672,24385100
2024-07-19,9.710000038146973,10.0,9.710000038146973,10.0,52057274
2024-07-22,9.84000015258789,9.949999809265137,9.609999656677246,9.800000190734863,24160790
2024-07-23,9.899999618530273,10.069999694824219,9.890000343322754,10.050000190734863,17551100
2024-07-26,9.300000190734863,9.510000228881836,9.1899995803833,9.40999984741211,36111222
2024-07-29,9.630000114440918,9.649999618530273,9.399999618530273,9.420000076293945,25648116
2024-07-30,9.270000457763672,9.479999542236328,9.25,9.470000267028809,23717350
2024-07-31,9.649999618530273,9.65999984741211,9.279999732971191,9.300000190734863,20360811
2024-08-01,9.600000381469727,9.6899995803833,9.520000457763672,9.6899995803833,15132281
2024-08-02,9.119999885559082,9.319999694824219,9.119999885559082,9.279999732971191,35575537
2024-08-05,8.859999656677246,9.15999984741211,8.800000190734863,9.050000190734863,42266534
2024-08-06,8.850000381469727,9.180000305175781,8.84000015258789,9.09000015258789,30886213
2024-08-07,9.180000305175781,9.1899995803833,8.859999656677246,8.890000343322754,19233307
2024-08-08,9.220000267028809,9.229999542236328,8.850000381469727,8.949999809265137,30962200
2024-08-09,9.300000190734863,9.4399995803833,9.25,9.359999656677246,24394000
2024-08-12,9.289999961853027,9.34000015258789,9.180000305175781,9.279999732971191,11215000
2024-08-13,9.300000190734863,9.4399995803833,9.25,9.350000381469727,12045000
2024-08-14,9.25,9.460000038146973,9.229999542236328,9.430000305175781,13141210
2024-08-15,9.300000190734863,9.489999771118164,9.079999923706055,9.199999809265137,24847000
2024-08-16,9.65999984741211,9.65999984741211,9.430000305175781,9.460000038146973,31846380
2024-08-19,9.760000228881836,9.920000076293945,9.760000228881836,9.760000228881836,20557611
2024-08-20,9.680000305175781,9.989999771118164,9.670000076293945,9.970000267028809,25370212
2024-08-21,9.529999732971191,9.59000015258789,9.40999984741211,9.5600004196167,25149210
2024-08-22,9.65999984741211,9.720000267028809,9.569999694824219,9.649999618530273,14174000
2024-08-23,9.800000190734863,9.819999694824219,9.649999618530273,9.65999984741211,8965608
2024-08-26,9.920000076293945,10.020000457763672,9.880000114440918,9.899999618530273,12879990
2024-08-27,10.0,10.010000228881836,9.800000190734863,9.84000015258789,13066109
2024-08-28,9.850000381469727,10.09000015258789,9.84000015258789,10.039999961853027,14555439
2024-08-29,9.819999694824219,9.859999656677246,9.649999618530273,9.8100004196167,15956090
2024-08-30,10.350000381469727,10.380000114440918,9.899999618530273,9.920000076293945,23830294
2024-09-02,9.890000343322754,10.140000343322754,9.84000015258789,10.100000381469727,29368649
2024-09-03,9.789999961853027,9.930000305175781,9.760000228881836,9.899999618530273,24936800
2024-09-04,9.59000015258789,9.729999542236328,9.510000228881836,9.600000381469727,24441265
2024-09-05,9.539999961853027,9.760000228881836,9.510000228881836,9.649999618530273,12837200
2024-09-06,9.539999961853027,9.640000343322754,9.510000228881836,9.609999656677246,5629000
2024-09-09,9.279999732971191,9.479999542236328,9.25,9.470000267028809,18006447
2024-09-10,9.430000305175781,9.470000267028809,9.300000190734863,9.359999656677246,13936216
2024-09-11,9.130000114440918,9.319999694824219,9.119999885559082,9.289999961853027,17136144
2024-09-12,9.539999961853027,9.550000190734863,9.3100004196167,9.34000015258789,13181529
2024-09-13,9.640000343322754,9.770000457763672,9.460000038146973,9.529999732971191,9919200
2024-09-16,9.5600004196167,9.569999694824219,9.34000015258789,9.529999732971191,10178200
2024-09-18,9.6899995803833,9.84000015258789,9.6899995803833,9.84000015258789,9339000
2024-09-19,10.220000267028809,10.289999961853027,9.789999961853027,9.880000114440918,25016510
2024-09-20,10.470000267028809,10.640000343322754,10.270000457763672,10.390000343322754,32877099
2024-09-23,10.640000343322754,10.75,10.470000267028809,10.5,18893500
2024-09-24,11.300000190734863,11.369999885559082,10.699999809265137,10.739999771118164,34678200
2024-09-25,11.75,12.289999961853027,11.720000267028809,12.199999809265137,50322625
2024-09-26,12.220000267028809,12.220000267028809,11.569999694824219,11.760000228881836,36324179
2024-09-27,13.039999961853027,13.420000076293945,12.84000015258789,12.880000114440918,69156636
2024-09-30,14.180000305175781,14.239999771118164,13.489999771118164,13.539999961853027,69814002
2024-10-01,13.380000114440918,13.739999771118164,13.220000267028809,13.600000381469727,34293390
2024-10-04,15.949999809265137,15.970000267028809,14.829999923706055,14.920000076293945,79155150
2024-10-07,16.579999923706055,16.920000076293945,16.09000015258789,16.110000610351562,70814382
2024-10-08,14.319999694824219,17.200000762939453,13.359999656677246,17.0,146690889
2024-10-09,13.739999771118164,14.170000076293945,12.609999656677246,14.050000190734863,95212733
2024-10-11,13.550000190734863,13.9399995803833,13.529999732971191,13.720000267028809,22138410
2024-10-14,14.020000457763672,14.029999732971191,13.220000267028809,13.670000076293945,50935204
2024-10-15,13.100000381469727,13.819999694824219,13.100000381469727,13.819999694824219,36682246
2024-10-16,12.899999618530273,13.020000457763672,12.40999984741211,12.539999961853027,32732367
2024-10-17,12.819999694824219,13.300000190734863,12.779999732971191,12.9399995803833,31015990
2024-10-18,12.890000343322754,13.029999732971191,12.300000190734863,12.359999656677246,32205990
2024-10-21,12.949999809265137,13.489999771118164,12.949999809265137,13.489999771118164,41889757
2024-10-22,12.880000114440918,13.029999732971191,12.65999984741211,12.800000190734863,27710488
2024-10-23,13.289999961853027,13.399999618530273,12.819999694824219,13.0,26503607
2024-10-24,12.800000190734863,13.079999923706055,12.800000190734863,12.989999771118164,25857199
2024-10-25,13.130000114440918,13.1899995803833,12.75,12.800000190734863,17096825
2024-10-28,12.949999809265137,13.029999732971191,12.75,12.949999809265137,23662222
2024-10-29,13.010000228881836,13.319999694824219,12.920000076293945,13.100000381469727,29269377
2024-10-30,12.59000015258789,13.170000076293945,12.539999961853027,13.170000076293945,26293990
2024-11-01,12.800000190734863,12.960000038146973,12.609999656677246,12.680000305175781,15420005
2024-11-04,12.6899995803833,12.890000343322754,12.670000076293945,12.770000457763672,7214990
2024-11-05,13.180000305175781,13.229999542236328,12.600000381469727,12.819999694824219,29804900
2024-11-06,12.640000343322754,13.329999923706055,12.609999656677246,13.329999923706055,41259249
2024-11-07,13.100000381469727,13.239999771118164,12.65999984741211,12.75,28221890
2024-11-08,13.270000457763672,13.850000381469727,13.029999732971191,13.800000190734863,38754011
2024-11-11,12.670000076293945,12.720000267028809,12.390000343322754,12.65999984741211,44484861
2024-11-12,12.0600004196167,12.880000114440918,12.0600004196167,12.640000343322754,41450200
2024-11-13,11.760000228881836,11.920000076293945,11.6899995803833,11.819999694824219,35460105
2024-11-14,11.649999618530273,12.020000457763672,11.609999656677246,11.789999961853027,28161900
2024-11-15,11.65999984741211,11.729999542236328,11.4399995803833,11.539999961853027,22909225
2024-11-18,11.6899995803833,11.899999618530273,11.529999732971191,11.5600004196167,26870443
2024-11-19,11.6899995803833,11.90999984741211,11.670000076293945,11.890000343322754,15752990
2024-11-20,11.819999694824219,11.819999694824219,11.819999694824219,11.819999694824219,40830
2024-11-21,11.8100004196167,11.920000076293945,11.739999771118164,11.770000457763672,9861000
2024-11-22,11.350000381469727,11.859999656677246,11.3100004196167,11.739999771118164,21254068
2024-11-25,11.180000305175781,11.430000305175781,11.130000114440918,11.300000190734863,17691252
2024-11-26,11.239999771118164,11.329999923706055,10.970000267028809,11.180000305175781,16612114
2024-11-27,11.270000457763672,11.34000015258789,11.09000015258789,11.220000267028809,19406990
2024-11-28,11.399999618530273,11.729999542236328,11.34000015258789,11.720000267028809,22065150
2024-11-29,11.569999694824219,11.739999771118164,11.350000381469727,11.4399995803833,14478150
2024-12-02,11.529999732971191,11.770000457763672,11.460000038146973,11.710000038146973,21362330
2024-12-03,11.6899995803833,11.75,11.470000267028809,11.680000305175781,17725894
2024-12-04,11.899999618530273,11.930000305175781,11.6899995803833,11.829999923706055,12587259
2024-12-05,11.539999961853027,11.729999542236328,11.5,11.699999809265137,23249246
2024-12-06,11.930000305175781,12.029999732971191,11.619999885559082,11.649999618530273,16048826
2024-12-09,11.829999923706055,12.079999923706055,11.779999732971191,11.899999618530273,15078790
2024-12-10,12.850000381469727,13.550000190734863,12.8100004196167,13.380000114440918,57269403
2024-12-11,12.489999771118164,12.770000457763672,12.470000267028809,12.649999618530273,17327521
2024-12-12,12.670000076293945,12.789999961853027,12.319999694824219,12.479999542236328,22964990
2024-12-13,12.130000114440918,12.4399995803833,12.119999885559082,12.430000305175781,25470438
2024-12-16,11.890000343322754,12.1899995803833,11.890000343322754,12.029999732971191,10130503
2024-12-17,11.9399995803833,11.9399995803833,11.670000076293945,11.829999923706055,21742890
2024-12-18,12.039999961853027,12.079999923706055,11.90999984741211,11.90999984741211,8273000
2024-12-19,11.829999923706055,11.850000381469727,11.640000343322754,11.729999542236328,13285990
2024-12-20,11.8100004196167,12.010000228881836,11.699999809265137,11.8100004196167,8222800
2024-12-23,11.960000038146973,12.029999732971191,11.850000381469727,11.979999542236328,14687710
2024-12-24,12.319999694824219,12.319999694824219,12.020000457763672,12.020000457763672,14421380
2024-12-25,12.359999656677246,12.449999809265137,12.329999923706055,12.359999656677246,4783243
2024-12-26,12.3100004196167,12.430000305175781,12.289999961853027,12.399999618530273,2836000
2024-12-27,12.300000190734863,12.399999618530273,12.149999618530273,12.359999656677246,9618814
2024-12-30,12.140000343322754,12.350000381469727,12.09000015258789,12.279999732971191,10696332
2024-12-31,12.170000076293945,12.289999961853027,12.0,12.109999656677246,9947715
2025-01-02,11.789999961853027,12.170000076293945,11.59000015258789,12.0600004196167,25740200
2025-01-03,11.789999961853027,12.0,11.65999984741211,11.670000076293945,13700255
2025-01-06,11.739999771118164,11.989999771118164,11.729999542236328,11.930000305175781,10346358
2025-01-07,11.25,11.760000228881836,11.1899995803833,11.760000228881836,28427011
2025-01-08,11.149999618530273,11.479999542236328,11.079999923706055,11.399999618530273,16109258
2025-01-09,11.260000228881836,11.399999618530273,11.229999542236328,11.25,6792900
2025-01-10,11.109999656677246,11.359999656677246,11.069999694824219,11.300000190734863,10254100
2025-01-13,10.770000457763672,10.9399995803833,10.59000015258789,10.9399995803833,25413046
2025-01-14,11.170000076293945,11.210000038146973,10.850000381469727,10.850000381469727,7796527
2025-01-15,11.220000267028809,11.3100004196167,11.130000114440918,11.260000228881836,8578005
2025-01-16,11.380000114440918,11.720000267028809,11.350000381469727,11.430000305175781,13270671
2025-01-17,11.609999656677246,11.670000076293945,11.40999984741211,11.420000076293945,5713000
2025-01-20,12.170000076293945,12.1899995803833,11.829999923706055,11.850000381469727,15977370
2025-01-21,12.199999809265137,12.3100004196167,11.979999542236328,12.289999961853027,13519000
2025-01-22,11.760000228881836,12.109999656677246,11.75,12.010000228881836,11271050
2025-02-03,12.15999984741211,12.329999923706055,11.770000457763672,12.0,20446806
2025-02-04,12.739999771118164,13.170000076293945,12.449999809265137,12.550000190734863,31449431
2025-02-05,12.739999771118164,13.15999984741211,12.569999694824219,13.100000381469727,16149000
2025-02-06,12.890000343322754,13.0,12.680000305175781,12.800000190734863,10209985
2025-02-07,13.40999984741211,13.520000457763672,13.0,13.050000190734863,21823254
2025-02-10,13.859999656677246,13.890000343322754,13.359999656677246,13.359999656677246,20700226
2025-02-11,13.760000228881836,14.09000015258789,13.619999885559082,13.920000076293945,16477002
2025-02-12,14.050000190734863,14.220000267028809,13.770000457763672,13.880000114440918,21774500
2025-02-13,14.9399995803833,14.9399995803833,14.420000076293945,14.489999771118164,30611500
2025-02-14,14.970000267028809,15.0,14.399999618530273,14.449999809265137,26929000
2025-02-17,15.130000114440918,15.729999542236328,15.029999732971191,15.149999618530273,37946889
2025-02-18,15.890000343322754,15.989999771118164,15.25,15.260000228881836,29578015
2025-02-19,15.640000343322754,15.760000228881836,15.3100004196167,15.619999885559082,17424031
2025-02-20,15.430000305175781,15.579999923706055,15.029999732971191,15.529999732971191,23686010
2025-02-21,16.239999771118164,16.239999771118164,15.670000076293945,15.789999961853027,27419062
2025-02-24,16.149999618530273,16.690000534057617,16.06999969482422,16.299999237060547,31708510
2025-02-25,16.040000915527344,16.079999923706055,15.390000343322754,15.550000190734863,20031253
2025-02-26,16.84000015258789,16.84000015258789,15.920000076293945,16.020000457763672,22641400
2025-02-27,16.510000228881836,17.190000534057617,16.360000610351562,16.700000762939453,33202407
2025-03-03,16.020000457763672,16.260000228881836,15.760000228881836,15.760000228881836,25884983
2025-03-04,15.579999923706055,15.760000228881836,15.100000381469727,15.579999923706055,34218176
2025-03-05,16.139999389648438,16.3799991607666,15.75,15.75,25178020
2025-03-06,17.5,17.579999923706055,16.81999969482422,16.81999969482422,43275622
2025-03-07,17.989999771118164,18.100000381469727,17.219999313354492,17.360000610351562,32424773
2025-03-10,16.6299991607666,17.559999465942383,16.610000610351562,17.31999969482422,43182865
2025-03-11,16.6200008392334,16.760000228881836,15.989999771118164,16.0,29452189
2025-03-12,16.729999542236328,17.06999969482422,16.59000015258789,16.90999984741211,21917000
2025-03-13,16.15999984741211,16.75,16.1200008392334,16.68000030517578,23357710
2025-03-14,17.040000915527344,17.309999465942383,16.459999084472656,16.75,26552152
2025-03-17,17.459999084472656,17.68000030517578,17.290000915527344,17.40999984741211,22569872
2025-03-18,18.149999618530273,18.229999542236328,17.899999618530273,18.079999923706055,20797070
2025-03-19,18.389999389648438,18.440000534057617,18.059999465942383,18.15999984741211,18591250
2025-03-20,17.850000381469727,18.280000686645508,17.709999084472656,18.280000686645508,23661240
2025-03-21,16.719999313354492,17.479999542236328,16.709999084472656,17.31999969482422,36844019
2025-03-24,16.639999389648438,16.809999465942383,16.510000228881836,16.709999084472656,13321100
2025-03-25,16.360000610351562,16.790000915527344,16.209999084472656,16.760000228881836,30329162
2025-03-26,16.290000915527344,16.56999969482422,16.25,16.389999389648438,9512635
2025-03-27,16.68000030517578,16.979999542236328,16.329999923706055,16.3799991607666,19865300
2025-03-28,16.1200008392334,16.8799991607666,16.1200008392334,16.850000381469727,14846920
2025-03-31,15.850000381469727,16.299999237060547,15.760000228881836,15.979999542236328,20466231
2025-04-01,16.040000915527344,16.3700008392334,15.949999809265137,16.079999923706055,12302150
2025-04-02,16.010000228881836,16.239999771118164,15.680000305175781,16.030000686645508,15611250
2025-04-07,12.0,13.029999732971191,11.819999694824219,12.960000038146973,58028028
2025-04-08,11.300000190734863,11.949999809265137,11.300000190734863,11.619999885559082,41543823
2025-04-09,11.149999618530273,11.4399995803833,10.510000228881836,10.640000343322754,37254004
2025-04-10,12.399999618530273,12.8100004196167,12.010000228881836,12.220000267028809,35384100
2025-04-11,12.550000190734863,12.550000190734863,11.859999656677246,11.970000267028809,25041251
2025-04-14,12.850000381469727,13.069999694824219,12.710000038146973,12.75,27776604
2025-04-15,12.970000267028809,13.149999618530273,12.890000343322754,13.100000381469727,17163500
2025-04-16,12.300000190734863,12.90999984741211,12.300000190734863,12.899999618530273,24376390
2025-04-17,12.859999656677246,12.960000038146973,12.5,12.529999732971191,16470040
2025-04-18,12.890000343322754,12.920000076293945,12.75,12.869999885559082,5260000
2025-04-21,12.829999923706055,12.930000305175781,12.819999694824219,12.920000076293945,5079000
2025-04-22,13.039999961853027,13.039999961853027,12.579999923706055,12.800000190734863,18170990
2025-04-23,13.75,13.869999885559082,13.510000228881836,13.59000015258789,24781300
2025-04-24,13.449999809265137,13.859999656677246,13.329999923706055,13.829999923706055,14417000
2025-04-25,13.84000015258789,14.010000228881836,13.710000038146973,13.880000114440918,17573700
2025-04-28,13.670000076293945,13.8100004196167,13.460000038146973,13.739999771118164,14031570
2025-04-29,13.539999961853027,13.829999923706055,13.520000457763672,13.670000076293945,9572180
2025-04-30,13.5,13.600000381469727,13.319999694824219,13.59000015258789,15535990
2025-05-02,13.819999694824219,13.930000305175781,13.5,13.630000114440918,20469500
2025-05-05,13.300000190734863,13.890000343322754,13.239999771118164,13.829999923706055,7872300
2025-05-06,13.5600004196167,13.789999961853027,13.279999732971191,13.789999961853027,19785000
2025-05-07,13.75,14.289999961853027,13.6899995803833,13.979999542236328,27062574
2025-05-08,13.789999961853027,13.960000038146973,13.5,13.5600004196167,14268000
2025-05-09,13.670000076293945,13.869999885559082,13.600000381469727,13.829999923706055,13320009
2025-05-12,14.109999656677246,14.239999771118164,13.9399995803833,14.020000457763672,21729003
2025-05-13,14.170000076293945,14.579999923706055,14.119999885559082,14.550000190734863,20482000
2025-05-14,14.510000228881836,14.529999732971191,14.270000457763672,14.329999923706055,15748537
2025-05-15,14.420000076293945,14.710000038146973,14.40999984741211,14.619999885559082,12627000
2025-05-16,14.25,14.279999732971191,14.079999923706055,14.220000267028809,12634399
2025-05-19,14.180000305175781,14.220000267028809,13.930000305175781,14.119999885559082,16837168
2025-05-20,14.600000381469727,14.649999618530273,14.260000228881836,14.350000381469727,12902002
2025-05-21,14.920000076293945,14.9399995803833,14.65999984741211,14.680000305175781,10716169
2025-05-22,14.510000228881836,14.729999542236328,14.470000267028809,14.729999542236328,11503401
2025-05-23,14.640000343322754,14.649999618530273,14.390000343322754,14.5,7560790
2025-05-26,14.039999961853027,14.550000190734863,14.039999961853027,14.550000190734863,19263121
2025-05-27,13.970000267028809,14.130000114440918,13.899999618530273,14.039999961853027,10859100
2025-05-28,14.039999961853027,14.289999961853027,14.0,14.100000381469727,9136000
2025-05-29,14.390000343322754,14.399999618530273,14.020000457763672,14.09000015258789,10977000
2025-06-02,13.529999732971191,13.90999984741211,13.319999694824219,13.899999618530273,17578546
2025-06-03,14.229999542236328,14.350000381469727,13.920000076293945,13.960000038146973,16281990
2025-06-04,14.529999732971191,14.600000381469727,14.3100004196167,14.359999656677246,10645300
2025-06-05,14.649999618530273,14.800000190734863,14.569999694824219,14.630000114440918,10402000
2025-06-06,14.710000038146973,14.890000343322754,14.680000305175781,14.84000015258789,10657439
2025-06-09,15.020000457763672,15.1899995803833,14.850000381469727,14.880000114440918,16063600
2025-06-10,15.029999732971191,15.329999923706055,15.020000457763672,15.220000267028809,8459765
2025-06-11,15.520000457763672,15.550000190734863,15.239999771118164,15.25,9025500
2025-06-12,15.100000381469727,15.399999618530273,15.100000381469727,15.399999618530273,8751270
2025-06-13,14.649999618530273,15.050000190734863,14.619999885559082,15.050000190734863,13067000
2025-06-16,14.779999732971191,14.789999961853027,14.5600004196167,14.710000038146973,5850838
2025-06-17,14.829999923706055,15.0,14.779999732971191,14.90999984741211,5528070
2025-06-18,14.489999771118164,14.789999961853027,14.4399995803833,14.729999542236328,11040001
2025-06-19,14.020000457763672,14.449999809265137,13.949999809265137,14.40999984741211,13461133
2025-06-20,14.229999542236328,14.289999961853027,13.960000038146973,13.989999771118164,7891000
2025-06-23,14.430000305175781,14.470000267028809,14.0,14.039999961853027,7865990
2025-06-24,15.020000457763672,15.100000381469727,14.619999885559082,14.619999885559082,13292000
2025-06-25,15.289999961853027,15.3100004196167,15.130000114440918,15.25,9915097
2025-06-26,15.069999694824219,15.270000457763672,15.029999732971191,15.270000457763672,12368000
2025-06-27,14.84000015258789,15.220000267028809,14.84000015258789,15.140000343322754,10746500
2025-06-30,14.960000038146973,15.020000457763672,14.779999732971191,14.920000076293945,8346000
2025-07-01,14.9399995803833,15.029999732971191,14.930000305175781,14.930000305175781,4019000
2025-07-02,14.880000114440918,15.15999984741211,14.859999656677246,14.9399995803833,7014050
2025-07-03,14.569999694824219,14.930000305175781,14.520000457763672,14.920000076293945,12632430
2025-07-04,14.649999618530273,14.65999984741211,14.220000267028809,14.59000015258789,12980060
2025-07-07,14.479999542236328,14.600000381469727,14.34000015258789,14.5,7621000
2025-07-08,14.720000267028809,14.829999923706055,14.510000228881836,14.510000228881836,5961000
2025-07-09,14.609999656677246,14.8100004196167,14.520000457763672,14.739999771118164,7552000
2025-07-10,14.699999809265137,14.710000038146973,14.520000457763672,14.529999732971191,3931400
2025-07-11,15.279999732971191,15.350000381469727,14.699999809265137,14.699999809265137,19256313
2025-07-14,14.989999771118164,14.989999771118164,14.800000190734863,14.84000015258789,11718001
2025-07-15,15.130000114440918,15.449999809265137,14.930000305175781,15.0,12246499
2025-07-16,15.5,15.850000381469727,15.479999542236328,15.489999771118164,15989500
2025-07-17,15.510000228881836,15.640000343322754,15.369999885559082,15.5600004196167,9284000
2025-07-18,15.640000343322754,15.800000190734863,15.569999694824219,15.670000076293945,6601000
2025-07-21,15.930000305175781,16.040000915527344,15.859999656677246,15.869999885559082,8605210
2025-07-22,16.15999984741211,16.170000076293945,15.920000076293945,16.049999237060547,8777246
2025-07-23,16.649999618530273,16.65999984741211,16.329999923706055,16.40999984741211,9290120
2025-07-24,16.899999618530273,16.90999984741211,16.59000015258789,16.68000030517578,9000750
2025-07-25,16.610000610351562,16.780000686645508,16.479999542236328,16.68000030517578,11080450
2025-07-28,16.709999084472656,16.8700008392334,16.56999969482422,16.639999389648438,6234000
2025-07-29,16.510000228881836,16.709999084472656,16.40999984741211,16.709999084472656,7563191
2025-07-30,16.59000015258789,16.770000457763672,16.420000076293945,16.639999389648438,7924200
2025-07-31,16.010000228881836,16.260000228881836,15.960000038146973,16.260000228881836,13377420
2025-08-01,15.729999542236328,16.100000381469727,15.729999542236328,15.899999618530273,10505352
2025-08-04,15.770000457763672,15.779999732971191,15.399999618530273,15.460000038146973,10674139
2025-08-05,15.970000267028809,16.030000686645508,15.8100004196167,15.890000343322754,5783990
2025-08-06,16.079999923706055,16.18000030517578,15.960000038146973,16.010000228881836,6279005
2025-08-07,16.229999542236328,16.280000686645508,15.960000038146973,16.170000076293945,9422000
2025-08-08,15.960000038146973,16.139999389648438,15.960000038146973,16.110000610351562,6556041
2025-08-11,16.020000457763672,16.149999618530273,15.90999984741211,16.079999923706055,5741000
2025-08-12,16.1200008392334,16.15999984741211,15.949999809265137,15.949999809265137,6082031
2025-08-13,16.84000015258789,16.84000015258789,16.40999984741211,16.40999984741211,11116540
2025-08-14,16.889999389648438,17.280000686645508,16.850000381469727,17.15999984741211,10923200
2025-08-15,16.6200008392334,16.770000457763672,16.5,16.770000457763672,10237088
2025-08-18,16.799999237060547,16.889999389648438,16.610000610351562,16.6200008392334,5769200
2025-08-19,16.65999984741211,16.700000762939453,16.469999313354492,16.700000762939453,8974001
2025-08-20,16.450000762939453,16.510000228881836,16.260000228881836,16.43000030517578,8204338
2025-08-21,16.65999984741211,16.770000457763672,16.639999389648438,16.670000076293945,8674000
2025-08-22,16.809999465942383,16.959999084472656,16.739999771118164,16.739999771118164,7752500
2025-08-25,17.600000381469727,17.75,17.329999923706055,17.389999389648438,13526837
2025-08-26,17.6200008392334,17.6299991607666,17.43000030517578,17.450000762939453,8848000
2025-08-27,17.229999542236328,17.489999771118164,17.229999542236328,17.479999542236328,8699591
2025-08-28,16.399999618530273,16.739999771118164,16.399999618530273,16.709999084472656,14176173
2025-08-29,16.790000915527344,16.989999771118164,16.700000762939453,16.760000228881836,8792200
2025-09-01,17.389999389648438,17.489999771118164,17.100000381469727,17.100000381469727,10637020
2025-09-02,17.219999313354492,17.610000610351562,17.209999084472656,17.40999984741211,10862060
2025-09-03,17.1200008392334,17.719999313354492,17.1200008392334,17.350000381469727,12425000
2025-09-04,16.770000457763672,17.350000381469727,16.690000534057617,17.18000030517578,9392500
2025-09-05,16.969999313354492,16.969999313354492,16.75,16.75,5730990
2025-09-08,17.25,17.309999465942383,17.079999923706055,17.079999923706055,5807329
2025-09-09,17.639999389648438,17.940000534057617,17.43000030517578,17.43000030517578,18484000
2025-09-10,18.25,18.25,17.850000381469727,17.850000381469727,13321420
2025-09-11,18.190000534057617,18.190000534057617,17.719999313354492,17.979999542236328,9740001
2025-09-12,18.5,18.709999084472656,18.399999618530273,18.520000457763672,6533100
2025-09-15,18.59000015258789,18.690000534057617,18.34000015258789,18.40999984741211,4571654
2025-09-16,18.399999618530273,18.700000762939453,18.31999969482422,18.670000076293945,5809576
2025-09-17,18.979999542236328,18.979999542236328,18.530000686645508,18.6299991607666,10197140
2025-09-18,18.790000915527344,19.239999771118164,18.790000915527344,18.979999542236328,9490490
2025-09-19,18.479999542236328,18.670000076293945,18.399999618530273,18.600000381469727,7367025
2025-09-22,18.299999237060547,18.579999923706055,18.219999313354492,18.579999923706055,6555027
2025-09-23,18.020000457763672,18.450000762939453,17.950000762939453,18.43000030517578,7606140
2025-09-24,18.450000762939453,18.479999542236328,17.969999313354492,18.170000076293945,7493050
2025-09-25,18.6200008392334,18.790000915527344,18.479999542236328,18.5,6825410
2025-09-26,18.459999084472656,18.530000686645508,18.229999542236328,18.479999542236328,5035136
2025-09-30,18.860000610351562,19.079999923706055,18.739999771118164,18.809999465942383,5068136
2025-10-01,18.969999313354492,19.020000457763672,18.90999984741211,18.969999313354492,2200000
2025-10-02,19.739999771118164,19.790000915527344,19.100000381469727,19.1299991607666,8652337
2025-10-03,19.3700008392334,19.729999542236328,19.309999465942383,19.729999542236328,7930660
2025-10-07,19.459999084472656,19.549999237060547,19.40999984741211,19.40999984741211,2017210
2025-10-08,19.0,19.389999389648438,18.700000762939453,19.3700008392334,13375632
2025-10-09,19.260000228881836,19.3700008392334,18.6299991607666,19.200000762939453,12967778
2025-10-13,17.43000030517578,17.8799991607666,17.139999389648438,17.670000076293945,27748000
2025-10-14,17.510000228881836,18.049999237060547,17.329999923706055,17.670000076293945,15476000
2025-10-15,17.6200008392334,17.760000228881836,17.440000534057617,17.56999969482422,7593172
2025-10-16,17.540000915527344,17.969999313354492,17.540000915527344,17.75,10023433
2025-10-17,17.170000076293945,17.719999313354492,17.1299991607666,17.600000381469727,10968546
2025-10-20,17.670000076293945,17.829999923706055,17.549999237060547,17.559999465942383,10961000
2025-10-21,18.200000762939453,18.3700008392334,18.030000686645508,18.059999465942383,10848120
2025-10-22,17.65999984741211,17.81999969482422,17.43000030517578,17.780000686645508,11604300
2025-10-23,17.559999465942383,17.739999771118164,17.399999618530273,17.459999084472656,8087990
2025-10-27,18.479999542236328,18.639999389648438,18.3700008392334,18.510000228881836,12453200
2025-10-28,18.389999389648438,18.65999984741211,18.299999237060547,18.65999984741211,6752360
2025-10-29,18.479999542236328,18.6299991607666,18.469999313354492,18.549999237060547,4001099
2025-10-30,18.309999465942383,18.770000457763672,18.100000381469727,18.6200008392334,14966100
2025-10-31,17.979999542236328,18.389999389648438,17.899999618530273,18.309999465942383,8520600
2025-11-03,18.1299991607666,18.1299991607666,17.81999969482422,17.93000030517578,4276275
2025-11-04,18.06999969482422,18.31999969482422,18.040000915527344,18.1200008392334,4346567
2025-11-05,17.780000686645508,17.84000015258789,17.260000228881836,17.559999465942383,16177250
2025-11-06,18.459999084472656,18.469999313354492,18.0,18.030000686645508,8399000
2025-11-07,18.280000686645508,18.5,18.190000534057617,18.450000762939453,5330000
2025-11-10,18.700000762939453,18.700000762939453,18.290000915527344,18.43000030517578,6860000
2025-11-11,18.690000534057617,19.010000228881836,18.639999389648438,18.809999465942383,7405100
2025-11-12,19.079999923706055,19.389999389648438,18.969999313354492,19.0,15092980
2025-11-13,19.09000015258789,19.239999771118164,19.010000228881836,19.139999389648438,6515990
2025-11-14,18.889999389648438,19.190000534057617,18.829999923706055,18.90999984741211,7715190
2025-11-17,18.420000076293945,18.709999084472656,18.40999984741211,18.670000076293945,8394301
2025-11-18,17.860000610351562,18.229999542236328,17.860000610351562,18.229999542236328,11431400
2025-11-19,17.649999618530273,18.0,17.649999618530273,17.940000534057617,9230990
2025-11-20,17.700000762939453,18.030000686645508,17.65999984741211,17.920000076293945,11642150
2025-11-21,17.209999084472656,17.389999389648438,16.920000076293945,17.31999969482422,12024564
2025-11-24,17.639999389648438,17.639999389648438,17.18000030517578,17.329999923706055,6242000
2025-11-25,17.81999969482422,18.079999923706055,17.81999969482422,17.829999923706055,6978000
2025-11-26,18.030000686645508,18.200000762939453,17.950000762939453,17.979999542236328,4380793
2025-11-27,18.139999389648438,18.139999389648438,17.75,17.93000030517578,6756150
2025-11-28,17.850000381469727,18.030000686645508,17.760000228881836,17.940000534057617,4285800
2025-12-01,17.90999984741211,18.270000457763672,17.84000015258789,18.0,5670190
2025-12-02,18.049999237060547,18.389999389648438,18.049999237060547,18.1299991607666,5694004
2025-12-03,17.799999237060547,18.100000381469727,17.799999237060547,18.09000015258789,6303351
2025-12-04,17.790000915527344,17.889999389648438,17.6200008392334,17.809999465942383,6400400
2025-12-05,17.979999542236328,18.020000457763672,17.780000686645508,17.90999984741211,4132000
2025-12-08,17.799999237060547,18.229999542236328,17.719999313354492,18.110000610351562,13539352
2025-12-09,17.299999237060547,17.760000228881836,17.299999237060547,17.729999542236328,11264110
2025-12-10,17.079999923706055,17.290000915527344,17.020000457763672,17.239999771118164,9779990
2025-12-11,17.309999465942383,17.700000762939453,17.299999237060547,17.350000381469727,6525620
2025-12-12,17.90999984741211,17.90999984741211,17.600000381469727,17.610000610351562,7953175
2025-12-15,17.559999465942383,17.739999771118164,17.549999237060547,17.68000030517578,4186720
2025-12-16,16.850000381469727,17.5,16.850000381469727,17.5,11003662
2025-12-17,17.110000610351562,17.15999984741211,16.920000076293945,16.920000076293945,4878990
2025-12-18,17.290000915527344,17.40999984741211,17.100000381469727,17.149999618530273,5439000
2025-12-19,17.68000030517578,17.68000030517578,17.459999084472656,17.520000457763672,6763150
2025-12-22,17.670000076293945,17.90999984741211,17.670000076293945,17.790000915527344,4295350
2025-12-23,17.799999237060547,17.950000762939453,17.760000228881836,17.860000610351562,5010200
2025-12-24,17.760000228881836,17.860000610351562,17.739999771118164,17.780000686645508,2861450
2025-12-26,17.899999618530273,17.950000762939453,17.719999313354492,17.719999313354492,3159700
2025-12-29,17.75,18.139999389648438,17.719999313354492,17.899999618530273,8323610
2025-12-30,17.790000915527344,17.790000915527344,17.469999313354492,17.59000015258789,3859150
2025-12-31,17.450000762939453,17.75,17.40999984741211,17.729999542236328,6048040
2026-01-02,18.34000015258789,18.3700008392334,17.389999389648438,17.440000534057617,15688000
2026-01-05,18.420000076293945,18.690000534057617,18.34000015258789,18.520000457763672,8417850
2026-01-06,19.1299991607666,19.190000534057617,18.709999084472656,18.709999084472656,15637105
2026-01-07,18.549999237060547,19.0,18.530000686645508,19.0,9375621
2026-01-08,18.229999542236328,18.510000228881836,18.170000076293945,18.510000228881836,9344695
2026-01-09,18.309999465942383,18.520000457763672,18.239999771118164,18.450000762939453,5945500
2026-01-12,18.709999084472656,18.729999542236328,18.31999969482422,18.40999984741211,7703235
2026-01-13,19.25,19.6200008392334,19.139999389648438,19.15999984741211,16990203
2026-01-14,19.290000915527344,19.549999237060547,19.200000762939453,19.200000762939453,7813150
2026-01-15,19.25,19.700000762939453,19.15999984741211,19.260000228881836,7543520
2026-01-16,19.15999984741211,19.700000762939453,19.1200008392334,19.5,6811000
2026-01-19,18.799999237060547,18.93000030517578,18.68000030517578,18.889999389648438,6877360
2026-01-20,18.799999237060547,18.920000076293945,18.5,18.920000076293945,6142001
2026-01-21,18.68000030517578,18.760000228881836,18.469999313354492,18.510000228881836,4790900
2026-01-22,18.690000534057617,19.06999969482422,18.68000030517578,18.90999984741211,4687150
2026-01-23,18.950000762939453,19.239999771118164,18.90999984741211,19.09000015258789,5389150
2026-01-26,18.84000015258789,19.149999618530273,18.770000457763672,18.959999084472656,3456280
2026-01-27,19.329999923706055,19.510000228881836,19.030000686645508,19.079999923706055,9207210
2026-01-28,20.25,20.270000457763672,19.489999771118164,19.489999771118164,12513017
2026-01-29,20.559999465942383,20.559999465942383,19.920000076293945,20.079999923706055,6792030
2026-01-30,19.90999984741211,20.43000030517578,19.81999969482422,20.389999389648438,5422001
2026-02-02,18.780000686645508,19.700000762939453,18.780000686645508,19.700000762939453,12257845
2026-02-03,18.959999084472656,19.3700008392334,18.440000534057617,19.149999618530273,8701000
2026-02-04,18.950000762939453,19.040000915527344,18.670000076293945,18.739999771118164,5482750
2026-02-05,18.610000610351562,18.84000015258789,18.420000076293945,18.709999084472656,9481996
2026-02-06,18.639999389648438,18.639999389648438,18.270000457763672,18.459999084472656,4750150
2026-02-09,19.190000534057617,19.420000076293945,19.059999465942383,19.200000762939453,5356000
2026-02-10,19.420000076293945,19.709999084472656,19.3700008392334,19.389999389648438,7835600
2026-02-11,19.510000228881836,19.56999969482422,19.329999923706055,19.469999313354492,3792000
2026-02-23,19.079999923706055,19.350000381469727,18.81999969482422,18.899999618530273,6965980
2026-02-24,18.3799991607666,18.989999771118164,18.34000015258789,18.989999771118164,12333969
2026-02-25,18.700000762939453,18.770000457763672,18.510000228881836,18.649999618530273,6122008
2026-02-26,18.3799991607666,19.079999923706055,18.3700008392334,18.81999969482422,5112397
2026-03-02,17.920000076293945,18.200000762939453,17.489999771118164,18.09000015258789,11265510
2026-03-03,17.739999771118164,17.989999771118164,17.56999969482422,17.93000030517578,5508000
2026-03-04,16.389999389648438,17.200000762939453,16.389999389648438,17.18000030517578,12351811
2026-03-05,17.040000915527344,17.350000381469727,17.0,17.100000381469727,6044241
2026-03-06,17.31999969482422,17.420000076293945,16.760000228881836,16.790000915527344,3958460
2026-03-09,16.770000457763672,16.780000686645508,16.270000457763672,16.549999237060547,6998990
2026-03-10,17.549999237060547,17.56999969482422,17.1200008392334,17.1200008392334,4008000
2026-03-11,17.65999984741211,17.959999084472656,17.600000381469727,17.709999084472656,4608259
2026-03-12,17.209999084472656,17.719999313354492,17.209999084472656,17.43000030517578,4285990
2026-03-13,17.350000381469727,17.459999084472656,17.15999984741211,17.15999984741211,1537160
2026-03-16,17.68000030517578,17.700000762939453,17.049999237060547,17.34000015258789,4219307
2026-03-17,17.889999389648438,18.190000534057617,17.709999084472656,17.709999084472656,3920000
2026-03-18,17.780000686645508,17.84000015258789,17.56999969482422,17.799999237060547,3898990
