Price,Close,High,Low,Open,Volume
Ticker,00652.TW,00652.TW,00652.TW,00652.TW,00652.TW
Date,,,,,
2021-03-18,25.75,25.84000015258789,25.739999771118164,25.770000457763672,81378
2021-03-19,25.299999237060547,25.549999237060547,25.010000228881836,25.549999237060547,302240
2021-03-22,25.639999389648438,25.68000030517578,25.489999771118164,25.6299991607666,312254
2021-03-23,25.790000915527344,25.8799991607666,25.639999389648438,25.65999984741211,295708
2021-03-24,25.5,25.889999389648438,25.5,25.799999237060547,243086
2021-03-25,25.219999313354492,25.489999771118164,25.219999313354492,25.399999618530273,158892
2021-03-26,25.450000762939453,25.56999969482422,25.219999313354492,25.219999313354492,139400
2021-03-29,25.440000534057617,25.670000076293945,25.399999618530273,25.670000076293945,354862
2021-03-30,25.68000030517578,25.780000686645508,25.450000762939453,25.450000762939453,75887
2021-03-31,25.40999984741211,25.790000915527344,25.40999984741211,25.75,82672
2021-04-01,25.479999542236328,25.579999923706055,25.450000762939453,25.450000762939453,46144
2021-04-07,25.459999084472656,25.56999969482422,25.299999237060547,25.559999465942383,95677
2021-04-08,25.459999084472656,25.459999084472656,25.309999465942383,25.459999084472656,155401
2021-04-09,25.280000686645508,25.3700008392334,25.200000762939453,25.3700008392334,128046
2021-04-12,24.469999313354492,25.200000762939453,24.350000381469727,25.200000762939453,553018
2021-04-13,24.270000457763672,24.440000534057617,24.25,24.440000534057617,286875
2021-04-14,24.799999237060547,24.799999237060547,24.350000381469727,24.360000610351562,175261
2021-04-15,24.450000762939453,24.799999237060547,24.31999969482422,24.799999237060547,169694
2021-04-16,24.899999618530273,24.93000030517578,24.459999084472656,24.459999084472656,199540
2021-04-19,24.459999084472656,24.979999542236328,24.25,24.979999542236328,536741
2021-04-20,24.5,24.549999237060547,24.219999313354492,24.40999984741211,286442
2021-04-21,23.770000457763672,24.450000762939453,23.760000228881836,24.450000762939453,712557
2021-04-22,24.049999237060547,24.049999237060547,23.860000610351562,23.860000610351562,297799
2021-04-23,24.280000686645508,24.290000915527344,23.969999313354492,24.100000381469727,237223
2021-04-26,24.420000076293945,24.440000534057617,23.959999084472656,24.040000915527344,339391
2021-04-27,24.399999618530273,24.420000076293945,24.260000228881836,24.31999969482422,212610
2021-04-28,24.639999389648438,24.709999084472656,24.399999618530273,24.399999618530273,453585
2021-04-29,24.75,25.030000686645508,24.600000381469727,24.600000381469727,518348
2021-05-03,24.280000686645508,24.559999465942383,24.100000381469727,24.559999465942383,314864
2021-05-04,24.6200008392334,24.670000076293945,24.309999465942383,24.309999465942383,499148
2021-05-05,24.5,24.549999237060547,24.3700008392334,24.5,609381
2021-05-06,24.579999923706055,24.75,24.510000228881836,24.510000228881836,640000
2021-05-07,24.850000381469727,24.959999084472656,24.729999542236328,24.729999542236328,619484
2021-05-10,24.969999313354492,25.079999923706055,24.889999389648438,24.889999389648438,345314
2021-05-11,24.799999237060547,24.969999313354492,24.6200008392334,24.969999313354492,268300
2021-05-12,24.799999237060547,24.950000762939453,24.739999771118164,24.809999465942383,617012
2021-05-13,24.309999465942383,24.549999237060547,24.309999465942383,24.549999237060547,140303
2021-05-14,24.760000228881836,24.780000686645508,24.399999618530273,24.399999618530273,431462
2021-05-17,25.0,25.020000457763672,24.75,24.75,587800
2021-05-18,25.540000915527344,25.540000915527344,25.18000030517578,25.18000030517578,282401
2021-05-19,25.399999618530273,25.549999237060547,25.299999237060547,25.549999237060547,197240
2021-05-20,25.299999237060547,25.3700008392334,25.260000228881836,25.309999465942383,66307
2021-05-21,25.5,25.5,25.280000686645508,25.299999237060547,162008
2021-05-24,25.65999984741211,25.75,25.520000457763672,25.75,270752
2021-05-25,25.770000457763672,25.829999923706055,25.739999771118164,25.739999771118164,273409
2021-05-26,25.780000686645508,25.780000686645508,25.639999389648438,25.68000030517578,190014
2021-05-27,25.899999618530273,25.90999984741211,25.75,25.780000686645508,322053
2021-05-28,26.200000762939453,26.270000457763672,25.90999984741211,25.90999984741211,462049
2021-05-31,26.31999969482422,26.31999969482422,26.139999389648438,26.18000030517578,161166
2021-06-01,26.309999465942383,26.440000534057617,26.280000686645508,26.329999923706055,109242
2021-06-02,26.139999389648438,26.360000610351562,26.1200008392334,26.309999465942383,96763
2021-06-03,26.06999969482422,26.15999984741211,26.059999465942383,26.139999389648438,92302
2021-06-04,26.15999984741211,26.200000762939453,26.06999969482422,26.06999969482422,61221
2021-06-07,26.3700008392334,26.3700008392334,26.15999984741211,26.15999984741211,275266
2021-06-08,26.399999618530273,26.5,26.360000610351562,26.440000534057617,57861
2021-06-09,26.450000762939453,26.450000762939453,26.389999389648438,26.43000030517578,85056
2021-06-10,26.290000915527344,26.329999923706055,26.219999313354492,26.309999465942383,55167
2021-06-11,26.399999618530273,26.420000076293945,26.299999237060547,26.299999237060547,63701
2021-06-15,26.469999313354492,26.479999542236328,26.3700008392334,26.479999542236328,114876
2021-06-16,26.309999465942383,26.520000457763672,26.209999084472656,26.5,137001
2021-06-17,26.190000534057617,26.190000534057617,26.049999237060547,26.149999618530273,66270
2021-06-18,25.729999542236328,26.1299991607666,25.729999542236328,26.110000610351562,308200
2021-06-21,25.850000381469727,25.920000076293945,25.700000762939453,25.780000686645508,313447
2021-06-22,26.360000610351562,26.3799991607666,26.0,26.0,125501
2021-06-23,26.229999542236328,26.350000381469727,26.219999313354492,26.329999923706055,81114
2021-06-24,26.299999237060547,26.329999923706055,26.270000457763672,26.270000457763672,23536
2021-06-25,26.329999923706055,26.40999984741211,26.299999237060547,26.299999237060547,94288
2021-06-28,26.34000015258789,26.399999618530273,26.31999969482422,26.329999923706055,149100
2021-06-29,26.200000762939453,26.350000381469727,26.200000762939453,26.34000015258789,46290
2021-06-30,26.280000686645508,26.290000915527344,26.200000762939453,26.200000762939453,60223
2021-07-01,26.059999465942383,26.280000686645508,26.059999465942383,26.280000686645508,106113
2021-07-02,26.040000915527344,26.15999984741211,26.0,26.1299991607666,64279
2021-07-05,26.190000534057617,26.219999313354492,26.100000381469727,26.219999313354492,86156
2021-07-06,26.34000015258789,26.360000610351562,26.200000762939453,26.280000686645508,155539
2021-07-07,26.219999313354492,26.270000457763672,26.190000534057617,26.229999542236328,77000
2021-07-08,26.25,26.280000686645508,26.200000762939453,26.229999542236328,42099
2021-07-09,26.149999618530273,26.149999618530273,25.959999084472656,26.06999969482422,69909
2021-07-12,26.239999771118164,26.270000457763672,26.149999618530273,26.149999618530273,77709
2021-07-13,26.149999618530273,26.260000228881836,26.149999618530273,26.239999771118164,34227
2021-07-14,26.229999542236328,26.25,26.139999389648438,26.25,78776
2021-07-15,26.399999618530273,26.399999618530273,26.209999084472656,26.209999084472656,78374
2021-07-16,26.389999389648438,26.399999618530273,26.270000457763672,26.270000457763672,142921
2021-07-19,26.260000228881836,26.280000686645508,26.079999923706055,26.1299991607666,38378
2021-07-20,25.8700008392334,26.100000381469727,25.8700008392334,26.030000686645508,82000
2021-07-21,25.8799991607666,26.079999923706055,25.8799991607666,26.0,39000
2021-07-22,26.209999084472656,26.209999084472656,26.059999465942383,26.059999465942383,102430
2021-07-23,26.25,26.329999923706055,26.18000030517578,26.280000686645508,84114
2021-07-26,26.3799991607666,26.399999618530273,26.139999389648438,26.299999237060547,231263
2021-07-27,26.31999969482422,26.389999389648438,26.31999969482422,26.389999389648438,102112
2021-07-28,25.899999618530273,26.25,25.8700008392334,26.149999618530273,96206
2021-07-29,26.209999084472656,26.219999313354492,25.899999618530273,25.899999618530273,54457
2021-07-30,26.170000076293945,26.170000076293945,26.079999923706055,26.1200008392334,59237
2021-08-02,26.290000915527344,26.299999237060547,26.229999542236328,26.270000457763672,14013
2021-08-03,26.43000030517578,26.450000762939453,26.209999084472656,26.299999237060547,184100
2021-08-04,26.899999618530273,26.90999984741211,26.479999542236328,26.479999542236328,308167
2021-08-05,26.739999771118164,27.100000381469727,26.739999771118164,27.100000381469727,183198
2021-08-06,26.920000076293945,26.979999542236328,26.760000228881836,26.760000228881836,198206
2021-08-09,26.950000762939453,26.969999313354492,26.850000381469727,26.899999618530273,95917
2021-08-10,26.899999618530273,26.920000076293945,26.760000228881836,26.920000076293945,131698
2021-08-11,26.700000762939453,26.889999389648438,26.700000762939453,26.889999389648438,157000
2021-08-12,26.8700008392334,26.90999984741211,26.84000015258789,26.90999984741211,189916
2021-08-13,27.059999465942383,27.100000381469727,26.8700008392334,26.8700008392334,122224
2021-08-16,27.25,27.260000228881836,27.100000381469727,27.100000381469727,249183
2021-08-17,27.309999465942383,27.350000381469727,27.260000228881836,27.260000228881836,196501
2021-08-18,27.489999771118164,27.5,27.31999969482422,27.31999969482422,137165
2021-08-19,26.90999984741211,27.489999771118164,26.90999984741211,27.489999771118164,194769
2021-08-20,27.100000381469727,27.25,27.0,27.0,169016
2021-08-23,27.260000228881836,27.469999313354492,27.100000381469727,27.100000381469727,84380
2021-08-24,27.3799991607666,27.5,27.3799991607666,27.450000762939453,100185
2021-08-25,27.65999984741211,27.65999984741211,27.520000457763672,27.520000457763672,128509
2021-08-26,27.610000610351562,27.75,27.600000381469727,27.68000030517578,358373
2021-08-27,27.549999237060547,27.610000610351562,27.479999542236328,27.600000381469727,71181
2021-08-30,28.059999465942383,28.059999465942383,27.860000610351562,27.899999618530273,293506
2021-08-31,28.190000534057617,28.209999084472656,28.100000381469727,28.100000381469727,71233
2021-09-01,28.600000381469727,28.610000610351562,28.350000381469727,28.350000381469727,87950
2021-09-02,28.549999237060547,28.639999389648438,28.5,28.639999389648438,64682
2021-09-03,28.760000228881836,28.809999465942383,28.559999465942383,28.559999465942383,74100
2021-09-06,29.030000686645508,29.049999237060547,28.770000457763672,28.770000457763672,243867
2021-09-07,28.770000457763672,29.030000686645508,28.760000228881836,29.030000686645508,94303
2021-09-08,28.81999969482422,28.940000534057617,28.770000457763672,28.780000686645508,54311
2021-09-09,28.729999542236328,28.81999969482422,28.700000762939453,28.799999237060547,54100
2021-09-10,28.75,28.81999969482422,28.65999984741211,28.65999984741211,44204
2021-09-13,28.59000015258789,28.81999969482422,28.59000015258789,28.799999237060547,51414
2021-09-14,28.81999969482422,28.81999969482422,28.600000381469727,28.600000381469727,73383
2021-09-15,28.799999237060547,28.84000015258789,28.790000915527344,28.81999969482422,14347
2021-09-16,29.139999389648438,29.149999618530273,28.81999969482422,28.81999969482422,194235
2021-09-17,29.5,29.5,29.25,29.25,121330
2021-09-22,29.149999618530273,29.200000762939453,28.969999313354492,28.989999771118164,61930
2021-09-23,29.420000076293945,29.440000534057617,29.149999618530273,29.149999618530273,96139
2021-09-24,29.729999542236328,29.75,29.549999237060547,29.549999237060547,138660
2021-09-27,29.639999389648438,29.8700008392334,29.600000381469727,29.739999771118164,296780
2021-09-28,29.649999618530273,29.760000228881836,29.5,29.549999237060547,86804
2021-09-29,29.100000381469727,29.6200008392334,29.049999237060547,29.6200008392334,193160
2021-09-30,29.219999313354492,29.360000610351562,29.100000381469727,29.100000381469727,82325
2021-10-01,28.950000762939453,29.100000381469727,28.75,29.100000381469727,288204
2021-10-04,29.34000015258789,29.3700008392334,28.940000534057617,28.940000534057617,151520
2021-10-05,29.219999313354492,29.34000015258789,28.969999313354492,29.34000015258789,64350
2021-10-06,29.450000762939453,29.600000381469727,29.350000381469727,29.489999771118164,148120
2021-10-07,29.450000762939453,29.489999771118164,29.299999237060547,29.43000030517578,80751
2021-10-08,29.610000610351562,29.610000610351562,29.450000762939453,29.450000762939453,120420
2021-10-12,29.56999969482422,29.610000610351562,29.459999084472656,29.610000610351562,76311
2021-10-13,29.979999542236328,30.0,29.579999923706055,29.579999923706055,144714
2021-10-14,30.190000534057617,30.209999084472656,30.0,30.0,122368
2021-10-15,30.479999542236328,30.5,30.3700008392334,30.420000076293945,191546
2021-10-18,30.56999969482422,30.6299991607666,30.469999313354492,30.6299991607666,291588
2021-10-19,30.5,30.579999923706055,30.399999618530273,30.579999923706055,191419
2021-10-20,30.200000762939453,30.420000076293945,30.1200008392334,30.420000076293945,108462
2021-10-21,29.780000686645508,30.110000610351562,29.780000686645508,30.110000610351562,158717
2021-10-22,30.149999618530273,30.15999984741211,29.780000686645508,29.780000686645508,64500
2021-10-25,29.780000686645508,29.920000076293945,29.6200008392334,29.780000686645508,334200
2021-10-26,29.860000610351562,30.100000381469727,29.780000686645508,29.850000381469727,154201
2021-10-27,30.049999237060547,30.059999465942383,29.8799991607666,30.0,94569
2021-10-28,29.790000915527344,30.079999923706055,29.770000457763672,30.049999237060547,132244
2021-10-29,29.469999313354492,29.729999542236328,29.190000534057617,29.729999542236328,490262
2021-11-01,29.299999237060547,29.459999084472656,29.200000762939453,29.459999084472656,122191
2021-11-02,29.549999237060547,29.649999618530273,29.5,29.5,156300
2021-11-03,29.81999969482422,29.81999969482422,29.639999389648438,29.670000076293945,102132
2021-11-04,29.700000762939453,29.790000915527344,29.68000030517578,29.790000915527344,106429
2021-11-05,29.81999969482422,29.81999969482422,29.709999084472656,29.709999084472656,86105
2021-11-08,29.84000015258789,30.190000534057617,29.780000686645508,30.190000534057617,199631
2021-11-09,29.760000228881836,30.010000228881836,29.760000228881836,29.950000762939453,108262
2021-11-10,29.809999465942383,29.8799991607666,29.75,29.8799991607666,31100
2021-11-11,29.479999542236328,29.809999465942383,29.479999542236328,29.809999465942383,68101
2021-11-12,29.600000381469727,29.799999237060547,29.479999542236328,29.479999542236328,97353
2021-11-15,30.010000228881836,30.030000686645508,29.899999618530273,29.899999618530273,232458
2021-11-16,29.860000610351562,30.110000610351562,29.860000610351562,30.040000915527344,154193
2021-11-17,29.799999237060547,29.799999237060547,29.690000534057617,29.700000762939453,178460
2021-11-18,29.6299991607666,29.700000762939453,29.559999465942383,29.68000030517578,243437
2021-11-19,29.59000015258789,29.670000076293945,29.479999542236328,29.649999618530273,175115
2021-11-22,29.299999237060547,29.59000015258789,29.290000915527344,29.59000015258789,175124
2021-11-23,28.899999618530273,29.200000762939453,28.709999084472656,29.200000762939453,337115
2021-11-24,29.18000030517578,29.219999313354492,28.940000534057617,28.940000534057617,47999
2021-11-25,29.0,29.100000381469727,28.780000686645508,29.100000381469727,107494
2021-11-26,29.0,29.18000030517578,28.8799991607666,29.18000030517578,217000
2021-11-29,28.389999389648438,28.600000381469727,28.100000381469727,28.600000381469727,297372
2021-11-30,28.65999984741211,28.68000030517578,28.270000457763672,28.399999618530273,208860
2021-12-01,28.420000076293945,28.540000915527344,28.15999984741211,28.15999984741211,138326
2021-12-02,28.700000762939453,28.700000762939453,28.350000381469727,28.399999618530273,117423
2021-12-03,28.850000381469727,28.979999542236328,28.700000762939453,28.700000762939453,75000
2021-12-06,28.389999389648438,28.6299991607666,28.360000610351562,28.579999923706055,229053
2021-12-07,28.270000457763672,28.270000457763672,28.030000686645508,28.079999923706055,139015
2021-12-08,28.780000686645508,28.780000686645508,28.420000076293945,28.450000762939453,106597
2021-12-09,28.65999984741211,28.799999237060547,28.65999984741211,28.709999084472656,113302
2021-12-10,28.700000762939453,28.75,28.610000610351562,28.610000610351562,32000
2021-12-13,28.899999618530273,29.0,28.700000762939453,28.700000762939453,60100
2021-12-14,28.329999923706055,28.760000228881836,28.309999465942383,28.760000228881836,107150
2021-12-15,28.309999465942383,28.350000381469727,28.200000762939453,28.200000762939453,50100
2021-12-16,28.3799991607666,28.489999771118164,28.239999771118164,28.309999465942383,154090
2021-12-17,27.90999984741211,28.34000015258789,27.899999618530273,28.34000015258789,129150
2021-12-20,27.329999923706055,27.920000076293945,27.290000915527344,27.920000076293945,253999
2021-12-21,27.780000686645508,27.790000915527344,27.420000076293945,27.420000076293945,112370
2021-12-22,27.860000610351562,27.899999618530273,27.770000457763672,27.790000915527344,77580
2021-12-23,28.100000381469727,28.139999389648438,27.969999313354492,27.969999313354492,42813
2021-12-24,27.979999542236328,28.280000686645508,27.979999542236328,28.25,73000
2021-12-27,28.100000381469727,28.149999618530273,27.93000030517578,28.079999923706055,323346
2021-12-28,28.389999389648438,28.40999984741211,28.270000457763672,28.40999984741211,79781
2021-12-29,28.469999313354492,28.479999542236328,28.389999389648438,28.389999389648438,31128
2021-12-30,28.520000457763672,28.6299991607666,28.459999084472656,28.5,27500
2022-01-03,28.93000030517578,28.950000762939453,28.520000457763672,28.520000457763672,100605
2022-01-04,29.200000762939453,29.200000762939453,29.06999969482422,29.100000381469727,166070
2022-01-05,29.309999465942383,29.3700008392334,29.190000534057617,29.200000762939453,291020
2022-01-06,29.110000610351562,29.329999923706055,29.110000610351562,29.200000762939453,260001
2022-01-07,29.450000762939453,29.459999084472656,29.110000610351562,29.110000610351562,281200
2022-01-10,29.6299991607666,29.6299991607666,29.43000030517578,29.450000762939453,185846
2022-01-11,29.700000762939453,29.799999237060547,29.540000915527344,29.799999237060547,282035
2022-01-12,29.940000534057617,30.0,29.799999237060547,29.799999237060547,367048
2022-01-13,29.940000534057617,30.170000076293945,29.940000534057617,29.950000762939453,102000
2022-01-14,29.780000686645508,29.950000762939453,29.780000686645508,29.940000534057617,158667
2022-01-17,29.889999389648438,29.969999313354492,29.700000762939453,29.700000762939453,196441
2022-01-18,29.829999923706055,29.899999618530273,29.780000686645508,29.780000686645508,404480
2022-01-19,29.309999465942383,29.600000381469727,29.309999465942383,29.600000381469727,96015
2022-01-20,29.200000762939453,29.309999465942383,29.100000381469727,29.309999465942383,159000
2022-01-21,28.760000228881836,29.200000762939453,28.760000228881836,29.200000762939453,325173
2022-01-24,28.56999969482422,28.780000686645508,28.520000457763672,28.670000076293945,148000
2022-01-25,27.899999618530273,28.5,27.649999618530273,28.5,415050
2022-01-26,28.110000610351562,28.299999237060547,27.93000030517578,27.93000030517578,203000
2022-02-07,28.709999084472656,28.850000381469727,28.43000030517578,28.43000030517578,183469
2022-02-08,28.219999313354492,28.700000762939453,28.219999313354492,28.700000762939453,219539
2022-02-09,28.649999618530273,28.68000030517578,28.309999465942383,28.309999465942383,82634
2022-02-10,28.920000076293945,28.920000076293945,28.719999313354492,28.84000015258789,44690
2022-02-11,28.389999389648438,28.649999618530273,28.350000381469727,28.5,143099
2022-02-14,27.940000534057617,28.329999923706055,27.75,28.329999923706055,133050
2022-02-15,27.65999984741211,27.899999618530273,27.559999465942383,27.899999618530273,242788
2022-02-16,28.299999237060547,28.56999969482422,28.299999237060547,28.450000762939453,150000
2022-02-17,28.459999084472656,28.6299991607666,28.309999465942383,28.309999465942383,113209
2022-02-18,28.469999313354492,28.469999313354492,28.18000030517578,28.290000915527344,72454
2022-02-21,28.3700008392334,28.469999313354492,28.25,28.469999313354492,124201
2022-02-22,28.0,28.18000030517578,27.90999984741211,28.1299991607666,93780
2022-02-23,28.280000686645508,28.299999237060547,28.239999771118164,28.299999237060547,57685
2022-02-24,27.399999618530273,27.950000762939453,27.270000457763672,27.950000762939453,223371
2022-02-25,27.65999984741211,27.65999984741211,27.190000534057617,27.420000076293945,175275
2022-03-01,27.8799991607666,28.100000381469727,27.81999969482422,27.889999389648438,128107
2022-03-02,27.389999389648438,27.850000381469727,27.219999313354492,27.850000381469727,250185
2022-03-03,27.40999984741211,27.540000915527344,27.389999389648438,27.389999389648438,40263
2022-03-04,26.739999771118164,27.270000457763672,26.600000381469727,27.270000457763672,212000
2022-03-07,26.25,26.6299991607666,26.100000381469727,26.6299991607666,273140
2022-03-08,26.020000457763672,26.239999771118164,25.81999969482422,26.239999771118164,137353
2022-03-09,26.600000381469727,26.600000381469727,26.15999984741211,26.15999984741211,44155
2022-03-10,27.59000015258789,27.59000015258789,27.34000015258789,27.34000015258789,115203
2022-03-11,27.3799991607666,27.459999084472656,27.18000030517578,27.25,48000
2022-03-14,27.5,27.559999465942383,27.34000015258789,27.3799991607666,66020
2022-03-15,27.799999237060547,27.889999389648438,27.649999618530273,27.709999084472656,107360
2022-03-16,28.1200008392334,28.200000762939453,27.950000762939453,27.950000762939453,161278
2022-03-17,28.649999618530273,28.75,28.1299991607666,28.1299991607666,121186
2022-03-18,28.649999618530273,28.729999542236328,28.549999237060547,28.649999618530273,70674
2022-03-21,28.579999923706055,28.84000015258789,28.579999923706055,28.700000762939453,34103
2022-03-22,28.299999237060547,28.510000228881836,28.280000686645508,28.420000076293945,45508
2022-03-23,28.790000915527344,28.8799991607666,28.510000228881836,28.510000228881836,139380
2022-03-24,28.6200008392334,28.739999771118164,28.510000228881836,28.739999771118164,55140
2022-03-25,28.610000610351562,28.75,28.520000457763672,28.6299991607666,25000
2022-03-28,28.530000686645508,28.780000686645508,28.479999542236328,28.520000457763672,163490
2022-03-29,28.93000030517578,29.06999969482422,28.610000610351562,28.610000610351562,88017
2022-03-30,29.25,29.40999984741211,29.049999237060547,29.049999237060547,88114
2022-03-31,29.190000534057617,29.260000228881836,29.15999984741211,29.25,47500
2022-04-01,29.170000076293945,29.18000030517578,29.010000228881836,29.1200008392334,105000
2022-04-06,29.59000015258789,29.770000457763672,29.18000030517578,29.18000030517578,333713
2022-04-07,29.489999771118164,29.600000381469727,29.479999542236328,29.59000015258789,162045
2022-04-08,29.559999465942383,29.579999923706055,29.440000534057617,29.489999771118164,98013
2022-04-11,29.600000381469727,29.790000915527344,29.56999969482422,29.670000076293945,127067
2022-04-12,29.3700008392334,29.600000381469727,29.290000915527344,29.600000381469727,126688
2022-04-13,29.3700008392334,29.600000381469727,29.3700008392334,29.3799991607666,131308
2022-04-14,29.100000381469727,29.760000228881836,28.989999771118164,29.760000228881836,149050
2022-04-15,28.950000762939453,29.100000381469727,28.8799991607666,29.100000381469727,24100
2022-04-18,28.639999389648438,28.950000762939453,28.639999389648438,28.950000762939453,170000
2022-04-19,28.899999618530273,29.040000915527344,28.639999389648438,28.639999389648438,13020
2022-04-20,28.760000228881836,28.81999969482422,28.579999923706055,28.600000381469727,34190
2022-04-21,28.969999313354492,28.969999313354492,28.84000015258789,28.84000015258789,69201
2022-04-22,28.90999984741211,28.950000762939453,28.809999465942383,28.950000762939453,47000
2022-04-25,28.489999771118164,28.780000686645508,28.399999618530273,28.780000686645508,85120
2022-04-26,28.760000228881836,28.809999465942383,28.5,28.5,95000
2022-04-27,28.549999237060547,28.65999984741211,28.399999618530273,28.399999618530273,32050
2022-04-28,28.81999969482422,28.81999969482422,28.56999969482422,28.56999969482422,34358
2022-04-29,29.1299991607666,29.1299991607666,29.0,29.0,68119
2022-05-03,28.65999984741211,29.049999237060547,28.649999618530273,29.049999237060547,58000
2022-05-04,28.649999618530273,28.8700008392334,28.649999618530273,28.81999969482422,42000
2022-05-05,28.600000381469727,28.600000381469727,28.479999542236328,28.559999465942383,60000
2022-05-06,27.8700008392334,28.040000915527344,27.799999237060547,28.0,132111
2022-05-09,27.420000076293945,27.700000762939453,27.420000076293945,27.700000762939453,69109
2022-05-10,27.5,27.5,27.18000030517578,27.34000015258789,63072
2022-05-11,27.1200008392334,27.469999313354492,27.1200008392334,27.309999465942383,81000
2022-05-12,26.760000228881836,27.0,26.760000228881836,27.0,44000
2022-05-13,26.889999389648438,27.079999923706055,26.81999969482422,26.81999969482422,48000
2022-05-16,26.950000762939453,27.059999465942383,26.670000076293945,26.889999389648438,119413
2022-05-17,27.049999237060547,27.049999237060547,26.799999237060547,26.93000030517578,18000
2022-05-18,27.440000534057617,27.450000762939453,27.200000762939453,27.440000534057617,89218
2022-05-19,26.780000686645508,27.299999237060547,26.729999542236328,27.299999237060547,40660
2022-05-20,27.209999084472656,27.229999542236328,27.020000457763672,27.020000457763672,28088
2022-05-23,27.479999542236328,27.489999771118164,27.299999237060547,27.31999969482422,45799
2022-05-24,27.079999923706055,27.360000610351562,27.079999923706055,27.360000610351562,49042
2022-05-25,27.190000534057617,27.229999542236328,27.100000381469727,27.100000381469727,16200
2022-05-26,26.799999237060547,27.190000534057617,26.799999237060547,27.190000534057617,128624
2022-05-27,27.239999771118164,27.389999389648438,27.1299991607666,27.170000076293945,94391
2022-05-30,27.610000610351562,27.649999618530273,27.299999237060547,27.299999237060547,79247
2022-05-31,27.520000457763672,27.700000762939453,27.399999618530273,27.700000762939453,60069
2022-06-01,27.3700008392334,27.399999618530273,27.25,27.399999618530273,46366
2022-06-02,27.399999618530273,27.399999618530273,27.350000381469727,27.399999618530273,35020
2022-06-06,27.6200008392334,27.729999542236328,27.450000762939453,27.450000762939453,148933
2022-06-07,27.459999084472656,27.639999389648438,27.450000762939453,27.639999389648438,77000
2022-06-08,27.579999923706055,27.6200008392334,27.34000015258789,27.5,100150
2022-06-09,27.34000015258789,27.360000610351562,27.229999542236328,27.360000610351562,40366
2022-06-10,27.229999542236328,27.260000228881836,27.1200008392334,27.149999618530273,19000
2022-06-13,26.479999542236328,27.219999313354492,26.479999542236328,27.219999313354492,135594
2022-06-14,26.6299991607666,26.6299991607666,26.399999618530273,26.469999313354492,39399
2022-06-15,26.399999618530273,26.540000915527344,26.329999923706055,26.540000915527344,53163
2022-06-16,26.3799991607666,26.709999084472656,26.350000381469727,26.59000015258789,118037
2022-06-17,25.989999771118164,25.989999771118164,25.610000610351562,25.610000610351562,57020
2022-06-20,25.709999084472656,25.8799991607666,25.6299991607666,25.8799991607666,131020
2022-06-21,25.959999084472656,26.040000915527344,25.649999618530273,25.649999618530273,81230
2022-06-22,25.959999084472656,26.1200008392334,25.8799991607666,26.100000381469727,32134
2022-06-23,26.200000762939453,26.200000762939453,25.8799991607666,25.950000762939453,22874
2022-06-24,26.25,26.31999969482422,26.200000762939453,26.200000762939453,55000
2022-06-27,26.56999969482422,26.690000534057617,26.479999542236328,26.489999771118164,168576
2022-06-28,26.200000762939453,26.360000610351562,26.18000030517578,26.360000610351562,67053
2022-06-29,26.079999923706055,26.170000076293945,26.030000686645508,26.100000381469727,11285
2022-06-30,26.280000686645508,26.290000915527344,26.110000610351562,26.110000610351562,23545
2022-07-01,25.790000915527344,26.149999618530273,25.760000228881836,26.149999618530273,117000
2022-07-04,26.049999237060547,26.18000030517578,25.940000534057617,25.989999771118164,154570
2022-07-05,26.469999313354492,26.469999313354492,26.270000457763672,26.299999237060547,114431
2022-07-06,26.31999969482422,26.469999313354492,26.25,26.469999313354492,228340
2022-07-07,26.670000076293945,26.729999542236328,26.5,26.56999969482422,114222
2022-07-08,26.799999237060547,26.969999313354492,26.729999542236328,26.729999542236328,109000
2022-07-11,26.6299991607666,26.780000686645508,26.579999923706055,26.780000686645508,39000
2022-07-12,26.610000610351562,26.6299991607666,26.530000686645508,26.559999465942383,53287
2022-07-13,26.520000457763672,26.649999618530273,26.520000457763672,26.600000381469727,71649
2022-07-14,26.450000762939453,26.510000228881836,26.229999542236328,26.270000457763672,8000
2022-07-15,26.360000610351562,26.450000762939453,26.219999313354492,26.450000762939453,32100
2022-07-18,26.829999923706055,26.829999923706055,26.690000534057617,26.690000534057617,94316
2022-07-19,26.8700008392334,26.889999389648438,26.649999618530273,26.8799991607666,25050
2022-07-20,27.200000762939453,27.25,27.100000381469727,27.100000381469727,108100
2022-07-21,27.25,27.270000457763672,27.149999618530273,27.149999618530273,48104
2022-07-22,27.3799991607666,27.440000534057617,27.299999237060547,27.299999237060547,46056
2022-07-25,27.34000015258789,27.5,27.34000015258789,27.389999389648438,99650
2022-07-26,27.209999084472656,27.399999618530273,27.200000762939453,27.31999969482422,85653
2022-07-27,27.299999237060547,27.299999237060547,27.170000076293945,27.170000076293945,32652
2022-07-28,27.790000915527344,27.809999465942383,27.31999969482422,27.31999969482422,111050
2022-07-29,28.270000457763672,28.3700008392334,27.969999313354492,27.969999313354492,121365
2022-08-01,28.75,28.75,28.280000686645508,28.280000686645508,210830
2022-08-02,28.8799991607666,28.920000076293945,28.75,28.75,224401
2022-08-03,28.889999389648438,29.110000610351562,28.860000610351562,29.0,168000
2022-08-04,29.1299991607666,29.200000762939453,29.0,29.0,128303
2022-08-05,28.969999313354492,29.030000686645508,28.860000610351562,29.030000686645508,254103
2022-08-08,29.06999969482422,29.06999969482422,28.850000381469727,28.850000381469727,154171
2022-08-09,29.1200008392334,29.15999984741211,29.110000610351562,29.1299991607666,81001
2022-08-10,29.079999923706055,29.139999389648438,29.010000228881836,29.110000610351562,82005
2022-08-11,29.420000076293945,29.459999084472656,29.18000030517578,29.18000030517578,141322
2022-08-12,29.309999465942383,29.329999923706055,29.280000686645508,29.329999923706055,28170
2022-08-15,29.40999984741211,29.450000762939453,29.350000381469727,29.350000381469727,59274
2022-08-16,29.5,29.5,29.420000076293945,29.420000076293945,166100
2022-08-17,29.739999771118164,29.760000228881836,29.5,29.5,73200
2022-08-18,29.700000762939453,29.75,29.65999984741211,29.739999771118164,77668
2022-08-19,29.68000030517578,29.75,29.65999984741211,29.75,49000
2022-08-22,29.260000228881836,29.299999237060547,29.200000762939453,29.200000762939453,167000
2022-08-23,28.90999984741211,29.149999618530273,28.850000381469727,28.8799991607666,102786
2022-08-24,29.149999618530273,29.200000762939453,29.110000610351562,29.15999984741211,47371
2022-08-25,29.559999465942383,29.56999969482422,29.459999084472656,29.5,46165
2022-08-26,29.34000015258789,29.510000228881836,29.34000015258789,29.360000610351562,108000
2022-08-29,28.8799991607666,28.899999618530273,28.649999618530273,28.81999969482422,150030
2022-08-30,29.270000457763672,29.270000457763672,28.8799991607666,28.8799991607666,45241
2022-08-31,29.469999313354492,29.600000381469727,29.270000457763672,29.270000457763672,94065
2022-09-01,29.68000030517578,29.68000030517578,29.25,29.280000686645508,106247
2022-09-02,29.5,29.65999984741211,29.459999084472656,29.5,75683
2022-09-05,29.719999313354492,29.719999313354492,29.440000534057617,29.450000762939453,81107
2022-09-06,29.850000381469727,30.079999923706055,29.799999237060547,29.799999237060547,403793
2022-09-07,29.729999542236328,29.780000686645508,29.56999969482422,29.75,198095
2022-09-08,30.079999923706055,30.18000030517578,29.8700008392334,29.8700008392334,183312
2022-09-12,30.440000534057617,30.450000762939453,30.209999084472656,30.209999084472656,125174
2022-09-13,30.75,30.790000915527344,30.450000762939453,30.450000762939453,232906
2022-09-14,30.540000915527344,30.540000915527344,30.229999542236328,30.479999542236328,193677
2022-09-15,30.489999771118164,30.770000457763672,30.479999542236328,30.549999237060547,163001
2022-09-16,30.309999465942383,30.489999771118164,30.18000030517578,30.18000030517578,181454
2022-09-19,30.469999313354492,30.469999313354492,30.1299991607666,30.299999237060547,145654
2022-09-20,30.81999969482422,30.850000381469727,30.579999923706055,30.579999923706055,137791
2022-09-21,30.700000762939453,30.700000762939453,30.510000228881836,30.510000228881836,116800
2022-09-22,30.43000030517578,30.59000015258789,30.350000381469727,30.479999542236328,250691
2022-09-23,29.93000030517578,30.420000076293945,29.899999618530273,30.420000076293945,238479
2022-09-26,29.270000457763672,29.600000381469727,29.239999771118164,29.5,243144
2022-09-27,29.18000030517578,29.399999618530273,29.18000030517578,29.260000228881836,123738
2022-09-28,28.950000762939453,29.15999984741211,28.8700008392334,29.15999984741211,174726
2022-09-29,29.020000457763672,29.25,29.020000457763672,29.170000076293945,57881
2022-09-30,28.969999313354492,28.969999313354492,28.350000381469727,28.350000381469727,193179
2022-10-03,28.950000762939453,29.200000762939453,28.860000610351562,29.200000762939453,181011
2022-10-04,29.540000915527344,29.59000015258789,29.280000686645508,29.280000686645508,98000
2022-10-05,29.600000381469727,29.6200008392334,29.549999237060547,29.59000015258789,146101
2022-10-06,29.65999984741211,29.709999084472656,29.549999237060547,29.549999237060547,377158
2022-10-07,29.360000610351562,29.489999771118164,29.25,29.280000686645508,199401
2022-10-11,29.030000686645508,29.350000381469727,29.0,29.350000381469727,134100
2022-10-12,28.93000030517578,29.100000381469727,28.93000030517578,29.010000228881836,64306
2022-10-13,29.0,29.1200008392334,28.950000762939453,28.950000762939453,158656
2022-10-14,29.510000228881836,29.56999969482422,29.030000686645508,29.030000686645508,75480
2022-10-17,29.530000686645508,29.540000915527344,29.049999237060547,29.489999771118164,145232
2022-10-18,29.950000762939453,30.0,29.860000610351562,29.950000762939453,133016
2022-10-19,30.1200008392334,30.1200008392334,29.959999084472656,29.959999084472656,139050
2022-10-20,29.8700008392334,29.979999542236328,29.6200008392334,29.979999542236328,258652
2022-10-21,30.059999465942383,30.139999389648438,29.799999237060547,29.799999237060547,393242
2022-10-24,30.40999984741211,30.489999771118164,30.290000915527344,30.299999237060547,365875
2022-10-25,30.31999969482422,30.5,30.31999969482422,30.40999984741211,207602
2022-10-26,30.610000610351562,30.639999389648438,30.299999237060547,30.31999969482422,275173
2022-10-27,30.479999542236328,30.850000381469727,30.469999313354492,30.6200008392334,389146
2022-10-28,30.5,30.520000457763672,30.399999618530273,30.450000762939453,206593
2022-10-31,30.90999984741211,30.940000534057617,30.81999969482422,30.81999969482422,243075
2022-11-01,31.31999969482422,31.31999969482422,31.0,31.0,513689
2022-11-02,31.09000015258789,31.31999969482422,31.09000015258789,31.31999969482422,256537
2022-11-03,31.049999237060547,31.200000762939453,30.739999771118164,31.200000762939453,158232
2022-11-04,30.920000076293945,31.06999969482422,30.920000076293945,31.06999969482422,123500
2022-11-07,31.209999084472656,31.450000762939453,31.149999618530273,31.149999618530273,427858
2022-11-08,31.350000381469727,31.540000915527344,31.31999969482422,31.31999969482422,113500
2022-11-09,31.40999984741211,31.65999984741211,31.360000610351562,31.360000610351562,166409
2022-11-10,31.059999465942383,31.3799991607666,31.020000457763672,31.3799991607666,213111
2022-11-11,31.3700008392334,31.5,31.100000381469727,31.100000381469727,173000
2022-11-14,31.270000457763672,31.799999237060547,31.239999771118164,31.799999237060547,181831
2022-11-15,30.940000534057617,31.209999084472656,30.920000076293945,31.209999084472656,151161
2022-11-16,31.030000686645508,31.040000915527344,30.8799991607666,30.940000534057617,127161
2022-11-17,31.049999237060547,31.059999465942383,30.979999542236328,31.030000686645508,183138
2022-11-18,30.850000381469727,31.079999923706055,30.829999923706055,31.049999237060547,215685
2022-11-21,30.719999313354492,30.8700008392334,30.700000762939453,30.8700008392334,121201
2022-11-22,30.799999237060547,30.829999923706055,30.700000762939453,30.780000686645508,69062
2022-11-23,30.81999969482422,30.969999313354492,30.799999237060547,30.799999237060547,46199
2022-11-24,31.049999237060547,31.09000015258789,30.850000381469727,30.850000381469727,226201
2022-11-25,31.030000686645508,31.049999237060547,30.959999084472656,31.030000686645508,349096
2022-11-28,31.209999084472656,31.209999084472656,30.93000030517578,30.989999771118164,173513
2022-11-29,31.40999984741211,31.420000076293945,31.209999084472656,31.25,75430
2022-11-30,31.360000610351562,31.43000030517578,31.360000610351562,31.43000030517578,129336
2022-12-01,31.610000610351562,31.709999084472656,31.600000381469727,31.649999618530273,173312
2022-12-02,31.40999984741211,31.5,31.399999618530273,31.5,111101
2022-12-05,31.200000762939453,31.399999618530273,31.139999389648438,31.399999618530273,276423
2022-12-06,31.190000534057617,31.200000762939453,30.8700008392334,31.200000762939453,236356
2022-12-07,31.030000686645508,31.149999618530273,31.030000686645508,31.149999618530273,77201
2022-12-08,30.940000534057617,31.0,30.799999237060547,31.0,165000
2022-12-09,31.030000686645508,31.18000030517578,30.940000534057617,30.940000534057617,131150
2022-12-12,31.049999237060547,31.049999237060547,30.799999237060547,30.959999084472656,94460
2022-12-13,30.889999389648438,31.110000610351562,30.8700008392334,31.110000610351562,99464
2022-12-14,30.829999923706055,30.979999542236328,30.829999923706055,30.889999389648438,249070
2022-12-15,30.6299991607666,30.799999237060547,30.600000381469727,30.799999237060547,109300
2022-12-16,30.260000228881836,30.5,30.260000228881836,30.5,187035
2022-12-19,30.389999389648438,30.389999389648438,30.260000228881836,30.260000228881836,101410
2022-12-20,30.1200008392334,30.479999542236328,30.110000610351562,30.450000762939453,94000
2022-12-21,30.350000381469727,30.549999237060547,30.1299991607666,30.1299991607666,64855
2022-12-22,29.959999084472656,30.350000381469727,29.93000030517578,30.350000381469727,154585
2022-12-23,29.700000762939453,29.959999084472656,29.700000762939453,29.959999084472656,84740
2022-12-26,29.799999237060547,29.799999237060547,29.549999237060547,29.600000381469727,154267
2022-12-27,29.829999923706055,30.0,29.719999313354492,29.799999237060547,187727
2022-12-28,29.950000762939453,29.950000762939453,29.799999237060547,29.829999923706055,56711
2022-12-29,29.770000457763672,29.969999313354492,29.760000228881836,29.959999084472656,168300
2022-12-30,30.040000915527344,30.15999984741211,30.040000915527344,30.1299991607666,92110
2023-01-03,30.049999237060547,30.049999237060547,29.81999969482422,29.979999542236328,70436
2023-01-04,29.920000076293945,30.020000457763672,29.8700008392334,30.0,135075
2023-01-05,29.860000610351562,29.920000076293945,29.84000015258789,29.920000076293945,122667
2023-01-06,29.68000030517578,29.950000762939453,29.649999618530273,29.950000762939453,213371
2023-01-09,29.8799991607666,29.959999084472656,29.600000381469727,29.959999084472656,253103
2023-01-10,29.6200008392334,29.8799991607666,29.600000381469727,29.8799991607666,134110
2023-01-11,29.600000381469727,29.700000762939453,29.420000076293945,29.700000762939453,300199
2023-01-12,29.450000762939453,29.65999984741211,29.450000762939453,29.600000381469727,233000
2023-01-13,29.469999313354492,29.65999984741211,29.420000076293945,29.65999984741211,100040
2023-01-16,29.899999618530273,29.90999984741211,29.5,29.5,444160
2023-01-17,29.690000534057617,29.770000457763672,29.40999984741211,29.770000457763672,696030
2023-01-30,29.5,29.690000534057617,29.100000381469727,29.399999618530273,573010
2023-01-31,28.93000030517578,29.5,28.829999923706055,29.5,847053
2023-02-01,29.040000915527344,29.149999618530273,28.93000030517578,28.93000030517578,760425
2023-02-02,28.56999969482422,28.979999542236328,28.469999313354492,28.979999542236328,1162020
2023-02-03,28.420000076293945,28.559999465942383,28.280000686645508,28.559999465942383,735221
2023-02-06,28.690000534057617,28.799999237060547,28.420000076293945,28.420000076293945,767000
2023-02-07,28.770000457763672,28.860000610351562,28.719999313354492,28.719999313354492,396673
2023-02-08,28.850000381469727,28.889999389648438,28.6299991607666,28.770000457763672,280230
2023-02-09,28.899999618530273,28.93000030517578,28.780000686645508,28.899999618530273,495822
2023-02-10,28.8799991607666,28.950000762939453,28.809999465942383,28.950000762939453,273165
2023-02-13,28.84000015258789,28.959999084472656,28.75,28.90999984741211,373459
2023-02-14,28.90999984741211,28.940000534057617,28.84000015258789,28.860000610351562,93364
2023-02-15,29.09000015258789,29.09000015258789,28.90999984741211,28.90999984741211,131508
2023-02-16,29.3799991607666,29.3799991607666,29.149999618530273,29.149999618530273,511021
2023-02-17,29.239999771118164,29.350000381469727,29.15999984741211,29.350000381469727,207090
2023-02-20,29.25,29.270000457763672,29.18000030517578,29.219999313354492,292665
2023-02-21,29.1200008392334,29.200000762939453,29.020000457763672,29.200000762939453,236500
2023-02-22,28.790000915527344,29.059999465942383,28.790000915527344,29.059999465942383,326500
2023-02-23,28.709999084472656,28.850000381469727,28.510000228881836,28.790000915527344,487251
2023-02-24,28.56999969482422,28.700000762939453,28.540000915527344,28.700000762939453,296888
2023-03-01,28.6200008392334,28.6200008392334,28.329999923706055,28.469999313354492,289041
2023-03-02,28.600000381469727,28.709999084472656,28.559999465942383,28.709999084472656,256517
2023-03-03,28.860000610351562,28.860000610351562,28.579999923706055,28.579999923706055,157911
2023-03-06,29.34000015258789,29.34000015258789,28.979999542236328,28.979999542236328,488694
2023-03-07,29.3700008392334,29.399999618530273,29.25,29.329999923706055,217696
2023-03-08,29.229999542236328,29.3700008392334,29.040000915527344,29.3700008392334,309368
2023-03-09,29.299999237060547,29.40999984741211,29.280000686645508,29.389999389648438,204245
2023-03-10,28.90999984741211,29.06999969482422,28.760000228881836,29.06999969482422,284093
2023-03-13,28.84000015258789,28.979999542236328,28.709999084472656,28.90999984741211,321556
2023-03-14,28.139999389648438,28.56999969482422,28.09000015258789,28.56999969482422,840110
2023-03-15,28.170000076293945,28.219999313354492,28.139999389648438,28.15999984741211,271300
2023-03-16,27.959999084472656,28.0,27.739999771118164,28.0,843500
2023-03-17,28.010000228881836,28.1200008392334,27.979999542236328,27.979999542236328,213820
2023-03-20,27.799999237060547,28.030000686645508,27.719999313354492,28.020000457763672,373700
2023-03-21,27.989999771118164,28.010000228881836,27.90999984741211,28.0,125361
2023-03-22,28.049999237060547,28.1200008392334,28.0,28.030000686645508,240130
2023-03-23,28.010000228881836,28.049999237060547,27.850000381469727,28.040000915527344,426365
2023-03-24,27.829999923706055,27.920000076293945,27.790000915527344,27.920000076293945,391066
2023-03-27,27.860000610351562,27.950000762939453,27.760000228881836,27.829999923706055,337023
2023-03-28,27.760000228881836,27.93000030517578,27.760000228881836,27.93000030517578,301021
2023-03-29,27.84000015258789,27.8799991607666,27.760000228881836,27.760000228881836,69337
2023-03-30,28.040000915527344,28.040000915527344,27.969999313354492,28.010000228881836,157235
2023-03-31,28.270000457763672,28.31999969482422,28.139999389648438,28.200000762939453,194559
2023-04-06,28.850000381469727,28.850000381469727,28.6299991607666,28.6299991607666,709485
2023-04-07,28.959999084472656,28.989999771118164,28.950000762939453,28.959999084472656,262464
2023-04-10,28.90999984741211,28.979999542236328,28.899999618530273,28.959999084472656,139715
2023-04-11,29.020000457763672,29.059999465942383,28.90999984741211,28.90999984741211,286618
2023-04-12,29.049999237060547,29.059999465942383,29.0,29.020000457763672,129010
2023-04-13,29.049999237060547,29.1299991607666,29.030000686645508,29.049999237060547,268821
2023-04-14,29.149999618530273,29.200000762939453,29.09000015258789,29.110000610351562,271734
2023-04-17,28.950000762939453,29.149999618530273,28.829999923706055,29.149999618530273,413177
2023-04-18,28.899999618530273,29.0,28.850000381469727,28.950000762939453,192256
2023-04-19,28.809999465942383,28.899999618530273,28.809999465942383,28.899999618530273,203018
2023-04-20,28.920000076293945,29.0,28.809999465942383,28.809999465942383,503200
2023-04-21,28.8799991607666,28.979999542236328,28.850000381469727,28.920000076293945,136092
2023-04-24,28.940000534057617,29.020000457763672,28.93000030517578,28.93000030517578,216399
2023-04-25,29.15999984741211,29.200000762939453,29.100000381469727,29.100000381469727,243200
2023-04-26,29.219999313354492,29.25,29.170000076293945,29.18000030517578,283238
2023-04-27,29.389999389648438,29.399999618530273,29.260000228881836,29.260000228881836,241503
2023-04-28,29.6200008392334,29.719999313354492,29.549999237060547,29.56999969482422,257772
2023-05-02,29.93000030517578,29.950000762939453,29.8799991607666,29.889999389648438,361254
2023-05-03,29.760000228881836,29.989999771118164,29.719999313354492,29.989999771118164,345812
2023-05-04,29.690000534057617,29.719999313354492,29.549999237060547,29.719999313354492,360341
2023-05-05,29.809999465942383,29.850000381469727,29.75,29.75,125220
2023-05-08,29.920000076293945,29.920000076293945,29.649999618530273,29.649999618530273,238725
2023-05-09,29.969999313354492,30.0,29.8799991607666,29.920000076293945,286000
2023-05-10,29.899999618530273,29.969999313354492,29.860000610351562,29.969999313354492,276001
2023-05-11,30.040000915527344,30.059999465942383,30.0,30.0,403563
2023-05-12,30.0,30.040000915527344,29.8799991607666,30.040000915527344,793103
2023-05-15,30.139999389648438,30.139999389648438,29.959999084472656,30.0,247081
2023-05-16,30.18000030517578,30.260000228881836,30.139999389648438,30.139999389648438,353112
2023-05-17,30.010000228881836,30.100000381469727,30.0,30.100000381469727,271867
2023-05-18,29.90999984741211,30.0,29.899999618530273,30.0,240417
2023-05-19,29.59000015258789,29.8700008392334,29.559999465942383,29.8700008392334,398351
2023-05-22,29.860000610351562,29.8799991607666,29.6200008392334,29.6200008392334,339645
2023-05-23,29.979999542236328,29.989999771118164,29.899999618530273,29.90999984741211,314432
2023-05-24,30.0,30.0,29.84000015258789,29.899999618530273,122000
2023-05-25,29.8700008392334,29.969999313354492,29.809999465942383,29.969999313354492,152000
2023-05-26,30.0,30.030000686645508,29.8799991607666,29.8799991607666,141609
2023-05-29,30.34000015258789,30.3700008392334,30.18000030517578,30.18000030517578,307430
2023-05-30,30.280000686645508,30.399999618530273,30.270000457763672,30.399999618530273,286644
2023-05-31,30.200000762939453,30.290000915527344,30.200000762939453,30.290000915527344,139898
2023-06-01,30.299999237060547,30.299999237060547,30.229999542236328,30.229999542236328,98080
2023-06-02,30.270000457763672,30.3700008392334,30.209999084472656,30.329999923706055,156043
2023-06-05,30.43000030517578,30.440000534057617,30.299999237060547,30.299999237060547,167892
2023-06-06,30.31999969482422,30.399999618530273,30.309999465942383,30.360000610351562,189803
2023-06-07,30.440000534057617,30.450000762939453,30.360000610351562,30.389999389648438,237364
2023-06-08,30.610000610351562,30.6299991607666,30.450000762939453,30.450000762939453,206956
2023-06-09,30.559999465942383,30.59000015258789,30.479999542236328,30.5,600099
2023-06-12,30.489999771118164,30.520000457763672,30.43000030517578,30.510000228881836,152015
2023-06-13,30.579999923706055,30.59000015258789,30.479999542236328,30.489999771118164,203945
2023-06-14,30.56999969482422,30.670000076293945,30.520000457763672,30.6200008392334,155041
2023-06-15,30.780000686645508,30.780000686645508,30.670000076293945,30.670000076293945,132464
2023-06-16,30.829999923706055,30.850000381469727,30.700000762939453,30.780000686645508,150343
2023-06-19,30.920000076293945,30.989999771118164,30.8700008392334,30.940000534057617,157429
2023-06-20,30.690000534057617,30.920000076293945,30.670000076293945,30.920000076293945,219514
2023-06-21,31.020000457763672,31.06999969482422,30.8700008392334,30.8700008392334,249740
2023-06-26,30.950000762939453,31.0,30.899999618530273,30.979999542236328,365136
2023-06-27,31.040000915527344,31.06999969482422,30.950000762939453,30.950000762939453,122499
2023-06-28,31.459999084472656,31.469999313354492,31.06999969482422,31.06999969482422,378270
2023-06-29,31.639999389648438,31.739999771118164,31.5,31.5,285802
2023-06-30,31.719999313354492,31.729999542236328,31.239999771118164,31.639999389648438,215754
2023-07-03,32.5,32.869998931884766,31.899999618530273,31.899999618530273,637305
2023-07-04,32.380001068115234,32.869998931884766,32.36000061035156,32.560001373291016,456361
2023-07-05,32.31999969482422,32.40999984741211,32.279998779296875,32.380001068115234,219154
2023-07-06,32.31999969482422,32.349998474121094,32.209999084472656,32.31999969482422,310010
2023-07-07,32.290000915527344,32.43000030517578,32.25,32.29999923706055,166230
2023-07-10,32.310001373291016,32.31999969482422,32.119998931884766,32.290000915527344,344500
2023-07-11,32.52000045776367,32.52000045776367,32.20000076293945,32.20000076293945,161307
2023-07-12,32.52000045776367,32.529998779296875,32.45000076293945,32.52000045776367,301500
2023-07-13,32.52000045776367,32.630001068115234,32.45000076293945,32.630001068115234,220901
2023-07-14,32.130001068115234,32.52000045776367,32.11000061035156,32.52000045776367,470572
2023-07-17,32.40999984741211,32.41999816894531,32.13999938964844,32.13999938964844,275611
2023-07-18,32.709999084472656,32.75,32.5,32.5,156128
2023-07-19,32.7599983215332,32.83000183105469,32.720001220703125,32.720001220703125,165191
2023-07-20,32.900001525878906,32.959999084472656,32.84000015258789,32.880001068115234,161308
2023-07-21,32.900001525878906,32.970001220703125,32.83000183105469,32.900001525878906,266080
2023-07-24,33.02000045776367,33.02000045776367,32.81999969482422,32.88999938964844,269999
2023-07-25,33.0099983215332,33.04999923706055,32.970001220703125,33.02000045776367,253644
2023-07-26,33.029998779296875,33.08000183105469,32.93000030517578,33.0099983215332,267302
2023-07-27,32.970001220703125,33.099998474121094,32.93000030517578,33.06999969482422,236542
2023-07-28,32.650001525878906,32.91999816894531,32.650001525878906,32.91999816894531,540693
2023-07-31,32.810001373291016,32.849998474121094,32.68000030517578,32.70000076293945,248185
2023-08-01,32.90999984741211,33.060001373291016,32.900001525878906,33.060001373291016,218134
2023-08-02,32.65999984741211,33.0,32.65999984741211,33.0,307936
2023-08-04,32.56999969482422,32.65999984741211,32.40999984741211,32.65999984741211,552191
2023-08-07,32.65999984741211,32.720001220703125,32.56999969482422,32.56999969482422,258690
2023-08-08,32.7599983215332,32.81999969482422,32.75,32.790000915527344,421282
2023-08-09,32.68000030517578,32.79999923706055,32.65999984741211,32.79999923706055,68309
2023-08-10,32.689998626708984,32.779998779296875,32.630001068115234,32.689998626708984,143161
2023-08-11,32.529998779296875,32.630001068115234,32.529998779296875,32.599998474121094,391529
2023-08-14,32.27000045776367,32.529998779296875,32.2400016784668,32.529998779296875,250617
2023-08-15,32.45000076293945,32.47999954223633,32.29999923706055,32.29999923706055,90245
2023-08-16,32.349998474121094,32.400001525878906,32.15999984741211,32.15999984741211,402100
2023-08-17,32.40999984741211,32.459999084472656,32.349998474121094,32.349998474121094,288010
2023-08-18,32.189998626708984,32.380001068115234,32.18000030517578,32.380001068115234,306811
2023-08-21,32.33000183105469,32.33000183105469,32.2400016784668,32.2599983215332,145354
2023-08-22,32.540000915527344,32.560001373291016,32.34000015258789,32.34000015258789,126021
2023-08-23,32.540000915527344,32.540000915527344,32.439998626708984,32.540000915527344,98750
2023-08-24,32.81999969482422,32.880001068115234,32.7599983215332,32.77000045776367,124100
2023-08-25,32.310001373291016,32.56999969482422,32.29999923706055,32.56999969482422,90235
2023-08-28,32.470001220703125,32.470001220703125,32.31999969482422,32.31999969482422,167337
2023-08-29,32.5099983215332,32.560001373291016,32.4900016784668,32.529998779296875,140371
2023-08-30,32.63999938964844,32.65999984741211,32.599998474121094,32.599998474121094,139075
2023-08-31,32.540000915527344,32.630001068115234,32.5,32.599998474121094,161507
2023-09-01,32.459999084472656,32.529998779296875,32.38999938964844,32.529998779296875,302558
2023-09-04,32.59000015258789,32.68000030517578,32.54999923706055,32.599998474121094,144761
2023-09-05,32.779998779296875,32.779998779296875,32.68000030517578,32.68000030517578,109585
2023-09-06,32.810001373291016,32.849998474121094,32.75,32.779998779296875,267792
2023-09-07,32.810001373291016,32.810001373291016,32.7400016784668,32.790000915527344,203529
2023-09-08,33.099998474121094,33.150001525878906,32.900001525878906,32.900001525878906,174862
2023-09-11,33.560001373291016,33.560001373291016,33.20000076293945,33.20000076293945,264259
2023-09-12,33.619998931884766,33.779998779296875,33.5,33.599998474121094,447072
2023-09-13,33.61000061035156,33.70000076293945,33.56999969482422,33.70000076293945,167488
2023-09-14,33.66999816894531,33.790000915527344,33.650001525878906,33.650001525878906,275022
2023-09-15,33.79999923706055,33.79999923706055,33.70000076293945,33.70000076293945,245419
2023-09-18,33.849998474121094,33.869998931884766,33.72999954223633,33.79999923706055,197869
2023-09-19,33.689998626708984,33.849998474121094,33.68000030517578,33.849998474121094,228537
2023-09-20,33.459999084472656,33.689998626708984,33.439998626708984,33.689998626708984,258418
2023-09-21,33.18000030517578,33.33000183105469,33.15999984741211,33.33000183105469,387719
2023-09-22,33.29999923706055,33.310001373291016,33.09000015258789,33.099998474121094,190700
2023-09-25,33.13999938964844,33.52000045776367,33.130001068115234,33.31999969482422,430412
2023-09-26,33.18000030517578,33.220001220703125,33.099998474121094,33.18000030517578,191000
2023-09-27,33.060001373291016,33.15999984741211,32.970001220703125,33.15999984741211,368530
2023-09-28,33.27000045776367,33.40999984741211,33.20000076293945,33.279998779296875,479607
2023-10-02,33.2599983215332,33.5,33.099998474121094,33.29999923706055,183129
2023-10-03,32.9900016784668,33.209999084472656,32.90999984741211,33.209999084472656,388000
2023-10-04,32.869998931884766,32.959999084472656,32.79999923706055,32.959999084472656,429355
2023-10-05,33.040000915527344,33.060001373291016,32.869998931884766,32.900001525878906,242369
2023-10-06,33.13999938964844,33.13999938964844,33.0,33.040000915527344,205273
2023-10-11,33.34000015258789,33.34000015258789,33.13999938964844,33.13999938964844,183152
2023-10-12,33.2599983215332,33.34000015258789,33.150001525878906,33.34000015258789,382028
2023-10-13,33.029998779296875,33.2599983215332,33.0,33.2599983215332,93084
2023-10-16,33.25,33.25,33.029998779296875,33.029998779296875,240000
2023-10-17,33.38999938964844,33.38999938964844,33.25,33.25,107365
2023-10-18,33.310001373291016,33.38999938964844,33.2599983215332,33.380001068115234,195038
2023-10-19,32.939998626708984,33.02000045776367,32.93000030517578,33.0099983215332,182000
2023-10-20,32.970001220703125,33.0,32.880001068115234,32.939998626708984,169169
2023-10-23,32.83000183105469,32.97999954223633,32.77000045776367,32.97999954223633,354392
2023-10-24,32.560001373291016,32.75,32.47999954223633,32.75,308492
2023-10-25,32.58000183105469,32.650001525878906,32.560001373291016,32.560001373291016,96470
2023-10-26,32.0,32.279998779296875,32.0,32.2599983215332,248221
2023-10-27,32.189998626708984,32.220001220703125,31.90999984741211,31.90999984741211,142500
2023-10-30,32.2400016784668,32.2599983215332,32.0099983215332,32.0099983215332,106132
2023-10-31,32.16999816894531,32.36000061035156,32.16999816894531,32.2400016784668,69000
2023-11-01,32.20000076293945,32.279998779296875,32.16999816894531,32.209999084472656,31155
2023-11-02,32.31999969482422,32.41999816894531,32.310001373291016,32.38999938964844,137180
2023-11-03,32.5,32.68000030517578,32.5,32.68000030517578,115053
2023-11-06,32.59000015258789,32.7400016784668,32.59000015258789,32.599998474121094,423017
2023-11-07,32.56999969482422,32.59000015258789,32.52000045776367,32.59000015258789,72011
2023-11-08,32.619998931884766,32.790000915527344,32.619998931884766,32.790000915527344,131235
2023-11-09,32.65999984741211,32.75,32.65999984741211,32.689998626708984,78348
2023-11-10,32.599998474121094,32.599998474121094,32.459999084472656,32.58000183105469,114193
2023-11-13,32.72999954223633,32.970001220703125,32.66999816894531,32.66999816894531,163075
2023-11-14,32.869998931884766,32.880001068115234,32.83000183105469,32.84000015258789,61000
2023-11-15,33.04999923706055,33.290000915527344,33.029998779296875,33.27000045776367,215557
2023-11-16,33.060001373291016,33.11000061035156,32.95000076293945,33.08000183105469,133210
2023-11-17,32.939998626708984,33.060001373291016,32.83000183105469,33.060001373291016,97060
2023-11-20,32.7400016784668,32.84000015258789,32.650001525878906,32.84000015258789,173040
2023-11-21,32.619998931884766,32.619998931884766,32.540000915527344,32.560001373291016,181697
2023-11-22,32.56999969482422,32.56999969482422,32.4900016784668,32.56999969482422,142302
2023-11-23,32.619998931884766,32.66999816894531,32.56999969482422,32.56999969482422,79734
2023-11-24,32.619998931884766,32.63999938964844,32.56999969482422,32.599998474121094,140110
2023-11-27,32.619998931884766,32.7400016784668,32.619998931884766,32.619998931884766,190442
2023-11-28,32.61000061035156,32.70000076293945,32.560001373291016,32.70000076293945,209634
2023-11-29,32.63999938964844,32.75,32.63999938964844,32.75,182454
2023-11-30,32.779998779296875,32.84000015258789,32.689998626708984,32.70000076293945,141463
2023-12-01,33.08000183105469,33.13999938964844,32.83000183105469,32.83000183105469,232770
2023-12-04,33.630001068115234,33.63999938964844,33.13999938964844,33.13999938964844,302667
2023-12-05,34.02000045776367,34.04999923706055,33.650001525878906,33.650001525878906,411498
2023-12-06,34.279998779296875,34.349998474121094,34.060001373291016,34.060001373291016,453606
2023-12-07,34.27000045776367,34.34000015258789,34.18000030517578,34.279998779296875,320506
2023-12-08,34.33000183105469,34.43000030517578,34.27000045776367,34.27000045776367,267457
2023-12-11,34.349998474121094,34.45000076293945,34.25,34.45000076293945,380182
2023-12-12,34.47999954223633,34.529998779296875,34.349998474121094,34.349998474121094,206207
2023-12-13,34.2400016784668,34.459999084472656,34.20000076293945,34.459999084472656,293074
2023-12-14,34.599998474121094,34.68000030517578,34.5,34.5,526557
2023-12-15,34.810001373291016,34.880001068115234,34.599998474121094,34.599998474121094,809134
2023-12-18,35.150001525878906,35.150001525878906,35.0,35.150001525878906,404100
2023-12-19,35.119998931884766,35.20000076293945,35.06999969482422,35.150001525878906,319089
2023-12-20,35.529998779296875,35.529998779296875,35.119998931884766,35.119998931884766,313212
2023-12-21,34.70000076293945,35.0,34.470001220703125,35.0,632147
2023-12-22,34.95000076293945,34.95000076293945,34.7400016784668,34.810001373291016,346179
2023-12-25,34.95000076293945,35.02000045776367,34.88999938964844,34.95000076293945,405750
2023-12-26,34.9900016784668,35.06999969482422,34.810001373291016,35.06999969482422,313836
2023-12-27,34.880001068115234,34.9900016784668,34.810001373291016,34.9900016784668,445496
2023-12-28,34.83000183105469,35.040000915527344,34.83000183105469,34.9900016784668,445360
2023-12-29,35.0,35.04999923706055,34.83000183105469,34.83000183105469,689752
2024-01-02,34.81999969482422,35.0,34.72999954223633,35.0,404003
2024-01-03,34.81999969482422,34.95000076293945,34.81999969482422,34.84000015258789,172971
2024-01-04,35.08000183105469,35.11000061035156,34.779998779296875,34.779998779296875,240280
2024-01-05,35.130001068115234,35.20000076293945,35.09000015258789,35.099998474121094,255567
2024-01-08,35.099998474121094,35.220001220703125,35.099998474121094,35.220001220703125,227190
2024-01-09,35.18000030517578,35.22999954223633,35.029998779296875,35.13999938964844,120064
2024-01-10,35.0,35.18000030517578,34.86000061035156,35.18000030517578,241446
2024-01-11,35.15999984741211,35.29999923706055,35.15999984741211,35.29999923706055,252219
2024-01-12,35.47999954223633,35.5,35.15999984741211,35.15999984741211,121086
2024-01-15,35.47999954223633,35.47999954223633,35.47999954223633,35.47999954223633,0
2024-01-16,36.43000030517578,36.43000030517578,36.150001525878906,36.150001525878906,568097
2024-01-17,35.81999969482422,36.43000030517578,35.81999969482422,36.43000030517578,629125
2024-01-18,35.22999954223633,35.79999923706055,35.11000061035156,35.79999923706055,939702
2024-01-19,35.5099983215332,35.56999969482422,35.2599983215332,35.2599983215332,413949
2024-01-22,35.599998474121094,35.77000045776367,35.52000045776367,35.52000045776367,261120
2024-01-23,35.27000045776367,35.619998931884766,35.25,35.599998474121094,547698
2024-01-24,35.04999923706055,35.099998474121094,34.66999816894531,34.97999954223633,944687
2024-01-25,34.75,35.08000183105469,34.75,35.06999969482422,410575
2024-01-26,34.84000015258789,34.880001068115234,34.779998779296875,34.79999923706055,272475
2024-01-29,35.27000045776367,35.27000045776367,34.84000015258789,34.84000015258789,451586
2024-01-30,35.380001068115234,35.52000045776367,35.29999923706055,35.29999923706055,591870
2024-01-31,35.29999923706055,35.29999923706055,34.959999084472656,35.099998474121094,495085
2024-02-01,35.66999816894531,35.66999816894531,35.29999923706055,35.29999923706055,331373
2024-02-02,35.689998626708984,35.77000045776367,35.66999816894531,35.66999816894531,935600
2024-02-05,35.70000076293945,35.79999923706055,35.56999969482422,35.79999923706055,648354
2024-02-15,35.70000076293945,35.95000076293945,35.61000061035156,35.70000076293945,986697
2024-02-16,35.869998931884766,35.91999816894531,35.70000076293945,35.70000076293945,1517378
2024-02-19,35.790000915527344,35.95000076293945,35.68000030517578,35.95000076293945,1262344
2024-02-20,35.83000183105469,35.88999938964844,35.779998779296875,35.869998931884766,570197
2024-02-21,36.060001373291016,36.16999816894531,35.91999816894531,35.91999816894531,715092
2024-02-22,35.91999816894531,36.09000015258789,35.869998931884766,36.04999923706055,511666
2024-02-23,36.369998931884766,36.439998626708984,36.13999938964844,36.13999938964844,727184
2024-02-26,36.20000076293945,36.459999084472656,36.189998626708984,36.400001525878906,719137
2024-02-27,36.11000061035156,36.22999954223633,36.09000015258789,36.20000076293945,650827
2024-02-29,35.86000061035156,36.0,35.779998779296875,35.900001525878906,690537
2024-03-01,36.130001068115234,36.13999938964844,35.900001525878906,35.900001525878906,626970
2024-03-04,36.369998931884766,36.439998626708984,36.29999923706055,36.29999923706055,657825
2024-03-05,36.20000076293945,36.369998931884766,36.16999816894531,36.369998931884766,485047
2024-03-06,36.27000045776367,36.400001525878906,36.150001525878906,36.189998626708984,484204
2024-03-07,36.5,36.56999969482422,36.310001373291016,36.310001373291016,874462
2024-03-08,36.77000045776367,36.79999923706055,36.5,36.5,697532
2024-03-11,36.58000183105469,36.77000045776367,36.540000915527344,36.77000045776367,571565
2024-03-12,36.380001068115234,36.58000183105469,36.34000015258789,36.58000183105469,670732
2024-03-13,36.33000183105469,36.47999954223633,36.29999923706055,36.47999954223633,335599
2024-03-14,36.13999938964844,36.13999938964844,35.7400016784668,36.0,669840
2024-03-15,35.93000030517578,36.119998931884766,35.93000030517578,36.119998931884766,504126
2024-03-18,36.11000061035156,36.279998779296875,35.93000030517578,35.93000030517578,699029
2024-03-19,35.9900016784668,36.119998931884766,35.95000076293945,36.11000061035156,421133
2024-03-20,35.88999938964844,36.0099983215332,35.849998474121094,35.869998931884766,549391
2024-03-21,36.349998474121094,36.380001068115234,35.93000030517578,35.93000030517578,398603
2024-03-22,36.38999938964844,36.7599983215332,36.0099983215332,36.7599983215332,415893
2024-03-25,36.2599983215332,36.59000015258789,36.18000030517578,36.59000015258789,633390
2024-03-26,36.369998931884766,36.41999816894531,36.2599983215332,36.2599983215332,572722
2024-03-27,36.369998931884766,36.45000076293945,36.06999969482422,36.369998931884766,415807
2024-03-28,36.56999969482422,36.61000061035156,36.279998779296875,36.400001525878906,622760
2024-03-29,36.70000076293945,36.709999084472656,36.56999969482422,36.56999969482422,198000
2024-04-01,36.93000030517578,36.93000030517578,36.70000076293945,36.70000076293945,340322
2024-04-02,36.790000915527344,36.93000030517578,36.779998779296875,36.93000030517578,544471
2024-04-03,36.75,36.93000030517578,36.66999816894531,36.93000030517578,359840
2024-04-08,37.150001525878906,37.150001525878906,36.900001525878906,36.900001525878906,521562
2024-04-09,37.5,37.5099983215332,37.27000045776367,37.27000045776367,387269
2024-04-10,37.349998474121094,37.5,37.33000183105469,37.5,353336
2024-04-11,37.33000183105469,37.470001220703125,37.33000183105469,37.470001220703125,342651
2024-04-12,37.5099983215332,37.540000915527344,37.29999923706055,37.400001525878906,292060
2024-04-15,36.83000183105469,37.47999954223633,36.68000030517578,37.47999954223633,778106
2024-04-16,36.41999816894531,36.65999984741211,36.33000183105469,36.65999984741211,791770
2024-04-17,36.5,36.59000015258789,36.41999816894531,36.41999816894531,453350
2024-04-18,36.38999938964844,36.5,36.36000061035156,36.5,418914
2024-04-19,35.77000045776367,36.349998474121094,35.47999954223633,36.349998474121094,1191158
2024-04-22,36.66999816894531,36.79999923706055,36.099998474121094,36.099998474121094,835767
2024-04-23,37.0099983215332,37.16999816894531,36.83000183105469,36.83000183105469,357804
2024-04-24,37.13999938964844,37.13999938964844,36.970001220703125,37.0099983215332,186690
2024-04-25,36.9900016784668,37.13999938964844,36.900001525878906,37.13999938964844,184348
2024-04-26,37.18000030517578,37.29999923706055,36.9900016784668,36.9900016784668,319808
2024-04-29,37.25,37.34000015258789,37.18000030517578,37.18000030517578,291384
2024-04-30,37.38999938964844,37.400001525878906,37.25,37.29999923706055,266649
2024-05-02,37.349998474121094,37.38999938964844,37.220001220703125,37.38999938964844,251583
2024-05-03,37.209999084472656,37.45000076293945,37.209999084472656,37.40999984741211,292100
2024-05-06,36.939998626708984,37.20000076293945,36.79999923706055,37.150001525878906,839836
2024-05-07,36.61000061035156,36.939998626708984,36.599998474121094,36.939998626708984,500478
2024-05-08,36.599998474121094,36.810001373291016,36.529998779296875,36.61000061035156,415513
2024-05-09,36.43000030517578,36.72999954223633,36.40999984741211,36.599998474121094,366000
2024-05-10,36.33000183105469,36.459999084472656,36.2599983215332,36.31999969482422,649135
2024-05-13,36.22999954223633,36.349998474121094,36.02000045776367,36.33000183105469,568156
2024-05-14,36.599998474121094,36.63999938964844,36.29999923706055,36.29999923706055,489725
2024-05-15,36.52000045776367,36.77000045776367,36.47999954223633,36.77000045776367,630369
2024-05-16,36.38999938964844,36.619998931884766,36.369998931884766,36.54999923706055,783400
2024-05-17,36.63999938964844,36.650001525878906,36.45000076293945,36.45000076293945,596990
2024-05-20,36.959999084472656,36.97999954223633,36.650001525878906,36.650001525878906,311319
2024-05-21,36.790000915527344,36.959999084472656,36.779998779296875,36.959999084472656,195609
2024-05-22,37.02000045776367,37.040000915527344,36.79999923706055,36.79999923706055,363120
2024-05-23,37.06999969482422,37.099998474121094,36.93000030517578,37.02000045776367,503769
2024-05-24,37.369998931884766,37.41999816894531,37.20000076293945,37.20000076293945,760181
2024-05-27,37.45000076293945,37.599998474121094,37.400001525878906,37.400001525878906,430726
2024-05-28,37.29999923706055,37.439998626708984,37.25,37.439998626708984,368338
2024-05-29,36.970001220703125,37.29999923706055,36.93000030517578,37.29999923706055,765350
2024-05-30,36.81999969482422,36.959999084472656,36.79999923706055,36.959999084472656,142109
2024-05-31,36.90999984741211,37.0,36.88999938964844,36.95000076293945,156977
2024-06-03,37.77000045776367,38.099998474121094,36.90999984741211,36.90999984741211,1091658
2024-06-04,36.75,38.25,36.75,37.939998626708984,1757500
2024-06-05,36.40999984741211,36.40999984741211,36.0,36.29999923706055,2328520
2024-06-06,37.40999984741211,37.45000076293945,36.709999084472656,36.75,944558
2024-06-07,37.40999984741211,37.43000030517578,37.18000030517578,37.400001525878906,686212
2024-06-11,38.0,38.029998779296875,37.45000076293945,37.45000076293945,913911
2024-06-12,38.150001525878906,38.150001525878906,37.88999938964844,37.900001525878906,289766
2024-06-13,38.119998931884766,38.150001525878906,38.04999923706055,38.150001525878906,415366
2024-06-14,38.15999984741211,38.20000076293945,38.04999923706055,38.20000076293945,409260
2024-06-17,38.349998474121094,38.40999984741211,38.20000076293945,38.20000076293945,302580
2024-06-18,38.45000076293945,38.5,38.36000061035156,38.36000061035156,223823
2024-06-19,38.25,38.58000183105469,38.150001525878906,38.470001220703125,743757
2024-06-20,38.36000061035156,38.40999984741211,38.27000045776367,38.290000915527344,319291
2024-06-21,38.27000045776367,38.400001525878906,38.27000045776367,38.400001525878906,274537
2024-06-24,38.2400016784668,38.29999923706055,38.040000915527344,38.29999923706055,397199
2024-06-25,38.43000030517578,38.43000030517578,38.2599983215332,38.2599983215332,201662
2024-06-26,38.84000015258789,38.84000015258789,38.58000183105469,38.58000183105469,355719
2024-06-27,39.08000183105469,39.220001220703125,38.88999938964844,38.88999938964844,376317
2024-06-28,39.540000915527344,39.560001373291016,39.400001525878906,39.400001525878906,288198
2024-07-01,39.38999938964844,39.4900016784668,39.27000045776367,39.4900016784668,368955
2024-07-02,39.66999816894531,39.709999084472656,39.40999984741211,39.40999984741211,391247
2024-07-03,39.90999984741211,39.91999816894531,39.72999954223633,39.77000045776367,237680
2024-07-04,39.959999084472656,40.0099983215332,39.91999816894531,39.91999816894531,364463
2024-07-05,39.66999816894531,39.939998626708984,39.61000061035156,39.939998626708984,476140
2024-07-08,39.84000015258789,39.95000076293945,39.70000076293945,39.70000076293945,388600
2024-07-09,40.150001525878906,40.150001525878906,39.900001525878906,39.900001525878906,261452
2024-07-10,39.95000076293945,40.290000915527344,39.93000030517578,40.150001525878906,436650
2024-07-11,39.9900016784668,40.25,39.9900016784668,40.08000183105469,480965
2024-07-12,40.2400016784668,40.27000045776367,40.029998779296875,40.27000045776367,219691
2024-07-15,40.56999969482422,40.56999969482422,40.34000015258789,40.34000015258789,297017
2024-07-16,40.709999084472656,40.709999084472656,40.349998474121094,40.56999969482422,431625
2024-07-17,40.790000915527344,40.849998474121094,40.689998626708984,40.709999084472656,401955
2024-07-18,40.4900016784668,40.790000915527344,40.400001525878906,40.790000915527344,871078
2024-07-19,40.7599983215332,41.0,40.65999984741211,40.65999984741211,499397
2024-07-22,40.68000030517578,40.77000045776367,40.2599983215332,40.619998931884766,525195
2024-07-23,40.439998626708984,40.68000030517578,40.43000030517578,40.68000030517578,510918
2024-07-26,40.689998626708984,40.720001220703125,40.310001373291016,40.33000183105469,470898
2024-07-29,41.15999984741211,41.20000076293945,40.970001220703125,41.0,652144
2024-07-30,41.130001068115234,41.15999984741211,40.91999816894531,41.15999984741211,430285
2024-07-31,41.16999816894531,41.16999816894531,41.0,41.0,150146
2024-08-01,41.22999954223633,41.279998779296875,41.06999969482422,41.20000076293945,244101
2024-08-02,40.93000030517578,41.20000076293945,40.83000183105469,41.20000076293945,623492
2024-08-05,39.0,40.040000915527344,39.0,40.040000915527344,1900575
2024-08-06,39.34000015258789,39.779998779296875,39.0,39.0,990830
2024-08-07,40.0099983215332,40.06999969482422,39.130001068115234,39.130001068115234,879047
2024-08-08,39.470001220703125,39.810001373291016,39.439998626708984,39.810001373291016,300589
2024-08-09,39.68000030517578,39.880001068115234,39.5,39.5,393200
2024-08-12,39.7599983215332,39.79999923706055,39.560001373291016,39.79999923706055,352000
2024-08-13,39.599998474121094,39.83000183105469,39.59000015258789,39.83000183105469,246518
2024-08-14,39.2599983215332,39.54999923706055,39.20000076293945,39.54999923706055,726286
2024-08-15,39.38999938964844,39.45000076293945,39.220001220703125,39.279998779296875,351467
2024-08-16,39.5099983215332,39.779998779296875,39.43000030517578,39.779998779296875,619000
2024-08-19,39.599998474121094,40.099998474121094,39.599998474121094,40.099998474121094,622110
2024-08-20,39.650001525878906,39.7599983215332,39.54999923706055,39.7599983215332,192202
2024-08-21,39.70000076293945,39.7400016784668,39.650001525878906,39.650001525878906,179504
2024-08-22,39.849998474121094,39.91999816894531,39.790000915527344,39.880001068115234,206927
2024-08-23,40.0,40.0099983215332,39.79999923706055,39.79999923706055,936867
2024-08-26,40.0,40.08000183105469,39.939998626708984,40.0,868083
2024-08-27,39.91999816894531,40.0,39.900001525878906,40.0,401151
2024-08-28,40.02000045776367,40.08000183105469,39.91999816894531,39.91999816894531,170100
2024-08-29,40.11000061035156,40.20000076293945,39.95000076293945,39.9900016784668,153601
2024-08-30,40.310001373291016,40.31999969482422,40.130001068115234,40.130001068115234,214022
2024-09-02,40.54999923706055,40.56999969482422,40.310001373291016,40.310001373291016,224520
2024-09-03,40.41999816894531,40.5,40.36000061035156,40.5,174109
2024-09-04,40.189998626708984,40.22999954223633,39.959999084472656,40.20000076293945,642411
2024-09-05,40.290000915527344,40.439998626708984,40.279998779296875,40.369998931884766,274304
2024-09-06,39.79999923706055,40.16999816894531,39.72999954223633,40.08000183105469,449079
2024-09-09,39.880001068115234,39.880001068115234,39.5,39.5,209659
2024-09-10,40.02000045776367,40.11000061035156,39.88999938964844,39.88999938964844,101721
2024-09-11,40.119998931884766,40.150001525878906,40.02000045776367,40.040000915527344,174850
2024-09-12,40.11000061035156,40.209999084472656,40.06999969482422,40.119998931884766,242400
2024-09-13,40.5,40.52000045776367,40.40999984741211,40.43000030517578,204298
2024-09-16,40.529998779296875,40.77000045776367,40.45000076293945,40.77000045776367,174503
2024-09-18,40.310001373291016,40.529998779296875,40.20000076293945,40.529998779296875,199080
2024-09-19,40.650001525878906,40.779998779296875,40.41999816894531,40.43000030517578,239184
2024-09-20,40.779998779296875,40.810001373291016,40.560001373291016,40.650001525878906,290558
2024-09-23,41.34000015258789,41.400001525878906,41.119998931884766,41.130001068115234,403159
2024-09-24,41.650001525878906,41.720001220703125,41.540000915527344,41.540000915527344,423250
2024-09-25,41.36000061035156,41.630001068115234,41.349998474121094,41.630001068115234,276248
2024-09-26,41.7599983215332,41.79999923706055,41.459999084472656,41.459999084472656,342371
2024-09-27,41.63999938964844,41.83000183105469,41.54999923706055,41.7599983215332,1360666
2024-09-30,41.040000915527344,41.63999938964844,40.9900016784668,41.63999938964844,304648
2024-10-01,40.90999984741211,41.11000061035156,40.900001525878906,40.959999084472656,310374
2024-10-04,40.43000030517578,40.599998474121094,40.2400016784668,40.470001220703125,772582
2024-10-07,39.880001068115234,40.40999984741211,39.880001068115234,40.40999984741211,682151
2024-10-08,39.709999084472656,39.84000015258789,39.459999084472656,39.84000015258789,869941
2024-10-09,40.16999816894531,40.20000076293945,39.79999923706055,39.79999923706055,431811
2024-10-11,39.84000015258789,40.099998474121094,39.70000076293945,40.099998474121094,392169
2024-10-14,40.029998779296875,40.04999923706055,39.79999923706055,40.0,265840
2024-10-15,39.900001525878906,40.189998626708984,39.849998474121094,40.189998626708984,410724
2024-10-16,39.849998474121094,39.9900016784668,39.7599983215332,39.849998474121094,321003
2024-10-17,39.61000061035156,39.869998931884766,39.599998474121094,39.849998474121094,361999
2024-10-18,39.36000061035156,39.5,39.099998474121094,39.5,861620
2024-10-21,39.22999954223633,39.5,39.09000015258789,39.36000061035156,362238
2024-10-22,39.2599983215332,39.5099983215332,39.18000030517578,39.290000915527344,346543
2024-10-23,38.91999816894531,39.0,38.77000045776367,39.0,646181
2024-10-24,38.720001220703125,38.880001068115234,38.650001525878906,38.880001068115234,290245
2024-10-25,38.310001373291016,38.720001220703125,38.310001373291016,38.720001220703125,619300
2024-10-28,38.72999954223633,38.77000045776367,38.31999969482422,38.31999969482422,472210
2024-10-29,38.400001525878906,38.779998779296875,38.36000061035156,38.7400016784668,282125
2024-10-30,38.77000045776367,38.869998931884766,38.68000030517578,38.849998474121094,321844
2024-11-01,38.599998474121094,38.599998474121094,38.209999084472656,38.560001373291016,214000
2024-11-04,37.61000061035156,38.470001220703125,37.61000061035156,38.470001220703125,678800
2024-11-05,37.88999938964844,37.939998626708984,37.66999816894531,37.66999816894531,758295
2024-11-06,38.599998474121094,38.720001220703125,37.88999938964844,37.88999938964844,516120
2024-11-07,38.58000183105469,38.90999984741211,38.54999923706055,38.650001525878906,409513
2024-11-08,38.2599983215332,38.540000915527344,38.150001525878906,38.540000915527344,560018
2024-11-11,38.439998626708984,38.459999084472656,38.099998474121094,38.25,424245
2024-11-12,38.34000015258789,38.540000915527344,38.34000015258789,38.439998626708984,301296
2024-11-13,37.88999938964844,38.20000076293945,37.84000015258789,38.20000076293945,327354
2024-11-14,37.650001525878906,37.77000045776367,37.54999923706055,37.54999923706055,459586
2024-11-15,37.65999984741211,37.689998626708984,37.619998931884766,37.650001525878906,281248
2024-11-18,37.36000061035156,37.599998474121094,37.29999923706055,37.59000015258789,545560
2024-11-19,37.779998779296875,37.83000183105469,37.380001068115234,37.38999938964844,344433
2024-11-20,37.65999984741211,37.65999984741211,37.65999984741211,37.65999984741211,372
2024-11-21,37.349998474121094,37.61000061035156,37.22999954223633,37.61000061035156,332000
2024-11-22,37.63999938964844,37.709999084472656,37.349998474121094,37.349998474121094,211085
2024-11-25,38.83000183105469,38.869998931884766,38.0,38.0,393249
2024-11-26,38.52000045776367,38.79999923706055,38.470001220703125,38.79999923706055,322350
2024-11-27,38.58000183105469,38.689998626708984,38.54999923706055,38.61000061035156,222350
2024-11-28,38.45000076293945,38.84000015258789,38.439998626708984,38.58000183105469,408200
2024-11-29,38.369998931884766,38.439998626708984,38.119998931884766,38.439998626708984,165150
2024-12-02,38.5,38.720001220703125,38.290000915527344,38.720001220703125,216502
2024-12-03,38.939998626708984,38.939998626708984,38.599998474121094,38.599998474121094,218879
2024-12-04,39.0,39.060001373291016,38.869998931884766,38.939998626708984,272994
2024-12-05,38.630001068115234,38.939998626708984,38.630001068115234,38.939998626708984,246544
2024-12-06,39.150001525878906,39.20000076293945,39.0,39.0,595981
2024-12-09,39.060001373291016,39.150001525878906,38.97999954223633,39.150001525878906,242207
2024-12-10,38.9900016784668,39.119998931884766,38.970001220703125,39.060001373291016,241400
2024-12-11,39.11000061035156,39.11000061035156,38.959999084472656,38.9900016784668,225428
2024-12-12,38.97999954223633,39.130001068115234,38.95000076293945,39.11000061035156,478352
2024-12-13,38.290000915527344,38.95000076293945,38.25,38.95000076293945,354350
2024-12-16,38.970001220703125,39.18000030517578,38.95000076293945,39.04999923706055,449373
2024-12-17,38.68000030517578,38.95000076293945,38.61000061035156,38.95000076293945,294750
2024-12-18,38.29999923706055,38.54999923706055,38.29999923706055,38.54999923706055,527059
2024-12-19,37.959999084472656,38.040000915527344,37.81999969482422,38.0,509227
2024-12-20,37.90999984741211,38.0,37.70000076293945,37.81999969482422,238175
2024-12-23,37.7599983215332,37.88999938964844,37.599998474121094,37.88999938964844,411071
2024-12-24,37.779998779296875,37.810001373291016,37.599998474121094,37.7599983215332,671637
2024-12-25,37.630001068115234,37.779998779296875,37.58000183105469,37.779998779296875,238845
2024-12-26,37.540000915527344,37.720001220703125,37.529998779296875,37.65999984741211,433078
2024-12-27,37.779998779296875,37.849998474121094,37.709999084472656,37.720001220703125,781130
2024-12-30,37.56999969482422,37.77000045776367,37.40999984741211,37.77000045776367,363051
2024-12-31,37.22999954223633,37.40999984741211,37.08000183105469,37.40999984741211,525359
2025-01-02,37.599998474121094,37.599998474121094,37.31999969482422,37.31999969482422,521649
2025-01-03,37.81999969482422,38.04999923706055,37.81999969482422,37.91999816894531,378000
2025-01-06,37.689998626708984,38.0099983215332,37.65999984741211,37.84000015258789,402600
2025-01-07,37.310001373291016,37.349998474121094,37.209999084472656,37.29999923706055,565530
2025-01-08,37.16999816894531,37.40999984741211,37.16999816894531,37.279998779296875,204702
2025-01-09,37.20000076293945,37.34000015258789,37.20000076293945,37.279998779296875,58050
2025-01-10,36.91999816894531,37.099998474121094,36.81999969482422,37.06999969482422,390700
2025-01-13,36.75,36.779998779296875,36.599998474121094,36.7400016784668,360082
2025-01-14,36.56999969482422,36.599998474121094,36.47999954223633,36.599998474121094,325406
2025-01-15,36.61000061035156,36.61000061035156,36.400001525878906,36.56999969482422,294166
2025-01-16,36.7400016784668,36.86000061035156,36.709999084472656,36.709999084472656,425082
2025-01-17,36.349998474121094,36.59000015258789,36.349998474121094,36.56999969482422,319000
2025-01-20,36.560001373291016,36.599998474121094,36.40999984741211,36.45000076293945,305102
2025-01-21,36.349998474121094,36.68000030517578,36.29999923706055,36.599998474121094,733183
2025-01-22,36.2400016784668,36.290000915527344,36.16999816894531,36.290000915527344,383338
2025-02-03,36.43000030517578,36.45000076293945,36.2400016784668,36.2400016784668,846562
2025-02-04,36.939998626708984,37.25,36.79999923706055,36.79999923706055,808876
2025-02-05,37.33000183105469,37.459999084472656,37.040000915527344,37.040000915527344,408373
2025-02-06,36.97999954223633,37.33000183105469,36.97999954223633,37.33000183105469,561428
2025-02-07,36.77000045776367,36.97999954223633,36.70000076293945,36.97999954223633,503752
2025-02-10,36.52000045776367,36.689998626708984,36.4900016784668,36.68000030517578,593877
2025-02-11,36.369998931884766,36.650001525878906,36.369998931884766,36.59000015258789,448566
2025-02-12,36.02000045776367,36.310001373291016,35.90999984741211,36.29999923706055,935144
2025-02-13,36.38999938964844,36.400001525878906,36.040000915527344,36.040000915527344,579602
2025-02-14,35.9900016784668,36.31999969482422,35.959999084472656,36.29999923706055,828083
2025-02-17,35.880001068115234,36.0,35.75,35.9900016784668,1090184
2025-02-18,35.83000183105469,35.97999954223633,35.70000076293945,35.90999984741211,600275
2025-02-19,35.939998626708984,36.119998931884766,35.790000915527344,35.83000183105469,418910
2025-02-20,35.86000061035156,35.939998626708984,35.77000045776367,35.939998626708984,201499
2025-02-21,35.7599983215332,35.93000030517578,35.7400016784668,35.86000061035156,472922
2025-02-24,35.459999084472656,35.65999984741211,35.45000076293945,35.599998474121094,912090
2025-02-25,35.36000061035156,35.45000076293945,35.33000183105469,35.45000076293945,331454
2025-02-26,35.34000015258789,35.41999816894531,35.33000183105469,35.380001068115234,453085
2025-02-27,35.209999084472656,35.34000015258789,35.16999816894531,35.34000015258789,463388
2025-03-03,34.4900016784668,34.91999816894531,34.459999084472656,34.91999816894531,1042889
2025-03-04,34.45000076293945,34.4900016784668,34.310001373291016,34.400001525878906,437613
2025-03-05,34.810001373291016,34.810001373291016,34.400001525878906,34.470001220703125,462762
2025-03-06,35.02000045776367,35.08000183105469,34.810001373291016,34.810001373291016,555000
2025-03-07,35.369998931884766,35.369998931884766,35.099998474121094,35.099998474121094,280307
2025-03-10,35.34000015258789,35.369998931884766,35.150001525878906,35.369998931884766,409418
2025-03-11,35.0099983215332,35.150001525878906,34.66999816894531,35.150001525878906,305720
2025-03-12,34.93000030517578,35.13999938964844,34.90999984741211,35.09000015258789,247772
2025-03-13,35.18000030517578,35.22999954223633,35.11000061035156,35.13999938964844,336640
2025-03-14,35.16999816894531,35.189998626708984,35.040000915527344,35.18000030517578,331000
2025-03-17,35.400001525878906,35.5099983215332,35.2599983215332,35.2599983215332,396085
2025-03-18,35.779998779296875,35.790000915527344,35.540000915527344,35.540000915527344,279525
2025-03-19,36.09000015258789,36.09000015258789,35.91999816894531,35.91999816894531,477645
2025-03-20,36.25,36.34000015258789,36.16999816894531,36.16999816894531,537142
2025-03-21,36.75,36.75,36.45000076293945,36.54999923706055,732490
2025-03-24,37.18000030517578,37.18000030517578,36.810001373291016,36.810001373291016,637077
2025-03-25,37.5,37.68000030517578,37.34000015258789,37.400001525878906,572767
2025-03-26,37.47999954223633,37.630001068115234,37.400001525878906,37.56999969482422,691000
2025-03-27,37.22999954223633,37.38999938964844,37.029998779296875,37.38999938964844,332209
2025-03-28,37.310001373291016,37.380001068115234,37.099998474121094,37.2599983215332,553201
2025-03-31,36.7599983215332,37.06999969482422,36.709999084472656,37.06999969482422,601749
2025-04-01,36.779998779296875,37.189998626708984,36.779998779296875,37.0099983215332,295014
2025-04-02,36.88999938964844,36.88999938964844,36.689998626708984,36.779998779296875,229060
2025-04-07,34.83000183105469,34.97999954223633,31.84000015258789,31.84000015258789,1769965
2025-04-08,35.04999923706055,35.45000076293945,34.810001373291016,34.810001373291016,942477
2025-04-09,34.77000045776367,35.189998626708984,34.7599983215332,35.189998626708984,535930
2025-04-10,36.2400016784668,36.70000076293945,36.09000015258789,36.599998474121094,846244
2025-04-11,35.5,35.90999984741211,35.34000015258789,35.90999984741211,343305
2025-04-14,35.790000915527344,36.66999816894531,35.5099983215332,36.66999816894531,225014
2025-04-15,35.90999984741211,35.91999816894531,35.709999084472656,35.810001373291016,363150
2025-04-16,36.029998779296875,36.189998626708984,35.88999938964844,35.9900016784668,325350
2025-04-17,36.29999923706055,36.31999969482422,36.0099983215332,36.0099983215332,283027
2025-04-18,37.2400016784668,37.279998779296875,36.810001373291016,36.810001373291016,430651
2025-04-21,37.5099983215332,37.5099983215332,37.0099983215332,37.41999816894531,1041295
2025-04-22,37.63999938964844,37.650001525878906,37.470001220703125,37.52000045776367,746327
2025-04-23,37.599998474121094,38.0,37.599998474121094,37.849998474121094,584000
2025-04-24,37.84000015258789,37.900001525878906,37.77000045776367,37.79999923706055,418000
2025-04-25,37.4900016784668,38.060001373291016,37.459999084472656,37.91999816894531,1770530
2025-04-28,38.220001220703125,38.220001220703125,37.63999938964844,37.63999938964844,1055533
2025-04-29,38.150001525878906,38.29999923706055,38.119998931884766,38.220001220703125,1082027
2025-04-30,37.81999969482422,38.150001525878906,37.70000076293945,38.150001525878906,541508
2025-05-02,37.70000076293945,38.0099983215332,37.5,38.0,1273063
2025-05-05,36.040000915527344,37.36000061035156,35.88999938964844,37.279998779296875,1180019
2025-05-06,36.279998779296875,36.599998474121094,35.70000076293945,36.040000915527344,863100
2025-05-07,36.189998626708984,36.31999969482422,36.0,36.279998779296875,443366
2025-05-08,36.36000061035156,36.689998626708984,36.13999938964844,36.220001220703125,310091
2025-05-09,35.29999923706055,35.849998474121094,35.22999954223633,35.849998474121094,1872176
2025-05-12,36.5099983215332,36.540000915527344,35.40999984741211,35.40999984741211,1022786
2025-05-13,36.560001373291016,36.970001220703125,36.47999954223633,36.970001220703125,657125
2025-05-14,36.47999954223633,36.79999923706055,36.400001525878906,36.79999923706055,454376
2025-05-15,36.349998474121094,36.47999954223633,36.06999969482422,36.47999954223633,299507
2025-05-16,36.619998931884766,36.93000030517578,36.599998474121094,36.599998474121094,512205
2025-05-19,36.689998626708984,36.70000076293945,36.58000183105469,36.650001525878906,220183
2025-05-20,36.68000030517578,36.810001373291016,36.599998474121094,36.689998626708984,100244
2025-05-21,36.61000061035156,36.650001525878906,36.2599983215332,36.349998474121094,212524
2025-05-22,35.970001220703125,36.279998779296875,35.88999938964844,36.2400016784668,321039
2025-05-23,36.220001220703125,36.220001220703125,35.869998931884766,36.040000915527344,174777
2025-05-26,36.529998779296875,36.58000183105469,36.2400016784668,36.45000076293945,367144
2025-05-27,36.04999923706055,36.459999084472656,36.040000915527344,36.45000076293945,173000
2025-05-28,36.060001373291016,36.2400016784668,36.0,36.2400016784668,174354
2025-05-29,36.04999923706055,36.2599983215332,36.04999923706055,36.04999923706055,118599
2025-06-02,35.939998626708984,36.130001068115234,35.79999923706055,36.04999923706055,295027
2025-06-03,36.0099983215332,36.290000915527344,35.939998626708984,36.290000915527344,122000
2025-06-04,35.869998931884766,35.95000076293945,35.81999969482422,35.900001525878906,349198
2025-06-05,35.970001220703125,36.029998779296875,35.83000183105469,35.869998931884766,223223
2025-06-06,36.279998779296875,36.279998779296875,35.939998626708984,35.970001220703125,240430
2025-06-09,36.540000915527344,36.59000015258789,36.349998474121094,36.349998474121094,198012
2025-06-10,36.5099983215332,36.58000183105469,36.47999954223633,36.540000915527344,127039
2025-06-11,36.560001373291016,36.56999969482422,36.470001220703125,36.52000045776367,205294
2025-06-12,36.290000915527344,36.56999969482422,36.279998779296875,36.560001373291016,308420
2025-06-13,35.470001220703125,35.88999938964844,35.31999969482422,35.880001068115234,676230
2025-06-16,35.81999969482422,35.88999938964844,35.4900016784668,35.4900016784668,284533
2025-06-17,35.630001068115234,35.810001373291016,35.619998931884766,35.810001373291016,114573
2025-06-18,35.599998474121094,35.720001220703125,35.4900016784668,35.630001068115234,144534
2025-06-19,35.47999954223633,35.599998474121094,35.310001373291016,35.599998474121094,240000
2025-06-20,35.709999084472656,35.720001220703125,35.310001373291016,35.47999954223633,74000
2025-06-23,35.529998779296875,35.66999816894531,35.41999816894531,35.65999984741211,164000
2025-06-24,35.91999816894531,36.040000915527344,35.619998931884766,35.619998931884766,431091
2025-06-25,35.95000076293945,35.959999084472656,35.779998779296875,35.91999816894531,113000
2025-06-26,35.900001525878906,36.0,35.84000015258789,35.970001220703125,388000
2025-06-27,36.11000061035156,36.349998474121094,36.099998474121094,36.20000076293945,344000
2025-06-30,36.27000045776367,36.380001068115234,36.20000076293945,36.33000183105469,364000
2025-07-01,36.20000076293945,36.27000045776367,36.15999984741211,36.27000045776367,170220
2025-07-02,36.08000183105469,36.20000076293945,36.029998779296875,36.20000076293945,96030
2025-07-03,35.900001525878906,36.029998779296875,35.75,36.029998779296875,256354
2025-07-04,35.70000076293945,35.810001373291016,35.65999984741211,35.79999923706055,207027
2025-07-07,35.91999816894531,36.02000045776367,35.779998779296875,35.779998779296875,231117
2025-07-08,35.97999954223633,35.9900016784668,35.86000061035156,35.959999084472656,40207
2025-07-09,36.11000061035156,36.11000061035156,36.0,36.02000045776367,123000
2025-07-10,36.150001525878906,36.34000015258789,36.11000061035156,36.11000061035156,534218
2025-07-11,35.869998931884766,36.150001525878906,35.869998931884766,36.150001525878906,197231
2025-07-14,35.65999984741211,35.86000061035156,35.619998931884766,35.86000061035156,90300
2025-07-15,35.900001525878906,36.0099983215332,35.65999984741211,35.65999984741211,98155
2025-07-16,35.849998474121094,35.9900016784668,35.810001373291016,35.900001525878906,133094
2025-07-17,36.0,36.119998931884766,35.970001220703125,36.0,181000
2025-07-18,35.59000015258789,36.11000061035156,35.560001373291016,36.0,314430
2025-07-21,35.630001068115234,35.630001068115234,35.400001525878906,35.59000015258789,209228
2025-07-22,35.709999084472656,35.79999923706055,35.630001068115234,35.630001068115234,81000
2025-07-23,35.70000076293945,35.790000915527344,35.66999816894531,35.709999084472656,179212
2025-07-24,35.75,35.869998931884766,35.720001220703125,35.720001220703125,136766
2025-07-25,35.40999984741211,35.70000076293945,35.38999938964844,35.70000076293945,393520
2025-07-28,35.529998779296875,35.849998474121094,35.349998474121094,35.849998474121094,245705
2025-07-29,35.34000015258789,35.400001525878906,35.2599983215332,35.349998474121094,216088
2025-07-30,35.400001525878906,35.4900016784668,35.36000061035156,35.36000061035156,150180
2025-07-31,35.25,35.400001525878906,35.060001373291016,35.400001525878906,297761
2025-08-01,35.47999954223633,35.9900016784668,35.290000915527344,35.400001525878906,229043
2025-08-04,35.16999816894531,35.400001525878906,35.099998474121094,35.400001525878906,217300
2025-08-05,35.06999969482422,35.40999984741211,35.060001373291016,35.40999984741211,316039
2025-08-06,35.060001373291016,35.209999084472656,35.04999923706055,35.06999969482422,178074
2025-08-07,34.810001373291016,34.9900016784668,34.79999923706055,34.9900016784668,630343
2025-08-08,34.81999969482422,35.029998779296875,34.79999923706055,34.810001373291016,309755
2025-08-11,34.880001068115234,34.90999984741211,34.810001373291016,34.90999984741211,292042
2025-08-12,35.209999084472656,35.33000183105469,34.91999816894531,34.91999816894531,210115
2025-08-13,35.27000045776367,35.27000045776367,35.189998626708984,35.209999084472656,149447
2025-08-14,35.29999923706055,35.310001373291016,35.209999084472656,35.22999954223633,90050
2025-08-15,35.290000915527344,35.29999923706055,35.150001525878906,35.29999923706055,111091
2025-08-18,35.81999969482422,35.880001068115234,35.290000915527344,35.290000915527344,435921
2025-08-19,35.72999954223633,35.81999969482422,35.709999084472656,35.81999969482422,244007
2025-08-20,35.9900016784668,35.9900016784668,35.75,35.75,410493
2025-08-21,36.4900016784668,36.4900016784668,36.0,36.0,513500
2025-08-22,36.2400016784668,36.4900016784668,36.189998626708984,36.4900016784668,589084
2025-08-25,36.150001525878906,36.29999923706055,36.099998474121094,36.2400016784668,226699
2025-08-26,35.81999969482422,36.150001525878906,35.779998779296875,36.150001525878906,304250
2025-08-27,35.75,35.849998474121094,35.720001220703125,35.790000915527344,211000
2025-08-28,35.619998931884766,35.880001068115234,35.54999923706055,35.75,962000
2025-08-29,35.5,35.619998931884766,35.459999084472656,35.619998931884766,304826
2025-09-01,35.45000076293945,35.5,35.310001373291016,35.310001373291016,167392
2025-09-02,35.869998931884766,35.869998931884766,35.5,35.5,483136
2025-09-03,35.72999954223633,35.779998779296875,35.689998626708984,35.779998779296875,403000
2025-09-04,35.97999954223633,36.099998474121094,35.75,35.75,332150
2025-09-05,35.560001373291016,35.97999954223633,35.5,35.97999954223633,646271
2025-09-08,35.630001068115234,35.75,35.560001373291016,35.650001525878906,223050
2025-09-09,35.540000915527344,35.630001068115234,35.540000915527344,35.630001068115234,375000
2025-09-10,35.70000076293945,35.72999954223633,35.540000915527344,35.540000915527344,442339
2025-09-11,35.68000030517578,35.75,35.66999816894531,35.75,210050
2025-09-12,35.81999969482422,35.83000183105469,35.72999954223633,35.77000045776367,457000
2025-09-15,35.880001068115234,35.90999984741211,35.83000183105469,35.83000183105469,246935
2025-09-16,35.849998474121094,35.880001068115234,35.7599983215332,35.880001068115234,366869
2025-09-17,35.880001068115234,35.95000076293945,35.81999969482422,35.849998474121094,556820
2025-09-18,36.119998931884766,36.119998931884766,35.900001525878906,35.900001525878906,757074
2025-09-19,35.939998626708984,36.119998931884766,35.880001068115234,36.119998931884766,286301
2025-09-22,36.0,36.099998474121094,35.939998626708984,36.099998474121094,373071
2025-09-23,35.650001525878906,35.9900016784668,35.630001068115234,35.9900016784668,241307
2025-09-24,35.56999969482422,35.630001068115234,35.54999923706055,35.599998474121094,244251
2025-09-25,35.529998779296875,35.7599983215332,35.5099983215332,35.599998474121094,187702
2025-09-26,35.5099983215332,35.68000030517578,35.45000076293945,35.529998779296875,243040
2025-09-30,35.130001068115234,35.439998626708984,34.630001068115234,35.439998626708984,939220
2025-10-01,35.15999984741211,35.290000915527344,35.130001068115234,35.290000915527344,261028
2025-10-02,35.36000061035156,35.5,35.20000076293945,35.20000076293945,207000
2025-10-03,35.310001373291016,35.47999954223633,35.290000915527344,35.45000076293945,216196
2025-10-07,35.79999923706055,35.88999938964844,35.45000076293945,35.45000076293945,263369
2025-10-08,35.810001373291016,35.90999984741211,35.810001373291016,35.849998474121094,178106
2025-10-09,35.810001373291016,35.83000183105469,35.75,35.810001373291016,156853
2025-10-13,35.90999984741211,35.91999816894531,35.77000045776367,35.810001373291016,466611
2025-10-14,35.970001220703125,36.040000915527344,35.90999984741211,35.90999984741211,418200
2025-10-15,36.189998626708984,36.189998626708984,36.0,36.0,569812
2025-10-16,36.75,36.75,36.33000183105469,36.33000183105469,1078100
2025-10-17,37.09000015258789,37.099998474121094,36.79999923706055,36.79999923706055,826046
2025-10-20,37.33000183105469,37.369998931884766,37.09000015258789,37.09000015258789,796398
2025-10-21,37.02000045776367,37.33000183105469,37.0099983215332,37.33000183105469,674111
2025-10-22,37.369998931884766,37.400001525878906,37.02000045776367,37.02000045776367,844824
2025-10-23,37.619998931884766,37.77000045776367,37.59000015258789,37.59000015258789,665072
2025-10-27,37.540000915527344,37.619998931884766,37.36000061035156,37.619998931884766,636206
2025-10-28,37.189998626708984,37.54999923706055,37.18000030517578,37.540000915527344,386961
2025-10-29,37.38999938964844,37.459999084472656,37.189998626708984,37.20000076293945,210325
2025-10-30,37.18000030517578,37.47999954223633,37.16999816894531,37.47999954223633,239072
2025-10-31,37.06999969482422,37.369998931884766,37.04999923706055,37.20000076293945,297310
2025-11-03,36.939998626708984,37.0,36.849998474121094,37.0,497000
2025-11-04,36.849998474121094,37.09000015258789,36.849998474121094,36.939998626708984,387000
2025-11-05,36.68000030517578,36.83000183105469,36.54999923706055,36.83000183105469,576202
2025-11-06,36.720001220703125,37.08000183105469,36.709999084472656,36.849998474121094,289000
2025-11-07,36.54999923706055,36.790000915527344,36.54999923706055,36.720001220703125,142014
2025-11-10,36.90999984741211,36.93000030517578,36.599998474121094,36.599998474121094,135000
2025-11-11,36.70000076293945,36.95000076293945,36.70000076293945,36.90999984741211,133395
2025-11-12,37.27000045776367,37.29999923706055,37.099998474121094,37.099998474121094,372220
2025-11-13,37.380001068115234,37.41999816894531,37.279998779296875,37.41999816894531,328469
2025-11-14,37.27000045776367,37.31999969482422,37.11000061035156,37.279998779296875,246066
2025-11-17,37.43000030517578,37.459999084472656,37.209999084472656,37.27000045776367,338410
2025-11-18,37.34000015258789,37.5,37.279998779296875,37.43000030517578,390880
2025-11-19,37.43000030517578,37.439998626708984,37.34000015258789,37.34000015258789,287079
2025-11-20,37.66999816894531,37.68000030517578,37.56999969482422,37.56999969482422,224385
2025-11-21,37.56999969482422,37.720001220703125,37.45000076293945,37.45000076293945,488238
2025-11-24,37.68000030517578,37.689998626708984,37.56999969482422,37.599998474121094,238868
2025-11-25,37.5,37.68000030517578,37.5,37.68000030517578,122508
2025-11-26,37.58000183105469,37.599998474121094,37.380001068115234,37.5,431427
2025-11-27,37.689998626708984,37.779998779296875,37.689998626708984,37.70000076293945,508146
2025-11-28,37.689998626708984,37.79999923706055,37.63999938964844,37.79999923706055,213973
2025-12-01,37.63999938964844,37.79999923706055,37.63999938964844,37.689998626708984,225000
2025-12-02,37.349998474121094,37.599998474121094,37.34000015258789,37.599998474121094,233052
2025-12-03,37.04999923706055,37.41999816894531,37.02000045776367,37.41999816894531,268500
2025-12-04,37.220001220703125,37.2599983215332,36.97999954223633,37.04999923706055,310000
2025-12-05,37.43000030517578,37.43000030517578,37.220001220703125,37.220001220703125,157811
2025-12-08,37.220001220703125,37.4900016784668,37.15999984741211,37.47999954223633,328333
2025-12-09,36.81999969482422,37.220001220703125,36.72999954223633,37.220001220703125,384030
2025-12-10,37.02000045776367,37.13999938964844,36.81999969482422,36.81999969482422,276482
2025-12-11,36.900001525878906,37.02000045776367,36.77000045776367,37.02000045776367,388000
2025-12-12,37.040000915527344,37.150001525878906,36.95000076293945,37.11000061035156,184464
2025-12-15,37.0,37.04999923706055,36.900001525878906,37.040000915527344,93120
2025-12-16,36.90999984741211,37.08000183105469,36.90999984741211,37.0,236000
2025-12-17,37.09000015258789,37.349998474121094,36.90999984741211,36.90999984741211,278100
2025-12-18,37.099998474121094,37.189998626708984,36.880001068115234,37.189998626708984,172050
2025-12-19,37.310001373291016,37.36000061035156,37.099998474121094,37.099998474121094,130154
2025-12-22,37.66999816894531,37.66999816894531,37.459999084472656,37.459999084472656,519150
2025-12-23,37.619998931884766,37.900001525878906,37.61000061035156,37.900001525878906,266009
2025-12-24,37.61000061035156,37.75,37.61000061035156,37.619998931884766,206010
2025-12-26,37.41999816894531,37.689998626708984,37.38999938964844,37.61000061035156,193930
2025-12-29,37.290000915527344,37.41999816894531,37.290000915527344,37.41999816894531,161418
2025-12-30,37.13999938964844,37.20000076293945,37.119998931884766,37.13999938964844,110000
2025-12-31,37.27000045776367,37.290000915527344,37.13999938964844,37.13999938964844,241854
2026-01-02,37.599998474121094,37.599998474121094,37.310001373291016,37.310001373291016,386178
2026-01-05,37.630001068115234,37.790000915527344,37.4900016784668,37.70000076293945,399803
2026-01-06,37.630001068115234,37.72999954223633,37.599998474121094,37.630001068115234,327650
2026-01-07,37.5099983215332,37.599998474121094,37.43000030517578,37.599998474121094,193431
2026-01-08,37.5099983215332,37.59000015258789,37.4900016784668,37.59000015258789,236792
2026-01-09,37.349998474121094,37.5,37.31999969482422,37.5,135001
2026-01-12,36.81999969482422,37.22999954223633,36.81999969482422,37.22999954223633,536000
2026-01-13,37.119998931884766,37.290000915527344,36.970001220703125,36.970001220703125,301625
2026-01-14,37.02000045776367,37.130001068115234,36.97999954223633,37.119998931884766,453509
2026-01-15,37.06999969482422,37.150001525878906,37.0,37.02000045776367,223010
2026-01-16,37.119998931884766,37.150001525878906,36.939998626708984,37.0,423330
2026-01-19,36.619998931884766,37.0,36.61000061035156,37.0,571300
2026-01-20,36.58000183105469,36.779998779296875,36.54999923706055,36.619998931884766,359416
2026-01-21,35.95000076293945,36.4900016784668,35.95000076293945,36.4900016784668,794607
2026-01-22,36.13999938964844,36.369998931884766,36.119998931884766,36.15999984741211,389000
2026-01-23,36.0,36.20000076293945,36.0,36.15999984741211,379001
2026-01-26,36.209999084472656,36.209999084472656,35.65999984741211,35.95000076293945,455408
2026-01-27,35.66999816894531,36.130001068115234,35.61000061035156,36.130001068115234,769608
2026-01-28,35.790000915527344,35.95000076293945,35.66999816894531,35.68000030517578,409653
2026-01-29,35.720001220703125,35.849998474121094,35.70000076293945,35.79999923706055,291499
2026-01-30,35.90999984741211,36.08000183105469,35.84000015258789,36.0,291083
2026-02-02,35.709999084472656,35.84000015258789,35.470001220703125,35.779998779296875,666264
2026-02-03,37.349998474121094,37.95000076293945,37.0,37.0,3024136
2026-02-04,37.189998626708984,37.34000015258789,37.060001373291016,37.34000015258789,480520
2026-02-05,37.099998474121094,37.400001525878906,37.099998474121094,37.2400016784668,344613
2026-02-06,36.959999084472656,37.150001525878906,36.91999816894531,36.9900016784668,321948
2026-02-09,37.349998474121094,37.45000076293945,37.11000061035156,37.11000061035156,457234
2026-02-10,37.369998931884766,37.380001068115234,37.150001525878906,37.349998474121094,679410
2026-02-11,37.279998779296875,37.599998474121094,37.22999954223633,37.599998474121094,339200
2026-02-23,36.709999084472656,37.22999954223633,36.68000030517578,37.22999954223633,722435
2026-02-24,36.41999816894531,36.709999084472656,36.41999816894531,36.709999084472656,475038
2026-02-25,36.439998626708984,36.45000076293945,36.29999923706055,36.41999816894531,384346
2026-02-26,36.310001373291016,36.439998626708984,36.2400016784668,36.439998626708984,393450
2026-03-02,35.560001373291016,35.810001373291016,35.34000015258789,35.70000076293945,919591
2026-03-03,35.27000045776367,35.54999923706055,35.27000045776367,35.52000045776367,670606
2026-03-04,34.84000015258789,35.150001525878906,34.75,35.150001525878906,801122
2026-03-05,35.27000045776367,35.349998474121094,35.130001068115234,35.18000030517578,455331
2026-03-06,35.2400016784668,35.41999816894531,35.220001220703125,35.34000015258789,504227
2026-03-09,34.150001525878906,34.75,33.84000015258789,34.75,771474
2026-03-10,34.63999938964844,35.040000915527344,34.5099983215332,34.75,268000
2026-03-11,34.54999923706055,34.7400016784668,34.5,34.63999938964844,630001
2026-03-12,34.0,34.529998779296875,33.84000015258789,34.5099983215332,843159
2026-03-13,33.5,33.84000015258789,33.439998626708984,33.84000015258789,789100
2026-03-16,33.18000030517578,33.5099983215332,33.16999816894531,33.38999938964844,1040443
2026-03-17,33.70000076293945,33.810001373291016,33.529998779296875,33.529998779296875,962139
2026-03-18,33.88999938964844,33.900001525878906,33.72999954223633,33.72999954223633,898717
