Price,Close,High,Low,Open,Volume
Ticker,00664R.TW,00664R.TW,00664R.TW,00664R.TW,00664R.TW
Date,,,,,
2021-03-18,7.010000228881836,7.03000020980835,6.949999809265137,7.0,5036000
2021-03-19,7.110000133514404,7.139999866485596,7.070000171661377,7.079999923706055,5442000
2021-03-22,7.050000190734863,7.159999847412109,7.039999961853027,7.130000114440918,4757000
2021-03-23,7.070000171661377,7.070000171661377,7.0,7.03000020980835,3443000
2021-03-24,7.139999866485596,7.139999866485596,7.090000152587891,7.119999885559082,3516000
2021-03-25,7.110000133514404,7.179999828338623,7.079999923706055,7.159999847412109,3530000
2021-03-26,7.0,7.090000152587891,6.989999771118164,7.079999923706055,9384000
2021-03-29,6.929999828338623,6.96999979019165,6.909999847412109,6.949999809265137,6225000
2021-03-30,6.900000095367432,6.940000057220459,6.889999866485596,6.909999847412109,4470000
2021-03-31,6.940000057220459,6.940000057220459,6.889999866485596,6.900000095367432,2542000
2021-04-01,6.889999866485596,6.909999847412109,6.869999885559082,6.880000114440918,4368000
2021-04-07,6.78000020980835,6.829999923706055,6.78000020980835,6.800000190734863,2981000
2021-04-08,6.730000019073486,6.820000171661377,6.730000019073486,6.809999942779541,4252000
2021-04-09,6.75,6.769999980926514,6.710000038146973,6.710000038146973,2485000
2021-04-12,6.760000228881836,6.789999961853027,6.710000038146973,6.739999771118164,2248000
2021-04-13,6.769999980926514,6.78000020980835,6.670000076293945,6.730000019073486,5283000
2021-04-14,6.760000228881836,6.849999904632568,6.71999979019165,6.75,6564000
2021-04-15,6.690000057220459,6.760000228881836,6.679999828338623,6.739999771118164,5133000
2021-04-16,6.639999866485596,6.699999809265137,6.639999866485596,6.690000057220459,3898000
2021-04-19,6.590000152587891,6.650000095367432,6.579999923706055,6.639999866485596,6075000
2021-04-20,6.590000152587891,6.619999885559082,6.579999923706055,6.599999904632568,10451000
2021-04-21,6.610000133514404,6.639999866485596,6.599999904632568,6.610000133514404,5112000
2021-04-22,6.650000095367432,6.650000095367432,6.53000020980835,6.570000171661377,8921000
2021-04-23,6.579999923706055,6.659999847412109,6.579999923706055,6.639999866485596,6071000
2021-04-26,6.46999979019165,6.539999961853027,6.46999979019165,6.539999961853027,8134000
2021-04-27,6.460000038146973,6.489999771118164,6.449999809265137,6.460000038146973,4196000
2021-04-28,6.460000038146973,6.489999771118164,6.460000038146973,6.46999979019165,3135621
2021-04-29,6.460000038146973,6.460000038146973,6.400000095367432,6.440000057220459,13080000
2021-05-03,6.579999923706055,6.579999923706055,6.46999979019165,6.480000019073486,21014000
2021-05-04,6.679999828338623,6.78000020980835,6.539999961853027,6.559999942779541,23290000
2021-05-05,6.75,6.75,6.650000095367432,6.670000076293945,8061000
2021-05-06,6.679999828338623,6.769999980926514,6.630000114440918,6.699999809265137,16020000
2021-05-07,6.550000190734863,6.630000114440918,6.550000190734863,6.599999904632568,7359000
2021-05-10,6.559999942779541,6.579999923706055,6.539999961853027,6.539999961853027,2880000
2021-05-11,6.820000171661377,6.869999885559082,6.659999847412109,6.710000038146973,15017264
2021-05-12,7.150000095367432,7.440000057220459,6.820000171661377,6.849999904632568,52984000
2021-05-13,7.21999979019165,7.340000152587891,7.039999961853027,7.21999979019165,30136199
2021-05-14,7.150000095367432,7.190000057220459,7.03000020980835,7.110000133514404,17440000
2021-05-17,7.340000152587891,7.429999828338623,7.159999847412109,7.380000114440918,36014000
2021-05-18,6.929999828338623,7.21999979019165,6.929999828338623,7.190000057220459,31098099
2021-05-19,6.949999809265137,7.010000228881836,6.900000095367432,6.989999771118164,13340000
2021-05-20,7.0,7.050000190734863,6.949999809265137,6.960000038146973,13842000
2021-05-21,6.869999885559082,6.949999809265137,6.800000190734863,6.849999904632568,16114000
2021-05-24,6.840000152587891,6.929999828338623,6.820000171661377,6.920000076293945,7539000
2021-05-25,6.71999979019165,6.800000190734863,6.71999979019165,6.789999961853027,12752000
2021-05-26,6.71999979019165,6.769999980926514,6.710000038146973,6.710000038146973,4711000
2021-05-27,6.75,6.820000171661377,6.739999771118164,6.760000228881836,7373000
2021-05-28,6.630000114440918,6.699999809265137,6.610000133514404,6.670000076293945,14652000
2021-05-31,6.559999942779541,6.610000133514404,6.53000020980835,6.599999904632568,14610000
2021-06-01,6.510000228881836,6.559999942779541,6.510000228881836,6.539999961853027,6602000
2021-06-02,6.510000228881836,6.550000190734863,6.489999771118164,6.510000228881836,5257000
2021-06-03,6.46999979019165,6.5,6.440000057220459,6.480000019073486,7635000
2021-06-04,6.510000228881836,6.539999961853027,6.489999771118164,6.519999980926514,4759000
2021-06-07,6.519999980926514,6.650000095367432,6.489999771118164,6.489999771118164,7412000
2021-06-08,6.539999961853027,6.539999961853027,6.489999771118164,6.510000228881836,3213000
2021-06-09,6.579999923706055,6.599999904632568,6.539999961853027,6.550000190734863,3746000
2021-06-10,6.5,6.570000171661377,6.489999771118164,6.550000190734863,8098000
2021-06-11,6.480000019073486,6.480000019073486,6.440000057220459,6.460000038146973,5615000
2021-06-15,6.409999847412109,6.449999809265137,6.409999847412109,6.440000057220459,3579005
2021-06-16,6.420000076293945,6.449999809265137,6.400000095367432,6.440000057220459,3795000
2021-06-17,6.409999847412109,6.5,6.409999847412109,6.489999771118164,5792000
2021-06-18,6.409999847412109,6.429999828338623,6.400000095367432,6.409999847412109,5155000
2021-06-21,6.510000228881836,6.550000190734863,6.460000038146973,6.480000019073486,7717000
2021-06-22,6.510000228881836,6.510000228881836,6.449999809265137,6.449999809265137,6894016
2021-06-23,6.400000095367432,6.489999771118164,6.389999866485596,6.46999979019165,9902000
2021-06-24,6.380000114440918,6.409999847412109,6.360000133514404,6.400000095367432,7462000
2021-06-25,6.349999904632568,6.369999885559082,6.309999942779541,6.349999904632568,7037000
2021-06-28,6.309999942779541,6.360000133514404,6.300000190734863,6.340000152587891,3070000
2021-06-29,6.300000190734863,6.340000152587891,6.289999961853027,6.289999961853027,4470000
2021-06-30,6.239999771118164,6.300000190734863,6.230000019073486,6.300000190734863,8324000
2021-07-01,6.269999980926514,6.289999961853027,6.21999979019165,6.25,6105000
2021-07-02,6.260000228881836,6.289999961853027,6.239999771118164,6.25,2271001
2021-07-05,6.159999847412109,6.21999979019165,6.150000095367432,6.210000038146973,14865495
2021-07-06,6.170000076293945,6.190000057220459,6.139999866485596,6.139999866485596,4819000
2021-07-07,6.190000057220459,6.230000019073486,6.170000076293945,6.199999809265137,3700000
2021-07-08,6.190000057220459,6.239999771118164,6.170000076293945,6.190000057220459,3023000
2021-07-09,6.260000228881836,6.300000190734863,6.230000019073486,6.260000228881836,8033100
2021-07-12,6.179999828338623,6.210000038146973,6.139999866485596,6.170000076293945,7208000
2021-07-13,6.170000076293945,6.190000057220459,6.119999885559082,6.130000114440918,6102000
2021-07-14,6.190000057220459,6.21999979019165,6.150000095367432,6.170000076293945,3211000
2021-07-15,6.130000114440918,6.179999828338623,6.119999885559082,6.159999847412109,6342000
2021-07-16,6.150000095367432,6.210000038146973,6.150000095367432,6.190000057220459,3362000
2021-07-19,6.199999809265137,6.25,6.199999809265137,6.210000038146973,11186000
2021-07-20,6.309999942779541,6.320000171661377,6.239999771118164,6.260000228881836,15422000
2021-07-21,6.320000171661377,6.349999904632568,6.25,6.260000228881836,8863000
2021-07-22,6.269999980926514,6.289999961853027,6.21999979019165,6.269999980926514,5916000
2021-07-23,6.25,6.269999980926514,6.210000038146973,6.239999771118164,7251000
2021-07-26,6.309999942779541,6.320000171661377,6.239999771118164,6.239999771118164,10385000
2021-07-27,6.340000152587891,6.340000152587891,6.28000020980835,6.300000190734863,6204000
2021-07-28,6.440000057220459,6.5,6.360000133514404,6.360000133514404,27281000
2021-07-29,6.300000190734863,6.389999866485596,6.289999961853027,6.360000133514404,15517000
2021-07-30,6.340000152587891,6.349999904632568,6.289999961853027,6.320000171661377,7736000
2021-08-02,6.239999771118164,6.349999904632568,6.239999771118164,6.289999961853027,5879000
2021-08-03,6.230000019073486,6.269999980926514,6.21999979019165,6.230000019073486,2841000
2021-08-04,6.190000057220459,6.230000019073486,6.190000057220459,6.199999809265137,5060000
2021-08-05,6.210000038146973,6.210000038146973,6.190000057220459,6.190000057220459,5858000
2021-08-06,6.239999771118164,6.269999980926514,6.21999979019165,6.21999979019165,5647000
2021-08-09,6.260000228881836,6.309999942779541,6.239999771118164,6.269999980926514,6048000
2021-08-10,6.309999942779541,6.309999942779541,6.239999771118164,6.25,5505000
2021-08-11,6.340000152587891,6.380000114440918,6.289999961853027,6.329999923706055,9583000
2021-08-12,6.329999923706055,6.360000133514404,6.309999942779541,6.329999923706055,3494000
2021-08-13,6.420000076293945,6.420000076293945,6.349999904632568,6.349999904632568,8662000
2021-08-16,6.46999979019165,6.489999771118164,6.420000076293945,6.429999828338623,16719000
2021-08-17,6.53000020980835,6.539999961853027,6.440000057220459,6.440000057220459,16447000
2021-08-18,6.449999809265137,6.630000114440918,6.449999809265137,6.610000133514404,25159000
2021-08-19,6.630000114440918,6.630000114440918,6.480000019073486,6.480000019073486,17840000
2021-08-20,6.639999866485596,6.690000057220459,6.570000171661377,6.579999923706055,18007010
2021-08-23,6.46999979019165,6.550000190734863,6.440000057220459,6.550000190734863,13578000
2021-08-24,6.429999828338623,6.449999809265137,6.400000095367432,6.420000076293945,6695000
2021-08-25,6.369999885559082,6.420000076293945,6.349999904632568,6.400000095367432,11508020
2021-08-26,6.360000133514404,6.380000114440918,6.300000190734863,6.300000190734863,7255000
2021-08-27,6.269999980926514,6.369999885559082,6.260000228881836,6.360000133514404,14303000
2021-08-30,6.21999979019165,6.260000228881836,6.21999979019165,6.239999771118164,6092000
2021-08-31,6.190000057220459,6.28000020980835,6.179999828338623,6.21999979019165,3781000
2021-09-01,6.159999847412109,6.199999809265137,6.159999847412109,6.190000057220459,8130000
2021-09-02,6.230000019073486,6.239999771118164,6.150000095367432,6.179999828338623,5983001
2021-09-03,6.150000095367432,6.199999809265137,6.130000114440918,6.179999828338623,4930000
2021-09-06,6.170000076293945,6.179999828338623,6.119999885559082,6.150000095367432,3485000
2021-09-07,6.179999828338623,6.210000038146973,6.150000095367432,6.159999847412109,2924000
2021-09-08,6.25,6.269999980926514,6.179999828338623,6.179999828338623,4373000
2021-09-09,6.239999771118164,6.300000190734863,6.21999979019165,6.269999980926514,3098000
2021-09-10,6.159999847412109,6.230000019073486,6.159999847412109,6.230000019073486,5338000
2021-09-13,6.170000076293945,6.199999809265137,6.159999847412109,6.170000076293945,1864000
2021-09-14,6.150000095367432,6.170000076293945,6.130000114440918,6.139999866485596,2564000
2021-09-15,6.190000057220459,6.21999979019165,6.170000076293945,6.170000076293945,2650000
2021-09-16,6.21999979019165,6.239999771118164,6.179999828338623,6.179999828338623,2428000
2021-09-17,6.179999828338623,6.239999771118164,6.170000076293945,6.230000019073486,6467000
2021-09-22,6.340000152587891,6.389999866485596,6.320000171661377,6.349999904632568,11787000
2021-09-23,6.269999980926514,6.309999942779541,6.25,6.28000020980835,6194000
2021-09-24,6.230000019073486,6.239999771118164,6.199999809265137,6.230000019073486,11694000
2021-09-27,6.199999809265137,6.21999979019165,6.179999828338623,6.199999809265137,5691000
2021-09-28,6.239999771118164,6.28000020980835,6.239999771118164,6.25,6170000
2021-09-29,6.369999885559082,6.380000114440918,6.329999923706055,6.349999904632568,10363000
2021-09-30,6.329999923706055,6.409999847412109,6.309999942779541,6.369999885559082,8596000
2021-10-01,6.480000019073486,6.510000228881836,6.380000114440918,6.380000114440918,10135000
2021-10-04,6.519999980926514,6.550000190734863,6.429999828338623,6.429999828338623,12651000
2021-10-05,6.519999980926514,6.639999866485596,6.510000228881836,6.599999904632568,12967000
2021-10-06,6.539999961853027,6.579999923706055,6.480000019073486,6.480000019073486,6357000
2021-10-07,6.400000095367432,6.46999979019165,6.380000114440918,6.46999979019165,11170097
2021-10-08,6.440000057220459,6.440000057220459,6.380000114440918,6.380000114440918,3748000
2021-10-12,6.5,6.550000190734863,6.489999771118164,6.519999980926514,8799000
2021-10-13,6.53000020980835,6.539999961853027,6.449999809265137,6.460000038146973,7734000
2021-10-14,6.519999980926514,6.539999961853027,6.460000038146973,6.46999979019165,3460000
2021-10-15,6.360000133514404,6.449999809265137,6.360000133514404,6.409999847412109,12332000
2021-10-18,6.380000114440918,6.389999866485596,6.329999923706055,6.340000152587891,3357000
2021-10-19,6.300000190734863,6.360000133514404,6.289999961853027,6.340000152587891,6383000
2021-10-20,6.300000190734863,6.320000171661377,6.289999961853027,6.300000190734863,2453000
2021-10-21,6.320000171661377,6.329999923706055,6.25,6.309999942779541,3819000
2021-10-22,6.320000171661377,6.349999904632568,6.300000190734863,6.320000171661377,2521000
2021-10-25,6.300000190734863,6.360000133514404,6.289999961853027,6.340000152587891,4995000
2021-10-26,6.25,6.289999961853027,6.239999771118164,6.269999980926514,3060000
2021-10-27,6.239999771118164,6.289999961853027,6.239999771118164,6.269999980926514,2327000
2021-10-28,6.239999771118164,6.269999980926514,6.230000019073486,6.260000228881836,1836000
2021-10-29,6.289999961853027,6.309999942779541,6.25,6.25,2642000
2021-11-01,6.230000019073486,6.25,6.21999979019165,6.25,2414000
2021-11-02,6.260000228881836,6.269999980926514,6.170000076293945,6.21999979019165,4662000
2021-11-03,6.239999771118164,6.25,6.21999979019165,6.230000019073486,3022000
2021-11-04,6.230000019073486,6.239999771118164,6.179999828338623,6.190000057220459,2913000
2021-11-05,6.170000076293945,6.230000019073486,6.170000076293945,6.21999979019165,7514000
2021-11-08,6.119999885559082,6.170000076293945,6.119999885559082,6.170000076293945,4619000
2021-11-09,6.070000171661377,6.099999904632568,6.059999942779541,6.099999904632568,5916000
2021-11-10,6.070000171661377,6.099999904632568,6.059999942779541,6.079999923706055,2646000
2021-11-11,6.099999904632568,6.130000114440918,6.079999923706055,6.119999885559082,3317000
2021-11-12,6.070000171661377,6.090000152587891,6.039999961853027,6.070000171661377,5372000
2021-11-15,6.03000020980835,6.050000190734863,6.019999980926514,6.039999961853027,4773000
2021-11-16,6.03000020980835,6.039999961853027,6.010000228881836,6.03000020980835,3025000
2021-11-17,6.010000228881836,6.03000020980835,6.0,6.010000228881836,2205100
2021-11-18,5.960000038146973,6.0,5.960000038146973,5.989999771118164,5009000
2021-11-19,5.96999979019165,5.980000019073486,5.929999828338623,5.940000057220459,3906399
2021-11-22,5.960000038146973,5.980000019073486,5.949999809265137,5.980000019073486,1698699
2021-11-23,6.03000020980835,6.039999961853027,6.0,6.010000228881836,4116000
2021-11-24,6.03000020980835,6.050000190734863,6.010000228881836,6.03000020980835,4087000
2021-11-25,6.019999980926514,6.050000190734863,6.010000228881836,6.010000228881836,2590000
2021-11-26,6.139999866485596,6.150000095367432,6.050000190734863,6.059999942779541,7922000
2021-11-29,6.150000095367432,6.190000057220459,6.099999904632568,6.159999847412109,9734694
2021-11-30,6.130000114440918,6.139999866485596,6.059999942779541,6.099999904632568,5434000
2021-12-01,6.039999961853027,6.139999866485596,6.03000020980835,6.139999866485596,9565000
2021-12-02,6.010000228881836,6.070000171661377,6.010000228881836,6.070000171661377,7230000
2021-12-03,6.0,6.039999961853027,6.0,6.010000228881836,6029000
2021-12-06,6.010000228881836,6.070000171661377,6.0,6.039999961853027,4955005
2021-12-07,5.989999771118164,6.039999961853027,5.980000019073486,6.010000228881836,3076000
2021-12-08,5.940000057220459,5.949999809265137,5.909999847412109,5.920000076293945,8222000
2021-12-09,5.929999828338623,5.96999979019165,5.929999828338623,5.940000057220459,3274000
2021-12-10,5.960000038146973,5.989999771118164,5.949999809265137,5.960000038146973,2309000
2021-12-13,5.96999979019165,5.96999979019165,5.929999828338623,5.940000057220459,2212000
2021-12-14,6.039999961853027,6.050000190734863,6.0,6.0,4459615
2021-12-15,6.03000020980835,6.059999942779541,6.010000228881836,6.050000190734863,2120000
2021-12-16,5.949999809265137,6.0,5.949999809265137,5.960000038146973,4306000
2021-12-17,5.949999809265137,5.989999771118164,5.949999809265137,5.96999979019165,2542000
2021-12-20,6.010000228881836,6.03000020980835,5.96999979019165,5.980000019073486,5221309
2021-12-21,5.940000057220459,6.010000228881836,5.929999828338623,6.0,5215000
2021-12-22,5.940000057220459,5.960000038146973,5.929999828338623,5.940000057220459,8003000
2021-12-23,5.909999847412109,5.920000076293945,5.889999866485596,5.909999847412109,3976000
2021-12-24,5.900000095367432,5.900000095367432,5.869999885559082,5.889999866485596,5123000
2021-12-27,5.860000133514404,5.889999866485596,5.849999904632568,5.889999866485596,8544000
2021-12-28,5.809999942779541,5.849999904632568,5.809999942779541,5.840000152587891,3564391
2021-12-29,5.800000190734863,5.820000171661377,5.78000020980835,5.809999942779541,4372000
2021-12-30,5.809999942779541,5.820000171661377,5.789999961853027,5.800000190734863,2577000
2022-01-03,5.800000190734863,5.820000171661377,5.75,5.78000020980835,2786000
2022-01-04,5.71999979019165,5.75,5.71999979019165,5.75,7649000
2022-01-05,5.739999771118164,5.739999771118164,5.699999809265137,5.71999979019165,12415000
2022-01-06,5.760000228881836,5.800000190734863,5.739999771118164,5.78000020980835,27670050
2022-01-07,5.829999923706055,5.829999923706055,5.730000019073486,5.730000019073486,4496050
2022-01-10,5.800000190734863,5.869999885559082,5.789999961853027,5.849999904632568,3780000
2022-01-11,5.800000190734863,5.840000152587891,5.78000020980835,5.800000190734863,24670000
2022-01-12,5.760000228881836,5.789999961853027,5.760000228881836,5.760000228881836,2109000
2022-01-13,5.739999771118164,5.760000228881836,5.71999979019165,5.75,4942000
2022-01-14,5.760000228881836,5.800000190734863,5.71999979019165,5.730000019073486,4892151
2022-01-17,5.710000038146973,5.739999771118164,5.710000038146973,5.730000019073486,4802554
2022-01-18,5.75,5.75,5.690000057220459,5.710000038146973,21521000
2022-01-19,5.809999942779541,5.809999942779541,5.760000228881836,5.800000190734863,5438000
2022-01-20,5.78000020980835,5.829999923706055,5.769999980926514,5.809999942779541,17384000
2022-01-21,5.900000095367432,5.909999847412109,5.849999904632568,5.849999904632568,8641020
2022-01-24,5.880000114440918,5.960000038146973,5.869999885559082,5.940000057220459,12472159
2022-01-25,5.96999979019165,6.0,5.929999828338623,5.929999828338623,24098000
2022-01-26,5.980000019073486,5.989999771118164,5.940000057220459,5.989999771118164,14685000
2022-02-07,5.900000095367432,5.960000038146973,5.889999866485596,5.940000057220459,5934000
2022-02-08,5.849999904632568,5.869999885559082,5.840000152587891,5.869999885559082,4791000
2022-02-09,5.809999942779541,5.840000152587891,5.800000190734863,5.829999923706055,5247000
2022-02-10,5.760000228881836,5.809999942779541,5.760000228881836,5.789999961853027,8493316
2022-02-11,5.760000228881836,5.789999961853027,5.760000228881836,5.789999961853027,14720000
2022-02-14,5.860000133514404,5.869999885559082,5.809999942779541,5.820000171661377,7968000
2022-02-15,5.869999885559082,5.880000114440918,5.820000171661377,5.860000133514404,6178000
2022-02-16,5.769999980926514,5.800000190734863,5.769999980926514,5.78000020980835,5466139
2022-02-17,5.760000228881836,5.78000020980835,5.730000019073486,5.760000228881836,5514000
2022-02-18,5.769999980926514,5.820000171661377,5.75,5.820000171661377,3617155
2022-02-21,5.760000228881836,5.809999942779541,5.760000228881836,5.800000190734863,5996000
2022-02-22,5.869999885559082,5.900000095367432,5.809999942779541,5.809999942779541,10974000
2022-02-23,5.809999942779541,5.849999904632568,5.809999942779541,5.849999904632568,4232000
2022-02-24,5.980000019073486,5.980000019073486,5.880000114440918,5.880000114440918,15446000
2022-02-25,5.96999979019165,5.980000019073486,5.920000076293945,5.929999828338623,11494000
2022-03-01,5.849999904632568,5.909999847412109,5.840000152587891,5.909999847412109,7337000
2022-03-02,5.869999885559082,5.900000095367432,5.849999904632568,5.889999866485596,3020000
2022-03-03,5.849999904632568,5.869999885559082,5.829999923706055,5.840000152587891,3186000
2022-03-04,5.920000076293945,5.940000057220459,5.889999866485596,5.920000076293945,14811000
2022-03-07,6.110000133514404,6.130000114440918,6.03000020980835,6.03000020980835,24996100
2022-03-08,6.25,6.25,6.130000114440918,6.199999809265137,19049000
2022-03-09,6.179999828338623,6.199999809265137,6.139999866485596,6.170000076293945,25432000
2022-03-10,6.019999980926514,6.050000190734863,5.989999771118164,6.050000190734863,19714100
2022-03-11,6.079999923706055,6.090000152587891,6.019999980926514,6.039999961853027,7502000
2022-03-14,6.059999942779541,6.090000152587891,6.019999980926514,6.050000190734863,5369000
2022-03-15,6.199999809265137,6.199999809265137,6.090000152587891,6.090000152587891,9303000
2022-03-16,6.159999847412109,6.21999979019165,6.119999885559082,6.119999885559082,11517000
2022-03-17,5.96999979019165,6.039999961853027,5.960000038146973,6.010000228881836,12269000
2022-03-18,6.0,6.019999980926514,5.980000019073486,5.980000019073486,6460000
2022-03-21,5.960000038146973,5.96999979019165,5.929999828338623,5.949999809265137,16908201
2022-03-22,5.940000057220459,5.96999979019165,5.940000057220459,5.960000038146973,15264000
2022-03-23,5.880000114440918,5.909999847412109,5.869999885559082,5.909999847412109,8381000
2022-03-24,5.900000095367432,5.929999828338623,5.889999866485596,5.920000076293945,3872006
2022-03-25,5.909999847412109,5.920000076293945,5.880000114440918,5.889999866485596,2835000
2022-03-28,5.96999979019165,6.019999980926514,5.940000057220459,5.980000019073486,10294000
2022-03-29,5.940000057220459,5.960000038146973,5.920000076293945,5.949999809265137,4201000
2022-03-30,5.860000133514404,5.900000095367432,5.860000133514404,5.889999866485596,10360034
2022-03-31,5.889999866485596,5.900000095367432,5.860000133514404,5.860000133514404,3592000
2022-04-01,5.920000076293945,5.96999979019165,5.920000076293945,5.949999809265137,5029000
2022-04-06,5.940000057220459,6.0,5.940000057220459,5.980000019073486,3532000
2022-04-07,6.059999942779541,6.059999942779541,5.980000019073486,6.0,9054000
2022-04-08,6.010000228881836,6.059999942779541,6.0,6.039999961853027,6766000
2022-04-11,6.119999885559082,6.119999885559082,6.010000228881836,6.019999980926514,9647000
2022-04-12,6.110000133514404,6.150000095367432,6.090000152587891,6.139999866485596,7786000
2022-04-13,6.010000228881836,6.059999942779541,6.0,6.059999942779541,20276100
2022-04-14,6.03000020980835,6.03000020980835,5.989999771118164,6.0,5697000
2022-04-15,6.119999885559082,6.119999885559082,6.070000171661377,6.079999923706055,6846089
2022-04-18,6.159999847412109,6.170000076293945,6.099999904632568,6.139999866485596,6604000
2022-04-19,6.099999904632568,6.110000133514404,6.059999942779541,6.099999904632568,4264000
2022-04-20,6.059999942779541,6.110000133514404,6.050000190734863,6.070000171661377,4240000
2022-04-21,6.050000190734863,6.059999942779541,6.010000228881836,6.03000020980835,4594000
2022-04-22,6.090000152587891,6.139999866485596,6.090000152587891,6.130000114440918,5916000
2022-04-25,6.239999771118164,6.260000228881836,6.190000057220459,6.199999809265137,15371000
2022-04-26,6.25,6.25,6.199999809265137,6.210000038146973,25597000
2022-04-27,6.349999904632568,6.400000095367432,6.320000171661377,6.369999885559082,18426000
2022-04-28,6.309999942779541,6.380000114440918,6.300000190734863,6.329999923706055,8756000
2022-04-29,6.25,6.269999980926514,6.210000038146973,6.230000019073486,13061100
2022-05-03,6.269999980926514,6.289999961853027,6.239999771118164,6.260000228881836,7880000
2022-05-04,6.25,6.269999980926514,6.239999771118164,6.239999771118164,3618000
2022-05-05,6.199999809265137,6.210000038146973,6.159999847412109,6.170000076293945,8744297
2022-05-06,6.309999942779541,6.349999904632568,6.309999942779541,6.320000171661377,8864000
2022-05-09,6.440000057220459,6.440000057220459,6.380000114440918,6.380000114440918,11205000
2022-05-10,6.429999828338623,6.550000190734863,6.420000076293945,6.519999980926514,14992000
2022-05-11,6.440000057220459,6.489999771118164,6.429999828338623,6.460000038146973,6907000
2022-05-12,6.599999904632568,6.599999904632568,6.5,6.519999980926514,11309000
2022-05-13,6.510000228881836,6.550000190734863,6.5,6.519999980926514,21945000
2022-05-16,6.480000019073486,6.510000228881836,6.420000076293945,6.440000057220459,9151000
2022-05-17,6.409999847412109,6.460000038146973,6.400000095367432,6.449999809265137,9144000
2022-05-18,6.349999904632568,6.389999866485596,6.340000152587891,6.360000133514404,9146688
2022-05-19,6.440000057220459,6.489999771118164,6.440000057220459,6.46999979019165,13024400
2022-05-20,6.389999866485596,6.420000076293945,6.369999885559082,6.400000095367432,8832000
2022-05-23,6.369999885559082,6.400000095367432,6.329999923706055,6.329999923706055,8279000
2022-05-24,6.449999809265137,6.460000038146973,6.349999904632568,6.349999904632568,7163258
2022-05-25,6.389999866485596,6.440000057220459,6.369999885559082,6.429999828338623,9539000
2022-05-26,6.449999809265137,6.449999809265137,6.349999904632568,6.349999904632568,3741209
2022-05-27,6.320000171661377,6.369999885559082,6.320000171661377,6.369999885559082,13032098
2022-05-30,6.199999809265137,6.25,6.190000057220459,6.25,13203886
2022-05-31,6.170000076293945,6.239999771118164,6.170000076293945,6.210000038146973,6425740
2022-06-01,6.170000076293945,6.179999828338623,6.130000114440918,6.159999847412109,11520735
2022-06-02,6.210000038146973,6.239999771118164,6.190000057220459,6.21999979019165,9007000
2022-06-06,6.190000057220459,6.239999771118164,6.170000076293945,6.190000057220459,9746393
2022-06-07,6.25,6.25,6.21999979019165,6.21999979019165,3235000
2022-06-08,6.179999828338623,6.199999809265137,6.150000095367432,6.199999809265137,5541201
2022-06-09,6.179999828338623,6.210000038146973,6.179999828338623,6.210000038146973,3354000
2022-06-10,6.230000019073486,6.28000020980835,6.230000019073486,6.260000228881836,5928000
2022-06-13,6.400000095367432,6.409999847412109,6.369999885559082,6.369999885559082,10712003
2022-06-14,6.389999866485596,6.46999979019165,6.380000114440918,6.420000076293945,23330014
2022-06-15,6.429999828338623,6.429999828338623,6.369999885559082,6.409999847412109,11020000
2022-06-16,6.480000019073486,6.480000019073486,6.309999942779541,6.329999923706055,13071167
2022-06-17,6.550000190734863,6.590000152587891,6.519999980926514,6.550000190734863,57454200
2022-06-20,6.659999847412109,6.659999847412109,6.539999961853027,6.550000190734863,27578200
2022-06-21,6.489999771118164,6.599999904632568,6.489999771118164,6.559999942779541,25992996
2022-06-22,6.639999866485596,6.650000095367432,6.519999980926514,6.519999980926514,26538493
2022-06-23,6.679999828338623,6.730000019073486,6.599999904632568,6.599999904632568,26051523
2022-06-24,6.639999866485596,6.659999847412109,6.579999923706055,6.610000133514404,23028000
2022-06-27,6.519999980926514,6.550000190734863,6.46999979019165,6.550000190734863,31264000
2022-06-28,6.570000171661377,6.599999904632568,6.519999980926514,6.53000020980835,16747046
2022-06-29,6.619999885559082,6.650000095367432,6.599999904632568,6.639999866485596,15024000
2022-06-30,6.789999961853027,6.800000190734863,6.670000076293945,6.670000076293945,28873209
2022-07-01,7.0,7.019999980926514,6.789999961853027,6.789999961853027,25876000
2022-07-04,7.03000020980835,7.070000171661377,6.940000057220459,6.989999771118164,32448304
2022-07-05,6.96999979019165,7.099999904632568,6.880000114440918,6.889999866485596,19847308
2022-07-06,7.139999866485596,7.150000095367432,6.96999979019165,6.980000019073486,13869000
2022-07-07,6.96999979019165,7.170000076293945,6.940000057220459,7.070000171661377,25144029
2022-07-08,6.900000095367432,6.949999809265137,6.849999904632568,6.900000095367432,18913000
2022-07-11,6.949999809265137,6.96999979019165,6.869999885559082,6.869999885559082,10957000
2022-07-12,7.130000114440918,7.159999847412109,7.019999980926514,7.019999980926514,16636000
2022-07-13,6.929999828338623,6.96999979019165,6.889999866485596,6.929999828338623,12447000
2022-07-14,6.889999866485596,7.010000228881836,6.860000133514404,6.980000019073486,13654513
2022-07-15,6.820000171661377,6.900000095367432,6.800000190734863,6.880000114440918,11587324
2022-07-18,6.78000020980835,6.829999923706055,6.769999980926514,6.789999961853027,14851238
2022-07-19,6.75,6.800000190734863,6.739999771118164,6.800000190734863,6071000
2022-07-20,6.71999979019165,6.730000019073486,6.639999866485596,6.650000095367432,7878811
2022-07-21,6.639999866485596,6.730000019073486,6.639999866485596,6.699999809265137,9089971
2022-07-22,6.639999866485596,6.659999847412109,6.599999904632568,6.630000114440918,4629000
2022-07-25,6.639999866485596,6.670000076293945,6.610000133514404,6.670000076293945,6007269
2022-07-26,6.679999828338623,6.690000057220459,6.630000114440918,6.650000095367432,6244121
2022-07-27,6.639999866485596,6.710000038146973,6.630000114440918,6.679999828338623,5840000
2022-07-28,6.619999885559082,6.639999866485596,6.559999942779541,6.579999923706055,7559140
2022-07-29,6.579999923706055,6.599999904632568,6.539999961853027,6.559999942779541,6310198
2022-08-01,6.590000152587891,6.630000114440918,6.559999942779541,6.579999923706055,4233134
2022-08-02,6.690000057220459,6.71999979019165,6.659999847412109,6.659999847412109,8492000
2022-08-03,6.690000057220459,6.710000038146973,6.650000095367432,6.690000057220459,10893000
2022-08-04,6.699999809265137,6.769999980926514,6.659999847412109,6.679999828338623,11475183
2022-08-05,6.519999980926514,6.610000133514404,6.519999980926514,6.599999904632568,18797000
2022-08-08,6.539999961853027,6.579999923706055,6.53000020980835,6.570000171661377,4759000
2022-08-09,6.53000020980835,6.599999904632568,6.5,6.570000171661377,3827427
2022-08-10,6.570000171661377,6.599999904632568,6.550000190734863,6.599999904632568,2984398
2022-08-11,6.460000038146973,6.480000019073486,6.449999809265137,6.449999809265137,7705523
2022-08-12,6.409999847412109,6.449999809265137,6.400000095367432,6.440000057220459,5668896
2022-08-15,6.349999904632568,6.400000095367432,6.340000152587891,6.369999885559082,5543980
2022-08-16,6.360000133514404,6.360000133514404,6.329999923706055,6.349999904632568,2364561
2022-08-17,6.329999923706055,6.369999885559082,6.329999923706055,6.360000133514404,3775103
2022-08-18,6.369999885559082,6.409999847412109,6.360000133514404,6.389999866485596,2796010
2022-08-19,6.349999904632568,6.380000114440918,6.329999923706055,6.369999885559082,2103000
2022-08-22,6.420000076293945,6.440000057220459,6.389999866485596,6.420000076293945,4381000
2022-08-23,6.480000019073486,6.489999771118164,6.449999809265137,6.480000019073486,6458370
2022-08-24,6.489999771118164,6.5,6.449999809265137,6.460000038146973,3089523
2022-08-25,6.429999828338623,6.449999809265137,6.400000095367432,6.449999809265137,6229196
2022-08-26,6.389999866485596,6.409999847412109,6.360000133514404,6.380000114440918,6006000
2022-08-29,6.559999942779541,6.590000152587891,6.539999961853027,6.579999923706055,9068000
2022-08-30,6.53000020980835,6.559999942779541,6.5,6.550000190734863,5537000
2022-08-31,6.480000019073486,6.570000171661377,6.46999979019165,6.570000171661377,7860000
2022-09-01,6.610000133514404,6.630000114440918,6.570000171661377,6.590000152587891,9592000
2022-09-02,6.659999847412109,6.659999847412109,6.599999904632568,6.599999904632568,5372000
2022-09-05,6.670000076293945,6.679999828338623,6.610000133514404,6.639999866485596,5984000
2022-09-06,6.639999866485596,6.679999828338623,6.590000152587891,6.599999904632568,7204000
2022-09-07,6.769999980926514,6.78000020980835,6.730000019073486,6.730000019073486,15411713
2022-09-08,6.699999809265137,6.760000228881836,6.690000057220459,6.730000019073486,10270000
2022-09-12,6.559999942779541,6.599999904632568,6.559999942779541,6.570000171661377,6010196
2022-09-13,6.539999961853027,6.559999942779541,6.510000228881836,6.519999980926514,6369186
2022-09-14,6.670000076293945,6.71999979019165,6.639999866485596,6.71999979019165,11090000
2022-09-15,6.630000114440918,6.670000076293945,6.610000133514404,6.659999847412109,5995000
2022-09-16,6.710000038146973,6.71999979019165,6.690000057220459,6.690000057220459,4725160
2022-09-19,6.71999979019165,6.75,6.670000076293945,6.690000057220459,8718125
2022-09-20,6.679999828338623,6.71999979019165,6.670000076293945,6.690000057220459,7865096
2022-09-21,6.730000019073486,6.739999771118164,6.690000057220459,6.710000038146973,3457000
2022-09-22,6.809999942779541,6.869999885559082,6.800000190734863,6.820000171661377,11863100
2022-09-23,6.860000133514404,6.889999866485596,6.809999942779541,6.829999923706055,7837000
2022-09-26,7.039999961853027,7.039999961853027,6.949999809265137,6.949999809265137,17522000
2022-09-27,7.010000228881836,7.050000190734863,6.989999771118164,7.0,10090050
2022-09-28,7.179999828338623,7.179999828338623,6.989999771118164,7.010000228881836,17363200
2022-09-29,7.150000095367432,7.179999828338623,7.079999923706055,7.079999923706055,13511160
2022-09-30,7.210000038146973,7.28000020980835,7.190000057220459,7.239999771118164,17237000
2022-10-03,7.289999961853027,7.300000190734863,7.190000057220459,7.289999961853027,32152000
2022-10-04,7.110000133514404,7.170000076293945,7.099999904632568,7.130000114440918,21530000
2022-10-05,7.010000228881836,7.039999961853027,6.96999979019165,7.03000020980835,16013127
2022-10-06,6.96999979019165,7.010000228881836,6.960000038146973,6.96999979019165,6179082
2022-10-07,7.070000171661377,7.070000171661377,7.0,7.019999980926514,6265000
2022-10-11,7.360000133514404,7.369999885559082,7.260000228881836,7.28000020980835,21775035
2022-10-12,7.380000114440918,7.429999828338623,7.340000152587891,7.360000133514404,12820000
2022-10-13,7.53000020980835,7.53000020980835,7.360000133514404,7.360000133514404,14041000
2022-10-14,7.320000171661377,7.369999885559082,7.269999980926514,7.329999923706055,25523155
2022-10-17,7.420000076293945,7.510000228881836,7.409999847412109,7.440000057220459,18208004
2022-10-18,7.340000152587891,7.409999847412109,7.300000190734863,7.300000190734863,8631000
2022-10-19,7.400000095367432,7.400000095367432,7.309999942779541,7.340000152587891,4966005
2022-10-20,7.460000038146973,7.579999923706055,7.449999809265137,7.539999961853027,10884009
2022-10-21,7.510000228881836,7.519999980926514,7.420000076293945,7.449999809265137,6663330
2022-10-24,7.46999979019165,7.46999979019165,7.349999904632568,7.349999904632568,9097006
2022-10-25,7.559999942779541,7.590000152587891,7.449999809265137,7.449999809265137,11524000
2022-10-26,7.519999980926514,7.590000152587891,7.480000019073486,7.550000190734863,9296000
2022-10-27,7.420000076293945,7.449999809265137,7.400000095367432,7.449999809265137,7608004
2022-10-28,7.519999980926514,7.539999961853027,7.440000057220459,7.460000038146973,8045000
2022-10-31,7.420000076293945,7.480000019073486,7.389999866485596,7.429999828338623,9284000
2022-11-01,7.369999885559082,7.429999828338623,7.329999923706055,7.409999847412109,4378330
2022-11-02,7.329999923706055,7.369999885559082,7.329999923706055,7.349999904632568,4115000
2022-11-03,7.400000095367432,7.449999809265137,7.400000095367432,7.449999809265137,6541070
2022-11-04,7.369999885559082,7.46999979019165,7.360000133514404,7.449999809265137,5754000
2022-11-07,7.260000228881836,7.329999923706055,7.239999771118164,7.309999942779541,10745000
2022-11-08,7.199999809265137,7.210000038146973,7.159999847412109,7.199999809265137,6454000
2022-11-09,7.059999942779541,7.139999866485596,7.050000190734863,7.119999885559082,7252123
2022-11-10,7.110000133514404,7.139999866485596,7.079999923706055,7.099999904632568,31830000
2022-11-11,6.840000152587891,6.900000095367432,6.829999923706055,6.840000152587891,43495669
2022-11-14,6.769999980926514,6.809999942779541,6.75,6.800000190734863,12248000
2022-11-15,6.590000152587891,6.739999771118164,6.570000171661377,6.730000019073486,19033238
2022-11-16,6.570000171661377,6.630000114440918,6.550000190734863,6.570000171661377,22778001
2022-11-17,6.559999942779541,6.630000114440918,6.550000190734863,6.599999904632568,18760000
2022-11-18,6.590000152587891,6.599999904632568,6.489999771118164,6.539999961853027,7240050
2022-11-21,6.610000133514404,6.610000133514404,6.570000171661377,6.579999923706055,4911050
2022-11-22,6.579999923706055,6.630000114440918,6.550000190734863,6.619999885559082,5188291
2022-11-23,6.53000020980835,6.550000190734863,6.510000228881836,6.519999980926514,8904205
2022-11-24,6.460000038146973,6.5,6.449999809265137,6.489999771118164,18730488
2022-11-25,6.480000019073486,6.480000019073486,6.449999809265137,6.46999979019165,4723050
2022-11-28,6.579999923706055,6.599999904632568,6.53000020980835,6.570000171661377,8811050
2022-11-29,6.510000228881836,6.599999904632568,6.489999771118164,6.579999923706055,7761647
2022-11-30,6.440000057220459,6.519999980926514,6.429999828338623,6.510000228881836,13520996
2022-12-01,6.369999885559082,6.380000114440918,6.300000190734863,6.309999942779541,14905050
2022-12-02,6.389999866485596,6.409999847412109,6.369999885559082,6.400000095367432,3124308
2022-12-05,6.380000114440918,6.400000095367432,6.329999923706055,6.400000095367432,11142050
2022-12-06,6.480000019073486,6.480000019073486,6.389999866485596,6.389999866485596,8580050
2022-12-07,6.510000228881836,6.519999980926514,6.440000057220459,6.510000228881836,10947000
2022-12-08,6.570000171661377,6.599999904632568,6.539999961853027,6.539999961853027,8920499
2022-12-09,6.480000019073486,6.53000020980835,6.460000038146973,6.519999980926514,9420200
2022-12-12,6.539999961853027,6.559999942779541,6.510000228881836,6.510000228881836,7912050
2022-12-13,6.559999942779541,6.559999942779541,6.5,6.5,4025000
2022-12-14,6.46999979019165,6.53000020980835,6.460000038146973,6.519999980926514,25429050
2022-12-15,6.46999979019165,6.510000228881836,6.449999809265137,6.5,8744000
2022-12-16,6.570000171661377,6.610000133514404,6.539999961853027,6.610000133514404,10993050
2022-12-19,6.599999904632568,6.610000133514404,6.570000171661377,6.610000133514404,6039200
2022-12-20,6.710000038146973,6.71999979019165,6.579999923706055,6.619999885559082,19852000
2022-12-21,6.679999828338623,6.699999809265137,6.650000095367432,6.670000076293945,10362050
2022-12-22,6.590000152587891,6.630000114440918,6.579999923706055,6.610000133514404,11126797
2022-12-23,6.659999847412109,6.699999809265137,6.650000095367432,6.679999828338623,7388000
2022-12-26,6.639999866485596,6.670000076293945,6.639999866485596,6.650000095367432,2169000
2022-12-27,6.610000133514404,6.630000114440918,6.570000171661377,6.610000133514404,6849050
2022-12-28,6.699999809265137,6.710000038146973,6.659999847412109,6.679999828338623,10217050
2022-12-29,6.71999979019165,6.78000020980835,6.710000038146973,6.760000228881836,13649000
2022-12-30,6.679999828338623,6.679999828338623,6.650000095367432,6.659999847412109,6248000
2023-01-03,6.650000095367432,6.769999980926514,6.639999866485596,6.730000019073486,5606000
2023-01-04,6.650000095367432,6.659999847412109,6.619999885559082,6.659999847412109,2172000
2023-01-05,6.619999885559082,6.630000114440918,6.579999923706055,6.610000133514404,20660000
2023-01-06,6.570000171661377,6.619999885559082,6.559999942779541,6.619999885559082,7915000
2023-01-09,6.409999847412109,6.480000019073486,6.400000095367432,6.46999979019165,13783000
2023-01-10,6.389999866485596,6.409999847412109,6.369999885559082,6.400000095367432,19272048
2023-01-11,6.400000095367432,6.409999847412109,6.349999904632568,6.369999885559082,6760000
2023-01-12,6.409999847412109,6.420000076293945,6.369999885559082,6.380000114440918,4280000
2023-01-13,6.369999885559082,6.369999885559082,6.300000190734863,6.309999942779541,8054000
2023-01-16,6.340000152587891,6.340000152587891,6.300000190734863,6.320000171661377,3583000
2023-01-17,6.309999942779541,6.340000152587891,6.300000190734863,6.329999923706055,6644000
2023-01-30,6.110000133514404,6.139999866485596,6.070000171661377,6.079999923706055,9824000
2023-01-31,6.150000095367432,6.159999847412109,6.099999904632568,6.110000133514404,10191000
2023-02-01,6.119999885559082,6.150000095367432,6.119999885559082,6.130000114440918,6694000
2023-02-02,6.039999961853027,6.090000152587891,6.03000020980835,6.070000171661377,11377952
2023-02-03,6.050000190734863,6.079999923706055,6.019999980926514,6.050000190734863,8688131
2023-02-06,6.110000133514404,6.110000133514404,6.079999923706055,6.090000152587891,4743035
2023-02-07,6.110000133514404,6.119999885559082,6.090000152587891,6.110000133514404,6541000
2023-02-08,6.019999980926514,6.070000171661377,6.019999980926514,6.070000171661377,8570000
2023-02-09,6.039999961853027,6.050000190734863,6.019999980926514,6.050000190734863,4329000
2023-02-10,6.050000190734863,6.059999942779541,6.03000020980835,6.050000190734863,7906284
2023-02-13,6.059999942779541,6.090000152587891,6.059999942779541,6.059999942779541,4587000
2023-02-14,6.0,6.03000020980835,5.989999771118164,6.010000228881836,11668000
2023-02-15,6.110000133514404,6.110000133514404,6.039999961853027,6.059999942779541,16895188
2023-02-16,6.03000020980835,6.070000171661377,6.019999980926514,6.070000171661377,13102250
2023-02-17,6.070000171661377,6.099999904632568,6.059999942779541,6.079999923706055,11548000
2023-02-20,6.039999961853027,6.090000152587891,6.03000020980835,6.079999923706055,5939000
2023-02-21,6.039999961853027,6.059999942779541,6.03000020980835,6.050000190734863,5741000
2023-02-22,6.110000133514404,6.130000114440918,6.090000152587891,6.110000133514404,8550000
2023-02-23,6.019999980926514,6.079999923706055,5.989999771118164,6.079999923706055,15529850
2023-02-24,6.03000020980835,6.039999961853027,5.980000019073486,5.989999771118164,7289000
2023-03-01,6.039999961853027,6.110000133514404,6.03000020980835,6.090000152587891,7236000
2023-03-02,6.03000020980835,6.070000171661377,6.019999980926514,6.039999961853027,3994000
2023-03-03,6.010000228881836,6.03000020980835,5.989999771118164,6.0,5829000
2023-03-06,5.940000057220459,5.980000019073486,5.920000076293945,5.96999979019165,9339624
2023-03-07,5.900000095367432,5.960000038146973,5.900000095367432,5.949999809265137,5193000
2023-03-08,5.929999828338623,5.96999979019165,5.929999828338623,5.949999809265137,5631000
2023-03-09,5.949999809265137,5.960000038146973,5.909999847412109,5.909999847412109,2139000
2023-03-10,6.059999942779541,6.070000171661377,6.010000228881836,6.03000020980835,12476000
2023-03-13,6.039999961853027,6.110000133514404,6.03000020980835,6.070000171661377,17369350
2023-03-14,6.110000133514404,6.119999885559082,6.079999923706055,6.110000133514404,13560277
2023-03-15,6.099999904632568,6.099999904632568,6.039999961853027,6.070000171661377,7026688
2023-03-16,6.150000095367432,6.170000076293945,6.099999904632568,6.130000114440918,15790222
2023-03-17,6.070000171661377,6.110000133514404,6.059999942779541,6.099999904632568,7172133
2023-03-20,6.090000152587891,6.090000152587891,6.039999961853027,6.050000190734863,4906040
2023-03-21,6.039999961853027,6.070000171661377,6.03000020980835,6.050000190734863,4306025
2023-03-22,5.949999809265137,6.0,5.940000057220459,6.0,14704000
2023-03-23,5.900000095367432,5.960000038146973,5.889999866485596,5.960000038146973,9621100
2023-03-24,5.880000114440918,5.920000076293945,5.869999885559082,5.889999866485596,5710000
2023-03-27,5.909999847412109,5.920000076293945,5.880000114440918,5.889999866485596,2787000
2023-03-28,5.960000038146973,5.96999979019165,5.909999847412109,5.920000076293945,3999050
2023-03-29,5.940000057220459,5.96999979019165,5.920000076293945,5.929999828338623,4602050
2023-03-30,5.909999847412109,5.929999828338623,5.889999866485596,5.900000095367432,6020000
2023-03-31,5.880000114440918,5.900000095367432,5.849999904632568,5.880000114440918,6763313
2023-04-06,5.920000076293945,5.949999809265137,5.909999847412109,5.920000076293945,3785050
2023-04-07,5.909999847412109,5.920000076293945,5.889999866485596,5.900000095367432,3039005
2023-04-10,5.889999866485596,5.900000095367432,5.860000133514404,5.889999866485596,2505050
2023-04-11,5.860000133514404,5.900000095367432,5.860000133514404,5.889999866485596,4321000
2023-04-12,5.860000133514404,5.880000114440918,5.849999904632568,5.869999885559082,2049000
2023-04-13,5.920000076293945,5.920000076293945,5.869999885559082,5.889999866485596,3609180
2023-04-14,5.849999904632568,5.900000095367432,5.840000152587891,5.889999866485596,7237000
2023-04-17,5.849999904632568,5.889999866485596,5.849999904632568,5.869999885559082,2705000
2023-04-18,5.889999866485596,5.889999866485596,5.860000133514404,5.860000133514404,4473000
2023-04-19,5.909999847412109,5.920000076293945,5.860000133514404,5.880000114440918,5534050
2023-04-20,5.940000057220459,5.940000057220459,5.909999847412109,5.920000076293945,4345050
2023-04-21,5.96999979019165,5.980000019073486,5.909999847412109,5.920000076293945,6693050
2023-04-24,5.960000038146973,6.0,5.960000038146973,5.989999771118164,8343000
2023-04-25,6.050000190734863,6.070000171661377,5.960000038146973,5.960000038146973,10644050
2023-04-26,6.059999942779541,6.090000152587891,6.039999961853027,6.059999942779541,10057050
2023-04-27,6.039999961853027,6.079999923706055,6.019999980926514,6.070000171661377,8021050
2023-04-28,5.980000019073486,6.010000228881836,5.96999979019165,5.989999771118164,6222050
2023-05-02,5.96999979019165,5.989999771118164,5.940000057220459,5.96999979019165,5576050
2023-05-03,6.0,6.0,5.980000019073486,5.989999771118164,6749080
2023-05-04,5.96999979019165,6.010000228881836,5.960000038146973,6.010000228881836,3360050
2023-05-05,5.960000038146973,5.980000019073486,5.940000057220459,5.949999809265137,3475060
2023-05-08,5.920000076293945,5.929999828338623,5.900000095367432,5.909999847412109,5752000
2023-05-09,5.920000076293945,5.949999809265137,5.909999847412109,5.920000076293945,4548050
2023-05-10,5.960000038146973,5.980000019073486,5.940000057220459,5.940000057220459,3091059
2023-05-11,6.010000228881836,6.010000228881836,5.929999828338623,5.929999828338623,7386449
2023-05-12,6.0,6.039999961853027,5.989999771118164,6.03000020980835,7959050
2023-05-15,6.0,6.03000020980835,6.0,6.03000020980835,3573050
2023-05-16,5.929999828338623,5.96999979019165,5.909999847412109,5.949999809265137,7980050
2023-05-17,5.829999923706055,5.920000076293945,5.829999923706055,5.920000076293945,15427599
2023-05-18,5.769999980926514,5.800000190734863,5.75,5.78000020980835,15172949
2023-05-19,5.739999771118164,5.769999980926514,5.730000019073486,5.75,7771047
2023-05-22,5.75,5.75,5.71999979019165,5.739999771118164,2615560
2023-05-23,5.739999771118164,5.769999980926514,5.710000038146973,5.739999771118164,4815050
2023-05-24,5.760000228881836,5.78000020980835,5.75,5.760000228881836,4822055
2023-05-25,5.710000038146973,5.75,5.710000038146973,5.730000019073486,5259055
2023-05-26,5.630000114440918,5.659999847412109,5.619999885559082,5.650000095367432,10741056
2023-05-29,5.579999923706055,5.599999904632568,5.559999942779541,5.579999923706055,10173050
2023-05-30,5.579999923706055,5.599999904632568,5.570000171661377,5.579999923706055,3142055
2023-05-31,5.599999904632568,5.619999885559082,5.579999923706055,5.599999904632568,3400055
2023-06-01,5.610000133514404,5.630000114440918,5.599999904632568,5.619999885559082,2832056
2023-06-02,5.539999961853027,5.579999923706055,5.519999980926514,5.579999923706055,9384056
2023-06-05,5.539999961853027,5.550000190734863,5.519999980926514,5.539999961853027,5179056
2023-06-06,5.519999980926514,5.550000190734863,5.510000228881836,5.539999961853027,2225056
2023-06-07,5.480000019073486,5.519999980926514,5.46999979019165,5.519999980926514,6234056
2023-06-08,5.539999961853027,5.550000190734863,5.480000019073486,5.5,7553055
2023-06-09,5.5,5.519999980926514,5.480000019073486,5.510000228881836,8451055
2023-06-12,5.460000038146973,5.480000019073486,5.440000057220459,5.46999979019165,13265058
2023-06-13,5.380000114440918,5.420000076293945,5.349999904632568,5.409999847412109,11058058
2023-06-14,5.369999885559082,5.389999866485596,5.360000133514404,5.389999866485596,7775057
2023-06-15,5.340000152587891,5.369999885559082,5.329999923706055,5.369999885559082,5470058
2023-06-16,5.349999904632568,5.369999885559082,5.329999923706055,5.340000152587891,6760000
2023-06-19,5.349999904632568,5.380000114440918,5.349999904632568,5.369999885559082,2277058
2023-06-20,5.380000114440918,5.400000095367432,5.360000133514404,5.360000133514404,4376170
2023-06-21,5.380000114440918,5.400000095367432,5.360000133514404,5.389999866485596,3900055
2023-06-26,5.420000076293945,5.440000057220459,5.400000095367432,5.409999847412109,4575058
2023-06-27,5.460000038146973,5.46999979019165,5.429999828338623,5.440000057220459,8528356
2023-06-28,5.460000038146973,5.46999979019165,5.440000057220459,5.440000057220459,3517058
2023-06-29,5.449999809265137,5.46999979019165,5.380000114440918,5.420000076293945,5726056
2023-06-30,5.440000057220459,5.480000019073486,5.429999828338623,5.46999979019165,4993000
2023-07-03,5.360000133514404,5.409999847412109,5.360000133514404,5.409999847412109,7019000
2023-07-04,5.340000152587891,5.380000114440918,5.340000152587891,5.369999885559082,3951058
2023-07-05,5.380000114440918,5.389999866485596,5.340000152587891,5.340000152587891,2666050
2023-07-06,5.460000038146973,5.480000019073486,5.409999847412109,5.420000076293945,8538056
2023-07-07,5.489999771118164,5.53000020980835,5.46999979019165,5.489999771118164,23631057
2023-07-10,5.489999771118164,5.519999980926514,5.460000038146973,5.489999771118164,6151058
2023-07-11,5.409999847412109,5.460000038146973,5.409999847412109,5.449999809265137,10001050
2023-07-12,5.389999866485596,5.429999828338623,5.389999866485596,5.420000076293945,3044030
2023-07-13,5.340000152587891,5.360000133514404,5.289999961853027,5.329999923706055,14405025
2023-07-14,5.28000020980835,5.329999923706055,5.269999980926514,5.300000190734863,8968025
2023-07-17,5.28000020980835,5.300000190734863,5.269999980926514,5.300000190734863,9095030
2023-07-18,5.300000190734863,5.320000171661377,5.25,5.28000020980835,4365032
2023-07-19,5.340000152587891,5.340000152587891,5.269999980926514,5.269999980926514,7086025
2023-07-20,5.320000171661377,5.349999904632568,5.309999942779541,5.349999904632568,4366032
2023-07-21,5.360000133514404,5.409999847412109,5.360000133514404,5.400000095367432,8433180
2023-07-24,5.360000133514404,5.389999866485596,5.340000152587891,5.360000133514404,5237180
2023-07-25,5.300000190734863,5.329999923706055,5.28000020980835,5.329999923706055,7863000
2023-07-26,5.320000171661377,5.329999923706055,5.289999961853027,5.300000190734863,7590070
2023-07-27,5.28000020980835,5.289999961853027,5.269999980926514,5.28000020980835,4171160
2023-07-28,5.28000020980835,5.309999942779541,5.260000228881836,5.300000190734863,4638060
2023-07-31,5.320000171661377,5.329999923706055,5.210000038146973,5.230000019073486,12468180
2023-08-01,5.289999961853027,5.320000171661377,5.28000020980835,5.289999961853027,2928250
2023-08-02,5.400000095367432,5.409999847412109,5.289999961853027,5.320000171661377,13385150
2023-08-04,5.400000095367432,5.429999828338623,5.380000114440918,5.409999847412109,15581180
2023-08-07,5.340000152587891,5.389999866485596,5.329999923706055,5.389999866485596,4767060
2023-08-08,5.389999866485596,5.409999847412109,5.349999904632568,5.349999904632568,12016070
2023-08-09,5.389999866485596,5.409999847412109,5.360000133514404,5.409999847412109,4676090
2023-08-10,5.460000038146973,5.46999979019165,5.409999847412109,5.409999847412109,18924210
2023-08-11,5.460000038146973,5.480000019073486,5.420000076293945,5.420000076293945,11033320
2023-08-14,5.550000190734863,5.570000171661377,5.489999771118164,5.489999771118164,12609130
2023-08-15,5.519999980926514,5.519999980926514,5.489999771118164,5.5,5006090
2023-08-16,5.550000190734863,5.579999923706055,5.53000020980835,5.570000171661377,11442090
2023-08-17,5.510000228881836,5.599999904632568,5.5,5.590000152587891,10530080
2023-08-18,5.559999942779541,5.559999942779541,5.480000019073486,5.519999980926514,16645125
2023-08-21,5.550000190734863,5.559999942779541,5.510000228881836,5.510000228881836,8701090
2023-08-22,5.519999980926514,5.539999961853027,5.489999771118164,5.489999771118164,4687090
2023-08-23,5.489999771118164,5.519999980926514,5.480000019073486,5.519999980926514,9270096
2023-08-24,5.409999847412109,5.440000057220459,5.400000095367432,5.420000076293945,10367095
2023-08-25,5.519999980926514,5.519999980926514,5.46999979019165,5.46999979019165,8038090
2023-08-28,5.510000228881836,5.510000228881836,5.480000019073486,5.489999771118164,5499087
2023-08-29,5.46999979019165,5.510000228881836,5.460000038146973,5.489999771118164,4985090
2023-08-30,5.429999828338623,5.429999828338623,5.409999847412109,5.420000076293945,5561096
2023-08-31,5.449999809265137,5.460000038146973,5.429999828338623,5.429999828338623,3072090
2023-09-01,5.440000057220459,5.460000038146973,5.420000076293945,5.449999809265137,1609090
2023-09-04,5.400000095367432,5.460000038146973,5.400000095367432,5.440000057220459,4755100
2023-09-05,5.400000095367432,5.420000076293945,5.400000095367432,5.420000076293945,1851090
2023-09-06,5.420000076293945,5.429999828338623,5.389999866485596,5.400000095367432,2596090
2023-09-07,5.46999979019165,5.46999979019165,5.440000057220459,5.449999809265137,4039090
2023-09-08,5.489999771118164,5.510000228881836,5.46999979019165,5.489999771118164,4074090
2023-09-11,5.519999980926514,5.53000020980835,5.480000019073486,5.480000019073486,5370080
2023-09-12,5.46999979019165,5.519999980926514,5.460000038146973,5.489999771118164,4961090
2023-09-13,5.460000038146973,5.489999771118164,5.440000057220459,5.46999979019165,2705086
2023-09-14,5.380000114440918,5.429999828338623,5.369999885559082,5.420000076293945,5829000
2023-09-15,5.349999904632568,5.389999866485596,5.349999904632568,5.369999885559082,8231085
2023-09-18,5.409999847412109,5.420000076293945,5.389999866485596,5.409999847412109,2739082
2023-09-19,5.440000057220459,5.440000057220459,5.409999847412109,5.409999847412109,1822080
2023-09-20,5.46999979019165,5.46999979019165,5.429999828338623,5.440000057220459,2907082
2023-09-21,5.559999942779541,5.559999942779541,5.510000228881836,5.510000228881836,11629090
2023-09-22,5.53000020980835,5.579999923706055,5.53000020980835,5.559999942779541,8124080
2023-09-25,5.5,5.53000020980835,5.489999771118164,5.53000020980835,3565070
2023-09-26,5.559999942779541,5.559999942779541,5.519999980926514,5.539999961853027,4988298
2023-09-27,5.550000190734863,5.570000171661377,5.539999961853027,5.570000171661377,4330000
2023-09-28,5.539999961853027,5.559999942779541,5.510000228881836,5.53000020980835,2321000
2023-10-02,5.460000038146973,5.480000019073486,5.449999809265137,5.480000019073486,6308000
2023-10-03,5.5,5.510000228881836,5.460000038146973,5.489999771118164,6052000
2023-10-04,5.570000171661377,5.599999904632568,5.550000190734863,5.559999942779541,7352000
2023-10-05,5.489999771118164,5.539999961853027,5.489999771118164,5.539999961853027,4038000
2023-10-06,5.46999979019165,5.489999771118164,5.460000038146973,5.46999979019165,1598000
2023-10-11,5.420000076293945,5.429999828338623,5.389999866485596,5.400000095367432,8351000
2023-10-12,5.369999885559082,5.409999847412109,5.360000133514404,5.389999866485596,3588000
2023-10-13,5.400000095367432,5.409999847412109,5.380000114440918,5.389999866485596,2552000
2023-10-16,5.440000057220459,5.449999809265137,5.420000076293945,5.429999828338623,2093000
2023-10-17,5.440000057220459,5.440000057220459,5.400000095367432,5.400000095367432,1327000
2023-10-18,5.489999771118164,5.5,5.440000057220459,5.440000057220459,4483042
2023-10-19,5.489999771118164,5.519999980926514,5.489999771118164,5.519999980926514,5297000
2023-10-20,5.510000228881836,5.570000171661377,5.489999771118164,5.53000020980835,4274000
2023-10-23,5.550000190734863,5.570000171661377,5.53000020980835,5.53000020980835,4106817
2023-10-24,5.53000020980835,5.599999904632568,5.53000020980835,5.559999942779541,6114000
2023-10-25,5.510000228881836,5.519999980926514,5.489999771118164,5.519999980926514,5569000
2023-10-26,5.630000114440918,5.630000114440918,5.590000152587891,5.610000133514404,13597000
2023-10-27,5.590000152587891,5.610000133514404,5.579999923706055,5.610000133514404,5372000
2023-10-30,5.610000133514404,5.610000133514404,5.570000171661377,5.590000152587891,4144000
2023-10-31,5.659999847412109,5.670000076293945,5.590000152587891,5.590000152587891,10964100
2023-11-01,5.619999885559082,5.659999847412109,5.610000133514404,5.610000133514404,3727100
2023-11-02,5.519999980926514,5.550000190734863,5.510000228881836,5.550000190734863,5973234
2023-11-03,5.46999979019165,5.5,5.460000038146973,5.489999771118164,6208010
2023-11-06,5.420000076293945,5.440000057220459,5.400000095367432,5.429999828338623,7498100
2023-11-07,5.429999828338623,5.440000057220459,5.409999847412109,5.440000057220459,2216000
2023-11-08,5.400000095367432,5.420000076293945,5.380000114440918,5.409999847412109,6508000
2023-11-09,5.389999866485596,5.420000076293945,5.389999866485596,5.409999847412109,1521000
2023-11-10,5.420000076293945,5.440000057220459,5.409999847412109,5.429999828338623,3377000
2023-11-13,5.360000133514404,5.369999885559082,5.320000171661377,5.329999923706055,3510000
2023-11-14,5.340000152587891,5.349999904632568,5.329999923706055,5.340000152587891,2610000
2023-11-15,5.269999980926514,5.300000190734863,5.260000228881836,5.269999980926514,5226000
2023-11-16,5.269999980926514,5.289999961853027,5.260000228881836,5.269999980926514,3098000
2023-11-17,5.25,5.269999980926514,5.25,5.260000228881836,10454198
2023-11-20,5.260000228881836,5.28000020980835,5.25,5.25,1327158
2023-11-21,5.199999809265137,5.230000019073486,5.190000057220459,5.230000019073486,7805000
2023-11-22,5.230000019073486,5.239999771118164,5.21999979019165,5.230000019073486,2780000
2023-11-23,5.239999771118164,5.260000228881836,5.230000019073486,5.230000019073486,1134100
2023-11-24,5.239999771118164,5.239999771118164,5.21999979019165,5.21999979019165,1451528
2023-11-27,5.269999980926514,5.28000020980835,5.21999979019165,5.239999771118164,3500000
2023-11-28,5.210000038146973,5.260000228881836,5.199999809265137,5.260000228881836,6080000
2023-11-29,5.21999979019165,5.21999979019165,5.190000057220459,5.210000038146973,3542000
2023-11-30,5.199999809265137,5.239999771118164,5.199999809265137,5.199999809265137,2089000
2023-12-01,5.199999809265137,5.230000019073486,5.190000057220459,5.230000019073486,2520000
2023-12-04,5.199999809265137,5.210000038146973,5.170000076293945,5.190000057220459,2504000
2023-12-05,5.230000019073486,5.239999771118164,5.21999979019165,5.230000019073486,4064000
2023-12-06,5.210000038146973,5.210000038146973,5.179999828338623,5.210000038146973,2078301
2023-12-07,5.239999771118164,5.239999771118164,5.210000038146973,5.21999979019165,3154000
2023-12-08,5.210000038146973,5.210000038146973,5.179999828338623,5.190000057220459,2835685
2023-12-11,5.199999809265137,5.210000038146973,5.190000057220459,5.190000057220459,2601000
2023-12-12,5.190000057220459,5.190000057220459,5.150000095367432,5.159999847412109,3538000
2023-12-13,5.190000057220459,5.199999809265137,5.159999847412109,5.179999828338623,2731000
2023-12-14,5.119999885559082,5.139999866485596,5.110000133514404,5.130000114440918,10780000
2023-12-15,5.110000133514404,5.110000133514404,5.090000152587891,5.099999904632568,9479000
2023-12-18,5.130000114440918,5.139999866485596,5.119999885559082,5.130000114440918,2906000
2023-12-19,5.139999866485596,5.159999847412109,5.130000114440918,5.130000114440918,4223000
2023-12-20,5.119999885559082,5.139999866485596,5.110000133514404,5.139999866485596,2113000
2023-12-21,5.159999847412109,5.179999828338623,5.150000095367432,5.179999828338623,2406000
2023-12-22,5.150000095367432,5.159999847412109,5.139999866485596,5.150000095367432,2467000
2023-12-25,5.139999866485596,5.139999866485596,5.119999885559082,5.139999866485596,1645000
2023-12-26,5.099999904632568,5.130000114440918,5.099999904632568,5.119999885559082,12542000
2023-12-27,5.059999942779541,5.099999904632568,5.059999942779541,5.099999904632568,5356000
2023-12-28,5.059999942779541,5.079999923706055,5.050000190734863,5.070000171661377,3703000
2023-12-29,5.070000171661377,5.070000171661377,5.050000190734863,5.070000171661377,11418000
2024-01-02,5.090000152587891,5.099999904632568,5.059999942779541,5.059999942779541,1120000
2024-01-03,5.139999866485596,5.159999847412109,5.130000114440918,5.130000114440918,14301000
2024-01-04,5.159999847412109,5.159999847412109,5.139999866485596,5.150000095367432,13093999
2024-01-05,5.159999847412109,5.170000076293945,5.130000114440918,5.150000095367432,6306000
2024-01-08,5.130000114440918,5.139999866485596,5.099999904632568,5.119999885559082,4033000
2024-01-09,5.139999866485596,5.159999847412109,5.090000152587891,5.090000152587891,2475000
2024-01-10,5.170000076293945,5.179999828338623,5.159999847412109,5.170000076293945,2960000
2024-01-11,5.139999866485596,5.159999847412109,5.130000114440918,5.159999847412109,2297000
2024-01-12,5.170000076293945,5.179999828338623,5.139999866485596,5.170000076293945,2695000
2024-01-15,5.130000114440918,5.150000095367432,5.119999885559082,5.139999866485596,2472000
2024-01-16,5.190000057220459,5.210000038146973,5.170000076293945,5.179999828338623,4535000
2024-01-17,5.230000019073486,5.239999771118164,5.199999809265137,5.199999809265137,9150000
2024-01-18,5.230000019073486,5.239999771118164,5.210000038146973,5.230000019073486,3779000
2024-01-19,5.110000133514404,5.159999847412109,5.099999904632568,5.150000095367432,9581000
2024-01-22,5.070000171661377,5.090000152587891,5.050000190734863,5.070000171661377,4379000
2024-01-23,5.050000190734863,5.070000171661377,5.039999961853027,5.059999942779541,4266000
2024-01-24,5.039999961853027,5.050000190734863,5.03000020980835,5.050000190734863,3742601
2024-01-25,5.019999980926514,5.03000020980835,5.010000228881836,5.019999980926514,4381211
2024-01-26,5.019999980926514,5.03000020980835,5.0,5.019999980926514,2513000
2024-01-29,4.980000019073486,5.019999980926514,4.980000019073486,5.019999980926514,4700936
2024-01-30,4.980000019073486,5.0,4.96999979019165,4.980000019073486,1757000
2024-01-31,5.039999961853027,5.039999961853027,5.010000228881836,5.019999980926514,4703921
2024-02-01,5.019999980926514,5.050000190734863,5.019999980926514,5.03000020980835,3840000
2024-02-02,4.980000019073486,5.010000228881836,4.980000019073486,4.989999771118164,3972000
2024-02-05,4.980000019073486,5.019999980926514,4.980000019073486,5.010000228881836,4867000
2024-02-15,4.840000152587891,4.860000133514404,4.820000171661377,4.840000152587891,10532808
2024-02-16,4.829999923706055,4.840000152587891,4.809999942779541,4.820000171661377,3544000
2024-02-19,4.820000171661377,4.840000152587891,4.820000171661377,4.840000152587891,4298000
2024-02-20,4.809999942779541,4.829999923706055,4.800000190734863,4.829999923706055,3333000
2024-02-21,4.820000171661377,4.829999923706055,4.809999942779541,4.820000171661377,3965994
2024-02-22,4.78000020980835,4.800000190734863,4.769999980926514,4.78000020980835,5587105
2024-02-23,4.760000228881836,4.769999980926514,4.739999771118164,4.739999771118164,8316000
2024-02-26,4.75,4.78000020980835,4.739999771118164,4.760000228881836,3389500
2024-02-27,4.78000020980835,4.800000190734863,4.730000019073486,4.75,3971000
2024-02-29,4.739999771118164,4.789999961853027,4.739999771118164,4.789999961853027,9638000
2024-03-01,4.760000228881836,4.760000228881836,4.739999771118164,4.739999771118164,2568000
2024-03-04,4.659999847412109,4.710000038146973,4.659999847412109,4.710000038146973,11244000
2024-03-05,4.639999866485596,4.659999847412109,4.630000114440918,4.650000095367432,3660100
2024-03-06,4.610000133514404,4.679999828338623,4.610000133514404,4.670000076293945,6929000
2024-03-07,4.559999942779541,4.599999904632568,4.550000190734863,4.579999923706055,14104010
2024-03-08,4.550000190734863,4.579999923706055,4.5,4.510000228881836,11668100
2024-03-11,4.570000171661377,4.579999923706055,4.539999961853027,4.570000171661377,10040023
2024-03-12,4.510000228881836,4.579999923706055,4.510000228881836,4.579999923706055,4590121
2024-03-13,4.519999980926514,4.53000020980835,4.480000019073486,4.489999771118164,5110000
2024-03-14,4.519999980926514,4.550000190734863,4.510000228881836,4.519999980926514,3569320
2024-03-15,4.550000190734863,4.559999942779541,4.53000020980835,4.559999942779541,4596076
2024-03-18,4.53000020980835,4.559999942779541,4.519999980926514,4.550000190734863,4249050
2024-03-19,4.519999980926514,4.559999942779541,4.519999980926514,4.550000190734863,3677050
2024-03-20,4.539999961853027,4.559999942779541,4.510000228881836,4.519999980926514,5558050
2024-03-21,4.460000038146973,4.5,4.449999809265137,4.480000019073486,21304986
2024-03-22,4.449999809265137,4.480000019073486,4.440000057220459,4.449999809265137,9196050
2024-03-25,4.440000057220459,4.460000038146973,4.429999828338623,4.460000038146973,4312000
2024-03-26,4.460000038146973,4.5,4.409999847412109,4.429999828338623,15990089
2024-03-27,4.440000057220459,4.480000019073486,4.440000057220459,4.46999979019165,4745000
2024-03-28,4.460000038146973,4.480000019073486,4.449999809265137,4.460000038146973,3879000
2024-03-29,4.440000057220459,4.460000038146973,4.440000057220459,4.460000038146973,3163000
2024-04-01,4.440000057220459,4.449999809265137,4.409999847412109,4.429999828338623,5058000
2024-04-02,4.389999866485596,4.429999828338623,4.389999866485596,4.420000076293945,7127152
2024-04-03,4.429999828338623,4.440000057220459,4.409999847412109,4.429999828338623,4388250
2024-04-08,4.400000095367432,4.429999828338623,4.389999866485596,4.420000076293945,4343000
2024-04-09,4.309999942779541,4.389999866485596,4.309999942779541,4.389999866485596,13635069
2024-04-10,4.309999942779541,4.329999923706055,4.300000190734863,4.320000171661377,5219999
2024-04-11,4.329999923706055,4.360000133514404,4.329999923706055,4.349999904632568,6935000
2024-04-12,4.340000152587891,4.349999904632568,4.320000171661377,4.340000152587891,2990000
2024-04-15,4.389999866485596,4.400000095367432,4.369999885559082,4.380000114440918,4837042
2024-04-16,4.510000228881836,4.539999961853027,4.429999828338623,4.429999828338623,26716248
2024-04-17,4.46999979019165,4.5,4.449999809265137,4.489999771118164,12557649
2024-04-18,4.440000057220459,4.5,4.429999828338623,4.5,20512000
2024-04-19,4.599999904632568,4.650000095367432,4.510000228881836,4.53000020980835,38716050
2024-04-22,4.599999904632568,4.619999885559082,4.559999942779541,4.619999885559082,12395050
2024-04-23,4.570000171661377,4.590000152587891,4.539999961853027,4.539999961853027,5851000
2024-04-24,4.460000038146973,4.510000228881836,4.449999809265137,4.5,17194633
2024-04-25,4.53000020980835,4.53000020980835,4.5,4.5,10784050
2024-04-26,4.460000038146973,4.480000019073486,4.429999828338623,4.46999979019165,14063793
2024-04-29,4.369999885559082,4.420000076293945,4.369999885559082,4.420000076293945,14792896
2024-04-30,4.389999866485596,4.389999866485596,4.360000133514404,4.380000114440918,4100050
2024-05-02,4.429999828338623,4.440000057220459,4.409999847412109,4.429999828338623,9127500
2024-05-03,4.420000076293945,4.429999828338623,4.360000133514404,4.380000114440918,9017000
2024-05-06,4.360000133514404,4.369999885559082,4.340000152587891,4.349999904632568,10094000
2024-05-07,4.360000133514404,4.380000114440918,4.329999923706055,4.340000152587891,8396400
2024-05-08,4.340000152587891,4.369999885559082,4.329999923706055,4.360000133514404,6176000
2024-05-09,4.349999904632568,4.360000133514404,4.329999923706055,4.349999904632568,8733000
2024-05-10,4.309999942779541,4.360000133514404,4.309999942779541,4.329999923706055,7037000
2024-05-13,4.300000190734863,4.309999942779541,4.28000020980835,4.289999961853027,5830000
2024-05-14,4.269999980926514,4.300000190734863,4.269999980926514,4.300000190734863,18560000
2024-05-15,4.21999979019165,4.25,4.190000057220459,4.25,33802380
2024-05-16,4.210000038146973,4.210000038146973,4.159999847412109,4.179999828338623,12624838
2024-05-17,4.199999809265137,4.210000038146973,4.179999828338623,4.199999809265137,5375000
2024-05-20,4.199999809265137,4.239999771118164,4.190000057220459,4.190000057220459,9855000
2024-05-21,4.210000038146973,4.239999771118164,4.199999809265137,4.210000038146973,6004000
2024-05-22,4.150000095367432,4.210000038146973,4.150000095367432,4.210000038146973,10379318
2024-05-23,4.150000095367432,4.170000076293945,4.139999866485596,4.150000095367432,8764000
2024-05-24,4.150000095367432,4.190000057220459,4.139999866485596,4.190000057220459,11632000
2024-05-27,4.110000133514404,4.139999866485596,4.090000152587891,4.130000114440918,10215329
2024-05-28,4.090000152587891,4.110000133514404,4.070000171661377,4.110000133514404,9769500
2024-05-29,4.119999885559082,4.130000114440918,4.099999904632568,4.099999904632568,5433000
2024-05-30,4.190000057220459,4.190000057220459,4.159999847412109,4.170000076293945,12749000
2024-05-31,4.210000038146973,4.210000038146973,4.150000095367432,4.159999847412109,10351000
2024-06-03,4.139999866485596,4.190000057220459,4.130000114440918,4.159999847412109,17584000
2024-06-04,4.210000038146973,4.210000038146973,4.159999847412109,4.159999847412109,8924000
2024-06-05,4.170000076293945,4.230000019073486,4.170000076293945,4.190000057220459,7754111
2024-06-06,4.099999904632568,4.110000133514404,4.079999923706055,4.090000152587891,16720300
2024-06-07,4.099999904632568,4.110000133514404,4.090000152587891,4.110000133514404,4194000
2024-06-11,4.110000133514404,4.119999885559082,4.079999923706055,4.090000152587891,6530000
2024-06-12,4.059999942779541,4.099999904632568,4.059999942779541,4.099999904632568,8624000
2024-06-13,4.010000228881836,4.039999961853027,3.9800000190734863,4.019999980926514,17212000
2024-06-14,3.990000009536743,4.03000020980835,3.9800000190734863,4.019999980926514,7410089
2024-06-17,3.9800000190734863,4.0,3.9700000286102295,3.990000009536743,8047000
2024-06-18,3.9200000762939453,3.950000047683716,3.9200000762939453,3.930000066757202,11597000
2024-06-19,3.8399999141693115,3.890000104904175,3.8399999141693115,3.890000104904175,26356101
2024-06-20,3.809999942779541,3.8499999046325684,3.809999942779541,3.8499999046325684,8994200
2024-06-21,3.819999933242798,3.8499999046325684,3.819999933242798,3.8399999141693115,4834000
2024-06-24,3.9100000858306885,3.9100000858306885,3.859999895095825,3.859999895095825,13537000
2024-06-25,3.9000000953674316,3.9600000381469727,3.890000104904175,3.930000066757202,9036000
2024-06-26,3.890000104904175,3.9000000953674316,3.859999895095825,3.890000104904175,13857000
2024-06-27,3.890000104904175,3.9200000762939453,3.890000104904175,3.9200000762939453,6198010
2024-06-28,3.8499999046325684,3.890000104904175,3.8399999141693115,3.880000114440918,5917000
2024-07-01,3.8499999046325684,3.869999885559082,3.8299999237060547,3.8499999046325684,3183000
2024-07-02,3.880000114440918,3.9100000858306885,3.859999895095825,3.869999885559082,7272000
2024-07-03,3.8299999237060547,3.859999895095825,3.8299999237060547,3.8499999046325684,8339000
2024-07-04,3.75,3.7899999618530273,3.75,3.7899999618530273,11927000
2024-07-05,3.759999990463257,3.7699999809265137,3.75,3.759999990463257,5321264
2024-07-08,3.7100000381469727,3.7699999809265137,3.690000057220459,3.7699999809265137,15756141
2024-07-09,3.7100000381469727,3.759999990463257,3.680000066757202,3.7100000381469727,9524000
2024-07-10,3.690000057220459,3.740000009536743,3.690000057220459,3.7300000190734863,9091000
2024-07-11,3.640000104904175,3.6700000762939453,3.630000114440918,3.6500000953674316,14042000
2024-07-12,3.7300000190734863,3.7300000190734863,3.690000057220459,3.700000047683716,10920000
2024-07-15,3.7300000190734863,3.7300000190734863,3.700000047683716,3.7100000381469727,10651000
2024-07-16,3.700000047683716,3.7100000381469727,3.6700000762939453,3.7100000381469727,13453000
2024-07-17,3.7300000190734863,3.740000009536743,3.700000047683716,3.7100000381469727,10862000
2024-07-18,3.7799999713897705,3.819999933242798,3.7799999713897705,3.799999952316284,17715590
2024-07-19,3.859999895095825,3.869999885559082,3.809999942779541,3.809999942779541,21524591
2024-07-22,3.950000047683716,3.9800000190734863,3.869999885559082,3.869999885559082,30132500
2024-07-23,3.869999885559082,3.9100000858306885,3.859999895095825,3.9000000953674316,11992000
2024-07-26,3.990000009536743,4.019999980926514,3.9800000190734863,4.010000228881836,16668000
2024-07-29,3.9700000286102295,3.990000009536743,3.9200000762939453,3.930000066757202,15265000
2024-07-30,3.9700000286102295,4.050000190734863,3.9600000381469727,4.0,20654000
2024-07-31,3.9700000286102295,4.010000228881836,3.950000047683716,4.0,6345000
2024-08-01,3.9000000953674316,3.930000066757202,3.880000114440918,3.890000104904175,22329010
2024-08-02,4.079999923706055,4.079999923706055,3.990000009536743,4.019999980926514,21667150
2024-08-05,4.46999979019165,4.46999979019165,4.289999961853027,4.300000190734863,71229140
2024-08-06,4.28000020980835,4.449999809265137,4.199999809265137,4.25,48299685
2024-08-07,4.059999942779541,4.210000038146973,4.050000190734863,4.190000057220459,34945323
2024-08-08,4.159999847412109,4.179999828338623,4.099999904632568,4.159999847412109,23143177
2024-08-09,4.039999961853027,4.059999942779541,4.0,4.03000020980835,48950423
2024-08-12,3.9800000190734863,4.0,3.940000057220459,4.0,22530000
2024-08-13,3.9600000381469727,3.990000009536743,3.950000047683716,3.9600000381469727,13327408
2024-08-14,3.930000066757202,3.940000057220459,3.890000104904175,3.9100000858306885,34376000
2024-08-15,3.940000057220459,3.940000057220459,3.9000000953674316,3.9200000762939453,9468000
2024-08-16,3.859999895095825,3.880000114440918,3.8399999141693115,3.859999895095825,19659050
2024-08-19,3.8499999046325684,3.869999885559082,3.819999933242798,3.8499999046325684,17147000
2024-08-20,3.8499999046325684,3.8499999046325684,3.819999933242798,3.8299999237060547,7051000
2024-08-21,3.880000114440918,3.890000104904175,3.859999895095825,3.859999895095825,15780000
2024-08-22,3.9000000953674316,3.9100000858306885,3.869999885559082,3.869999885559082,6330000
2024-08-23,3.880000114440918,3.940000057220459,3.869999885559082,3.930000066757202,18884000
2024-08-26,3.890000104904175,3.890000104904175,3.8299999237060547,3.8499999046325684,7581000
2024-08-27,3.869999885559082,3.9100000858306885,3.869999885559082,3.9000000953674316,6279000
2024-08-28,3.8399999141693115,3.9000000953674316,3.8399999141693115,3.880000114440918,5096000
2024-08-29,3.869999885559082,3.9200000762939453,3.859999895095825,3.9000000953674316,7786000
2024-08-30,3.859999895095825,3.869999885559082,3.8399999141693115,3.869999885559082,3661000
2024-09-02,3.880000114440918,3.880000114440918,3.8299999237060547,3.8399999141693115,7558000
2024-09-03,3.890000104904175,3.9000000953674316,3.8499999046325684,3.869999885559082,6148000
2024-09-04,4.079999923706055,4.110000133514404,4.019999980926514,4.059999942779541,45478299
2024-09-05,4.059999942779541,4.079999923706055,3.990000009536743,4.019999980926514,16566200
2024-09-06,4.019999980926514,4.079999923706055,4.0,4.050000190734863,13549000
2024-09-09,4.059999942779541,4.110000133514404,4.050000190734863,4.099999904632568,25800000
2024-09-10,4.079999923706055,4.099999904632568,4.03000020980835,4.050000190734863,11132200
2024-09-11,4.079999923706055,4.090000152587891,4.059999942779541,4.079999923706055,10691000
2024-09-12,3.950000047683716,4.0,3.940000057220459,3.9800000190734863,19124040
2024-09-13,3.930000066757202,3.9600000381469727,3.930000066757202,3.930000066757202,12157598
2024-09-16,3.9200000762939453,3.950000047683716,3.9100000858306885,3.930000066757202,5435000
2024-09-18,3.9600000381469727,3.9600000381469727,3.9200000762939453,3.930000066757202,4773237
2024-09-19,3.880000114440918,3.9600000381469727,3.880000114440918,3.950000047683716,14829237
2024-09-20,3.859999895095825,3.859999895095825,3.819999933242798,3.8399999141693115,13434000
2024-09-23,3.8299999237060547,3.8499999046325684,3.819999933242798,3.8499999046325684,6633000
2024-09-24,3.809999942779541,3.869999885559082,3.799999952316284,3.8399999141693115,11166000
2024-09-25,3.740000009536743,3.7699999809265137,3.740000009536743,3.759999990463257,14528298
2024-09-26,3.740000009536743,3.740000009536743,3.7100000381469727,3.7200000286102295,8434000
2024-09-27,3.740000009536743,3.740000009536743,3.690000057220459,3.7100000381469727,13658173
2024-09-30,3.819999933242798,3.819999933242798,3.759999990463257,3.759999990463257,16141835
2024-10-01,3.8299999237060547,3.8299999237060547,3.809999942779541,3.809999942779541,4694279
2024-10-04,3.8399999141693115,3.8499999046325684,3.799999952316284,3.819999933242798,10057000
2024-10-07,3.75,3.7899999618530273,3.75,3.7899999618530273,9842559
2024-10-08,3.7899999618530273,3.819999933242798,3.7699999809265137,3.7799999713897705,9244290
2024-10-09,3.7799999713897705,3.7799999713897705,3.740000009536743,3.75,5520000
2024-10-11,3.740000009536743,3.759999990463257,3.7100000381469727,3.759999990463257,6790290
2024-10-14,3.7200000286102295,3.75,3.7100000381469727,3.7300000190734863,6119500
2024-10-15,3.6600000858306885,3.700000047683716,3.6600000858306885,3.700000047683716,12804000
2024-10-16,3.7100000381469727,3.740000009536743,3.680000066757202,3.7300000190734863,7642597
2024-10-17,3.690000057220459,3.7300000190734863,3.680000066757202,3.700000047683716,6029896
2024-10-18,3.640000104904175,3.6500000953674316,3.5999999046325684,3.609999895095825,22510000
2024-10-21,3.640000104904175,3.640000104904175,3.5999999046325684,3.609999895095825,8720539
2024-10-22,3.640000104904175,3.6700000762939453,3.630000114440918,3.640000104904175,5049000
2024-10-23,3.6600000858306885,3.6700000762939453,3.640000104904175,3.6500000953674316,3255000
2024-10-24,3.690000057220459,3.700000047683716,3.6500000953674316,3.6600000858306885,6756320
2024-10-25,3.6600000858306885,3.680000066757202,3.6500000953674316,3.6700000762939453,4961000
2024-10-28,3.680000066757202,3.690000057220459,3.630000114440918,3.640000104904175,9063190
2024-10-29,3.7300000190734863,3.7699999809265137,3.7100000381469727,3.7100000381469727,22217626
2024-10-30,3.75,3.75,3.700000047683716,3.7100000381469727,7554000
2024-11-01,3.759999990463257,3.8499999046325684,3.75,3.8399999141693115,16554000
2024-11-04,3.7300000190734863,3.759999990463257,3.7200000286102295,3.75,10463000
2024-11-05,3.7100000381469727,3.75,3.690000057220459,3.75,15816320
2024-11-06,3.680000066757202,3.7100000381469727,3.6500000953674316,3.7100000381469727,9780626
2024-11-07,3.640000104904175,3.690000057220459,3.619999885559082,3.680000066757202,23288000
2024-11-08,3.630000114440918,3.640000104904175,3.5999999046325684,3.5999999046325684,12599000
2024-11-11,3.630000114440918,3.6700000762939453,3.619999885559082,3.630000114440918,10144000
2024-11-12,3.7200000286102295,3.7200000286102295,3.680000066757202,3.690000057220459,17929460
2024-11-13,3.740000009536743,3.740000009536743,3.7100000381469727,3.740000009536743,14617310
2024-11-14,3.7699999809265137,3.7899999618530273,3.7300000190734863,3.740000009536743,11349000
2024-11-15,3.740000009536743,3.7699999809265137,3.7200000286102295,3.740000009536743,8236000
2024-11-18,3.7899999618530273,3.7899999618530273,3.75,3.759999990463257,11162000
2024-11-19,3.75,3.7899999618530273,3.7200000286102295,3.7699999809265137,17062000
2024-11-20,3.75,3.75,3.75,3.75,22000
2024-11-21,3.7899999618530273,3.799999952316284,3.759999990463257,3.7899999618530273,13804000
2024-11-22,3.7200000286102295,3.740000009536743,3.7100000381469727,3.740000009536743,15123620
2024-11-25,3.7100000381469727,3.7100000381469727,3.6700000762939453,3.690000057220459,16176000
2024-11-26,3.7699999809265137,3.7799999713897705,3.740000009536743,3.75,13616300
2024-11-27,3.8299999237060547,3.8299999237060547,3.759999990463257,3.7699999809265137,23099382
2024-11-28,3.8299999237060547,3.869999885559082,3.819999933242798,3.819999933242798,29134100
2024-11-29,3.8299999237060547,3.890000104904175,3.809999942779541,3.880000114440918,25714300
2024-12-02,3.75,3.7899999618530273,3.740000009536743,3.7799999713897705,35241270
2024-12-03,3.700000047683716,3.7200000286102295,3.690000057220459,3.690000057220459,32109000
2024-12-04,3.6700000762939453,3.700000047683716,3.6700000762939453,3.680000066757202,18319495
2024-12-05,3.6700000762939453,3.690000057220459,3.6600000858306885,3.6700000762939453,26725419
2024-12-06,3.690000057220459,3.700000047683716,3.6600000858306885,3.6700000762939453,15095081
2024-12-09,3.680000066757202,3.690000057220459,3.6700000762939453,3.6700000762939453,12104400
2024-12-10,3.7100000381469727,3.7100000381469727,3.6600000858306885,3.680000066757202,12258200
2024-12-11,3.740000009536743,3.75,3.7100000381469727,3.740000009536743,16708000
2024-12-12,3.7100000381469727,3.7100000381469727,3.680000066757202,3.700000047683716,9514499
2024-12-13,3.7100000381469727,3.7300000190734863,3.700000047683716,3.7100000381469727,14343090
2024-12-16,3.7200000286102295,3.7200000286102295,3.6600000858306885,3.6700000762939453,11191000
2024-12-17,3.690000057220459,3.7100000381469727,3.6700000762939453,3.700000047683716,6968000
2024-12-18,3.700000047683716,3.7300000190734863,3.680000066757202,3.7100000381469727,10551599
2024-12-19,3.740000009536743,3.759999990463257,3.7300000190734863,3.75,29295000
2024-12-20,3.7699999809265137,3.7799999713897705,3.75,3.75,18530000
2024-12-23,3.680000066757202,3.740000009536743,3.680000066757202,3.7300000190734863,19890999
2024-12-24,3.680000066757202,3.680000066757202,3.6600000858306885,3.6600000858306885,8194002
2024-12-25,3.6700000762939453,3.680000066757202,3.6600000858306885,3.6700000762939453,6652000
2024-12-26,3.6700000762939453,3.6700000762939453,3.6500000953674316,3.6600000858306885,3227000
2024-12-27,3.6600000858306885,3.680000066757202,3.6600000858306885,3.680000066757202,5640000
2024-12-30,3.690000057220459,3.690000057220459,3.6600000858306885,3.680000066757202,4673000
2024-12-31,3.700000047683716,3.7200000286102295,3.700000047683716,3.700000047683716,8452000
2025-01-02,3.740000009536743,3.759999990463257,3.7100000381469727,3.7200000286102295,17277000
2025-01-03,3.7100000381469727,3.7300000190734863,3.690000057220459,3.7100000381469727,14118000
2025-01-06,3.609999895095825,3.6700000762939453,3.609999895095825,3.6600000858306885,23092307
2025-01-07,3.5899999141693115,3.5999999046325684,3.559999942779541,3.5799999237060547,17457000
2025-01-08,3.640000104904175,3.640000104904175,3.5999999046325684,3.609999895095825,12751000
2025-01-09,3.690000057220459,3.690000057220459,3.640000104904175,3.6500000953674316,9330999
2025-01-10,3.690000057220459,3.7200000286102295,3.680000066757202,3.700000047683716,11810000
2025-01-13,3.7799999713897705,3.799999952316284,3.7100000381469727,3.7200000286102295,28457795
2025-01-14,3.75,3.7799999713897705,3.75,3.7699999809265137,18379010
2025-01-15,3.7799999713897705,3.7899999618530273,3.75,3.759999990463257,12835100
2025-01-16,3.7100000381469727,3.7300000190734863,3.680000066757202,3.7300000190734863,16682000
2025-01-17,3.700000047683716,3.7200000286102295,3.680000066757202,3.690000057220459,5002000
2025-01-20,3.6600000858306885,3.680000066757202,3.6500000953674316,3.680000066757202,8998295
2025-01-21,3.6500000953674316,3.680000066757202,3.6500000953674316,3.680000066757202,6215000
2025-01-22,3.619999885559082,3.630000114440918,3.5999999046325684,3.619999885559082,11648000
2025-02-03,3.75,3.7799999713897705,3.7300000190734863,3.7300000190734863,31837100
2025-02-04,3.75,3.759999990463257,3.7200000286102295,3.7200000286102295,10266000
2025-02-05,3.690000057220459,3.700000047683716,3.6600000858306885,3.700000047683716,14116000
2025-02-06,3.6700000762939453,3.680000066757202,3.6500000953674316,3.6600000858306885,6970098
2025-02-07,3.6500000953674316,3.6600000858306885,3.640000104904175,3.6600000858306885,8520000
2025-02-10,3.680000066757202,3.690000057220459,3.6600000858306885,3.6600000858306885,7835000
2025-02-11,3.6500000953674316,3.6600000858306885,3.630000114440918,3.6500000953674316,7578000
2025-02-12,3.6700000762939453,3.6700000762939453,3.619999885559082,3.640000104904175,7719601
2025-02-13,3.6500000953674316,3.6700000762939453,3.640000104904175,3.6500000953674316,7678000
2025-02-14,3.680000066757202,3.690000057220459,3.6600000858306885,3.6700000762939453,18269000
2025-02-17,3.630000114440918,3.6600000858306885,3.619999885559082,3.6600000858306885,20501000
2025-02-18,3.619999885559082,3.630000114440918,3.5999999046325684,3.630000114440918,8230000
2025-02-19,3.619999885559082,3.619999885559082,3.5999999046325684,3.619999885559082,6061000
2025-02-20,3.630000114440918,3.6500000953674316,3.609999895095825,3.630000114440918,8845000
2025-02-21,3.5999999046325684,3.630000114440918,3.5899999141693115,3.630000114440918,12596000
2025-02-24,3.619999885559082,3.640000104904175,3.609999895095825,3.640000104904175,8252300
2025-02-25,3.6500000953674316,3.680000066757202,3.640000104904175,3.6600000858306885,19367000
2025-02-26,3.6500000953674316,3.690000057220459,3.640000104904175,3.6700000762939453,14479000
2025-02-27,3.680000066757202,3.680000066757202,3.630000114440918,3.6500000953674316,14262540
2025-03-03,3.740000009536743,3.759999990463257,3.7200000286102295,3.7200000286102295,44137300
2025-03-04,3.759999990463257,3.819999933242798,3.75,3.799999952316284,24141039
2025-03-05,3.7200000286102295,3.75,3.7100000381469727,3.75,17903300
2025-03-06,3.740000009536743,3.75,3.7100000381469727,3.7100000381469727,14972009
2025-03-07,3.7799999713897705,3.7799999713897705,3.75,3.7699999809265137,19185100
2025-03-10,3.7899999618530273,3.809999942779541,3.7699999809265137,3.7799999713897705,8726000
2025-03-11,3.859999895095825,3.930000066757202,3.8499999046325684,3.880000114440918,33430100
2025-03-12,3.8499999046325684,3.859999895095825,3.809999942779541,3.8399999141693115,14292000
2025-03-13,3.869999885559082,3.880000114440918,3.7799999713897705,3.799999952316284,24152000
2025-03-14,3.869999885559082,3.890000104904175,3.8499999046325684,3.859999895095825,20879260
2025-03-17,3.8399999141693115,3.8499999046325684,3.809999942779541,3.8299999237060547,11728000
2025-03-18,3.819999933242798,3.8299999237060547,3.799999952316284,3.799999952316284,8910000
2025-03-19,3.859999895095825,3.869999885559082,3.819999933242798,3.8299999237060547,10932000
2025-03-20,3.7899999618530273,3.8299999237060547,3.7899999618530273,3.8299999237060547,24146260
2025-03-21,3.8299999237060547,3.8399999141693115,3.799999952316284,3.799999952316284,10617000
2025-03-24,3.8299999237060547,3.8399999141693115,3.7899999618530273,3.799999952316284,7572000
2025-03-25,3.819999933242798,3.8299999237060547,3.7799999713897705,3.799999952316284,11594000
2025-03-26,3.809999942779541,3.819999933242798,3.7899999618530273,3.799999952316284,7849000
2025-03-27,3.869999885559082,3.890000104904175,3.859999895095825,3.869999885559082,28505600
2025-03-28,3.940000057220459,3.9600000381469727,3.9000000953674316,3.9000000953674316,28738000
2025-03-31,4.070000171661377,4.090000152587891,4.03000020980835,4.039999961853027,50254957
2025-04-01,4.0,4.059999942779541,3.9800000190734863,4.03000020980835,49666000
2025-04-02,3.990000009536743,4.010000228881836,3.9700000286102295,3.9800000190734863,16778228
2025-04-07,4.380000114440918,4.380000114440918,4.380000114440918,4.380000114440918,11656009
2025-04-08,4.519999980926514,4.570000171661377,4.380000114440918,4.440000057220459,109930999
2025-04-09,4.769999980926514,4.800000190734863,4.510000228881836,4.559999942779541,78148573
2025-04-10,4.300000190734863,4.300000190734863,4.300000190734863,4.300000190734863,6277400
2025-04-11,4.170000076293945,4.489999771118164,4.159999847412109,4.360000133514404,68567199
2025-04-14,4.159999847412109,4.179999828338623,4.059999942779541,4.099999904632568,44294333
2025-04-15,4.099999904632568,4.159999847412109,4.090000152587891,4.130000114440918,24146948
2025-04-16,4.179999828338623,4.179999828338623,4.130000114440918,4.139999866485596,19131500
2025-04-17,4.190000057220459,4.230000019073486,4.170000076293945,4.199999809265137,27496768
2025-04-18,4.179999828338623,4.199999809265137,4.159999847412109,4.170000076293945,13407000
2025-04-21,4.25,4.25,4.190000057220459,4.199999809265137,18715230
2025-04-22,4.309999942779541,4.309999942779541,4.25,4.289999961853027,23625900
2025-04-23,4.139999866485596,4.190000057220459,4.119999885559082,4.190000057220459,33698150
2025-04-24,4.159999847412109,4.170000076293945,4.110000133514404,4.110000133514404,17664250
2025-04-25,4.070000171661377,4.079999923706055,4.03000020980835,4.050000190734863,24600100
2025-04-28,4.050000190734863,4.050000190734863,4.019999980926514,4.03000020980835,16520549
2025-04-29,4.010000228881836,4.050000190734863,3.990000009536743,4.050000190734863,23498105
2025-04-30,4.010000228881836,4.019999980926514,3.9800000190734863,4.019999980926514,17992050
2025-05-02,3.9000000953674316,3.940000057220459,3.890000104904175,3.940000057220459,36041755
2025-05-05,3.9600000381469727,3.990000009536743,3.869999885559082,3.880000114440918,30412015
2025-05-06,3.9700000286102295,4.0,3.940000057220459,4.0,22966000
2025-05-07,3.9600000381469727,3.9800000190734863,3.930000066757202,3.940000057220459,18120603
2025-05-08,3.9100000858306885,3.940000057220459,3.890000104904175,3.930000066757202,20009100
2025-05-09,3.880000114440918,3.9200000762939453,3.869999885559082,3.9000000953674316,17658000
2025-05-12,3.819999933242798,3.8499999046325684,3.809999942779541,3.8399999141693115,21237334
2025-05-13,3.7799999713897705,3.7899999618530273,3.7300000190734863,3.7300000190734863,31088104
2025-05-14,3.700000047683716,3.740000009536743,3.700000047683716,3.740000009536743,30609494
2025-05-15,3.7200000286102295,3.7200000286102295,3.690000057220459,3.7100000381469727,16304100
2025-05-16,3.680000066757202,3.7200000286102295,3.680000066757202,3.7100000381469727,13931207
2025-05-19,3.75,3.75,3.7100000381469727,3.7200000286102295,18761100
2025-05-20,3.740000009536743,3.75,3.7100000381469727,3.7100000381469727,12113010
2025-05-21,3.700000047683716,3.7300000190734863,3.690000057220459,3.7300000190734863,11599856
2025-05-22,3.740000009536743,3.75,3.7200000286102295,3.7300000190734863,8277100
2025-05-23,3.740000009536743,3.759999990463257,3.7200000286102295,3.7200000286102295,10519000
2025-05-26,3.759999990463257,3.759999990463257,3.7300000190734863,3.740000009536743,14626000
2025-05-27,3.7899999618530273,3.799999952316284,3.75,3.75,18775280
2025-05-28,3.7799999713897705,3.799999952316284,3.7200000286102295,3.75,17208736
2025-05-29,3.759999990463257,3.7699999809265137,3.7200000286102295,3.7200000286102295,10299081
2025-06-02,3.8499999046325684,3.8499999046325684,3.809999942779541,3.809999942779541,23989013
2025-06-03,3.819999933242798,3.8299999237060547,3.7799999713897705,3.809999942779541,22234328
2025-06-04,3.7200000286102295,3.7699999809265137,3.7200000286102295,3.7699999809265137,37803169
2025-06-05,3.7200000286102295,3.7300000190734863,3.700000047683716,3.7200000286102295,13790050
2025-06-06,3.7100000381469727,3.7300000190734863,3.700000047683716,3.7300000190734863,12187115
2025-06-09,3.690000057220459,3.7100000381469727,3.680000066757202,3.690000057220459,15662100
2025-06-10,3.619999885559082,3.6700000762939453,3.5999999046325684,3.6700000762939453,34794340
2025-06-11,3.5999999046325684,3.609999895095825,3.5799999237060547,3.5999999046325684,13777500
2025-06-12,3.609999895095825,3.609999895095825,3.5899999141693115,3.609999895095825,9813999
2025-06-13,3.6500000953674316,3.6600000858306885,3.619999885559082,3.6500000953674316,24812200
2025-06-16,3.640000104904175,3.6600000858306885,3.630000114440918,3.6500000953674316,6844258
2025-06-17,3.619999885559082,3.630000114440918,3.5899999141693115,3.609999895095825,12642000
2025-06-18,3.5999999046325684,3.630000114440918,3.5899999141693115,3.630000114440918,14055420
2025-06-19,3.619999885559082,3.640000104904175,3.609999895095825,3.609999895095825,8324000
2025-06-20,3.6500000953674316,3.6700000762939453,3.619999885559082,3.630000114440918,14892660
2025-06-23,3.6700000762939453,3.7100000381469727,3.6600000858306885,3.690000057220459,15081000
2025-06-24,3.5899999141693115,3.609999895095825,3.5799999237060547,3.609999895095825,24384446
2025-06-25,3.549999952316284,3.5799999237060547,3.549999952316284,3.559999942779541,19968270
2025-06-26,3.569999933242798,3.569999933242798,3.5299999713897705,3.549999952316284,12262010
2025-06-27,3.569999933242798,3.5799999237060547,3.549999952316284,3.549999952316284,9426500
2025-06-30,3.559999942779541,3.569999933242798,3.549999952316284,3.559999942779541,6082020
2025-07-01,3.5199999809265137,3.5399999618530273,3.4800000190734863,3.5399999618530273,27928164
2025-07-02,3.5299999713897705,3.5399999618530273,3.509999990463257,3.5399999618530273,11762771
2025-07-03,3.4600000381469727,3.490000009536743,3.4600000381469727,3.490000009536743,19612601
2025-07-04,3.509999990463257,3.509999990463257,3.450000047683716,3.450000047683716,17675000
2025-07-07,3.5299999713897705,3.5399999618530273,3.5,3.509999990463257,10243840
2025-07-08,3.5299999713897705,3.559999942779541,3.5199999809265137,3.5399999618530273,13725000
2025-07-09,3.509999990463257,3.5399999618530273,3.5,3.5399999618530273,9434151
2025-07-10,3.4800000190734863,3.509999990463257,3.4700000286102295,3.509999990463257,11654124
2025-07-11,3.4600000381469727,3.490000009536743,3.450000047683716,3.490000009536743,8916862
2025-07-14,3.490000009536743,3.490000009536743,3.4700000286102295,3.4700000286102295,5324648
2025-07-15,3.450000047683716,3.490000009536743,3.430000066757202,3.490000009536743,23225700
2025-07-16,3.4100000858306885,3.440000057220459,3.390000104904175,3.430000066757202,19926933
2025-07-17,3.390000104904175,3.4200000762939453,3.380000114440918,3.4000000953674316,8771230
2025-07-18,3.359999895095825,3.359999895095825,3.3399999141693115,3.3499999046325684,17882668
2025-07-21,3.359999895095825,3.369999885559082,3.3499999046325684,3.359999895095825,8304100
2025-07-22,3.4000000953674316,3.4000000953674316,3.3299999237060547,3.359999895095825,18357020
2025-07-23,3.359999895095825,3.380000114440918,3.3499999046325684,3.369999885559082,15547700
2025-07-24,3.3499999046325684,3.359999895095825,3.3399999141693115,3.3399999141693115,10786065
2025-07-25,3.3499999046325684,3.359999895095825,3.3399999141693115,3.359999895095825,4615000
2025-07-28,3.3399999141693115,3.359999895095825,3.3299999237060547,3.3299999237060547,8176000
2025-07-29,3.369999885559082,3.390000104904175,3.3399999141693115,3.3499999046325684,10581150
2025-07-30,3.3399999141693115,3.369999885559082,3.3299999237060547,3.359999895095825,18051415
2025-07-31,3.299999952316284,3.3399999141693115,3.299999952316284,3.3299999237060547,14455100
2025-08-01,3.3399999141693115,3.369999885559082,3.3299999237060547,3.359999895095825,14669533
2025-08-04,3.359999895095825,3.390000104904175,3.3499999046325684,3.380000114440918,14663200
2025-08-05,3.319999933242798,3.3399999141693115,3.309999942779541,3.3299999237060547,13230686
2025-08-06,3.3499999046325684,3.3499999046325684,3.319999933242798,3.3399999141693115,12163413
2025-08-07,3.25,3.309999942779541,3.240000009536743,3.2899999618530273,40461233
2025-08-08,3.25,3.259999990463257,3.240000009536743,3.25,10876000
2025-08-11,3.2300000190734863,3.2699999809265137,3.2100000381469727,3.25,12588682
2025-08-12,3.2200000286102295,3.240000009536743,3.2100000381469727,3.2200000286102295,7514309
2025-08-13,3.200000047683716,3.2300000190734863,3.190000057220459,3.200000047683716,16522010
2025-08-14,3.2100000381469727,3.2200000286102295,3.200000047683716,3.2100000381469727,8595835
2025-08-15,3.200000047683716,3.2200000286102295,3.190000057220459,3.2100000381469727,5949067
2025-08-18,3.190000057220459,3.2200000286102295,3.180000066757202,3.2100000381469727,12359576
2025-08-19,3.200000047683716,3.2100000381469727,3.180000066757202,3.200000047683716,7004210
2025-08-20,3.2899999618530273,3.2899999618530273,3.2300000190734863,3.2300000190734863,36556086
2025-08-21,3.259999990463257,3.2699999809265137,3.240000009536743,3.2699999809265137,14825000
2025-08-22,3.259999990463257,3.2799999713897705,3.240000009536743,3.25,9582000
2025-08-25,3.200000047683716,3.2300000190734863,3.190000057220459,3.2200000286102295,25901450
2025-08-26,3.2100000381469727,3.2300000190734863,3.200000047683716,3.2200000286102295,7116158
2025-08-27,3.1700000762939453,3.190000057220459,3.1700000762939453,3.190000057220459,17589781
2025-08-28,3.200000047683716,3.2100000381469727,3.180000066757202,3.190000057220459,9294488
2025-08-29,3.200000047683716,3.2100000381469727,3.1700000762939453,3.180000066757202,9674200
2025-09-01,3.25,3.259999990463257,3.200000047683716,3.2100000381469727,18564470
2025-09-02,3.240000009536743,3.259999990463257,3.200000047683716,3.2200000286102295,15075480
2025-09-03,3.2300000190734863,3.25,3.2200000286102295,3.240000009536743,7901390
2025-09-04,3.2200000286102295,3.2200000286102295,3.190000057220459,3.2100000381469727,13165089
2025-09-05,3.190000057220459,3.200000047683716,3.180000066757202,3.190000057220459,8589319
2025-09-08,3.1600000858306885,3.1700000762939453,3.1500000953674316,3.1700000762939453,18067000
2025-09-09,3.130000114440918,3.1600000858306885,3.130000114440918,3.1500000953674316,14890313
2025-09-10,3.0799999237060547,3.119999885559082,3.0799999237060547,3.109999895095825,29319391
2025-09-11,3.0799999237060547,3.0899999141693115,3.049999952316284,3.059999942779541,20623288
2025-09-12,3.049999952316284,3.069999933242798,3.049999952316284,3.059999942779541,9553010
2025-09-15,3.059999942779541,3.0799999237060547,3.049999952316284,3.049999952316284,10341000
2025-09-16,3.0299999713897705,3.049999952316284,3.0199999809265137,3.049999952316284,16938323
2025-09-17,3.049999952316284,3.059999942779541,3.0299999713897705,3.0399999618530273,7649000
2025-09-18,3.0199999809265137,3.049999952316284,3.009999990463257,3.0299999713897705,14259228
2025-09-19,3.009999990463257,3.0299999713897705,3.0,3.009999990463257,14040662
2025-09-22,2.990000009536743,3.0199999809265137,2.990000009536743,3.009999990463257,18546830
2025-09-23,2.9600000381469727,2.990000009536743,2.950000047683716,2.9700000286102295,24076247
2025-09-24,2.9600000381469727,2.9800000190734863,2.950000047683716,2.950000047683716,11860000
2025-09-25,2.9800000190734863,2.9800000190734863,2.950000047683716,2.9700000286102295,8938000
2025-09-26,3.0199999809265137,3.0399999618530273,2.9800000190734863,2.990000009536743,26830850
2025-09-30,2.990000009536743,3.0,2.9800000190734863,3.0,11597652
2025-10-01,2.9800000190734863,2.990000009536743,2.940000057220459,2.9800000190734863,17790000
2025-10-02,2.930000066757202,2.950000047683716,2.9200000762939453,2.940000057220459,24253100
2025-10-03,2.9000000953674316,2.940000057220459,2.9000000953674316,2.940000057220459,22785822
2025-10-07,2.8399999141693115,2.869999885559082,2.8299999237060547,2.869999885559082,24769036
2025-10-08,2.859999895095825,2.890000104904175,2.859999895095825,2.869999885559082,9237000
2025-10-09,2.8399999141693115,2.8499999046325684,2.819999933242798,2.8299999237060547,14816290
2025-10-13,2.869999885559082,2.9100000858306885,2.869999885559082,2.9000000953674316,30594000
2025-10-14,2.880000114440918,2.9000000953674316,2.819999933242798,2.8299999237060547,25802290
2025-10-15,2.8399999141693115,2.9000000953674316,2.8399999141693115,2.880000114440918,12071533
2025-10-16,2.799999952316284,2.8299999237060547,2.7899999618530273,2.819999933242798,23484310
2025-10-17,2.8399999141693115,2.8399999141693115,2.809999942779541,2.8299999237060547,13062530
2025-10-20,2.7899999618530273,2.819999933242798,2.7899999618530273,2.809999942779541,14986822
2025-10-21,2.7899999618530273,2.7899999618530273,2.7699999809265137,2.7799999713897705,12101917
2025-10-22,2.7899999618530273,2.819999933242798,2.7899999618530273,2.809999942779541,11807000
2025-10-23,2.809999942779541,2.8299999237060547,2.799999952316284,2.8299999237060547,10719000
2025-10-27,2.740000009536743,2.759999990463257,2.740000009536743,2.740000009536743,21132952
2025-10-28,2.759999990463257,2.7699999809265137,2.75,2.75,8353000
2025-10-29,2.7300000190734863,2.75,2.7200000286102295,2.740000009536743,18752762
2025-10-30,2.740000009536743,2.75,2.7100000381469727,2.7300000190734863,11694400
2025-10-31,2.7200000286102295,2.740000009536743,2.7100000381469727,2.7300000190734863,12345000
2025-11-03,2.7300000190734863,2.75,2.7100000381469727,2.7200000286102295,10843000
2025-11-04,2.759999990463257,2.759999990463257,2.7100000381469727,2.7200000286102295,11605000
2025-11-05,2.7899999618530273,2.8299999237060547,2.7799999713897705,2.799999952316284,31718200
2025-11-06,2.7699999809265137,2.7799999713897705,2.75,2.759999990463257,13763686
2025-11-07,2.799999952316284,2.809999942779541,2.7799999713897705,2.799999952316284,12315127
2025-11-10,2.759999990463257,2.799999952316284,2.759999990463257,2.7799999713897705,14690999
2025-11-11,2.7899999618530273,2.7899999618530273,2.740000009536743,2.740000009536743,14030998
2025-11-12,2.759999990463257,2.7799999713897705,2.75,2.7699999809265137,7674376
2025-11-13,2.7699999809265137,2.7799999713897705,2.759999990463257,2.759999990463257,10761000
2025-11-14,2.8299999237060547,2.8299999237060547,2.799999952316284,2.809999942779541,19941850
2025-11-17,2.819999933242798,2.819999933242798,2.7899999618530273,2.809999942779541,8099700
2025-11-18,2.880000114440918,2.890000104904175,2.8299999237060547,2.8399999141693115,29482700
2025-11-19,2.890000104904175,2.9100000858306885,2.859999895095825,2.890000104904175,23424650
2025-11-20,2.809999942779541,2.8499999046325684,2.799999952316284,2.8299999237060547,31512208
2025-11-21,2.9100000858306885,2.9200000762939453,2.880000114440918,2.880000114440918,42242341
2025-11-24,2.9000000953674316,2.9100000858306885,2.880000114440918,2.890000104904175,15778999
2025-11-25,2.869999885559082,2.880000114440918,2.8399999141693115,2.8499999046325684,18644339
2025-11-26,2.819999933242798,2.8399999141693115,2.809999942779541,2.8399999141693115,26121000
2025-11-27,2.799999952316284,2.809999942779541,2.7899999618530273,2.799999952316284,18130449
2025-11-28,2.7799999713897705,2.799999952316284,2.759999990463257,2.7899999618530273,24093000
2025-12-01,2.809999942779541,2.809999942779541,2.7799999713897705,2.7899999618530273,11268000
2025-12-02,2.799999952316284,2.799999952316284,2.7699999809265137,2.7899999618530273,9305040
2025-12-03,2.7799999713897705,2.7799999713897705,2.759999990463257,2.759999990463257,12846000
2025-12-04,2.7699999809265137,2.7899999618530273,2.759999990463257,2.7699999809265137,7030000
2025-12-05,2.75,2.7799999713897705,2.75,2.7799999713897705,11199000
2025-12-08,2.7200000286102295,2.75,2.7200000286102295,2.75,16251200
2025-12-09,2.740000009536743,2.740000009536743,2.7200000286102295,2.7200000286102295,6150250
2025-12-10,2.7100000381469727,2.7300000190734863,2.7100000381469727,2.7200000286102295,9590100
2025-12-11,2.75,2.75,2.700000047683716,2.700000047683716,13540400
2025-12-12,2.7300000190734863,2.740000009536743,2.7100000381469727,2.7200000286102295,7488001
2025-12-15,2.759999990463257,2.7799999713897705,2.75,2.7799999713897705,7975346
2025-12-16,2.7799999713897705,2.809999942779541,2.7799999713897705,2.7799999713897705,21051950
2025-12-17,2.799999952316284,2.809999942779541,2.7699999809265137,2.7799999713897705,15178000
2025-12-18,2.799999952316284,2.819999933242798,2.7899999618530273,2.819999933242798,8779755
2025-12-19,2.759999990463257,2.7799999713897705,2.759999990463257,2.7699999809265137,7587700
2025-12-22,2.7200000286102295,2.740000009536743,2.7200000286102295,2.7300000190734863,14077949
2025-12-23,2.7100000381469727,2.7200000286102295,2.7100000381469727,2.7200000286102295,5655250
2025-12-24,2.7200000286102295,2.7200000286102295,2.700000047683716,2.7100000381469727,5333000
2025-12-26,2.680000066757202,2.7100000381469727,2.680000066757202,2.700000047683716,11737286
2025-12-29,2.6700000762939453,2.690000057220459,2.6600000858306885,2.680000066757202,18213000
2025-12-30,2.6700000762939453,2.690000057220459,2.6600000858306885,2.690000057220459,7749400
2025-12-31,2.6600000858306885,2.690000057220459,2.6500000953674316,2.680000066757202,9369000
2026-01-02,2.609999895095825,2.6600000858306885,2.609999895095825,2.6600000858306885,18380500
2026-01-05,2.5399999618530273,2.5899999141693115,2.5299999713897705,2.5799999237060547,33154000
2026-01-06,2.5199999809265137,2.559999942779541,2.509999990463257,2.559999942779541,15294251
2026-01-07,2.5299999713897705,2.5399999618530273,2.509999990463257,2.5199999809265137,8532597
2026-01-08,2.5299999713897705,2.5399999618530273,2.509999990463257,2.5399999618530273,14296393
2026-01-09,2.5299999713897705,2.569999933242798,2.5199999809265137,2.5399999618530273,14808992
2026-01-12,2.509999990463257,2.5199999809265137,2.5,2.5,8362000
2026-01-13,2.5,2.5199999809265137,2.4800000190734863,2.490000009536743,10669911
2026-01-14,2.490000009536743,2.5,2.4700000286102295,2.490000009536743,15206000
2026-01-15,2.490000009536743,2.509999990463257,2.4800000190734863,2.509999990463257,10140000
2026-01-16,2.450000047683716,2.4800000190734863,2.440000057220459,2.4600000381469727,26638696
2026-01-19,2.430000066757202,2.4700000286102295,2.430000066757202,2.4600000381469727,14590568
2026-01-20,2.440000057220459,2.4600000381469727,2.430000066757202,2.450000047683716,10046001
2026-01-21,2.4600000381469727,2.4700000286102295,2.430000066757202,2.4600000381469727,20040000
2026-01-22,2.4200000762939453,2.430000066757202,2.4100000858306885,2.4200000762939453,23996000
2026-01-23,2.4100000858306885,2.430000066757202,2.4000000953674316,2.4100000858306885,14275581
2026-01-26,2.4000000953674316,2.4100000858306885,2.4000000953674316,2.4000000953674316,7296400
2026-01-27,2.380000114440918,2.4000000953674316,2.380000114440918,2.390000104904175,14874238
2026-01-28,2.3399999141693115,2.369999885559082,2.3399999141693115,2.359999895095825,20851020
2026-01-29,2.369999885559082,2.369999885559082,2.3399999141693115,2.3399999141693115,16109400
2026-01-30,2.390000104904175,2.4100000858306885,2.380000114440918,2.380000114440918,31631920
2026-02-02,2.440000057220459,2.4600000381469727,2.4200000762939453,2.430000066757202,34728910
2026-02-03,2.390000104904175,2.4100000858306885,2.380000114440918,2.390000104904175,20070000
2026-02-04,2.380000114440918,2.4100000858306885,2.369999885559082,2.4100000858306885,20224030
2026-02-05,2.4200000762939453,2.430000066757202,2.4000000953674316,2.4000000953674316,18266940
2026-02-06,2.430000066757202,2.4700000286102295,2.4200000762939453,2.450000047683716,23281890
2026-02-09,2.359999895095825,2.380000114440918,2.3499999046325684,2.3499999046325684,19096819
2026-02-10,2.319999933242798,2.3499999046325684,2.319999933242798,2.3399999141693115,19383300
2026-02-11,2.2799999713897705,2.319999933242798,2.2699999809265137,2.319999933242798,25317000
2026-02-23,2.2899999618530273,2.2899999618530273,2.240000009536743,2.259999990463257,20156000
2026-02-24,2.2300000190734863,2.2699999809265137,2.2200000286102295,2.2699999809265137,28914024
2026-02-25,2.180000066757202,2.2100000381469727,2.1600000858306885,2.200000047683716,30821000
2026-02-26,2.1700000762939453,2.190000057220459,2.1600000858306885,2.1700000762939453,13808898
2026-03-02,2.2100000381469727,2.2300000190734863,2.180000066757202,2.2300000190734863,25361800
2026-03-03,2.240000009536743,2.25,2.190000057220459,2.2100000381469727,38609539
2026-03-04,2.3499999046325684,2.3499999046325684,2.2899999618530273,2.2899999618530273,62188016
2026-03-05,2.2799999713897705,2.309999942779541,2.240000009536743,2.2699999809265137,40702939
2026-03-06,2.2799999713897705,2.309999942779541,2.2699999809265137,2.309999942779541,15284000
2026-03-09,2.4000000953674316,2.450000047683716,2.4000000953674316,2.4200000762939453,62306900
2026-03-10,2.3399999141693115,2.369999885559082,2.299999952316284,2.319999933242798,43096037
2026-03-11,2.25,2.309999942779541,2.240000009536743,2.299999952316284,41000150
2026-03-12,2.2899999618530273,2.299999952316284,2.259999990463257,2.2699999809265137,22724000
2026-03-13,2.299999952316284,2.3299999237060547,2.2899999618530273,2.319999933242798,20063000
2026-03-16,2.299999952316284,2.319999933242798,2.2699999809265137,2.2899999618530273,20995288
2026-03-17,2.2699999809265137,2.2799999713897705,2.25,2.2699999809265137,16174671
2026-03-18,2.2300000190734863,2.25,2.2200000286102295,2.2300000190734863,16361222
