Price,Close,High,Low,Open,Volume
Ticker,00668.TW,00668.TW,00668.TW,00668.TW,00668.TW
Date,,,,,
2021-03-18,33.95000076293945,33.97999954223633,33.7400016784668,33.7400016784668,70110
2021-03-19,33.95000076293945,33.959999084472656,33.83000183105469,33.83000183105469,52000
2021-03-22,33.56999969482422,33.70000076293945,33.439998626708984,33.70000076293945,45520
2021-03-23,33.599998474121094,33.720001220703125,33.599998474121094,33.630001068115234,66000
2021-03-24,33.349998474121094,33.4900016784668,33.349998474121094,33.47999954223633,49000
2021-03-25,33.619998931884766,33.63999938964844,33.5099983215332,33.5099983215332,87000
2021-03-26,33.91999816894531,33.91999816894531,33.77000045776367,33.79999923706055,40400
2021-03-29,33.9900016784668,34.11000061035156,33.95000076293945,33.95000076293945,77326
2021-03-30,34.290000915527344,34.310001373291016,34.11000061035156,34.11000061035156,63097
2021-03-31,34.130001068115234,34.18000030517578,34.119998931884766,34.18000030517578,19000
2021-04-01,34.09000015258789,34.130001068115234,34.040000915527344,34.130001068115234,37117
2021-04-07,34.38999938964844,34.5,34.38999938964844,34.5,166000
2021-04-08,34.459999084472656,34.470001220703125,34.439998626708984,34.439998626708984,13116
2021-04-09,34.459999084472656,34.459999084472656,34.41999816894531,34.459999084472656,37050
2021-04-12,34.65999984741211,34.70000076293945,34.65999984741211,34.689998626708984,25087
2021-04-13,34.7400016784668,34.7599983215332,34.7400016784668,34.7400016784668,25086
2021-04-14,34.599998474121094,34.61000061035156,34.560001373291016,34.599998474121094,119369
2021-04-15,34.68000030517578,34.7400016784668,34.66999816894531,34.7400016784668,131088
2021-04-16,34.84000015258789,34.849998474121094,34.77000045776367,34.77000045776367,16000
2021-04-19,34.790000915527344,34.83000183105469,34.77000045776367,34.83000183105469,19000
2021-04-20,34.619998931884766,34.75,34.619998931884766,34.75,37100
2021-04-21,34.209999084472656,34.29999923706055,34.209999084472656,34.2599983215332,83050
2021-04-22,34.56999969482422,34.61000061035156,34.470001220703125,34.52000045776367,178000
2021-04-23,34.41999816894531,34.529998779296875,34.349998474121094,34.529998779296875,35000
2021-04-26,34.47999954223633,34.56999969482422,34.439998626708984,34.56999969482422,46000
2021-04-27,34.189998626708984,34.29999923706055,34.16999816894531,34.290000915527344,333000
2021-04-28,34.25,34.25,34.150001525878906,34.189998626708984,20145
2021-04-29,34.130001068115234,34.18000030517578,34.130001068115234,34.130001068115234,28000
2021-05-03,34.349998474121094,34.349998474121094,34.2599983215332,34.2599983215332,32100
2021-05-04,34.290000915527344,34.34000015258789,34.25,34.29999923706055,28000
2021-05-05,34.529998779296875,34.560001373291016,34.349998474121094,34.349998474121094,68119
2021-05-06,34.599998474121094,34.619998931884766,34.52000045776367,34.599998474121094,50000
2021-05-07,34.84000015258789,34.91999816894531,34.810001373291016,34.91999816894531,38000
2021-05-10,35.040000915527344,35.09000015258789,34.93000030517578,34.93000030517578,86000
2021-05-11,34.90999984741211,35.0,34.75,35.0,73170
2021-05-12,34.52000045776367,34.529998779296875,34.38999938964844,34.459999084472656,159000
2021-05-13,33.97999954223633,34.119998931884766,33.900001525878906,34.119998931884766,127000
2021-05-14,34.54999923706055,34.54999923706055,34.31999969482422,34.400001525878906,432130
2021-05-17,34.79999923706055,34.849998474121094,34.68000030517578,34.68000030517578,67100
2021-05-18,34.810001373291016,34.900001525878906,34.790000915527344,34.84000015258789,16000
2021-05-19,34.20000076293945,34.45000076293945,34.13999938964844,34.45000076293945,33000
2021-05-20,34.290000915527344,34.290000915527344,34.119998931884766,34.119998931884766,30030
2021-05-21,34.470001220703125,34.470001220703125,34.459999084472656,34.459999084472656,8100
2021-05-24,34.599998474121094,34.779998779296875,34.599998474121094,34.779998779296875,56110
2021-05-25,34.7400016784668,34.7400016784668,34.650001525878906,34.650001525878906,7270
2021-05-26,34.599998474121094,34.689998626708984,34.599998474121094,34.689998626708984,17150
2021-05-27,34.560001373291016,34.58000183105469,34.459999084472656,34.58000183105469,76000
2021-05-28,34.86000061035156,34.900001525878906,34.790000915527344,34.84000015258789,32108
2021-05-31,34.619998931884766,34.790000915527344,34.61000061035156,34.790000915527344,20055
2021-06-01,34.5,34.5,34.43000030517578,34.43000030517578,22000
2021-06-02,34.58000183105469,34.599998474121094,34.52000045776367,34.52000045776367,52000
2021-06-03,34.7400016784668,34.81999969482422,34.63999938964844,34.81999969482422,6243
2021-06-04,34.70000076293945,34.709999084472656,34.65999984741211,34.65999984741211,4000
2021-06-07,34.91999816894531,34.91999816894531,34.79999923706055,34.849998474121094,13000
2021-06-08,34.75,34.84000015258789,34.7400016784668,34.84000015258789,7045
2021-06-09,34.720001220703125,34.779998779296875,34.720001220703125,34.779998779296875,4000
2021-06-10,34.650001525878906,34.66999816894531,34.619998931884766,34.66999816894531,5000
2021-06-11,34.529998779296875,34.650001525878906,34.5,34.650001525878906,34087
2021-06-15,34.59000015258789,34.59000015258789,34.400001525878906,34.529998779296875,31121
2021-06-16,34.380001068115234,34.380001068115234,34.34000015258789,34.380001068115234,10000
2021-06-17,34.15999984741211,34.16999816894531,34.0099983215332,34.029998779296875,54028
2021-06-18,34.13999938964844,34.13999938964844,34.02000045776367,34.02000045776367,45133
2021-06-21,33.709999084472656,33.709999084472656,33.5099983215332,33.61000061035156,179000
2021-06-22,34.400001525878906,34.400001525878906,34.25,34.279998779296875,75000
2021-06-23,34.540000915527344,34.599998474121094,34.400001525878906,34.400001525878906,33100
2021-06-24,34.400001525878906,34.5099983215332,34.400001525878906,34.47999954223633,38000
2021-06-25,34.68000030517578,34.709999084472656,34.66999816894531,34.70000076293945,14000
2021-06-28,34.79999923706055,34.81999969482422,34.7599983215332,34.79999923706055,56086
2021-06-29,34.61000061035156,34.63999938964844,34.529998779296875,34.63999938964844,51000
2021-06-30,34.630001068115234,34.689998626708984,34.630001068115234,34.650001525878906,42000
2021-07-01,34.86000061035156,34.86000061035156,34.79999923706055,34.81999969482422,66000
2021-07-02,35.04999923706055,35.060001373291016,34.290000915527344,34.290000915527344,70119
2021-07-05,35.04999923706055,35.130001068115234,35.0,35.09000015258789,26743
2021-07-06,35.099998474121094,35.16999816894531,35.099998474121094,35.099998474121094,12000
2021-07-07,34.93000030517578,34.95000076293945,34.70000076293945,34.70000076293945,83085
2021-07-08,35.060001373291016,35.099998474121094,35.040000915527344,35.08000183105469,67120
2021-07-09,34.86000061035156,34.86000061035156,34.72999954223633,34.86000061035156,23279
2021-07-12,35.22999954223633,35.36000061035156,35.189998626708984,35.189998626708984,14085
2021-07-13,35.349998474121094,35.45000076293945,35.349998474121094,35.400001525878906,10009
2021-07-14,35.310001373291016,35.310001373291016,35.29999923706055,35.29999923706055,6000
2021-07-15,35.27000045776367,35.29999923706055,35.22999954223633,35.22999954223633,13028
2021-07-16,35.34000015258789,35.38999938964844,35.22999954223633,35.2599983215332,196000
2021-07-19,35.060001373291016,35.060001373291016,34.880001068115234,34.880001068115234,20000
2021-07-20,34.619998931884766,34.68000030517578,34.5099983215332,34.54999923706055,68052
2021-07-21,34.97999954223633,35.029998779296875,34.95000076293945,35.02000045776367,20000
2021-07-22,35.25,35.34000015258789,35.25,35.34000015258789,12000
2021-07-23,35.29999923706055,35.459999084472656,35.279998779296875,35.459999084472656,14000
2021-07-26,35.4900016784668,35.5,35.43000030517578,35.5,21000
2021-07-27,35.56999969482422,35.630001068115234,35.54999923706055,35.630001068115234,10000
2021-07-28,35.47999954223633,35.56999969482422,35.41999816894531,35.56999969482422,40085
2021-07-29,35.369998931884766,35.41999816894531,35.36000061035156,35.41999816894531,17000
2021-07-30,35.290000915527344,35.349998474121094,35.290000915527344,35.349998474121094,8001
2021-08-02,35.4900016784668,35.529998779296875,35.34000015258789,35.34000015258789,26000
2021-08-03,35.279998779296875,35.47999954223633,35.20000076293945,35.47999954223633,10000
2021-08-04,35.29999923706055,35.36000061035156,35.29999923706055,35.310001373291016,4000
2021-08-05,34.97999954223633,35.040000915527344,34.959999084472656,35.0,10050
2021-08-06,35.25,35.27000045776367,35.029998779296875,35.029998779296875,12000
2021-08-09,35.400001525878906,35.400001525878906,35.33000183105469,35.33000183105469,13000
2021-08-10,35.27000045776367,35.400001525878906,35.27000045776367,35.400001525878906,4000
2021-08-11,35.45000076293945,35.5,35.41999816894531,35.41999816894531,17084
2021-08-12,35.650001525878906,35.68000030517578,35.650001525878906,35.66999816894531,12130
2021-08-13,35.7400016784668,35.79999923706055,35.689998626708984,35.79999923706055,43000
2021-08-16,35.68000030517578,35.689998626708984,35.619998931884766,35.650001525878906,9000
2021-08-17,35.75,35.779998779296875,35.75,35.779998779296875,23000
2021-08-18,35.630001068115234,35.630001068115234,35.560001373291016,35.560001373291016,14000
2021-08-19,35.2400016784668,35.36000061035156,35.20000076293945,35.36000061035156,108040
2021-08-20,35.2400016784668,35.279998779296875,35.22999954223633,35.22999954223633,10214
2021-08-23,35.689998626708984,35.79999923706055,35.63999938964844,35.79999923706055,12335
2021-08-24,35.83000183105469,35.83000183105469,35.7400016784668,35.79999923706055,39000
2021-08-25,35.77000045776367,35.79999923706055,35.66999816894531,35.79999923706055,10000
2021-08-26,35.75,35.869998931884766,35.75,35.869998931884766,7000
2021-08-27,35.61000061035156,35.63999938964844,35.61000061035156,35.61000061035156,6000
2021-08-30,35.7400016784668,35.779998779296875,35.72999954223633,35.7599983215332,22083
2021-08-31,35.630001068115234,35.630001068115234,35.599998474121094,35.619998931884766,44000
2021-09-01,35.599998474121094,35.61000061035156,35.54999923706055,35.61000061035156,4000
2021-09-02,35.38999938964844,35.43000030517578,35.38999938964844,35.43000030517578,8000
2021-09-03,35.619998931884766,35.619998931884766,35.470001220703125,35.470001220703125,45130
2021-09-06,35.400001525878906,35.5,35.349998474121094,35.5,34000
2021-09-07,35.34000015258789,35.36000061035156,35.34000015258789,35.36000061035156,2000
2021-09-08,35.29999923706055,35.29999923706055,35.15999984741211,35.15999984741211,16115
2021-09-09,35.04999923706055,35.29999923706055,35.04999923706055,35.29999923706055,37000
2021-09-10,35.09000015258789,35.09000015258789,35.0,35.09000015258789,9000
2021-09-13,34.849998474121094,34.959999084472656,34.79999923706055,34.959999084472656,94061
2021-09-14,35.130001068115234,35.130001068115234,35.04999923706055,35.04999923706055,43000
2021-09-15,34.79999923706055,34.84000015258789,34.72999954223633,34.72999954223633,23000
2021-09-16,34.97999954223633,35.0099983215332,34.91999816894531,35.0099983215332,26000
2021-09-17,34.91999816894531,34.91999816894531,34.86000061035156,34.90999984741211,12705
2021-09-22,34.36000061035156,34.369998931884766,34.0,34.040000915527344,142250
2021-09-23,34.65999984741211,34.75,34.619998931884766,34.75,53150
2021-09-24,34.95000076293945,35.029998779296875,34.95000076293945,35.0,36000
2021-09-27,35.13999938964844,35.13999938964844,35.06999969482422,35.13999938964844,35000
2021-09-28,35.060001373291016,35.060001373291016,35.0099983215332,35.060001373291016,73171
2021-09-29,34.709999084472656,34.7599983215332,34.61000061035156,34.7599983215332,51000
2021-09-30,34.95000076293945,34.95000076293945,34.7599983215332,34.7599983215332,15000
2021-10-01,34.029998779296875,34.279998779296875,33.9900016784668,34.279998779296875,139000
2021-10-04,34.630001068115234,34.75,34.43000030517578,34.75,58000
2021-10-05,34.439998626708984,34.439998626708984,34.04999923706055,34.04999923706055,16000
2021-10-06,34.650001525878906,34.66999816894531,34.599998474121094,34.66999816894531,59000
2021-10-07,35.0,35.029998779296875,34.959999084472656,34.959999084472656,64000
2021-10-08,35.290000915527344,35.29999923706055,35.20000076293945,35.20000076293945,110084
2021-10-12,35.029998779296875,35.029998779296875,34.88999938964844,35.02000045776367,26000
2021-10-13,35.029998779296875,35.130001068115234,34.97999954223633,35.130001068115234,11000
2021-10-14,35.09000015258789,35.09000015258789,35.09000015258789,35.09000015258789,1000
2021-10-15,35.54999923706055,35.54999923706055,35.38999938964844,35.38999938964844,50000
2021-10-18,35.779998779296875,35.790000915527344,35.66999816894531,35.66999816894531,52051
2021-10-19,35.63999938964844,35.77000045776367,35.630001068115234,35.77000045776367,20000
2021-10-20,35.68000030517578,35.7599983215332,35.68000030517578,35.7599983215332,42021
2021-10-21,35.779998779296875,35.869998931884766,35.77000045776367,35.77000045776367,19090
2021-10-22,35.970001220703125,35.97999954223633,35.849998474121094,35.849998474121094,23000
2021-10-25,35.959999084472656,36.0,35.900001525878906,36.0,17010
2021-10-26,36.0,36.099998474121094,35.9900016784668,36.0099983215332,36055
2021-10-27,35.95000076293945,36.029998779296875,35.95000076293945,36.029998779296875,17000
2021-10-28,35.7400016784668,35.79999923706055,35.7400016784668,35.79999923706055,40056
2021-10-29,35.880001068115234,35.95000076293945,35.81999969482422,35.81999969482422,24000
2021-11-01,36.130001068115234,36.22999954223633,36.09000015258789,36.09000015258789,24000
2021-11-02,36.06999969482422,36.130001068115234,36.06999969482422,36.130001068115234,12072
2021-11-03,36.380001068115234,36.38999938964844,36.20000076293945,36.20000076293945,20054
2021-11-04,36.439998626708984,36.459999084472656,36.36000061035156,36.380001068115234,37000
2021-11-05,36.439998626708984,36.470001220703125,36.43000030517578,36.439998626708984,52001
2021-11-08,36.619998931884766,36.709999084472656,36.619998931884766,36.709999084472656,21000
2021-11-09,36.540000915527344,36.65999984741211,36.4900016784668,36.65999984741211,25252
2021-11-10,36.290000915527344,36.380001068115234,36.290000915527344,36.380001068115234,16000
2021-11-11,36.29999923706055,36.36000061035156,36.220001220703125,36.220001220703125,21015
2021-11-12,36.279998779296875,36.29999923706055,36.189998626708984,36.29999923706055,94000
2021-11-15,36.31999969482422,36.439998626708984,36.31999969482422,36.439998626708984,16000
2021-11-16,36.290000915527344,36.369998931884766,36.290000915527344,36.349998474121094,26362
2021-11-17,36.40999984741211,36.439998626708984,36.400001525878906,36.40999984741211,31000
2021-11-18,36.22999954223633,36.22999954223633,36.119998931884766,36.220001220703125,20000
2021-11-19,36.290000915527344,36.290000915527344,36.150001525878906,36.189998626708984,23000
2021-11-22,36.0,36.02000045776367,35.9900016784668,36.0099983215332,32000
2021-11-23,35.900001525878906,36.029998779296875,35.900001525878906,36.029998779296875,25028
2021-11-24,36.060001373291016,36.119998931884766,36.04999923706055,36.119998931884766,27000
2021-11-25,36.2400016784668,36.2400016784668,36.119998931884766,36.119998931884766,30000
2021-11-26,35.68000030517578,35.86000061035156,35.66999816894531,35.849998474121094,38065
2021-11-29,35.38999938964844,35.540000915527344,35.38999938964844,35.529998779296875,87053
2021-11-30,35.15999984741211,35.560001373291016,35.130001068115234,35.54999923706055,71100
2021-12-01,34.93000030517578,34.95000076293945,34.70000076293945,34.95000076293945,185180
2021-12-02,34.650001525878906,34.689998626708984,34.43000030517578,34.560001373291016,297100
2021-12-03,34.97999954223633,35.119998931884766,34.77000045776367,35.119998931884766,130050
2021-12-06,35.11000061035156,35.11000061035156,35.0099983215332,35.0099983215332,81000
2021-12-07,35.720001220703125,35.75,35.529998779296875,35.75,71169
2021-12-08,36.08000183105469,36.08000183105469,35.970001220703125,36.060001373291016,106000
2021-12-09,35.86000061035156,36.0,35.86000061035156,35.97999954223633,59086
2021-12-10,35.90999984741211,36.0,35.86000061035156,35.86000061035156,47000
2021-12-13,36.310001373291016,36.31999969482422,36.2400016784668,36.2400016784668,37000
2021-12-14,35.939998626708984,36.06999969482422,35.939998626708984,36.02000045776367,90087
2021-12-15,35.90999984741211,35.91999816894531,35.900001525878906,35.91999816894531,22070
2021-12-16,36.29999923706055,36.29999923706055,36.15999984741211,36.15999984741211,65000
2021-12-17,36.13999938964844,36.27000045776367,36.13999938964844,36.20000076293945,25061
2021-12-20,35.43000030517578,35.599998474121094,35.43000030517578,35.599998474121094,34623
2021-12-21,35.529998779296875,35.529998779296875,35.400001525878906,35.40999984741211,15301
2021-12-22,35.77000045776367,35.849998474121094,35.75,35.849998474121094,27070
2021-12-23,36.0099983215332,36.099998474121094,36.0,36.0,25065
2021-12-24,36.06999969482422,36.189998626708984,35.709999084472656,36.0,39157
2021-12-27,36.15999984741211,36.189998626708984,36.09000015258789,36.189998626708984,18000
2021-12-28,36.369998931884766,36.45000076293945,36.36000061035156,36.38999938964844,26000
2021-12-29,36.5,36.5099983215332,36.45000076293945,36.470001220703125,41000
2021-12-30,36.54999923706055,36.58000183105469,36.52000045776367,36.52000045776367,45000
2022-01-03,36.54999923706055,36.630001068115234,36.54999923706055,36.54999923706055,30305
2022-01-04,36.599998474121094,36.599998474121094,36.470001220703125,36.470001220703125,31000
2022-01-05,36.70000076293945,36.72999954223633,36.650001525878906,36.650001525878906,32000
2022-01-06,36.34000015258789,36.529998779296875,36.33000183105469,36.40999984741211,37271
2022-01-07,36.38999938964844,36.400001525878906,36.34000015258789,36.34000015258789,34130
2022-01-10,36.369998931884766,36.369998931884766,36.25,36.33000183105469,28231
2022-01-11,36.150001525878906,36.220001220703125,36.150001525878906,36.189998626708984,9065
2022-01-12,36.38999938964844,36.38999938964844,36.33000183105469,36.33000183105469,4100
2022-01-13,36.38999938964844,36.619998931884766,36.310001373291016,36.619998931884766,69266
2022-01-14,36.15999984741211,36.189998626708984,36.15999984741211,36.16999816894531,25000
2022-01-17,35.880001068115234,35.939998626708984,35.86000061035156,35.939998626708984,27130
2022-01-18,35.79999923706055,35.900001525878906,35.79999923706055,35.900001525878906,8248
2022-01-19,35.29999923706055,35.61000061035156,35.2599983215332,35.61000061035156,81130
2022-01-20,35.279998779296875,35.310001373291016,35.06999969482422,35.29999923706055,14065
2022-01-21,34.83000183105469,34.91999816894531,34.599998474121094,34.91999816894531,112091
2022-01-24,34.709999084472656,34.709999084472656,34.56999969482422,34.70000076293945,70070
2022-01-25,34.31999969482422,34.459999084472656,34.25,34.459999084472656,105070
2022-01-26,34.599998474121094,34.599998474121094,34.369998931884766,34.459999084472656,40050
2022-02-07,35.439998626708984,35.45000076293945,35.119998931884766,35.18000030517578,57080
2022-02-08,35.38999938964844,35.459999084472656,35.38999938964844,35.439998626708984,18080
2022-02-09,35.9900016784668,35.9900016784668,35.79999923706055,35.79999923706055,16080
2022-02-10,36.08000183105469,36.099998474121094,36.040000915527344,36.099998474121094,53050
2022-02-11,35.310001373291016,35.5,35.310001373291016,35.5,39100
2022-02-14,35.25,35.310001373291016,35.13999938964844,35.310001373291016,23085
2022-02-15,34.880001068115234,35.0,34.880001068115234,34.95000076293945,42170
2022-02-16,35.31999969482422,35.349998474121094,35.22999954223633,35.22999954223633,41080
2022-02-17,35.189998626708984,35.349998474121094,35.150001525878906,35.349998474121094,28104
2022-02-18,34.970001220703125,34.9900016784668,34.77000045776367,34.779998779296875,38090
2022-02-21,34.68000030517578,34.68000030517578,34.56999969482422,34.56999969482422,41290
2022-02-22,34.15999984741211,34.209999084472656,33.97999954223633,34.209999084472656,92510
2022-02-23,34.22999954223633,34.31999969482422,34.13999938964844,34.31999969482422,47395
2022-02-24,33.150001525878906,33.540000915527344,32.90999984741211,33.5,264301
2022-02-25,33.720001220703125,33.77000045776367,33.58000183105469,33.58000183105469,95255
2022-03-01,34.58000183105469,34.63999938964844,34.31999969482422,34.31999969482422,90010
2022-03-02,34.16999816894531,34.16999816894531,34.029998779296875,34.09000015258789,46360
2022-03-03,34.560001373291016,34.63999938964844,34.47999954223633,34.4900016784668,60280
2022-03-04,34.34000015258789,34.34000015258789,34.099998474121094,34.16999816894531,15255
2022-03-07,34.29999923706055,34.29999923706055,33.9900016784668,34.150001525878906,128314
2022-03-08,33.52000045776367,33.880001068115234,33.4900016784668,33.86000061035156,1634540
2022-03-09,33.790000915527344,33.81999969482422,33.650001525878906,33.68000030517578,191303
2022-03-10,34.130001068115234,34.34000015258789,34.11000061035156,34.130001068115234,101320
2022-03-11,34.02000045776367,34.13999938964844,34.02000045776367,34.13999938964844,20505
2022-03-14,34.310001373291016,34.310001373291016,34.08000183105469,34.08000183105469,102300
2022-03-15,34.150001525878906,34.310001373291016,34.099998474121094,34.310001373291016,29300
2022-03-16,34.849998474121094,34.849998474121094,34.59000015258789,34.599998474121094,136375
2022-03-17,35.16999816894531,35.400001525878906,35.150001525878906,35.2599983215332,68110
2022-03-18,35.36000061035156,35.36000061035156,35.13999938964844,35.20000076293945,65100
2022-03-21,35.790000915527344,35.79999923706055,35.630001068115234,35.650001525878906,147056
2022-03-22,35.7400016784668,35.79999923706055,35.65999984741211,35.65999984741211,44100
2022-03-23,36.08000183105469,36.150001525878906,36.029998779296875,36.11000061035156,52541
2022-03-24,35.689998626708984,35.709999084472656,35.59000015258789,35.70000076293945,66080
2022-03-25,36.060001373291016,36.08000183105469,35.959999084472656,36.0,47055
2022-03-28,36.29999923706055,36.29999923706055,36.08000183105469,36.09000015258789,31084
2022-03-29,36.5099983215332,36.529998779296875,36.43000030517578,36.43000030517578,56200
2022-03-30,36.459999084472656,36.720001220703125,36.41999816894531,36.599998474121094,79000
2022-03-31,36.58000183105469,36.599998474121094,36.4900016784668,36.4900016784668,31000
2022-04-01,36.22999954223633,36.2400016784668,36.20000076293945,36.2400016784668,71100
2022-04-06,36.16999816894531,36.20000076293945,36.02000045776367,36.02000045776367,46100
2022-04-07,35.83000183105469,35.91999816894531,35.790000915527344,35.790000915527344,15100
2022-04-08,36.29999923706055,36.29999923706055,36.11000061035156,36.11000061035156,24102
2022-04-11,36.31999969482422,36.41999816894531,36.310001373291016,36.310001373291016,17084
2022-04-12,36.130001068115234,36.16999816894531,36.099998474121094,36.130001068115234,63100
2022-04-13,36.13999938964844,36.29999923706055,36.099998474121094,36.29999923706055,69100
2022-04-14,36.36000061035156,36.400001525878906,36.290000915527344,36.31999969482422,75000
2022-04-15,36.459999084472656,36.459999084472656,36.36000061035156,36.36000061035156,6000
2022-04-18,36.400001525878906,36.43000030517578,36.13999938964844,36.13999938964844,13050
2022-04-19,36.470001220703125,36.5099983215332,36.43000030517578,36.43000030517578,29000
2022-04-20,36.869998931884766,36.9900016784668,36.869998931884766,36.9900016784668,59108
2022-04-21,37.38999938964844,37.38999938964844,37.220001220703125,37.220001220703125,70432
2022-04-22,36.7400016784668,36.79999923706055,36.63999938964844,36.66999816894531,129191
2022-04-25,35.7599983215332,35.7599983215332,35.619998931884766,35.619998931884766,87264
2022-04-26,36.11000061035156,36.20000076293945,36.11000061035156,36.130001068115234,20099
2022-04-27,35.65999984741211,35.65999984741211,35.4900016784668,35.5,44234
2022-04-28,35.720001220703125,35.72999954223633,35.56999969482422,35.59000015258789,25125
2022-04-29,36.189998626708984,36.2599983215332,36.189998626708984,36.2599983215332,42082
2022-05-03,35.470001220703125,35.529998779296875,35.40999984741211,35.40999984741211,34120
2022-05-04,35.45000076293945,35.540000915527344,35.45000076293945,35.470001220703125,22158
2022-05-05,36.43000030517578,36.43000030517578,36.29999923706055,36.36000061035156,75222
2022-05-06,35.459999084472656,35.56999969482422,35.22999954223633,35.22999954223633,68120
2022-05-09,35.06999969482422,35.11000061035156,34.9900016784668,34.9900016784668,22130
2022-05-10,34.91999816894531,34.91999816894531,34.560001373291016,34.66999816894531,81307
2022-05-11,34.72999954223633,34.72999954223633,34.599998474121094,34.630001068115234,22167
2022-05-12,34.31999969482422,34.470001220703125,34.310001373291016,34.470001220703125,16166
2022-05-13,34.540000915527344,34.59000015258789,34.459999084472656,34.47999954223633,25190
2022-05-16,34.65999984741211,34.77000045776367,34.540000915527344,34.7599983215332,53047
2022-05-17,34.79999923706055,34.84000015258789,34.79999923706055,34.84000015258789,5000
2022-05-18,35.09000015258789,35.11000061035156,35.04999923706055,35.06999969482422,54000
2022-05-19,34.029998779296875,34.08000183105469,33.849998474121094,33.88999938964844,89000
2022-05-20,33.849998474121094,33.900001525878906,33.810001373291016,33.900001525878906,40140
2022-05-23,33.91999816894531,33.959999084472656,33.86000061035156,33.95000076293945,13140
2022-05-24,33.959999084472656,34.09000015258789,33.959999084472656,34.06999969482422,19267
2022-05-25,34.38999938964844,34.38999938964844,34.279998779296875,34.279998779296875,13035
2022-05-26,34.34000015258789,34.529998779296875,34.33000183105469,34.529998779296875,38000
2022-05-27,34.70000076293945,34.779998779296875,34.70000076293945,34.72999954223633,6042
2022-05-30,35.18000030517578,35.369998931884766,35.18000030517578,35.34000015258789,84000
2022-05-31,35.040000915527344,35.099998474121094,34.9900016784668,35.029998779296875,71174
2022-06-01,35.13999938964844,35.13999938964844,35.060001373291016,35.060001373291016,13078
2022-06-02,34.9900016784668,34.9900016784668,34.86000061035156,34.86000061035156,27130
2022-06-06,35.25,35.31999969482422,35.11000061035156,35.16999816894531,23000
2022-06-07,35.040000915527344,35.15999984741211,35.040000915527344,35.119998931884766,52130
2022-06-08,35.40999984741211,35.54999923706055,35.38999938964844,35.45000076293945,21030
2022-06-09,35.279998779296875,35.349998474121094,35.20000076293945,35.25,25195
2022-06-10,34.68000030517578,34.7599983215332,34.599998474121094,34.630001068115234,22289
2022-06-13,33.56999969482422,33.61000061035156,33.470001220703125,33.470001220703125,46130
2022-06-14,33.20000076293945,33.20000076293945,33.099998474121094,33.189998626708984,42106
2022-06-15,32.66999816894531,32.900001525878906,32.66999816894531,32.849998474121094,177150
2022-06-16,33.119998931884766,33.290000915527344,33.11000061035156,33.279998779296875,67068
2022-06-17,32.61000061035156,32.61000061035156,32.400001525878906,32.400001525878906,45205
2022-06-20,32.279998779296875,32.36000061035156,32.18000030517578,32.31999969482422,102450
2022-06-21,32.66999816894531,32.70000076293945,32.560001373291016,32.650001525878906,130277
2022-06-22,32.72999954223633,32.84000015258789,32.720001220703125,32.77000045776367,31032
2022-06-23,32.91999816894531,33.04999923706055,32.77000045776367,33.04999923706055,37160
2022-06-24,33.33000183105469,33.33000183105469,33.099998474121094,33.099998474121094,42000
2022-06-27,33.81999969482422,33.95000076293945,33.72999954223633,33.7599983215332,81000
2022-06-28,33.849998474121094,33.900001525878906,33.7599983215332,33.81999969482422,39012
2022-06-29,33.34000015258789,33.41999816894531,33.33000183105469,33.41999816894531,54000
2022-06-30,33.41999816894531,33.41999816894531,33.380001068115234,33.400001525878906,40156
2022-07-01,32.9900016784668,33.18000030517578,32.959999084472656,33.18000030517578,65165
2022-07-04,33.40999984741211,33.45000076293945,33.349998474121094,33.38999938964844,83307
2022-07-05,33.70000076293945,33.75,33.58000183105469,33.63999938964844,10030
2022-07-06,33.400001525878906,33.560001373291016,33.400001525878906,33.560001373291016,13031
2022-07-07,33.65999984741211,33.65999984741211,33.470001220703125,33.5,10310
2022-07-08,33.79999923706055,33.93000030517578,33.79999923706055,33.869998931884766,28000
2022-07-11,33.810001373291016,33.849998474121094,33.75,33.849998474121094,18175
2022-07-12,33.65999984741211,33.70000076293945,33.619998931884766,33.619998931884766,11059
2022-07-13,33.61000061035156,33.72999954223633,33.61000061035156,33.72999954223633,18000
2022-07-14,33.33000183105469,33.33000183105469,33.2400016784668,33.2599983215332,15012
2022-07-15,33.31999969482422,33.41999816894531,33.31999969482422,33.34000015258789,8000
2022-07-18,34.029998779296875,34.04999923706055,33.93000030517578,33.93000030517578,26175
2022-07-19,33.75,33.79999923706055,33.75,33.77000045776367,6124
2022-07-20,34.65999984741211,34.65999984741211,34.52000045776367,34.63999938964844,36059
2022-07-21,34.599998474121094,34.61000061035156,34.54999923706055,34.61000061035156,12000
2022-07-22,34.70000076293945,34.7400016784668,34.66999816894531,34.7400016784668,10000
2022-07-25,34.529998779296875,34.59000015258789,34.5,34.560001373291016,7010
2022-07-26,34.54999923706055,34.630001068115234,34.54999923706055,34.59000015258789,4165
2022-07-27,34.63999938964844,34.65999984741211,34.54999923706055,34.54999923706055,19000
2022-07-28,34.84000015258789,34.880001068115234,34.84000015258789,34.869998931884766,10003
2022-07-29,35.27000045776367,35.34000015258789,35.209999084472656,35.209999084472656,42000
2022-08-01,35.58000183105469,35.599998474121094,35.4900016784668,35.4900016784668,23200
2022-08-02,35.599998474121094,35.650001525878906,35.529998779296875,35.599998474121094,27010
2022-08-03,35.369998931884766,35.369998931884766,35.22999954223633,35.2599983215332,20017
2022-08-04,35.720001220703125,35.720001220703125,35.65999984741211,35.65999984741211,5000
2022-08-05,35.689998626708984,35.689998626708984,35.61000061035156,35.61000061035156,15000
2022-08-08,35.709999084472656,35.709999084472656,35.58000183105469,35.59000015258789,25083
2022-08-09,35.79999923706055,35.810001373291016,35.79999923706055,35.810001373291016,2001
2022-08-10,35.709999084472656,35.709999084472656,35.630001068115234,35.630001068115234,4010
2022-08-11,36.290000915527344,36.349998474121094,36.2400016784668,36.310001373291016,54054
2022-08-12,36.22999954223633,36.27000045776367,36.22999954223633,36.27000045776367,15001
2022-08-15,36.59000015258789,36.689998626708984,36.59000015258789,36.689998626708984,39046
2022-08-16,36.84000015258789,36.91999816894531,36.81999969482422,36.83000183105469,36000
2022-08-17,37.13999938964844,37.150001525878906,37.099998474121094,37.13999938964844,57080
2022-08-18,36.93000030517578,36.959999084472656,36.88999938964844,36.88999938964844,25000
2022-08-19,36.95000076293945,37.0,36.95000076293945,36.97999954223633,30000
2022-08-22,36.630001068115234,36.63999938964844,36.529998779296875,36.529998779296875,55000
2022-08-23,36.119998931884766,36.189998626708984,36.06999969482422,36.06999969482422,144105
2022-08-24,36.0,36.0,35.90999984741211,35.97999954223633,158000
2022-08-25,36.220001220703125,36.220001220703125,36.16999816894531,36.18000030517578,57155
2022-08-26,36.380001068115234,36.4900016784668,36.380001068115234,36.459999084472656,114000
2022-08-29,35.369998931884766,35.369998931884766,35.060001373291016,35.060001373291016,98155
2022-08-30,35.52000045776367,35.560001373291016,35.40999984741211,35.45000076293945,28155
2022-08-31,35.25,35.2599983215332,35.20000076293945,35.22999954223633,220155
2022-09-01,34.79999923706055,34.79999923706055,34.720001220703125,34.720001220703125,75000
2022-09-02,35.150001525878906,35.189998626708984,35.08000183105469,35.130001068115234,33000
2022-09-05,35.060001373291016,35.099998474121094,34.88999938964844,34.88999938964844,24165
2022-09-06,35.150001525878906,35.290000915527344,35.13999938964844,35.290000915527344,73165
2022-09-07,34.90999984741211,34.90999984741211,34.720001220703125,34.900001525878906,35165
2022-09-08,35.5099983215332,35.5099983215332,35.400001525878906,35.400001525878906,35000
2022-09-12,36.18000030517578,36.18000030517578,36.040000915527344,36.040000915527344,40055
2022-09-13,36.349998474121094,36.400001525878906,36.31999969482422,36.380001068115234,24893
2022-09-14,35.16999816894531,35.31999969482422,35.08000183105469,35.08000183105469,92165
2022-09-15,35.209999084472656,35.2400016784668,35.16999816894531,35.16999816894531,12165
2022-09-16,35.0,35.0,34.900001525878906,34.900001525878906,48102
2022-09-19,35.13999938964844,35.16999816894531,35.04999923706055,35.060001373291016,122134
2022-09-20,35.40999984741211,35.40999984741211,35.31999969482422,35.33000183105469,26084
2022-09-21,35.02000045776367,35.06999969482422,35.0,35.0,13000
2022-09-22,34.529998779296875,34.54999923706055,34.38999938964844,34.38999938964844,66015
2022-09-23,34.560001373291016,34.59000015258789,34.5,34.56999969482422,20175
2022-09-26,34.029998779296875,34.150001525878906,33.900001525878906,33.900001525878906,27175
2022-09-27,33.939998626708984,34.029998779296875,33.939998626708984,34.0,64000
2022-09-28,33.54999923706055,33.650001525878906,33.459999084472656,33.58000183105469,35180
2022-09-29,34.310001373291016,34.310001373291016,34.15999984741211,34.22999954223633,215190
2022-09-30,33.68000030517578,33.7400016784668,33.59000015258789,33.7400016784668,18190
2022-10-03,33.25,33.29999923706055,33.0099983215332,33.0099983215332,56000
2022-10-04,34.209999084472656,34.29999923706055,34.150001525878906,34.22999954223633,72000
2022-10-05,34.560001373291016,34.720001220703125,34.54999923706055,34.70000076293945,75002
2022-10-06,34.72999954223633,34.790000915527344,34.70000076293945,34.72999954223633,79000
2022-10-07,34.33000183105469,34.38999938964844,34.2599983215332,34.2599983215332,52100
2022-10-11,33.61000061035156,33.849998474121094,33.61000061035156,33.650001525878906,163395
2022-10-12,33.880001068115234,33.939998626708984,33.83000183105469,33.88999938964844,26000
2022-10-13,33.77000045776367,33.849998474121094,33.77000045776367,33.84000015258789,87200
2022-10-14,34.970001220703125,35.0,34.720001220703125,34.75,32000
2022-10-17,34.650001525878906,34.650001525878906,34.5,34.5,140000
2022-10-18,35.459999084472656,35.59000015258789,35.20000076293945,35.20000076293945,59025
2022-10-19,35.58000183105469,35.66999816894531,35.540000915527344,35.61000061035156,101059
2022-10-20,35.54999923706055,35.599998474121094,35.25,35.29999923706055,116000
2022-10-21,35.349998474121094,35.40999984741211,35.2599983215332,35.2599983215332,63000
2022-10-24,36.38999938964844,36.459999084472656,36.310001373291016,36.369998931884766,297000
2022-10-25,36.97999954223633,37.0,36.81999969482422,36.880001068115234,102000
2022-10-26,37.16999816894531,37.27000045776367,37.130001068115234,37.15999984741211,71182
2022-10-27,37.11000061035156,37.279998779296875,37.11000061035156,37.2400016784668,160000
2022-10-28,37.22999954223633,37.380001068115234,37.22999954223633,37.2400016784668,193040
2022-10-31,38.36000061035156,38.36000061035156,38.189998626708984,38.189998626708984,299001
2022-11-01,38.34000015258789,38.349998474121094,38.25,38.25,121078
2022-11-02,38.06999969482422,38.099998474121094,38.04999923706055,38.04999923706055,263000
2022-11-03,37.56999969482422,37.59000015258789,37.33000183105469,37.33000183105469,348215
2022-11-04,37.31999969482422,37.349998474121094,37.27000045776367,37.349998474121094,135040
2022-11-07,37.59000015258789,37.70000076293945,37.45000076293945,37.540000915527344,172185
2022-11-08,38.04999923706055,38.18000030517578,38.029998779296875,38.18000030517578,138008
2022-11-09,38.20000076293945,38.380001068115234,38.16999816894531,38.380001068115234,463104
2022-11-10,37.459999084472656,37.56999969482422,37.45000076293945,37.560001373291016,114133
2022-11-11,38.2400016784668,38.77000045776367,38.20000076293945,38.77000045776367,170052
2022-11-14,37.75,39.0,37.65999984741211,39.0,168309
2022-11-15,37.90999984741211,37.91999816894531,37.790000915527344,37.790000915527344,31000
2022-11-16,37.95000076293945,37.959999084472656,37.75,37.83000183105469,29079
2022-11-17,37.90999984741211,37.93000030517578,37.900001525878906,37.93000030517578,17000
2022-11-18,37.84000015258789,37.869998931884766,37.72999954223633,37.72999954223633,10000
2022-11-21,38.130001068115234,38.13999938964844,38.130001068115234,38.13999938964844,3000
2022-11-22,38.11000061035156,38.18000030517578,38.11000061035156,38.150001525878906,26000
2022-11-23,38.61000061035156,38.63999938964844,38.47999954223633,38.63999938964844,38645
2022-11-24,38.5,38.599998474121094,38.4900016784668,38.599998474121094,56020
2022-11-25,38.33000183105469,38.540000915527344,38.31999969482422,38.540000915527344,13002
2022-11-28,38.38999938964844,38.470001220703125,38.380001068115234,38.400001525878906,39000
2022-11-29,38.060001373291016,38.11000061035156,38.0,38.11000061035156,13160
2022-11-30,37.95000076293945,38.0,37.900001525878906,38.0,49155
2022-12-01,38.5099983215332,38.619998931884766,38.400001525878906,38.619998931884766,85000
2022-12-02,38.16999816894531,38.16999816894531,38.08000183105469,38.08000183105469,25000
2022-12-05,38.099998474121094,38.16999816894531,38.08000183105469,38.16999816894531,42155
2022-12-06,37.75,37.779998779296875,37.630001068115234,37.630001068115234,8155
2022-12-07,37.5099983215332,37.529998779296875,37.40999984741211,37.40999984741211,6000
2022-12-08,37.4900016784668,37.4900016784668,37.38999938964844,37.43000030517578,12155
2022-12-09,37.66999816894531,37.66999816894531,37.599998474121094,37.599998474121094,13000
2022-12-12,37.36000061035156,37.36000061035156,37.279998779296875,37.31999969482422,13005
2022-12-13,37.97999954223633,37.9900016784668,37.91999816894531,37.95000076293945,17145
2022-12-14,38.02000045776367,38.02000045776367,37.959999084472656,38.02000045776367,18126
2022-12-15,37.83000183105469,37.83000183105469,37.7599983215332,37.790000915527344,67001
2022-12-16,37.060001373291016,37.150001525878906,37.04999923706055,37.099998474121094,36000
2022-12-19,36.810001373291016,36.81999969482422,36.79999923706055,36.81999969482422,7160
2022-12-20,36.31999969482422,36.810001373291016,36.31999969482422,36.810001373291016,42000
2022-12-21,36.79999923706055,36.81999969482422,36.7599983215332,36.7599983215332,24081
2022-12-22,37.2599983215332,37.2599983215332,37.20000076293945,37.20000076293945,36000
2022-12-23,36.880001068115234,36.900001525878906,36.79999923706055,36.84000015258789,10000
2022-12-26,37.18000030517578,37.209999084472656,37.18000030517578,37.209999084472656,5000
2022-12-27,37.20000076293945,37.22999954223633,37.20000076293945,37.209999084472656,13000
2022-12-28,37.130001068115234,37.130001068115234,37.119998931884766,37.130001068115234,6050
2022-12-29,36.68000030517578,36.75,36.68000030517578,36.75,7000
2022-12-30,37.060001373291016,37.06999969482422,36.880001068115234,36.880001068115234,25050
2023-01-03,37.029998779296875,37.04999923706055,37.0,37.0,47500
2023-01-04,36.9900016784668,37.02000045776367,36.97999954223633,37.0,6165
2023-01-05,37.11000061035156,37.11000061035156,37.040000915527344,37.040000915527344,140245
2023-01-06,36.869998931884766,36.90999984741211,36.869998931884766,36.90999984741211,13132
2023-01-09,37.41999816894531,37.45000076293945,37.31999969482422,37.45000076293945,53000
2023-01-10,37.0,37.08000183105469,36.91999816894531,37.08000183105469,23080
2023-01-11,37.290000915527344,37.290000915527344,37.220001220703125,37.220001220703125,8000
2023-01-12,37.58000183105469,37.58000183105469,37.47999954223633,37.47999954223633,9000
2023-01-13,37.650001525878906,37.849998474121094,37.599998474121094,37.849998474121094,31360
2023-01-16,37.75,37.81999969482422,37.720001220703125,37.790000915527344,12080
2023-01-17,37.68000030517578,37.7599983215332,37.68000030517578,37.75,52020
2023-01-30,37.06999969482422,37.31999969482422,37.060001373291016,37.31999969482422,41080
2023-01-31,36.7400016784668,36.959999084472656,36.7400016784668,36.959999084472656,40020
2023-02-01,37.040000915527344,37.11000061035156,37.040000915527344,37.06999969482422,15020
2023-02-02,36.709999084472656,36.939998626708984,36.68000030517578,36.939998626708984,139830
2023-02-03,36.65999984741211,36.779998779296875,36.650001525878906,36.720001220703125,1034418
2023-02-06,36.68000030517578,36.810001373291016,36.68000030517578,36.72999954223633,228020
2023-02-07,36.91999816894531,36.970001220703125,36.880001068115234,36.880001068115234,142020
2023-02-08,37.2599983215332,37.27000045776367,37.15999984741211,37.15999984741211,50003
2023-02-09,37.209999084472656,37.209999084472656,37.150001525878906,37.189998626708984,21000
2023-02-10,36.83000183105469,36.869998931884766,36.810001373291016,36.869998931884766,13020
2023-02-13,37.11000061035156,37.119998931884766,37.04999923706055,37.09000015258789,17324
2023-02-14,37.4900016784668,37.529998779296875,37.4900016784668,37.5,11079
2023-02-15,37.439998626708984,37.459999084472656,37.40999984741211,37.40999984741211,15000
2023-02-16,37.540000915527344,37.61000061035156,37.540000915527344,37.599998474121094,78000
2023-02-17,37.04999923706055,37.130001068115234,37.040000915527344,37.040000915527344,731054
2023-02-20,37.29999923706055,37.38999938964844,37.29999923706055,37.29999923706055,19161
2023-02-21,37.22999954223633,37.22999954223633,37.15999984741211,37.209999084472656,629026
2023-02-22,36.779998779296875,36.790000915527344,36.77000045776367,36.77000045776367,20184
2023-02-23,36.56999969482422,36.70000076293945,36.560001373291016,36.689998626708984,123016
2023-02-24,36.689998626708984,36.689998626708984,36.56999969482422,36.56999969482422,16020
2023-03-01,36.349998474121094,36.369998931884766,36.15999984741211,36.15999984741211,34000
2023-03-02,36.36000061035156,36.400001525878906,36.29999923706055,36.349998474121094,16020
2023-03-03,36.689998626708984,36.689998626708984,36.619998931884766,36.619998931884766,22184
2023-03-06,37.06999969482422,37.119998931884766,36.97999954223633,37.02000045776367,51035
2023-03-07,37.150001525878906,37.189998626708984,37.150001525878906,37.15999984741211,31162
2023-03-08,36.720001220703125,36.79999923706055,36.70000076293945,36.79999923706055,56085
2023-03-09,36.68000030517578,36.689998626708984,36.63999938964844,36.63999938964844,28184
2023-03-10,35.939998626708984,36.09000015258789,35.88999938964844,36.040000915527344,55177
2023-03-13,35.91999816894531,36.040000915527344,35.90999984741211,36.0,101168
2023-03-14,35.43000030517578,35.52000045776367,35.41999816894531,35.47999954223633,115174
2023-03-15,35.709999084472656,35.7400016784668,35.59000015258789,35.59000015258789,30174
2023-03-16,35.61000061035156,35.630001068115234,35.540000915527344,35.540000915527344,91100
2023-03-17,35.79999923706055,35.849998474121094,35.720001220703125,35.720001220703125,80005
2023-03-20,35.34000015258789,35.5099983215332,35.34000015258789,35.5099983215332,51158
2023-03-21,35.849998474121094,35.869998931884766,35.790000915527344,35.79999923706055,60078
2023-03-22,36.099998474121094,36.11000061035156,36.02000045776367,36.04999923706055,66062
2023-03-23,35.5,35.5099983215332,35.349998474121094,35.380001068115234,326325
2023-03-24,35.4900016784668,35.4900016784668,35.380001068115234,35.380001068115234,145190
2023-03-27,35.7400016784668,35.790000915527344,35.70000076293945,35.709999084472656,80110
2023-03-28,35.79999923706055,35.849998474121094,35.779998779296875,35.79999923706055,28000
2023-03-29,35.97999954223633,35.97999954223633,35.90999984741211,35.90999984741211,13153
2023-03-30,36.2400016784668,36.27000045776367,36.13999938964844,36.13999938964844,24131
2023-03-31,36.400001525878906,36.4900016784668,36.369998931884766,36.4900016784668,44571
2023-04-06,37.06999969482422,37.08000183105469,36.97999954223633,36.97999954223633,169761
2023-04-07,37.040000915527344,37.11000061035156,37.040000915527344,37.11000061035156,16000
2023-04-10,37.08000183105469,37.099998474121094,37.029998779296875,37.04999923706055,12000
2023-04-11,37.209999084472656,37.22999954223633,37.15999984741211,37.15999984741211,27000
2023-04-12,37.33000183105469,37.33000183105469,37.279998779296875,37.279998779296875,20161
2023-04-13,37.27000045776367,37.279998779296875,37.209999084472656,37.25,25115
2023-04-14,37.5,37.630001068115234,37.5,37.630001068115234,57000
2023-04-17,37.58000183105469,37.599998474121094,37.52000045776367,37.52000045776367,177052
2023-04-18,37.66999816894531,37.68000030517578,37.599998474121094,37.599998474121094,24040
2023-04-19,37.58000183105469,37.599998474121094,37.54999923706055,37.58000183105469,21037
2023-04-20,37.630001068115234,37.689998626708984,37.56999969482422,37.56999969482422,33000
2023-04-21,37.5,37.540000915527344,37.5,37.5,5132
2023-04-24,37.5,37.52000045776367,37.5,37.5,6326
2023-04-25,37.650001525878906,37.709999084472656,37.63999938964844,37.70000076293945,21098
2023-04-26,37.43000030517578,37.47999954223633,37.41999816894531,37.439998626708984,13140
2023-04-27,37.15999984741211,37.189998626708984,37.13999938964844,37.13999938964844,9084
2023-04-28,37.709999084472656,37.709999084472656,37.65999984741211,37.65999984741211,7080
2023-05-02,38.060001373291016,38.060001373291016,37.900001525878906,37.900001525878906,24000
2023-05-03,37.65999984741211,37.70000076293945,37.63999938964844,37.70000076293945,26000
2023-05-04,37.2599983215332,37.27000045776367,37.13999938964844,37.220001220703125,30018
2023-05-05,36.95000076293945,36.97999954223633,36.91999816894531,36.97999954223633,16073
2023-05-08,37.470001220703125,37.4900016784668,37.45000076293945,37.45000076293945,19054
2023-05-09,37.43000030517578,37.43000030517578,37.40999984741211,37.41999816894531,9000
2023-05-10,37.470001220703125,37.470001220703125,37.470001220703125,37.470001220703125,2000
2023-05-11,37.43000030517578,37.43000030517578,37.369998931884766,37.369998931884766,75741
2023-05-12,37.25,37.25,37.20000076293945,37.2400016784668,9018
2023-05-15,37.2599983215332,37.2599983215332,37.18000030517578,37.18000030517578,14324
2023-05-16,37.20000076293945,37.209999084472656,37.20000076293945,37.209999084472656,7118
2023-05-17,36.970001220703125,37.0,36.970001220703125,37.0,57073
2023-05-18,37.29999923706055,37.29999923706055,37.25,37.29999923706055,84000
2023-05-19,37.45000076293945,37.5099983215332,37.45000076293945,37.4900016784668,72000
2023-05-22,37.220001220703125,37.220001220703125,37.18000030517578,37.18000030517578,21043
2023-05-23,37.16999816894531,37.220001220703125,37.16999816894531,37.189998626708984,58054
2023-05-24,37.0099983215332,37.0099983215332,36.97999954223633,37.0099983215332,58000
2023-05-25,36.619998931884766,36.65999984741211,36.59000015258789,36.65999984741211,112114
2023-05-26,36.59000015258789,36.599998474121094,36.5099983215332,36.54999923706055,285071
2023-05-29,36.91999816894531,37.0099983215332,36.90999984741211,36.9900016784668,416000
2023-05-30,36.869998931884766,36.939998626708984,36.849998474121094,36.939998626708984,388045
2023-05-31,36.79999923706055,36.83000183105469,36.79999923706055,36.810001373291016,95016
2023-06-01,36.77000045776367,36.77000045776367,36.7400016784668,36.75,168200
2023-06-02,36.93000030517578,36.959999084472656,36.849998474121094,36.959999084472656,510597
2023-06-05,37.709999084472656,37.72999954223633,37.689998626708984,37.70000076293945,193212
2023-06-06,37.5099983215332,37.5099983215332,37.45000076293945,37.45000076293945,278408
2023-06-07,37.52000045776367,37.52000045776367,37.5099983215332,37.5099983215332,79125
2023-06-08,37.65999984741211,37.65999984741211,37.63999938964844,37.63999938964844,454070
2023-06-09,37.849998474121094,37.86000061035156,37.77000045776367,37.77000045776367,68000
2023-06-12,37.970001220703125,37.970001220703125,37.900001525878906,37.900001525878906,70016
2023-06-13,38.08000183105469,38.11000061035156,38.04999923706055,38.06999969482422,497020
2023-06-14,38.099998474121094,38.119998931884766,38.04999923706055,38.099998474121094,148001
2023-06-15,38.0099983215332,38.0099983215332,37.939998626708984,37.970001220703125,245000
2023-06-16,38.45000076293945,38.45000076293945,38.31999969482422,38.31999969482422,333140
2023-06-19,38.380001068115234,38.38999938964844,38.349998474121094,38.349998474121094,22000
2023-06-20,38.400001525878906,38.40999984741211,38.369998931884766,38.40999984741211,277401
2023-06-21,38.380001068115234,38.41999816894531,38.380001068115234,38.40999984741211,119000
2023-06-26,38.119998931884766,38.150001525878906,38.02000045776367,38.02000045776367,170024
2023-06-27,38.130001068115234,38.15999984741211,38.11000061035156,38.119998931884766,22000
2023-06-28,38.36000061035156,38.36000061035156,38.25,38.290000915527344,233173
2023-06-29,38.290000915527344,38.400001525878906,38.290000915527344,38.400001525878906,10129
2023-06-30,38.58000183105469,38.61000061035156,38.54999923706055,38.54999923706055,159000
2023-07-03,38.91999816894531,38.93000030517578,38.880001068115234,38.93000030517578,168820
2023-07-04,38.91999816894531,38.93000030517578,38.91999816894531,38.91999816894531,109000
2023-07-05,38.91999816894531,38.91999816894531,38.90999984741211,38.90999984741211,203000
2023-07-06,38.939998626708984,38.95000076293945,38.779998779296875,38.779998779296875,732132
2023-07-07,38.59000015258789,38.75,38.59000015258789,38.7400016784668,1107110
2023-07-10,38.380001068115234,38.45000076293945,38.349998474121094,38.45000076293945,118000
2023-07-11,38.66999816894531,38.709999084472656,38.66999816894531,38.689998626708984,129000
2023-07-12,38.900001525878906,38.93000030517578,38.880001068115234,38.90999984741211,364142
2023-07-13,38.81999969482422,38.869998931884766,38.779998779296875,38.86000061035156,448653
2023-07-14,38.40999984741211,38.59000015258789,38.40999984741211,38.59000015258789,191100
2023-07-17,38.810001373291016,38.810001373291016,38.61000061035156,38.61000061035156,215013
2023-07-18,38.86000061035156,38.90999984741211,38.849998474121094,38.900001525878906,403000
2023-07-19,39.38999938964844,39.38999938964844,39.29999923706055,39.33000183105469,263624
2023-07-20,39.52000045776367,39.560001373291016,39.47999954223633,39.4900016784668,909619
2023-07-21,39.900001525878906,39.900001525878906,39.7400016784668,39.790000915527344,327619
2023-07-24,40.0,40.0,39.900001525878906,39.900001525878906,315429
2023-07-25,40.2400016784668,40.2400016784668,40.16999816894531,40.189998626708984,236619
2023-07-26,40.150001525878906,40.220001220703125,40.150001525878906,40.220001220703125,59619
2023-07-27,40.25,40.25,40.16999816894531,40.16999816894531,407619
2023-07-28,40.34000015258789,40.34000015258789,40.099998474121094,40.11000061035156,987619
2023-07-31,40.459999084472656,40.47999954223633,40.40999984741211,40.47999954223633,381000
2023-08-01,40.720001220703125,40.7400016784668,40.65999984741211,40.65999984741211,129000
2023-08-02,40.84000015258789,40.90999984741211,40.79999923706055,40.79999923706055,975125
2023-08-04,40.56999969482422,40.720001220703125,40.5099983215332,40.720001220703125,68619
2023-08-07,40.380001068115234,40.43000030517578,40.369998931884766,40.369998931884766,57000
2023-08-08,40.84000015258789,40.86000061035156,40.79999923706055,40.79999923706055,74027
2023-08-09,40.72999954223633,40.79999923706055,40.720001220703125,40.7400016784668,86618
2023-08-10,40.63999938964844,40.65999984741211,40.59000015258789,40.59000015258789,37113
2023-08-11,40.61000061035156,40.65999984741211,40.599998474121094,40.650001525878906,253620
2023-08-14,40.79999923706055,40.869998931884766,40.72999954223633,40.790000915527344,990618
2023-08-15,40.88999938964844,40.95000076293945,40.849998474121094,40.86000061035156,1231618
2023-08-16,40.380001068115234,40.4900016784668,40.380001068115234,40.4900016784668,557133
2023-08-17,40.349998474121094,40.349998474121094,40.2400016784668,40.2400016784668,111086
2023-08-18,39.91999816894531,39.97999954223633,39.91999816894531,39.95000076293945,134096
2023-08-21,40.0,40.02000045776367,39.97999954223633,39.9900016784668,546000
2023-08-22,39.93000030517578,39.939998626708984,39.90999984741211,39.90999984741211,235377
2023-08-23,39.849998474121094,39.86000061035156,39.84000015258789,39.86000061035156,12521
2023-08-24,39.79999923706055,39.939998626708984,39.779998779296875,39.939998626708984,504056
2023-08-25,39.439998626708984,39.47999954223633,39.439998626708984,39.470001220703125,278056
2023-08-28,39.7599983215332,39.779998779296875,39.75,39.77000045776367,10056
2023-08-29,40.0,40.029998779296875,39.97999954223633,40.0099983215332,125000
2023-08-30,40.34000015258789,40.369998931884766,40.290000915527344,40.29999923706055,18049
2023-08-31,40.52000045776367,40.52000045776367,40.45000076293945,40.45000076293945,80050
2023-09-01,40.220001220703125,40.22999954223633,40.18000030517578,40.189998626708984,225256
2023-09-04,40.349998474121094,40.349998474121094,40.290000915527344,40.34000015258789,13614
2023-09-05,40.29999923706055,40.29999923706055,40.2599983215332,40.2599983215332,97000
2023-09-06,40.15999984741211,40.20000076293945,40.15999984741211,40.16999816894531,77000
2023-09-07,39.91999816894531,39.970001220703125,39.90999984741211,39.90999984741211,113000
2023-09-08,40.150001525878906,40.150001525878906,40.119998931884766,40.119998931884766,24000
2023-09-11,40.2599983215332,40.2599983215332,40.150001525878906,40.150001525878906,57024
2023-09-12,40.279998779296875,40.279998779296875,40.22999954223633,40.22999954223633,5614
2023-09-13,40.220001220703125,40.29999923706055,40.220001220703125,40.29999923706055,14769
2023-09-14,40.119998931884766,40.15999984741211,40.119998931884766,40.13999938964844,104065
2023-09-15,40.599998474121094,40.61000061035156,40.529998779296875,40.540000915527344,241614
2023-09-18,40.25,40.2599983215332,40.189998626708984,40.20000076293945,66000
2023-09-19,40.220001220703125,40.22999954223633,40.20000076293945,40.20000076293945,11000
2023-09-20,40.11000061035156,40.11000061035156,40.08000183105469,40.08000183105469,266056
2023-09-21,40.11000061035156,40.11000061035156,40.060001373291016,40.060001373291016,71056
2023-09-22,39.790000915527344,39.81999969482422,39.7599983215332,39.7599983215332,101200
2023-09-25,39.66999816894531,39.66999816894531,39.650001525878906,39.65999984741211,490152
2023-09-26,39.630001068115234,39.630001068115234,39.56999969482422,39.56999969482422,21057
2023-09-27,39.400001525878906,39.43000030517578,39.380001068115234,39.38999938964844,29000
2023-09-28,39.290000915527344,39.33000183105469,39.220001220703125,39.279998779296875,54100
2023-10-02,39.349998474121094,39.400001525878906,39.34000015258789,39.349998474121094,16060
2023-10-03,39.150001525878906,39.16999816894531,39.11000061035156,39.15999984741211,51000
2023-10-04,38.7400016784668,38.75,38.65999984741211,38.689998626708984,24000
2023-10-05,38.75,38.79999923706055,38.7400016784668,38.7400016784668,134000
2023-10-06,38.66999816894531,38.75,38.66999816894531,38.709999084472656,313057
2023-10-11,39.31999969482422,39.33000183105469,39.290000915527344,39.290000915527344,20057
2023-10-12,39.529998779296875,39.56999969482422,39.5099983215332,39.52000045776367,51263
2023-10-13,39.36000061035156,39.400001525878906,39.349998474121094,39.349998474121094,169046
2023-10-16,39.47999954223633,39.5,39.459999084472656,39.5,35056
2023-10-17,39.77000045776367,39.790000915527344,39.720001220703125,39.720001220703125,126608
2023-10-18,39.77000045776367,39.88999938964844,39.75,39.75,337608
2023-10-19,39.45000076293945,39.540000915527344,39.41999816894531,39.52000045776367,322058
2023-10-20,39.209999084472656,39.220001220703125,39.150001525878906,39.18000030517578,151058
2023-10-23,38.97999954223633,38.97999954223633,38.90999984741211,38.90999984741211,422136
2023-10-24,38.65999984741211,38.65999984741211,38.59000015258789,38.63999938964844,94001
2023-10-25,38.95000076293945,38.959999084472656,38.939998626708984,38.939998626708984,7000
2023-10-26,38.79999923706055,38.849998474121094,38.7599983215332,38.7599983215332,79078
2023-10-27,38.689998626708984,38.709999084472656,38.619998931884766,38.619998931884766,36061
2023-10-30,38.220001220703125,38.2400016784668,38.18000030517578,38.2400016784668,162061
2023-10-31,38.68000030517578,38.709999084472656,38.65999984741211,38.65999984741211,224000
2023-11-01,38.869998931884766,38.869998931884766,38.849998474121094,38.869998931884766,27000
2023-11-02,39.0099983215332,39.15999984741211,39.0099983215332,39.15999984741211,43000
2023-11-03,39.63999938964844,39.68000030517578,39.63999938964844,39.68000030517578,221630
2023-11-06,39.65999984741211,39.810001373291016,39.65999984741211,39.810001373291016,779260
2023-11-07,39.65999984741211,39.689998626708984,39.65999984741211,39.65999984741211,98050
2023-11-08,39.84000015258789,39.869998931884766,39.810001373291016,39.869998931884766,120520
2023-11-09,39.91999816894531,39.93000030517578,39.88999938964844,39.88999938964844,36500
2023-11-10,39.77000045776367,39.790000915527344,39.720001220703125,39.790000915527344,136639
2023-11-13,40.09000015258789,40.119998931884766,40.08000183105469,40.09000015258789,123498
2023-11-14,40.22999954223633,40.2599983215332,40.20000076293945,40.20000076293945,28604
2023-11-15,40.58000183105469,40.619998931884766,40.560001373291016,40.619998931884766,292604
2023-11-16,40.599998474121094,40.61000061035156,40.529998779296875,40.61000061035156,508604
2023-11-17,40.52000045776367,40.540000915527344,40.45000076293945,40.540000915527344,291647
2023-11-20,40.18000030517578,40.2400016784668,40.16999816894531,40.2400016784668,244604
2023-11-21,40.150001525878906,40.290000915527344,40.130001068115234,40.290000915527344,435225
2023-11-22,40.13999938964844,40.15999984741211,40.06999969482422,40.06999969482422,321000
2023-11-23,40.470001220703125,40.540000915527344,40.41999816894531,40.540000915527344,148926
2023-11-24,40.540000915527344,40.54999923706055,40.5,40.5,26601
2023-11-27,40.540000915527344,40.630001068115234,40.529998779296875,40.630001068115234,440100
2023-11-28,40.43000030517578,40.439998626708984,40.40999984741211,40.439998626708984,91049
2023-11-29,40.27000045776367,40.33000183105469,40.27000045776367,40.31999969482422,267080
2023-11-30,40.43000030517578,40.43000030517578,40.36000061035156,40.36000061035156,292122
2023-12-01,41.060001373291016,41.08000183105469,40.93000030517578,40.93000030517578,185589
2023-12-04,41.290000915527344,41.29999923706055,41.25,41.25,162709
2023-12-05,41.349998474121094,41.380001068115234,41.29999923706055,41.29999923706055,313032
2023-12-06,41.45000076293945,41.470001220703125,41.41999816894531,41.45000076293945,33085
2023-12-07,41.34000015258789,41.34000015258789,41.310001373291016,41.310001373291016,73042
2023-12-08,41.189998626708984,41.22999954223633,41.13999938964844,41.20000076293945,81555
2023-12-11,41.560001373291016,41.58000183105469,41.4900016784668,41.4900016784668,27204
2023-12-12,41.709999084472656,41.720001220703125,41.63999938964844,41.63999938964844,59260
2023-12-13,42.0,42.0,41.970001220703125,42.0,117389
2023-12-14,42.279998779296875,42.349998474121094,42.22999954223633,42.349998474121094,75115
2023-12-15,42.38999938964844,42.41999816894531,42.29999923706055,42.310001373291016,403091
2023-12-18,42.54999923706055,42.59000015258789,42.529998779296875,42.59000015258789,67049
2023-12-19,42.540000915527344,42.540000915527344,42.470001220703125,42.540000915527344,168041
2023-12-20,42.72999954223633,42.7400016784668,42.709999084472656,42.7400016784668,218029
2023-12-21,42.29999923706055,42.38999938964844,42.25,42.38999938964844,53030
2023-12-22,42.2400016784668,42.29999923706055,42.2400016784668,42.29999923706055,31033
2023-12-25,42.439998626708984,42.56999969482422,42.439998626708984,42.56999969482422,3000
2023-12-26,42.25,42.27000045776367,42.22999954223633,42.2400016784668,172071
2023-12-27,42.209999084472656,42.279998779296875,42.18000030517578,42.279998779296875,159067
2023-12-28,41.959999084472656,42.119998931884766,41.93000030517578,42.119998931884766,456036
2023-12-29,42.150001525878906,42.15999984741211,42.040000915527344,42.06999969482422,151376
2024-01-02,42.220001220703125,42.220001220703125,42.0099983215332,42.099998474121094,431165
2024-01-03,42.41999816894531,42.45000076293945,42.279998779296875,42.279998779296875,240324
2024-01-04,42.209999084472656,42.2599983215332,42.20000076293945,42.2400016784668,89153
2024-01-05,42.189998626708984,42.27000045776367,42.18000030517578,42.27000045776367,102098
2024-01-08,41.970001220703125,42.04999923706055,41.91999816894531,42.04999923706055,108095
2024-01-09,42.29999923706055,42.29999923706055,42.20000076293945,42.22999954223633,40005
2024-01-10,42.290000915527344,42.29999923706055,42.2599983215332,42.2599983215332,294053
2024-01-11,42.59000015258789,42.61000061035156,42.56999969482422,42.58000183105469,152022
2024-01-12,42.540000915527344,42.540000915527344,42.5099983215332,42.52000045776367,44085
2024-01-15,42.540000915527344,42.540000915527344,42.540000915527344,42.540000915527344,0
2024-01-16,42.720001220703125,42.7400016784668,42.65999984741211,42.65999984741211,291015
2024-01-17,42.720001220703125,42.7400016784668,42.68000030517578,42.7400016784668,260003
2024-01-18,42.650001525878906,42.70000076293945,42.650001525878906,42.66999816894531,240050
2024-01-19,42.689998626708984,42.86000061035156,42.689998626708984,42.86000061035156,209001
2024-01-22,43.09000015258789,43.099998474121094,43.040000915527344,43.099998474121094,278089
2024-01-23,43.220001220703125,43.220001220703125,43.099998474121094,43.209999084472656,343000
2024-01-24,43.08000183105469,43.18000030517578,43.08000183105469,43.150001525878906,198093
2024-01-25,42.9900016784668,43.08000183105469,42.91999816894531,43.08000183105469,99355
2024-01-26,43.029998779296875,43.04999923706055,43.02000045776367,43.02000045776367,89000
2024-01-29,43.11000061035156,43.16999816894531,43.11000061035156,43.16999816894531,63175
2024-01-30,43.25,43.310001373291016,43.2400016784668,43.310001373291016,17000
2024-01-31,43.63999938964844,43.63999938964844,43.47999954223633,43.47999954223633,23196
2024-02-01,43.40999984741211,43.43000030517578,43.310001373291016,43.310001373291016,31000
2024-02-02,43.599998474121094,43.68000030517578,43.560001373291016,43.68000030517578,320000
2024-02-05,43.90999984741211,43.939998626708984,43.7400016784668,43.7400016784668,264032
2024-02-15,43.7599983215332,43.90999984741211,43.66999816894531,43.90999984741211,88080
2024-02-16,44.09000015258789,44.13999938964844,44.040000915527344,44.11000061035156,254000
2024-02-19,44.08000183105469,44.08000183105469,43.90999984741211,43.9900016784668,653090
2024-02-20,44.08000183105469,44.099998474121094,44.0099983215332,44.0099983215332,35000
2024-02-21,44.08000183105469,44.08000183105469,44.060001373291016,44.060001373291016,17000
2024-02-22,44.2599983215332,44.279998779296875,44.20000076293945,44.2599983215332,207137
2024-02-23,44.79999923706055,44.79999923706055,44.709999084472656,44.709999084472656,7123
2024-02-26,44.77000045776367,44.77000045776367,44.720001220703125,44.77000045776367,118170
2024-02-27,44.779998779296875,44.779998779296875,44.65999984741211,44.689998626708984,19134
2024-02-29,44.779998779296875,44.779998779296875,44.65999984741211,44.65999984741211,72000
2024-03-01,44.720001220703125,44.77000045776367,44.70000076293945,44.70000076293945,66119
2024-03-04,44.68000030517578,44.84000015258789,44.66999816894531,44.84000015258789,527320
2024-03-05,44.630001068115234,44.630001068115234,44.54999923706055,44.630001068115234,255320
2024-03-06,44.31999969482422,44.31999969482422,44.18000030517578,44.18000030517578,101070
2024-03-07,44.310001373291016,44.310001373291016,44.150001525878906,44.220001220703125,166136
2024-03-08,44.34000015258789,44.400001525878906,44.290000915527344,44.400001525878906,83000
2024-03-11,44.20000076293945,44.27000045776367,44.18000030517578,44.22999954223633,247069
2024-03-12,44.36000061035156,44.400001525878906,44.310001373291016,44.33000183105469,1238865
2024-03-13,44.59000015258789,44.599998474121094,44.5099983215332,44.52000045776367,198000
2024-03-14,44.720001220703125,44.7400016784668,44.66999816894531,44.66999816894531,244000
2024-03-15,44.689998626708984,44.70000076293945,44.560001373291016,44.560001373291016,325003
2024-03-18,44.52000045776367,44.52000045776367,44.45000076293945,44.45000076293945,523052
2024-03-19,44.720001220703125,44.72999954223633,44.66999816894531,44.66999816894531,262101
2024-03-20,45.22999954223633,45.2400016784668,45.099998474121094,45.099998474121094,318400
2024-03-21,45.75,45.790000915527344,45.70000076293945,45.790000915527344,128000
2024-03-22,46.22999954223633,46.22999954223633,46.06999969482422,46.06999969482422,243000
2024-03-25,45.650001525878906,45.849998474121094,45.529998779296875,45.810001373291016,95264
2024-03-26,45.58000183105469,45.599998474121094,45.52000045776367,45.52000045776367,935089
2024-03-27,45.81999969482422,45.81999969482422,45.599998474121094,45.630001068115234,530000
2024-03-28,46.150001525878906,46.220001220703125,46.11000061035156,46.220001220703125,31031
2024-03-29,46.15999984741211,46.41999816894531,46.150001525878906,46.41999816894531,6000
2024-04-01,46.27000045776367,46.41999816894531,46.25,46.400001525878906,70132
2024-04-02,45.88999938964844,45.97999954223633,45.849998474121094,45.95000076293945,57300
2024-04-03,45.470001220703125,45.599998474121094,45.470001220703125,45.599998474121094,67000
2024-04-08,45.34000015258789,45.470001220703125,45.25,45.470001220703125,166244
2024-04-09,45.279998779296875,45.29999923706055,45.27000045776367,45.290000915527344,136111
2024-04-10,45.220001220703125,45.290000915527344,45.150001525878906,45.290000915527344,83045
2024-04-11,44.959999084472656,45.0,44.810001373291016,45.0,55039
2024-04-12,45.099998474121094,45.099998474121094,44.959999084472656,44.959999084472656,44039
2024-04-15,44.77000045776367,44.790000915527344,44.66999816894531,44.66999816894531,122000
2024-04-16,44.54999923706055,44.54999923706055,44.400001525878906,44.400001525878906,128800
2024-04-17,44.68000030517578,44.709999084472656,44.650001525878906,44.650001525878906,130056
2024-04-18,44.45000076293945,44.54999923706055,44.439998626708984,44.54999923706055,339056
2024-04-19,44.290000915527344,44.310001373291016,44.09000015258789,44.25,1291181
2024-04-22,45.099998474121094,45.11000061035156,44.93000030517578,44.95000076293945,710067
2024-04-23,45.25,45.349998474121094,45.25,45.349998474121094,10000
2024-04-24,45.54999923706055,45.54999923706055,45.41999816894531,45.41999816894531,51000
2024-04-25,45.41999816894531,45.47999954223633,45.38999938964844,45.47999954223633,263121
2024-04-26,45.08000183105469,45.130001068115234,45.040000915527344,45.04999923706055,23032
2024-04-29,45.380001068115234,45.40999984741211,45.369998931884766,45.400001525878906,39000
2024-04-30,45.310001373291016,45.310001373291016,45.22999954223633,45.27000045776367,114287
2024-05-02,44.970001220703125,44.9900016784668,44.900001525878906,44.900001525878906,32079
2024-05-03,45.18000030517578,45.29999923706055,45.18000030517578,45.29999923706055,48000
2024-05-06,45.41999816894531,45.43000030517578,45.31999969482422,45.31999969482422,47050
2024-05-07,45.68000030517578,45.720001220703125,45.59000015258789,45.59000015258789,17020
2024-05-08,45.75,45.79999923706055,45.709999084472656,45.709999084472656,10143
2024-05-09,45.869998931884766,45.900001525878906,45.869998931884766,45.88999938964844,69003
2024-05-10,46.41999816894531,46.45000076293945,46.380001068115234,46.41999816894531,24031
2024-05-13,46.5099983215332,46.5099983215332,46.459999084472656,46.47999954223633,13005
2024-05-14,46.380001068115234,46.380001068115234,46.369998931884766,46.369998931884766,24046
2024-05-15,46.290000915527344,46.41999816894531,46.290000915527344,46.41999816894531,110015
2024-05-16,46.560001373291016,46.720001220703125,46.290000915527344,46.290000915527344,112100
2024-05-17,46.650001525878906,46.70000076293945,46.56999969482422,46.56999969482422,171050
2024-05-20,46.900001525878906,46.900001525878906,46.86000061035156,46.900001525878906,10194
2024-05-21,46.720001220703125,46.77000045776367,46.0,46.0,20061
2024-05-22,46.7599983215332,46.7599983215332,46.720001220703125,46.720001220703125,6000
2024-05-23,46.52000045776367,46.540000915527344,46.47999954223633,46.47999954223633,7026
2024-05-24,45.79999923706055,46.06999969482422,45.790000915527344,46.06999969482422,193600
2024-05-27,45.650001525878906,45.75,45.58000183105469,45.75,174028
2024-05-28,45.63999938964844,45.65999984741211,45.59000015258789,45.650001525878906,46094
2024-05-29,45.41999816894531,45.529998779296875,45.380001068115234,45.529998779296875,138115
2024-05-30,44.900001525878906,44.970001220703125,44.88999938964844,44.95000076293945,121028
2024-05-31,44.959999084472656,44.970001220703125,44.630001068115234,44.630001068115234,139010
2024-06-03,45.63999938964844,45.72999954223633,45.54999923706055,45.61000061035156,124200
2024-06-04,45.470001220703125,45.47999954223633,45.369998931884766,45.41999816894531,41039
2024-06-05,45.68000030517578,45.70000076293945,45.63999938964844,45.70000076293945,69039
2024-06-06,45.529998779296875,45.619998931884766,45.52000045776367,45.58000183105469,244323
2024-06-07,45.72999954223633,45.72999954223633,45.66999816894531,45.66999816894531,31000
2024-06-11,45.709999084472656,45.72999954223633,45.70000076293945,45.72999954223633,25055
2024-06-12,45.66999816894531,45.66999816894531,45.56999969482422,45.650001525878906,21029
2024-06-13,45.47999954223633,45.52000045776367,45.45000076293945,45.4900016784668,332038
2024-06-14,45.540000915527344,45.540000915527344,45.45000076293945,45.45000076293945,52001
2024-06-17,45.400001525878906,45.43000030517578,45.369998931884766,45.43000030517578,47114
2024-06-18,45.70000076293945,45.7400016784668,45.66999816894531,45.66999816894531,64008
2024-06-19,45.720001220703125,45.720001220703125,45.689998626708984,45.70000076293945,13088
2024-06-20,45.68000030517578,45.689998626708984,45.599998474121094,45.689998626708984,76072
2024-06-21,46.04999923706055,46.060001373291016,45.97999954223633,46.0,173050
2024-06-24,45.970001220703125,46.04999923706055,45.900001525878906,46.04999923706055,32210
2024-06-25,46.529998779296875,46.529998779296875,46.130001068115234,46.150001525878906,94129
2024-06-26,46.189998626708984,46.31999969482422,46.11000061035156,46.31999969482422,80047
2024-06-27,46.150001525878906,46.209999084472656,46.119998931884766,46.119998931884766,19088
2024-06-28,46.189998626708984,46.29999923706055,46.150001525878906,46.150001525878906,48000
2024-07-01,46.22999954223633,46.22999954223633,46.189998626708984,46.189998626708984,16000
2024-07-02,46.279998779296875,46.33000183105469,46.25,46.33000183105469,68022
2024-07-03,46.61000061035156,46.61000061035156,46.4900016784668,46.4900016784668,109000
2024-07-04,46.459999084472656,46.4900016784668,46.40999984741211,46.4900016784668,263030
2024-07-05,46.380001068115234,46.459999084472656,46.31999969482422,46.459999084472656,38000
2024-07-08,46.34000015258789,46.380001068115234,46.33000183105469,46.349998474121094,156000
2024-07-09,46.61000061035156,46.61000061035156,46.369998931884766,46.369998931884766,364121
2024-07-10,46.4900016784668,46.560001373291016,46.4900016784668,46.560001373291016,31130
2024-07-11,46.91999816894531,46.97999954223633,46.900001525878906,46.900001525878906,61000
2024-07-12,47.04999923706055,47.04999923706055,46.91999816894531,46.91999816894531,40060
2024-07-15,47.47999954223633,47.4900016784668,47.36000061035156,47.36000061035156,43044
2024-07-16,47.7400016784668,47.7400016784668,47.720001220703125,47.72999954223633,52187
2024-07-17,48.59000015258789,48.630001068115234,48.54999923706055,48.56999969482422,169124
2024-07-18,48.90999984741211,48.959999084472656,48.599998474121094,48.599998474121094,121150
2024-07-19,48.380001068115234,48.439998626708984,48.310001373291016,48.31999969482422,72351
2024-07-22,48.119998931884766,48.150001525878906,48.02000045776367,48.040000915527344,250168
2024-07-23,48.20000076293945,48.34000015258789,48.130001068115234,48.34000015258789,35000
2024-07-26,47.810001373291016,47.83000183105469,47.68000030517578,47.83000183105469,61044
2024-07-29,48.65999984741211,48.65999984741211,48.400001525878906,48.400001525878906,92202
2024-07-30,48.439998626708984,48.439998626708984,48.34000015258789,48.36000061035156,205000
2024-07-31,48.540000915527344,48.68000030517578,48.43000030517578,48.43000030517578,489129
2024-08-01,48.77000045776367,48.779998779296875,48.630001068115234,48.630001068115234,97000
2024-08-02,47.970001220703125,48.0099983215332,47.689998626708984,47.689998626708984,260000
2024-08-05,46.90999984741211,47.04999923706055,46.720001220703125,46.810001373291016,618142
2024-08-06,46.59000015258789,46.59000015258789,46.31999969482422,46.34000015258789,419101
2024-08-07,46.7400016784668,46.75,46.400001525878906,46.470001220703125,268089
2024-08-08,45.970001220703125,46.040000915527344,45.939998626708984,46.0,353079
2024-08-09,46.5,46.689998626708984,46.5,46.61000061035156,217084
2024-08-12,46.63999938964844,46.63999938964844,46.5,46.5,126079
2024-08-13,46.41999816894531,46.54999923706055,46.38999938964844,46.540000915527344,306074
2024-08-14,46.689998626708984,46.72999954223633,46.65999984741211,46.709999084472656,255116
2024-08-15,47.060001373291016,47.08000183105469,46.93000030517578,46.93000030517578,211075
2024-08-16,47.7400016784668,47.779998779296875,47.720001220703125,47.779998779296875,238020
2024-08-19,47.279998779296875,47.7599983215332,47.279998779296875,47.7599983215332,334010
2024-08-20,47.4900016784668,47.529998779296875,47.310001373291016,47.31999969482422,894127
2024-08-21,47.470001220703125,47.52000045776367,47.369998931884766,47.369998931884766,78000
2024-08-22,47.5099983215332,47.560001373291016,47.4900016784668,47.560001373291016,107050
2024-08-23,47.45000076293945,47.4900016784668,47.439998626708984,47.459999084472656,116026
2024-08-26,47.65999984741211,47.70000076293945,47.619998931884766,47.70000076293945,30000
2024-08-27,47.790000915527344,47.84000015258789,47.70000076293945,47.72999954223633,221195
2024-08-28,47.970001220703125,47.970001220703125,47.810001373291016,47.810001373291016,21250
2024-08-29,47.79999923706055,47.83000183105469,47.79999923706055,47.81999969482422,24032
2024-08-30,48.06999969482422,48.09000015258789,47.900001525878906,47.97999954223633,182006
2024-09-02,48.369998931884766,48.380001068115234,48.310001373291016,48.310001373291016,37010
2024-09-03,48.400001525878906,48.439998626708984,48.38999938964844,48.38999938964844,51087
2024-09-04,47.689998626708984,47.7400016784668,47.619998931884766,47.65999984741211,112275
2024-09-05,47.810001373291016,47.88999938964844,47.810001373291016,47.880001068115234,102000
2024-09-06,47.41999816894531,47.52000045776367,47.38999938964844,47.38999938964844,122073
2024-09-09,47.2400016784668,47.25,47.040000915527344,47.150001525878906,67106
2024-09-10,47.720001220703125,47.72999954223633,47.0,47.0,72004
2024-09-11,47.369998931884766,47.619998931884766,47.369998931884766,47.619998931884766,23104
2024-09-12,47.83000183105469,47.83000183105469,47.599998474121094,47.599998474121094,103070
2024-09-13,47.95000076293945,47.970001220703125,47.91999816894531,47.91999816894531,17134
2024-09-16,48.0,48.040000915527344,47.97999954223633,48.0,94000
2024-09-18,48.33000183105469,48.400001525878906,48.209999084472656,48.209999084472656,34062
2024-09-19,48.52000045776367,48.540000915527344,48.380001068115234,48.52000045776367,72041
2024-09-20,48.7400016784668,48.7599983215332,48.68000030517578,48.68000030517578,15019
2024-09-23,48.9900016784668,48.9900016784668,48.95000076293945,48.959999084472656,68079
2024-09-24,48.900001525878906,49.08000183105469,48.900001525878906,49.08000183105469,41025
2024-09-25,48.790000915527344,48.84000015258789,48.77000045776367,48.84000015258789,61031
2024-09-26,48.63999938964844,48.72999954223633,48.63999938964844,48.68000030517578,27062
2024-09-27,48.619998931884766,48.66999816894531,48.56999969482422,48.65999984741211,50086
2024-09-30,48.630001068115234,48.66999816894531,48.56999969482422,48.56999969482422,19093
2024-10-01,49.029998779296875,49.040000915527344,48.86000061035156,48.86000061035156,148050
2024-10-04,48.900001525878906,48.95000076293945,48.849998474121094,48.86000061035156,156037
2024-10-07,49.529998779296875,49.630001068115234,49.38999938964844,49.38999938964844,667083
2024-10-08,48.9900016784668,49.040000915527344,48.91999816894531,49.0,314205
2024-10-09,49.15999984741211,49.279998779296875,49.13999938964844,49.279998779296875,39000
2024-10-11,49.58000183105469,49.75,49.58000183105469,49.75,75061
2024-10-14,50.0,50.20000076293945,49.599998474121094,49.599998474121094,114498
2024-10-15,50.349998474121094,50.45000076293945,50.099998474121094,50.099998474121094,67039
2024-10-16,49.900001525878906,50.04999923706055,49.900001525878906,50.0,22000
2024-10-17,50.400001525878906,50.400001525878906,50.20000076293945,50.25,335000
2024-10-18,50.45000076293945,50.5,50.400001525878906,50.5,23250
2024-10-21,50.29999923706055,50.5,50.25,50.5,50169
2024-10-22,49.959999084472656,50.04999923706055,49.900001525878906,49.900001525878906,44000
2024-10-23,49.86000061035156,50.04999923706055,49.84000015258789,49.84000015258789,141032
2024-10-24,49.470001220703125,49.65999984741211,49.470001220703125,49.65999984741211,23071
2024-10-25,49.400001525878906,49.470001220703125,49.369998931884766,49.470001220703125,92071
2024-10-28,49.33000183105469,49.369998931884766,49.29999923706055,49.369998931884766,223183
2024-10-29,49.41999816894531,49.439998626708984,49.380001068115234,49.380001068115234,17111
2024-10-30,49.2599983215332,49.41999816894531,49.2400016784668,49.41999816894531,88076
2024-11-01,48.66999816894531,48.689998626708984,48.560001373291016,48.689998626708984,39000
2024-11-04,48.95000076293945,49.84000015258789,48.70000076293945,49.15999984741211,845010
2024-11-05,48.63999938964844,48.7400016784668,48.58000183105469,48.70000076293945,680100
2024-11-06,49.900001525878906,49.97999954223633,49.2400016784668,49.2400016784668,565300
2024-11-07,51.45000076293945,51.45000076293945,51.29999923706055,51.45000076293945,701469
2024-11-08,51.099998474121094,51.29999923706055,50.95000076293945,51.29999923706055,127011
2024-11-11,51.650001525878906,51.70000076293945,51.45000076293945,51.45000076293945,268469
2024-11-12,52.099998474121094,52.20000076293945,52.04999923706055,52.04999923706055,365469
2024-11-13,51.75,51.900001525878906,51.70000076293945,51.900001525878906,143469
2024-11-14,52.04999923706055,52.04999923706055,51.75,51.75,118469
2024-11-15,51.650001525878906,51.75,51.650001525878906,51.75,135517
2024-11-18,51.349998474121094,51.400001525878906,51.29999923706055,51.349998474121094,56469
2024-11-19,51.25,51.349998474121094,51.150001525878906,51.25,500000
2024-11-20,51.099998474121094,51.099998474121094,51.099998474121094,51.099998474121094,0
2024-11-21,51.349998474121094,51.400001525878906,51.150001525878906,51.150001525878906,111387
2024-11-22,51.849998474121094,52.099998474121094,51.79999923706055,52.099998474121094,82001
2024-11-25,52.54999923706055,52.79999923706055,52.54999923706055,52.54999923706055,140250
2024-11-26,52.75,52.849998474121094,52.70000076293945,52.75,161108
2024-11-27,53.150001525878906,53.150001525878906,52.95000076293945,53.04999923706055,187158
2024-11-28,53.0,53.099998474121094,52.900001525878906,53.099998474121094,362100
2024-11-29,53.20000076293945,53.25,52.95000076293945,53.0,579200
2024-12-02,53.20000076293945,53.25,53.0,53.20000076293945,330445
2024-12-03,53.25,53.29999923706055,53.0,53.20000076293945,114082
2024-12-04,52.849998474121094,53.099998474121094,52.79999923706055,53.099998474121094,808000
2024-12-05,53.150001525878906,53.150001525878906,52.95000076293945,53.0,88116
2024-12-06,52.70000076293945,52.849998474121094,52.650001525878906,52.849998474121094,230000
2024-12-09,52.70000076293945,52.75,52.54999923706055,52.70000076293945,75077
2024-12-10,52.400001525878906,52.45000076293945,52.29999923706055,52.45000076293945,113009
2024-12-11,52.29999923706055,52.400001525878906,52.25,52.400001525878906,117076
2024-12-12,52.099998474121094,52.20000076293945,52.0,52.099998474121094,375284
2024-12-13,51.95000076293945,52.04999923706055,51.849998474121094,52.04999923706055,200126
2024-12-16,51.900001525878906,51.95000076293945,51.849998474121094,51.900001525878906,97148
2024-12-17,51.650001525878906,51.75,51.599998474121094,51.70000076293945,348000
2024-12-18,51.5,51.599998474121094,51.45000076293945,51.5,437000
2024-12-19,50.400001525878906,50.5,50.349998474121094,50.5,742315
2024-12-20,50.349998474121094,50.349998474121094,50.150001525878906,50.29999923706055,387197
2024-12-23,51.04999923706055,51.099998474121094,50.849998474121094,50.900001525878906,393725
2024-12-24,50.95000076293945,51.0,50.900001525878906,51.0,138030
2024-12-25,51.5,51.5,51.349998474121094,51.400001525878906,132070
2024-12-26,51.5,51.5,51.349998474121094,51.45000076293945,142173
2024-12-27,51.400001525878906,51.5,51.349998474121094,51.5,220032
2024-12-30,51.04999923706055,51.20000076293945,51.0,51.20000076293945,200177
2024-12-31,50.599998474121094,50.75,50.54999923706055,50.70000076293945,171140
2025-01-02,50.849998474121094,51.0,50.70000076293945,50.70000076293945,44156
2025-01-03,50.70000076293945,50.849998474121094,50.599998474121094,50.849998474121094,76237
2025-01-06,50.95000076293945,51.099998474121094,50.900001525878906,51.0,379083
2025-01-07,50.650001525878906,51.0,50.650001525878906,51.0,303224
2025-01-08,50.849998474121094,50.849998474121094,50.650001525878906,50.650001525878906,162078
2025-01-09,50.79999923706055,50.95000076293945,50.79999923706055,50.849998474121094,44078
2025-01-10,50.900001525878906,51.0,50.70000076293945,50.70000076293945,85000
2025-01-13,50.349998474121094,50.349998474121094,50.150001525878906,50.349998474121094,227041
2025-01-14,50.95000076293945,50.95000076293945,50.75,50.75,278000
2025-01-15,51.04999923706055,51.099998474121094,50.95000076293945,51.0,89128
2025-01-16,51.75,51.79999923706055,51.599998474121094,51.75,255006
2025-01-17,51.70000076293945,51.70000076293945,51.5,51.70000076293945,99000
2025-01-20,51.79999923706055,51.95000076293945,51.79999923706055,51.79999923706055,236101
2025-01-21,51.75,51.79999923706055,51.5,51.5,324000
2025-01-22,52.29999923706055,52.45000076293945,52.150001525878906,52.29999923706055,299268
2025-02-03,52.650001525878906,52.79999923706055,52.5,52.5,586529
2025-02-04,53.099998474121094,53.25,53.04999923706055,53.099998474121094,330070
2025-02-05,53.04999923706055,53.29999923706055,53.0,53.20000076293945,547101
2025-02-06,53.70000076293945,53.70000076293945,53.45000076293945,53.5,369070
2025-02-07,53.25,53.5,53.25,53.5,125560
2025-02-10,52.79999923706055,52.95000076293945,52.79999923706055,52.79999923706055,165952
2025-02-11,52.900001525878906,52.95000076293945,52.79999923706055,52.79999923706055,26116
2025-02-12,53.150001525878906,53.20000076293945,53.0,53.0,178100
2025-02-13,53.0,53.04999923706055,52.900001525878906,53.0,126191
2025-02-14,53.349998474121094,53.349998474121094,53.150001525878906,53.150001525878906,113300
2025-02-17,53.04999923706055,53.099998474121094,53.0,53.099998474121094,82358
2025-02-18,53.150001525878906,53.20000076293945,53.099998474121094,53.099998474121094,44000
2025-02-19,53.150001525878906,53.20000076293945,53.099998474121094,53.150001525878906,145200
2025-02-20,53.0,53.20000076293945,53.0,53.20000076293945,122000
2025-02-21,52.54999923706055,52.650001525878906,52.54999923706055,52.599998474121094,118200
2025-02-24,51.95000076293945,52.0,51.849998474121094,51.95000076293945,189231
2025-02-25,51.95000076293945,51.95000076293945,51.75,51.75,175081
2025-02-26,52.099998474121094,52.150001525878906,52.0,52.04999923706055,91180
2025-02-27,51.900001525878906,51.95000076293945,51.650001525878906,51.70000076293945,218163
2025-03-03,52.54999923706055,52.54999923706055,52.25,52.29999923706055,283320
2025-03-04,51.75,51.79999923706055,51.599998474121094,51.79999923706055,661173
2025-03-05,50.95000076293945,51.099998474121094,50.900001525878906,51.099998474121094,376160
2025-03-06,51.29999923706055,51.29999923706055,51.150001525878906,51.150001525878906,544100
2025-03-07,50.79999923706055,50.95000076293945,50.79999923706055,50.95000076293945,45050
2025-03-10,50.900001525878906,51.0,50.79999923706055,50.79999923706055,60149
2025-03-11,50.29999923706055,50.349998474121094,49.849998474121094,49.97999954223633,160092
2025-03-12,49.630001068115234,49.68000030517578,49.59000015258789,49.619998931884766,125294
2025-03-13,49.36000061035156,49.540000915527344,49.349998474121094,49.540000915527344,169545
2025-03-14,49.13999938964844,49.15999984741211,49.06999969482422,49.06999969482422,151504
2025-03-17,49.5099983215332,49.5099983215332,49.380001068115234,49.439998626708984,29100
2025-03-18,50.04999923706055,50.099998474121094,49.9900016784668,50.0,81098
2025-03-19,49.86000061035156,49.95000076293945,49.84000015258789,49.95000076293945,36200
2025-03-20,50.5,50.5,50.349998474121094,50.45000076293945,69098
2025-03-21,50.25,50.29999923706055,50.25,50.29999923706055,22100
2025-03-24,50.599998474121094,50.599998474121094,50.400001525878906,50.400001525878906,94150
2025-03-25,51.04999923706055,51.04999923706055,50.95000076293945,51.04999923706055,180280
2025-03-26,51.099998474121094,51.150001525878906,51.099998474121094,51.099998474121094,192090
2025-03-27,51.04999923706055,51.150001525878906,50.900001525878906,50.900001525878906,300098
2025-03-28,51.0,51.0,50.79999923706055,50.849998474121094,94450
2025-03-31,49.88999938964844,49.97999954223633,49.810001373291016,49.91999816894531,143207
2025-04-01,50.650001525878906,50.650001525878906,50.400001525878906,50.400001525878906,88208
2025-04-02,50.54999923706055,50.650001525878906,50.5,50.650001525878906,48253
2025-04-07,44.88999938964844,46.0,44.630001068115234,46.0,560103
2025-04-08,46.099998474121094,46.400001525878906,45.880001068115234,45.900001525878906,151727
2025-04-09,44.25,44.90999984741211,44.099998474121094,44.4900016784668,252377
2025-04-10,48.54999923706055,48.779998779296875,48.29999923706055,48.72999954223633,321406
2025-04-11,47.15999984741211,47.189998626708984,46.380001068115234,46.650001525878906,94252
2025-04-14,47.650001525878906,47.70000076293945,47.15999984741211,47.70000076293945,729184
2025-04-15,47.689998626708984,47.72999954223633,47.61000061035156,47.61000061035156,16611
2025-04-16,47.349998474121094,47.5,47.349998474121094,47.470001220703125,66471
2025-04-17,47.16999816894531,47.16999816894531,46.79999923706055,47.0,59598
2025-04-18,47.310001373291016,47.310001373291016,46.599998474121094,46.869998931884766,73672
2025-04-21,45.79999923706055,46.59000015258789,45.79999923706055,46.59000015258789,310496
2025-04-22,45.20000076293945,45.310001373291016,45.11000061035156,45.11000061035156,242026
2025-04-23,46.7599983215332,46.869998931884766,46.63999938964844,46.63999938964844,59024
2025-04-24,46.66999816894531,46.810001373291016,46.66999816894531,46.72999954223633,305000
2025-04-25,47.43000030517578,47.43000030517578,47.34000015258789,47.38999938964844,148025
2025-04-28,47.22999954223633,47.34000015258789,47.09000015258789,47.25,551212
2025-04-29,47.2400016784668,47.5099983215332,47.2400016784668,47.5099983215332,176029
2025-04-30,46.97999954223633,47.459999084472656,46.97999954223633,47.41999816894531,326040
2025-05-02,46.79999923706055,47.79999923706055,46.650001525878906,47.689998626708984,588000
2025-05-05,44.619998931884766,46.34000015258789,44.29999923706055,46.34000015258789,1372078
2025-05-06,45.060001373291016,45.279998779296875,43.90999984741211,43.90999984741211,310020
2025-05-07,45.16999816894531,45.38999938964844,45.08000183105469,45.08000183105469,846000
2025-05-08,45.66999816894531,45.66999816894531,45.380001068115234,45.380001068115234,11337
2025-05-09,45.650001525878906,45.75,45.54999923706055,45.61000061035156,255000
2025-05-12,45.9900016784668,46.040000915527344,45.869998931884766,45.869998931884766,205000
2025-05-13,46.86000061035156,46.88999938964844,46.61000061035156,46.86000061035156,86147
2025-05-14,46.599998474121094,46.7400016784668,46.54999923706055,46.7400016784668,700268
2025-05-15,46.029998779296875,46.279998779296875,46.02000045776367,46.279998779296875,171000
2025-05-16,46.459999084472656,46.5099983215332,46.369998931884766,46.41999816894531,241274
2025-05-19,46.61000061035156,46.689998626708984,46.56999969482422,46.689998626708984,441090
2025-05-20,47.09000015258789,47.11000061035156,47.02000045776367,47.11000061035156,423000
2025-05-21,46.79999923706055,46.900001525878906,46.75,46.900001525878906,421206
2025-05-22,45.779998779296875,45.9900016784668,45.7400016784668,45.9900016784668,353000
2025-05-23,45.72999954223633,45.849998474121094,45.720001220703125,45.849998474121094,216074
2025-05-26,45.81999969482422,45.81999969482422,45.650001525878906,45.66999816894531,11000
2025-05-27,45.68000030517578,45.68000030517578,45.630001068115234,45.65999984741211,150077
2025-05-28,46.150001525878906,46.16999816894531,46.099998474121094,46.13999938964844,16000
2025-05-29,46.52000045776367,46.630001068115234,46.400001525878906,46.400001525878906,73000
2025-06-02,45.959999084472656,46.220001220703125,45.84000015258789,46.220001220703125,903260
2025-06-03,46.04999923706055,46.15999984741211,46.0099983215332,46.02000045776367,185191
2025-06-04,46.400001525878906,46.61000061035156,46.400001525878906,46.61000061035156,590204
2025-06-05,46.189998626708984,46.2599983215332,46.16999816894531,46.22999954223633,359547
2025-06-06,46.2400016784668,46.25,46.189998626708984,46.189998626708984,263264
2025-06-09,46.56999969482422,46.599998474121094,46.54999923706055,46.599998474121094,104150
2025-06-10,46.54999923706055,46.72999954223633,46.54999923706055,46.689998626708984,95236
2025-06-11,46.59000015258789,46.65999984741211,46.529998779296875,46.65999984741211,164264
2025-06-12,46.220001220703125,46.41999816894531,46.13999938964844,46.41999816894531,724318
2025-06-13,45.709999084472656,45.86000061035156,45.52000045776367,45.86000061035156,110264
2025-06-16,45.52000045776367,45.63999938964844,45.4900016784668,45.599998474121094,270000
2025-06-17,45.54999923706055,45.650001525878906,45.529998779296875,45.650001525878906,353000
2025-06-18,45.5099983215332,45.650001525878906,45.470001220703125,45.650001525878906,34000
2025-06-19,45.400001525878906,45.439998626708984,45.27000045776367,45.439998626708984,178000
2025-06-20,45.27000045776367,45.41999816894531,45.20000076293945,45.41999816894531,464374
2025-06-23,45.47999954223633,45.58000183105469,45.45000076293945,45.45000076293945,103338
2025-06-24,46.060001373291016,46.13999938964844,46.04999923706055,46.08000183105469,196127
2025-06-25,46.27000045776367,46.369998931884766,46.20000076293945,46.369998931884766,175239
2025-06-26,45.790000915527344,46.029998779296875,45.709999084472656,46.029998779296875,603384
2025-06-27,45.90999984741211,46.130001068115234,45.88999938964844,46.119998931884766,854397
2025-06-30,46.88999938964844,46.939998626708984,46.4900016784668,46.630001068115234,543231
2025-07-01,46.869998931884766,47.59000015258789,46.869998931884766,47.59000015258789,57010
2025-07-02,47.290000915527344,47.34000015258789,47.27000045776367,47.34000015258789,158353
2025-07-03,46.93000030517578,46.970001220703125,46.869998931884766,46.869998931884766,23121
2025-07-04,47.040000915527344,47.08000183105469,47.040000915527344,47.040000915527344,148370
2025-07-07,47.31999969482422,47.31999969482422,47.2599983215332,47.290000915527344,73250
2025-07-08,47.029998779296875,47.09000015258789,47.02000045776367,47.02000045776367,124190
2025-07-09,46.95000076293945,46.97999954223633,46.90999984741211,46.95000076293945,200213
2025-07-10,47.29999923706055,47.349998474121094,47.11000061035156,47.11000061035156,22158
2025-07-11,47.5099983215332,47.52000045776367,47.38999938964844,47.52000045776367,78177
2025-07-14,47.150001525878906,47.18000030517578,47.06999969482422,47.18000030517578,48357
2025-07-15,47.630001068115234,47.720001220703125,47.47999954223633,47.58000183105469,42232
2025-07-16,47.11000061035156,47.15999984741211,47.08000183105469,47.15999984741211,146162
2025-07-17,47.470001220703125,47.470001220703125,47.380001068115234,47.40999984741211,79203
2025-07-18,47.86000061035156,47.86000061035156,47.689998626708984,47.75,55310
2025-07-21,47.65999984741211,47.65999984741211,47.56999969482422,47.65999984741211,34188
2025-07-22,47.540000915527344,47.63999938964844,47.5,47.63999938964844,330127
2025-07-23,47.7599983215332,47.77000045776367,47.59000015258789,47.59000015258789,120298
2025-07-24,47.970001220703125,48.0099983215332,47.91999816894531,47.91999816894531,23079
2025-07-25,48.08000183105469,48.20000076293945,47.970001220703125,47.970001220703125,202088
2025-07-28,48.5,48.5,48.380001068115234,48.380001068115234,15304
2025-07-29,48.619998931884766,48.66999816894531,48.43000030517578,48.5,862021
2025-07-30,48.459999084472656,48.52000045776367,48.400001525878906,48.52000045776367,151044
2025-07-31,48.70000076293945,48.70000076293945,48.459999084472656,48.459999084472656,174646
2025-08-01,48.27000045776367,48.34000015258789,48.20000076293945,48.25,147024
2025-08-04,47.70000076293945,47.849998474121094,47.470001220703125,47.849998474121094,386290
2025-08-05,48.279998779296875,48.349998474121094,48.220001220703125,48.220001220703125,25105
2025-08-06,48.369998931884766,48.380001068115234,48.27000045776367,48.279998779296875,71499
2025-08-07,48.029998779296875,48.380001068115234,48.029998779296875,48.369998931884766,947174
2025-08-08,47.88999938964844,47.97999954223633,47.83000183105469,47.83000183105469,437063
2025-08-11,48.20000076293945,48.31999969482422,48.20000076293945,48.20000076293945,38318
2025-08-12,48.060001373291016,48.18000030517578,48.0099983215332,48.18000030517578,424073
2025-08-13,48.540000915527344,48.560001373291016,48.41999816894531,48.54999923706055,187390
2025-08-14,49.0,49.0,48.939998626708984,48.970001220703125,77024
2025-08-15,49.439998626708984,49.459999084472656,49.349998474121094,49.38999938964844,386005
2025-08-18,49.2400016784668,49.279998779296875,49.22999954223633,49.279998779296875,228100
2025-08-19,49.18000030517578,49.2400016784668,49.15999984741211,49.2400016784668,145100
2025-08-20,49.38999938964844,49.459999084472656,49.33000183105469,49.33000183105469,387100
2025-08-21,49.83000183105469,49.869998931884766,49.5,49.5,497130
2025-08-22,49.90999984741211,50.04999923706055,49.880001068115234,50.04999923706055,249155
2025-08-25,50.599998474121094,50.650001525878906,50.5,50.650001525878906,218200
2025-08-26,50.20000076293945,50.29999923706055,50.099998474121094,50.099998474121094,176200
2025-08-27,50.650001525878906,50.650001525878906,50.5,50.5,96170
2025-08-28,50.75,50.849998474121094,50.650001525878906,50.650001525878906,53070
2025-08-29,50.650001525878906,50.75,50.650001525878906,50.70000076293945,163137
2025-09-01,50.79999923706055,51.0,50.75,50.849998474121094,390091
2025-09-02,50.849998474121094,50.900001525878906,50.75,50.79999923706055,61150
2025-09-03,50.5,50.70000076293945,50.5,50.70000076293945,145010
2025-09-04,50.54999923706055,50.54999923706055,50.5,50.54999923706055,207182
2025-09-05,50.900001525878906,51.0,50.79999923706055,51.0,172006
2025-09-08,50.5,50.599998474121094,50.400001525878906,50.599998474121094,230001
2025-09-09,50.349998474121094,50.54999923706055,50.349998474121094,50.54999923706055,657300
2025-09-10,50.25,50.5,50.25,50.5,43078
2025-09-11,50.29999923706055,50.349998474121094,50.20000076293945,50.25,267254
2025-09-12,50.849998474121094,50.900001525878906,50.75,50.79999923706055,105395
2025-09-15,50.599998474121094,50.70000076293945,50.599998474121094,50.70000076293945,91299
2025-09-16,50.349998474121094,50.5,50.29999923706055,50.5,280104
2025-09-17,50.099998474121094,50.29999923706055,50.0,50.29999923706055,122133
2025-09-18,50.650001525878906,50.70000076293945,50.45000076293945,50.45000076293945,82069
2025-09-19,50.75,50.849998474121094,50.70000076293945,50.849998474121094,13000
2025-09-22,51.04999923706055,51.099998474121094,50.900001525878906,50.900001525878906,18031
2025-09-23,51.04999923706055,51.099998474121094,51.0,51.04999923706055,70136
2025-09-24,51.349998474121094,51.349998474121094,51.04999923706055,51.04999923706055,269060
2025-09-25,51.25,51.29999923706055,51.20000076293945,51.20000076293945,130065
2025-09-26,51.099998474121094,51.29999923706055,51.099998474121094,51.150001525878906,49382
2025-09-30,51.45000076293945,51.54999923706055,51.29999923706055,51.29999923706055,65069
2025-10-01,51.25,51.45000076293945,51.25,51.45000076293945,109000
2025-10-02,51.5,51.54999923706055,51.400001525878906,51.5,162058
2025-10-03,51.599998474121094,51.650001525878906,51.54999923706055,51.599998474121094,169000
2025-10-07,51.5,51.70000076293945,51.5,51.70000076293945,31003
2025-10-08,51.79999923706055,51.95000076293945,51.79999923706055,51.849998474121094,53069
2025-10-09,51.70000076293945,51.900001525878906,51.70000076293945,51.900001525878906,14000
2025-10-13,51.20000076293945,51.25,51.0,51.0,233168
2025-10-14,51.5,51.650001525878906,51.5,51.54999923706055,82125
2025-10-15,51.75,51.95000076293945,51.650001525878906,51.70000076293945,200000
2025-10-16,51.70000076293945,51.70000076293945,51.599998474121094,51.650001525878906,299500
2025-10-17,51.20000076293945,51.29999923706055,51.20000076293945,51.25,47229
2025-10-20,51.54999923706055,51.70000076293945,51.5,51.5,415000
2025-10-21,52.099998474121094,52.20000076293945,52.099998474121094,52.099998474121094,43148
2025-10-22,52.650001525878906,52.70000076293945,52.29999923706055,52.349998474121094,141308
2025-10-23,52.20000076293945,52.29999923706055,52.20000076293945,52.20000076293945,35200
2025-10-27,53.25,53.29999923706055,53.099998474121094,53.20000076293945,64064
2025-10-28,53.04999923706055,53.20000076293945,53.04999923706055,53.20000076293945,159118
2025-10-29,53.099998474121094,53.150001525878906,53.04999923706055,53.04999923706055,358080
2025-10-30,53.150001525878906,53.400001525878906,53.150001525878906,53.20000076293945,225094
2025-10-31,53.20000076293945,53.29999923706055,53.099998474121094,53.29999923706055,381000
2025-11-03,53.400001525878906,53.45000076293945,53.400001525878906,53.400001525878906,55213
2025-11-04,53.04999923706055,53.25,53.04999923706055,53.25,83058
2025-11-05,53.04999923706055,53.099998474121094,52.900001525878906,53.0,448700
2025-11-06,53.20000076293945,53.29999923706055,53.099998474121094,53.099998474121094,66617
2025-11-07,52.900001525878906,52.95000076293945,52.849998474121094,52.900001525878906,43007
2025-11-10,53.099998474121094,53.150001525878906,53.04999923706055,53.04999923706055,241107
2025-11-11,53.45000076293945,53.45000076293945,53.29999923706055,53.29999923706055,130010
2025-11-12,54.20000076293945,54.25,54.099998474121094,54.150001525878906,149000
2025-11-13,54.95000076293945,55.099998474121094,54.45000076293945,54.45000076293945,3058793
2025-11-14,53.75,54.400001525878906,53.75,54.400001525878906,94214
2025-11-17,53.45000076293945,53.5,52.95000076293945,53.0,395061
2025-11-18,52.75,53.04999923706055,52.650001525878906,52.95000076293945,62075
2025-11-19,52.349998474121094,52.45000076293945,52.349998474121094,52.400001525878906,44067
2025-11-20,52.79999923706055,52.79999923706055,52.70000076293945,52.75,263015
2025-11-21,52.5,52.5,52.29999923706055,52.29999923706055,53850
2025-11-24,53.150001525878906,53.150001525878906,53.0,53.0,31127
2025-11-25,53.150001525878906,53.150001525878906,53.04999923706055,53.099998474121094,135002
2025-11-26,53.95000076293945,54.0,53.900001525878906,53.95000076293945,261195
2025-11-27,54.20000076293945,54.25,54.150001525878906,54.150001525878906,15000
2025-11-28,54.25,54.29999923706055,54.150001525878906,54.29999923706055,9081
2025-12-01,54.29999923706055,54.45000076293945,54.25,54.45000076293945,98055
2025-12-02,54.099998474121094,54.20000076293945,54.099998474121094,54.20000076293945,23067
2025-12-03,54.400001525878906,54.45000076293945,54.349998474121094,54.349998474121094,54021
2025-12-04,54.70000076293945,54.75,54.599998474121094,54.599998474121094,80010
2025-12-05,54.70000076293945,54.75,54.650001525878906,54.70000076293945,223051
2025-12-08,54.5,54.650001525878906,54.400001525878906,54.599998474121094,134177
2025-12-09,54.20000076293945,54.400001525878906,54.150001525878906,54.400001525878906,415124
2025-12-10,54.25,54.25,54.04999923706055,54.099998474121094,12048
2025-12-11,54.5,54.650001525878906,54.45000076293945,54.45000076293945,230055
2025-12-12,55.599998474121094,55.650001525878906,55.400001525878906,55.400001525878906,902123
2025-12-15,55.54999923706055,55.54999923706055,55.349998474121094,55.45000076293945,370056
2025-12-16,55.5,55.599998474121094,55.45000076293945,55.45000076293945,244000
2025-12-17,55.5,55.5,55.29999923706055,55.45000076293945,87100
2025-12-18,55.099998474121094,55.29999923706055,55.099998474121094,55.29999923706055,507014
2025-12-19,55.150001525878906,55.20000076293945,55.099998474121094,55.150001525878906,131000
2025-12-22,55.599998474121094,55.599998474121094,55.400001525878906,55.54999923706055,66244
2025-12-23,55.599998474121094,55.75,55.599998474121094,55.599998474121094,17000
2025-12-24,55.599998474121094,55.650001525878906,55.599998474121094,55.650001525878906,18000
2025-12-26,55.95000076293945,56.0,55.849998474121094,55.900001525878906,19031
2025-12-29,55.79999923706055,56.0,55.79999923706055,56.0,145200
2025-12-30,55.5,55.70000076293945,55.5,55.70000076293945,391000
2025-12-31,55.400001525878906,55.5,55.400001525878906,55.400001525878906,233110
2026-01-02,55.25,55.349998474121094,55.20000076293945,55.349998474121094,83051
2026-01-05,55.400001525878906,55.45000076293945,55.349998474121094,55.349998474121094,43226
2026-01-06,56.20000076293945,56.29999923706055,56.150001525878906,56.150001525878906,221115
2026-01-07,56.849998474121094,57.0,56.849998474121094,56.849998474121094,566612
2026-01-08,56.400001525878906,56.54999923706055,56.29999923706055,56.29999923706055,282049
2026-01-09,56.900001525878906,56.95000076293945,56.75,56.900001525878906,87000
2026-01-12,56.900001525878906,57.0,56.70000076293945,56.900001525878906,232189
2026-01-13,57.25,57.29999923706055,57.0,57.0,336077
2026-01-14,56.75,56.900001525878906,56.70000076293945,56.79999923706055,321040
2026-01-15,56.75,56.75,56.599998474121094,56.650001525878906,22015
2026-01-16,57.150001525878906,57.150001525878906,56.900001525878906,56.900001525878906,73200
2026-01-19,56.45000076293945,57.400001525878906,56.29999923706055,57.400001525878906,125072
2026-01-20,56.54999923706055,56.54999923706055,56.45000076293945,56.54999923706055,17000
2026-01-21,56.04999923706055,56.150001525878906,56.04999923706055,56.150001525878906,78410
2026-01-22,56.79999923706055,56.79999923706055,56.75,56.75,32005
2026-01-23,56.900001525878906,56.95000076293945,56.900001525878906,56.900001525878906,25000
2026-01-26,56.150001525878906,56.5,56.099998474121094,56.5,187110
2026-01-27,56.599998474121094,56.70000076293945,56.599998474121094,56.70000076293945,135000
2026-01-28,55.900001525878906,56.400001525878906,55.900001525878906,56.400001525878906,45212
2026-01-29,55.900001525878906,55.900001525878906,55.75,55.900001525878906,82023
2026-01-30,56.0,56.04999923706055,55.95000076293945,56.0,135023
2026-02-02,56.04999923706055,56.25,56.0,56.04999923706055,235027
2026-02-03,57.0,57.0,56.849998474121094,56.849998474121094,43308
2026-02-04,56.79999923706055,56.79999923706055,56.75,56.79999923706055,18000
2026-02-05,57.04999923706055,57.099998474121094,56.900001525878906,56.900001525878906,211000
2026-02-06,56.25,56.900001525878906,56.25,56.900001525878906,606055
2026-02-09,57.95000076293945,57.95000076293945,57.79999923706055,57.849998474121094,170100
2026-02-10,57.75,57.79999923706055,57.599998474121094,57.79999923706055,346340
2026-02-11,57.650001525878906,57.95000076293945,57.650001525878906,57.95000076293945,389000
2026-02-23,56.599998474121094,57.0,56.0,57.0,105028
2026-02-24,56.04999923706055,56.099998474121094,55.150001525878906,55.150001525878906,148658
2026-02-25,56.150001525878906,56.29999923706055,56.04999923706055,56.20000076293945,171014
2026-02-26,56.25,56.29999923706055,56.20000076293945,56.25,49173
2026-03-02,55.849998474121094,55.849998474121094,55.599998474121094,55.599998474121094,76338
2026-03-03,55.95000076293945,56.04999923706055,55.54999923706055,55.54999923706055,154080
2026-03-04,55.95000076293945,56.04999923706055,55.79999923706055,55.900001525878906,163061
2026-03-05,56.150001525878906,56.400001525878906,56.099998474121094,56.20000076293945,56045
2026-03-06,55.54999923706055,55.849998474121094,55.54999923706055,55.849998474121094,63233
2026-03-09,54.400001525878906,54.400001525878906,54.0,54.29999923706055,81893
2026-03-10,55.29999923706055,55.45000076293945,55.099998474121094,55.099998474121094,132099
2026-03-11,55.5,55.599998474121094,55.45000076293945,55.54999923706055,132045
2026-03-12,54.54999923706055,54.70000076293945,54.45000076293945,54.70000076293945,76130
2026-03-13,54.650001525878906,54.79999923706055,54.599998474121094,54.650001525878906,57036
2026-03-16,54.75,54.849998474121094,54.599998474121094,54.650001525878906,119082
2026-03-17,54.599998474121094,54.79999923706055,54.599998474121094,54.79999923706055,114082
2026-03-18,54.95000076293945,54.95000076293945,54.75,54.75,29094
