Price,Close,High,Low,Open,Volume
Ticker,00666R.TW,00666R.TW,00666R.TW,00666R.TW,00666R.TW
Date,,,,,
2021-03-18,10.569999694824219,10.569999694824219,10.569999694824219,10.569999694824219,80000
2021-03-19,10.84000015258789,10.84000015258789,10.699999809265137,10.699999809265137,85000
2021-03-22,10.699999809265137,10.699999809265137,10.630000114440918,10.630000114440918,84000
2021-03-23,10.9399995803833,10.989999771118164,10.770000457763672,10.770000457763672,83000
2021-03-24,11.199999809265137,11.199999809265137,10.949999809265137,10.949999809265137,157000
2021-03-25,11.300000190734863,11.390000343322754,11.300000190734863,11.390000343322754,96000
2021-03-26,11.109999656677246,11.109999656677246,11.109999656677246,11.109999656677246,80000
2021-03-29,11.109999656677246,11.109999656677246,11.109999656677246,11.109999656677246,0
2021-03-30,10.960000038146973,11.0,10.960000038146973,11.0,82000
2021-03-31,11.029999732971191,11.079999923706055,10.989999771118164,11.079999923706055,86000
2021-04-01,10.899999618530273,11.0,10.899999618530273,11.0,76000
2021-04-07,10.869999885559082,10.920000076293945,10.869999885559082,10.880000114440918,82000
2021-04-08,10.880000114440918,10.920000076293945,10.869999885559082,10.869999885559082,103000
2021-04-09,11.0,11.0,11.0,11.0,70000
2021-04-12,11.100000381469727,11.180000305175781,11.100000381469727,11.180000305175781,73000
2021-04-13,11.079999923706055,11.079999923706055,11.079999923706055,11.079999923706055,78000
2021-04-14,10.9399995803833,11.0,10.9399995803833,10.970000267028809,76000
2021-04-15,11.149999618530273,11.199999809265137,11.149999618530273,11.180000305175781,78000
2021-04-16,11.050000190734863,11.050000190734863,11.010000228881836,11.010000228881836,71000
2021-04-19,10.829999923706055,10.949999809265137,10.829999923706055,10.949999809265137,71000
2021-04-20,10.890000343322754,10.890000343322754,10.890000343322754,10.890000343322754,70000
2021-04-21,11.050000190734863,11.109999656677246,11.029999732971191,11.079999923706055,84000
2021-04-22,11.020000457763672,11.020000457763672,11.020000457763672,11.020000457763672,70000
2021-04-23,10.880000114440918,10.880000114440918,10.880000114440918,10.880000114440918,71000
2021-04-26,10.880000114440918,10.880000114440918,10.819999694824219,10.819999694824219,71000
2021-04-27,10.899999618530273,10.899999618530273,10.899999618530273,10.899999618530273,80000
2021-04-28,10.899999618530273,10.899999618530273,10.899999618530273,10.899999618530273,71000
2021-04-29,10.829999923706055,10.829999923706055,10.829999923706055,10.829999923706055,70000
2021-05-03,11.199999809265137,11.199999809265137,11.140000343322754,11.140000343322754,122000
2021-05-04,11.140000343322754,11.170000076293945,11.140000343322754,11.170000076293945,70000
2021-05-05,11.079999923706055,11.079999923706055,11.069999694824219,11.069999694824219,71000
2021-05-06,11.130000114440918,11.140000343322754,11.050000190734863,11.050000190734863,147000
2021-05-07,11.069999694824219,11.100000381469727,11.069999694824219,11.100000381469727,75000
2021-05-10,11.199999809265137,11.199999809265137,11.199999809265137,11.199999809265137,72000
2021-05-11,11.430000305175781,11.449999809265137,11.380000114440918,11.380000114440918,88000
2021-05-12,11.359999656677246,11.40999984741211,11.350000381469727,11.380000114440918,101000
2021-05-13,11.449999809265137,11.449999809265137,11.449999809265137,11.449999809265137,73000
2021-05-14,11.489999771118164,11.520000457763672,11.479999542236328,11.479999542236328,72000
2021-05-17,11.369999885559082,11.430000305175781,11.350000381469727,11.430000305175781,82000
2021-05-18,11.15999984741211,11.25,11.15999984741211,11.25,86000
2021-05-19,11.15999984741211,11.15999984741211,11.15999984741211,11.15999984741211,70000
2021-05-20,11.260000228881836,11.260000228881836,11.239999771118164,11.239999771118164,83000
2021-05-21,11.119999885559082,11.149999618530273,11.100000381469727,11.119999885559082,131000
2021-05-24,11.180000305175781,11.220000267028809,11.170000076293945,11.170000076293945,78000
2021-05-25,11.010000228881836,11.039999961853027,11.010000228881836,11.039999961853027,122000
2021-05-26,10.890000343322754,10.90999984741211,10.869999885559082,10.899999618530273,79000
2021-05-27,10.90999984741211,10.90999984741211,10.90999984741211,10.90999984741211,70000
2021-05-28,10.829999923706055,10.859999656677246,10.829999923706055,10.859999656677246,73000
2021-05-31,10.899999618530273,10.899999618530273,10.899999618530273,10.899999618530273,70000
2021-06-01,10.720000267028809,10.800000190734863,10.720000267028809,10.800000190734863,74000
2021-06-02,10.760000228881836,10.760000228881836,10.739999771118164,10.739999771118164,72000
2021-06-03,10.800000190734863,10.800000190734863,10.770000457763672,10.770000457763672,71000
2021-06-04,10.890000343322754,10.90999984741211,10.84000015258789,10.90999984741211,562000
2021-06-07,10.949999809265137,10.949999809265137,10.949999809265137,10.949999809265137,70000
2021-06-08,11.050000190734863,11.050000190734863,11.0,11.0,71000
2021-06-09,11.0600004196167,11.0600004196167,10.960000038146973,10.960000038146973,71000
2021-06-10,10.920000076293945,10.920000076293945,10.920000076293945,10.920000076293945,70000
2021-06-11,10.90999984741211,10.920000076293945,10.90999984741211,10.920000076293945,96000
2021-06-15,11.020000457763672,11.050000190734863,11.020000457763672,11.050000190734863,72000
2021-06-16,11.069999694824219,11.069999694824219,11.069999694824219,11.069999694824219,71000
2021-06-17,11.079999923706055,11.180000305175781,11.079999923706055,11.180000305175781,82000
2021-06-18,11.0600004196167,11.0600004196167,11.0600004196167,11.0600004196167,70000
2021-06-21,11.1899995803833,11.210000038146973,11.15999984741211,11.210000038146973,76000
2021-06-22,11.1899995803833,11.1899995803833,11.1899995803833,11.1899995803833,71000
2021-06-23,11.039999961853027,11.100000381469727,11.039999961853027,11.100000381469727,78000
2021-06-24,10.979999542236328,11.039999961853027,10.979999542236328,11.039999961853027,141000
2021-06-25,10.819999694824219,11.010000228881836,10.800000190734863,11.010000228881836,173000
2021-06-28,10.819999694824219,10.819999694824219,10.819999694824219,10.819999694824219,70000
2021-06-29,10.899999618530273,10.899999618530273,10.850000381469727,10.850000381469727,79000
2021-06-30,10.90999984741211,10.90999984741211,10.899999618530273,10.899999618530273,99000
2021-07-01,11.0,11.0,11.0,11.0,70000
2021-07-02,11.199999809265137,11.199999809265137,11.1899995803833,11.1899995803833,72000
2021-07-05,11.350000381469727,11.350000381469727,11.260000228881836,11.260000228881836,76000
2021-07-06,11.399999618530273,11.399999618530273,11.300000190734863,11.359999656677246,77000
2021-07-07,11.5,11.5,11.430000305175781,11.430000305175781,75000
2021-07-08,11.739999771118164,11.739999771118164,11.600000381469727,11.600000381469727,83000
2021-07-09,11.800000190734863,11.970000267028809,11.800000190734863,11.829999923706055,238000
2021-07-12,11.640000343322754,11.800000190734863,11.600000381469727,11.800000190734863,171000
2021-07-13,11.430000305175781,11.630000114440918,11.430000305175781,11.630000114440918,122000
2021-07-14,11.539999961853027,11.579999923706055,11.520000457763672,11.520000457763672,78000
2021-07-15,11.34000015258789,11.449999809265137,11.34000015258789,11.449999809265137,77000
2021-07-16,11.369999885559082,11.390000343322754,11.369999885559082,11.390000343322754,72000
2021-07-19,11.569999694824219,11.619999885559082,11.539999961853027,11.539999961853027,79000
2021-07-20,11.819999694824219,11.819999694824219,11.630000114440918,11.630000114440918,77000
2021-07-21,11.800000190734863,11.829999923706055,11.75,11.819999694824219,92000
2021-07-22,11.529999732971191,11.649999618530273,11.529999732971191,11.649999618530273,137000
2021-07-23,11.699999809265137,11.699999809265137,11.640000343322754,11.640000343322754,77000
2021-07-26,12.109999656677246,12.1899995803833,11.989999771118164,11.989999771118164,243000
2021-07-27,12.529999732971191,12.600000381469727,12.1899995803833,12.25,262000
2021-07-28,12.90999984741211,12.90999984741211,12.479999542236328,12.869999885559082,657000
2021-07-29,12.270000457763672,12.399999618530273,12.199999809265137,12.399999618530273,110000
2021-07-30,12.630000114440918,12.630000114440918,12.34000015258789,12.460000038146973,97000
2021-08-02,12.25,12.520000457763672,12.25,12.520000457763672,111000
2021-08-03,12.449999809265137,12.539999961853027,12.25,12.25,78000
2021-08-04,12.180000305175781,12.260000228881836,12.09000015258789,12.260000228881836,90000
2021-08-05,12.229999542236328,12.229999542236328,12.170000076293945,12.199999809265137,74000
2021-08-06,12.229999542236328,12.359999656677246,12.229999542236328,12.350000381469727,83000
2021-08-09,12.229999542236328,12.449999809265137,12.229999542236328,12.430000305175781,78000
2021-08-10,12.229999542236328,12.229999542236328,12.229999542236328,12.229999542236328,70000
2021-08-11,11.960000038146973,12.149999618530273,11.930000305175781,12.149999618530273,82000
2021-08-12,12.0,12.0,11.960000038146973,11.960000038146973,71000
2021-08-13,12.220000267028809,12.220000267028809,12.15999984741211,12.15999984741211,74000
2021-08-16,12.359999656677246,12.359999656677246,12.15999984741211,12.15999984741211,93000
2021-08-17,12.449999809265137,12.449999809265137,12.399999618530273,12.449999809265137,79000
2021-08-18,12.460000038146973,12.460000038146973,12.460000038146973,12.460000038146973,70000
2021-08-19,12.630000114440918,12.6899995803833,12.510000228881836,12.510000228881836,78000
2021-08-20,13.119999885559082,13.119999885559082,12.6899995803833,12.6899995803833,108000
2021-08-23,12.859999656677246,12.979999542236328,12.699999809265137,12.979999542236328,77000
2021-08-24,12.739999771118164,12.739999771118164,12.710000038146973,12.710000038146973,72000
2021-08-25,12.619999885559082,12.619999885559082,12.449999809265137,12.529999732971191,75000
2021-08-26,12.670000076293945,12.699999809265137,12.670000076293945,12.699999809265137,71000
2021-08-27,12.710000038146973,12.760000228881836,12.569999694824219,12.760000228881836,95000
2021-08-30,12.6899995803833,12.720000267028809,12.6899995803833,12.699999809265137,90000
2021-08-31,12.600000381469727,12.789999961853027,12.600000381469727,12.789999961853027,71000
2021-09-01,12.180000305175781,12.449999809265137,12.149999618530273,12.449999809265137,102000
2021-09-02,12.130000114440918,12.130000114440918,12.130000114440918,12.130000114440918,70000
2021-09-03,12.1899995803833,12.1899995803833,12.109999656677246,12.109999656677246,71000
2021-09-06,12.149999618530273,12.149999618530273,12.149999618530273,12.149999618530273,70000
2021-09-07,11.890000343322754,12.0,11.890000343322754,12.0,78000
2021-09-08,11.979999542236328,11.979999542236328,11.84000015258789,11.890000343322754,77000
2021-09-09,12.279999732971191,12.279999732971191,12.15999984741211,12.15999984741211,82000
2021-09-10,12.119999885559082,12.119999885559082,12.010000228881836,12.100000381469727,83000
2021-09-13,12.289999961853027,12.289999961853027,12.229999542236328,12.229999542236328,76000
2021-09-14,12.300000190734863,12.300000190734863,12.180000305175781,12.25,85000
2021-09-15,12.539999961853027,12.550000190734863,12.329999923706055,12.34000015258789,78000
2021-09-16,12.84000015258789,12.84000015258789,12.59000015258789,12.59000015258789,94000
2021-09-17,12.729999542236328,12.920000076293945,12.609999656677246,12.920000076293945,86000
2021-09-22,12.920000076293945,13.199999809265137,12.920000076293945,13.100000381469727,108000
2021-09-23,12.84000015258789,12.920000076293945,12.739999771118164,12.920000076293945,107000
2021-09-24,12.930000305175781,13.010000228881836,12.84000015258789,13.010000228881836,103000
2021-09-27,13.199999809265137,13.199999809265137,12.9399995803833,12.970000267028809,88000
2021-09-28,12.880000114440918,13.119999885559082,12.819999694824219,13.109999656677246,86000
2021-09-29,13.0,13.079999923706055,13.0,13.079999923706055,80000
2021-09-30,13.0600004196167,13.079999923706055,13.0600004196167,13.0600004196167,72000
2021-10-01,13.130000114440918,13.130000114440918,13.0600004196167,13.0600004196167,222000
2021-10-04,13.210000038146973,13.229999542236328,13.149999618530273,13.149999618530273,83000
2021-10-05,13.3100004196167,13.329999923706055,13.270000457763672,13.319999694824219,95000
2021-10-06,13.359999656677246,13.40999984741211,13.300000190734863,13.300000190734863,88000
2021-10-07,13.069999694824219,13.199999809265137,12.960000038146973,13.199999809265137,115000
2021-10-08,12.899999618530273,12.9399995803833,12.819999694824219,12.9399995803833,85000
2021-10-12,12.720000267028809,12.720000267028809,12.680000305175781,12.680000305175781,74000
2021-10-13,12.90999984741211,12.949999809265137,12.90999984741211,12.949999809265137,71000
2021-10-14,12.800000190734863,12.869999885559082,12.800000190734863,12.869999885559082,78000
2021-10-15,12.710000038146973,12.779999732971191,12.710000038146973,12.779999732971191,224000
2021-10-18,12.729999542236328,12.75,12.729999542236328,12.75,71000
2021-10-19,12.449999809265137,12.449999809265137,12.390000343322754,12.430000305175781,79000
2021-10-20,12.149999618530273,12.350000381469727,12.149999618530273,12.350000381469727,93000
2021-10-21,12.069999694824219,12.100000381469727,12.029999732971191,12.100000381469727,81000
2021-10-22,12.020000457763672,12.020000457763672,12.020000457763672,12.020000457763672,73000
2021-10-25,12.050000190734863,12.050000190734863,12.050000190734863,12.050000190734863,71000
2021-10-26,12.109999656677246,12.130000114440918,12.0600004196167,12.0600004196167,75000
2021-10-27,12.319999694824219,12.359999656677246,12.270000457763672,12.3100004196167,76000
2021-10-28,12.329999923706055,12.369999885559082,12.329999923706055,12.369999885559082,71000
2021-10-29,12.479999542236328,12.5,12.449999809265137,12.449999809265137,82000
2021-11-01,12.680000305175781,12.739999771118164,12.65999984741211,12.720000267028809,573000
2021-11-02,12.569999694824219,12.569999694824219,12.399999618530273,12.399999618530273,86000
2021-11-03,12.760000228881836,12.760000228881836,12.600000381469727,12.600000381469727,91000
2021-11-04,12.65999984741211,12.65999984741211,12.65999984741211,12.65999984741211,70000
2021-11-05,12.5600004196167,12.6899995803833,12.489999771118164,12.6899995803833,77000
2021-11-08,12.850000381469727,12.850000381469727,12.75,12.819999694824219,83000
2021-11-09,12.779999732971191,12.779999732971191,12.630000114440918,12.630000114440918,84000
2021-11-10,12.819999694824219,12.84000015258789,12.819999694824219,12.84000015258789,73000
2021-11-11,12.630000114440918,12.649999618530273,12.529999732971191,12.649999618530273,73000
2021-11-12,12.369999885559082,12.420000076293945,12.319999694824219,12.420000076293945,76000
2021-11-15,12.420000076293945,12.4399995803833,12.420000076293945,12.4399995803833,71000
2021-11-16,12.270000457763672,12.270000457763672,12.270000457763672,12.270000457763672,70000
2021-11-17,12.279999732971191,12.279999732971191,12.279999732971191,12.279999732971191,70000
2021-11-18,12.270000457763672,12.359999656677246,12.270000457763672,12.359999656677246,71000
2021-11-19,12.550000190734863,12.600000381469727,12.470000267028809,12.470000267028809,76000
2021-11-22,12.529999732971191,12.529999732971191,12.529999732971191,12.529999732971191,70000
2021-11-23,12.609999656677246,12.609999656677246,12.609999656677246,12.609999656677246,71000
2021-11-24,12.680000305175781,12.680000305175781,12.680000305175781,12.680000305175781,70000
2021-11-25,12.760000228881836,12.760000228881836,12.729999542236328,12.729999542236328,77000
2021-11-26,12.960000038146973,12.960000038146973,12.819999694824219,12.819999694824219,75000
2021-11-29,13.0,13.0,13.0,13.0,74000
2021-11-30,13.390000343322754,13.390000343322754,13.199999809265137,13.260000228881836,98000
2021-12-01,13.100000381469727,13.140000343322754,13.100000381469727,13.140000343322754,71000
2021-12-02,13.15999984741211,13.15999984741211,13.15999984741211,13.15999984741211,70000
2021-12-03,13.25,13.25,13.25,13.25,70000
2021-12-06,13.300000190734863,13.319999694824219,13.300000190734863,13.319999694824219,78000
2021-12-07,13.1899995803833,13.1899995803833,13.1899995803833,13.1899995803833,75000
2021-12-08,13.0,13.0,12.949999809265137,12.989999771118164,72000
2021-12-09,12.880000114440918,12.9399995803833,12.880000114440918,12.9399995803833,74000
2021-12-10,12.880000114440918,12.880000114440918,12.880000114440918,12.880000114440918,70000
2021-12-13,12.829999923706055,13.0,12.829999923706055,13.0,76000
2021-12-14,13.1899995803833,13.1899995803833,13.050000190734863,13.050000190734863,72000
2021-12-15,13.199999809265137,13.199999809265137,13.199999809265137,13.199999809265137,70000
2021-12-16,13.529999732971191,13.529999732971191,13.380000114440918,13.399999618530273,106000
2021-12-17,13.600000381469727,13.600000381469727,13.369999885559082,13.380000114440918,75000
2021-12-20,13.649999618530273,13.649999618530273,13.59000015258789,13.630000114440918,223000
2021-12-21,13.680000305175781,13.680000305175781,13.680000305175781,13.680000305175781,70000
2021-12-22,13.600000381469727,13.600000381469727,13.600000381469727,13.600000381469727,70000
2021-12-23,13.5,13.569999694824219,13.5,13.569999694824219,71000
2021-12-24,13.5,13.5,13.5,13.5,72000
2021-12-27,13.65999984741211,13.739999771118164,13.65999984741211,13.739999771118164,72000
2021-12-28,13.5,13.619999885559082,13.460000038146973,13.619999885559082,128000
2021-12-29,13.600000381469727,13.600000381469727,13.600000381469727,13.600000381469727,70000
2021-12-30,13.600000381469727,13.600000381469727,13.510000228881836,13.510000228881836,75000
2022-01-03,13.600000381469727,13.600000381469727,13.600000381469727,13.600000381469727,0
2022-01-04,13.5600004196167,13.5600004196167,13.5600004196167,13.5600004196167,70000
2022-01-05,13.699999809265137,13.699999809265137,13.699999809265137,13.699999809265137,70000
2022-01-06,13.90999984741211,13.90999984741211,13.829999923706055,13.829999923706055,74000
2022-01-07,13.600000381469727,13.600000381469727,13.5,13.5,80000
2022-01-10,13.279999732971191,13.319999694824219,13.279999732971191,13.319999694824219,71000
2022-01-11,13.210000038146973,13.229999542236328,13.210000038146973,13.229999542236328,78000
2022-01-12,12.970000267028809,13.109999656677246,12.970000267028809,13.109999656677246,93000
2022-01-13,12.890000343322754,12.890000343322754,12.890000343322754,12.890000343322754,70000
2022-01-14,13.0600004196167,13.109999656677246,13.0600004196167,13.109999656677246,90000
2022-01-17,13.0600004196167,13.0600004196167,13.0600004196167,13.0600004196167,70000
2022-01-18,13.050000190734863,13.050000190734863,13.050000190734863,13.050000190734863,70000
2022-01-19,13.09000015258789,13.09000015258789,13.0600004196167,13.0600004196167,73000
2022-01-20,12.6899995803833,13.09000015258789,12.6899995803833,13.09000015258789,116000
2022-01-21,12.680000305175781,12.680000305175781,12.609999656677246,12.609999656677246,75000
2022-01-24,12.75,12.75,12.75,12.75,70000
2022-01-25,12.9399995803833,12.979999542236328,12.9399995803833,12.970000267028809,75000
2022-01-26,13.020000457763672,13.020000457763672,12.949999809265137,12.949999809265137,77000
2022-02-07,12.960000038146973,13.020000457763672,12.960000038146973,13.020000457763672,76000
2022-02-08,13.0600004196167,13.100000381469727,12.979999542236328,13.100000381469727,74000
2022-02-09,12.649999618530273,12.819999694824219,12.640000343322754,12.819999694824219,103000
2022-02-10,12.720000267028809,12.779999732971191,12.720000267028809,12.720000267028809,71000
2022-02-11,12.630000114440918,12.630000114440918,12.550000190734863,12.579999923706055,108000
2022-02-14,12.789999961853027,12.84000015258789,12.729999542236328,12.729999542236328,76000
2022-02-15,12.979999542236328,13.020000457763672,12.90999984741211,12.90999984741211,82000
2022-02-16,12.779999732971191,12.779999732971191,12.710000038146973,12.760000228881836,80000
2022-02-17,12.8100004196167,12.8100004196167,12.649999618530273,12.649999618530273,81000
2022-02-18,12.720000267028809,12.8100004196167,12.6899995803833,12.789999961853027,108000
2022-02-21,13.0,13.029999732971191,12.890000343322754,12.890000343322754,82000
2022-02-22,13.4399995803833,13.4399995803833,13.25,13.289999961853027,101000
2022-02-23,13.25,13.25,13.25,13.25,70000
2022-02-24,13.720000267028809,13.75,13.5,13.510000228881836,92000
2022-02-25,13.699999809265137,13.699999809265137,13.65999984741211,13.65999984741211,71000
2022-03-01,13.760000228881836,13.779999732971191,13.760000228881836,13.779999732971191,90000
2022-03-02,13.800000190734863,13.84000015258789,13.800000190734863,13.800000190734863,105000
2022-03-03,14.029999732971191,14.029999732971191,13.90999984741211,13.930000305175781,94000
2022-03-04,14.34000015258789,14.380000114440918,14.15999984741211,14.15999984741211,138000
2022-03-07,14.770000457763672,14.970000267028809,14.520000457763672,14.520000457763672,179000
2022-03-08,15.09000015258789,15.09000015258789,14.779999732971191,14.779999732971191,172000
2022-03-09,15.609999656677246,15.609999656677246,15.0,15.25,254000
2022-03-10,15.220000267028809,15.220000267028809,15.0,15.100000381469727,115000
2022-03-11,15.979999542236328,16.06999969482422,15.579999923706055,15.579999923706055,306000
2022-03-14,16.389999389648438,16.860000610351562,16.030000686645508,16.860000610351562,290000
2022-03-15,17.610000610351562,17.790000915527344,16.5,16.5,314000
2022-03-16,16.520000457763672,17.610000610351562,16.520000457763672,17.610000610351562,360000
2022-03-17,14.760000228881836,15.600000381469727,14.4399995803833,15.600000381469727,368001
2022-03-18,14.760000228881836,15.020000457763672,14.760000228881836,14.819999694824219,261000
2022-03-21,14.760000228881836,14.760000228881836,14.300000190734863,14.300000190734863,535000
2022-03-22,14.510000228881836,14.65999984741211,14.510000228881836,14.59000015258789,76000
2022-03-23,14.0,14.130000114440918,13.850000381469727,14.130000114440918,141000
2022-03-24,14.069999694824219,14.170000076293945,13.960000038146973,14.09000015258789,110000
2022-03-25,14.65999984741211,14.65999984741211,14.199999809265137,14.199999809265137,172000
2022-03-28,14.529999732971191,14.960000038146973,14.449999809265137,14.960000038146973,126000
2022-03-29,14.4399995803833,14.529999732971191,14.319999694824219,14.529999732971191,93000
2022-03-30,14.100000381469727,14.170000076293945,14.0600004196167,14.170000076293945,93000
2022-03-31,14.180000305175781,14.210000038146973,14.170000076293945,14.180000305175781,80000
2022-04-01,14.380000114440918,14.59000015258789,14.369999885559082,14.449999809265137,211000
2022-04-06,14.050000190734863,14.119999885559082,13.9399995803833,14.100000381469727,299000
2022-04-07,14.319999694824219,14.319999694824219,14.0,14.25,300000
2022-04-08,14.40999984741211,14.520000457763672,14.380000114440918,14.380000114440918,270000
2022-04-11,14.90999984741211,14.90999984741211,14.720000267028809,14.720000267028809,264000
2022-04-12,14.920000076293945,15.130000114440918,14.829999923706055,14.979999542236328,385000
2022-04-13,14.710000038146973,14.920000076293945,14.670000076293945,14.819999694824219,454000
2022-04-14,14.579999923706055,14.630000114440918,14.510000228881836,14.510000228881836,218000
2022-04-15,14.680000305175781,14.779999732971191,14.670000076293945,14.779999732971191,216000
2022-04-18,14.6899995803833,14.699999809265137,14.3100004196167,14.3100004196167,208000
2022-04-19,14.989999771118164,15.069999694824219,14.880000114440918,14.880000114440918,271000
2022-04-20,15.029999732971191,15.100000381469727,14.899999618530273,14.899999618530273,371000
2022-04-21,15.430000305175781,15.5600004196167,15.239999771118164,15.239999771118164,292000
2022-04-22,15.420000076293945,15.920000076293945,15.420000076293945,15.770000457763672,556000
2022-04-25,15.920000076293945,15.989999771118164,15.770000457763672,15.920000076293945,294000
2022-04-26,15.670000076293945,15.920000076293945,15.670000076293945,15.90999984741211,271000
2022-04-27,15.859999656677246,16.149999618530273,15.800000190734863,16.149999618530273,129000
2022-04-28,15.819999694824219,15.819999694824219,15.5600004196167,15.619999885559082,475000
2022-04-29,15.0,15.739999771118164,14.850000381469727,15.6899995803833,918000
2022-05-03,14.739999771118164,15.100000381469727,14.670000076293945,15.100000381469727,437000
2022-05-04,15.130000114440918,15.130000114440918,14.6899995803833,14.6899995803833,238000
2022-05-05,15.010000228881836,15.0600004196167,14.75,14.90999984741211,275000
2022-05-06,15.84000015258789,15.880000114440918,15.119999885559082,15.119999885559082,253000
2022-05-09,16.190000534057617,16.209999084472656,15.930000305175781,16.209999084472656,207000
2022-05-10,16.290000915527344,16.600000381469727,16.290000915527344,16.3799991607666,278000
2022-05-11,15.710000038146973,16.360000610351562,15.710000038146973,16.360000610351562,278000
2022-05-12,16.25,16.25,16.09000015258789,16.239999771118164,237000
2022-05-13,15.989999771118164,16.219999313354492,15.989999771118164,16.219999313354492,240000
2022-05-16,15.899999618530273,16.020000457763672,15.699999809265137,15.789999961853027,233000
2022-05-17,15.420000076293945,15.649999618530273,15.359999656677246,15.649999618530273,245000
2022-05-18,15.260000228881836,15.399999618530273,15.149999618530273,15.149999618530273,267000
2022-05-19,15.550000190734863,15.720000267028809,15.529999732971191,15.649999618530273,256000
2022-05-20,15.210000038146973,15.300000190734863,15.149999618530273,15.180000305175781,267000
2022-05-23,15.399999618530273,15.399999618530273,15.109999656677246,15.109999656677246,222000
2022-05-24,15.470000267028809,15.470000267028809,15.399999618530273,15.399999618530273,205000
2022-05-25,15.449999809265137,15.550000190734863,15.399999618530273,15.529999732971191,217000
2022-05-26,15.5600004196167,15.680000305175781,15.5,15.600000381469727,234000
2022-05-27,15.029999732971191,15.149999618530273,14.949999809265137,15.149999618530273,238000
2022-05-30,14.569999694824219,14.890000343322754,14.5600004196167,14.890000343322754,272000
2022-05-31,14.319999694824219,14.600000381469727,14.319999694824219,14.489999771118164,272000
2022-06-01,14.350000381469727,14.399999618530273,14.170000076293945,14.199999809265137,260000
2022-06-02,14.630000114440918,14.680000305175781,14.5600004196167,14.5600004196167,315000
2022-06-06,14.359999656677246,14.460000038146973,14.289999961853027,14.350000381469727,247000
2022-06-07,14.300000190734863,14.300000190734863,14.050000190734863,14.15999984741211,344000
2022-06-08,13.890000343322754,14.0600004196167,13.850000381469727,14.0600004196167,658000
2022-06-09,13.920000076293945,13.920000076293945,13.720000267028809,13.729999542236328,518000
2022-06-10,13.920000076293945,14.220000267028809,13.869999885559082,14.010000228881836,519000
2022-06-13,14.369999885559082,14.430000305175781,14.199999809265137,14.199999809265137,653000
2022-06-14,14.5,14.729999542236328,14.369999885559082,14.369999885559082,283000
2022-06-15,14.15999984741211,14.399999618530273,14.140000343322754,14.399999618530273,283000
2022-06-16,14.399999618530273,14.40999984741211,14.229999542236328,14.260000228881836,444000
2022-06-17,14.399999618530273,14.720000267028809,14.399999618530273,14.619999885559082,289000
2022-06-20,14.4399995803833,14.5600004196167,14.380000114440918,14.489999771118164,324000
2022-06-21,14.109999656677246,14.359999656677246,14.069999694824219,14.289999961853027,389019
2022-06-22,14.199999809265137,14.25,13.920000076293945,13.920000076293945,312000
2022-06-23,14.25,14.380000114440918,14.25,14.319999694824219,417000
2022-06-24,13.899999618530273,14.039999961853027,13.899999618530273,14.039999961853027,271000
2022-06-27,13.539999961853027,13.619999885559082,13.380000114440918,13.609999656677246,253000
2022-06-28,13.539999961853027,13.640000343322754,13.520000457763672,13.520000457763672,207000
2022-06-29,13.609999656677246,13.609999656677246,13.569999694824219,13.569999694824219,277000
2022-06-30,13.609999656677246,13.720000267028809,13.579999923706055,13.609999656677246,1037000
2022-07-01,13.8100004196167,13.829999923706055,13.6899995803833,13.699999809265137,292000
2022-07-04,13.739999771118164,13.880000114440918,13.630000114440918,13.630000114440918,308000
2022-07-05,13.720000267028809,13.720000267028809,13.449999809265137,13.550000190734863,635000
2022-07-06,13.949999809265137,13.979999542236328,13.770000457763672,13.770000457763672,239000
2022-07-07,13.850000381469727,14.079999923706055,13.850000381469727,14.050000190734863,230000
2022-07-08,13.779999732971191,13.800000190734863,13.609999656677246,13.609999656677246,1090000
2022-07-11,14.260000228881836,14.260000228881836,14.0600004196167,14.0600004196167,160000
2022-07-12,14.40999984741211,14.460000038146973,14.289999961853027,14.3100004196167,225000
2022-07-13,14.460000038146973,14.460000038146973,14.390000343322754,14.460000038146973,222000
2022-07-14,14.5600004196167,14.579999923706055,14.510000228881836,14.579999923706055,240000
2022-07-15,14.890000343322754,14.890000343322754,14.619999885559082,14.829999923706055,308000
2022-07-18,14.569999694824219,14.920000076293945,14.5,14.90999984741211,569000
2022-07-19,14.699999809265137,14.699999809265137,14.609999656677246,14.609999656677246,158000
2022-07-20,14.40999984741211,14.520000457763672,14.34000015258789,14.510000228881836,413000
2022-07-21,14.5600004196167,14.630000114440918,14.529999732971191,14.529999732971191,519000
2022-07-22,14.609999656677246,14.609999656677246,14.529999732971191,14.529999732971191,116000
2022-07-25,14.770000457763672,14.789999961853027,14.729999542236328,14.789999961853027,126000
2022-07-26,14.470000267028809,14.65999984741211,14.4399995803833,14.65999984741211,131000
2022-07-27,14.710000038146973,14.720000267028809,14.680000305175781,14.6899995803833,180000
2022-07-28,14.680000305175781,14.729999542236328,14.59000015258789,14.600000381469727,159000
2022-07-29,15.079999923706055,15.119999885559082,14.760000228881836,14.760000228881836,176000
2022-08-01,15.09000015258789,15.220000267028809,15.069999694824219,15.15999984741211,128000
2022-08-02,15.510000228881836,15.600000381469727,15.350000381469727,15.350000381469727,261000
2022-08-03,15.380000114440918,15.430000305175781,15.279999732971191,15.359999656677246,284000
2022-08-04,15.180000305175781,15.289999961853027,15.0600004196167,15.289999961853027,215000
2022-08-05,15.109999656677246,15.149999618530273,14.949999809265137,14.989999771118164,154000
2022-08-08,15.199999809265137,15.210000038146973,15.010000228881836,15.010000228881836,135000
2022-08-09,15.15999984741211,15.359999656677246,15.039999961853027,15.359999656677246,291000
2022-08-10,15.619999885559082,15.630000114440918,15.300000190734863,15.420000076293945,182000
2022-08-11,15.289999961853027,15.430000305175781,15.279999732971191,15.279999732971191,556000
2022-08-12,15.0600004196167,15.170000076293945,15.0600004196167,15.149999618530273,147000
2022-08-15,15.109999656677246,15.210000038146973,15.09000015258789,15.210000038146973,137000
2022-08-16,15.25,15.25,15.130000114440918,15.180000305175781,165000
2022-08-17,15.260000228881836,15.399999618530273,15.25,15.25,145000
2022-08-18,15.420000076293945,15.460000038146973,15.319999694824219,15.40999984741211,174000
2022-08-19,15.399999618530273,15.600000381469727,15.34000015258789,15.550000190734863,138000
2022-08-22,15.40999984741211,15.699999809265137,15.40999984741211,15.699999809265137,232000
2022-08-23,15.619999885559082,15.630000114440918,15.5,15.600000381469727,556000
2022-08-24,15.850000381469727,15.899999618530273,15.619999885559082,15.619999885559082,169000
2022-08-25,15.550000190734863,15.84000015258789,15.550000190734863,15.84000015258789,137000
2022-08-26,15.069999694824219,15.069999694824219,14.9399995803833,14.9399995803833,174000
2022-08-29,15.130000114440918,15.300000190734863,15.100000381469727,15.300000190734863,657000
2022-08-30,15.34000015258789,15.489999771118164,15.109999656677246,15.149999618530273,322000
2022-08-31,15.079999923706055,15.6899995803833,15.079999923706055,15.270000457763672,487000
2022-09-01,15.390000343322754,15.460000038146973,15.25,15.359999656677246,180000
2022-09-02,15.6899995803833,15.6899995803833,15.479999542236328,15.479999542236328,185000
2022-09-05,15.960000038146973,16.010000228881836,15.65999984741211,15.960000038146973,640000
2022-09-06,15.9399995803833,16.0,15.770000457763672,16.0,212000
2022-09-07,16.219999313354492,16.25,16.110000610351562,16.229999542236328,196000
2022-09-08,16.1200008392334,16.209999084472656,16.010000228881836,16.209999084472656,366000
2022-09-12,15.920000076293945,15.930000305175781,15.880000114440918,15.930000305175781,99000
2022-09-13,15.699999809265137,16.1200008392334,15.640000343322754,16.1200008392334,233000
2022-09-14,16.200000762939453,16.399999618530273,16.110000610351562,16.15999984741211,447000
2022-09-15,16.100000381469727,16.200000762939453,16.059999465942383,16.190000534057617,806000
2022-09-16,16.239999771118164,16.3700008392334,16.209999084472656,16.3700008392334,276000
2022-09-19,16.59000015258789,16.600000381469727,16.399999618530273,16.459999084472656,144000
2022-09-20,16.420000076293945,16.440000534057617,16.329999923706055,16.440000534057617,185000
2022-09-21,16.670000076293945,16.739999771118164,16.510000228881836,16.530000686645508,165000
2022-09-22,17.059999465942383,17.239999771118164,17.010000228881836,17.239999771118164,630000
2022-09-23,17.049999237060547,17.15999984741211,17.030000686645508,17.030000686645508,200000
2022-09-26,17.110000610351562,17.530000686645508,17.049999237060547,17.530000686645508,209000
2022-09-27,17.3799991607666,17.469999313354492,17.25,17.290000915527344,229000
2022-09-28,17.600000381469727,17.6200008392334,17.1299991607666,17.1299991607666,157000
2022-09-29,17.649999618530273,17.649999618530273,17.31999969482422,17.31999969482422,594000
2022-09-30,17.920000076293945,18.010000228881836,17.75,17.81999969482422,273000
2022-10-03,18.200000762939453,18.219999313354492,17.780000686645508,18.15999984741211,255000
2022-10-04,17.709999084472656,17.829999923706055,17.709999084472656,17.75,292000
2022-10-05,16.790000915527344,17.709999084472656,16.790000915527344,17.549999237060547,603000
2022-10-06,16.829999923706055,16.90999984741211,16.770000457763672,16.770000457763672,269000
2022-10-07,17.25,17.25,17.079999923706055,17.1200008392334,321000
2022-10-11,18.270000457763672,18.270000457763672,17.8799991607666,18.260000228881836,528000
2022-10-12,18.739999771118164,18.75,18.329999923706055,18.540000915527344,398000
2022-10-13,18.729999542236328,18.729999542236328,18.450000762939453,18.450000762939453,187000
2022-10-14,18.15999984741211,18.6200008392334,18.15999984741211,18.559999465942383,236000
2022-10-17,18.8799991607666,19.040000915527344,18.700000762939453,18.84000015258789,409000
2022-10-18,18.3799991607666,18.65999984741211,18.260000228881836,18.260000228881836,249000
2022-10-19,18.600000381469727,18.600000381469727,18.329999923706055,18.360000610351562,170000
2022-10-20,19.040000915527344,19.389999389648438,18.799999237060547,18.799999237060547,890000
2022-10-21,19.100000381469727,19.15999984741211,18.979999542236328,19.049999237060547,319000
2022-10-24,20.290000915527344,20.290000915527344,18.940000534057617,18.940000534057617,2007000
2022-10-25,20.299999237060547,20.889999389648438,20.110000610351562,20.600000381469727,1485000
2022-10-26,20.079999923706055,20.5,19.729999542236328,20.34000015258789,1280000
2022-10-27,19.729999542236328,19.770000457763672,19.40999984741211,19.709999084472656,1247000
2022-10-28,20.709999084472656,20.709999084472656,19.920000076293945,19.920000076293945,1525000
2022-10-31,20.809999465942383,21.299999237060547,20.549999237060547,20.56999969482422,1449000
2022-11-01,20.579999923706055,21.09000015258789,20.350000381469727,21.049999237060547,1168000
2022-11-02,19.559999465942383,20.350000381469727,19.5,20.350000381469727,1287000
2022-11-03,20.059999465942383,20.219999313354492,19.75,19.75,446000
2022-11-04,18.690000534057617,20.110000610351562,18.450000762939453,20.040000915527344,1395000
2022-11-07,18.290000915527344,19.34000015258789,18.190000534057617,18.8700008392334,1780000
2022-11-08,18.600000381469727,18.6200008392334,18.309999465942383,18.440000534057617,249000
2022-11-09,18.709999084472656,18.770000457763672,18.25,18.34000015258789,517000
2022-11-10,19.06999969482422,19.170000076293945,18.8799991607666,18.8799991607666,258000
2022-11-11,17.68000030517578,18.010000228881836,17.479999542236328,17.520000457763672,770000
2022-11-14,16.829999923706055,17.299999237060547,16.420000076293945,17.299999237060547,1180000
2022-11-15,16.139999389648438,16.93000030517578,16.1200008392334,16.799999237060547,699000
2022-11-16,16.3799991607666,16.40999984741211,16.040000915527344,16.139999389648438,550000
2022-11-17,16.540000915527344,16.770000457763672,16.399999618530273,16.450000762939453,426000
2022-11-18,16.299999237060547,16.43000030517578,16.06999969482422,16.09000015258789,355000
2022-11-21,16.8700008392334,17.09000015258789,16.670000076293945,16.670000076293945,319000
2022-11-22,17.010000228881836,17.079999923706055,16.790000915527344,16.899999618530273,243000
2022-11-23,16.989999771118164,17.100000381469727,16.889999389648438,16.899999618530273,187000
2022-11-24,16.860000610351562,16.969999313354492,16.739999771118164,16.81999969482422,247000
2022-11-25,16.8799991607666,16.979999542236328,16.809999465942383,16.809999465942383,254000
2022-11-28,17.299999237060547,17.6299991607666,17.110000610351562,17.110000610351562,653000
2022-11-29,16.31999969482422,17.010000228881836,16.260000228881836,16.729999542236328,625000
2022-11-30,16.010000228881836,16.270000457763672,16.0,16.209999084472656,338000
2022-12-01,15.5,15.5600004196167,15.149999618530273,15.5,1192000
2022-12-02,15.760000228881836,15.800000190734863,15.5,15.5,918000
2022-12-05,15.130000114440918,15.449999809265137,15.039999961853027,15.369999885559082,681000
2022-12-06,15.09000015258789,15.170000076293945,14.829999923706055,15.170000076293945,306000
2022-12-07,14.800000190734863,15.010000228881836,14.760000228881836,15.010000228881836,281000
2022-12-08,15.109999656677246,15.329999923706055,14.9399995803833,15.1899995803833,900000
2022-12-09,14.729999542236328,15.039999961853027,14.65999984741211,15.039999961853027,600000
2022-12-12,14.960000038146973,15.029999732971191,14.670000076293945,14.850000381469727,267000
2022-12-13,14.930000305175781,15.09000015258789,14.800000190734863,15.010000228881836,198000
2022-12-14,14.739999771118164,14.960000038146973,14.710000038146973,14.8100004196167,248000
2022-12-15,15.029999732971191,15.149999618530273,14.8100004196167,14.8100004196167,384000
2022-12-16,15.09000015258789,15.270000457763672,14.859999656677246,15.199999809265137,311000
2022-12-19,15.09000015258789,15.15999984741211,14.6899995803833,15.15999984741211,311000
2022-12-20,15.529999732971191,15.529999732971191,15.09000015258789,15.09000015258789,266000
2022-12-21,15.369999885559082,15.380000114440918,15.260000228881836,15.260000228881836,174000
2022-12-22,14.850000381469727,15.149999618530273,14.75,15.100000381469727,448000
2022-12-23,15.0,15.100000381469727,14.859999656677246,14.960000038146973,622000
2022-12-26,14.989999771118164,15.050000190734863,14.989999771118164,15.010000228881836,124000
2022-12-27,14.829999923706055,14.930000305175781,14.800000190734863,14.800000190734863,223000
2022-12-28,14.699999809265137,14.75,14.539999961853027,14.6899995803833,711000
2022-12-29,14.960000038146973,15.039999961853027,14.720000267028809,14.720000267028809,362000
2022-12-30,14.819999694824219,14.84000015258789,14.609999656677246,14.739999771118164,284000
2023-01-03,14.680000305175781,15.220000267028809,14.640000343322754,14.989999771118164,383000
2023-01-04,14.350000381469727,14.619999885559082,14.239999771118164,14.619999885559082,875000
2023-01-05,13.90999984741211,14.220000267028809,13.6899995803833,14.220000267028809,640000
2023-01-06,13.960000038146973,13.960000038146973,13.75,13.90999984741211,245000
2023-01-09,13.720000267028809,13.890000343322754,13.600000381469727,13.890000343322754,336000
2023-01-10,13.640000343322754,13.779999732971191,13.609999656677246,13.710000038146973,205000
2023-01-11,13.430000305175781,13.630000114440918,13.430000305175781,13.630000114440918,814000
2023-01-12,13.649999618530273,13.729999542236328,13.430000305175781,13.479999542236328,224000
2023-01-13,13.569999694824219,13.59000015258789,13.489999771118164,13.520000457763672,115000
2023-01-16,13.449999809265137,13.460000038146973,13.34000015258789,13.420000076293945,370000
2023-01-17,13.630000114440918,13.630000114440918,13.4399995803833,13.449999809265137,318000
2023-01-30,13.130000114440918,13.140000343322754,12.8100004196167,13.109999656677246,738000
2023-01-31,13.34000015258789,13.359999656677246,13.0600004196167,13.1899995803833,558000
2023-02-01,13.180000305175781,13.319999694824219,13.149999618530273,13.229999542236328,412000
2023-02-02,13.039999961853027,13.100000381469727,12.90999984741211,13.100000381469727,238000
2023-02-03,13.359999656677246,13.4399995803833,13.079999923706055,13.09000015258789,707000
2023-02-06,13.789999961853027,13.789999961853027,13.5,13.510000228881836,820000
2023-02-07,13.640000343322754,13.670000076293945,13.510000228881836,13.670000076293945,458000
2023-02-08,13.739999771118164,13.800000190734863,13.640000343322754,13.699999809265137,710000
2023-02-09,13.630000114440918,13.850000381469727,13.630000114440918,13.84000015258789,298000
2023-02-10,13.859999656677246,13.859999656677246,13.520000457763672,13.520000457763672,222000
2023-02-13,13.850000381469727,14.140000343322754,13.84000015258789,13.960000038146973,760000
2023-02-14,13.869999885559082,13.890000343322754,13.710000038146973,13.8100004196167,341000
2023-02-15,14.109999656677246,14.180000305175781,13.960000038146973,13.960000038146973,281000
2023-02-16,13.770000457763672,14.109999656677246,13.710000038146973,14.109999656677246,720000
2023-02-17,14.09000015258789,14.09000015258789,13.899999618530273,13.899999618530273,213000
2023-02-20,14.100000381469727,14.25,14.039999961853027,14.149999618530273,206000
2023-02-21,14.25,14.25,14.010000228881836,14.100000381469727,187000
2023-02-22,14.460000038146973,14.550000190734863,14.319999694824219,14.319999694824219,337000
2023-02-23,14.430000305175781,14.579999923706055,14.319999694824219,14.5600004196167,342000
2023-02-24,14.720000267028809,14.75,14.390000343322754,14.420000076293945,460000
2023-03-01,14.550000190734863,15.050000190734863,14.5,14.90999984741211,487000
2023-03-02,14.460000038146973,14.550000190734863,14.390000343322754,14.449999809265137,238000
2023-03-03,14.329999923706055,14.359999656677246,14.220000267028809,14.3100004196167,199000
2023-03-06,14.279999732971191,14.489999771118164,14.180000305175781,14.180000305175781,160000
2023-03-07,14.149999618530273,14.350000381469727,13.960000038146973,14.350000381469727,260100
2023-03-08,14.800000190734863,14.859999656677246,14.319999694824219,14.319999694824219,411000
2023-03-09,14.770000457763672,14.84000015258789,14.739999771118164,14.800000190734863,106000
2023-03-10,15.350000381469727,15.380000114440918,15.010000228881836,15.010000228881836,610000
2023-03-13,14.989999771118164,15.479999542236328,14.930000305175781,15.479999542236328,448000
2023-03-14,15.300000190734863,15.40999984741211,15.039999961853027,15.149999618530273,649000
2023-03-15,15.140000343322754,15.149999618530273,14.9399995803833,15.149999618530273,416000
2023-03-16,15.210000038146973,15.350000381469727,15.109999656677246,15.220000267028809,326000
2023-03-17,14.930000305175781,15.079999923706055,14.859999656677246,15.039999961853027,234000
2023-03-20,15.270000457763672,15.279999732971191,14.9399995803833,14.9399995803833,206000
2023-03-21,15.180000305175781,15.3100004196167,15.180000305175781,15.210000038146973,198000
2023-03-22,14.869999885559082,15.180000305175781,14.6899995803833,15.180000305175781,630000
2023-03-23,14.539999961853027,14.850000381469727,14.539999961853027,14.850000381469727,423002
2023-03-24,14.399999618530273,14.489999771118164,14.3100004196167,14.489999771118164,335000
2023-03-27,14.649999618530273,14.850000381469727,14.479999542236328,14.539999961853027,466000
2023-03-28,14.680000305175781,14.779999732971191,14.649999618530273,14.680000305175781,118000
2023-03-29,14.3100004196167,14.399999618530273,14.050000190734863,14.329999923706055,312000
2023-03-30,14.420000076293945,14.460000038146973,14.25,14.359999656677246,127000
2023-03-31,14.130000114440918,14.130000114440918,13.899999618530273,14.039999961853027,475000
2023-04-06,14.390000343322754,14.520000457763672,14.350000381469727,14.380000114440918,162000
2023-04-07,14.25,14.260000228881836,14.199999809265137,14.260000228881836,160000
2023-04-10,14.130000114440918,14.199999809265137,14.100000381469727,14.100000381469727,82000
2023-04-11,14.279999732971191,14.34000015258789,14.029999732971191,14.100000381469727,102000
2023-04-12,14.300000190734863,14.329999923706055,14.15999984741211,14.15999984741211,76000
2023-04-13,14.399999618530273,14.670000076293945,14.399999618530273,14.510000228881836,260000
2023-04-14,14.300000190734863,14.329999923706055,14.210000038146973,14.260000228881836,227000
2023-04-17,14.149999618530273,14.369999885559082,14.149999618530273,14.369999885559082,97000
2023-04-18,14.050000190734863,14.09000015258789,13.989999771118164,14.079999923706055,181000
2023-04-19,14.1899995803833,14.260000228881836,14.1899995803833,14.239999771118164,133000
2023-04-20,14.300000190734863,14.390000343322754,14.260000228881836,14.350000381469727,75000
2023-04-21,14.510000228881836,14.510000228881836,14.359999656677246,14.40999984741211,270000
2023-04-24,14.739999771118164,14.739999771118164,14.579999923706055,14.609999656677246,137000
2023-04-25,15.0,15.0,14.699999809265137,14.739999771118164,416000
2023-04-26,14.789999961853027,15.170000076293945,14.789999961853027,15.170000076293945,249000
2023-04-27,14.890000343322754,14.9399995803833,14.829999923706055,14.829999923706055,188000
2023-04-28,14.65999984741211,14.75,14.5,14.75,247000
2023-05-02,14.789999961853027,14.859999656677246,14.420000076293945,14.479999542236328,147000
2023-05-03,15.0600004196167,15.100000381469727,14.970000267028809,15.09000015258789,162000
2023-05-04,14.710000038146973,14.960000038146973,14.65999984741211,14.960000038146973,351000
2023-05-05,14.479999542236328,14.5600004196167,14.40999984741211,14.510000228881836,181000
2023-05-08,14.369999885559082,14.479999542236328,14.3100004196167,14.479999542236328,166000
2023-05-09,14.350000381469727,14.380000114440918,14.289999961853027,14.319999694824219,254000
2023-05-10,14.739999771118164,14.789999961853027,14.5,14.5,472000
2023-05-11,14.819999694824219,14.819999694824219,14.640000343322754,14.649999618530273,113000
2023-05-12,14.75,14.779999732971191,14.609999656677246,14.670000076293945,268000
2023-05-15,14.640000343322754,14.899999618530273,14.640000343322754,14.899999618530273,196010
2023-05-16,14.529999732971191,14.529999732971191,14.369999885559082,14.489999771118164,184000
2023-05-17,14.6899995803833,14.6899995803833,14.5,14.520000457763672,208000
2023-05-18,14.680000305175781,14.770000457763672,14.5600004196167,14.5600004196167,149000
2023-05-19,14.9399995803833,15.0,14.779999732971191,14.779999732971191,408000
2023-05-22,14.699999809265137,14.90999984741211,14.640000343322754,14.90999984741211,112000
2023-05-23,14.800000190734863,14.800000190734863,14.649999618530273,14.649999618530273,67000
2023-05-24,15.100000381469727,15.140000343322754,14.9399995803833,14.9399995803833,101000
2023-05-25,15.609999656677246,15.630000114440918,15.1899995803833,15.1899995803833,316000
2023-05-26,15.710000038146973,15.739999771118164,15.65999984741211,15.65999984741211,88000
2023-05-29,15.65999984741211,15.65999984741211,15.4399995803833,15.5,223000
2023-05-30,15.84000015258789,15.84000015258789,15.579999923706055,15.579999923706055,194000
2023-05-31,16.079999923706055,16.079999923706055,15.880000114440918,15.90999984741211,669000
2023-06-01,15.789999961853027,16.049999237060547,15.779999732971191,16.049999237060547,288000
2023-06-02,15.350000381469727,15.699999809265137,15.289999961853027,15.65999984741211,394000
2023-06-05,15.300000190734863,15.350000381469727,15.149999618530273,15.1899995803833,172000
2023-06-06,15.029999732971191,15.15999984741211,14.899999618530273,15.15999984741211,409000
2023-06-07,14.949999809265137,15.039999961853027,14.880000114440918,14.899999618530273,501000
2023-06-08,15.0,15.130000114440918,14.979999542236328,14.979999542236328,303000
2023-06-09,14.890000343322754,14.989999771118164,14.850000381469727,14.989999771118164,241000
2023-06-12,14.850000381469727,14.970000267028809,14.8100004196167,14.8100004196167,134000
2023-06-13,14.819999694824219,14.930000305175781,14.739999771118164,14.869999885559082,156000
2023-06-14,14.800000190734863,14.800000190734863,14.609999656677246,14.720000267028809,226000
2023-06-15,14.529999732971191,14.680000305175781,14.529999732971191,14.649999618530273,355000
2023-06-16,14.260000228881836,14.380000114440918,14.260000228881836,14.350000381469727,244000
2023-06-19,14.460000038146973,14.5600004196167,14.319999694824219,14.319999694824219,202000
2023-06-20,14.699999809265137,14.699999809265137,14.520000457763672,14.520000457763672,137000
2023-06-21,15.0,15.010000228881836,14.75,14.75,690000
2023-06-26,15.300000190734863,15.319999694824219,15.149999618530273,15.1899995803833,442000
2023-06-27,15.069999694824219,15.3100004196167,15.039999961853027,15.289999961853027,185000
2023-06-28,15.069999694824219,15.100000381469727,14.899999618530273,14.970000267028809,109000
2023-06-29,15.239999771118164,15.25,14.989999771118164,15.020000457763672,225000
2023-06-30,15.140000343322754,15.239999771118164,15.109999656677246,15.239999771118164,676000
2023-07-03,14.880000114440918,15.149999618530273,14.84000015258789,15.140000343322754,226000
2023-07-04,14.770000457763672,14.8100004196167,14.729999542236328,14.8100004196167,41000
2023-07-05,15.029999732971191,15.029999732971191,14.899999618530273,14.899999618530273,99000
2023-07-06,15.449999809265137,15.489999771118164,15.180000305175781,15.180000305175781,127000
2023-07-07,15.510000228881836,15.699999809265137,15.510000228881836,15.699999809265137,454000
2023-07-10,15.539999961853027,15.539999961853027,15.239999771118164,15.239999771118164,120000
2023-07-11,15.319999694824219,15.380000114440918,15.25,15.380000114440918,63000
2023-07-12,15.140000343322754,15.260000228881836,15.069999694824219,15.1899995803833,105000
2023-07-13,14.720000267028809,14.970000267028809,14.710000038146973,14.970000267028809,372000
2023-07-14,14.670000076293945,14.680000305175781,14.550000190734863,14.550000190734863,213000
2023-07-17,14.869999885559082,14.880000114440918,14.729999542236328,14.850000381469727,47000
2023-07-18,15.010000228881836,15.029999732971191,14.739999771118164,14.800000190734863,189000
2023-07-19,15.239999771118164,15.319999694824219,15.149999618530273,15.199999809265137,222000
2023-07-20,15.029999732971191,15.100000381469727,14.850000381469727,14.960000038146973,77000
2023-07-21,15.100000381469727,15.1899995803833,14.960000038146973,15.180000305175781,119000
2023-07-24,15.300000190734863,15.359999656677246,15.1899995803833,15.25,161000
2023-07-25,14.770000457763672,14.920000076293945,14.729999542236328,14.920000076293945,221000
2023-07-26,14.75,14.770000457763672,14.65999984741211,14.65999984741211,394000
2023-07-27,14.390000343322754,14.550000190734863,14.359999656677246,14.5,287000
2023-07-28,14.229999542236328,14.649999618530273,14.199999809265137,14.529999732971191,368000
2023-07-31,13.920000076293945,14.050000190734863,13.729999542236328,14.010000228881836,333000
2023-08-01,14.079999923706055,14.09000015258789,13.770000457763672,13.869999885559082,247000
2023-08-02,14.4399995803833,14.449999809265137,14.100000381469727,14.199999809265137,259000
2023-08-04,14.300000190734863,14.399999618530273,14.140000343322754,14.329999923706055,583000
2023-08-07,14.399999618530273,14.5,14.350000381469727,14.4399995803833,130000
2023-08-08,14.630000114440918,14.699999809265137,14.5,14.5,146000
2023-08-09,14.75,14.890000343322754,14.720000267028809,14.75,139000
2023-08-10,14.770000457763672,14.8100004196167,14.680000305175781,14.75,112000
2023-08-11,14.800000190734863,14.819999694824219,14.59000015258789,14.59000015258789,11000
2023-08-14,15.25,15.279999732971191,15.0,15.0,708000
2023-08-15,15.260000228881836,15.270000457763672,15.130000114440918,15.270000457763672,227000
2023-08-16,15.4399995803833,15.5,15.3100004196167,15.449999809265137,367000
2023-08-17,15.550000190734863,15.779999732971191,15.40999984741211,15.729999542236328,570000
2023-08-18,15.710000038146973,15.75,15.4399995803833,15.539999961853027,855000
2023-08-21,15.989999771118164,16.06999969482422,15.800000190734863,15.800000190734863,398000
2023-08-22,16.06999969482422,16.09000015258789,15.880000114440918,16.0,490999
2023-08-23,15.8100004196167,16.059999465942383,15.760000228881836,16.059999465942383,252000
2023-08-24,15.369999885559082,15.8100004196167,15.34000015258789,15.8100004196167,358000
2023-08-25,15.630000114440918,15.630000114440918,15.5600004196167,15.5600004196167,235000
2023-08-28,15.449999809265137,15.449999809265137,15.0600004196167,15.399999618530273,321000
2023-08-29,15.109999656677246,15.350000381469727,15.079999923706055,15.329999923706055,102000
2023-08-30,15.130000114440918,15.130000114440918,14.90999984741211,15.020000457763672,57000
2023-08-31,15.270000457763672,15.270000457763672,14.9399995803833,14.9399995803833,77000
2023-09-01,15.270000457763672,15.270000457763672,15.270000457763672,15.270000457763672,0
2023-09-04,14.75,15.0,14.670000076293945,15.0,319000
2023-09-05,14.930000305175781,14.970000267028809,14.65999984741211,14.65999984741211,157000
2023-09-06,15.119999885559082,15.25,15.069999694824219,15.069999694824219,91000
2023-09-07,15.199999809265137,15.210000038146973,15.0600004196167,15.0600004196167,67000
2023-09-08,15.430000305175781,15.430000305175781,15.399999618530273,15.399999618530273,110000
2023-09-11,15.289999961853027,15.470000267028809,15.279999732971191,15.4399995803833,358000
2023-09-12,15.34000015258789,15.449999809265137,15.260000228881836,15.289999961853027,69000
2023-09-13,15.430000305175781,15.449999809265137,15.239999771118164,15.289999961853027,54000
2023-09-14,15.369999885559082,15.449999809265137,15.289999961853027,15.319999694824219,26000
2023-09-15,15.15999984741211,15.329999923706055,15.050000190734863,15.1899995803833,150000
2023-09-18,15.4399995803833,15.479999542236328,15.239999771118164,15.239999771118164,126000
2023-09-19,15.529999732971191,15.550000190734863,15.4399995803833,15.550000190734863,16000
2023-09-20,15.550000190734863,15.569999694824219,15.470000267028809,15.5,64000
2023-09-21,15.800000190734863,15.819999694824219,15.619999885559082,15.6899995803833,223000
2023-09-22,15.600000381469727,15.890000343322754,15.569999694824219,15.880000114440918,55000
2023-09-25,15.579999923706055,15.600000381469727,15.399999618530273,15.399999618530273,21010
2023-09-26,15.84000015258789,15.899999618530273,15.789999961853027,15.819999694824219,80000
2023-09-27,15.890000343322754,15.890000343322754,15.770000457763672,15.890000343322754,91000
2023-09-28,15.989999771118164,16.06999969482422,15.859999656677246,15.859999656677246,253000
2023-10-02,15.779999732971191,15.829999923706055,15.630000114440918,15.630000114440918,88000
2023-10-03,16.260000228881836,16.290000915527344,15.789999961853027,15.789999961853027,544000
2023-10-04,16.420000076293945,16.459999084472656,16.270000457763672,16.350000381469727,653000
2023-10-05,16.270000457763672,16.3700008392334,16.239999771118164,16.299999237060547,522000
2023-10-06,16.09000015258789,16.329999923706055,15.960000038146973,16.31999969482422,747000
2023-10-11,15.579999923706055,15.65999984741211,15.539999961853027,15.65999984741211,636000
2023-10-12,15.300000190734863,15.579999923706055,15.260000228881836,15.579999923706055,314000
2023-10-13,15.65999984741211,15.65999984741211,15.460000038146973,15.460000038146973,331000
2023-10-16,15.850000381469727,15.850000381469727,15.6899995803833,15.720000267028809,212000
2023-10-17,15.84000015258789,15.869999885559082,15.729999542236328,15.729999542236328,486000
2023-10-18,15.850000381469727,15.930000305175781,15.739999771118164,15.880000114440918,591000
2023-10-19,16.18000030517578,16.190000534057617,15.949999809265137,15.949999809265137,223000
2023-10-20,16.329999923706055,16.43000030517578,16.260000228881836,16.299999237060547,229000
2023-10-23,16.469999313354492,16.530000686645508,16.469999313354492,16.5,118000
2023-10-24,16.579999923706055,16.670000076293945,16.239999771118164,16.260000228881836,699000
2023-10-25,16.3700008392334,16.3700008392334,15.970000267028809,16.0,154000
2023-10-26,16.579999923706055,16.579999923706055,16.309999465942383,16.469999313354492,548000
2023-10-27,16.239999771118164,16.5,16.170000076293945,16.5,879000
2023-10-30,16.270000457763672,16.280000686645508,16.139999389648438,16.270000457763672,142000
2023-10-31,16.469999313354492,16.479999542236328,16.200000762939453,16.200000762939453,133000
2023-11-01,16.469999313354492,16.540000915527344,16.3700008392334,16.399999618530273,199000
2023-11-02,16.270000457763672,16.270000457763672,16.09000015258789,16.25,195000
2023-11-03,15.930000305175781,16.110000610351562,15.899999618530273,16.049999237060547,447000
2023-11-06,15.5600004196167,15.850000381469727,15.449999809265137,15.789999961853027,416000
2023-11-07,15.75,15.760000228881836,15.569999694824219,15.609999656677246,953000
2023-11-08,15.829999923706055,15.829999923706055,15.680000305175781,15.760000228881836,390000
2023-11-09,15.930000305175781,15.970000267028809,15.819999694824219,15.84000015258789,187000
2023-11-10,16.280000686645508,16.309999465942383,15.960000038146973,15.989999771118164,301000
2023-11-13,16.34000015258789,16.389999389648438,15.329999923706055,15.329999923706055,114000
2023-11-14,16.110000610351562,16.1299991607666,15.960000038146973,15.989999771118164,176000
2023-11-15,15.619999885559082,15.850000381469727,15.520000457763672,15.850000381469727,275000
2023-11-16,15.609999656677246,15.710000038146973,15.289999961853027,15.470000267028809,579000
2023-11-17,15.989999771118164,16.010000228881836,15.770000457763672,15.770000457763672,559000
2023-11-20,15.619999885559082,15.84000015258789,15.619999885559082,15.779999732971191,415000
2023-11-21,15.399999618530273,15.40999984741211,15.270000457763672,15.390000343322754,345450
2023-11-22,15.600000381469727,15.789999961853027,15.569999694824219,15.789999961853027,245000
2023-11-23,15.710000038146973,15.75,15.640000343322754,15.729999542236328,362000
2023-11-24,15.670000076293945,15.699999809265137,15.550000190734863,15.550000190734863,493000
2023-11-27,15.899999618530273,15.960000038146973,15.609999656677246,15.640000343322754,589000
2023-11-28,15.9399995803833,15.9399995803833,15.770000457763672,15.770000457763672,344000
2023-11-29,16.25,16.260000228881836,15.890000343322754,15.920000076293945,579000
2023-11-30,16.260000228881836,16.299999237060547,16.170000076293945,16.239999771118164,877000
2023-12-01,16.389999389648438,16.420000076293945,16.190000534057617,16.209999084472656,929000
2023-12-04,16.530000686645508,16.649999618530273,16.280000686645508,16.299999237060547,468000
2023-12-05,16.8700008392334,16.90999984741211,16.649999618530273,16.700000762939453,162000
2023-12-06,16.68000030517578,17.010000228881836,16.68000030517578,16.959999084472656,301000
2023-12-07,17.030000686645508,17.110000610351562,16.81999969482422,16.81999969482422,115000
2023-12-08,16.899999618530273,16.959999084472656,16.790000915527344,16.860000610351562,160000
2023-12-11,17.3799991607666,17.43000030517578,16.950000762939453,17.06999969482422,546000
2023-12-12,17.0,17.18000030517578,16.93000030517578,17.100000381469727,309000
2023-12-13,17.18000030517578,17.18000030517578,17.030000686645508,17.079999923706055,548000
2023-12-14,16.959999084472656,17.209999084472656,16.799999237060547,17.209999084472656,640000
2023-12-15,16.610000610351562,16.729999542236328,16.350000381469727,16.6200008392334,519000
2023-12-18,16.84000015258789,16.84000015258789,16.610000610351562,16.610000610351562,41000
2023-12-19,16.93000030517578,17.049999237060547,16.93000030517578,16.93000030517578,77000
2023-12-20,16.780000686645508,16.8700008392334,16.729999542236328,16.8700008392334,229000
2023-12-21,16.8799991607666,17.200000762939453,16.829999923706055,17.110000610351562,51000
2023-12-22,17.1200008392334,17.1200008392334,16.670000076293945,16.670000076293945,264000
2023-12-25,17.1200008392334,17.25,17.010000228881836,17.09000015258789,378000
2023-12-26,17.030000686645508,17.049999237060547,16.93000030517578,17.049999237060547,167000
2023-12-27,16.84000015258789,17.030000686645508,16.809999465942383,16.93000030517578,158000
2023-12-28,16.299999237060547,16.84000015258789,16.299999237060547,16.84000015258789,873400
2023-12-29,16.350000381469727,16.360000610351562,16.170000076293945,16.200000762939453,506000
2024-01-02,16.530000686645508,16.559999465942383,16.1200008392334,16.239999771118164,807000
2024-01-03,16.799999237060547,16.829999923706055,16.700000762939453,16.700000762939453,307000
2024-01-04,16.8700008392334,16.8700008392334,16.670000076293945,16.68000030517578,122000
2024-01-05,16.780000686645508,16.93000030517578,16.59000015258789,16.84000015258789,190000
2024-01-08,17.260000228881836,17.299999237060547,16.829999923706055,16.829999923706055,518000
2024-01-09,17.25,17.260000228881836,17.040000915527344,17.170000076293945,206000
2024-01-10,17.459999084472656,17.459999084472656,17.290000915527344,17.420000076293945,365000
2024-01-11,17.06999969482422,17.450000762939453,17.059999465942383,17.420000076293945,371000
2024-01-12,17.190000534057617,17.31999969482422,17.100000381469727,17.1200008392334,565000
2024-01-15,17.399999618530273,17.489999771118164,17.219999313354492,17.219999313354492,156000
2024-01-16,17.780000686645508,17.799999237060547,17.459999084472656,17.459999084472656,298000
2024-01-17,18.399999618530273,18.40999984741211,17.81999969482422,17.81999969482422,156000
2024-01-18,18.530000686645508,18.600000381469727,18.329999923706055,18.43000030517578,321000
2024-01-19,18.459999084472656,18.459999084472656,18.280000686645508,18.360000610351562,139000
2024-01-22,18.90999984741211,18.920000076293945,18.270000457763672,18.270000457763672,256000
2024-01-23,18.350000381469727,18.860000610351562,18.209999084472656,18.780000686645508,619000
2024-01-24,18.299999237060547,18.299999237060547,17.8700008392334,18.1200008392334,380000
2024-01-25,17.290000915527344,17.760000228881836,17.290000915527344,17.469999313354492,377000
2024-01-26,17.489999771118164,17.540000915527344,17.299999237060547,17.43000030517578,567000
2024-01-29,17.5,17.5,17.229999542236328,17.479999542236328,433000
2024-01-30,17.81999969482422,17.8799991607666,17.579999923706055,17.579999923706055,537000
2024-01-31,18.1200008392334,18.1200008392334,17.809999465942383,17.850000381469727,423000
2024-02-01,17.969999313354492,18.209999084472656,17.780000686645508,17.969999313354492,399000
2024-02-02,17.969999313354492,18.059999465942383,17.6200008392334,17.979999542236328,662000
2024-02-05,17.899999618530273,18.420000076293945,17.860000610351562,18.149999618530273,853000
2024-02-15,17.5,17.690000534057617,17.360000610351562,17.610000610351562,263000
2024-02-16,16.940000534057617,17.450000762939453,16.93000030517578,17.3700008392334,409000
2024-02-19,17.190000534057617,17.209999084472656,16.899999618530273,16.899999618530273,303000
2024-02-20,17.309999465942383,17.31999969482422,17.010000228881836,17.170000076293945,223000
2024-02-21,16.479999542236328,17.110000610351562,16.420000076293945,17.110000610351562,918000
2024-02-22,16.530000686645508,16.799999237060547,16.530000686645508,16.75,418000
2024-02-23,16.40999984741211,16.5,16.190000534057617,16.350000381469727,664000
2024-02-26,16.459999084472656,16.520000457763672,16.329999923706055,16.43000030517578,187000
2024-02-27,16.469999313354492,16.65999984741211,16.40999984741211,16.479999542236328,440000
2024-02-29,16.649999618530273,16.75,16.489999771118164,16.6299991607666,342000
2024-03-01,16.540000915527344,16.920000076293945,16.469999313354492,16.780000686645508,721000
2024-03-04,16.549999237060547,16.65999984741211,16.450000762939453,16.469999313354492,200000
2024-03-05,16.920000076293945,16.950000762939453,16.709999084472656,16.780000686645508,194000
2024-03-06,16.649999618530273,16.979999542236328,16.5,16.940000534057617,93000
2024-03-07,16.68000030517578,16.690000534057617,16.520000457763672,16.579999923706055,122000
2024-03-08,16.559999465942383,16.770000457763672,16.489999771118164,16.75,118000
2024-03-11,16.420000076293945,16.559999465942383,16.350000381469727,16.559999465942383,68000
2024-03-12,15.930000305175781,16.290000915527344,15.920000076293945,16.25,226000
2024-03-13,15.760000228881836,15.880000114440918,15.75,15.880000114440918,122000
2024-03-14,15.989999771118164,15.989999771118164,15.739999771118164,15.850000381469727,96000
2024-03-15,16.360000610351562,16.3799991607666,16.059999465942383,16.059999465942383,302000
2024-03-18,16.1200008392334,16.280000686645508,16.079999923706055,16.200000762939453,137000
2024-03-19,16.34000015258789,16.389999389648438,16.219999313354492,16.260000228881836,168000
2024-03-20,16.290000915527344,16.360000610351562,16.200000762939453,16.31999969482422,112000
2024-03-21,16.040000915527344,16.139999389648438,15.880000114440918,16.139999389648438,130000
2024-03-22,16.530000686645508,16.600000381469727,16.18000030517578,16.190000534057617,1725000
2024-03-25,16.389999389648438,16.440000534057617,16.280000686645508,16.399999618530273,200000
2024-03-26,16.34000015258789,16.399999618530273,16.25,16.350000381469727,37000
2024-03-27,16.450000762939453,16.5,16.329999923706055,16.329999923706055,111000
2024-03-28,16.149999618530273,16.5,16.059999465942383,16.450000762939453,197000
2024-03-29,16.149999618530273,16.149999618530273,16.149999618530273,16.149999618530273,0
2024-04-01,16.040000915527344,16.149999618530273,16.040000915527344,16.149999618530273,347000
2024-04-02,15.880000114440918,16.010000228881836,15.819999694824219,16.010000228881836,257000
2024-04-03,16.040000915527344,16.040000915527344,15.850000381469727,15.850000381469727,115000
2024-04-08,16.100000381469727,16.299999237060547,15.949999809265137,16.200000762939453,268000
2024-04-09,16.059999465942383,16.059999465942383,15.859999656677246,15.970000267028809,33000
2024-04-10,15.710000038146973,16.079999923706055,15.670000076293945,16.059999465942383,874000
2024-04-11,15.770000457763672,16.06999969482422,15.770000457763672,15.869999885559082,503000
2024-04-12,16.040000915527344,16.040000915527344,15.899999618530273,15.90999984741211,477000
2024-04-15,16.229999542236328,16.350000381469727,16.200000762939453,16.350000381469727,156000
2024-04-16,16.559999465942383,16.559999465942383,16.350000381469727,16.350000381469727,270000
2024-04-17,16.639999389648438,16.649999618530273,16.559999465942383,16.59000015258789,103000
2024-04-18,16.389999389648438,16.59000015258789,16.270000457763672,16.59000015258789,83000
2024-04-19,16.579999923706055,16.739999771118164,16.540000915527344,16.540000915527344,83000
2024-04-22,16.270000457763672,16.639999389648438,16.18000030517578,16.5,455000
2024-04-23,16.049999237060547,16.280000686645508,16.030000686645508,16.219999313354492,84000
2024-04-24,15.670000076293945,16.0,15.640000343322754,16.0,823000
2024-04-25,15.579999923706055,15.720000267028809,15.399999618530273,15.720000267028809,663000
2024-04-26,15.069999694824219,15.520000457763672,15.069999694824219,15.520000457763672,876000
2024-04-29,15.119999885559082,15.199999809265137,14.920000076293945,15.100000381469727,453000
2024-04-30,15.15999984741211,15.1899995803833,15.0,15.109999656677246,561000
2024-05-02,14.779999732971191,15.199999809265137,14.760000228881836,15.199999809265137,1281000
2024-05-03,14.520000457763672,14.699999809265137,14.380000114440918,14.699999809265137,748000
2024-05-06,14.5600004196167,14.5600004196167,14.369999885559082,14.369999885559082,126000
2024-05-07,14.489999771118164,14.550000190734863,14.390000343322754,14.430000305175781,186000
2024-05-08,14.649999618530273,14.649999618530273,14.430000305175781,14.510000228881836,213000
2024-05-09,14.510000228881836,14.699999809265137,14.449999809265137,14.699999809265137,237000
2024-05-10,14.109999656677246,14.390000343322754,14.109999656677246,14.380000114440918,477000
2024-05-13,14.010000228881836,14.260000228881836,14.010000228881836,14.1899995803833,206000
2024-05-14,14.050000190734863,14.050000190734863,13.899999618530273,13.960000038146973,301000
2024-05-15,14.0600004196167,14.079999923706055,14.050000190734863,14.050000190734863,21000
2024-05-16,13.760000228881836,13.989999771118164,13.760000228881836,13.869999885559082,206000
2024-05-17,13.75,13.779999732971191,13.600000381469727,13.760000228881836,169000
2024-05-20,13.609999656677246,13.65999984741211,13.5600004196167,13.600000381469727,137000
2024-05-21,13.829999923706055,13.869999885559082,13.6899995803833,13.6899995803833,142000
2024-05-22,13.819999694824219,13.90999984741211,13.770000457763672,13.890000343322754,134000
2024-05-23,14.140000343322754,14.170000076293945,14.020000457763672,14.020000457763672,408000
2024-05-24,14.3100004196167,14.350000381469727,14.109999656677246,14.229999542236328,383180
2024-05-27,14.220000267028809,14.369999885559082,14.15999984741211,14.270000457763672,264000
2024-05-28,14.100000381469727,14.170000076293945,14.0,14.010000228881836,222000
2024-05-29,14.350000381469727,14.369999885559082,14.229999542236328,14.25,156000
2024-05-30,14.65999984741211,14.65999984741211,14.390000343322754,14.390000343322754,668000
2024-05-31,14.539999961853027,14.630000114440918,14.380000114440918,14.630000114440918,156000
2024-06-03,14.40999984741211,14.630000114440918,14.359999656677246,14.600000381469727,87000
2024-06-04,14.4399995803833,14.579999923706055,14.390000343322754,14.550000190734863,190000
2024-06-05,14.390000343322754,14.4399995803833,14.210000038146973,14.430000305175781,176000
2024-06-06,14.420000076293945,14.420000076293945,14.239999771118164,14.3100004196167,141000
2024-06-07,14.489999771118164,14.5,14.3100004196167,14.3100004196167,155000
2024-06-11,14.710000038146973,14.779999732971191,14.649999618530273,14.65999984741211,389000
2024-06-12,14.8100004196167,14.850000381469727,14.699999809265137,14.760000228881836,140000
2024-06-13,14.729999542236328,14.75,14.600000381469727,14.619999885559082,25000
2024-06-14,14.739999771118164,14.739999771118164,14.619999885559082,14.739999771118164,40000
2024-06-17,14.739999771118164,14.90999984741211,14.59000015258789,14.800000190734863,120000
2024-06-18,14.739999771118164,14.75,14.699999809265137,14.75,21000
2024-06-19,14.390000343322754,14.520000457763672,14.380000114440918,14.520000457763672,62000
2024-06-20,14.329999923706055,14.350000381469727,14.210000038146973,14.300000190734863,79000
2024-06-21,14.600000381469727,14.640000343322754,14.430000305175781,14.460000038146973,121000
2024-06-24,14.670000076293945,14.760000228881836,14.670000076293945,14.6899995803833,21000
2024-06-25,14.479999542236328,14.520000457763672,14.430000305175781,14.510000228881836,35000
2024-06-26,14.520000457763672,14.630000114440918,14.510000228881836,14.630000114440918,14000
2024-06-27,14.869999885559082,14.869999885559082,14.649999618530273,14.649999618530273,326000
2024-06-28,14.8100004196167,15.029999732971191,14.779999732971191,15.0,1279000
2024-07-01,14.90999984741211,14.90999984741211,14.90999984741211,14.90999984741211,1000
2024-07-02,14.760000228881836,14.9399995803833,14.630000114440918,14.930000305175781,568000
2024-07-03,14.609999656677246,14.729999542236328,14.520000457763672,14.710000038146973,247000
2024-07-04,14.520000457763672,14.520000457763672,14.369999885559082,14.460000038146973,374000
2024-07-05,14.630000114440918,14.630000114440918,14.350000381469727,14.40999984741211,100000
2024-07-08,14.710000038146973,14.739999771118164,14.6899995803833,14.699999809265137,38000
2024-07-09,14.8100004196167,14.90999984741211,14.760000228881836,14.760000228881836,75000
2024-07-10,14.850000381469727,14.850000381469727,14.579999923706055,14.699999809265137,43000
2024-07-11,14.649999618530273,14.710000038146973,14.59000015258789,14.710000038146973,34000
2024-07-12,14.25,14.430000305175781,14.229999542236328,14.430000305175781,164000
2024-07-15,14.369999885559082,14.4399995803833,14.289999961853027,14.289999961853027,130000
2024-07-16,14.640000343322754,14.65999984741211,14.520000457763672,14.520000457763672,113150
2024-07-17,14.720000267028809,14.75,14.630000114440918,14.630000114440918,138000
2024-07-18,14.630000114440918,14.850000381469727,14.630000114440918,14.850000381469727,8000
2024-07-19,15.100000381469727,15.109999656677246,14.859999656677246,14.859999656677246,107000
2024-07-22,14.960000038146973,15.180000305175781,14.899999618530273,15.010000228881836,50000
2024-07-23,14.930000305175781,14.930000305175781,14.75,14.75,146000
2024-07-26,15.449999809265137,15.479999542236328,15.229999542236328,15.270000457763672,70000
2024-07-29,15.170000076293945,15.3100004196167,15.140000343322754,15.3100004196167,30000
2024-07-30,15.479999542236328,15.479999542236328,15.270000457763672,15.270000457763672,19000
2024-07-31,15.149999618530273,15.260000228881836,15.140000343322754,15.260000228881836,19000
2024-08-01,15.210000038146973,15.25,15.100000381469727,15.100000381469727,20000
2024-08-02,15.539999961853027,15.550000190734863,15.369999885559082,15.369999885559082,60000
2024-08-05,15.789999961853027,15.800000190734863,15.569999694824219,15.800000190734863,87435
2024-08-06,15.729999542236328,15.729999542236328,15.5600004196167,15.569999694824219,56000
2024-08-07,15.510000228881836,15.729999542236328,15.510000228881836,15.699999809265137,18000
2024-08-08,15.460000038146973,15.800000190734863,15.430000305175781,15.600000381469727,16000
2024-08-09,15.300000190734863,15.350000381469727,15.270000457763672,15.350000381469727,10000
2024-08-12,15.399999618530273,15.399999618530273,15.399999618530273,15.399999618530273,1000
2024-08-13,15.289999961853027,15.390000343322754,15.279999732971191,15.279999732971191,72000
2024-08-14,15.34000015258789,15.34000015258789,15.15999984741211,15.180000305175781,16000
2024-08-15,15.270000457763672,15.270000457763672,15.119999885559082,15.220000267028809,35000
2024-08-16,14.949999809265137,15.140000343322754,14.9399995803833,15.140000343322754,39000
2024-08-19,14.739999771118164,14.789999961853027,14.649999618530273,14.779999732971191,32000
2024-08-20,14.8100004196167,14.8100004196167,14.800000190734863,14.800000190734863,5000
2024-08-21,14.979999542236328,14.979999542236328,14.920000076293945,14.960000038146973,11000
2024-08-22,14.979999542236328,14.979999542236328,14.979999542236328,14.979999542236328,0
2024-08-23,14.8100004196167,14.829999923706055,14.789999961853027,14.829999923706055,57000
2024-08-26,14.600000381469727,14.640000343322754,14.600000381469727,14.640000343322754,22000
2024-08-27,14.579999923706055,14.680000305175781,14.579999923706055,14.680000305175781,7000
2024-08-28,14.789999961853027,14.789999961853027,14.569999694824219,14.569999694824219,69000
2024-08-29,14.850000381469727,14.9399995803833,14.850000381469727,14.859999656677246,31000
2024-08-30,14.390000343322754,14.619999885559082,14.380000114440918,14.619999885559082,60000
2024-09-02,14.710000038146973,14.779999732971191,14.510000228881836,14.510000228881836,63000
2024-09-03,14.869999885559082,14.869999885559082,14.84000015258789,14.850000381469727,6000
2024-09-04,14.979999542236328,15.09000015258789,14.899999618530273,14.960000038146973,28000
2024-09-05,15.119999885559082,15.119999885559082,14.979999542236328,14.979999542236328,2000
2024-09-06,15.109999656677246,15.109999656677246,15.100000381469727,15.100000381469727,10000
2024-09-09,15.300000190734863,15.350000381469727,14.90999984741211,14.90999984741211,36000
2024-09-10,15.210000038146973,15.289999961853027,15.210000038146973,15.25,30000
2024-09-11,15.420000076293945,15.420000076293945,15.399999618530273,15.399999618530273,133000
2024-09-12,15.119999885559082,15.260000228881836,15.119999885559082,15.260000228881836,12000
2024-09-13,15.039999961853027,15.100000381469727,14.949999809265137,15.100000381469727,25000
2024-09-16,15.020000457763672,15.170000076293945,15.020000457763672,15.069999694824219,44000
2024-09-18,14.829999923706055,14.829999923706055,14.699999809265137,14.75,18000
2024-09-19,14.470000267028809,14.670000076293945,14.399999618530273,14.670000076293945,43000
2024-09-20,14.300000190734863,14.420000076293945,14.149999618530273,14.420000076293945,91000
2024-09-23,14.210000038146973,14.229999542236328,14.130000114440918,14.229999542236328,61000
2024-09-24,13.640000343322754,14.050000190734863,13.569999694824219,14.050000190734863,629400
2024-09-25,13.270000457763672,13.270000457763672,12.979999542236328,13.029999732971191,465151
2024-09-26,12.960000038146973,13.229999542236328,12.960000038146973,13.210000038146973,395000
2024-09-27,12.5,12.649999618530273,12.279999732971191,12.649999618530273,1079000
2024-09-30,11.930000305175781,12.3100004196167,11.899999618530273,12.3100004196167,630000
2024-10-01,12.390000343322754,12.390000343322754,12.260000228881836,12.260000228881836,796000
2024-10-04,11.130000114440918,12.0,11.130000114440918,12.0,2630000
2024-10-07,10.90999984741211,11.119999885559082,10.829999923706055,11.119999885559082,720000
2024-10-08,11.680000305175781,12.010000228881836,10.829999923706055,10.859999656677246,2565000
2024-10-09,11.8100004196167,12.369999885559082,11.59000015258789,11.680000305175781,2371000
2024-10-11,11.84000015258789,11.90999984741211,11.550000190734863,11.8100004196167,508000
2024-10-14,11.630000114440918,12.029999732971191,11.619999885559082,11.84000015258789,747000
2024-10-15,12.020000457763672,12.020000457763672,11.710000038146973,11.710000038146973,358000
2024-10-16,12.149999618530273,12.390000343322754,12.0600004196167,12.380000114440918,358000
2024-10-17,12.15999984741211,12.170000076293945,11.920000076293945,12.100000381469727,313000
2024-10-18,12.170000076293945,12.420000076293945,12.170000076293945,12.399999618530273,272000
2024-10-21,11.960000038146973,12.020000457763672,11.779999732971191,11.800000190734863,444000
2024-10-22,12.020000457763672,12.039999961853027,12.0,12.020000457763672,38000
2024-10-23,11.760000228881836,12.050000190734863,11.729999542236328,12.050000190734863,455000
2024-10-24,12.010000228881836,12.020000457763672,11.9399995803833,11.9399995803833,182000
2024-10-25,11.90999984741211,12.050000190734863,11.880000114440918,12.050000190734863,31000
2024-10-28,12.039999961853027,12.09000015258789,11.989999771118164,11.989999771118164,55000
2024-10-29,11.9399995803833,11.960000038146973,11.800000190734863,11.90999984741211,120000
2024-10-30,12.1899995803833,12.1899995803833,11.989999771118164,11.989999771118164,340000
2024-11-01,12.029999732971191,12.100000381469727,11.9399995803833,12.039999961853027,210000
2024-11-04,12.029999732971191,12.050000190734863,11.970000267028809,12.039999961853027,34000
2024-11-05,11.789999961853027,12.09000015258789,11.770000457763672,12.09000015258789,213000
2024-11-06,12.079999923706055,12.09000015258789,11.819999694824219,11.859999656677246,510000
2024-11-07,11.899999618530273,12.079999923706055,11.880000114440918,12.039999961853027,159000
2024-11-08,11.75,11.850000381469727,11.510000228881836,11.770000457763672,260000
2024-11-11,12.079999923706055,12.229999542236328,12.069999694824219,12.229999542236328,422000
2024-11-12,12.420000076293945,12.420000076293945,12.039999961853027,12.130000114440918,368000
2024-11-13,12.5600004196167,12.609999656677246,12.479999542236328,12.529999732971191,681000
2024-11-14,12.680000305175781,12.699999809265137,12.470000267028809,12.609999656677246,376025
2024-11-15,12.640000343322754,12.8100004196167,12.609999656677246,12.800000190734863,80000
2024-11-18,12.579999923706055,12.649999618530273,12.449999809265137,12.640000343322754,120000
2024-11-19,12.550000190734863,12.550000190734863,12.359999656677246,12.359999656677246,34000
2024-11-20,12.5,12.5,12.5,12.5,0
2024-11-21,12.569999694824219,12.579999923706055,12.5600004196167,12.5600004196167,37000
2024-11-22,12.800000190734863,12.84000015258789,12.649999618530273,12.649999618530273,111000
2024-11-25,12.930000305175781,12.949999809265137,12.800000190734863,12.800000190734863,74000
2024-11-26,12.869999885559082,13.069999694824219,12.8100004196167,13.0,73000
2024-11-27,12.869999885559082,12.960000038146973,12.869999885559082,12.869999885559082,59005
2024-11-28,12.8100004196167,12.8100004196167,12.630000114440918,12.630000114440918,20000
2024-11-29,12.720000267028809,12.819999694824219,12.600000381469727,12.779999732971191,115000
2024-12-02,12.710000038146973,12.739999771118164,12.59000015258789,12.729999542236328,161000
2024-12-03,12.6899995803833,12.779999732971191,12.579999923706055,12.579999923706055,13000
2024-12-04,12.430000305175781,12.579999923706055,12.430000305175781,12.579999923706055,193000
2024-12-05,12.640000343322754,12.649999618530273,12.609999656677246,12.630000114440918,78000
2024-12-06,12.4399995803833,12.550000190734863,12.369999885559082,12.550000190734863,163000
2024-12-09,12.470000267028809,12.5,12.369999885559082,12.470000267028809,120000
2024-12-10,11.930000305175781,11.930000305175781,11.529999732971191,11.880000114440918,1056000
2024-12-11,12.130000114440918,12.130000114440918,11.979999542236328,12.0,202000
2024-12-12,12.0,12.199999809265137,11.9399995803833,12.1899995803833,134000
2024-12-13,12.279999732971191,12.279999732971191,12.100000381469727,12.100000381469727,128000
2024-12-16,12.350000381469727,12.359999656677246,12.300000190734863,12.3100004196167,46000
2024-12-17,12.430000305175781,12.479999542236328,12.399999618530273,12.430000305175781,27000
2024-12-18,12.279999732971191,12.460000038146973,12.279999732971191,12.460000038146973,121000
2024-12-19,12.430000305175781,12.510000228881836,12.420000076293945,12.479999542236328,39000
2024-12-20,12.4399995803833,12.460000038146973,12.40999984741211,12.460000038146973,26000
2024-12-23,12.34000015258789,12.430000305175781,12.34000015258789,12.430000305175781,20000
2024-12-24,12.149999618530273,12.260000228881836,12.130000114440918,12.260000228881836,74000
2024-12-25,12.119999885559082,12.130000114440918,12.119999885559082,12.119999885559082,16000
2024-12-26,12.119999885559082,12.119999885559082,12.119999885559082,12.119999885559082,3000
2024-12-27,12.140000343322754,12.210000038146973,12.119999885559082,12.119999885559082,16000
2024-12-30,12.25,12.270000457763672,12.180000305175781,12.1899995803833,169000
2024-12-31,12.1899995803833,12.260000228881836,12.180000305175781,12.260000228881836,63000
2025-01-02,12.430000305175781,12.529999732971191,12.34000015258789,12.34000015258789,77005
2025-01-03,12.460000038146973,12.5,12.399999618530273,12.479999542236328,41000
2025-01-06,12.40999984741211,12.449999809265137,12.399999618530273,12.449999809265137,31000
2025-01-07,12.649999618530273,12.699999809265137,12.550000190734863,12.550000190734863,65000
2025-01-08,12.800000190734863,12.800000190734863,12.5600004196167,12.630000114440918,96005
2025-01-09,12.699999809265137,12.729999542236328,12.619999885559082,12.619999885559082,193000
2025-01-10,12.8100004196167,12.8100004196167,12.75,12.75,114000
2025-01-13,13.029999732971191,13.119999885559082,12.989999771118164,13.010000228881836,469000
2025-01-14,12.760000228881836,12.920000076293945,12.75,12.920000076293945,92000
2025-01-15,12.720000267028809,12.720000267028809,12.65999984741211,12.699999809265137,139000
2025-01-16,12.609999656677246,12.609999656677246,12.390000343322754,12.40999984741211,148000
2025-01-17,12.479999542236328,12.569999694824219,12.460000038146973,12.569999694824219,300000
2025-01-20,12.119999885559082,12.260000228881836,12.119999885559082,12.25,344000
2025-01-21,12.020000457763672,12.180000305175781,12.0,12.109999656677246,391000
2025-01-22,12.279999732971191,12.279999732971191,12.020000457763672,12.0600004196167,438000
2025-02-03,12.180000305175781,12.319999694824219,12.069999694824219,12.199999809265137,1018000
2025-02-04,11.760000228881836,11.899999618530273,11.529999732971191,11.869999885559082,1371000
2025-02-05,11.6899995803833,11.819999694824219,11.529999732971191,11.5600004196167,172000
2025-02-06,11.619999885559082,11.699999809265137,11.5600004196167,11.680000305175781,216000
2025-02-07,11.34000015258789,11.5600004196167,11.319999694824219,11.510000228881836,1681030
2025-02-10,11.149999618530273,11.3100004196167,11.149999618530273,11.289999961853027,1017000
2025-02-11,11.210000038146973,11.279999732971191,11.069999694824219,11.180000305175781,691000
2025-02-12,11.149999618530273,11.239999771118164,11.0600004196167,11.1899995803833,729000
2025-02-13,10.779999732971191,10.960000038146973,10.779999732971191,10.960000038146973,921000
2025-02-14,10.789999961853027,11.039999961853027,10.75,11.039999961853027,838000
2025-02-17,10.670000076293945,10.710000038146973,10.460000038146973,10.699999809265137,1681240
2025-02-18,10.399999618530273,10.619999885559082,10.390000343322754,10.600000381469727,1517000
2025-02-19,10.529999732971191,10.619999885559082,10.460000038146973,10.600000381469727,1190000
2025-02-20,10.550000190734863,10.699999809265137,10.529999732971191,10.569999694824219,1876000
2025-02-21,10.3100004196167,10.520000457763672,10.3100004196167,10.520000457763672,1417000
2025-02-24,10.279999732971191,10.380000114440918,10.229999542236328,10.300000190734863,1795000
2025-02-25,10.319999694824219,10.539999961853027,10.3100004196167,10.4399995803833,1686000
2025-02-26,10.069999694824219,10.34000015258789,10.069999694824219,10.329999923706055,2066000
2025-02-27,10.180000305175781,10.220000267028809,9.9399995803833,10.050000190734863,1893000
2025-03-03,10.380000114440918,10.489999771118164,10.3100004196167,10.489999771118164,1871000
2025-03-04,10.5600004196167,10.699999809265137,10.5,10.5600004196167,3242000
2025-03-05,10.359999656677246,10.5600004196167,10.270000457763672,10.5600004196167,2484080
2025-03-06,9.930000305175781,10.170000076293945,9.920000076293945,10.170000076293945,2828000
2025-03-07,9.779999732971191,10.029999732971191,9.779999732971191,10.020000457763672,2499000
2025-03-10,10.149999618530273,10.149999618530273,9.890000343322754,9.949999809265137,2373000
2025-03-11,10.170000076293945,10.420000076293945,10.100000381469727,10.380000114440918,1419000
2025-03-12,10.100000381469727,10.149999618530273,9.979999542236328,10.039999961853027,780000
2025-03-13,10.25,10.279999732971191,10.100000381469727,10.119999885559082,1412000
2025-03-14,9.949999809265137,10.140000343322754,9.869999885559082,10.109999656677246,1856000
2025-03-17,9.859999656677246,9.899999618530273,9.770000457763672,9.800000190734863,469000
2025-03-18,9.670000076293945,9.75,9.65999984741211,9.729999542236328,1404000
2025-03-19,9.609999656677246,9.6899995803833,9.600000381469727,9.670000076293945,1201000
2025-03-20,9.75,9.800000190734863,9.609999656677246,9.609999656677246,909100
2025-03-21,10.050000190734863,10.069999694824219,9.819999694824219,9.819999694824219,2114000
2025-03-24,10.050000190734863,10.119999885559082,10.020000457763672,10.029999732971191,549000
2025-03-25,10.149999618530273,10.210000038146973,10.050000190734863,10.09000015258789,1021000
2025-03-26,10.1899995803833,10.210000038146973,10.100000381469727,10.149999618530273,351000
2025-03-27,10.100000381469727,10.229999542236328,10.010000228881836,10.170000076293945,1437000
2025-03-28,10.289999961853027,10.289999961853027,10.0600004196167,10.109999656677246,887000
2025-03-31,10.359999656677246,10.390000343322754,10.220000267028809,10.359999656677246,1272000
2025-04-01,10.329999923706055,10.359999656677246,10.199999809265137,10.289999961853027,749000
2025-04-02,10.319999694824219,10.430000305175781,10.260000228881836,10.399999618530273,482000
2025-04-07,11.579999923706055,11.649999618530273,11.25,11.319999694824219,5733000
2025-04-08,11.680000305175781,11.789999961853027,11.359999656677246,11.699999809265137,4354000
2025-04-09,11.739999771118164,12.149999618530273,11.59000015258789,12.039999961853027,1679140
2025-04-10,11.079999923706055,11.359999656677246,10.510000228881836,11.359999656677246,2290000
2025-04-11,10.890000343322754,11.229999542236328,10.890000343322754,11.149999618530273,996000
2025-04-14,10.670000076293945,10.729999542236328,10.600000381469727,10.729999542236328,644000
2025-04-15,10.640000343322754,10.6899995803833,10.569999694824219,10.600000381469727,390200
2025-04-16,10.960000038146973,10.989999771118164,10.699999809265137,10.710000038146973,703300
2025-04-17,10.760000228881836,10.9399995803833,10.720000267028809,10.9399995803833,625000
2025-04-18,10.779999732971191,10.84000015258789,10.770000457763672,10.819999694824219,176000
2025-04-21,10.789999961853027,10.789999961853027,10.770000457763672,10.779999732971191,87000
2025-04-22,10.699999809265137,10.829999923706055,10.699999809265137,10.779999732971191,238000
2025-04-23,10.420000076293945,10.600000381469727,10.350000381469727,10.600000381469727,692000
2025-04-24,10.5600004196167,10.600000381469727,10.460000038146973,10.470000267028809,415000
2025-04-25,10.40999984741211,10.489999771118164,10.359999656677246,10.399999618530273,652000
2025-04-28,10.479999542236328,10.569999694824219,10.40999984741211,10.40999984741211,226000
2025-04-29,10.470000267028809,10.5,10.359999656677246,10.4399995803833,135000
2025-04-30,10.470000267028809,10.59000015258789,10.430000305175781,10.5,234000
2025-05-02,10.140000343322754,10.430000305175781,10.109999656677246,10.359999656677246,1231000
2025-05-05,10.149999618530273,10.1899995803833,9.8100004196167,10.130000114440918,719000
2025-05-06,9.899999618530273,10.010000228881836,9.899999618530273,9.899999618530273,390510
2025-05-07,9.890000343322754,9.930000305175781,9.670000076293945,9.899999618530273,936000
2025-05-08,9.899999618530273,10.0,9.8100004196167,9.960000038146973,189000
2025-05-09,9.899999618530273,9.949999809265137,9.890000343322754,9.890000343322754,668000
2025-05-12,9.779999732971191,9.819999694824219,9.710000038146973,9.800000190734863,174000
2025-05-13,9.770000457763672,9.789999961853027,9.609999656677246,9.630000114440918,335000
2025-05-14,9.579999923706055,9.75,9.579999923706055,9.75,493000
2025-05-15,9.569999694824219,9.579999923706055,9.5,9.579999923706055,629000
2025-05-16,9.630000114440918,9.699999809265137,9.619999885559082,9.649999618530273,475000
2025-05-19,9.65999984741211,9.760000228881836,9.65999984741211,9.680000305175781,316000
2025-05-20,9.520000457763672,9.609999656677246,9.510000228881836,9.510000228881836,819000
2025-05-21,9.369999885559082,9.510000228881836,9.369999885559082,9.510000228881836,852765
2025-05-22,9.460000038146973,9.489999771118164,9.420000076293945,9.420000076293945,264000
2025-05-23,9.40999984741211,9.520000457763672,9.40999984741211,9.520000457763672,257948
2025-05-26,9.630000114440918,9.630000114440918,9.359999656677246,9.359999656677246,402000
2025-05-27,9.680000305175781,9.680000305175781,9.600000381469727,9.649999618530273,585000
2025-05-28,9.609999656677246,9.670000076293945,9.550000190734863,9.59000015258789,233000
2025-05-29,9.510000228881836,9.670000076293945,9.359999656677246,9.359999656677246,587000
2025-06-02,9.850000381469727,9.9399995803833,9.600000381469727,9.600000381469727,1231000
2025-06-03,9.609999656677246,9.680000305175781,9.550000190734863,9.680000305175781,596000
2025-06-04,9.460000038146973,9.569999694824219,9.4399995803833,9.520000457763672,475000
2025-06-05,9.390000343322754,9.430000305175781,9.34000015258789,9.430000305175781,611000
2025-06-06,9.380000114440918,9.390000343322754,9.300000190734863,9.300000190734863,239000
2025-06-09,9.270000457763672,9.359999656677246,9.220000267028809,9.359999656677246,651000
2025-06-10,9.260000228881836,9.270000457763672,9.15999984741211,9.270000457763672,570000
2025-06-11,9.109999656677246,9.239999771118164,9.100000381469727,9.239999771118164,589000
2025-06-12,9.140000343322754,9.170000076293945,9.109999656677246,9.149999618530273,449000
2025-06-13,9.319999694824219,9.319999694824219,9.180000305175781,9.180000305175781,858000
2025-06-16,9.239999771118164,9.350000381469727,9.239999771118164,9.34000015258789,41000
2025-06-17,9.210000038146973,9.229999542236328,9.15999984741211,9.180000305175781,55000
2025-06-18,9.329999923706055,9.350000381469727,9.260000228881836,9.319999694824219,369000
2025-06-19,9.510000228881836,9.529999732971191,9.380000114440918,9.399999618530273,843000
2025-06-20,9.4399995803833,9.59000015258789,9.399999618530273,9.59000015258789,468000
2025-06-23,9.380000114440918,9.520000457763672,9.380000114440918,9.489999771118164,425000
2025-06-24,9.140000343322754,9.34000015258789,9.130000114440918,9.34000015258789,554000
2025-06-25,9.069999694824219,9.140000343322754,9.0600004196167,9.140000343322754,444000
2025-06-26,9.039999961853027,9.100000381469727,9.020000457763672,9.069999694824219,590050
2025-06-27,9.079999923706055,9.09000015258789,9.010000228881836,9.039999961853027,481000
2025-06-30,9.109999656677246,9.15999984741211,9.109999656677246,9.119999885559082,264000
2025-07-01,9.119999885559082,9.15999984741211,9.109999656677246,9.119999885559082,25000
2025-07-02,9.130000114440918,9.180000305175781,9.079999923706055,9.09000015258789,90000
2025-07-03,9.180000305175781,9.199999809265137,9.130000114440918,9.130000114440918,353000
2025-07-04,9.140000343322754,9.289999961853027,9.140000343322754,9.210000038146973,221028
2025-07-07,9.220000267028809,9.300000190734863,9.220000267028809,9.260000228881836,169000
2025-07-08,9.149999618530273,9.229999542236328,9.140000343322754,9.210000038146973,255000
2025-07-09,9.210000038146973,9.229999542236328,9.199999809265137,9.229999542236328,40000
2025-07-10,9.210000038146973,9.279999732971191,9.180000305175781,9.279999732971191,184000
2025-07-11,9.050000190734863,9.15999984741211,9.010000228881836,9.15999984741211,532000
2025-07-14,9.119999885559082,9.1899995803833,9.119999885559082,9.1899995803833,340000
2025-07-15,9.109999656677246,9.149999618530273,9.0,9.09000015258789,270000
2025-07-16,8.970000267028809,9.0,8.859999656677246,9.0,797000
2025-07-17,8.979999542236328,9.029999732971191,8.949999809265137,8.989999771118164,295000
2025-07-18,8.920000076293945,8.9399995803833,8.880000114440918,8.90999984741211,502000
2025-07-21,8.850000381469727,8.880000114440918,8.789999961853027,8.829999923706055,292000
2025-07-22,8.8100004196167,8.859999656677246,8.779999732971191,8.800000190734863,318000
2025-07-23,8.619999885559082,8.739999771118164,8.619999885559082,8.739999771118164,1188000
2025-07-24,8.5600004196167,8.640000343322754,8.5600004196167,8.640000343322754,728000
2025-07-25,8.699999809265137,8.720000267028809,8.640000343322754,8.649999618530273,646000
2025-07-28,8.699999809265137,8.710000038146973,8.630000114440918,8.699999809265137,337000
2025-07-29,8.829999923706055,8.829999923706055,8.739999771118164,8.739999771118164,512000
2025-07-30,8.760000228881836,8.859999656677246,8.739999771118164,8.84000015258789,290000
2025-07-31,8.979999542236328,9.0,8.869999885559082,8.869999885559082,1075000
2025-08-01,9.050000190734863,9.079999923706055,9.0,9.079999923706055,110000
2025-08-04,9.029999732971191,9.130000114440918,9.020000457763672,9.109999656677246,296000
2025-08-05,8.960000038146973,9.010000228881836,8.949999809265137,8.989999771118164,70000
2025-08-06,8.960000038146973,8.979999542236328,8.920000076293945,8.960000038146973,106000
2025-08-07,8.899999618530273,8.989999771118164,8.890000343322754,8.989999771118164,72000
2025-08-08,8.970000267028809,8.970000267028809,8.9399995803833,8.9399995803833,17000
2025-08-11,8.970000267028809,9.020000457763672,8.970000267028809,9.0,88000
2025-08-12,8.979999542236328,9.029999732971191,7.940000057220459,7.940000057220459,86000
2025-08-13,8.789999961853027,8.899999618530273,8.789999961853027,8.899999618530273,267000
2025-08-14,8.739999771118164,8.739999771118164,8.619999885559082,8.619999885559082,340000
2025-08-15,8.880000114440918,8.960000038146973,8.829999923706055,8.960000038146973,183000
2025-08-18,8.779999732971191,8.819999694824219,8.75,8.8100004196167,63000
2025-08-19,8.850000381469727,8.90999984741211,8.779999732971191,8.779999732971191,58010
2025-08-20,8.960000038146973,8.989999771118164,8.9399995803833,8.949999809265137,132000
2025-08-21,8.930000305175781,8.960000038146973,8.90999984741211,8.920000076293945,17000
2025-08-22,8.90999984741211,8.90999984741211,8.890000343322754,8.90999984741211,28000
2025-08-25,8.699999809265137,8.829999923706055,8.649999618530273,8.829999923706055,621000
2025-08-26,8.680000305175781,8.729999542236328,8.670000076293945,8.720000267028809,16000
2025-08-27,8.819999694824219,8.819999694824219,8.720000267028809,8.720000267028809,270265
2025-08-28,9.029999732971191,9.029999732971191,8.9399995803833,8.9399995803833,495000
2025-08-29,8.960000038146973,9.010000228881836,8.899999618530273,9.010000228881836,107000
2025-09-01,8.819999694824219,8.850000381469727,8.779999732971191,8.829999923706055,165000
2025-09-02,8.829999923706055,8.829999923706055,8.739999771118164,8.779999732971191,94000
2025-09-03,8.850000381469727,8.859999656677246,8.699999809265137,8.75,175000
2025-09-04,8.970000267028809,8.979999542236328,8.859999656677246,8.859999656677246,219000
2025-09-05,8.90999984741211,8.949999809265137,8.899999618530273,8.949999809265137,141000
2025-09-08,8.8100004196167,8.850000381469727,8.8100004196167,8.850000381469727,154000
2025-09-09,8.6899995803833,8.739999771118164,8.619999885559082,8.739999771118164,466000
2025-09-10,8.520000457763672,8.670000076293945,8.520000457763672,8.670000076293945,511000
2025-09-11,8.579999923706055,8.65999984741211,8.569999694824219,8.600000381469727,704000
2025-09-12,8.479999542236328,8.520000457763672,8.449999809265137,8.520000457763672,511000
2025-09-15,8.479999542236328,8.5600004196167,8.479999542236328,8.5600004196167,107000
2025-09-16,8.489999771118164,8.529999732971191,8.449999809265137,8.479999542236328,128000
2025-09-17,8.34000015258789,8.449999809265137,8.319999694824219,8.449999809265137,574000
2025-09-18,8.390000343322754,8.390000343322754,8.270000457763672,8.34000015258789,980000
2025-09-19,8.449999809265137,8.460000038146973,8.399999618530273,8.420000076293945,548000
2025-09-22,8.510000228881836,8.539999961853027,8.449999809265137,8.449999809265137,548270
2025-09-23,8.600000381469727,8.609999656677246,8.479999542236328,8.5,221056
2025-09-24,8.5,8.619999885559082,8.489999771118164,8.619999885559082,682000
2025-09-25,8.430000305175781,8.479999542236328,8.390000343322754,8.470000267028809,1162000
2025-09-26,8.489999771118164,8.539999961853027,8.489999771118164,8.5,1131000
2025-09-30,8.430000305175781,8.449999809265137,8.369999885559082,8.420000076293945,146000
2025-10-01,8.399999618530273,8.40999984741211,8.399999618530273,8.40999984741211,43000
2025-10-02,8.1899995803833,8.34000015258789,8.170000076293945,8.34000015258789,443000
2025-10-03,8.270000457763672,8.289999961853027,8.1899995803833,8.1899995803833,260125
2025-10-07,8.270000457763672,8.270000457763672,8.260000228881836,8.260000228881836,25000
2025-10-08,8.380000114440918,8.470000267028809,8.350000381469727,8.350000381469727,515000
2025-10-09,8.3100004196167,8.449999809265137,8.3100004196167,8.359999656677246,288546
2025-10-13,8.729999542236328,8.829999923706055,8.59000015258789,8.59000015258789,1906500
2025-10-14,8.6899995803833,8.729999542236328,8.569999694824219,8.729999542236328,709500
2025-10-15,8.649999618530273,8.8100004196167,8.630000114440918,8.8100004196167,168000
2025-10-16,8.649999618530273,8.680000305175781,8.550000190734863,8.5600004196167,406000
2025-10-17,8.770000457763672,8.779999732971191,8.619999885559082,8.680000305175781,495000
2025-10-20,8.630000114440918,8.739999771118164,8.579999923706055,8.729999542236328,327000
2025-10-21,8.460000038146973,8.5600004196167,8.449999809265137,8.550000190734863,180000
2025-10-22,8.640000343322754,8.680000305175781,8.600000381469727,8.600000381469727,139000
2025-10-23,8.65999984741211,8.710000038146973,8.640000343322754,8.710000038146973,40000
2025-10-27,8.40999984741211,8.460000038146973,8.380000114440918,8.460000038146973,270000
2025-10-28,8.449999809265137,8.449999809265137,8.369999885559082,8.40999984741211,20000
2025-10-29,8.449999809265137,8.449999809265137,8.399999618530273,8.399999618530273,43000
2025-10-30,8.470000267028809,8.539999961853027,8.420000076293945,8.430000305175781,101000
2025-10-31,8.59000015258789,8.630000114440918,8.539999961853027,8.539999961853027,208000
2025-11-03,8.600000381469727,8.649999618530273,8.59000015258789,8.59000015258789,106000
2025-11-04,8.59000015258789,8.649999618530273,8.579999923706055,8.649999618530273,36000
2025-11-05,8.710000038146973,8.829999923706055,8.6899995803833,8.720000267028809,590000
2025-11-06,8.5600004196167,8.649999618530273,8.550000190734863,8.649999618530273,87000
2025-11-07,8.59000015258789,8.59000015258789,8.539999961853027,8.539999961853027,28000
2025-11-10,8.5,8.539999961853027,8.5,8.539999961853027,12000
2025-11-11,8.460000038146973,8.5,8.40999984741211,8.420000076293945,366000
2025-11-12,8.380000114440918,8.399999618530273,8.319999694824219,8.399999618530273,430000
2025-11-13,8.399999618530273,8.399999618530273,8.359999656677246,8.380000114440918,177000
2025-11-14,8.4399995803833,8.449999809265137,8.380000114440918,8.449999809265137,74000
2025-11-17,8.550000190734863,8.550000190734863,8.479999542236328,8.479999542236328,109000
2025-11-18,8.65999984741211,8.65999984741211,8.579999923706055,8.600000381469727,544100
2025-11-19,8.710000038146973,8.710000038146973,8.630000114440918,8.65999984741211,116000
2025-11-20,8.710000038146973,8.739999771118164,8.630000114440918,8.630000114440918,233000
2025-11-21,8.84000015258789,8.930000305175781,8.829999923706055,8.829999923706055,371000
2025-11-24,8.800000190734863,8.890000343322754,8.75,8.75,123000
2025-11-25,8.6899995803833,8.770000457763672,8.65999984741211,8.75,116000
2025-11-26,8.619999885559082,8.670000076293945,8.619999885559082,8.670000076293945,79000
2025-11-27,8.630000114440918,8.710000038146973,8.609999656677246,8.65999984741211,285000
2025-11-28,8.710000038146973,8.720000267028809,8.630000114440918,8.630000114440918,60000
2025-12-01,8.699999809265137,8.699999809265137,8.640000343322754,8.649999618530273,48000
2025-12-02,8.649999618530273,8.649999618530273,8.59000015258789,8.619999885559082,156000
2025-12-03,8.739999771118164,8.760000228881836,8.729999542236328,8.729999542236328,45000
2025-12-04,8.739999771118164,8.760000228881836,8.720000267028809,8.760000228881836,15000
2025-12-05,8.729999542236328,8.729999542236328,8.720000267028809,8.720000267028809,10000
2025-12-08,8.680000305175781,8.680000305175781,8.579999923706055,8.600000381469727,74000
2025-12-09,8.829999923706055,8.84000015258789,8.75,8.75,120000
2025-12-10,8.90999984741211,8.930000305175781,8.890000343322754,8.920000076293945,136000
2025-12-11,8.880000114440918,8.880000114440918,8.770000457763672,8.819999694824219,105000
2025-12-12,8.739999771118164,8.8100004196167,8.739999771118164,8.789999961853027,78000
2025-12-15,8.859999656677246,8.859999656677246,8.800000190734863,8.800000190734863,152000
2025-12-16,9.09000015258789,9.09000015258789,8.90999984741211,8.90999984741211,349000
2025-12-17,9.050000190734863,9.069999694824219,9.020000457763672,9.039999961853027,290000
2025-12-18,8.989999771118164,9.039999961853027,8.989999771118164,9.039999961853027,148000
2025-12-19,8.899999618530273,8.960000038146973,8.899999618530273,8.949999809265137,77000
2025-12-22,8.869999885559082,8.880000114440918,8.829999923706055,8.880000114440918,96000
2025-12-23,8.859999656677246,8.880000114440918,8.819999694824219,8.819999694824219,52000
2025-12-24,8.890000343322754,8.899999618530273,8.869999885559082,8.869999885559082,113000
2025-12-26,8.829999923706055,8.84000015258789,8.8100004196167,8.8100004196167,8000
2025-12-29,8.819999694824219,8.829999923706055,8.760000228881836,8.829999923706055,71192
2025-12-30,8.800000190734863,8.899999618530273,8.800000190734863,8.899999618530273,18000
2025-12-31,8.899999618530273,8.90999984741211,8.880000114440918,8.880000114440918,10000
2026-01-02,8.640000343322754,8.859999656677246,8.640000343322754,8.859999656677246,713000
2026-01-05,8.630000114440918,8.640000343322754,8.609999656677246,8.630000114440918,235000
2026-01-06,8.5,8.600000381469727,8.489999771118164,8.600000381469727,203000
2026-01-07,8.6899995803833,8.6899995803833,8.609999656677246,8.609999656677246,60000
2026-01-08,8.75,8.779999732971191,8.729999542236328,8.729999542236328,102480
2026-01-09,8.760000228881836,8.760000228881836,8.65999984741211,8.65999984741211,582000
2026-01-12,8.65999984741211,8.739999771118164,8.640000343322754,8.739999771118164,43000
2026-01-13,8.520000457763672,8.520000457763672,8.430000305175781,8.510000228881836,94000
2026-01-14,8.520000457763672,8.529999732971191,8.430000305175781,8.5,60005
2026-01-15,8.550000190734863,8.550000190734863,8.5,8.520000457763672,45000
2026-01-16,8.569999694824219,8.59000015258789,8.550000190734863,8.550000190734863,22000
2026-01-19,8.619999885559082,8.670000076293945,8.619999885559082,8.670000076293945,24000
2026-01-20,8.65999984741211,8.739999771118164,8.600000381469727,8.600000381469727,22000
2026-01-21,8.710000038146973,8.75,8.680000305175781,8.6899995803833,96001
2026-01-22,8.699999809265137,8.699999809265137,8.649999618530273,8.649999618530273,121000
2026-01-23,8.619999885559082,8.640000343322754,8.59000015258789,8.59000015258789,45000
2026-01-26,8.649999618530273,8.65999984741211,8.579999923706055,8.579999923706055,22000
2026-01-27,8.569999694824219,8.630000114440918,8.539999961853027,8.630000114440918,208000
2026-01-28,8.319999694824219,8.489999771118164,8.319999694824219,8.489999771118164,320000
2026-01-29,8.260000228881836,8.369999885559082,8.260000228881836,8.369999885559082,92000
2026-01-30,8.430000305175781,8.449999809265137,8.319999694824219,8.319999694824219,130000
2026-02-02,8.770000457763672,8.770000457763672,8.449999809265137,8.449999809265137,489000
2026-02-03,8.739999771118164,8.869999885559082,8.630000114440918,8.770000457763672,380000
2026-02-04,8.800000190734863,8.800000190734863,8.729999542236328,8.75,27000
2026-02-05,8.819999694824219,8.869999885559082,8.800000190734863,8.8100004196167,184000
2026-02-06,8.75,8.859999656677246,8.75,8.850000381469727,309000
2026-02-09,8.630000114440918,8.649999618530273,8.550000190734863,8.630000114440918,249000
2026-02-10,8.529999732971191,8.579999923706055,8.479999542236328,8.579999923706055,67000
2026-02-11,8.5,8.520000457763672,8.479999542236328,8.520000457763672,38000
2026-02-23,8.630000114440918,8.65999984741211,8.550000190734863,8.5600004196167,103000
2026-02-24,8.770000457763672,8.779999732971191,8.59000015258789,8.59000015258789,76000
2026-02-25,8.680000305175781,8.720000267028809,8.65999984741211,8.720000267028809,32000
2026-02-26,8.850000381469727,8.850000381469727,8.739999771118164,8.739999771118164,146000
2026-03-02,9.010000228881836,9.119999885559082,8.920000076293945,8.920000076293945,140000
2026-03-03,9.100000381469727,9.149999618530273,9.039999961853027,9.09000015258789,37000
2026-03-04,9.460000038146973,9.460000038146973,9.229999542236328,9.25,202000
2026-03-05,9.279999732971191,9.279999732971191,9.15999984741211,9.229999542236328,257040
2026-03-06,9.1899995803833,9.390000343322754,9.149999618530273,9.380000114440918,240000
2026-03-09,9.34000015258789,9.5,9.229999542236328,9.229999542236328,300000
2026-03-10,9.119999885559082,9.25,9.079999923706055,9.25,35000
2026-03-11,9.079999923706055,9.109999656677246,9.020000457763672,9.109999656677246,372000
2026-03-12,9.180000305175781,9.180000305175781,9.039999961853027,9.039999961853027,159000
2026-03-13,9.100000381469727,9.149999618530273,9.079999923706055,9.119999885559082,22000
2026-03-16,9.010000228881836,9.170000076293945,9.010000228881836,9.15999984741211,15000
2026-03-17,8.930000305175781,8.960000038146973,8.84000015258789,8.960000038146973,45000
2026-03-18,8.960000038146973,9.010000228881836,8.960000038146973,8.960000038146973,248500
