Price,Close,High,Low,Open,Volume
Ticker,00671R.TW,00671R.TW,00671R.TW,00671R.TW,00671R.TW
Date,,,,,
2021-03-18,6.210000038146973,6.21999979019165,6.159999847412109,6.179999828338623,5074000
2021-03-19,6.420000076293945,6.420000076293945,6.380000114440918,6.389999866485596,9550000
2021-03-22,6.340000152587891,6.389999866485596,6.320000171661377,6.380000114440918,4817000
2021-03-23,6.289999961853027,6.289999961853027,6.25,6.25,3651000
2021-03-24,6.28000020980835,6.289999961853027,6.260000228881836,6.269999980926514,4988000
2021-03-25,6.369999885559082,6.409999847412109,6.369999885559082,6.389999866485596,5694000
2021-03-26,6.360000133514404,6.400000095367432,6.360000133514404,6.389999866485596,7088000
2021-03-29,6.380000114440918,6.380000114440918,6.340000152587891,6.340000152587891,2768000
2021-03-30,6.340000152587891,6.340000152587891,6.320000171661377,6.329999923706055,2918000
2021-03-31,6.369999885559082,6.369999885559082,6.329999923706055,6.329999923706055,2698000
2021-04-01,6.230000019073486,6.25,6.21999979019165,6.230000019073486,4091000
2021-04-07,6.019999980926514,6.03000020980835,6.0,6.010000228881836,1861000
2021-04-08,5.949999809265137,6.0,5.949999809265137,5.989999771118164,5757000
2021-04-09,5.929999828338623,5.929999828338623,5.889999866485596,5.889999866485596,3259000
2021-04-12,5.920000076293945,5.929999828338623,5.900000095367432,5.920000076293945,3371000
2021-04-13,5.929999828338623,5.929999828338623,5.900000095367432,5.909999847412109,4181000
2021-04-14,5.840000152587891,5.849999904632568,5.829999923706055,5.840000152587891,9607000
2021-04-15,5.889999866485596,5.920000076293945,5.889999866485596,5.900000095367432,5130000
2021-04-16,5.829999923706055,5.849999904632568,5.820000171661377,5.840000152587891,4837000
2021-04-19,5.789999961853027,5.829999923706055,5.789999961853027,5.829999923706055,3902000
2021-04-20,5.849999904632568,5.869999885559082,5.840000152587891,5.869999885559082,2851000
2021-04-21,5.920000076293945,5.949999809265137,5.920000076293945,5.920000076293945,3976000
2021-04-22,5.869999885559082,5.869999885559082,5.849999904632568,5.860000133514404,3850000
2021-04-23,5.909999847412109,5.929999828338623,5.909999847412109,5.920000076293945,4202000
2021-04-26,5.829999923706055,5.849999904632568,5.829999923706055,5.840000152587891,4732000
2021-04-27,5.809999942779541,5.820000171661377,5.800000190734863,5.809999942779541,2247000
2021-04-28,5.820000171661377,5.840000152587891,5.820000171661377,5.829999923706055,942000
2021-04-29,5.809999942779541,5.820000171661377,5.800000190734863,5.809999942779541,2198000
2021-05-03,5.880000114440918,5.880000114440918,5.840000152587891,5.849999904632568,5084000
2021-05-04,5.940000057220459,5.949999809265137,5.909999847412109,5.920000076293945,19024000
2021-05-05,6.019999980926514,6.03000020980835,5.989999771118164,6.010000228881836,5134450
2021-05-06,6.039999961853027,6.059999942779541,6.010000228881836,6.019999980926514,3635000
2021-05-07,5.96999979019165,5.980000019073486,5.960000038146973,5.980000019073486,2503000
2021-05-10,5.929999828338623,5.940000057220459,5.920000076293945,5.920000076293945,2308000
2021-05-11,6.150000095367432,6.170000076293945,6.139999866485596,6.139999866485596,9032000
2021-05-12,6.150000095367432,6.190000057220459,6.110000133514404,6.139999866485596,16748000
2021-05-13,6.230000019073486,6.25,6.210000038146973,6.239999771118164,7857000
2021-05-14,6.170000076293945,6.190000057220459,6.150000095367432,6.170000076293945,3312000
2021-05-17,6.090000152587891,6.110000133514404,6.070000171661377,6.090000152587891,6537000
2021-05-18,6.059999942779541,6.079999923706055,6.059999942779541,6.079999923706055,10424000
2021-05-19,6.170000076293945,6.179999828338623,6.130000114440918,6.139999866485596,6257000
2021-05-20,6.150000095367432,6.159999847412109,6.130000114440918,6.150000095367432,6270000
2021-05-21,6.010000228881836,6.019999980926514,5.980000019073486,6.010000228881836,5003000
2021-05-24,6.039999961853027,6.050000190734863,6.03000020980835,6.050000190734863,2894000
2021-05-25,5.920000076293945,5.949999809265137,5.920000076293945,5.949999809265137,3721000
2021-05-26,5.900000095367432,5.920000076293945,5.900000095367432,5.909999847412109,1708000
2021-05-27,5.940000057220459,5.949999809265137,5.909999847412109,5.909999847412109,1555000
2021-05-28,5.909999847412109,5.929999828338623,5.909999847412109,5.909999847412109,5503000
2021-05-31,5.909999847412109,5.920000076293945,5.900000095367432,5.909999847412109,1664000
2021-06-01,5.920000076293945,5.929999828338623,5.909999847412109,5.920000076293945,2235000
2021-06-02,5.940000057220459,5.949999809265137,5.929999828338623,5.929999828338623,3574000
2021-06-03,5.929999828338623,5.929999828338623,5.909999847412109,5.929999828338623,2627000
2021-06-04,6.0,6.019999980926514,5.989999771118164,6.019999980926514,4831000
2021-06-07,5.900000095367432,5.909999847412109,5.889999866485596,5.900000095367432,5870000
2021-06-08,5.869999885559082,5.880000114440918,5.849999904632568,5.869999885559082,2254000
2021-06-09,5.880000114440918,5.880000114440918,5.860000133514404,5.869999885559082,1501000
2021-06-10,5.860000133514404,5.880000114440918,5.849999904632568,5.880000114440918,2980000
2021-06-11,5.809999942779541,5.820000171661377,5.789999961853027,5.789999961853027,3088000
2021-06-15,5.71999979019165,5.739999771118164,5.710000038146973,5.739999771118164,5099000
2021-06-16,5.78000020980835,5.78000020980835,5.760000228881836,5.760000228881836,2140000
2021-06-17,5.820000171661377,5.849999904632568,5.820000171661377,5.849999904632568,3341000
2021-06-18,5.71999979019165,5.71999979019165,5.699999809265137,5.710000038146973,4134000
2021-06-21,5.789999961853027,5.800000190734863,5.769999980926514,5.78000020980835,6491000
2021-06-22,5.71999979019165,5.739999771118164,5.71999979019165,5.71999979019165,2465000
2021-06-23,5.659999847412109,5.679999828338623,5.659999847412109,5.670000076293945,2569000
2021-06-24,5.679999828338623,5.679999828338623,5.659999847412109,5.659999847412109,1550000
2021-06-25,5.639999866485596,5.659999847412109,5.630000114440918,5.639999866485596,2851000
2021-06-28,5.630000114440918,5.659999847412109,5.630000114440918,5.659999847412109,2100000
2021-06-29,5.599999904632568,5.610000133514404,5.590000152587891,5.590000152587891,4094000
2021-06-30,5.550000190734863,5.570000171661377,5.539999961853027,5.559999942779541,2313000
2021-07-01,5.559999942779541,5.570000171661377,5.550000190734863,5.550000190734863,3787000
2021-07-02,5.579999923706055,5.579999923706055,5.559999942779541,5.559999942779541,1582000
2021-07-05,5.510000228881836,5.510000228881836,5.5,5.5,2295000
2021-07-06,5.519999980926514,5.519999980926514,5.5,5.5,1621000
2021-07-07,5.480000019073486,5.489999771118164,5.46999979019165,5.489999771118164,4528000
2021-07-08,5.480000019073486,5.480000019073486,5.460000038146973,5.460000038146973,2262000
2021-07-09,5.510000228881836,5.53000020980835,5.5,5.519999980926514,4451000
2021-07-12,5.460000038146973,5.46999979019165,5.460000038146973,5.460000038146973,3390000
2021-07-13,5.449999809265137,5.449999809265137,5.429999828338623,5.440000057220459,2339000
2021-07-14,5.440000057220459,5.460000038146973,5.440000057220459,5.449999809265137,1903000
2021-07-15,5.420000076293945,5.440000057220459,5.409999847412109,5.440000057220459,2840000
2021-07-16,5.460000038146973,5.489999771118164,5.460000038146973,5.480000019073486,2917000
2021-07-19,5.53000020980835,5.539999961853027,5.519999980926514,5.519999980926514,2518000
2021-07-20,5.539999961853027,5.550000190734863,5.519999980926514,5.539999961853027,5034000
2021-07-21,5.5,5.510000228881836,5.480000019073486,5.5,3837000
2021-07-22,5.460000038146973,5.460000038146973,5.440000057220459,5.440000057220459,2160000
2021-07-23,5.409999847412109,5.409999847412109,5.389999866485596,5.389999866485596,3832000
2021-07-26,5.369999885559082,5.369999885559082,5.349999904632568,5.360000133514404,4077000
2021-07-27,5.360000133514404,5.360000133514404,5.349999904632568,5.360000133514404,2024000
2021-07-28,5.420000076293945,5.429999828338623,5.400000095367432,5.409999847412109,6504000
2021-07-29,5.400000095367432,5.409999847412109,5.389999866485596,5.400000095367432,1986000
2021-07-30,5.460000038146973,5.460000038146973,5.429999828338623,5.440000057220459,5132000
2021-08-02,5.380000114440918,5.400000095367432,5.369999885559082,5.389999866485596,2883000
2021-08-03,5.389999866485596,5.409999847412109,5.389999866485596,5.400000095367432,1695000
2021-08-04,5.380000114440918,5.389999866485596,5.369999885559082,5.389999866485596,3871000
2021-08-05,5.369999885559082,5.369999885559082,5.349999904632568,5.349999904632568,1210000
2021-08-06,5.340000152587891,5.340000152587891,5.329999923706055,5.329999923706055,2645000
2021-08-09,5.380000114440918,5.389999866485596,5.369999885559082,5.389999866485596,2075000
2021-08-10,5.360000133514404,5.360000133514404,5.349999904632568,5.360000133514404,1609000
2021-08-11,5.380000114440918,5.389999866485596,5.360000133514404,5.369999885559082,4106000
2021-08-12,5.380000114440918,5.400000095367432,5.369999885559082,5.389999866485596,3253000
2021-08-13,5.369999885559082,5.380000114440918,5.360000133514404,5.369999885559082,2798000
2021-08-16,5.369999885559082,5.369999885559082,5.360000133514404,5.369999885559082,4443000
2021-08-17,5.360000133514404,5.360000133514404,5.340000152587891,5.360000133514404,4583000
2021-08-18,5.389999866485596,5.420000076293945,5.380000114440918,5.409999847412109,12097000
2021-08-19,5.46999979019165,5.46999979019165,5.429999828338623,5.440000057220459,18531000
2021-08-20,5.449999809265137,5.449999809265137,5.400000095367432,5.420000076293945,13735000
2021-08-23,5.320000171661377,5.360000133514404,5.309999942779541,5.360000133514404,17198000
2021-08-24,5.260000228881836,5.260000228881836,5.239999771118164,5.239999771118164,5868000
2021-08-25,5.239999771118164,5.260000228881836,5.230000019073486,5.25,5075000
2021-08-26,5.25,5.260000228881836,5.239999771118164,5.25,3727000
2021-08-27,5.260000228881836,5.269999980926514,5.239999771118164,5.269999980926514,2167000
2021-08-30,5.210000038146973,5.230000019073486,5.210000038146973,5.21999979019165,3516000
2021-08-31,5.150000095367432,5.179999828338623,5.150000095367432,5.170000076293945,4855000
2021-09-01,5.150000095367432,5.170000076293945,5.150000095367432,5.159999847412109,1981000
2021-09-02,5.170000076293945,5.170000076293945,5.159999847412109,5.159999847412109,1676500
2021-09-03,5.159999847412109,5.159999847412109,5.150000095367432,5.150000095367432,2366000
2021-09-06,5.150000095367432,5.150000095367432,5.139999866485596,5.150000095367432,1174000
2021-09-07,5.130000114440918,5.139999866485596,5.130000114440918,5.139999866485596,1378000
2021-09-08,5.150000095367432,5.150000095367432,5.130000114440918,5.139999866485596,4197000
2021-09-09,5.179999828338623,5.179999828338623,5.159999847412109,5.179999828338623,2536000
2021-09-10,5.170000076293945,5.190000057220459,5.159999847412109,5.179999828338623,2752000
2021-09-13,5.230000019073486,5.230000019073486,5.199999809265137,5.199999809265137,2017200
2021-09-14,5.210000038146973,5.21999979019165,5.199999809265137,5.210000038146973,784000
2021-09-15,5.21999979019165,5.239999771118164,5.21999979019165,5.230000019073486,1824000
2021-09-16,5.199999809265137,5.199999809265137,5.179999828338623,5.190000057220459,1921000
2021-09-17,5.190000057220459,5.210000038146973,5.179999828338623,5.210000038146973,1875000
2021-09-22,5.340000152587891,5.369999885559082,5.320000171661377,5.360000133514404,9750000
2021-09-23,5.289999961853027,5.289999961853027,5.269999980926514,5.28000020980835,2935000
2021-09-24,5.269999980926514,5.269999980926514,5.239999771118164,5.239999771118164,3662000
2021-09-27,5.230000019073486,5.239999771118164,5.21999979019165,5.239999771118164,2044000
2021-09-28,5.300000190734863,5.320000171661377,5.28000020980835,5.309999942779541,2793000
2021-09-29,5.409999847412109,5.420000076293945,5.389999866485596,5.420000076293945,12476000
2021-09-30,5.400000095367432,5.429999828338623,5.389999866485596,5.429999828338623,4583000
2021-10-01,5.5,5.510000228881836,5.460000038146973,5.460000038146973,14294000
2021-10-04,5.460000038146973,5.480000019073486,5.440000057220459,5.440000057220459,4770000
2021-10-05,5.539999961853027,5.579999923706055,5.519999980926514,5.579999923706055,13333000
2021-10-06,5.519999980926514,5.53000020980835,5.480000019073486,5.480000019073486,8629000
2021-10-07,5.409999847412109,5.429999828338623,5.389999866485596,5.420000076293945,10062000
2021-10-08,5.409999847412109,5.409999847412109,5.380000114440918,5.389999866485596,6327000
2021-10-12,5.489999771118164,5.510000228881836,5.480000019073486,5.480000019073486,5379000
2021-10-13,5.5,5.5,5.480000019073486,5.489999771118164,2558000
2021-10-14,5.409999847412109,5.429999828338623,5.409999847412109,5.409999847412109,5358000
2021-10-15,5.320000171661377,5.340000152587891,5.300000190734863,5.329999923706055,7507000
2021-10-18,5.329999923706055,5.329999923706055,5.309999942779541,5.309999942779541,2837000
2021-10-19,5.260000228881836,5.260000228881836,5.239999771118164,5.260000228881836,4907000
2021-10-20,5.239999771118164,5.239999771118164,5.210000038146973,5.21999979019165,3388000
2021-10-21,5.260000228881836,5.260000228881836,5.21999979019165,5.239999771118164,2153000
2021-10-22,5.230000019073486,5.230000019073486,5.21999979019165,5.230000019073486,3304000
2021-10-25,5.239999771118164,5.25,5.21999979019165,5.25,3604000
2021-10-26,5.159999847412109,5.170000076293945,5.150000095367432,5.170000076293945,6344000
2021-10-27,5.170000076293945,5.179999828338623,5.159999847412109,5.179999828338623,3580000
2021-10-28,5.159999847412109,5.159999847412109,5.139999866485596,5.150000095367432,3725000
2021-10-29,5.150000095367432,5.150000095367432,5.119999885559082,5.139999866485596,5239000
2021-11-01,5.070000171661377,5.070000171661377,5.050000190734863,5.059999942779541,2908000
2021-11-02,5.079999923706055,5.079999923706055,5.050000190734863,5.070000171661377,4563000
2021-11-03,5.050000190734863,5.050000190734863,5.03000020980835,5.050000190734863,3781000
2021-11-04,4.980000019073486,4.980000019073486,4.960000038146973,4.980000019073486,6691000
2021-11-05,4.929999828338623,4.929999828338623,4.920000076293945,4.920000076293945,4935200
2021-11-08,4.920000076293945,4.940000057220459,4.920000076293945,4.940000057220459,2273000
2021-11-09,4.940000057220459,4.940000057220459,4.920000076293945,4.920000076293945,3283000
2021-11-10,4.96999979019165,4.980000019073486,4.960000038146973,4.960000038146973,2286000
2021-11-11,5.019999980926514,5.019999980926514,4.989999771118164,5.010000228881836,4655000
2021-11-12,5.0,5.010000228881836,4.980000019073486,4.989999771118164,1873000
2021-11-15,4.960000038146973,4.960000038146973,4.929999828338623,4.940000057220459,2386000
2021-11-16,4.96999979019165,4.96999979019165,4.940000057220459,4.960000038146973,3690000
2021-11-17,4.940000057220459,4.940000057220459,4.909999847412109,4.920000076293945,2795000
2021-11-18,4.920000076293945,4.920000076293945,4.909999847412109,4.920000076293945,1942000
2021-11-19,4.849999904632568,4.869999885559082,4.829999923706055,4.860000133514404,6726000
2021-11-22,4.840000152587891,4.840000152587891,4.820000171661377,4.820000171661377,2219000
2021-11-23,4.920000076293945,4.920000076293945,4.880000114440918,4.889999866485596,4393000
2021-11-24,4.920000076293945,4.929999828338623,4.909999847412109,4.920000076293945,2721000
2021-11-25,4.889999866485596,4.900000095367432,4.880000114440918,4.889999866485596,5370000
2021-11-26,4.940000057220459,4.940000057220459,4.900000095367432,4.909999847412109,11353750
2021-11-29,4.940000057220459,4.960000038146973,4.920000076293945,4.960000038146973,6660000
2021-11-30,4.909999847412109,4.920000076293945,4.860000133514404,4.860000133514404,2676000
2021-12-01,4.880000114440918,4.940000057220459,4.880000114440918,4.940000057220459,3675000
2021-12-02,5.0,5.019999980926514,4.989999771118164,5.0,11357090
2021-12-03,5.0,5.03000020980835,4.989999771118164,5.0,3303000
2021-12-06,5.070000171661377,5.079999923706055,5.059999942779541,5.070000171661377,4490000
2021-12-07,5.019999980926514,5.039999961853027,5.010000228881836,5.03000020980835,3497000
2021-12-08,4.869999885559082,4.880000114440918,4.860000133514404,4.869999885559082,6557000
2021-12-09,4.880000114440918,4.880000114440918,4.849999904632568,4.860000133514404,2745000
2021-12-10,4.929999828338623,4.929999828338623,4.909999847412109,4.920000076293945,2557000
2021-12-13,4.869999885559082,4.869999885559082,4.849999904632568,4.869999885559082,2703000
2021-12-14,4.949999809265137,4.949999809265137,4.929999828338623,4.940000057220459,3236000
2021-12-15,4.989999771118164,5.0,4.980000019073486,5.0,4963000
2021-12-16,4.880000114440918,4.889999866485596,4.869999885559082,4.889999866485596,5408000
2021-12-17,5.03000020980835,5.039999961853027,4.989999771118164,5.010000228881836,13164000
2021-12-20,5.099999904632568,5.099999904632568,5.050000190734863,5.050000190734863,5084000
2021-12-21,5.039999961853027,5.079999923706055,5.039999961853027,5.070000171661377,3862000
2021-12-22,5.0,5.0,4.980000019073486,4.989999771118164,4499000
2021-12-23,4.920000076293945,4.920000076293945,4.909999847412109,4.920000076293945,3731000
2021-12-24,4.900000095367432,4.900000095367432,4.880000114440918,4.889999866485596,1664000
2021-12-27,4.869999885559082,4.869999885559082,4.860000133514404,4.869999885559082,4064000
2021-12-28,4.800000190734863,4.820000171661377,4.800000190734863,4.809999942779541,5334000
2021-12-29,4.809999942779541,4.820000171661377,4.800000190734863,4.809999942779541,2148000
2021-12-30,4.829999923706055,4.840000152587891,4.820000171661377,4.829999923706055,979000
2022-01-03,4.840000152587891,4.860000133514404,4.840000152587891,4.840000152587891,2049000
2022-01-04,4.809999942779541,4.829999923706055,4.809999942779541,4.820000171661377,2126000
2022-01-05,4.909999847412109,4.920000076293945,4.889999866485596,4.900000095367432,4684000
2022-01-06,5.059999942779541,5.079999923706055,5.019999980926514,5.03000020980835,10804000
2022-01-07,5.039999961853027,5.039999961853027,5.0,5.010000228881836,5577000
2022-01-10,5.070000171661377,5.099999904632568,5.059999942779541,5.099999904632568,4006000
2022-01-11,5.090000152587891,5.099999904632568,5.070000171661377,5.070000171661377,4917000
2022-01-12,5.010000228881836,5.019999980926514,5.010000228881836,5.019999980926514,6242000
2022-01-13,5.019999980926514,5.019999980926514,4.989999771118164,5.0,3710010
2022-01-14,5.110000133514404,5.139999866485596,5.110000133514404,5.110000133514404,9113000
2022-01-17,5.099999904632568,5.110000133514404,5.090000152587891,5.099999904632568,4144000
2022-01-18,5.139999866485596,5.150000095367432,5.079999923706055,5.090000152587891,5414000
2022-01-19,5.269999980926514,5.269999980926514,5.199999809265137,5.21999979019165,13009000
2022-01-20,5.25,5.28000020980835,5.230000019073486,5.269999980926514,9507000
2022-01-21,5.409999847412109,5.429999828338623,5.369999885559082,5.380000114440918,19302300
2022-01-24,5.429999828338623,5.46999979019165,5.420000076293945,5.460000038146973,19582000
2022-01-25,5.550000190734863,5.570000171661377,5.489999771118164,5.5,15375300
2022-01-26,5.570000171661377,5.610000133514404,5.539999961853027,5.599999904632568,19503000
2022-02-07,5.400000095367432,5.440000057220459,5.380000114440918,5.440000057220459,12547000
2022-02-08,5.449999809265137,5.449999809265137,5.420000076293945,5.420000076293945,4366000
2022-02-09,5.369999885559082,5.46999979019165,5.360000133514404,5.369999885559082,23987000
2022-02-10,5.289999961853027,5.309999942779541,5.269999980926514,5.289999961853027,15077000
2022-02-11,5.440000057220459,5.440000057220459,5.380000114440918,5.400000095367432,17335688
2022-02-14,5.550000190734863,5.570000171661377,5.53000020980835,5.559999942779541,23100000
2022-02-15,5.550000190734863,5.559999942779541,5.5,5.539999961853027,14360000
2022-02-16,5.429999828338623,5.440000057220459,5.420000076293945,5.429999828338623,20105000
2022-02-17,5.449999809265137,5.46999979019165,5.400000095367432,5.420000076293945,12281000
2022-02-18,5.519999980926514,5.579999923706055,5.5,5.579999923706055,16838000
2022-02-21,5.579999923706055,5.650000095367432,5.579999923706055,5.610000133514404,14904000
2022-02-22,5.739999771118164,5.769999980926514,5.690000057220459,5.710000038146973,48215000
2022-02-23,5.630000114440918,5.670000076293945,5.619999885559082,5.630000114440918,16801000
2022-02-24,5.960000038146973,5.989999771118164,5.829999923706055,5.849999904632568,37039200
2022-02-25,5.670000076293945,5.699999809265137,5.639999866485596,5.670000076293945,26277000
2022-03-01,5.53000020980835,5.539999961853027,5.5,5.539999961853027,27289000
2022-03-02,5.559999942779541,5.610000133514404,5.559999942779541,5.579999923706055,11002000
2022-03-03,5.5,5.53000020980835,5.489999771118164,5.5,12869000
2022-03-04,5.630000114440918,5.679999828338623,5.610000133514404,5.650000095367432,15880000
2022-03-07,5.739999771118164,5.78000020980835,5.71999979019165,5.75,19929000
2022-03-08,5.900000095367432,5.900000095367432,5.829999923706055,5.869999885559082,24385001
2022-03-09,5.860000133514404,5.889999866485596,5.840000152587891,5.869999885559082,14575000
2022-03-10,5.699999809265137,5.710000038146973,5.650000095367432,5.679999828338623,16337000
2022-03-11,5.789999961853027,5.789999961853027,5.739999771118164,5.75,13011000
2022-03-14,5.840000152587891,5.860000133514404,5.809999942779541,5.820000171661377,10414999
2022-03-15,5.949999809265137,5.96999979019165,5.920000076293945,5.949999809265137,15049000
2022-03-16,5.78000020980835,5.809999942779541,5.78000020980835,5.800000190734863,16059000
2022-03-17,5.570000171661377,5.590000152587891,5.550000190734863,5.570000171661377,24456000
2022-03-18,5.570000171661377,5.579999923706055,5.550000190734863,5.550000190734863,10412000
2022-03-21,5.429999828338623,5.440000057220459,5.400000095367432,5.429999828338623,14779000
2022-03-22,5.429999828338623,5.449999809265137,5.420000076293945,5.440000057220459,7914277
2022-03-23,5.300000190734863,5.320000171661377,5.289999961853027,5.320000171661377,18567000
2022-03-24,5.360000133514404,5.380000114440918,5.340000152587891,5.369999885559082,6615000
2022-03-25,5.269999980926514,5.28000020980835,5.260000228881836,5.28000020980835,12767000
2022-03-28,5.309999942779541,5.309999942779541,5.289999961853027,5.300000190734863,7051000
2022-03-29,5.199999809265137,5.21999979019165,5.190000057220459,5.21999979019165,8866000
2022-03-30,5.119999885559082,5.119999885559082,5.099999904632568,5.110000133514404,14555000
2022-03-31,5.150000095367432,5.150000095367432,5.119999885559082,5.130000114440918,13333000
2022-04-01,5.230000019073486,5.239999771118164,5.21999979019165,5.239999771118164,13894000
2022-04-06,5.260000228881836,5.269999980926514,5.25,5.260000228881836,11605000
2022-04-07,5.389999866485596,5.389999866485596,5.360000133514404,5.369999885559082,12686000
2022-04-08,5.340000152587891,5.360000133514404,5.329999923706055,5.360000133514404,9103000
2022-04-11,5.46999979019165,5.46999979019165,5.420000076293945,5.429999828338623,17128000
2022-04-12,5.559999942779541,5.590000152587891,5.559999942779541,5.559999942779541,14589100
2022-04-13,5.5,5.53000020980835,5.5,5.519999980926514,20178000
2022-04-14,5.420000076293945,5.440000057220459,5.409999847412109,5.429999828338623,15843000
2022-04-15,5.570000171661377,5.579999923706055,5.550000190734863,5.550000190734863,11385000
2022-04-18,5.630000114440918,5.639999866485596,5.619999885559082,5.639999866485596,9576000
2022-04-19,5.539999961853027,5.559999942779541,5.519999980926514,5.539999961853027,8556000
2022-04-20,5.5,5.510000228881836,5.46999979019165,5.489999771118164,10012000
2022-04-21,5.480000019073486,5.5,5.46999979019165,5.489999771118164,9301000
2022-04-22,5.619999885559082,5.670000076293945,5.619999885559082,5.659999847412109,10646001
2022-04-25,5.809999942779541,5.829999923706055,5.789999961853027,5.789999961853027,21545001
2022-04-26,5.710000038146973,5.71999979019165,5.690000057220459,5.710000038146973,14035000
2022-04-27,5.900000095367432,5.949999809265137,5.889999866485596,5.940000057220459,24038000
2022-04-28,5.860000133514404,5.880000114440918,5.840000152587891,5.860000133514404,11015000
2022-04-29,5.760000228881836,5.809999942779541,5.75,5.800000190734863,18514000
2022-05-03,5.849999904632568,5.889999866485596,5.840000152587891,5.869999885559082,16004000
2022-05-04,5.880000114440918,5.880000114440918,5.849999904632568,5.860000133514404,6033000
2022-05-05,5.690000057220459,5.699999809265137,5.679999828338623,5.690000057220459,16169000
2022-05-06,5.960000038146973,6.0,5.960000038146973,5.980000019073486,31480000
2022-05-09,6.119999885559082,6.130000114440918,6.079999923706055,6.099999904632568,24890500
2022-05-10,6.199999809265137,6.309999942779541,6.199999809265137,6.289999961853027,30056000
2022-05-11,6.150000095367432,6.199999809265137,6.139999866485596,6.179999828338623,16759000
2022-05-12,6.420000076293945,6.429999828338623,6.329999923706055,6.340000152587891,26234021
2022-05-13,6.300000190734863,6.349999904632568,6.289999961853027,6.329999923706055,14348021
2022-05-16,6.230000019073486,6.260000228881836,6.119999885559082,6.119999885559082,23412000
2022-05-17,6.21999979019165,6.239999771118164,6.199999809265137,6.239999771118164,8374000
2022-05-18,6.139999866485596,6.150000095367432,6.099999904632568,6.099999904632568,17351000
2022-05-19,6.420000076293945,6.460000038146973,6.389999866485596,6.429999828338623,24237000
2022-05-20,6.360000133514404,6.400000095367432,6.349999904632568,6.380000114440918,18463000
2022-05-23,6.380000114440918,6.409999847412109,6.349999904632568,6.360000133514404,8895000
2022-05-24,6.460000038146973,6.460000038146973,6.400000095367432,6.400000095367432,12007377
2022-05-25,6.420000076293945,6.449999809265137,6.400000095367432,6.449999809265137,22960300
2022-05-26,6.420000076293945,6.420000076293945,6.349999904632568,6.360000133514404,16602000
2022-05-27,6.21999979019165,6.25,6.199999809265137,6.25,19124100
2022-05-30,5.920000076293945,6.03000020980835,5.920000076293945,6.0,20352000
2022-05-31,5.96999979019165,6.010000228881836,5.960000038146973,6.0,7203000
2022-06-01,6.010000228881836,6.010000228881836,5.96999979019165,5.980000019073486,6369000
2022-06-02,6.079999923706055,6.079999923706055,6.039999961853027,6.050000190734863,10842000
2022-06-06,6.03000020980835,6.070000171661377,6.03000020980835,6.070000171661377,7153000
2022-06-07,6.119999885559082,6.119999885559082,6.059999942779541,6.070000171661377,7121000
2022-06-08,6.039999961853027,6.039999961853027,6.0,6.019999980926514,13629000
2022-06-09,6.059999942779541,6.070000171661377,6.039999961853027,6.039999961853027,7181000
2022-06-10,6.199999809265137,6.210000038146973,6.179999828338623,6.190000057220459,13810000
2022-06-13,6.53000020980835,6.559999942779541,6.519999980926514,6.53000020980835,27854000
2022-06-14,6.599999904632568,6.679999828338623,6.590000152587891,6.650000095367432,30626000
2022-06-15,6.679999828338623,6.679999828338623,6.619999885559082,6.639999866485596,14026000
2022-06-16,6.550000190734863,6.559999942779541,6.440000057220459,6.460000038146973,25605000
2022-06-17,6.710000038146973,6.769999980926514,6.710000038146973,6.760000228881836,25960000
2022-06-20,6.699999809265137,6.71999979019165,6.650000095367432,6.659999847412109,23090000
2022-06-21,6.579999923706055,6.630000114440918,6.579999923706055,6.610000133514404,22953100
2022-06-22,6.610000133514404,6.619999885559082,6.559999942779541,6.570000171661377,23003000
2022-06-23,6.559999942779541,6.590000152587891,6.53000020980835,6.550000190734863,19651000
2022-06-24,6.400000095367432,6.460000038146973,6.380000114440918,6.460000038146973,41748000
2022-06-27,6.21999979019165,6.269999980926514,6.179999828338623,6.269999980926514,40861000
2022-06-28,6.289999961853027,6.320000171661377,6.25,6.260000228881836,16053000
2022-06-29,6.449999809265137,6.480000019073486,6.440000057220459,6.46999979019165,21376000
2022-06-30,6.519999980926514,6.519999980926514,6.46999979019165,6.46999979019165,17818000
2022-07-01,6.630000114440918,6.639999866485596,6.539999961853027,6.550000190734863,27876000
2022-07-04,6.550000190734863,6.570000171661377,6.539999961853027,6.550000190734863,17074000
2022-07-05,6.46999979019165,6.480000019073486,6.449999809265137,6.449999809265137,12473000
2022-07-06,6.409999847412109,6.409999847412109,6.349999904632568,6.369999885559082,16800000
2022-07-07,6.320000171661377,6.380000114440918,6.309999942779541,6.360000133514404,16560050
2022-07-08,6.25,6.260000228881836,6.21999979019165,6.21999979019165,12961000
2022-07-11,6.28000020980835,6.28000020980835,6.230000019073486,6.230000019073486,12640000
2022-07-12,6.400000095367432,6.420000076293945,6.380000114440918,6.400000095367432,17123000
2022-07-13,6.400000095367432,6.420000076293945,6.389999866485596,6.400000095367432,17440000
2022-07-14,6.440000057220459,6.46999979019165,6.420000076293945,6.449999809265137,26694000
2022-07-15,6.389999866485596,6.400000095367432,6.369999885559082,6.389999866485596,11346000
2022-07-18,6.239999771118164,6.28000020980835,6.239999771118164,6.269999980926514,12353400
2022-07-19,6.329999923706055,6.349999904632568,6.320000171661377,6.329999923706055,7183000
2022-07-20,6.130000114440918,6.130000114440918,6.099999904632568,6.110000133514404,19644550
2022-07-21,6.059999942779541,6.090000152587891,6.050000190734863,6.070000171661377,12561042
2022-07-22,6.019999980926514,6.03000020980835,6.0,6.010000228881836,11539000
2022-07-25,6.079999923706055,6.090000152587891,6.059999942779541,6.090000152587891,9418000
2022-07-26,6.139999866485596,6.139999866485596,6.119999885559082,6.139999866485596,7144000
2022-07-27,6.130000114440918,6.150000095367432,6.130000114440918,6.150000095367432,11762000
2022-07-28,6.019999980926514,6.03000020980835,5.989999771118164,6.0,21868000
2022-07-29,5.829999923706055,5.860000133514404,5.829999923706055,5.860000133514404,19580100
2022-08-01,5.829999923706055,5.840000152587891,5.809999942779541,5.829999923706055,11505000
2022-08-02,5.840000152587891,5.849999904632568,5.820000171661377,5.840000152587891,27230000
2022-08-03,5.820000171661377,5.840000152587891,5.809999942779541,5.840000152587891,9102000
2022-08-04,5.670000076293945,5.690000057220459,5.659999847412109,5.679999828338623,24755000
2022-08-05,5.630000114440918,5.639999866485596,5.610000133514404,5.630000114440918,11536200
2022-08-08,5.690000057220459,5.710000038146973,5.670000076293945,5.690000057220459,8213020
2022-08-09,5.690000057220459,5.710000038146973,5.679999828338623,5.690000057220459,13086000
2022-08-10,5.78000020980835,5.789999961853027,5.760000228881836,5.760000228881836,13096500
2022-08-11,5.590000152587891,5.599999904632568,5.570000171661377,5.590000152587891,22851230
2022-08-12,5.619999885559082,5.639999866485596,5.619999885559082,5.630000114440918,9251000
2022-08-15,5.550000190734863,5.559999942779541,5.53000020980835,5.550000190734863,13654000
2022-08-16,5.510000228881836,5.510000228881836,5.489999771118164,5.5,19462000
2022-08-17,5.5,5.510000228881836,5.489999771118164,5.5,11131000
2022-08-18,5.579999923706055,5.590000152587891,5.559999942779541,5.590000152587891,14709030
2022-08-19,5.570000171661377,5.570000171661377,5.539999961853027,5.570000171661377,8355000
2022-08-22,5.679999828338623,5.690000057220459,5.670000076293945,5.690000057220459,14909000
2022-08-23,5.820000171661377,5.820000171661377,5.78000020980835,5.800000190734863,30653000
2022-08-24,5.829999923706055,5.840000152587891,5.809999942779541,5.809999942779541,17586000
2022-08-25,5.760000228881836,5.78000020980835,5.760000228881836,5.769999980926514,15114000
2022-08-26,5.710000038146973,5.710000038146973,5.690000057220459,5.690000057220459,18103000
2022-08-29,6.0,6.019999980926514,5.980000019073486,6.010000228881836,39120050
2022-08-30,5.949999809265137,5.980000019073486,5.940000057220459,5.96999979019165,23371464
2022-08-31,5.980000019073486,6.019999980926514,5.980000019073486,6.010000228881836,27810000
2022-09-01,6.139999866485596,6.150000095367432,6.119999885559082,6.130000114440918,20588000
2022-09-02,6.079999923706055,6.099999904632568,6.059999942779541,6.070000171661377,18627000
2022-09-05,6.179999828338623,6.179999828338623,6.139999866485596,6.159999847412109,28997100
2022-09-06,6.150000095367432,6.150000095367432,6.099999904632568,6.110000133514404,12086000
2022-09-07,6.230000019073486,6.260000228881836,6.21999979019165,6.239999771118164,21684000
2022-09-08,6.079999923706055,6.099999904632568,6.070000171661377,6.090000152587891,22116000
2022-09-12,5.929999828338623,5.940000057220459,5.900000095367432,5.920000076293945,25985000
2022-09-13,5.849999904632568,5.849999904632568,5.829999923706055,5.849999904632568,24839000
2022-09-14,6.150000095367432,6.179999828338623,6.139999866485596,6.179999828338623,27271000
2022-09-15,6.119999885559082,6.119999885559082,6.090000152587891,6.099999904632568,16111000
2022-09-16,6.28000020980835,6.28000020980835,6.25,6.25,27747000
2022-09-19,6.28000020980835,6.289999961853027,6.239999771118164,6.239999771118164,19432000
2022-09-20,6.190000057220459,6.210000038146973,6.179999828338623,6.190000057220459,18641000
2022-09-21,6.239999771118164,6.260000228881836,6.230000019073486,6.239999771118164,14533000
2022-09-22,6.400000095367432,6.449999809265137,6.400000095367432,6.429999828338623,30419257
2022-09-23,6.460000038146973,6.480000019073486,6.429999828338623,6.440000057220459,28586000
2022-09-26,6.619999885559082,6.619999885559082,6.550000190734863,6.579999923706055,36367050
2022-09-27,6.53000020980835,6.559999942779541,6.519999980926514,6.53000020980835,28152000
2022-09-28,6.650000095367432,6.670000076293945,6.539999961853027,6.550000190734863,28183000
2022-09-29,6.46999979019165,6.480000019073486,6.449999809265137,6.480000019073486,30417000
2022-09-30,6.610000133514404,6.650000095367432,6.599999904632568,6.639999866485596,25714005
2022-10-03,6.789999961853027,6.820000171661377,6.739999771118164,6.800000190734863,32992000
2022-10-04,6.5,6.550000190734863,6.489999771118164,6.519999980926514,35390000
2022-10-05,6.409999847412109,6.420000076293945,6.389999866485596,6.409999847412109,33833000
2022-10-06,6.349999904632568,6.369999885559082,6.340000152587891,6.349999904632568,21020000
2022-10-07,6.46999979019165,6.46999979019165,6.429999828338623,6.449999809265137,17544000
2022-10-11,6.800000190734863,6.800000190734863,6.71999979019165,6.739999771118164,40352000
2022-10-12,6.800000190734863,6.829999923706055,6.78000020980835,6.800000190734863,21088000
2022-10-13,6.849999904632568,6.860000133514404,6.809999942779541,6.809999942779541,21640000
2022-10-14,6.659999847412109,6.699999809265137,6.630000114440918,6.690000057220459,43739000
2022-10-17,6.829999923706055,6.869999885559082,6.829999923706055,6.860000133514404,28832333
2022-10-18,6.519999980926514,6.619999885559082,6.510000228881836,6.599999904632568,46485599
2022-10-19,6.559999942779541,6.559999942779541,6.5,6.510000228881836,19783400
2022-10-20,6.650000095367432,6.71999979019165,6.639999866485596,6.679999828338623,25815000
2022-10-21,6.730000019073486,6.730000019073486,6.690000057220459,6.710000038146973,12796000
2022-10-24,6.5,6.510000228881836,6.449999809265137,6.460000038146973,37671000
2022-10-25,6.440000057220459,6.46999979019165,6.420000076293945,6.440000057220459,34117160
2022-10-26,6.429999828338623,6.460000038146973,6.409999847412109,6.440000057220459,21758000
2022-10-27,6.429999828338623,6.440000057220459,6.409999847412109,6.420000076293945,23222000
2022-10-28,6.630000114440918,6.630000114440918,6.590000152587891,6.610000133514404,27875000
2022-10-31,6.380000114440918,6.400000095367432,6.369999885559082,6.400000095367432,22817000
2022-11-01,6.409999847412109,6.429999828338623,6.400000095367432,6.420000076293945,10766000
2022-11-02,6.460000038146973,6.489999771118164,6.460000038146973,6.46999979019165,11618000
2022-11-03,6.690000057220459,6.730000019073486,6.690000057220459,6.699999809265137,28539000
2022-11-04,6.800000190734863,6.860000133514404,6.800000190734863,6.840000152587891,35893000
2022-11-07,6.75,6.809999942779541,6.739999771118164,6.78000020980835,22846010
2022-11-08,6.690000057220459,6.690000057220459,6.639999866485596,6.639999866485596,20206000
2022-11-09,6.599999904632568,6.630000114440918,6.579999923706055,6.619999885559082,29452000
2022-11-10,6.760000228881836,6.769999980926514,6.739999771118164,6.75,16623000
2022-11-11,6.269999980926514,6.300000190734863,6.25,6.28000020980835,34536310
2022-11-14,6.21999979019165,6.21999979019165,6.179999828338623,6.179999828338623,17243000
2022-11-15,6.179999828338623,6.230000019073486,6.179999828338623,6.21999979019165,17282140
2022-11-16,6.150000095367432,6.179999828338623,6.139999866485596,6.170000076293945,15369000
2022-11-17,6.21999979019165,6.239999771118164,6.199999809265137,6.210000038146973,14231000
2022-11-18,6.25,6.25,6.210000038146973,6.230000019073486,9455000
2022-11-21,6.269999980926514,6.269999980926514,6.25,6.25,6039190
2022-11-22,6.309999942779541,6.309999942779541,6.289999961853027,6.309999942779541,9052000
2022-11-23,6.239999771118164,6.239999771118164,6.21999979019165,6.21999979019165,9501000
2022-11-24,6.150000095367432,6.150000095367432,6.139999866485596,6.139999866485596,8886090
2022-11-25,6.150000095367432,6.150000095367432,6.130000114440918,6.139999866485596,3830000
2022-11-28,6.269999980926514,6.269999980926514,6.239999771118164,6.239999771118164,9672000
2022-11-29,6.260000228881836,6.300000190734863,6.260000228881836,6.289999961853027,7415000
2022-11-30,6.340000152587891,6.349999904632568,6.320000171661377,6.340000152587891,5917000
2022-12-01,6.050000190734863,6.070000171661377,6.03000020980835,6.050000190734863,24413000
2022-12-02,6.079999923706055,6.079999923706055,6.059999942779541,6.070000171661377,7085000
2022-12-05,6.079999923706055,6.090000152587891,6.079999923706055,6.079999923706055,3996000
2022-12-06,6.190000057220459,6.190000057220459,6.150000095367432,6.159999847412109,14152000
2022-12-07,6.300000190734863,6.309999942779541,6.28000020980835,6.300000190734863,13374000
2022-12-08,6.360000133514404,6.369999885559082,6.340000152587891,6.349999904632568,11045312
2022-12-09,6.239999771118164,6.28000020980835,6.239999771118164,6.269999980926514,10941000
2022-12-12,6.320000171661377,6.329999923706055,6.300000190734863,6.309999942779541,6082000
2022-12-13,6.239999771118164,6.25,6.210000038146973,6.210000038146973,11545000
2022-12-14,6.130000114440918,6.159999847412109,6.130000114440918,6.150000095367432,15916000
2022-12-15,6.21999979019165,6.21999979019165,6.190000057220459,6.190000057220459,9318000
2022-12-16,6.449999809265137,6.449999809265137,6.409999847412109,6.420000076293945,26427100
2022-12-19,6.480000019073486,6.489999771118164,6.460000038146973,6.489999771118164,13605113
2022-12-20,6.650000095367432,6.650000095367432,6.539999961853027,6.559999942779541,28686703
2022-12-21,6.559999942779541,6.570000171661377,6.53000020980835,6.539999961853027,9575000
2022-12-22,6.460000038146973,6.480000019073486,6.449999809265137,6.46999979019165,14576000
2022-12-23,6.619999885559082,6.659999847412109,6.619999885559082,6.650000095367432,17802000
2022-12-26,6.639999866485596,6.639999866485596,6.590000152587891,6.619999885559082,4517400
2022-12-27,6.579999923706055,6.590000152587891,6.559999942779541,6.590000152587891,12335000
2022-12-28,6.71999979019165,6.739999771118164,6.699999809265137,6.71999979019165,17166000
2022-12-29,6.789999961853027,6.800000190734863,6.78000020980835,6.789999961853027,14422000
2022-12-30,6.650000095367432,6.670000076293945,6.639999866485596,6.650000095367432,21177000
2023-01-03,6.639999866485596,6.699999809265137,6.639999866485596,6.670000076293945,11999000
2023-01-04,6.679999828338623,6.699999809265137,6.670000076293945,6.690000057220459,12457000
2023-01-05,6.670000076293945,6.699999809265137,6.659999847412109,6.670000076293945,13399002
2023-01-06,6.75,6.760000228881836,6.730000019073486,6.75,15346000
2023-01-09,6.550000190734863,6.570000171661377,6.53000020980835,6.570000171661377,26848000
2023-01-10,6.559999942779541,6.579999923706055,6.539999961853027,6.559999942779541,13570000
2023-01-11,6.489999771118164,6.489999771118164,6.46999979019165,6.46999979019165,10158000
2023-01-12,6.360000133514404,6.380000114440918,6.360000133514404,6.380000114440918,12134310
2023-01-13,6.380000114440918,6.380000114440918,6.340000152587891,6.340000152587891,11430000
2023-01-16,6.300000190734863,6.320000171661377,6.289999961853027,6.309999942779541,9852000
2023-01-17,6.340000152587891,6.349999904632568,6.309999942779541,6.320000171661377,7989000
2023-01-30,6.03000020980835,6.03000020980835,5.980000019073486,5.989999771118164,18739017
2023-01-31,6.130000114440918,6.139999866485596,6.090000152587891,6.099999904632568,12021000
2023-02-01,6.050000190734863,6.059999942779541,6.039999961853027,6.050000190734863,14613000
2023-02-02,5.840000152587891,5.920000076293945,5.829999923706055,5.880000114440918,22692003
2023-02-03,5.78000020980835,5.800000190734863,5.769999980926514,5.78000020980835,23300000
2023-02-06,5.829999923706055,5.829999923706055,5.800000190734863,5.820000171661377,13047201
2023-02-07,5.820000171661377,5.829999923706055,5.809999942779541,5.829999923706055,9432000
2023-02-08,5.710000038146973,5.730000019073486,5.710000038146973,5.730000019073486,14718000
2023-02-09,5.809999942779541,5.809999942779541,5.789999961853027,5.800000190734863,22394000
2023-02-10,5.900000095367432,5.900000095367432,5.869999885559082,5.869999885559082,24073000
2023-02-13,5.929999828338623,5.949999809265137,5.920000076293945,5.920000076293945,24491000
2023-02-14,5.840000152587891,5.840000152587891,5.820000171661377,5.829999923706055,29699000
2023-02-15,5.820000171661377,5.829999923706055,5.789999961853027,5.800000190734863,19179000
2023-02-16,5.71999979019165,5.730000019073486,5.710000038146973,5.730000019073486,33115000
2023-02-17,5.880000114440918,5.880000114440918,5.849999904632568,5.860000133514404,15126000
2023-02-20,5.869999885559082,5.900000095367432,5.869999885559082,5.889999866485596,14337000
2023-02-21,5.900000095367432,5.900000095367432,5.880000114440918,5.889999866485596,6678000
2023-02-22,6.010000228881836,6.010000228881836,5.989999771118164,6.0,17079000
2023-02-23,5.96999979019165,5.989999771118164,5.960000038146973,5.989999771118164,12762000
2023-02-24,5.96999979019165,5.980000019073486,5.949999809265137,5.960000038146973,9760000
2023-03-01,6.019999980926514,6.070000171661377,6.019999980926514,6.059999942779541,13170000
2023-03-02,6.110000133514404,6.130000114440918,6.070000171661377,6.079999923706055,35263000
2023-03-03,6.039999961853027,6.050000190734863,6.019999980926514,6.03000020980835,11218000
2023-03-06,5.880000114440918,5.920000076293945,5.869999885559082,5.920000076293945,26312000
2023-03-07,5.880000114440918,5.889999866485596,5.869999885559082,5.880000114440918,5639000
2023-03-08,5.980000019073486,5.989999771118164,5.960000038146973,5.96999979019165,11029000
2023-03-09,5.960000038146973,5.96999979019165,5.940000057220459,5.949999809265137,6824050
2023-03-10,6.079999923706055,6.090000152587891,6.050000190734863,6.070000171661377,36126550
2023-03-13,6.03000020980835,6.079999923706055,6.019999980926514,6.070000171661377,28671000
2023-03-14,6.050000190734863,6.070000171661377,6.03000020980835,6.070000171661377,39342000
2023-03-15,5.940000057220459,5.949999809265137,5.920000076293945,5.949999809265137,15300000
2023-03-16,5.900000095367432,5.909999847412109,5.880000114440918,5.889999866485596,12634000
2023-03-17,5.75,5.769999980926514,5.739999771118164,5.760000228881836,26652000
2023-03-20,5.789999961853027,5.800000190734863,5.760000228881836,5.760000228881836,8108000
2023-03-21,5.760000228881836,5.78000020980835,5.75,5.760000228881836,5111000
2023-03-22,5.679999828338623,5.699999809265137,5.679999828338623,5.699999809265137,9594015
2023-03-23,5.730000019073486,5.760000228881836,5.71999979019165,5.75,6374000
2023-03-24,5.690000057220459,5.710000038146973,5.679999828338623,5.699999809265137,9217000
2023-03-27,5.639999866485596,5.670000076293945,5.639999866485596,5.670000076293945,10639000
2023-03-28,5.71999979019165,5.71999979019165,5.699999809265137,5.710000038146973,9077000
2023-03-29,5.71999979019165,5.730000019073486,5.710000038146973,5.730000019073486,8402000
2023-03-30,5.639999866485596,5.659999847412109,5.639999866485596,5.650000095367432,10862000
2023-03-31,5.579999923706055,5.579999923706055,5.570000171661377,5.570000171661377,11724000
2023-04-06,5.619999885559082,5.619999885559082,5.599999904632568,5.599999904632568,8036200
2023-04-07,5.579999923706055,5.579999923706055,5.559999942779541,5.570000171661377,24846010
2023-04-10,5.599999904632568,5.599999904632568,5.579999923706055,5.579999923706055,15770000
2023-04-11,5.579999923706055,5.590000152587891,5.559999942779541,5.579999923706055,13876000
2023-04-12,5.619999885559082,5.619999885559082,5.599999904632568,5.599999904632568,14460000
2023-04-13,5.659999847412109,5.670000076293945,5.650000095367432,5.659999847412109,12968000
2023-04-14,5.559999942779541,5.570000171661377,5.550000190734863,5.559999942779541,20720000
2023-04-17,5.550000190734863,5.570000171661377,5.550000190734863,5.570000171661377,4125000
2023-04-18,5.570000171661377,5.570000171661377,5.559999942779541,5.559999942779541,8323000
2023-04-19,5.579999923706055,5.579999923706055,5.550000190734863,5.559999942779541,5230000
2023-04-20,5.590000152587891,5.590000152587891,5.570000171661377,5.579999923706055,8592000
2023-04-21,5.610000133514404,5.610000133514404,5.590000152587891,5.590000152587891,10358600
2023-04-24,5.630000114440918,5.630000114440918,5.610000133514404,5.619999885559082,6058000
2023-04-25,5.650000095367432,5.650000095367432,5.610000133514404,5.619999885559082,17998000
2023-04-26,5.639999866485596,5.659999847412109,5.639999866485596,5.650000095367432,13906015
2023-04-27,5.659999847412109,5.659999847412109,5.639999866485596,5.650000095367432,12542000
2023-04-28,5.559999942779541,5.559999942779541,5.53000020980835,5.550000190734863,27685400
2023-05-02,5.5,5.519999980926514,5.5,5.519999980926514,17993000
2023-05-03,5.550000190734863,5.559999942779541,5.539999961853027,5.539999961853027,13295000
2023-05-04,5.559999942779541,5.590000152587891,5.550000190734863,5.579999923706055,14279000
2023-05-05,5.570000171661377,5.579999923706055,5.570000171661377,5.579999923706055,6173000
2023-05-08,5.5,5.5,5.489999771118164,5.5,19393000
2023-05-09,5.5,5.5,5.480000019073486,5.489999771118164,12142000
2023-05-10,5.510000228881836,5.519999980926514,5.5,5.510000228881836,10603000
2023-05-11,5.449999809265137,5.449999809265137,5.440000057220459,5.449999809265137,16144200
2023-05-12,5.429999828338623,5.429999828338623,5.420000076293945,5.429999828338623,13324000
2023-05-15,5.449999809265137,5.46999979019165,5.449999809265137,5.46999979019165,5591000
2023-05-16,5.440000057220459,5.440000057220459,5.420000076293945,5.429999828338623,5527020
2023-05-17,5.409999847412109,5.420000076293945,5.400000095367432,5.420000076293945,8811000
2023-05-18,5.340000152587891,5.360000133514404,5.340000152587891,5.349999904632568,12240300
2023-05-19,5.25,5.25,5.230000019073486,5.25,11354070
2023-05-22,5.269999980926514,5.28000020980835,5.260000228881836,5.269999980926514,10656000
2023-05-23,5.239999771118164,5.25,5.21999979019165,5.239999771118164,10715000
2023-05-24,5.309999942779541,5.320000171661377,5.309999942779541,5.309999942779541,8512000
2023-05-25,5.28000020980835,5.289999961853027,5.260000228881836,5.269999980926514,7532000
2023-05-26,5.239999771118164,5.25,5.21999979019165,5.230000019073486,13164000
2023-05-29,5.070000171661377,5.079999923706055,5.059999942779541,5.079999923706055,15670650
2023-05-30,5.079999923706055,5.079999923706055,5.070000171661377,5.070000171661377,5461000
2023-05-31,5.090000152587891,5.090000152587891,5.059999942779541,5.059999942779541,10595140
2023-06-01,5.099999904632568,5.119999885559082,5.090000152587891,5.119999885559082,7225000
2023-06-02,5.039999961853027,5.039999961853027,5.03000020980835,5.039999961853027,11995020
2023-06-05,5.03000020980835,5.03000020980835,5.010000228881836,5.03000020980835,10476000
2023-06-06,5.0,5.010000228881836,4.989999771118164,5.010000228881836,8838000
2023-06-07,4.989999771118164,5.010000228881836,4.989999771118164,5.0,3841000
2023-06-08,5.110000133514404,5.119999885559082,5.070000171661377,5.079999923706055,12580000
2023-06-09,5.039999961853027,5.039999961853027,5.019999980926514,5.03000020980835,4348000
2023-06-12,5.0,5.010000228881836,4.989999771118164,5.0,4797000
2023-06-13,4.889999866485596,4.929999828338623,4.889999866485596,4.920000076293945,16053000
2023-06-14,4.900000095367432,4.900000095367432,4.880000114440918,4.880000114440918,7874490
2023-06-15,4.860000133514404,4.869999885559082,4.849999904632568,4.860000133514404,6593000
2023-06-16,4.820000171661377,4.820000171661377,4.800000190734863,4.809999942779541,10838000
2023-06-19,4.840000152587891,4.840000152587891,4.820000171661377,4.829999923706055,4441000
2023-06-20,4.860000133514404,4.860000133514404,4.829999923706055,4.840000152587891,6668000
2023-06-21,4.829999923706055,4.840000152587891,4.829999923706055,4.840000152587891,5002000
2023-06-26,4.889999866485596,4.889999866485596,4.860000133514404,4.860000133514404,7665000
2023-06-27,4.949999809265137,4.960000038146973,4.929999828338623,4.940000057220459,8368042
2023-06-28,4.900000095367432,4.909999847412109,4.889999866485596,4.900000095367432,6879000
2023-06-29,4.869999885559082,4.880000114440918,4.860000133514404,4.869999885559082,5945000
2023-06-30,4.860000133514404,4.880000114440918,4.860000133514404,4.869999885559082,3784000
2023-07-03,4.800000190734863,4.809999942779541,4.789999961853027,4.800000190734863,5429000
2023-07-04,4.800000190734863,4.800000190734863,4.789999961853027,4.800000190734863,4079000
2023-07-05,4.809999942779541,4.809999942779541,4.789999961853027,4.800000190734863,4241000
2023-07-06,4.829999923706055,4.829999923706055,4.800000190734863,4.809999942779541,12168000
2023-07-07,4.840000152587891,4.849999904632568,4.829999923706055,4.840000152587891,10636100
2023-07-10,4.869999885559082,4.880000114440918,4.849999904632568,4.849999904632568,8478000
2023-07-11,4.840000152587891,4.849999904632568,4.840000152587891,4.840000152587891,6595000
2023-07-12,4.829999923706055,4.829999923706055,4.820000171661377,4.829999923706055,12709000
2023-07-13,4.75,4.769999980926514,4.739999771118164,4.769999980926514,25608059
2023-07-14,4.679999828338623,4.690000057220459,4.670000076293945,4.690000057220459,14464000
2023-07-17,4.690000057220459,4.699999809265137,4.690000057220459,4.690000057220459,5423000
2023-07-18,4.650000095367432,4.659999847412109,4.639999866485596,4.659999847412109,7192000
2023-07-19,4.610000133514404,4.610000133514404,4.599999904632568,4.610000133514404,10896000
2023-07-20,4.630000114440918,4.639999866485596,4.619999885559082,4.639999866485596,5575000
2023-07-21,4.71999979019165,4.71999979019165,4.699999809265137,4.710000038146973,17437000
2023-07-24,4.730000019073486,4.739999771118164,4.71999979019165,4.71999979019165,8771000
2023-07-25,4.710000038146973,4.730000019073486,4.710000038146973,4.71999979019165,9178000
2023-07-26,4.699999809265137,4.699999809265137,4.690000057220459,4.699999809265137,5183000
2023-07-27,4.679999828338623,4.690000057220459,4.659999847412109,4.679999828338623,6416542
2023-07-28,4.699999809265137,4.71999979019165,4.690000057220459,4.699999809265137,9232000
2023-07-31,4.650000095367432,4.650000095367432,4.619999885559082,4.630000114440918,7865200
2023-08-01,4.630000114440918,4.630000114440918,4.610000133514404,4.630000114440918,7022000
2023-08-02,4.679999828338623,4.679999828338623,4.650000095367432,4.659999847412109,11960000
2023-08-04,4.71999979019165,4.730000019073486,4.710000038146973,4.730000019073486,15038050
2023-08-07,4.75,4.760000228881836,4.739999771118164,4.739999771118164,7327100
2023-08-08,4.760000228881836,4.760000228881836,4.730000019073486,4.730000019073486,5992000
2023-08-09,4.769999980926514,4.78000020980835,4.760000228881836,4.78000020980835,7757000
2023-08-10,4.829999923706055,4.829999923706055,4.809999942779541,4.809999942779541,14572000
2023-08-11,4.829999923706055,4.829999923706055,4.800000190734863,4.809999942779541,7976000
2023-08-14,4.869999885559082,4.880000114440918,4.849999904632568,4.849999904632568,14408000
2023-08-15,4.800000190734863,4.800000190734863,4.78000020980835,4.800000190734863,10916000
2023-08-16,4.849999904632568,4.860000133514404,4.840000152587891,4.860000133514404,7722000
2023-08-17,4.900000095367432,4.929999828338623,4.889999866485596,4.920000076293945,15355000
2023-08-18,4.96999979019165,4.96999979019165,4.940000057220459,4.960000038146973,16279000
2023-08-21,4.960000038146973,4.96999979019165,4.949999809265137,4.949999809265137,18959000
2023-08-22,4.900000095367432,4.900000095367432,4.880000114440918,4.889999866485596,7993000
2023-08-23,4.880000114440918,4.889999866485596,4.869999885559082,4.889999866485596,6140000
2023-08-24,4.760000228881836,4.78000020980835,4.75,4.78000020980835,14532000
2023-08-25,4.940000057220459,4.940000057220459,4.909999847412109,4.920000076293945,17211000
2023-08-28,4.889999866485596,4.889999866485596,4.869999885559082,4.880000114440918,8934000
2023-08-29,4.849999904632568,4.860000133514404,4.840000152587891,4.840000152587891,9239482
2023-08-30,4.75,4.75,4.730000019073486,4.739999771118164,13775999
2023-08-31,4.739999771118164,4.739999771118164,4.71999979019165,4.730000019073486,6511000
2023-09-01,4.71999979019165,4.71999979019165,4.710000038146973,4.71999979019165,5423000
2023-09-04,4.71999979019165,4.71999979019165,4.710000038146973,4.71999979019165,5165000
2023-09-05,4.71999979019165,4.730000019073486,4.71999979019165,4.730000019073486,2598000
2023-09-06,4.730000019073486,4.730000019073486,4.710000038146973,4.71999979019165,3976000
2023-09-07,4.78000020980835,4.78000020980835,4.75,4.760000228881836,5721118
2023-09-08,4.789999961853027,4.809999942779541,4.78000020980835,4.800000190734863,9309000
2023-09-11,4.769999980926514,4.789999961853027,4.769999980926514,4.78000020980835,7612000
2023-09-12,4.739999771118164,4.75,4.730000019073486,4.739999771118164,7489000
2023-09-13,4.78000020980835,4.789999961853027,4.769999980926514,4.789999961853027,7035000
2023-09-14,4.730000019073486,4.760000228881836,4.730000019073486,4.75,8871000
2023-09-15,4.710000038146973,4.730000019073486,4.710000038146973,4.71999979019165,6922000
2023-09-18,4.789999961853027,4.809999942779541,4.789999961853027,4.800000190734863,14762000
2023-09-19,4.800000190734863,4.800000190734863,4.789999961853027,4.789999961853027,8997000
2023-09-20,4.820000171661377,4.829999923706055,4.809999942779541,4.820000171661377,5251000
2023-09-21,4.909999847412109,4.909999847412109,4.889999866485596,4.889999866485596,11203000
2023-09-22,4.949999809265137,4.980000019073486,4.949999809265137,4.96999979019165,18124000
2023-09-25,4.949999809265137,4.96999979019165,4.940000057220459,4.960000038146973,10780000
2023-09-26,4.980000019073486,4.980000019073486,4.960000038146973,4.96999979019165,10926000
2023-09-27,5.010000228881836,5.03000020980835,5.010000228881836,5.019999980926514,11567000
2023-09-28,5.019999980926514,5.03000020980835,4.989999771118164,5.0,11188000
2023-10-02,4.929999828338623,4.940000057220459,4.920000076293945,4.940000057220459,10624000
2023-10-03,4.949999809265137,4.949999809265137,4.920000076293945,4.929999828338623,8620350
2023-10-04,5.039999961853027,5.039999961853027,5.019999980926514,5.03000020980835,21700000
2023-10-05,4.940000057220459,4.960000038146973,4.929999828338623,4.949999809265137,8654000
2023-10-06,4.96999979019165,4.96999979019165,4.960000038146973,4.960000038146973,6791000
2023-10-11,4.820000171661377,4.829999923706055,4.809999942779541,4.820000171661377,11668000
2023-10-12,4.78000020980835,4.789999961853027,4.78000020980835,4.789999961853027,9126000
2023-10-13,4.820000171661377,4.820000171661377,4.800000190734863,4.809999942779541,4806000
2023-10-16,4.869999885559082,4.869999885559082,4.849999904632568,4.869999885559082,7331000
2023-10-17,4.840000152587891,4.840000152587891,4.820000171661377,4.829999923706055,4005000
2023-10-18,4.860000133514404,4.860000133514404,4.840000152587891,4.860000133514404,8442000
2023-10-19,4.920000076293945,4.920000076293945,4.889999866485596,4.900000095367432,9577000
2023-10-20,4.96999979019165,4.980000019073486,4.949999809265137,4.960000038146973,9419000
2023-10-23,5.019999980926514,5.019999980926514,5.0,5.010000228881836,12424000
2023-10-24,4.980000019073486,5.010000228881836,4.980000019073486,5.0,10216000
2023-10-25,4.980000019073486,4.980000019073486,4.960000038146973,4.96999979019165,12110000
2023-10-26,5.150000095367432,5.150000095367432,5.119999885559082,5.130000114440918,13771000
2023-10-27,5.139999866485596,5.150000095367432,5.130000114440918,5.139999866485596,12208000
2023-10-30,5.139999866485596,5.139999866485596,5.119999885559082,5.130000114440918,8473000
2023-10-31,5.139999866485596,5.139999866485596,5.110000133514404,5.110000133514404,6784000
2023-11-01,5.090000152587891,5.099999904632568,5.070000171661377,5.079999923706055,7485178
2023-11-02,4.96999979019165,4.96999979019165,4.949999809265137,4.96999979019165,9330000
2023-11-03,4.920000076293945,4.920000076293945,4.909999847412109,4.920000076293945,8017000
2023-11-06,4.849999904632568,4.849999904632568,4.840000152587891,4.849999904632568,17310000
2023-11-07,4.849999904632568,4.849999904632568,4.829999923706055,4.840000152587891,9544000
2023-11-08,4.800000190734863,4.800000190734863,4.78000020980835,4.789999961853027,13202321
2023-11-09,4.789999961853027,4.800000190734863,4.78000020980835,4.789999961853027,6967000
2023-11-10,4.840000152587891,4.840000152587891,4.820000171661377,4.840000152587891,6655000
2023-11-13,4.75,4.75,4.71999979019165,4.730000019073486,8832244
2023-11-14,4.730000019073486,4.730000019073486,4.71999979019165,4.730000019073486,12586000
2023-11-15,4.610000133514404,4.630000114440918,4.610000133514404,4.630000114440918,17474500
2023-11-16,4.639999866485596,4.650000095367432,4.630000114440918,4.630000114440918,10388188
2023-11-17,4.630000114440918,4.630000114440918,4.610000133514404,4.630000114440918,9538250
2023-11-20,4.639999866485596,4.639999866485596,4.619999885559082,4.619999885559082,1905000
2023-11-21,4.550000190734863,4.570000171661377,4.550000190734863,4.570000171661377,15362094
2023-11-22,4.610000133514404,4.610000133514404,4.590000152587891,4.590000152587891,6883000
2023-11-23,4.590000152587891,4.590000152587891,4.570000171661377,4.579999923706055,3077000
2023-11-24,4.579999923706055,4.579999923706055,4.559999942779541,4.570000171661377,10874500
2023-11-27,4.610000133514404,4.610000133514404,4.590000152587891,4.590000152587891,6483000
2023-11-28,4.590000152587891,4.599999904632568,4.579999923706055,4.590000152587891,7788000
2023-11-29,4.570000171661377,4.570000171661377,4.559999942779541,4.559999942779541,8222000
2023-11-30,4.570000171661377,4.579999923706055,4.559999942779541,4.570000171661377,2015000
2023-12-01,4.619999885559082,4.630000114440918,4.590000152587891,4.599999904632568,26581000
2023-12-04,4.599999904632568,4.610000133514404,4.570000171661377,4.610000133514404,25453000
2023-12-05,4.630000114440918,4.639999866485596,4.630000114440918,4.630000114440918,4839000
2023-12-06,4.590000152587891,4.599999904632568,4.579999923706055,4.599999904632568,6069000
2023-12-07,4.639999866485596,4.650000095367432,4.630000114440918,4.630000114440918,8765000
2023-12-08,4.579999923706055,4.579999923706055,4.570000171661377,4.570000171661377,5723000
2023-12-11,4.570000171661377,4.570000171661377,4.559999942779541,4.559999942779541,5159000
2023-12-12,4.510000228881836,4.519999980926514,4.5,4.510000228881836,10196000
2023-12-13,4.480000019073486,4.480000019073486,4.460000038146973,4.46999979019165,5159000
2023-12-14,4.389999866485596,4.409999847412109,4.389999866485596,4.400000095367432,17211080
2023-12-15,4.429999828338623,4.449999809265137,4.420000076293945,4.440000057220459,17945000
2023-12-18,4.409999847412109,4.420000076293945,4.400000095367432,4.409999847412109,4367000
2023-12-19,4.389999866485596,4.400000095367432,4.380000114440918,4.389999866485596,10771000
2023-12-20,4.360000133514404,4.369999885559082,4.360000133514404,4.369999885559082,4139000
2023-12-21,4.420000076293945,4.429999828338623,4.409999847412109,4.420000076293945,5834000
2023-12-22,4.400000095367432,4.400000095367432,4.380000114440918,4.389999866485596,5494000
2023-12-25,4.369999885559082,4.389999866485596,4.360000133514404,4.389999866485596,1949000
2023-12-26,4.360000133514404,4.380000114440918,4.360000133514404,4.380000114440918,1333915
2023-12-27,4.340000152587891,4.349999904632568,4.340000152587891,4.340000152587891,3361085
2023-12-28,4.329999923706055,4.340000152587891,4.320000171661377,4.340000152587891,3162000
2023-12-29,4.349999904632568,4.349999904632568,4.340000152587891,4.340000152587891,2411000
2024-01-02,4.369999885559082,4.369999885559082,4.349999904632568,4.369999885559082,7081420
2024-01-03,4.449999809265137,4.449999809265137,4.429999828338623,4.440000057220459,11050000
2024-01-04,4.46999979019165,4.489999771118164,4.46999979019165,4.480000019073486,12330000
2024-01-05,4.5,4.510000228881836,4.5,4.5,6643420
2024-01-08,4.510000228881836,4.510000228881836,4.480000019073486,4.489999771118164,6560600
2024-01-09,4.420000076293945,4.420000076293945,4.409999847412109,4.409999847412109,10048000
2024-01-10,4.409999847412109,4.409999847412109,4.400000095367432,4.400000095367432,5178000
2024-01-11,4.360000133514404,4.369999885559082,4.349999904632568,4.360000133514404,7686000
2024-01-12,4.369999885559082,4.380000114440918,4.360000133514404,4.380000114440918,4168000
2024-01-15,4.349999904632568,4.369999885559082,4.349999904632568,4.369999885559082,3139000
2024-01-16,4.389999866485596,4.389999866485596,4.369999885559082,4.380000114440918,8941000
2024-01-17,4.389999866485596,4.389999866485596,4.360000133514404,4.369999885559082,5206000
2024-01-18,4.389999866485596,4.400000095367432,4.380000114440918,4.400000095367432,5878000
2024-01-19,4.309999942779541,4.320000171661377,4.300000190734863,4.309999942779541,18561700
2024-01-22,4.210000038146973,4.21999979019165,4.199999809265137,4.21999979019165,14435000
2024-01-23,4.230000019073486,4.239999771118164,4.21999979019165,4.230000019073486,6112000
2024-01-24,4.210000038146973,4.210000038146973,4.199999809265137,4.210000038146973,6277000
2024-01-25,4.199999809265137,4.210000038146973,4.190000057220459,4.199999809265137,5354000
2024-01-26,4.230000019073486,4.239999771118164,4.210000038146973,4.21999979019165,7437000
2024-01-29,4.21999979019165,4.230000019073486,4.210000038146973,4.21999979019165,11817000
2024-01-30,4.170000076293945,4.179999828338623,4.170000076293945,4.179999828338623,9944000
2024-01-31,4.239999771118164,4.25,4.230000019073486,4.239999771118164,5193000
2024-02-01,4.260000228881836,4.28000020980835,4.260000228881836,4.269999980926514,10204000
2024-02-02,4.199999809265137,4.199999809265137,4.190000057220459,4.199999809265137,6058000
2024-02-05,4.170000076293945,4.190000057220459,4.170000076293945,4.170000076293945,8812000
2024-02-15,4.119999885559082,4.139999866485596,4.119999885559082,4.139999866485596,8581500
2024-02-16,4.119999885559082,4.119999885559082,4.110000133514404,4.119999885559082,3172000
2024-02-19,4.150000095367432,4.159999847412109,4.139999866485596,4.139999866485596,5720000
2024-02-20,4.179999828338623,4.179999828338623,4.150000095367432,4.159999847412109,3126000
2024-02-21,4.199999809265137,4.210000038146973,4.190000057220459,4.199999809265137,5691000
2024-02-22,4.150000095367432,4.159999847412109,4.139999866485596,4.150000095367432,5313000
2024-02-23,4.090000152587891,4.099999904632568,4.079999923706055,4.090000152587891,10346000
2024-02-26,4.110000133514404,4.119999885559082,4.099999904632568,4.110000133514404,4189000
2024-02-27,4.119999885559082,4.119999885559082,4.099999904632568,4.099999904632568,3873000
2024-02-29,4.110000133514404,4.130000114440918,4.110000133514404,4.130000114440918,2685000
2024-03-01,4.079999923706055,4.090000152587891,4.070000171661377,4.079999923706055,8564000
2024-03-04,4.010000228881836,4.03000020980835,4.010000228881836,4.03000020980835,13422000
2024-03-05,4.050000190734863,4.059999942779541,4.039999961853027,4.039999961853027,3628002
2024-03-06,4.090000152587891,4.110000133514404,4.090000152587891,4.099999904632568,15715100
2024-03-07,4.110000133514404,4.119999885559082,4.099999904632568,4.099999904632568,13316300
2024-03-08,4.039999961853027,4.039999961853027,4.019999980926514,4.039999961853027,9350000
2024-03-11,4.090000152587891,4.090000152587891,4.070000171661377,4.079999923706055,35444056
2024-03-12,4.059999942779541,4.079999923706055,4.059999942779541,4.070000171661377,7299000
2024-03-13,4.039999961853027,4.050000190734863,4.03000020980835,4.039999961853027,9583000
2024-03-14,4.059999942779541,4.070000171661377,4.050000190734863,4.059999942779541,4384000
2024-03-15,4.090000152587891,4.099999904632568,4.079999923706055,4.079999923706055,9859000
2024-03-18,4.099999904632568,4.119999885559082,4.099999904632568,4.119999885559082,11963000
2024-03-19,4.099999904632568,4.110000133514404,4.090000152587891,4.099999904632568,3798000
2024-03-20,4.099999904632568,4.099999904632568,4.079999923706055,4.079999923706055,5384000
2024-03-21,4.0,4.019999980926514,4.0,4.019999980926514,12020000
2024-03-22,4.019999980926514,4.03000020980835,4.010000228881836,4.010000228881836,5222000
2024-03-25,4.019999980926514,4.019999980926514,4.0,4.010000228881836,3296000
2024-03-26,4.010000228881836,4.03000020980835,4.010000228881836,4.019999980926514,7928000
2024-03-27,4.019999980926514,4.039999961853027,4.019999980926514,4.039999961853027,2547000
2024-03-28,4.03000020980835,4.039999961853027,4.019999980926514,4.019999980926514,1709000
2024-03-29,4.039999961853027,4.039999961853027,4.019999980926514,4.019999980926514,1688000
2024-04-01,4.019999980926514,4.019999980926514,4.0,4.0,3904000
2024-04-02,4.03000020980835,4.039999961853027,4.03000020980835,4.03000020980835,4487000
2024-04-03,4.070000171661377,4.079999923706055,4.070000171661377,4.070000171661377,7787000
2024-04-08,4.079999923706055,4.079999923706055,4.059999942779541,4.079999923706055,5776000
2024-04-09,4.070000171661377,4.079999923706055,4.059999942779541,4.070000171661377,6452000
2024-04-10,4.059999942779541,4.059999942779541,4.050000190734863,4.059999942779541,4916000
2024-04-11,4.079999923706055,4.099999904632568,4.079999923706055,4.090000152587891,8563000
2024-04-12,4.039999961853027,4.039999961853027,4.019999980926514,4.03000020980835,5229000
2024-04-15,4.090000152587891,4.099999904632568,4.079999923706055,4.090000152587891,7479100
2024-04-16,4.179999828338623,4.190000057220459,4.159999847412109,4.159999847412109,19419000
2024-04-17,4.159999847412109,4.159999847412109,4.150000095367432,4.159999847412109,7644999
2024-04-18,4.190000057220459,4.210000038146973,4.190000057220459,4.210000038146973,10265000
2024-04-19,4.289999961853027,4.329999923706055,4.260000228881836,4.260000228881836,24627000
2024-04-22,4.300000190734863,4.320000171661377,4.300000190734863,4.320000171661377,13984000
2024-04-23,4.289999961853027,4.300000190734863,4.28000020980835,4.28000020980835,6641000
2024-04-24,4.179999828338623,4.199999809265137,4.179999828338623,4.190000057220459,7156582
2024-04-25,4.269999980926514,4.269999980926514,4.239999771118164,4.239999771118164,4368000
2024-04-26,4.190000057220459,4.190000057220459,4.179999828338623,4.190000057220459,6279000
2024-04-29,4.150000095367432,4.159999847412109,4.139999866485596,4.150000095367432,5598000
2024-04-30,4.159999847412109,4.159999847412109,4.139999866485596,4.150000095367432,4798000
2024-05-02,4.239999771118164,4.239999771118164,4.230000019073486,4.230000019073486,5094000
2024-05-03,4.199999809265137,4.199999809265137,4.170000076293945,4.179999828338623,6544000
2024-05-06,4.130000114440918,4.139999866485596,4.119999885559082,4.130000114440918,8879000
2024-05-07,4.099999904632568,4.099999904632568,4.079999923706055,4.090000152587891,8810000
2024-05-08,4.090000152587891,4.099999904632568,4.079999923706055,4.090000152587891,6078000
2024-05-09,4.110000133514404,4.110000133514404,4.090000152587891,4.099999904632568,4426237
2024-05-10,4.079999923706055,4.090000152587891,4.079999923706055,4.079999923706055,5636100
2024-05-13,4.079999923706055,4.079999923706055,4.070000171661377,4.079999923706055,4956000
2024-05-14,4.079999923706055,4.079999923706055,4.059999942779541,4.070000171661377,6835000
2024-05-15,4.050000190734863,4.050000190734863,4.03000020980835,4.039999961853027,5984000
2024-05-16,3.9800000190734863,3.9800000190734863,3.9700000286102295,3.9800000190734863,8477000
2024-05-17,3.990000009536743,4.0,3.9800000190734863,3.990000009536743,2089000
2024-05-20,3.9800000190734863,3.990000009536743,3.9800000190734863,3.990000009536743,5760000
2024-05-21,3.9800000190734863,3.9800000190734863,3.9600000381469727,3.9700000286102295,6736000
2024-05-22,3.950000047683716,3.9600000381469727,3.950000047683716,3.9600000381469727,3684000
2024-05-23,3.9200000762939453,3.950000047683716,3.9200000762939453,3.950000047683716,7949000
2024-05-24,3.9700000286102295,3.9800000190734863,3.9600000381469727,3.9700000286102295,7072000
2024-05-27,3.950000047683716,3.950000047683716,3.940000057220459,3.950000047683716,3241000
2024-05-28,3.940000057220459,3.950000047683716,3.930000066757202,3.950000047683716,2905000
2024-05-29,3.950000047683716,3.950000047683716,3.930000066757202,3.930000066757202,4391000
2024-05-30,4.0,4.0,3.9700000286102295,3.9800000190734863,6482100
2024-05-31,4.010000228881836,4.019999980926514,4.0,4.010000228881836,5747000
2024-06-03,3.990000009536743,3.990000009536743,3.9800000190734863,3.9800000190734863,3361000
2024-06-04,4.0,4.0,3.9700000286102295,3.9800000190734863,5385910
2024-06-05,3.9700000286102295,3.9800000190734863,3.9600000381469727,3.9600000381469727,2985000
2024-06-06,3.9000000953674316,3.9000000953674316,3.880000114440918,3.9000000953674316,9289000
2024-06-07,3.890000104904175,3.9000000953674316,3.890000104904175,3.890000104904175,2045150
2024-06-11,3.9000000953674316,3.9000000953674316,3.890000104904175,3.9000000953674316,2402000
2024-06-12,3.859999895095825,3.869999885559082,3.859999895095825,3.869999885559082,4678000
2024-06-13,3.7799999713897705,3.799999952316284,3.7799999713897705,3.7899999618530273,15769000
2024-06-14,3.7899999618530273,3.7899999618530273,3.7799999713897705,3.7799999713897705,8549000
2024-06-17,3.7699999809265137,3.7799999713897705,3.7699999809265137,3.7699999809265137,6162000
2024-06-18,3.7300000190734863,3.7300000190734863,3.7200000286102295,3.7300000190734863,8947000
2024-06-19,3.7100000381469727,3.7300000190734863,3.7100000381469727,3.7300000190734863,3999250
2024-06-20,3.700000047683716,3.7200000286102295,3.700000047683716,3.7100000381469727,3196250
2024-06-21,3.75,3.759999990463257,3.740000009536743,3.75,6564000
2024-06-24,3.759999990463257,3.7699999809265137,3.75,3.75,6087000
2024-06-25,3.7899999618530273,3.809999942779541,3.7899999618530273,3.799999952316284,5435368
2024-06-26,3.75,3.759999990463257,3.75,3.759999990463257,3221000
2024-06-27,3.7699999809265137,3.7799999713897705,3.759999990463257,3.7799999713897705,3883000
2024-06-28,3.740000009536743,3.740000009536743,3.7200000286102295,3.740000009536743,4642201
2024-07-01,3.759999990463257,3.759999990463257,3.75,3.75,8454000
2024-07-02,3.75,3.7699999809265137,3.75,3.75,5589000
2024-07-03,3.7200000286102295,3.7200000286102295,3.7100000381469727,3.7100000381469727,10011000
2024-07-04,3.680000066757202,3.690000057220459,3.6700000762939453,3.680000066757202,5342249
2024-07-05,3.680000066757202,3.680000066757202,3.6700000762939453,3.680000066757202,2528300
2024-07-08,3.6500000953674316,3.6500000953674316,3.640000104904175,3.6500000953674316,6586010
2024-07-09,3.630000114440918,3.630000114440918,3.609999895095825,3.619999885559082,5259000
2024-07-10,3.619999885559082,3.630000114440918,3.619999885559082,3.619999885559082,2264188
2024-07-11,3.5899999141693115,3.5999999046325684,3.5899999141693115,3.5899999141693115,3111000
2024-07-12,3.680000066757202,3.690000057220459,3.6600000858306885,3.6700000762939453,4712000
2024-07-15,3.6500000953674316,3.6600000858306885,3.640000104904175,3.6500000953674316,3604000
2024-07-16,3.640000104904175,3.6500000953674316,3.630000114440918,3.640000104904175,3406000
2024-07-17,3.6600000858306885,3.6700000762939453,3.6500000953674316,3.6500000953674316,4061000
2024-07-18,3.75,3.75,3.7300000190734863,3.740000009536743,12180422
2024-07-19,3.759999990463257,3.759999990463257,3.75,3.75,6952456
2024-07-22,3.799999952316284,3.799999952316284,3.7799999713897705,3.7799999713897705,7483000
2024-07-23,3.75,3.759999990463257,3.75,3.75,5484000
2024-07-26,3.9000000953674316,3.9100000858306885,3.9000000953674316,3.9000000953674316,18994000
2024-07-29,3.869999885559082,3.869999885559082,3.859999895095825,3.859999895095825,5974000
2024-07-30,3.880000114440918,3.9100000858306885,3.880000114440918,3.890000104904175,7230080
2024-07-31,3.9000000953674316,3.9200000762939453,3.9000000953674316,3.9100000858306885,9479100
2024-08-01,3.799999952316284,3.799999952316284,3.7799999713897705,3.7899999618530273,10335329
2024-08-02,3.9700000286102295,3.9800000190734863,3.930000066757202,3.930000066757202,31193351
2024-08-05,4.159999847412109,4.159999847412109,4.070000171661377,4.070000171661377,37791008
2024-08-06,4.050000190734863,4.059999942779541,4.019999980926514,4.039999961853027,23959000
2024-08-07,4.03000020980835,4.090000152587891,4.019999980926514,4.070000171661377,17420299
2024-08-08,4.130000114440918,4.139999866485596,4.099999904632568,4.139999866485596,12246000
2024-08-09,4.0,4.019999980926514,3.9800000190734863,3.990000009536743,9991000
2024-08-12,3.9800000190734863,3.990000009536743,3.9700000286102295,3.9800000190734863,5983000
2024-08-13,3.9600000381469727,3.9800000190734863,3.9600000381469727,3.9700000286102295,3826000
2024-08-14,3.890000104904175,3.890000104904175,3.869999885559082,3.880000114440918,13201000
2024-08-15,3.880000114440918,3.880000114440918,3.859999895095825,3.869999885559082,14090000
2024-08-16,3.7899999618530273,3.799999952316284,3.7699999809265137,3.799999952316284,9953000
2024-08-19,3.7799999713897705,3.7799999713897705,3.759999990463257,3.7799999713897705,6536300
2024-08-20,3.7300000190734863,3.7300000190734863,3.7200000286102295,3.7200000286102295,8250000
2024-08-21,3.740000009536743,3.75,3.7300000190734863,3.75,6638000
2024-08-22,3.7300000190734863,3.740000009536743,3.7100000381469727,3.7200000286102295,5563000
2024-08-23,3.759999990463257,3.7799999713897705,3.759999990463257,3.7799999713897705,7265000
2024-08-26,3.740000009536743,3.759999990463257,3.740000009536743,3.75,5644200
2024-08-27,3.7699999809265137,3.7899999618530273,3.7699999809265137,3.7799999713897705,5329000
2024-08-28,3.7699999809265137,3.7899999618530273,3.7699999809265137,3.7699999809265137,3328000
2024-08-29,3.8399999141693115,3.8499999046325684,3.8299999237060547,3.8399999141693115,10001000
2024-08-30,3.809999942779541,3.819999933242798,3.799999952316284,3.799999952316284,8729000
2024-09-02,3.7799999713897705,3.7899999618530273,3.7699999809265137,3.7699999809265137,3841000
2024-09-03,3.7799999713897705,3.799999952316284,3.7699999809265137,3.7799999713897705,2873000
2024-09-04,3.9200000762939453,3.930000066757202,3.9000000953674316,3.9200000762939453,17989000
2024-09-05,3.9100000858306885,3.9200000762939453,3.890000104904175,3.890000104904175,4874000
2024-09-06,3.9200000762939453,3.940000057220459,3.9100000858306885,3.930000066757202,5116000
2024-09-09,3.9800000190734863,4.0,3.9700000286102295,4.0,8911000
2024-09-10,3.9600000381469727,3.9700000286102295,3.940000057220459,3.940000057220459,6110000
2024-09-11,3.950000047683716,3.950000047683716,3.9200000762939453,3.930000066757202,6004000
2024-09-12,3.819999933242798,3.8499999046325684,3.819999933242798,3.8499999046325684,10442000
2024-09-13,3.799999952316284,3.809999942779541,3.7899999618530273,3.7899999618530273,5957399
2024-09-16,3.7799999713897705,3.7899999618530273,3.7799999713897705,3.7899999618530273,2464000
2024-09-18,3.809999942779541,3.809999942779541,3.7799999713897705,3.7899999618530273,4461000
2024-09-19,3.75,3.799999952316284,3.75,3.7899999618530273,6892399
2024-09-20,3.7300000190734863,3.7300000190734863,3.7200000286102295,3.7300000190734863,10473991
2024-09-23,3.7100000381469727,3.7200000286102295,3.700000047683716,3.7200000286102295,5886300
2024-09-24,3.7200000286102295,3.7300000190734863,3.7100000381469727,3.7300000190734863,2960000
2024-09-25,3.700000047683716,3.7100000381469727,3.690000057220459,3.7100000381469727,7402000
2024-09-26,3.6600000858306885,3.680000066757202,3.6600000858306885,3.6700000762939453,5867000
2024-09-27,3.6700000762939453,3.6700000762939453,3.6600000858306885,3.6700000762939453,10581000
2024-09-30,3.700000047683716,3.700000047683716,3.6700000762939453,3.6700000762939453,8127000
2024-10-01,3.690000057220459,3.700000047683716,3.6700000762939453,3.680000066757202,7968000
2024-10-04,3.7300000190734863,3.740000009536743,3.7100000381469727,3.7300000190734863,12458000
2024-10-07,3.700000047683716,3.700000047683716,3.680000066757202,3.690000057220459,8305000
2024-10-08,3.740000009536743,3.740000009536743,3.7200000286102295,3.7200000286102295,9084000
2024-10-09,3.690000057220459,3.700000047683716,3.6700000762939453,3.690000057220459,6872000
2024-10-11,3.6600000858306885,3.6600000858306885,3.640000104904175,3.640000104904175,8451000
2024-10-14,3.6500000953674316,3.6600000858306885,3.6500000953674316,3.6600000858306885,2388000
2024-10-15,3.630000114440918,3.630000114440918,3.619999885559082,3.630000114440918,4251999
2024-10-16,3.6700000762939453,3.6700000762939453,3.6600000858306885,3.6600000858306885,2903000
2024-10-17,3.6700000762939453,3.680000066757202,3.6700000762939453,3.6700000762939453,1079000
2024-10-18,3.6700000762939453,3.6700000762939453,3.6600000858306885,3.6600000858306885,2963000
2024-10-21,3.6500000953674316,3.6500000953674316,3.630000114440918,3.6500000953674316,2981350
2024-10-22,3.6500000953674316,3.6600000858306885,3.640000104904175,3.6500000953674316,3160000
2024-10-23,3.640000104904175,3.640000104904175,3.630000114440918,3.640000104904175,4080000
2024-10-24,3.6700000762939453,3.680000066757202,3.6600000858306885,3.6700000762939453,6536010
2024-10-25,3.6700000762939453,3.6700000762939453,3.6500000953674316,3.6600000858306885,1623000
2024-10-28,3.619999885559082,3.630000114440918,3.609999895095825,3.619999885559082,5888000
2024-10-29,3.6500000953674316,3.6500000953674316,3.630000114440918,3.630000114440918,5706000
2024-10-30,3.609999895095825,3.619999885559082,3.5899999141693115,3.619999885559082,10733000
2024-11-01,3.7100000381469727,3.7200000286102295,3.700000047683716,3.700000047683716,17808000
2024-11-04,3.690000057220459,3.7100000381469727,3.680000066757202,3.700000047683716,4733000
2024-11-05,3.7100000381469727,3.7200000286102295,3.700000047683716,3.7100000381469727,8246000
2024-11-06,3.630000114440918,3.6600000858306885,3.609999895095825,3.6500000953674316,21798000
2024-11-07,3.5399999618530273,3.569999933242798,3.5399999618530273,3.559999942779541,21490000
2024-11-08,3.5,3.509999990463257,3.490000009536743,3.5,23677000
2024-11-11,3.4800000190734863,3.5,3.4800000190734863,3.490000009536743,3633100
2024-11-12,3.509999990463257,3.509999990463257,3.490000009536743,3.490000009536743,5161000
2024-11-13,3.5199999809265137,3.5199999809265137,3.509999990463257,3.5199999809265137,3900000
2024-11-14,3.5299999713897705,3.5299999713897705,3.509999990463257,3.5199999809265137,3448000
2024-11-15,3.559999942779541,3.559999942779541,3.5399999618530273,3.549999952316284,6297100
2024-11-18,3.5999999046325684,3.5999999046325684,3.5899999141693115,3.5899999141693115,9204000
2024-11-19,3.5899999141693115,3.5999999046325684,3.5799999237060547,3.5899999141693115,6023000
2024-11-20,3.569999933242798,3.569999933242798,3.569999933242798,3.569999933242798,14000
2024-11-21,3.5899999141693115,3.5999999046325684,3.5799999237060547,3.5799999237060547,6043000
2024-11-22,3.569999933242798,3.5799999237060547,3.549999952316284,3.569999933242798,8737000
2024-11-25,3.5299999713897705,3.5399999618530273,3.5199999809265137,3.5299999713897705,5467050
2024-11-26,3.549999952316284,3.569999933242798,3.5399999618530273,3.549999952316284,3229000
2024-11-27,3.5399999618530273,3.5399999618530273,3.5199999809265137,3.5299999713897705,3168000
2024-11-28,3.5399999618530273,3.559999942779541,3.5399999618530273,3.559999942779541,3871352
2024-11-29,3.5299999713897705,3.549999952316284,3.5299999713897705,3.549999952316284,3210000
2024-12-02,3.5299999713897705,3.5399999618530273,3.5199999809265137,3.5199999809265137,4182000
2024-12-03,3.4800000190734863,3.490000009536743,3.4800000190734863,3.490000009536743,6444000
2024-12-04,3.4700000286102295,3.4800000190734863,3.4600000381469727,3.4700000286102295,4316000
2024-12-05,3.450000047683716,3.450000047683716,3.440000057220459,3.450000047683716,3658000
2024-12-06,3.4600000381469727,3.4600000381469727,3.450000047683716,3.4600000381469727,2061000
2024-12-09,3.4200000762939453,3.430000066757202,3.4200000762939453,3.430000066757202,3907550
2024-12-10,3.450000047683716,3.4600000381469727,3.440000057220459,3.450000047683716,7354100
2024-12-11,3.4600000381469727,3.4600000381469727,3.450000047683716,3.4600000381469727,2831000
2024-12-12,3.4100000858306885,3.4100000858306885,3.4000000953674316,3.4100000858306885,7362000
2024-12-13,3.4100000858306885,3.4200000762939453,3.4000000953674316,3.4100000858306885,3569000
2024-12-16,3.390000104904175,3.4000000953674316,3.390000104904175,3.4000000953674316,5145000
2024-12-17,3.359999895095825,3.359999895095825,3.3499999046325684,3.359999895095825,5064000
2024-12-18,3.359999895095825,3.369999885559082,3.359999895095825,3.369999885559082,4460000
2024-12-19,3.4800000190734863,3.490000009536743,3.4600000381469727,3.4600000381469727,17922000
2024-12-20,3.5299999713897705,3.5299999713897705,3.5,3.509999990463257,11435050
2024-12-23,3.450000047683716,3.4700000286102295,3.440000057220459,3.4700000286102295,7966000
2024-12-24,3.450000047683716,3.450000047683716,3.440000057220459,3.440000057220459,3059000
2024-12-25,3.390000104904175,3.4200000762939453,3.390000104904175,3.4200000762939453,6726000
2024-12-26,3.390000104904175,3.4000000953674316,3.390000104904175,3.390000104904175,1855000
2024-12-27,3.4200000762939453,3.4200000762939453,3.4000000953674316,3.4100000858306885,921000
2024-12-30,3.4600000381469727,3.4600000381469727,3.440000057220459,3.450000047683716,4467000
2024-12-31,3.4800000190734863,3.5,3.4800000190734863,3.490000009536743,6064000
2025-01-02,3.5,3.509999990463257,3.490000009536743,3.509999990463257,5971000
2025-01-03,3.5199999809265137,3.5199999809265137,3.509999990463257,3.509999990463257,3895000
2025-01-06,3.4700000286102295,3.4800000190734863,3.4700000286102295,3.4800000190734863,5769000
2025-01-07,3.450000047683716,3.450000047683716,3.430000066757202,3.440000057220459,3307000
2025-01-08,3.5,3.5,3.4800000190734863,3.4800000190734863,11341000
2025-01-09,3.509999990463257,3.509999990463257,3.490000009536743,3.5,5511000
2025-01-10,3.509999990463257,3.5299999713897705,3.509999990463257,3.5299999713897705,5468000
2025-01-13,3.5799999237060547,3.5899999141693115,3.549999952316284,3.559999942779541,13430000
2025-01-14,3.559999942779541,3.559999942779541,3.5399999618530273,3.549999952316284,6186000
2025-01-15,3.559999942779541,3.569999933242798,3.549999952316284,3.559999942779541,3220000
2025-01-16,3.490000009536743,3.490000009536743,3.4700000286102295,3.4700000286102295,4727732
2025-01-17,3.5,3.5199999809265137,3.5,3.509999990463257,7252000
2025-01-20,3.450000047683716,3.4800000190734863,3.450000047683716,3.4700000286102295,5942000
2025-01-21,3.450000047683716,3.4800000190734863,3.440000057220459,3.4700000286102295,3328000
2025-01-22,3.4100000858306885,3.4200000762939453,3.4000000953674316,3.4200000762939453,5315000
2025-02-03,3.549999952316284,3.549999952316284,3.509999990463257,3.509999990463257,14104000
2025-02-04,3.5,3.509999990463257,3.4600000381469727,3.4700000286102295,9849000
2025-02-05,3.450000047683716,3.4700000286102295,3.440000057220459,3.4600000381469727,4964000
2025-02-06,3.4200000762939453,3.430000066757202,3.4100000858306885,3.4200000762939453,4743000
2025-02-07,3.4100000858306885,3.4200000762939453,3.4000000953674316,3.4100000858306885,3316300
2025-02-10,3.440000057220459,3.450000047683716,3.430000066757202,3.440000057220459,4859000
2025-02-11,3.430000066757202,3.440000057220459,3.4200000762939453,3.4200000762939453,3480000
2025-02-12,3.430000066757202,3.430000066757202,3.4200000762939453,3.4200000762939453,3753000
2025-02-13,3.4000000953674316,3.4200000762939453,3.4000000953674316,3.4100000858306885,7759000
2025-02-14,3.369999885559082,3.380000114440918,3.369999885559082,3.380000114440918,10661000
2025-02-17,3.3499999046325684,3.369999885559082,3.3499999046325684,3.369999885559082,7142001
2025-02-18,3.359999895095825,3.359999895095825,3.3499999046325684,3.3499999046325684,2667000
2025-02-19,3.359999895095825,3.359999895095825,3.3399999141693115,3.3499999046325684,2239000
2025-02-20,3.369999885559082,3.369999885559082,3.3499999046325684,3.359999895095825,3444000
2025-02-21,3.369999885559082,3.369999885559082,3.359999895095825,3.369999885559082,3728000
2025-02-24,3.4200000762939453,3.4200000762939453,3.4000000953674316,3.4200000762939453,11494200
2025-02-25,3.4800000190734863,3.4800000190734863,3.450000047683716,3.4600000381469727,17426400
2025-02-26,3.490000009536743,3.509999990463257,3.490000009536743,3.5,11391000
2025-02-27,3.509999990463257,3.5199999809265137,3.5,3.509999990463257,6879000
2025-03-03,3.549999952316284,3.559999942779541,3.5399999618530273,3.559999942779541,21188440
2025-03-04,3.609999895095825,3.630000114440918,3.5999999046325684,3.619999885559082,16648000
2025-03-05,3.609999895095825,3.630000114440918,3.5999999046325684,3.619999885559082,9797000
2025-03-06,3.5999999046325684,3.609999895095825,3.5899999141693115,3.5899999141693115,7547000
2025-03-07,3.680000066757202,3.680000066757202,3.6600000858306885,3.6700000762939453,7793820
2025-03-10,3.690000057220459,3.700000047683716,3.680000066757202,3.690000057220459,5286010
2025-03-11,3.799999952316284,3.859999895095825,3.7899999618530273,3.8499999046325684,16621110
2025-03-12,3.819999933242798,3.819999933242798,3.799999952316284,3.799999952316284,7720000
2025-03-13,3.809999942779541,3.819999933242798,3.759999990463257,3.759999990463257,10444398
2025-03-14,3.8299999237060547,3.8299999237060547,3.809999942779541,3.819999933242798,13246000
2025-03-17,3.7899999618530273,3.7899999618530273,3.7699999809265137,3.7799999713897705,9030000
2025-03-18,3.7699999809265137,3.7699999809265137,3.75,3.759999990463257,5853000
2025-03-19,3.7899999618530273,3.799999952316284,3.7899999618530273,3.7899999618530273,8838000
2025-03-20,3.7300000190734863,3.740000009536743,3.7200000286102295,3.740000009536743,12928362
2025-03-21,3.7699999809265137,3.7699999809265137,3.75,3.75,3536000
2025-03-24,3.7200000286102295,3.7300000190734863,3.7100000381469727,3.7200000286102295,3615000
2025-03-25,3.690000057220459,3.690000057220459,3.6700000762939453,3.680000066757202,4521000
2025-03-26,3.6600000858306885,3.6600000858306885,3.640000104904175,3.640000104904175,3884000
2025-03-27,3.7300000190734863,3.7300000190734863,3.7100000381469727,3.7300000190734863,9206375
2025-03-28,3.7699999809265137,3.7699999809265137,3.740000009536743,3.75,15165000
2025-03-31,3.9100000858306885,3.9100000858306885,3.869999885559082,3.9000000953674316,30970000
2025-04-01,3.8499999046325684,3.880000114440918,3.8499999046325684,3.859999895095825,12052000
2025-04-02,3.819999933242798,3.8299999237060547,3.809999942779541,3.819999933242798,10034150
2025-04-07,4.389999866485596,4.46999979019165,4.260000228881836,4.429999828338623,124767098
2025-04-08,4.159999847412109,4.159999847412109,4.079999923706055,4.119999885559082,52667489
2025-04-09,4.369999885559082,4.380000114440918,4.25,4.300000190734863,54738900
2025-04-10,3.809999942779541,3.8499999046325684,3.6700000762939453,3.700000047683716,63824000
2025-04-11,3.940000057220459,3.9800000190734863,3.890000104904175,3.950000047683716,45106000
2025-04-14,3.809999942779541,3.8299999237060547,3.7899999618530273,3.819999933242798,32566720
2025-04-15,3.8299999237060547,3.8299999237060547,3.809999942779541,3.8299999237060547,14895129
2025-04-16,3.930000066757202,3.930000066757202,3.859999895095825,3.880000114440918,30943497
2025-04-17,3.9000000953674316,3.930000066757202,3.890000104904175,3.930000066757202,23600000
2025-04-18,3.890000104904175,3.9100000858306885,3.869999885559082,3.9100000858306885,6776000
2025-04-21,3.990000009536743,3.990000009536743,3.890000104904175,3.890000104904175,27025000
2025-04-22,4.019999980926514,4.03000020980835,4.0,4.019999980926514,21731900
2025-04-23,3.859999895095825,3.869999885559082,3.8399999141693115,3.8499999046325684,20287848
2025-04-24,3.869999885559082,3.869999885559082,3.8299999237060547,3.8299999237060547,23426000
2025-04-25,3.740000009536743,3.75,3.7200000286102295,3.740000009536743,25038920
2025-04-28,3.7300000190734863,3.7300000190734863,3.7100000381469727,3.7300000190734863,11965500
2025-04-29,3.690000057220459,3.700000047683716,3.6700000762939453,3.700000047683716,11398993
2025-04-30,3.7100000381469727,3.7100000381469727,3.690000057220459,3.700000047683716,12253000
2025-05-02,3.619999885559082,3.6700000762939453,3.619999885559082,3.6700000762939453,23364003
2025-05-05,3.630000114440918,3.630000114440918,3.5799999237060547,3.5899999141693115,19424000
2025-05-06,3.630000114440918,3.640000104904175,3.609999895095825,3.640000104904175,14267000
2025-05-07,3.630000114440918,3.630000114440918,3.5899999141693115,3.609999895095825,11913000
2025-05-08,3.5899999141693115,3.609999895095825,3.5799999237060547,3.5999999046325684,16127826
2025-05-09,3.5899999141693115,3.5999999046325684,3.569999933242798,3.5899999141693115,7929000
2025-05-12,3.5199999809265137,3.5299999713897705,3.509999990463257,3.5299999713897705,18085900
2025-05-13,3.4700000286102295,3.4800000190734863,3.450000047683716,3.450000047683716,17040141
2025-05-14,3.380000114440918,3.4100000858306885,3.380000114440918,3.4100000858306885,23160027
2025-05-15,3.390000104904175,3.390000104904175,3.369999885559082,3.390000104904175,7886997
2025-05-16,3.380000114440918,3.390000104904175,3.369999885559082,3.390000104904175,6931997
2025-05-19,3.4200000762939453,3.4200000762939453,3.390000104904175,3.4000000953674316,20826339
2025-05-20,3.369999885559082,3.380000114440918,3.359999895095825,3.369999885559082,14520500
2025-05-21,3.369999885559082,3.380000114440918,3.359999895095825,3.380000114440918,9095000
2025-05-22,3.4200000762939453,3.4200000762939453,3.4000000953674316,3.4100000858306885,13122000
2025-05-23,3.4100000858306885,3.4200000762939453,3.4000000953674316,3.4000000953674316,21535000
2025-05-26,3.4000000953674316,3.4200000762939453,3.390000104904175,3.4100000858306885,8724000
2025-05-27,3.4100000858306885,3.4200000762939453,3.4000000953674316,3.4000000953674316,14337000
2025-05-28,3.380000114440918,3.380000114440918,3.3499999046325684,3.359999895095825,17957300
2025-05-29,3.309999942779541,3.319999933242798,3.299999952316284,3.319999933242798,24696360
2025-06-02,3.4100000858306885,3.4100000858306885,3.380000114440918,3.380000114440918,26750588
2025-06-03,3.359999895095825,3.369999885559082,3.3499999046325684,3.359999895095825,13607000
2025-06-04,3.319999933242798,3.3299999237060547,3.319999933242798,3.319999933242798,11638500
2025-06-05,3.319999933242798,3.319999933242798,3.309999942779541,3.319999933242798,3154000
2025-06-06,3.3399999141693115,3.3499999046325684,3.3299999237060547,3.3399999141693115,8295000
2025-06-09,3.319999933242798,3.319999933242798,3.299999952316284,3.319999933242798,7282075
2025-06-10,3.309999942779541,3.309999942779541,3.2699999809265137,3.299999952316284,21716000
2025-06-11,3.2899999618530273,3.299999952316284,3.2799999713897705,3.2899999618530273,4698992
2025-06-12,3.309999942779541,3.319999933242798,3.299999952316284,3.299999952316284,4844520
2025-06-13,3.3499999046325684,3.359999895095825,3.3299999237060547,3.3499999046325684,32295782
2025-06-16,3.319999933242798,3.3299999237060547,3.309999942779541,3.319999933242798,10294000
2025-06-17,3.309999942779541,3.309999942779541,3.2799999713897705,3.299999952316284,29743000
2025-06-18,3.319999933242798,3.319999933242798,3.299999952316284,3.309999942779541,4273000
2025-06-19,3.3399999141693115,3.3399999141693115,3.319999933242798,3.3299999237060547,6049900
2025-06-20,3.3299999237060547,3.3399999141693115,3.319999933242798,3.319999933242798,11541000
2025-06-23,3.3399999141693115,3.3499999046325684,3.3299999237060547,3.3399999141693115,13589200
2025-06-24,3.2699999809265137,3.2799999713897705,3.259999990463257,3.2699999809265137,18863600
2025-06-25,3.25,3.25,3.240000009536743,3.240000009536743,5715500
2025-06-26,3.240000009536743,3.240000009536743,3.2300000190734863,3.240000009536743,6279800
2025-06-27,3.2100000381469727,3.2100000381469727,3.200000047683716,3.2100000381469727,10301000
2025-06-30,3.190000057220459,3.190000057220459,3.180000066757202,3.190000057220459,17998000
2025-07-01,3.190000057220459,3.190000057220459,3.1700000762939453,3.180000066757202,16203000
2025-07-02,3.200000047683716,3.2100000381469727,3.190000057220459,3.200000047683716,10562178
2025-07-03,3.180000066757202,3.190000057220459,3.1700000762939453,3.180000066757202,4605000
2025-07-04,3.1700000762939453,3.1700000762939453,3.1500000953674316,3.1600000858306885,23532400
2025-07-07,3.180000066757202,3.180000066757202,3.1700000762939453,3.1700000762939453,5243000
2025-07-08,3.180000066757202,3.180000066757202,3.1700000762939453,3.180000066757202,4657000
2025-07-09,3.190000057220459,3.190000057220459,3.1700000762939453,3.180000066757202,18734430
2025-07-10,3.1600000858306885,3.1700000762939453,3.1500000953674316,3.1600000858306885,22673000
2025-07-11,3.1600000858306885,3.180000066757202,3.1600000858306885,3.1700000762939453,6732000
2025-07-14,3.180000066757202,3.190000057220459,3.1700000762939453,3.180000066757202,13489000
2025-07-15,3.140000104904175,3.1700000762939453,3.140000104904175,3.1600000858306885,12421000
2025-07-16,3.1600000858306885,3.1700000762939453,3.1500000953674316,3.1600000858306885,13973000
2025-07-17,3.1700000762939453,3.1700000762939453,3.1500000953674316,3.1600000858306885,15213000
2025-07-18,3.130000114440918,3.130000114440918,3.119999885559082,3.130000114440918,8018000
2025-07-21,3.119999885559082,3.130000114440918,3.119999885559082,3.119999885559082,1802000
2025-07-22,3.130000114440918,3.130000114440918,3.109999895095825,3.119999885559082,5465000
2025-07-23,3.119999885559082,3.140000104904175,3.119999885559082,3.130000114440918,3258958
2025-07-24,3.109999895095825,3.109999895095825,3.0999999046325684,3.0999999046325684,5405000
2025-07-25,3.109999895095825,3.109999895095825,3.0999999046325684,3.0999999046325684,8808000
2025-07-28,3.0899999141693115,3.0899999141693115,3.0799999237060547,3.0799999237060547,9770000
2025-07-29,3.0899999141693115,3.0899999141693115,3.0799999237060547,3.0799999237060547,4958000
2025-07-30,3.0999999046325684,3.0999999046325684,3.0899999141693115,3.0999999046325684,7662000
2025-07-31,3.049999952316284,3.069999933242798,3.049999952316284,3.069999933242798,19192000
2025-08-01,3.130000114440918,3.130000114440918,3.109999895095825,3.109999895095825,22697000
2025-08-04,3.1700000762939453,3.1700000762939453,3.1600000858306885,3.1700000762939453,10519260
2025-08-05,3.109999895095825,3.119999885559082,3.0999999046325684,3.109999895095825,16537000
2025-08-06,3.140000104904175,3.1500000953674316,3.130000114440918,3.1500000953674316,8003000
2025-08-07,3.0999999046325684,3.0999999046325684,3.0799999237060547,3.0899999141693115,23820000
2025-08-08,3.0899999141693115,3.0899999141693115,3.069999933242798,3.0799999237060547,8700000
2025-08-11,3.059999942779541,3.059999942779541,3.049999952316284,3.059999942779541,7206000
2025-08-12,3.0799999237060547,3.0799999237060547,3.059999942779541,3.059999942779541,6528000
2025-08-13,3.0399999618530273,3.0399999618530273,3.0299999713897705,3.0299999713897705,10477050
2025-08-14,3.0399999618530273,3.0399999618530273,3.0199999809265137,3.0299999713897705,7590000
2025-08-15,3.0399999618530273,3.0399999618530273,3.0299999713897705,3.0399999618530273,3915000
2025-08-18,3.0399999618530273,3.049999952316284,3.0299999713897705,3.0399999618530273,4593000
2025-08-19,3.059999942779541,3.059999942779541,3.0399999618530273,3.049999952316284,18923136
2025-08-20,3.109999895095825,3.109999895095825,3.0899999141693115,3.0899999141693115,13872284
2025-08-21,3.109999895095825,3.119999885559082,3.0899999141693115,3.0999999046325684,16322250
2025-08-22,3.130000114440918,3.130000114440918,3.119999885559082,3.119999885559082,11139066
2025-08-25,3.0799999237060547,3.0799999237060547,3.069999933242798,3.069999933242798,16608000
2025-08-26,3.0899999141693115,3.0999999046325684,3.0799999237060547,3.0899999141693115,5021000
2025-08-27,3.0799999237060547,3.0799999237060547,3.059999942779541,3.069999933242798,8813821
2025-08-28,3.0799999237060547,3.0899999141693115,3.069999933242798,3.0899999141693115,10086000
2025-08-29,3.059999942779541,3.059999942779541,3.049999952316284,3.049999952316284,3701457
2025-09-01,3.0999999046325684,3.0999999046325684,3.069999933242798,3.069999933242798,18202000
2025-09-02,3.0999999046325684,3.0999999046325684,3.0799999237060547,3.0899999141693115,14344450
2025-09-03,3.109999895095825,3.109999895095825,3.0999999046325684,3.109999895095825,14991000
2025-09-04,3.0899999141693115,3.0899999141693115,3.0799999237060547,3.0799999237060547,6535150
2025-09-05,3.059999942779541,3.059999942779541,3.049999952316284,3.059999942779541,9381000
2025-09-08,3.049999952316284,3.059999942779541,3.0399999618530273,3.049999952316284,7348429
2025-09-09,3.049999952316284,3.049999952316284,3.0299999713897705,3.0399999618530273,7296000
2025-09-10,3.0299999713897705,3.0399999618530273,3.0299999713897705,3.0299999713897705,6909300
2025-09-11,3.0399999618530273,3.0399999618530273,3.0199999809265137,3.0299999713897705,5072000
2025-09-12,3.0199999809265137,3.0199999809265137,3.009999990463257,3.0199999809265137,22164100
2025-09-15,3.0,3.009999990463257,3.0,3.0,4379162
2025-09-16,2.9800000190734863,2.990000009536743,2.9700000286102295,2.9800000190734863,16870000
2025-09-17,2.9800000190734863,2.990000009536743,2.9700000286102295,2.990000009536743,11170000
2025-09-18,2.9700000286102295,2.9800000190734863,2.950000047683716,2.9700000286102295,21215050
2025-09-19,2.950000047683716,2.9600000381469727,2.940000057220459,2.950000047683716,12048001
2025-09-22,2.930000066757202,2.940000057220459,2.930000066757202,2.940000057220459,4689280
2025-09-23,2.9200000762939453,2.9200000762939453,2.9100000858306885,2.9100000858306885,4836000
2025-09-24,2.930000066757202,2.940000057220459,2.9200000762939453,2.930000066757202,15823000
2025-09-25,2.950000047683716,2.950000047683716,2.940000057220459,2.950000047683716,7538000
2025-09-26,2.9700000286102295,2.9800000190734863,2.9600000381469727,2.9700000286102295,12261500
2025-09-30,2.940000057220459,2.950000047683716,2.930000066757202,2.940000057220459,8613000
2025-10-01,2.940000057220459,2.950000047683716,2.930000066757202,2.940000057220459,3882999
2025-10-02,2.9100000858306885,2.9100000858306885,2.9000000953674316,2.9000000953674316,8941000
2025-10-03,2.9000000953674316,2.9100000858306885,2.890000104904175,2.9000000953674316,10287347
2025-10-07,2.890000104904175,2.9000000953674316,2.880000114440918,2.9000000953674316,6153000
2025-10-08,2.9100000858306885,2.9100000858306885,2.9000000953674316,2.9100000858306885,12570000
2025-10-09,2.880000114440918,2.880000114440918,2.859999895095825,2.869999885559082,9111001
2025-10-13,2.9200000762939453,2.940000057220459,2.9200000762939453,2.940000057220459,14363950
2025-10-14,2.950000047683716,2.950000047683716,2.9100000858306885,2.9100000858306885,21148000
2025-10-15,2.930000066757202,2.950000047683716,2.9200000762939453,2.940000057220459,8303085
2025-10-16,2.9200000762939453,2.930000066757202,2.9100000858306885,2.9200000762939453,9103000
2025-10-17,2.950000047683716,2.950000047683716,2.930000066757202,2.940000057220459,8194273
2025-10-20,2.890000104904175,2.9100000858306885,2.890000104904175,2.9100000858306885,9032192
2025-10-21,2.869999885559082,2.880000114440918,2.859999895095825,2.869999885559082,11084150
2025-10-22,2.880000114440918,2.890000104904175,2.869999885559082,2.890000104904175,7552000
2025-10-23,2.9100000858306885,2.9100000858306885,2.9000000953674316,2.9100000858306885,4564300
2025-10-27,2.809999942779541,2.8299999237060547,2.809999942779541,2.819999933242798,14173211
2025-10-28,2.809999942779541,2.809999942779541,2.7899999618530273,2.7899999618530273,8453000
2025-10-29,2.7799999713897705,2.7799999713897705,2.7699999809265137,2.7699999809265137,6053998
2025-10-30,2.7699999809265137,2.7899999618530273,2.75,2.759999990463257,15891050
2025-10-31,2.7799999713897705,2.7799999713897705,2.7699999809265137,2.7799999713897705,5467100
2025-11-03,2.7899999618530273,2.799999952316284,2.7799999713897705,2.7899999618530273,3185000
2025-11-04,2.819999933242798,2.819999933242798,2.799999952316284,2.799999952316284,5420099
2025-11-05,2.8499999046325684,2.880000114440918,2.8499999046325684,2.869999885559082,12302000
2025-11-06,2.8299999237060547,2.8399999141693115,2.819999933242798,2.8299999237060547,4485009
2025-11-07,2.880000114440918,2.890000104904175,2.869999885559082,2.869999885559082,8867000
2025-11-10,2.8499999046325684,2.869999885559082,2.8399999141693115,2.869999885559082,7495010
2025-11-11,2.8399999141693115,2.8399999141693115,2.809999942779541,2.819999933242798,5599200
2025-11-12,2.819999933242798,2.8399999141693115,2.819999933242798,2.8399999141693115,5042000
2025-11-13,2.8299999237060547,2.8399999141693115,2.819999933242798,2.8399999141693115,3572000
2025-11-14,2.890000104904175,2.9100000858306885,2.880000114440918,2.890000104904175,12270200
2025-11-17,2.880000114440918,2.890000104904175,2.869999885559082,2.869999885559082,10564050
2025-11-18,2.940000057220459,2.950000047683716,2.9000000953674316,2.9100000858306885,27446750
2025-11-19,2.9600000381469727,2.9700000286102295,2.940000057220459,2.9600000381469727,14615400
2025-11-20,2.890000104904175,2.890000104904175,2.880000114440918,2.880000114440918,20739000
2025-11-21,2.990000009536743,3.009999990463257,2.990000009536743,2.990000009536743,33306273
2025-11-24,2.9700000286102295,2.9700000286102295,2.9600000381469727,2.9600000381469727,6581150
2025-11-25,2.9200000762939453,2.9200000762939453,2.9000000953674316,2.9100000858306885,12655350
2025-11-26,2.880000114440918,2.890000104904175,2.869999885559082,2.890000104904175,16559050
2025-11-27,2.869999885559082,2.869999885559082,2.8499999046325684,2.859999895095825,6873000
2025-11-28,2.8499999046325684,2.859999895095825,2.8399999141693115,2.859999895095825,8071000
2025-12-01,2.880000114440918,2.880000114440918,2.8499999046325684,2.8499999046325684,11287300
2025-12-02,2.859999895095825,2.859999895095825,2.8399999141693115,2.8499999046325684,7416050
2025-12-03,2.8299999237060547,2.8299999237060547,2.819999933242798,2.8299999237060547,5034000
2025-12-04,2.8299999237060547,2.8299999237060547,2.819999933242798,2.8299999237060547,4174000
2025-12-05,2.819999933242798,2.8299999237060547,2.809999942779541,2.819999933242798,10703000
2025-12-08,2.799999952316284,2.819999933242798,2.799999952316284,2.819999933242798,4617150
2025-12-09,2.8299999237060547,2.8299999237060547,2.809999942779541,2.809999942779541,5645000
2025-12-10,2.819999933242798,2.8299999237060547,2.809999942779541,2.819999933242798,3509000
2025-12-11,2.8499999046325684,2.8499999046325684,2.809999942779541,2.809999942779541,4697000
2025-12-12,2.819999933242798,2.8299999237060547,2.809999942779541,2.8299999237060547,3201453
2025-12-15,2.859999895095825,2.869999885559082,2.859999895095825,2.859999895095825,14206000
2025-12-16,2.9100000858306885,2.9200000762939453,2.890000104904175,2.890000104904175,15096000
2025-12-17,2.890000104904175,2.890000104904175,2.880000114440918,2.890000104904175,14345100
2025-12-18,2.9200000762939453,2.930000066757202,2.9100000858306885,2.9200000762939453,17199499
2025-12-19,2.890000104904175,2.9000000953674316,2.880000114440918,2.9000000953674316,3917150
2025-12-22,2.8399999141693115,2.8499999046325684,2.8299999237060547,2.8399999141693115,12585000
2025-12-23,2.8399999141693115,2.8399999141693115,2.8299999237060547,2.8299999237060547,7824134
2025-12-24,2.8399999141693115,2.8399999141693115,2.819999933242798,2.8299999237060547,2735149
2025-12-26,2.8299999237060547,2.8299999237060547,2.809999942779541,2.8299999237060547,2938000
2025-12-29,2.8299999237060547,2.8299999237060547,2.819999933242798,2.8299999237060547,7500643
2025-12-30,2.8399999141693115,2.8399999141693115,2.8299999237060547,2.8399999141693115,2333500
2025-12-31,2.8499999046325684,2.8499999046325684,2.8399999141693115,2.8499999046325684,4036000
2026-01-02,2.8399999141693115,2.859999895095825,2.8399999141693115,2.859999895095825,6396050
2026-01-05,2.869999885559082,2.869999885559082,2.8499999046325684,2.8499999046325684,9146500
2026-01-06,2.8499999046325684,2.8499999046325684,2.8399999141693115,2.8399999141693115,3428030
2026-01-07,2.819999933242798,2.8299999237060547,2.819999933242798,2.819999933242798,7736000
2026-01-08,2.8299999237060547,2.8299999237060547,2.809999942779541,2.8299999237060547,4869500
2026-01-09,2.8399999141693115,2.8499999046325684,2.8299999237060547,2.8499999046325684,3110500
2026-01-12,2.8399999141693115,2.8399999141693115,2.819999933242798,2.8299999237060547,5085000
2026-01-13,2.819999933242798,2.819999933242798,2.809999942779541,2.809999942779541,3527000
2026-01-14,2.819999933242798,2.819999933242798,2.799999952316284,2.809999942779541,6483000
2026-01-15,2.8499999046325684,2.8499999046325684,2.8399999141693115,2.8399999141693115,3558150
2026-01-16,2.819999933242798,2.8299999237060547,2.819999933242798,2.8299999237060547,3318188
2026-01-19,2.859999895095825,2.869999885559082,2.859999895095825,2.859999895095825,5844000
2026-01-20,2.869999885559082,2.869999885559082,2.859999895095825,2.869999885559082,5390000
2026-01-21,2.890000104904175,2.9000000953674316,2.880000114440918,2.9000000953674316,10749000
2026-01-22,2.8499999046325684,2.859999895095825,2.8399999141693115,2.8499999046325684,3927000
2026-01-23,2.8399999141693115,2.8399999141693115,2.819999933242798,2.8299999237060547,8071700
2026-01-26,2.8399999141693115,2.8499999046325684,2.8299999237060547,2.8399999141693115,8234000
2026-01-27,2.799999952316284,2.819999933242798,2.7899999618530273,2.799999952316284,7570000
2026-01-28,2.7699999809265137,2.7799999713897705,2.759999990463257,2.7699999809265137,10509020
2026-01-29,2.7799999713897705,2.7899999618530273,2.7699999809265137,2.7899999618530273,3230000
2026-01-30,2.819999933242798,2.8299999237060547,2.799999952316284,2.799999952316284,8295500
2026-02-02,2.880000114440918,2.880000114440918,2.8399999141693115,2.8499999046325684,9790000
2026-02-03,2.799999952316284,2.809999942779541,2.7899999618530273,2.809999942779541,7144100
2026-02-04,2.8499999046325684,2.859999895095825,2.8499999046325684,2.859999895095825,7056000
2026-02-05,2.9100000858306885,2.9200000762939453,2.880000114440918,2.880000114440918,15403002
2026-02-06,2.9600000381469727,2.990000009536743,2.950000047683716,2.9800000190734863,18499998
2026-02-09,2.890000104904175,2.890000104904175,2.869999885559082,2.880000114440918,8209000
2026-02-10,2.859999895095825,2.869999885559082,2.859999895095825,2.859999895095825,5115026
2026-02-11,2.880000114440918,2.880000114440918,2.859999895095825,2.869999885559082,11105000
2026-02-23,2.9200000762939453,2.930000066757202,2.890000104904175,2.890000104904175,5566000
2026-02-24,2.9200000762939453,2.930000066757202,2.9000000953674316,2.930000066757202,6528000
2026-02-25,2.9000000953674316,2.9000000953674316,2.880000114440918,2.9000000953674316,4295000
2026-02-26,2.859999895095825,2.869999885559082,2.859999895095825,2.859999895095825,3041685
2026-03-02,2.930000066757202,2.930000066757202,2.9100000858306885,2.9200000762939453,6853000
2026-03-03,2.930000066757202,2.930000066757202,2.9000000953674316,2.9100000858306885,7320000
2026-03-04,2.9600000381469727,2.9600000381469727,2.9200000762939453,2.940000057220459,11454611
2026-03-05,2.9000000953674316,2.9000000953674316,2.859999895095825,2.859999895095825,8953000
2026-03-06,2.890000104904175,2.9000000953674316,2.880000114440918,2.9000000953674316,3121000
2026-03-09,3.0,3.0199999809265137,2.990000009536743,3.009999990463257,24834500
2026-03-10,2.9100000858306885,2.9200000762939453,2.890000104904175,2.9000000953674316,9095170
2026-03-11,2.9000000953674316,2.9000000953674316,2.880000114440918,2.890000104904175,8471495
2026-03-12,2.930000066757202,2.940000057220459,2.9100000858306885,2.9200000762939453,8511300
2026-03-13,2.950000047683716,2.950000047683716,2.930000066757202,2.940000057220459,6475563
2026-03-16,2.950000047683716,2.9600000381469727,2.950000047683716,2.9600000381469727,4848000
2026-03-17,2.940000057220459,2.950000047683716,2.930000066757202,2.940000057220459,4379200
2026-03-18,2.9100000858306885,2.9200000762939453,2.9000000953674316,2.9100000858306885,4179969
