Price,Close,High,Low,Open,Volume
Ticker,00673R.TW,00673R.TW,00673R.TW,00673R.TW,00673R.TW
Date,,,,,
2021-03-18,17.989999771118164,18.030000686645508,17.920000076293945,17.93000030517578,717100
2021-03-19,19.149999618530273,19.229999542236328,19.040000915527344,19.170000076293945,3445000
2021-03-22,18.899999618530273,19.0,18.799999237060547,18.989999771118164,568000
2021-03-23,18.93000030517578,18.969999313354492,18.850000381469727,18.8799991607666,291000
2021-03-24,19.8799991607666,19.950000762939453,19.799999237060547,19.81999969482422,2090100
2021-03-25,19.139999389648438,19.18000030517578,18.889999389648438,18.889999389648438,1819000
2021-03-26,19.3700008392334,19.440000534057617,19.31999969482422,19.360000610351562,1252000
2021-03-29,19.280000686645508,19.309999465942383,18.760000228881836,18.780000686645508,2174000
2021-03-30,18.690000534057617,18.709999084472656,18.540000915527344,18.59000015258789,2062000
2021-03-31,18.84000015258789,18.940000534057617,18.799999237060547,18.860000610351562,1105000
2021-04-01,19.190000534057617,19.299999237060547,19.190000534057617,19.190000534057617,2040000
2021-04-07,19.209999084472656,19.31999969482422,19.149999618530273,19.31999969482422,312000
2021-04-08,19.25,19.280000686645508,19.18000030517578,19.25,392000
2021-04-09,19.209999084472656,19.209999084472656,19.110000610351562,19.110000610351562,156000
2021-04-12,19.280000686645508,19.290000915527344,19.139999389648438,19.209999084472656,348000
2021-04-13,19.1299991607666,19.1299991607666,19.040000915527344,19.1200008392334,503000
2021-04-14,18.8799991607666,18.950000762939453,18.8700008392334,18.950000762939453,587000
2021-04-15,18.139999389648438,18.229999542236328,18.06999969482422,18.229999542236328,1831000
2021-04-16,17.979999542236328,18.06999969482422,17.969999313354492,18.06999969482422,710000
2021-04-19,18.1299991607666,18.209999084472656,18.100000381469727,18.170000076293945,387000
2021-04-20,17.829999923706055,18.0,17.809999465942383,17.979999542236328,602000
2021-04-21,18.31999969482422,18.350000381469727,18.209999084472656,18.219999313354492,987000
2021-04-22,18.6299991607666,18.729999542236328,18.559999465942383,18.559999465942383,1138000
2021-04-23,18.40999984741211,18.459999084472656,18.3799991607666,18.450000762939453,295000
2021-04-26,18.420000076293945,18.420000076293945,18.260000228881836,18.350000381469727,212000
2021-04-27,18.25,18.329999923706055,18.239999771118164,18.299999237060547,492000
2021-04-28,18.059999465942383,18.1299991607666,18.040000915527344,18.059999465942383,391000
2021-04-29,17.780000686645508,17.799999237060547,17.709999084472656,17.770000457763672,847000
2021-05-03,17.959999084472656,17.969999313354492,17.809999465942383,17.829999923706055,428000
2021-05-04,17.68000030517578,17.690000534057617,17.600000381469727,17.610000610351562,812000
2021-05-05,17.219999313354492,17.229999542236328,17.09000015258789,17.139999389648438,2432000
2021-05-06,17.299999237060547,17.5,17.299999237060547,17.5,966000
2021-05-07,17.459999084472656,17.559999465942383,17.420000076293945,17.510000228881836,857000
2021-05-10,17.40999984741211,17.420000076293945,17.260000228881836,17.299999237060547,499000
2021-05-11,17.610000610351562,17.639999389648438,17.540000915527344,17.600000381469727,1511000
2021-05-12,17.34000015258789,17.450000762939453,17.309999465942383,17.350000381469727,1607000
2021-05-13,17.360000610351562,17.3700008392334,17.25,17.290000915527344,347000
2021-05-14,17.739999771118164,17.84000015258789,17.729999542236328,17.729999542236328,1352000
2021-05-17,17.350000381469727,17.3700008392334,17.270000457763672,17.34000015258789,1298000
2021-05-18,17.100000381469727,17.110000610351562,17.049999237060547,17.079999923706055,2523000
2021-05-19,17.440000534057617,17.489999771118164,17.399999618530273,17.43000030517578,1855000
2021-05-20,17.729999542236328,17.84000015258789,17.719999313354492,17.770000457763672,1065000
2021-05-21,18.100000381469727,18.209999084472656,18.09000015258789,18.09000015258789,1101000
2021-05-24,17.649999618530273,17.700000762939453,17.579999923706055,17.68000030517578,735039
2021-05-25,17.100000381469727,17.110000610351562,17.030000686645508,17.110000610351562,2493000
2021-05-26,17.100000381469727,17.139999389648438,17.079999923706055,17.1299991607666,663000
2021-05-27,17.139999389648438,17.18000030517578,17.100000381469727,17.110000610351562,409000
2021-05-28,16.850000381469727,16.860000610351562,16.790000915527344,16.81999969482422,3006000
2021-05-31,16.889999389648438,16.969999313354492,16.8799991607666,16.969999313354492,512000
2021-06-01,16.690000534057617,16.780000686645508,16.649999618530273,16.780000686645508,1572000
2021-06-02,16.600000381469727,16.6200008392334,16.510000228881836,16.530000686645508,900000
2021-06-03,16.270000457763672,16.3799991607666,16.219999313354492,16.3799991607666,2035000
2021-06-04,16.399999618530273,16.459999084472656,16.350000381469727,16.399999618530273,820000
2021-06-07,16.229999542236328,16.260000228881836,16.09000015258789,16.149999618530273,1343000
2021-06-08,16.360000610351562,16.399999618530273,16.309999465942383,16.34000015258789,467000
2021-06-09,15.979999542236328,16.040000915527344,15.949999809265137,16.040000915527344,2056000
2021-06-10,16.15999984741211,16.209999084472656,16.139999389648438,16.139999389648438,590000
2021-06-11,16.09000015258789,16.139999389648438,16.040000915527344,16.059999465942383,439000
2021-06-15,15.850000381469727,15.899999618530273,15.75,15.789999961853027,1020000
2021-06-16,15.470000267028809,15.539999961853027,15.460000038146973,15.539999961853027,1761000
2021-06-17,15.600000381469727,15.75,15.59000015258789,15.6899995803833,1585000
2021-06-18,15.9399995803833,15.979999542236328,15.850000381469727,15.850000381469727,3356000
2021-06-21,15.649999618530273,15.680000305175781,15.5600004196167,15.609999656677246,1402000
2021-06-22,15.34000015258789,15.359999656677246,15.289999961853027,15.359999656677246,1423000
2021-06-23,15.319999694824219,15.359999656677246,15.289999961853027,15.359999656677246,501000
2021-06-24,15.329999923706055,15.359999656677246,15.319999694824219,15.329999923706055,261000
2021-06-25,15.279999732971191,15.289999961853027,15.229999542236328,15.260000228881836,434000
2021-06-28,15.140000343322754,15.15999984741211,15.0600004196167,15.09000015258789,521000
2021-06-29,15.390000343322754,15.40999984741211,15.359999656677246,15.369999885559082,1114000
2021-06-30,15.239999771118164,15.239999771118164,15.1899995803833,15.210000038146973,250000
2021-07-01,15.229999542236328,15.239999771118164,15.149999618530273,15.239999771118164,559000
2021-07-02,14.880000114440918,14.899999618530273,14.8100004196167,14.899999618530273,2075000
2021-07-05,14.890000343322754,14.9399995803833,14.880000114440918,14.899999618530273,468000
2021-07-06,14.5600004196167,14.630000114440918,14.550000190734863,14.630000114440918,2620000
2021-07-07,15.180000305175781,15.229999542236328,15.140000343322754,15.149999618530273,3961000
2021-07-08,15.460000038146973,15.550000190734863,15.430000305175781,15.479999542236328,1830000
2021-07-09,15.239999771118164,15.34000015258789,15.229999542236328,15.25,516000
2021-07-12,15.010000228881836,15.010000228881836,14.90999984741211,14.930000305175781,527000
2021-07-13,15.029999732971191,15.029999732971191,14.970000267028809,14.979999542236328,372000
2021-07-14,14.859999656677246,14.890000343322754,14.829999923706055,14.859999656677246,994000
2021-07-15,15.289999961853027,15.390000343322754,15.289999961853027,15.319999694824219,1409000
2021-07-16,15.430000305175781,15.449999809265137,15.390000343322754,15.420000076293945,890001
2021-07-19,15.569999694824219,15.65999984741211,15.520000457763672,15.569999694824219,1280010
2021-07-20,16.479999542236328,16.530000686645508,16.3700008392334,16.40999984741211,4486000
2021-07-21,16.440000534057617,16.489999771118164,16.3700008392334,16.399999618530273,778004
2021-07-22,15.65999984741211,15.680000305175781,15.59000015258789,15.600000381469727,2030000
2021-07-23,15.279999732971191,15.34000015258789,15.210000038146973,15.279999732971191,1993000
2021-07-26,15.369999885559082,15.369999885559082,15.229999542236328,15.25,1244000
2021-07-27,15.199999809265137,15.260000228881836,15.170000076293945,15.260000228881836,776050
2021-07-28,15.229999542236328,15.239999771118164,15.180000305175781,15.210000038146973,641000
2021-07-29,15.079999923706055,15.149999618530273,15.079999923706055,15.149999618530273,904000
2021-07-30,15.010000228881836,15.010000228881836,14.949999809265137,14.949999809265137,1293000
2021-08-02,14.960000038146973,15.069999694824219,14.899999618530273,14.930000305175781,1049000
2021-08-03,15.359999656677246,15.359999656677246,15.25,15.260000228881836,1598000
2021-08-04,15.5,15.569999694824219,15.479999542236328,15.550000190734863,1386000
2021-08-05,15.9399995803833,15.970000267028809,15.899999618530273,15.9399995803833,2266000
2021-08-06,15.789999961853027,15.8100004196167,15.739999771118164,15.800000190734863,912000
2021-08-09,16.270000457763672,16.309999465942383,16.209999084472656,16.229999542236328,1856000
2021-08-10,16.280000686645508,16.350000381469727,16.239999771118164,16.290000915527344,1844000
2021-08-11,16.010000228881836,16.040000915527344,15.920000076293945,15.930000305175781,1367000
2021-08-12,15.720000267028809,15.760000228881836,15.680000305175781,15.739999771118164,1112000
2021-08-13,15.9399995803833,15.9399995803833,15.819999694824219,15.819999694824219,637000
2021-08-16,16.100000381469727,16.139999389648438,16.06999969482422,16.100000381469727,1132000
2021-08-17,16.15999984741211,16.170000076293945,16.100000381469727,16.139999389648438,1082000
2021-08-18,16.25,16.360000610351562,16.25,16.360000610351562,2209000
2021-08-19,16.84000015258789,16.8799991607666,16.780000686645508,16.81999969482422,1850000
2021-08-20,17.030000686645508,17.049999237060547,16.920000076293945,16.940000534057617,1655000
2021-08-23,17.09000015258789,17.290000915527344,17.059999465942383,17.239999771118164,2001000
2021-08-24,16.399999618530273,16.489999771118164,16.299999237060547,16.489999771118164,2056000
2021-08-25,16.049999237060547,16.100000381469727,15.979999542236328,16.010000228881836,2686000
2021-08-26,15.9399995803833,15.9399995803833,15.869999885559082,15.890000343322754,1136000
2021-08-27,15.829999923706055,15.989999771118164,15.819999694824219,15.970000267028809,1944000
2021-08-30,15.75,15.789999961853027,15.649999618530273,15.670000076293945,1728000
2021-08-31,15.65999984741211,15.720000267028809,15.59000015258789,15.609999656677246,2142000
2021-09-01,15.680000305175781,15.770000457763672,15.619999885559082,15.760000228881836,1317000
2021-09-02,15.819999694824219,15.899999618530273,15.800000190734863,15.859999656677246,2311000
2021-09-03,15.479999542236328,15.5,15.40999984741211,15.4399995803833,2485000
2021-09-06,15.739999771118164,15.760000228881836,15.670000076293945,15.680000305175781,1770000
2021-09-07,15.619999885559082,15.649999618530273,15.569999694824219,15.630000114440918,788000
2021-09-08,15.710000038146973,15.760000228881836,15.6899995803833,15.6899995803833,1285000
2021-09-09,15.579999923706055,15.609999656677246,15.520000457763672,15.609999656677246,1405000
2021-09-10,15.710000038146973,15.890000343322754,15.6899995803833,15.84000015258789,2003000
2021-09-13,15.420000076293945,15.449999809265137,15.3100004196167,15.34000015258789,2039000
2021-09-14,15.199999809265137,15.270000457763672,15.1899995803833,15.260000228881836,2870000
2021-09-15,15.199999809265137,15.239999771118164,15.180000305175781,15.210000038146973,818000
2021-09-16,14.859999656677246,14.90999984741211,14.850000381469727,14.869999885559082,5121000
2021-09-17,14.859999656677246,14.880000114440918,14.8100004196167,14.859999656677246,2849000
2021-09-22,15.010000228881836,15.140000343322754,15.010000228881836,15.130000114440918,2582000
2021-09-23,14.819999694824219,14.890000343322754,14.800000190734863,14.890000343322754,4097000
2021-09-24,14.619999885559082,14.670000076293945,14.550000190734863,14.65999984741211,4652000
2021-09-27,14.279999732971191,14.319999694824219,14.229999542236328,14.300000190734863,5142000
2021-09-28,14.079999923706055,14.239999771118164,14.050000190734863,14.229999542236328,5696000
2021-09-29,14.470000267028809,14.470000267028809,14.329999923706055,14.329999923706055,4910000
2021-09-30,14.319999694824219,14.369999885559082,14.239999771118164,14.25,1149000
2021-10-01,14.3100004196167,14.319999694824219,14.220000267028809,14.229999542236328,1055085
2021-10-04,14.130000114440918,14.1899995803833,14.119999885559082,14.180000305175781,1976000
2021-10-05,13.779999732971191,13.829999923706055,13.729999542236328,13.819999694824219,4563000
2021-10-06,13.520000457763672,13.600000381469727,13.520000457763672,13.539999961853027,3230000
2021-10-07,13.920000076293945,13.949999809265137,13.84000015258789,13.850000381469727,3591000
2021-10-08,13.479999542236328,13.5600004196167,13.470000267028809,13.5600004196167,5202000
2021-10-12,13.25,13.369999885559082,13.25,13.369999885559082,3611000
2021-10-13,13.319999694824219,13.399999618530273,13.260000228881836,13.319999694824219,1353000
2021-10-14,13.199999809265137,13.3100004196167,13.199999809265137,13.279999732971191,1684004
2021-10-15,13.050000190734863,13.100000381469727,13.039999961853027,13.069999694824219,2669000
2021-10-18,12.789999961853027,12.899999618530273,12.760000228881836,12.899999618530273,4909000
2021-10-19,12.90999984741211,13.029999732971191,12.90999984741211,13.0,1784000
2021-10-20,12.9399995803833,12.9399995803833,12.829999923706055,12.84000015258789,1153000
2021-10-21,12.710000038146973,12.720000267028809,12.630000114440918,12.640000343322754,2765000
2021-10-22,12.880000114440918,12.880000114440918,12.729999542236328,12.770000457763672,2941000
2021-10-25,12.539999961853027,12.5600004196167,12.489999771118164,12.5600004196167,3606000
2021-10-26,12.600000381469727,12.640000343322754,12.539999961853027,12.619999885559082,2728000
2021-10-27,12.600000381469727,12.600000381469727,12.510000228881836,12.510000228881836,1021000
2021-10-28,12.970000267028809,13.050000190734863,12.90999984741211,12.90999984741211,4323000
2021-10-29,12.75,12.770000457763672,12.710000038146973,12.760000228881836,2153000
2021-11-01,12.6899995803833,12.729999542236328,12.649999618530273,12.710000038146973,2721000
2021-11-02,12.609999656677246,12.609999656677246,12.529999732971191,12.5600004196167,2078000
2021-11-03,12.739999771118164,12.8100004196167,12.710000038146973,12.75,1987000
2021-11-04,13.140000343322754,13.15999984741211,13.100000381469727,13.109999656677246,6550040
2021-11-05,13.229999542236328,13.239999771118164,13.140000343322754,13.140000343322754,3782000
2021-11-08,12.770000457763672,12.84000015258789,12.739999771118164,12.829999923706055,3274000
2021-11-09,12.829999923706055,12.829999923706055,12.779999732971191,12.789999961853027,1865000
2021-11-10,12.510000228881836,12.510000228881836,12.430000305175781,12.470000267028809,4878200
2021-11-11,12.850000381469727,12.880000114440918,12.8100004196167,12.829999923706055,3915000
2021-11-12,12.90999984741211,12.9399995803833,12.829999923706055,12.829999923706055,1763055
2021-11-15,12.989999771118164,13.0600004196167,12.920000076293945,12.930000305175781,2405100
2021-11-16,12.850000381469727,12.960000038146973,12.8100004196167,12.960000038146973,1072000
2021-11-17,13.029999732971191,13.050000190734863,12.979999542236328,12.979999542236328,2238000
2021-11-18,13.350000381469727,13.390000343322754,13.300000190734863,13.3100004196167,3329000
2021-11-19,13.050000190734863,13.1899995803833,12.989999771118164,13.180000305175781,2078000
2021-11-22,13.539999961853027,13.619999885559082,13.510000228881836,13.5600004196167,4618147
2021-11-23,13.520000457763672,13.520000457763672,13.430000305175781,13.460000038146973,1911132
2021-11-24,13.079999923706055,13.140000343322754,13.039999961853027,13.140000343322754,4734000
2021-11-25,13.130000114440918,13.140000343322754,13.079999923706055,13.109999656677246,1468000
2021-11-26,13.479999542236328,13.5,13.279999732971191,13.279999732971191,3405000
2021-11-29,14.390000343322754,14.390000343322754,14.140000343322754,14.140000343322754,14985000
2021-11-30,14.699999809265137,14.699999809265137,14.289999961853027,14.3100004196167,4782428
2021-12-01,14.970000267028809,15.329999923706055,14.970000267028809,15.25,6534000
2021-12-02,15.369999885559082,15.510000228881836,15.270000457763672,15.289999961853027,6460000
2021-12-03,14.9399995803833,15.289999961853027,14.9399995803833,15.119999885559082,3660000
2021-12-06,14.979999542236328,15.029999732971191,14.899999618530273,14.899999618530273,1547000
2021-12-07,14.390000343322754,14.529999732971191,14.390000343322754,14.5,2658025
2021-12-08,14.100000381469727,14.130000114440918,14.020000457763672,14.039999961853027,2806000
2021-12-09,13.850000381469727,13.979999542236328,13.800000190734863,13.979999542236328,2295000
2021-12-10,14.289999961853027,14.359999656677246,14.220000267028809,14.289999961853027,2163000
2021-12-13,13.9399995803833,14.0,13.890000343322754,13.989999771118164,1445000
2021-12-14,14.25,14.319999694824219,14.15999984741211,14.15999984741211,2551000
2021-12-15,14.470000267028809,14.5,14.380000114440918,14.380000114440918,1540000
2021-12-16,14.140000343322754,14.149999618530273,14.0600004196167,14.149999618530273,1852000
2021-12-17,14.119999885559082,14.140000343322754,14.0,14.0600004196167,1220000
2021-12-20,14.710000038146973,14.710000038146973,14.470000267028809,14.520000457763672,4023010
2021-12-21,14.5,14.619999885559082,14.479999542236328,14.59000015258789,1697000
2021-12-22,14.130000114440918,14.130000114440918,14.010000228881836,14.109999656677246,3750165
2021-12-23,13.779999732971191,13.800000190734863,13.729999542236328,13.800000190734863,3773000
2021-12-24,13.75,13.779999732971191,13.680000305175781,13.729999542236328,1248100
2021-12-27,13.710000038146973,13.770000457763672,13.670000076293945,13.710000038146973,1356000
2021-12-28,13.270000457763672,13.289999961853027,13.229999542236328,13.289999961853027,6051000
2021-12-29,13.220000267028809,13.239999771118164,13.149999618530273,13.170000076293945,2672000
2021-12-30,13.09000015258789,13.140000343322754,13.050000190734863,13.130000114440918,4377000
2022-01-03,13.25,13.289999961853027,13.199999809265137,13.210000038146973,2289000
2022-01-04,13.149999618530273,13.210000038146973,13.100000381469727,13.199999809265137,2718000
2022-01-05,13.039999961853027,13.09000015258789,12.989999771118164,13.020000457763672,2738000
2022-01-06,13.0600004196167,13.079999923706055,12.949999809265137,12.970000267028809,3933000
2022-01-07,12.520000457763672,12.640000343322754,12.520000457763672,12.640000343322754,12049000
2022-01-10,12.6899995803833,12.760000228881836,12.640000343322754,12.720000267028809,3017000
2022-01-11,12.729999542236328,12.770000457763672,12.699999809265137,12.729999542236328,1689000
2022-01-12,12.329999923706055,12.350000381469727,12.270000457763672,12.329999923706055,8611000
2022-01-13,12.170000076293945,12.170000076293945,12.079999923706055,12.109999656677246,5737000
2022-01-14,12.1899995803833,12.239999771118164,12.1899995803833,12.210000038146973,1932000
2022-01-17,11.890000343322754,11.90999984741211,11.850000381469727,11.899999618530273,8290000
2022-01-18,11.770000457763672,11.880000114440918,11.739999771118164,11.880000114440918,6708000
2022-01-19,11.569999694824219,11.59000015258789,11.489999771118164,11.5600004196167,9524000
2022-01-20,11.579999923706055,11.710000038146973,11.5600004196167,11.65999984741211,8054003
2022-01-21,11.829999923706055,11.970000267028809,11.800000190734863,11.819999694824219,8402000
2022-01-24,11.550000190734863,11.59000015258789,11.529999732971191,11.59000015258789,5147000
2022-01-25,11.829999923706055,11.869999885559082,11.8100004196167,11.829999923706055,6896000
2022-01-26,11.649999618530273,11.670000076293945,11.609999656677246,11.640000343322754,3246002
2022-02-07,10.75,10.850000381469727,10.65999984741211,10.850000381469727,15680000
2022-02-08,10.850000381469727,10.869999885559082,10.800000190734863,10.819999694824219,4007000
2022-02-09,11.020000457763672,11.050000190734863,11.0,11.029999732971191,6394000
2022-02-10,11.010000228881836,11.029999732971191,10.949999809265137,10.960000038146973,3340000
2022-02-11,11.039999961853027,11.039999961853027,10.970000267028809,11.010000228881836,2837000
2022-02-14,10.460000038146973,10.510000228881836,10.420000076293945,10.470000267028809,14980000
2022-02-15,10.449999809265137,10.479999542236328,10.420000076293945,10.460000038146973,11422000
2022-02-16,10.75,10.789999961853027,10.710000038146973,10.729999542236328,11548000
2022-02-17,10.6899995803833,10.859999656677246,10.579999923706055,10.859999656677246,11872000
2022-02-18,10.829999923706055,10.850000381469727,10.770000457763672,10.789999961853027,5034000
2022-02-21,10.779999732971191,10.850000381469727,10.649999618530273,10.649999618530273,6964000
2022-02-22,10.420000076293945,10.460000038146973,10.359999656677246,10.4399995803833,14559000
2022-02-23,10.489999771118164,10.569999694824219,10.470000267028809,10.539999961853027,5019000
2022-02-24,10.039999961853027,10.40999984741211,9.949999809265137,10.399999618530273,25590790
2022-02-25,10.210000038146973,10.229999542236328,10.100000381469727,10.1899995803833,10658000
2022-03-01,10.029999732971191,10.079999923706055,10.0,10.079999923706055,16085050
2022-03-02,9.069999694824219,9.1899995803833,9.0,9.180000305175781,46893000
2022-03-03,8.279999732971191,8.5,8.239999771118164,8.5,65256620
2022-03-04,8.630000114440918,8.6899995803833,8.40999984741211,8.449999809265137,37110815
2022-03-07,7.369999885559082,7.690000057220459,7.320000171661377,7.579999923706055,106565000
2022-03-08,7.670000076293945,7.949999809265137,7.619999885559082,7.639999866485596,59013280
2022-03-09,7.440000057220459,7.510000228881836,7.360000133514404,7.429999828338623,52970500
2022-03-10,8.34000015258789,8.539999961853027,8.260000228881836,8.359999656677246,87677400
2022-03-11,8.619999885559082,8.739999771118164,8.449999809265137,8.520000457763672,62819500
2022-03-14,8.59000015258789,8.699999809265137,8.539999961853027,8.550000190734863,41726133
2022-03-15,9.199999809265137,9.279999732971191,8.949999809265137,8.989999771118164,68439000
2022-03-16,9.270000457763672,9.359999656677246,9.180000305175781,9.359999656677246,39022500
2022-03-17,9.220000267028809,9.34000015258789,9.210000038146973,9.34000015258789,46911549
2022-03-18,8.420000076293945,8.529999732971191,8.34000015258789,8.529999732971191,82172470
2022-03-21,8.180000305175781,8.289999961853027,8.170000076293945,8.289999961853027,36503878
2022-03-22,7.690000057220459,7.769999980926514,7.670000076293945,7.760000228881836,81273270
2022-03-23,7.829999923706055,7.929999828338623,7.769999980926514,7.909999847412109,32473830
2022-03-24,7.579999923706055,7.639999866485596,7.409999847412109,7.460000038146973,87178530
2022-03-25,7.730000019073486,7.789999961853027,7.650000095367432,7.75,70528488
2022-03-28,7.849999904632568,7.889999866485596,7.769999980926514,7.869999885559082,30962536
2022-03-29,8.210000038146973,8.229999542236328,8.119999885559082,8.140000343322754,69446500
2022-03-30,8.1899995803833,8.210000038146973,8.100000381469727,8.119999885559082,38576005
2022-03-31,8.489999771118164,8.510000228881836,8.260000228881836,8.289999961853027,64097038
2022-04-01,8.569999694824219,8.609999656677246,8.5,8.539999961853027,47506100
2022-04-06,8.390000343322754,8.479999542236328,8.359999656677246,8.460000038146973,36827060
2022-04-07,8.779999732971191,8.789999961853027,8.680000305175781,8.760000228881836,51074000
2022-04-08,8.890000343322754,8.970000267028809,8.84000015258789,8.850000381469727,30082100
2022-04-11,8.90999984741211,9.0,8.84000015258789,8.850000381469727,53460999
2022-04-12,8.869999885559082,8.989999771118164,8.869999885559082,8.970000267028809,39198200
2022-04-13,8.510000228881836,8.539999961853027,8.40999984741211,8.470000267028809,42808000
2022-04-14,8.239999771118164,8.270000457763672,8.199999809265137,8.239999771118164,39882000
2022-04-15,8.079999923706055,8.210000038146973,8.039999961853027,8.050000190734863,42242172
2022-04-18,7.929999828338623,7.949999809265137,7.860000133514404,7.909999847412109,39178012
2022-04-19,7.909999847412109,7.949999809265137,7.840000152587891,7.920000076293945,35272227
2022-04-20,8.210000038146973,8.289999961853027,8.1899995803833,8.220000267028809,36247500
2022-04-21,8.199999809265137,8.270000457763672,8.170000076293945,8.25,14441500
2022-04-22,8.25,8.25,8.149999618530273,8.149999618530273,13511512
2022-04-25,8.510000228881836,8.5600004196167,8.4399995803833,8.4399995803833,35878700
2022-04-26,8.479999542236328,8.59000015258789,8.449999809265137,8.550000190734863,39548501
2022-04-27,8.289999961853027,8.300000190734863,8.180000305175781,8.220000267028809,22007110
2022-04-28,8.399999618530273,8.430000305175781,8.279999732971191,8.289999961853027,12068145
2022-04-29,7.980000019073486,8.100000381469727,7.960000038146973,8.100000381469727,70388015
2022-05-03,8.039999961853027,8.0600004196167,7.989999771118164,8.0,32649015
2022-05-04,8.119999885559082,8.1899995803833,8.119999885559082,8.170000076293945,19384000
2022-05-05,7.820000171661377,7.849999904632568,7.75,7.800000190734863,109164149
2022-05-06,7.769999980926514,7.860000133514404,7.71999979019165,7.829999923706055,44528000
2022-05-09,7.679999828338623,7.809999942779541,7.639999866485596,7.75,33181015
2022-05-10,8.170000076293945,8.3100004196167,8.149999618530273,8.149999618530273,96012050
2022-05-11,8.1899995803833,8.449999809265137,8.1899995803833,8.430000305175781,53484000
2022-05-12,8.039999961853027,8.069999694824219,7.909999847412109,7.940000057220459,41700015
2022-05-13,7.78000020980835,7.829999923706055,7.760000228881836,7.829999923706055,95605999
2022-05-16,7.75,7.769999980926514,7.570000171661377,7.610000133514404,84779300
2022-05-17,7.53000020980835,7.53000020980835,7.400000095367432,7.5,131692349
2022-05-18,7.650000095367432,7.71999979019165,7.519999980926514,7.539999961853027,74184242
2022-05-19,7.75,7.829999923706055,7.690000057220459,7.820000171661377,85031100
2022-05-20,7.670000076293945,7.730000019073486,7.639999866485596,7.659999847412109,43041000
2022-05-23,7.550000190734863,7.650000095367432,7.53000020980835,7.579999923706055,76597168
2022-05-24,7.639999866485596,7.650000095367432,7.590000152587891,7.610000133514404,24493698
2022-05-25,7.550000190734863,7.590000152587891,7.550000190734863,7.590000152587891,19547510
2022-05-26,7.519999980926514,7.590000152587891,7.519999980926514,7.559999942779541,21643500
2022-05-27,7.400000095367432,7.420000076293945,7.369999885559082,7.409999847412109,59027395
2022-05-30,7.320000171661377,7.360000133514404,7.300000190734863,7.329999923706055,45641515
2022-05-31,7.159999847412109,7.269999980926514,7.150000095367432,7.25,59511120
2022-06-01,7.320000171661377,7.329999923706055,7.28000020980835,7.289999961853027,21958080
2022-06-02,7.440000057220459,7.460000038146973,7.400000095367432,7.420000076293945,36485215
2022-06-06,7.170000076293945,7.230000019073486,7.110000133514404,7.150000095367432,66218000
2022-06-07,7.28000020980835,7.289999961853027,7.159999847412109,7.210000038146973,47107400
2022-06-08,7.269999980926514,7.300000190734863,7.199999809265137,7.21999979019165,50638000
2022-06-09,7.159999847412109,7.190000057220459,7.150000095367432,7.159999847412109,34297000
2022-06-10,7.340000152587891,7.349999904632568,7.170000076293945,7.210000038146973,46503180
2022-06-13,7.21999979019165,7.409999847412109,7.21999979019165,7.400000095367432,38311500
2022-06-14,7.139999866485596,7.21999979019165,7.139999866485596,7.159999847412109,31305600
2022-06-15,7.199999809265137,7.210000038146973,7.170000076293945,7.199999809265137,15183581
2022-06-16,7.329999923706055,7.340000152587891,7.25,7.289999961853027,25956060
2022-06-17,7.289999961853027,7.309999942779541,7.269999980926514,7.289999961853027,19861210
2022-06-20,7.579999923706055,7.599999904632568,7.5,7.570000171661377,76216000
2022-06-21,7.489999771118164,7.53000020980835,7.460000038146973,7.53000020980835,32044020
2022-06-22,7.71999979019165,7.730000019073486,7.579999923706055,7.599999904632568,101344445
2022-06-23,7.809999942779541,7.929999828338623,7.769999980926514,7.78000020980835,79430000
2022-06-24,7.789999961853027,7.840000152587891,7.75,7.78000020980835,28977000
2022-06-27,7.610000133514404,7.78000020980835,7.570000171661377,7.78000020980835,57141075
2022-06-28,7.380000114440918,7.489999771118164,7.349999904632568,7.489999771118164,71629425
2022-06-29,7.349999904632568,7.380000114440918,7.309999942779541,7.309999942779541,36499105
2022-06-30,7.489999771118164,7.510000228881836,7.420000076293945,7.46999979019165,44937000
2022-07-01,7.699999809265137,7.730000019073486,7.599999904632568,7.599999904632568,55871238
2022-07-04,7.519999980926514,7.610000133514404,7.519999980926514,7.570000171661377,31091000
2022-07-05,7.46999979019165,7.480000019073486,7.380000114440918,7.46999979019165,36643000
2022-07-06,8.039999961853027,8.09000015258789,7.909999847412109,7.949999809265137,153909000
2022-07-07,8.130000114440918,8.34000015258789,8.100000381469727,8.1899995803833,83149190
2022-07-08,7.900000095367432,7.989999771118164,7.860000133514404,7.929999828338623,80073200
2022-07-11,7.909999847412109,7.929999828338623,7.809999942779541,7.860000133514404,41456765
2022-07-12,8.039999961853027,8.0600004196167,7.96999979019165,8.0,52616203
2022-07-13,8.380000114440918,8.470000267028809,8.369999885559082,8.430000305175781,95422000
2022-07-14,8.359999656677246,8.4399995803833,8.34000015258789,8.430000305175781,38907000
2022-07-15,8.430000305175781,8.470000267028809,8.359999656677246,8.399999618530273,41763000
2022-07-18,8.3100004196167,8.489999771118164,8.289999961853027,8.479999542236328,42737210
2022-07-19,8.0,8.079999923706055,7.949999809265137,8.079999923706055,71554064
2022-07-20,8.010000228881836,8.020000457763672,7.909999847412109,7.929999828338623,48121001
2022-07-21,8.069999694824219,8.079999923706055,8.0,8.029999732971191,19942000
2022-07-22,8.140000343322754,8.229999542236328,8.09000015258789,8.199999809265137,38024000
2022-07-25,8.350000381469727,8.369999885559082,8.229999542236328,8.260000228881836,61214000
2022-07-26,8.09000015258789,8.229999542236328,8.029999732971191,8.229999542236328,61536090
2022-07-27,8.25,8.289999961853027,8.199999809265137,8.210000038146973,43738550
2022-07-28,8.0600004196167,8.109999656677246,8.0,8.100000381469727,65745000
2022-07-29,8.130000114440918,8.149999618530273,8.050000190734863,8.079999923706055,25259999
2022-08-01,8.079999923706055,8.109999656677246,8.050000190734863,8.050000190734863,17501000
2022-08-02,8.279999732971191,8.329999923706055,8.260000228881836,8.3100004196167,110378883
2022-08-03,8.25,8.279999732971191,8.199999809265137,8.270000457763672,22298000
2022-08-04,8.449999809265137,8.489999771118164,8.40999984741211,8.420000076293945,57666800
2022-08-05,8.609999656677246,8.680000305175781,8.600000381469727,8.649999618530273,51959079
2022-08-08,8.600000381469727,8.680000305175781,8.5600004196167,8.619999885559082,31310000
2022-08-09,8.489999771118164,8.529999732971191,8.470000267028809,8.5,18828560
2022-08-10,8.5600004196167,8.5600004196167,8.470000267028809,8.489999771118164,15038001
2022-08-11,8.399999618530273,8.4399995803833,8.359999656677246,8.4399995803833,30767000
2022-08-12,8.289999961853027,8.289999961853027,8.210000038146973,8.229999542236328,56002100
2022-08-15,8.4399995803833,8.4399995803833,8.369999885559082,8.369999885559082,35515000
2022-08-16,8.5600004196167,8.630000114440918,8.550000190734863,8.579999923706055,44155000
2022-08-17,8.720000267028809,8.760000228881836,8.670000076293945,8.6899995803833,55429336
2022-08-18,8.630000114440918,8.699999809265137,8.619999885559082,8.6899995803833,23430000
2022-08-19,8.5,8.5,8.420000076293945,8.460000038146973,38225126
2022-08-22,8.510000228881836,8.529999732971191,8.5,8.520000457763672,15284000
2022-08-23,8.40999984741211,8.4399995803833,8.380000114440918,8.420000076293945,45678000
2022-08-24,8.210000038146973,8.229999542236328,8.1899995803833,8.220000267028809,56735000
2022-08-25,8.050000190734863,8.0600004196167,8.0,8.050000190734863,55833000
2022-08-26,8.199999809265137,8.220000267028809,8.15999984741211,8.199999809265137,25713000
2022-08-29,8.130000114440918,8.1899995803833,8.109999656677246,8.15999984741211,20727924
2022-08-30,7.960000038146973,7.980000019073486,7.940000057220459,7.980000019073486,56647300
2022-08-31,8.1899995803833,8.270000457763672,8.180000305175781,8.210000038146973,53505000
2022-09-01,8.449999809265137,8.470000267028809,8.40999984741211,8.449999809265137,77919000
2022-09-02,8.529999732971191,8.600000381469727,8.5,8.529999732971191,88122000
2022-09-05,8.510000228881836,8.5600004196167,8.489999771118164,8.529999732971191,24205150
2022-09-06,8.520000457763672,8.529999732971191,8.4399995803833,8.460000038146973,14506999
2022-09-07,8.829999923706055,8.84000015258789,8.680000305175781,8.680000305175781,66371266
2022-09-08,9.050000190734863,9.069999694824219,9.010000228881836,9.039999961853027,76433200
2022-09-12,8.789999961853027,8.800000190734863,8.720000267028809,8.760000228881836,36462100
2022-09-13,8.600000381469727,8.65999984741211,8.550000190734863,8.59000015258789,55712100
2022-09-14,8.6899995803833,8.710000038146973,8.609999656677246,8.640000343322754,27080000
2022-09-15,8.520000457763672,8.569999694824219,8.489999771118164,8.539999961853027,41823017
2022-09-16,8.770000457763672,8.84000015258789,8.760000228881836,8.819999694824219,53796060
2022-09-19,8.789999961853027,8.789999961853027,8.680000305175781,8.710000038146973,12230100
2022-09-20,8.739999771118164,8.779999732971191,8.710000038146973,8.739999771118164,25539000
2022-09-21,8.84000015258789,8.899999618530273,8.819999694824219,8.890000343322754,23523000
2022-09-22,8.920000076293945,9.020000457763672,8.899999618530273,9.0,39149995
2022-09-23,8.90999984741211,8.970000267028809,8.859999656677246,8.880000114440918,45815300
2022-09-26,9.4399995803833,9.449999809265137,9.319999694824219,9.329999923706055,92142155
2022-09-27,9.529999732971191,9.600000381469727,9.520000457763672,9.550000190734863,37424050
2022-09-28,9.529999732971191,9.600000381469727,9.40999984741211,9.420000076293945,37454000
2022-09-29,9.039999961853027,9.0600004196167,8.949999809265137,9.0600004196167,51208996
2022-09-30,9.079999923706055,9.109999656677246,9.010000228881836,9.069999694824219,29287100
2022-10-03,9.020000457763672,9.069999694824219,8.960000038146973,9.039999961853027,22332000
2022-10-04,8.779999732971191,8.8100004196167,8.75,8.770000457763672,41332975
2022-10-05,8.539999961853027,8.5600004196167,8.5,8.550000190734863,68915000
2022-10-06,8.380000114440918,8.390000343322754,8.329999923706055,8.350000381469727,41637015
2022-10-07,8.399999618530273,8.399999618530273,8.300000190734863,8.300000190734863,75924068
2022-10-11,8.260000228881836,8.260000228881836,8.130000114440918,8.199999809265137,87824115
2022-10-12,8.399999618530273,8.430000305175781,8.350000381469727,8.380000114440918,40741531
2022-10-13,8.529999732971191,8.529999732971191,8.449999809265137,8.529999732971191,37122625
2022-10-14,8.329999923706055,8.390000343322754,8.300000190734863,8.369999885559082,51696208
2022-10-17,8.470000267028809,8.579999923706055,8.470000267028809,8.569999694824219,95128576
2022-10-18,8.510000228881836,8.579999923706055,8.479999542236328,8.520000457763672,31206080
2022-10-19,8.729999542236328,8.729999542236328,8.65999984741211,8.65999984741211,44761606
2022-10-20,8.489999771118164,8.569999694824219,8.460000038146973,8.529999732971191,73058575
2022-10-21,8.550000190734863,8.569999694824219,8.520000457763672,8.550000190734863,25870000
2022-10-24,8.609999656677246,8.609999656677246,8.460000038146973,8.5,30550025
2022-10-25,8.59000015258789,8.600000381469727,8.529999732971191,8.539999961853027,18385000
2022-10-26,8.5600004196167,8.609999656677246,8.529999732971191,8.600000381469727,16954000
2022-10-27,8.260000228881836,8.289999961853027,8.220000267028809,8.289999961853027,52563030
2022-10-28,8.279999732971191,8.279999732971191,8.210000038146973,8.210000038146973,27929800
2022-10-31,8.300000190734863,8.350000381469727,8.239999771118164,8.270000457763672,14721000
2022-11-01,8.329999923706055,8.430000305175781,8.3100004196167,8.399999618530273,16445500
2022-11-02,8.130000114440918,8.199999809265137,8.109999656677246,8.199999809265137,54760000
2022-11-03,8.15999984741211,8.180000305175781,8.140000343322754,8.170000076293945,15765015
2022-11-04,8.130000114440918,8.260000228881836,8.100000381469727,8.25,25262000
2022-11-07,8.010000228881836,8.020000457763672,7.980000019073486,8.0,52807500
2022-11-08,8.010000228881836,8.020000457763672,7.909999847412109,7.949999809265137,29699100
2022-11-09,8.210000038146973,8.220000267028809,8.140000343322754,8.180000305175781,30593040
2022-11-10,8.350000381469727,8.40999984741211,8.350000381469727,8.390000343322754,46546100
2022-11-11,8.239999771118164,8.260000228881836,8.210000038146973,8.260000228881836,33149000
2022-11-14,8.069999694824219,8.069999694824219,8.0,8.050000190734863,36343227
2022-11-15,8.3100004196167,8.329999923706055,8.270000457763672,8.289999961853027,52651000
2022-11-16,8.229999542236328,8.25,8.15999984741211,8.180000305175781,14172000
2022-11-17,8.369999885559082,8.380000114440918,8.300000190734863,8.300000190734863,33877420
2022-11-18,8.529999732971191,8.550000190734863,8.5,8.529999732971191,97772499
2022-11-21,8.8100004196167,8.829999923706055,8.720000267028809,8.729999542236328,103551200
2022-11-22,8.699999809265137,8.75,8.680000305175781,8.729999542236328,32801100
2022-11-23,8.649999618530273,8.670000076293945,8.569999694824219,8.619999885559082,17599000
2022-11-24,8.960000038146973,8.989999771118164,8.930000305175781,8.979999542236328,61809000
2022-11-25,8.869999885559082,8.920000076293945,8.850000381469727,8.890000343322754,11363283
2022-11-28,9.390000343322754,9.399999618530273,9.170000076293945,9.170000076293945,65450100
2022-11-29,8.779999732971191,9.109999656677246,8.779999732971191,9.109999656677246,37213001
2022-11-30,8.789999961853027,8.850000381469727,8.770000457763672,8.819999694824219,19089000
2022-12-01,8.630000114440918,8.640000343322754,8.550000190734863,8.630000114440918,17062000
2022-12-02,8.539999961853027,8.569999694824219,8.489999771118164,8.550000190734863,21201182
2022-12-05,8.59000015258789,8.600000381469727,8.470000267028809,8.479999542236328,15096000
2022-12-06,8.9399995803833,8.949999809265137,8.869999885559082,8.890000343322754,26127001
2022-12-07,9.279999732971191,9.34000015258789,9.260000228881836,9.260000228881836,58396000
2022-12-08,9.5,9.539999961853027,9.479999542236328,9.529999732971191,40152000
2022-12-09,9.59000015258789,9.609999656677246,9.550000190734863,9.569999694824219,39603800
2022-12-12,9.65999984741211,9.699999809265137,9.609999656677246,9.609999656677246,19351262
2022-12-13,9.300000190734863,9.420000076293945,9.300000190734863,9.420000076293945,19191999
2022-12-14,9.180000305175781,9.220000267028809,9.170000076293945,9.199999809265137,13607500
2022-12-15,9.029999732971191,9.039999961853027,8.930000305175781,8.9399995803833,24805001
2022-12-16,9.140000343322754,9.149999618530273,9.050000190734863,9.100000381469727,19639015
2022-12-19,9.210000038146973,9.220000267028809,9.109999656677246,9.1899995803833,16168100
2022-12-20,9.180000305175781,9.180000305175781,9.050000190734863,9.119999885559082,13861010
2022-12-21,9.09000015258789,9.09000015258789,9.039999961853027,9.079999923706055,7967015
2022-12-22,8.779999732971191,8.8100004196167,8.760000228881836,8.800000190734863,26865310
2022-12-23,8.819999694824219,8.859999656677246,8.770000457763672,8.819999694824219,13279000
2022-12-26,8.779999732971191,8.789999961853027,8.720000267028809,8.720000267028809,5501150
2022-12-27,8.630000114440918,8.65999984741211,8.569999694824219,8.619999885559082,23462262
2022-12-28,8.699999809265137,8.699999809265137,8.649999618530273,8.65999984741211,14508000
2022-12-29,8.800000190734863,8.819999694824219,8.770000457763672,8.779999732971191,20376273
2022-12-30,8.800000190734863,8.84000015258789,8.75,8.760000228881836,7141704
2023-01-03,8.65999984741211,8.699999809265137,8.600000381469727,8.630000114440918,15753468
2023-01-04,8.979999542236328,8.979999542236328,8.899999618530273,8.899999618530273,23392600
2023-01-05,9.289999961853027,9.34000015258789,9.289999961853027,9.319999694824219,56314000
2023-01-06,9.239999771118164,9.260000228881836,9.180000305175781,9.25,21338000
2023-01-09,9.15999984741211,9.229999542236328,9.149999618530273,9.210000038146973,22468030
2023-01-10,9.220000267028809,9.229999542236328,9.149999618530273,9.149999618530273,13551000
2023-01-11,9.199999809265137,9.210000038146973,9.149999618530273,9.15999984741211,10265000
2023-01-12,8.84000015258789,8.850000381469727,8.770000457763672,8.829999923706055,28642189
2023-01-13,8.770000457763672,8.770000457763672,8.710000038146973,8.739999771118164,20754000
2023-01-16,8.630000114440918,8.630000114440918,8.579999923706055,8.59000015258789,44455300
2023-01-17,8.640000343322754,8.699999809265137,8.619999885559082,8.6899995803833,19355568
2023-01-30,8.65999984741211,8.65999984741211,8.539999961853027,8.569999694824219,23209017
2023-01-31,8.800000190734863,8.819999694824219,8.75,8.760000228881836,19451000
2023-02-01,8.65999984741211,8.670000076293945,8.619999885559082,8.649999618530273,16989017
2023-02-02,8.819999694824219,8.859999656677246,8.800000190734863,8.8100004196167,29514000
2023-02-03,8.979999542236328,8.989999771118164,8.920000076293945,8.930000305175781,41293000
2023-02-06,9.260000228881836,9.289999961853027,9.229999542236328,9.229999542236328,68266002
2023-02-07,9.09000015258789,9.15999984741211,9.079999923706055,9.149999618530273,21110500
2023-02-08,8.819999694824219,8.829999923706055,8.770000457763672,8.800000190734863,15045000
2023-02-09,8.699999809265137,8.710000038146973,8.680000305175781,8.699999809265137,31498000
2023-02-10,8.779999732971191,8.789999961853027,8.760000228881836,8.770000457763672,16418336
2023-02-13,8.670000076293945,8.680000305175781,8.609999656677246,8.619999885559082,32648050
2023-02-14,8.640000343322754,8.649999618530273,8.609999656677246,8.619999885559082,56845004
2023-02-15,8.729999542236328,8.729999542236328,8.65999984741211,8.6899995803833,29141100
2023-02-16,8.640000343322754,8.710000038146973,8.619999885559082,8.710000038146973,27732000
2023-02-17,8.800000190734863,8.8100004196167,8.720000267028809,8.739999771118164,31937200
2023-02-20,8.890000343322754,8.949999809265137,8.859999656677246,8.9399995803833,30699200
2023-02-21,8.920000076293945,8.930000305175781,8.829999923706055,8.829999923706055,19786300
2023-02-22,8.979999542236328,9.0,8.930000305175781,8.960000038146973,36390000
2023-02-23,9.15999984741211,9.239999771118164,9.15999984741211,9.220000267028809,94437001
2023-02-24,8.960000038146973,9.0,8.949999809265137,8.989999771118164,23428100
2023-03-01,8.819999694824219,8.9399995803833,8.8100004196167,8.930000305175781,20991000
2023-03-02,8.8100004196167,8.819999694824219,8.779999732971191,8.8100004196167,13931000
2023-03-03,8.789999961853027,8.8100004196167,8.75,8.779999732971191,23430000
2023-03-06,8.6899995803833,8.710000038146973,8.619999885559082,8.640000343322754,109455015
2023-03-07,8.5,8.5600004196167,8.489999771118164,8.5600004196167,114215380
2023-03-08,8.800000190734863,8.819999694824219,8.779999732971191,8.800000190734863,72770000
2023-03-09,8.899999618530273,8.930000305175781,8.890000343322754,8.890000343322754,44709111
2023-03-10,9.09000015258789,9.100000381469727,9.010000228881836,9.029999732971191,91617000
2023-03-13,8.850000381469727,8.9399995803833,8.829999923706055,8.850000381469727,50831000
2023-03-14,9.1899995803833,9.220000267028809,9.079999923706055,9.119999885559082,68928177
2023-03-15,9.399999618530273,9.430000305175781,9.369999885559082,9.40999984741211,51657100
2023-03-16,9.920000076293945,10.039999961853027,9.850000381469727,9.850000381469727,48073098
2023-03-17,9.8100004196167,9.970000267028809,9.779999732971191,9.920000076293945,18757106
2023-03-20,10.239999771118164,10.239999771118164,10.039999961853027,10.09000015258789,24989027
2023-03-21,10.109999656677246,10.149999618530273,10.039999961853027,10.039999961853027,10143060
2023-03-22,9.800000190734863,9.850000381469727,9.779999732971191,9.8100004196167,8806002
2023-03-23,9.65999984741211,9.699999809265137,9.630000114440918,9.6899995803833,8352000
2023-03-24,9.699999809265137,9.819999694824219,9.699999809265137,9.779999732971191,28967000
2023-03-27,9.75,9.819999694824219,9.75,9.760000228881836,4524000
2023-03-28,9.300000190734863,9.3100004196167,9.25,9.300000190734863,22237000
2023-03-29,9.199999809265137,9.210000038146973,9.149999618530273,9.1899995803833,20864434
2023-03-30,9.300000190734863,9.329999923706055,9.260000228881836,9.270000457763672,14206000
2023-03-31,9.130000114440918,9.130000114440918,9.069999694824219,9.100000381469727,36808000
2023-04-06,8.460000038146973,8.520000457763672,8.420000076293945,8.510000228881836,171705905
2023-04-07,8.470000267028809,8.470000267028809,8.420000076293945,8.430000305175781,35557500
2023-04-10,8.359999656677246,8.369999885559082,8.319999694824219,8.34000015258789,43979536
2023-04-11,8.390000343322754,8.4399995803833,8.380000114440918,8.4399995803833,39391200
2023-04-12,8.270000457763672,8.289999961853027,8.25,8.279999732971191,55040049
2023-04-13,8.130000114440918,8.130000114440918,8.09000015258789,8.119999885559082,54937180
2023-04-14,8.170000076293945,8.1899995803833,8.149999618530273,8.1899995803833,31940503
2023-04-17,8.170000076293945,8.1899995803833,8.140000343322754,8.15999984741211,22376240
2023-04-18,8.329999923706055,8.34000015258789,8.279999732971191,8.3100004196167,59553280
2023-04-19,8.359999656677246,8.369999885559082,8.289999961853027,8.329999923706055,17177358
2023-04-20,8.600000381469727,8.600000381469727,8.5,8.5,51126000
2023-04-21,8.670000076293945,8.710000038146973,8.65999984741211,8.6899995803833,57305616
2023-04-24,8.699999809265137,8.720000267028809,8.630000114440918,8.630000114440918,33913440
2023-04-25,8.520000457763672,8.529999732971191,8.470000267028809,8.489999771118164,45953571
2023-04-26,8.640000343322754,8.699999809265137,8.630000114440918,8.65999984741211,38071617
2023-04-27,8.989999771118164,9.0,8.970000267028809,8.970000267028809,103219100
2023-04-28,8.899999618530273,8.970000267028809,8.859999656677246,8.949999809265137,53530500
2023-05-02,8.850000381469727,8.859999656677246,8.829999923706055,8.829999923706055,24604060
2023-05-03,9.319999694824219,9.319999694824219,9.289999961853027,9.289999961853027,62859200
2023-05-04,9.640000343322754,9.729999542236328,9.600000381469727,9.729999542236328,82364088
2023-05-05,9.609999656677246,9.6899995803833,9.600000381469727,9.6899995803833,38897139
2023-05-08,9.239999771118164,9.350000381469727,9.239999771118164,9.289999961853027,30535000
2023-05-09,9.119999885559082,9.149999618530273,9.100000381469727,9.109999656677246,12504000
2023-05-10,9.079999923706055,9.09000015258789,9.020000457763672,9.039999961853027,10395000
2023-05-11,9.079999923706055,9.119999885559082,9.0600004196167,9.09000015258789,12139000
2023-05-12,9.399999618530273,9.4399995803833,9.300000190734863,9.300000190734863,20554492
2023-05-15,9.510000228881836,9.569999694824219,9.460000038146973,9.460000038146973,12743000
2023-05-16,9.3100004196167,9.319999694824219,9.25,9.289999961853027,13666000
2023-05-17,9.390000343322754,9.4399995803833,9.350000381469727,9.399999618530273,9052000
2023-05-18,9.149999618530273,9.149999618530273,9.109999656677246,9.140000343322754,15690016
2023-05-19,9.149999618530273,9.229999542236328,9.130000114440918,9.210000038146973,23069024
2023-05-22,9.3100004196167,9.329999923706055,9.199999809265137,9.220000267028809,15183999
2023-05-23,9.180000305175781,9.1899995803833,9.130000114440918,9.170000076293945,10812000
2023-05-24,8.989999771118164,9.0,8.960000038146973,8.989999771118164,17693000
2023-05-25,8.960000038146973,8.970000267028809,8.920000076293945,8.9399995803833,18938101
2023-05-26,9.199999809265137,9.25,9.1899995803833,9.199999809265137,26433216
2023-05-29,9.029999732971191,9.050000190734863,8.989999771118164,9.039999961853027,15028100
2023-05-30,9.130000114440918,9.140000343322754,9.0,9.050000190734863,10644250
2023-05-31,9.529999732971191,9.539999961853027,9.449999809265137,9.460000038146973,47220000
2023-06-01,9.640000343322754,9.720000267028809,9.600000381469727,9.699999809265137,51969200
2023-06-02,9.350000381469727,9.399999618530273,9.319999694824219,9.399999618530273,10867360
2023-06-05,9.079999923706055,9.119999885559082,9.029999732971191,9.09000015258789,50459010
2023-06-06,9.170000076293945,9.199999809265137,9.140000343322754,9.149999618530273,23430200
2023-06-07,9.239999771118164,9.25,9.149999618530273,9.15999984741211,14754000
2023-06-08,9.09000015258789,9.119999885559082,9.069999694824219,9.09000015258789,36438152
2023-06-09,9.270000457763672,9.289999961853027,9.229999542236328,9.239999771118164,35423000
2023-06-12,9.460000038146973,9.5,9.399999618530273,9.399999618530273,20877000
2023-06-13,9.720000267028809,9.75,9.699999809265137,9.729999542236328,37363000
2023-06-14,9.420000076293945,9.489999771118164,9.40999984741211,9.479999542236328,11506000
2023-06-15,9.569999694824219,9.640000343322754,9.5600004196167,9.5600004196167,12454000
2023-06-16,9.289999961853027,9.3100004196167,9.260000228881836,9.289999961853027,33676000
2023-06-19,9.260000228881836,9.279999732971191,9.210000038146973,9.220000267028809,51651038
2023-06-20,9.270000457763672,9.279999732971191,9.210000038146973,9.239999771118164,24059000
2023-06-21,9.210000038146973,9.270000457763672,9.1899995803833,9.260000228881836,46984313
2023-06-26,9.470000267028809,9.510000228881836,9.399999618530273,9.399999618530273,67875031
2023-06-27,9.390000343322754,9.489999771118164,9.390000343322754,9.470000267028809,24960000
2023-06-28,9.640000343322754,9.6899995803833,9.619999885559082,9.65999984741211,47939015
2023-06-29,9.510000228881836,9.520000457763672,9.449999809265137,9.470000267028809,11516000
2023-06-30,9.430000305175781,9.460000038146973,9.390000343322754,9.460000038146973,22525015
2023-07-03,9.350000381469727,9.359999656677246,9.319999694824219,9.359999656677246,34349000
2023-07-04,9.399999618530273,9.430000305175781,9.380000114440918,9.420000076293945,18879616
2023-07-05,9.300000190734863,9.319999694824219,9.270000457763672,9.279999732971191,65033000
2023-07-06,9.210000038146973,9.220000267028809,9.15999984741211,9.180000305175781,95604251
2023-07-07,9.15999984741211,9.210000038146973,9.149999618530273,9.199999809265137,60275149
2023-07-10,9.0,9.010000228881836,8.949999809265137,8.979999542236328,87664100
2023-07-11,9.0,9.010000228881836,8.979999542236328,9.0,33354016
2023-07-12,8.8100004196167,8.829999923706055,8.770000457763672,8.829999923706055,76317213
2023-07-13,8.680000305175781,8.699999809265137,8.649999618530273,8.699999809265137,63412200
2023-07-14,8.550000190734863,8.550000190734863,8.510000228881836,8.510000228881836,64629200
2023-07-17,8.800000190734863,8.800000190734863,8.75,8.770000457763672,78734600
2023-07-18,8.819999694824219,8.829999923706055,8.800000190734863,8.829999923706055,24678200
2023-07-19,8.699999809265137,8.710000038146973,8.65999984741211,8.680000305175781,26442575
2023-07-20,8.699999809265137,8.710000038146973,8.680000305175781,8.710000038146973,7775000
2023-07-21,8.59000015258789,8.65999984741211,8.579999923706055,8.65999984741211,36027116
2023-07-24,8.550000190734863,8.569999694824219,8.520000457763672,8.529999732971191,35618000
2023-07-25,8.319999694824219,8.34000015258789,8.300000190734863,8.329999923706055,61368996
2023-07-26,8.319999694824219,8.319999694824219,8.279999732971191,8.289999961853027,34202070
2023-07-27,8.279999732971191,8.300000190734863,8.260000228881836,8.300000190734863,27725500
2023-07-28,8.279999732971191,8.289999961853027,8.25,8.260000228881836,19664000
2023-07-31,8.220000267028809,8.229999542236328,8.180000305175781,8.229999542236328,29994004
2023-08-01,8.109999656677246,8.109999656677246,8.079999923706055,8.100000381469727,36779100
2023-08-02,8.069999694824219,8.079999923706055,8.029999732971191,8.0600004196167,33388400
2023-08-04,8.109999656677246,8.119999885559082,8.0600004196167,8.09000015258789,18955300
2023-08-07,8.010000228881836,8.020000457763672,7.96999979019165,7.989999771118164,25124000
2023-08-08,8.109999656677246,8.109999656677246,8.039999961853027,8.050000190734863,19118501
2023-08-09,8.0600004196167,8.0600004196167,8.020000457763672,8.029999732971191,12485000
2023-08-10,7.929999828338623,7.940000057220459,7.900000095367432,7.929999828338623,33101063
2023-08-11,8.079999923706055,8.09000015258789,8.020000457763672,8.039999961853027,18876000
2023-08-14,8.149999618530273,8.149999618530273,8.039999961853027,8.069999694824219,15846500
2023-08-15,8.109999656677246,8.130000114440918,8.079999923706055,8.130000114440918,8552000
2023-08-16,8.34000015258789,8.34000015258789,8.210000038146973,8.210000038146973,50405000
2023-08-17,8.420000076293945,8.470000267028809,8.380000114440918,8.449999809265137,31218300
2023-08-18,8.270000457763672,8.329999923706055,8.220000267028809,8.329999923706055,32497000
2023-08-21,8.109999656677246,8.180000305175781,8.09000015258789,8.180000305175781,21755000
2023-08-22,8.220000267028809,8.229999542236328,8.1899995803833,8.210000038146973,17238000
2023-08-23,8.220000267028809,8.270000457763672,8.210000038146973,8.270000457763672,13476000
2023-08-24,8.300000190734863,8.359999656677246,8.289999961853027,8.319999694824219,23206000
2023-08-25,8.25,8.300000190734863,8.239999771118164,8.300000190734863,10983000
2023-08-28,8.15999984741211,8.180000305175781,8.140000343322754,8.15999984741211,29345000
2023-08-29,8.15999984741211,8.1899995803833,8.149999618530273,8.149999618530273,6665000
2023-08-30,8.039999961853027,8.0600004196167,8.029999732971191,8.0600004196167,22114000
2023-08-31,8.039999961853027,8.050000190734863,8.010000228881836,8.020000457763672,8470000
2023-09-01,7.920000076293945,7.920000076293945,7.900000095367432,7.909999847412109,46326350
2023-09-04,7.820000171661377,7.820000171661377,7.71999979019165,7.789999961853027,32937801
2023-09-05,7.809999942779541,7.829999923706055,7.78000020980835,7.78000020980835,13504000
2023-09-06,7.739999771118164,7.75,7.710000038146973,7.75,28191034
2023-09-07,7.710000038146973,7.71999979019165,7.659999847412109,7.679999828338623,23216800
2023-09-08,7.860000133514404,7.880000114440918,7.739999771118164,7.760000228881836,34336200
2023-09-11,7.71999979019165,7.78000020980835,7.710000038146973,7.78000020980835,18439000
2023-09-12,7.639999866485596,7.71999979019165,7.610000133514404,7.71999979019165,34301000
2023-09-13,7.480000019073486,7.489999771118164,7.46999979019165,7.480000019073486,33400796
2023-09-14,7.480000019073486,7.510000228881836,7.480000019073486,7.510000228881836,13029050
2023-09-15,7.300000190734863,7.349999904632568,7.28000020980835,7.340000152587891,37890500
2023-09-18,7.300000190734863,7.320000171661377,7.28000020980835,7.309999942779541,12798025
2023-09-19,7.25,7.269999980926514,7.239999771118164,7.269999980926514,13169000
2023-09-20,7.480000019073486,7.480000019073486,7.300000190734863,7.300000190734863,41068631
2023-09-21,7.539999961853027,7.550000190734863,7.5,7.5,21820325
2023-09-22,7.369999885559082,7.440000057220459,7.349999904632568,7.440000057220459,19828000
2023-09-25,7.409999847412109,7.429999828338623,7.360000133514404,7.400000095367432,8235300
2023-09-26,7.449999809265137,7.480000019073486,7.420000076293945,7.480000019073486,8258000
2023-09-27,7.300000190734863,7.380000114440918,7.300000190734863,7.369999885559082,14016100
2023-09-28,7.110000133514404,7.110000133514404,7.059999942779541,7.099999904632568,36183030
2023-10-02,7.28000020980835,7.300000190734863,7.260000228881836,7.289999961853027,15269417
2023-10-03,7.489999771118164,7.510000228881836,7.420000076293945,7.429999828338623,23208532
2023-10-04,7.400000095367432,7.429999828338623,7.369999885559082,7.420000076293945,10929000
2023-10-05,7.699999809265137,7.75,7.699999809265137,7.71999979019165,64444000
2023-10-06,7.829999923706055,7.840000152587891,7.800000190734863,7.800000190734863,53868600
2023-10-11,7.46999979019165,7.5,7.46999979019165,7.480000019073486,28951000
2023-10-12,7.71999979019165,7.760000228881836,7.690000057220459,7.699999809265137,25826128
2023-10-13,7.650000095367432,7.699999809265137,7.639999866485596,7.659999847412109,19346027
2023-10-16,7.300000190734863,7.329999923706055,7.289999961853027,7.320000171661377,55618112
2023-10-17,7.400000095367432,7.429999828338623,7.369999885559082,7.380000114440918,11759100
2023-10-18,7.230000019073486,7.260000228881836,7.179999828338623,7.25,19190150
2023-10-19,7.230000019073486,7.260000228881836,7.21999979019165,7.260000228881836,5152207
2023-10-20,7.130000114440918,7.130000114440918,7.079999923706055,7.110000133514404,32374707
2023-10-23,7.320000171661377,7.320000171661377,7.210000038146973,7.210000038146973,17120100
2023-10-24,7.340000152587891,7.360000133514404,7.320000171661377,7.329999923706055,12508699
2023-10-25,7.510000228881836,7.519999980926514,7.480000019073486,7.5,30625010
2023-10-26,7.400000095367432,7.400000095367432,7.349999904632568,7.360000133514404,7200000
2023-10-27,7.440000057220459,7.510000228881836,7.420000076293945,7.5,13529089
2023-10-30,7.460000038146973,7.46999979019165,7.389999866485596,7.389999866485596,5759225
2023-10-31,7.570000171661377,7.599999904632568,7.539999961853027,7.550000190734863,24250200
2023-11-01,7.690000057220459,7.710000038146973,7.670000076293945,7.690000057220459,27217000
2023-11-02,7.670000076293945,7.699999809265137,7.650000095367432,7.699999809265137,17028000
2023-11-03,7.550000190734863,7.590000152587891,7.53000020980835,7.559999942779541,6798000
2023-11-06,7.670000076293945,7.699999809265137,7.659999847412109,7.690000057220459,14110000
2023-11-07,7.730000019073486,7.739999771118164,7.699999809265137,7.699999809265137,17677000
2023-11-08,8.039999961853027,8.050000190734863,7.989999771118164,8.029999732971191,62234900
2023-11-09,8.210000038146973,8.220000267028809,8.140000343322754,8.170000076293945,46814100
2023-11-10,8.140000343322754,8.199999809265137,8.119999885559082,8.1899995803833,18255000
2023-11-13,8.119999885559082,8.130000114440918,8.069999694824219,8.09000015258789,10552247
2023-11-14,7.909999847412109,7.920000076293945,7.880000114440918,7.909999847412109,15301000
2023-11-15,7.880000114440918,7.940000057220459,7.880000114440918,7.920000076293945,9543379
2023-11-16,8.100000381469727,8.109999656677246,8.050000190734863,8.050000190734863,15685000
2023-11-17,8.380000114440918,8.420000076293945,8.359999656677246,8.390000343322754,56658000
2023-11-20,7.989999771118164,8.100000381469727,7.980000019073486,8.100000381469727,30418000
2023-11-21,7.889999866485596,7.900000095367432,7.860000133514404,7.880000114440918,15470000
2023-11-22,7.880000114440918,7.900000095367432,7.840000152587891,7.869999885559082,7586820
2023-11-23,8.029999732971191,8.050000190734863,7.989999771118164,7.989999771118164,34524000
2023-11-24,8.029999732971191,8.029999732971191,7.980000019073486,8.020000457763672,11975680
2023-11-27,8.170000076293945,8.180000305175781,8.079999923706055,8.09000015258789,16124170
2023-11-28,8.149999618530273,8.149999618530273,8.100000381469727,8.140000343322754,9980000
2023-11-29,7.96999979019165,7.980000019073486,7.920000076293945,7.929999828338623,14048001
2023-11-30,7.809999942779541,7.880000114440918,7.800000190734863,7.860000133514404,26810055
2023-12-01,8.0,8.069999694824219,8.0,8.0,20730000
2023-12-04,8.25,8.270000457763672,8.109999656677246,8.109999656677246,55053000
2023-12-05,8.3100004196167,8.329999923706055,8.279999732971191,8.300000190734863,34890200
2023-12-06,8.40999984741211,8.4399995803833,8.380000114440918,8.420000076293945,46486300
2023-12-07,8.710000038146973,8.729999542236328,8.699999809265137,8.720000267028809,85651446
2023-12-08,8.619999885559082,8.729999542236328,8.600000381469727,8.670000076293945,22229230
2023-12-11,8.470000267028809,8.520000457763672,8.460000038146973,8.479999542236328,10397000
2023-12-12,8.460000038146973,8.520000457763672,8.4399995803833,8.489999771118164,6877000
2023-12-13,8.84000015258789,8.890000343322754,8.8100004196167,8.819999694824219,63950320
2023-12-14,8.670000076293945,8.6899995803833,8.619999885559082,8.649999618530273,9105270
2023-12-15,8.40999984741211,8.430000305175781,8.369999885559082,8.430000305175781,25799080
2023-12-18,8.40999984741211,8.4399995803833,8.399999618530273,8.420000076293945,8436000
2023-12-19,8.34000015258789,8.350000381469727,8.3100004196167,8.319999694824219,17300000
2023-12-20,8.210000038146973,8.220000267028809,8.180000305175781,8.199999809265137,9412200
2023-12-21,8.220000267028809,8.25,8.199999809265137,8.239999771118164,10744000
2023-12-22,8.149999618530273,8.220000267028809,8.109999656677246,8.220000267028809,11958200
2023-12-25,8.260000228881836,8.260000228881836,8.1899995803833,8.199999809265137,5218037
2023-12-26,8.199999809265137,8.239999771118164,8.1899995803833,8.220000267028809,5480000
2023-12-27,8.020000457763672,8.0600004196167,8.010000228881836,8.039999961853027,19899000
2023-12-28,8.149999618530273,8.149999618530273,8.109999656677246,8.140000343322754,10987000
2023-12-29,8.329999923706055,8.40999984741211,8.329999923706055,8.359999656677246,40748000
2024-01-02,8.279999732971191,8.319999694824219,8.260000228881836,8.319999694824219,9173000
2024-01-03,8.59000015258789,8.59000015258789,8.520000457763672,8.529999732971191,27901050
2024-01-04,8.239999771118164,8.279999732971191,8.229999542236328,8.25,23573498
2024-01-05,8.279999732971191,8.329999923706055,8.279999732971191,8.3100004196167,15417000
2024-01-08,8.289999961853027,8.289999961853027,8.180000305175781,8.1899995803833,11012000
2024-01-09,8.479999542236328,8.510000228881836,8.449999809265137,8.479999542236328,23188000
2024-01-10,8.300000190734863,8.319999694824219,8.270000457763672,8.319999694824219,17953000
2024-01-11,8.369999885559082,8.420000076293945,8.369999885559082,8.420000076293945,23979000
2024-01-12,8.199999809265137,8.229999542236328,8.140000343322754,8.210000038146973,32536000
2024-01-15,8.260000228881836,8.3100004196167,8.25,8.279999732971191,17182260
2024-01-16,8.319999694824219,8.34000015258789,8.289999961853027,8.300000190734863,8353000
2024-01-17,8.399999618530273,8.40999984741211,8.369999885559082,8.380000114440918,11540000
2024-01-18,8.3100004196167,8.319999694824219,8.279999732971191,8.3100004196167,8224000
2024-01-19,8.1899995803833,8.199999809265137,8.15999984741211,8.1899995803833,19310000
2024-01-22,8.260000228881836,8.270000457763672,8.210000038146973,8.210000038146973,11804000
2024-01-23,8.09000015258789,8.109999656677246,8.069999694824219,8.079999923706055,28709440
2024-01-24,8.119999885559082,8.130000114440918,8.100000381469727,8.119999885559082,4892000
2024-01-25,8.010000228881836,8.029999732971191,8.0,8.0,24899999
2024-01-26,7.860000133514404,7.860000133514404,7.820000171661377,7.829999923706055,35173999
2024-01-29,7.699999809265137,7.730000019073486,7.670000076293945,7.71999979019165,44846112
2024-01-30,7.800000190734863,7.829999923706055,7.789999961853027,7.800000190734863,18849000
2024-01-31,7.78000020980835,7.78000020980835,7.710000038146973,7.710000038146973,8946333
2024-02-01,7.909999847412109,7.920000076293945,7.860000133514404,7.920000076293945,18396268
2024-02-02,8.069999694824219,8.09000015258789,8.050000190734863,8.0600004196167,41611300
2024-02-05,8.239999771118164,8.300000190734863,8.239999771118164,8.25,78305000
2024-02-15,7.889999866485596,8.130000114440918,7.869999885559082,8.130000114440918,81093999
2024-02-16,7.769999980926514,7.769999980926514,7.75,7.769999980926514,56537220
2024-02-19,7.739999771118164,7.739999771118164,7.710000038146973,7.730000019073486,25633555
2024-02-20,7.690000057220459,7.710000038146973,7.679999828338623,7.710000038146973,29098999
2024-02-21,7.769999980926514,7.800000190734863,7.769999980926514,7.789999961853027,13098333
2024-02-22,7.710000038146973,7.730000019073486,7.699999809265137,7.710000038146973,20576000
2024-02-23,7.710000038146973,7.710000038146973,7.679999828338623,7.690000057220459,14605999
2024-02-26,7.869999885559082,7.900000095367432,7.860000133514404,7.860000133514404,35057000
2024-02-27,7.760000228881836,7.760000228881836,7.71999979019165,7.730000019073486,13542000
2024-02-29,7.670000076293945,7.699999809265137,7.659999847412109,7.699999809265137,27975250
2024-03-01,7.670000076293945,7.670000076293945,7.650000095367432,7.670000076293945,14284912
2024-03-04,7.539999961853027,7.539999961853027,7.489999771118164,7.519999980926514,43514000
2024-03-05,7.650000095367432,7.659999847412109,7.619999885559082,7.630000114440918,15902262
2024-03-06,7.639999866485596,7.690000057220459,7.639999866485596,7.670000076293945,12335000
2024-03-07,7.590000152587891,7.599999904632568,7.550000190734863,7.570000171661377,21040000
2024-03-08,7.559999942779541,7.570000171661377,7.53000020980835,7.570000171661377,21939000
2024-03-11,7.710000038146973,7.730000019073486,7.690000057220459,7.690000057220459,40733200
2024-03-12,7.659999847412109,7.670000076293945,7.639999866485596,7.670000076293945,6367000
2024-03-13,7.650000095367432,7.659999847412109,7.639999866485596,7.659999847412109,4215000
2024-03-14,7.519999980926514,7.519999980926514,7.489999771118164,7.5,30035000
2024-03-15,7.409999847412109,7.409999847412109,7.389999866485596,7.409999847412109,34708000
2024-03-18,7.380000114440918,7.409999847412109,7.369999885559082,7.409999847412109,22724100
2024-03-19,7.28000020980835,7.289999961853027,7.260000228881836,7.28000020980835,38680000
2024-03-20,7.239999771118164,7.25,7.230000019073486,7.239999771118164,23647000
2024-03-21,7.300000190734863,7.320000171661377,7.289999961853027,7.320000171661377,20818000
2024-03-22,7.420000076293945,7.429999828338623,7.369999885559082,7.380000114440918,19772000
2024-03-25,7.360000133514404,7.380000114440918,7.349999904632568,7.380000114440918,9458500
2024-03-26,7.300000190734863,7.309999942779541,7.260000228881836,7.28000020980835,20191000
2024-03-27,7.400000095367432,7.400000095367432,7.360000133514404,7.369999885559082,12290300
2024-03-28,7.309999942779541,7.320000171661377,7.289999961853027,7.309999942779541,10929000
2024-03-29,7.230000019073486,7.239999771118164,7.199999809265137,7.199999809265137,13269000
2024-04-01,7.199999809265137,7.210000038146973,7.190000057220459,7.199999809265137,16253999
2024-04-02,7.159999847412109,7.159999847412109,7.139999866485596,7.159999847412109,15923616
2024-04-03,7.090000152587891,7.090000152587891,7.059999942779541,7.070000171661377,43513249
2024-04-08,7.059999942779541,7.119999885559082,7.050000190734863,7.090000152587891,29299999
2024-04-09,7.019999980926514,7.019999980926514,6.960000038146973,6.96999979019165,28759999
2024-04-10,7.039999961853027,7.090000152587891,7.0,7.079999923706055,40832075
2024-04-11,6.960000038146973,6.980000019073486,6.949999809265137,6.96999979019165,16826999
2024-04-12,7.0,7.019999980926514,6.96999979019165,6.989999771118164,7542334
2024-04-15,7.019999980926514,7.039999961853027,6.989999771118164,7.0,14244006
2024-04-16,6.96999979019165,6.980000019073486,6.940000057220459,6.960000038146973,14627000
2024-04-17,7.050000190734863,7.059999942779541,6.989999771118164,6.989999771118164,13117200
2024-04-18,7.190000057220459,7.230000019073486,7.190000057220459,7.190000057220459,21271000
2024-04-19,7.059999942779541,7.159999847412109,6.929999828338623,7.159999847412109,44247200
2024-04-22,7.260000228881836,7.269999980926514,7.230000019073486,7.239999771118164,28352000
2024-04-23,7.199999809265137,7.230000019073486,7.179999828338623,7.190000057220459,6835000
2024-04-24,7.099999904632568,7.119999885559082,7.099999904632568,7.099999904632568,7013050
2024-04-25,7.130000114440918,7.170000076293945,7.130000114440918,7.159999847412109,5090000
2024-04-26,7.070000171661377,7.079999923706055,7.050000190734863,7.059999942779541,6104000
2024-04-29,7.110000133514404,7.139999866485596,7.110000133514404,7.130000114440918,4921000
2024-04-30,7.170000076293945,7.179999828338623,7.150000095367432,7.159999847412109,4989000
2024-05-02,7.409999847412109,7.449999809265137,7.400000095367432,7.440000057220459,49267200
2024-05-03,7.420000076293945,7.440000057220459,7.409999847412109,7.409999847412109,13140000
2024-05-06,7.480000019073486,7.510000228881836,7.46999979019165,7.480000019073486,22957200
2024-05-07,7.480000019073486,7.489999771118164,7.429999828338623,7.429999828338623,13264000
2024-05-08,7.550000190734863,7.550000190734863,7.510000228881836,7.510000228881836,14235200
2024-05-09,7.420000076293945,7.429999828338623,7.409999847412109,7.429999828338623,7040000
2024-05-10,7.380000114440918,7.400000095367432,7.369999885559082,7.400000095367432,14229000
2024-05-13,7.539999961853027,7.570000171661377,7.53000020980835,7.53000020980835,21486600
2024-05-14,7.429999828338623,7.449999809265137,7.409999847412109,7.429999828338623,3973000
2024-05-15,7.460000038146973,7.5,7.449999809265137,7.489999771118164,6455000
2024-05-16,7.420000076293945,7.440000057220459,7.400000095367432,7.409999847412109,5573020
2024-05-17,7.400000095367432,7.420000076293945,7.380000114440918,7.400000095367432,7650000
2024-05-20,7.340000152587891,7.349999904632568,7.309999942779541,7.349999904632568,5728000
2024-05-21,7.400000095367432,7.420000076293945,7.360000133514404,7.380000114440918,7864111
2024-05-22,7.480000019073486,7.489999771118164,7.460000038146973,7.460000038146973,12575100
2024-05-23,7.559999942779541,7.590000152587891,7.550000190734863,7.570000171661377,24533399
2024-05-24,7.579999923706055,7.599999904632568,7.559999942779541,7.579999923706055,12298000
2024-05-27,7.46999979019165,7.5,7.460000038146973,7.489999771118164,4202406
2024-05-28,7.389999866485596,7.409999847412109,7.369999885559082,7.409999847412109,6894000
2024-05-29,7.28000020980835,7.28000020980835,7.260000228881836,7.269999980926514,9914000
2024-05-30,7.360000133514404,7.369999885559082,7.340000152587891,7.349999904632568,7714000
2024-05-31,7.489999771118164,7.519999980926514,7.480000019073486,7.489999771118164,18836200
2024-06-03,7.550000190734863,7.570000171661377,7.5,7.519999980926514,20508131
2024-06-04,7.900000095367432,7.900000095367432,7.829999923706055,7.829999923706055,75015400
2024-06-05,7.929999828338623,7.949999809265137,7.920000076293945,7.929999828338623,23367000
2024-06-06,7.789999961853027,7.809999942779541,7.78000020980835,7.789999961853027,9925000
2024-06-07,7.670000076293945,7.699999809265137,7.659999847412109,7.670000076293945,10617005
2024-06-11,7.489999771118164,7.5,7.449999809265137,7.460000038146973,13830023
2024-06-12,7.420000076293945,7.449999809265137,7.420000076293945,7.449999809265137,11387000
2024-06-13,7.440000057220459,7.460000038146973,7.429999828338623,7.429999828338623,20584018
2024-06-14,7.449999809265137,7.46999979019165,7.429999828338623,7.46999979019165,8683500
2024-06-17,7.460000038146973,7.460000038146973,7.429999828338623,7.449999809265137,4225000
2024-06-18,7.289999961853027,7.289999961853027,7.260000228881836,7.269999980926514,26332999
2024-06-19,7.190000057220459,7.190000057220459,7.170000076293945,7.179999828338623,32774000
2024-06-20,7.199999809265137,7.210000038146973,7.190000057220459,7.199999809265137,12288000
2024-06-21,7.139999866485596,7.150000095367432,7.130000114440918,7.150000095367432,20922026
2024-06-24,7.190000057220459,7.210000038146973,7.179999828338623,7.210000038146973,13365000
2024-06-25,7.099999904632568,7.110000133514404,7.079999923706055,7.090000152587891,18853000
2024-06-26,7.139999866485596,7.179999828338623,7.130000114440918,7.179999828338623,8037000
2024-06-27,7.179999828338623,7.199999809265137,7.179999828338623,7.190000057220459,7809000
2024-06-28,7.050000190734863,7.079999923706055,7.050000190734863,7.079999923706055,30678010
2024-07-01,7.079999923706055,7.090000152587891,7.059999942779541,7.079999923706055,6662200
2024-07-02,6.949999809265137,6.960000038146973,6.929999828338623,6.949999809265137,47053000
2024-07-03,6.980000019073486,6.989999771118164,6.960000038146973,6.980000019073486,10604000
2024-07-04,6.960000038146973,6.960000038146973,6.929999828338623,6.940000057220459,16159252
2024-07-05,6.929999828338623,6.929999828338623,6.900000095367432,6.909999847412109,25876538
2024-07-08,6.989999771118164,7.0,6.96999979019165,6.989999771118164,27390853
2024-07-09,7.050000190734863,7.059999942779541,7.03000020980835,7.03000020980835,17404500
2024-07-10,7.119999885559082,7.130000114440918,7.079999923706055,7.079999923706055,12429000
2024-07-11,7.010000228881836,7.019999980926514,6.989999771118164,7.019999980926514,13198000
2024-07-12,7.010000228881836,7.019999980926514,6.980000019073486,6.980000019073486,10624500
2024-07-15,7.039999961853027,7.090000152587891,7.03000020980835,7.079999923706055,5832000
2024-07-16,7.090000152587891,7.090000152587891,7.059999942779541,7.059999942779541,7397000
2024-07-17,7.159999847412109,7.179999828338623,7.139999866485596,7.159999847412109,16779000
2024-07-18,6.989999771118164,6.989999771118164,6.960000038146973,6.989999771118164,15814500
2024-07-19,7.070000171661377,7.090000152587891,7.059999942779541,7.070000171661377,10585100
2024-07-22,7.210000038146973,7.230000019073486,7.199999809265137,7.199999809265137,43931000
2024-07-23,7.260000228881836,7.289999961853027,7.25,7.28000020980835,19239200
2024-07-26,7.260000228881836,7.28000020980835,7.239999771118164,7.260000228881836,23701430
2024-07-29,7.329999923706055,7.389999866485596,7.329999923706055,7.349999904632568,31499000
2024-07-30,7.53000020980835,7.550000190734863,7.489999771118164,7.489999771118164,56403000
2024-07-31,7.46999979019165,7.559999942779541,7.46999979019165,7.550000190734863,39035000
2024-08-01,7.210000038146973,7.25,7.190000057220459,7.21999979019165,27609000
2024-08-02,7.380000114440918,7.409999847412109,7.360000133514404,7.400000095367432,17892000
2024-08-05,7.730000019073486,7.730000019073486,7.630000114440918,7.690000057220459,87982999
2024-08-06,7.619999885559082,7.650000095367432,7.599999904632568,7.599999904632568,18820000
2024-08-07,7.670000076293945,7.78000020980835,7.670000076293945,7.760000228881836,24244100
2024-08-08,7.5,7.519999980926514,7.46999979019165,7.510000228881836,9365000
2024-08-09,7.409999847412109,7.440000057220459,7.389999866485596,7.440000057220459,6708000
2024-08-12,7.329999923706055,7.360000133514404,7.320000171661377,7.349999904632568,4793000
2024-08-13,7.139999866485596,7.159999847412109,7.110000133514404,7.130000114440918,21202000
2024-08-14,7.190000057220459,7.199999809265137,7.150000095367432,7.179999828338623,7767000
2024-08-15,7.309999942779541,7.320000171661377,7.269999980926514,7.289999961853027,17013080
2024-08-16,7.25,7.25,7.210000038146973,7.21999979019165,9688077
2024-08-19,7.349999904632568,7.360000133514404,7.309999942779541,7.349999904632568,12993000
2024-08-20,7.519999980926514,7.539999961853027,7.46999979019165,7.489999771118164,16976929
2024-08-21,7.53000020980835,7.550000190734863,7.510000228881836,7.519999980926514,17377000
2024-08-22,7.659999847412109,7.690000057220459,7.650000095367432,7.670000076293945,20735000
2024-08-23,7.539999961853027,7.559999942779541,7.519999980926514,7.53000020980835,6321999
2024-08-26,7.329999923706055,7.329999923706055,7.289999961853027,7.309999942779541,21002020
2024-08-27,7.150000095367432,7.179999828338623,7.139999866485596,7.150000095367432,28567999
2024-08-28,7.300000190734863,7.300000190734863,7.25,7.260000228881836,10966000
2024-08-29,7.360000133514404,7.380000114440918,7.349999904632568,7.369999885559082,10125162
2024-08-30,7.239999771118164,7.269999980926514,7.230000019073486,7.269999980926514,10496000
2024-09-02,7.519999980926514,7.53000020980835,7.46999979019165,7.480000019073486,39144000
2024-09-03,7.449999809265137,7.449999809265137,7.409999847412109,7.429999828338623,7894000
2024-09-04,7.829999923706055,7.849999904632568,7.820000171661377,7.820000171661377,52167183
2024-09-05,7.880000114440918,7.900000095367432,7.860000133514404,7.889999866485596,34373999
2024-09-06,7.909999847412109,7.929999828338623,7.889999866485596,7.920000076293945,16915000
2024-09-09,7.980000019073486,8.020000457763672,7.96999979019165,8.010000228881836,18111300
2024-09-10,7.989999771118164,8.0,7.929999828338623,7.96999979019165,18429001
2024-09-11,8.270000457763672,8.3100004196167,8.25,8.300000190734863,29705200
2024-09-12,8.09000015258789,8.119999885559082,8.069999694824219,8.100000381469727,35332600
2024-09-13,7.889999866485596,7.920000076293945,7.880000114440918,7.889999866485596,25055000
2024-09-16,7.989999771118164,7.989999771118164,7.960000038146973,7.980000019073486,22819000
2024-09-18,7.78000020980835,7.78000020980835,7.710000038146973,7.710000038146973,23285000
2024-09-19,7.730000019073486,7.820000171661377,7.710000038146973,7.769999980926514,13692610
2024-09-20,7.619999885559082,7.630000114440918,7.599999904632568,7.610000133514404,20076250
2024-09-23,7.550000190734863,7.590000152587891,7.53000020980835,7.590000152587891,12532000
2024-09-24,7.590000152587891,7.679999828338623,7.590000152587891,7.659999847412109,22130000
2024-09-25,7.579999923706055,7.590000152587891,7.519999980926514,7.550000190734863,20818000
2024-09-26,7.809999942779541,7.820000171661377,7.710000038146973,7.730000019073486,24166000
2024-09-27,7.960000038146973,8.020000457763672,7.940000057220459,8.020000457763672,43003096
2024-09-30,7.829999923706055,7.869999885559082,7.789999961853027,7.800000190734863,23612000
2024-10-01,7.880000114440918,7.889999866485596,7.849999904632568,7.889999866485596,8188025
2024-10-04,7.269999980926514,7.28000020980835,7.230000019073486,7.239999771118164,45869000
2024-10-07,7.239999771118164,7.25,7.21999979019165,7.21999979019165,25466000
2024-10-08,7.070000171661377,7.119999885559082,6.980000019073486,7.0,67430000
2024-10-09,7.21999979019165,7.260000228881836,7.199999809265137,7.21999979019165,32504000
2024-10-11,7.090000152587891,7.099999904632568,7.059999942779541,7.079999923706055,30270999
2024-10-14,7.150000095367432,7.190000057220459,7.139999866485596,7.159999847412109,13075139
2024-10-15,7.460000038146973,7.46999979019165,7.380000114440918,7.380000114440918,36823183
2024-10-16,7.489999771118164,7.489999771118164,7.460000038146973,7.480000019073486,26554000
2024-10-17,7.489999771118164,7.519999980926514,7.449999809265137,7.46999979019165,25056000
2024-10-18,7.460000038146973,7.5,7.449999809265137,7.489999771118164,7417000
2024-10-21,7.579999923706055,7.659999847412109,7.579999923706055,7.610000133514404,22178000
2024-10-22,7.53000020980835,7.539999961853027,7.5,7.519999980926514,28813010
2024-10-23,7.349999904632568,7.380000114440918,7.329999923706055,7.380000114440918,22469000
2024-10-24,7.340000152587891,7.360000133514404,7.309999942779541,7.349999904632568,18340000
2024-10-25,7.460000038146973,7.46999979019165,7.429999828338623,7.440000057220459,10633000
2024-10-28,7.679999828338623,7.679999828338623,7.639999866485596,7.659999847412109,21025500
2024-10-29,7.78000020980835,7.78000020980835,7.71999979019165,7.71999979019165,18332025
2024-10-30,7.75,7.789999961853027,7.739999771118164,7.769999980926514,11256000
2024-11-01,7.400000095367432,7.429999828338623,7.389999866485596,7.409999847412109,26004300
2024-11-04,7.400000095367432,7.440000057220459,7.389999866485596,7.400000095367432,14854000
2024-11-05,7.329999923706055,7.340000152587891,7.309999942779541,7.340000152587891,12460000
2024-11-06,7.380000114440918,7.380000114440918,7.300000190734863,7.300000190734863,9541000
2024-11-07,7.300000190734863,7.329999923706055,7.269999980926514,7.329999923706055,17539000
2024-11-08,7.300000190734863,7.309999942779541,7.269999980926514,7.269999980926514,13966000
2024-11-11,7.46999979019165,7.480000019073486,7.420000076293945,7.420000076293945,26169043
2024-11-12,7.690000057220459,7.699999809265137,7.639999866485596,7.639999866485596,30322100
2024-11-13,7.650000095367432,7.730000019073486,7.619999885559082,7.730000019073486,41406200
2024-11-14,7.699999809265137,7.699999809265137,7.639999866485596,7.639999866485596,9361201
2024-11-15,7.690000057220459,7.690000057220459,7.639999866485596,7.650000095367432,5689000
2024-11-18,7.769999980926514,7.809999942779541,7.75,7.800000190734863,18015300
2024-11-19,7.519999980926514,7.559999942779541,7.510000228881836,7.559999942779541,23756000
2024-11-20,7.53000020980835,7.53000020980835,7.53000020980835,7.53000020980835,15000
2024-11-21,7.559999942779541,7.570000171661377,7.53000020980835,7.539999961853027,5255000
2024-11-22,7.449999809265137,7.449999809265137,7.400000095367432,7.429999828338623,14642000
2024-11-25,7.380000114440918,7.389999866485596,7.300000190734863,7.309999942779541,28192000
2024-11-26,7.53000020980835,7.590000152587891,7.510000228881836,7.570000171661377,19030000
2024-11-27,7.559999942779541,7.579999923706055,7.550000190734863,7.550000190734863,7846000
2024-11-28,7.590000152587891,7.599999904632568,7.550000190734863,7.550000190734863,7370000
2024-11-29,7.519999980926514,7.590000152587891,7.519999980926514,7.559999942779541,5927000
2024-12-02,7.619999885559082,7.650000095367432,7.590000152587891,7.630000114440918,9419000
2024-12-03,7.630000114440918,7.659999847412109,7.619999885559082,7.630000114440918,8519000
2024-12-04,7.429999828338623,7.449999809265137,7.420000076293945,7.449999809265137,23661000
2024-12-05,7.570000171661377,7.570000171661377,7.53000020980835,7.53000020980835,17203000
2024-12-06,7.599999904632568,7.630000114440918,7.579999923706055,7.579999923706055,10138000
2024-12-09,7.670000076293945,7.739999771118164,7.659999847412109,7.739999771118164,14351000
2024-12-10,7.639999866485596,7.639999866485596,7.590000152587891,7.610000133514404,7645000
2024-12-11,7.539999961853027,7.570000171661377,7.519999980926514,7.559999942779541,10975000
2024-12-12,7.400000095367432,7.420000076293945,7.389999866485596,7.400000095367432,36996000
2024-12-13,7.440000057220459,7.440000057220459,7.420000076293945,7.440000057220459,11386000
2024-12-16,7.360000133514404,7.360000133514404,7.329999923706055,7.329999923706055,38318000
2024-12-17,7.369999885559082,7.380000114440918,7.349999904632568,7.369999885559082,12063100
2024-12-18,7.420000076293945,7.429999828338623,7.389999866485596,7.420000076293945,8787000
2024-12-19,7.440000057220459,7.440000057220459,7.409999847412109,7.429999828338623,7493000
2024-12-20,7.489999771118164,7.5,7.46999979019165,7.480000019073486,12494000
2024-12-23,7.400000095367432,7.420000076293945,7.389999866485596,7.420000076293945,10854000
2024-12-24,7.429999828338623,7.449999809265137,7.420000076293945,7.429999828338623,5885000
2024-12-25,7.389999866485596,7.409999847412109,7.389999866485596,7.400000095367432,2790309
2024-12-26,7.380000114440918,7.380000114440918,7.349999904632568,7.360000133514404,9107000
2024-12-27,7.409999847412109,7.440000057220459,7.409999847412109,7.429999828338623,5119058
2024-12-30,7.340000152587891,7.360000133514404,7.320000171661377,7.349999904632568,21429000
2024-12-31,7.25,7.28000020980835,7.230000019073486,7.28000020980835,28884000
2025-01-02,7.210000038146973,7.21999979019165,7.170000076293945,7.21999979019165,25195000
2025-01-03,7.099999904632568,7.099999904632568,7.059999942779541,7.099999904632568,63655000
2025-01-06,7.050000190734863,7.050000190734863,6.980000019073486,7.019999980926514,57264500
2025-01-07,7.050000190734863,7.070000171661377,7.039999961853027,7.070000171661377,29334150
2025-01-08,6.940000057220459,6.949999809265137,6.920000076293945,6.949999809265137,42156569
2025-01-09,7.079999923706055,7.099999904632568,7.059999942779541,7.059999942779541,21722665
2025-01-10,6.980000019073486,7.0,6.960000038146973,6.96999979019165,18247200
2025-01-13,6.639999866485596,6.71999979019165,6.619999885559082,6.71999979019165,92638552
2025-01-14,6.630000114440918,6.630000114440918,6.599999904632568,6.619999885559082,37381350
2025-01-15,6.659999847412109,6.679999828338623,6.630000114440918,6.639999866485596,15975408
2025-01-16,6.460000038146973,6.46999979019165,6.429999828338623,6.440000057220459,57091466
2025-01-17,6.480000019073486,6.510000228881836,6.46999979019165,6.510000228881836,17832000
2025-01-20,6.570000171661377,6.579999923706055,6.53000020980835,6.53000020980835,16013863
2025-01-21,6.619999885559082,6.670000076293945,6.579999923706055,6.659999847412109,20018000
2025-01-22,6.699999809265137,6.699999809265137,6.670000076293945,6.670000076293945,21105100
2025-02-03,6.849999904632568,6.889999866485596,6.800000190734863,6.800000190734863,41664100
2025-02-04,7.019999980926514,7.050000190734863,6.980000019073486,7.0,43495300
2025-02-05,6.980000019073486,7.0,6.929999828338623,6.960000038146973,14278000
2025-02-06,7.090000152587891,7.110000133514404,7.079999923706055,7.099999904632568,30845863
2025-02-07,7.110000133514404,7.159999847412109,7.110000133514404,7.150000095367432,31358600
2025-02-10,7.070000171661377,7.090000152587891,7.059999942779541,7.079999923706055,18238125
2025-02-11,6.960000038146973,6.989999771118164,6.960000038146973,6.980000019073486,20890196
2025-02-12,6.929999828338623,6.929999828338623,6.909999847412109,6.909999847412109,7998640
2025-02-13,7.119999885559082,7.130000114440918,7.070000171661377,7.070000171661377,33808000
2025-02-14,7.050000190734863,7.070000171661377,7.039999961853027,7.070000171661377,8417000
2025-02-17,7.079999923706055,7.139999866485596,7.079999923706055,7.130000114440918,16136850
2025-02-18,7.050000190734863,7.079999923706055,7.03000020980835,7.070000171661377,6749000
2025-02-19,7.0,7.019999980926514,6.980000019073486,7.019999980926514,9990000
2025-02-20,7.010000228881836,7.019999980926514,6.96999979019165,6.989999771118164,7767000
2025-02-21,6.960000038146973,6.960000038146973,6.920000076293945,6.940000057220459,10805331
2025-02-24,7.150000095367432,7.159999847412109,7.119999885559082,7.130000114440918,39932990
2025-02-25,7.059999942779541,7.099999904632568,7.050000190734863,7.090000152587891,5397000
2025-02-26,7.25,7.269999980926514,7.239999771118164,7.260000228881836,59867550
2025-02-27,7.289999961853027,7.300000190734863,7.28000020980835,7.300000190734863,33105250
2025-03-03,7.170000076293945,7.179999828338623,7.110000133514404,7.150000095367432,7734000
2025-03-04,7.369999885559082,7.380000114440918,7.349999904632568,7.349999904632568,41357000
2025-03-05,7.400000095367432,7.429999828338623,7.380000114440918,7.380000114440918,20953050
2025-03-06,7.510000228881836,7.539999961853027,7.489999771118164,7.539999961853027,39259200
2025-03-07,7.539999961853027,7.579999923706055,7.53000020980835,7.570000171661377,20568223
2025-03-10,7.53000020980835,7.539999961853027,7.489999771118164,7.5,15234000
2025-03-11,7.599999904632568,7.679999828338623,7.590000152587891,7.639999866485596,15395200
2025-03-12,7.510000228881836,7.539999961853027,7.5,7.53000020980835,9680600
2025-03-13,7.429999828338623,7.429999828338623,7.389999866485596,7.420000076293945,9488000
2025-03-14,7.46999979019165,7.510000228881836,7.46999979019165,7.489999771118164,7190070
2025-03-17,7.389999866485596,7.420000076293945,7.320000171661377,7.360000133514404,9282000
2025-03-18,7.389999866485596,7.420000076293945,7.380000114440918,7.409999847412109,2844000
2025-03-19,7.489999771118164,7.5,7.480000019073486,7.480000019073486,13033613
2025-03-20,7.429999828338623,7.440000057220459,7.409999847412109,7.440000057220459,7022000
2025-03-21,7.320000171661377,7.320000171661377,7.28000020980835,7.300000190734863,15950000
2025-03-24,7.329999923706055,7.340000152587891,7.300000190734863,7.309999942779541,4435000
2025-03-25,7.230000019073486,7.239999771118164,7.210000038146973,7.21999979019165,13088000
2025-03-26,7.21999979019165,7.230000019073486,7.199999809265137,7.21999979019165,7455000
2025-03-27,7.170000076293945,7.170000076293945,7.150000095367432,7.159999847412109,11666000
2025-03-28,7.179999828338623,7.179999828338623,7.130000114440918,7.150000095367432,10387500
2025-03-31,7.239999771118164,7.25,7.21999979019165,7.239999771118164,16120829
2025-04-01,6.989999771118164,7.019999980926514,6.96999979019165,7.010000228881836,46763088
2025-04-02,7.03000020980835,7.03000020980835,7.0,7.0,10143000
2025-04-07,8.020000457763672,8.079999923706055,7.889999866485596,7.889999866485596,117154800
2025-04-08,7.880000114440918,7.949999809265137,7.860000133514404,7.860000133514404,44550000
2025-04-09,8.479999542236328,8.520000457763672,8.380000114440918,8.430000305175781,81678008
2025-04-10,7.849999904632568,7.880000114440918,7.769999980926514,7.769999980926514,31797000
2025-04-11,8.010000228881836,8.109999656677246,8.0,8.050000190734863,18887210
2025-04-14,7.869999885559082,7.880000114440918,7.829999923706055,7.849999904632568,16308031
2025-04-15,7.789999961853027,7.820000171661377,7.78000020980835,7.789999961853027,8529000
2025-04-16,7.909999847412109,7.909999847412109,7.829999923706055,7.849999904632568,6756000
2025-04-17,7.630000114440918,7.699999809265137,7.619999885559082,7.699999809265137,19216000
2025-04-18,7.559999942779541,7.579999923706055,7.449999809265137,7.5,6840000
2025-04-21,7.590000152587891,7.619999885559082,7.570000171661377,7.579999923706055,6239000
2025-04-22,7.599999904632568,7.610000133514404,7.550000190734863,7.590000152587891,6535000
2025-04-23,7.429999828338623,7.480000019073486,7.429999828338623,7.440000057220459,17737401
2025-04-24,7.650000095367432,7.670000076293945,7.619999885559082,7.639999866485596,13849000
2025-04-25,7.570000171661377,7.599999904632568,7.539999961853027,7.590000152587891,6784050
2025-04-28,7.550000190734863,7.590000152587891,7.53000020980835,7.550000190734863,4978000
2025-04-29,7.739999771118164,7.75,7.670000076293945,7.679999828338623,16714145
2025-04-30,7.949999809265137,7.949999809265137,7.849999904632568,7.880000114440918,24048023
2025-05-02,7.909999847412109,8.0,7.869999885559082,8.0,20220010
2025-05-05,8.25,8.34000015258789,8.239999771118164,8.329999923706055,29559100
2025-05-06,8.029999732971191,8.069999694824219,8.010000228881836,8.069999694824219,18098000
2025-05-07,7.809999942779541,7.849999904632568,7.789999961853027,7.800000190734863,9340000
2025-05-08,7.960000038146973,8.010000228881836,7.940000057220459,8.010000228881836,7356317
2025-05-09,7.730000019073486,7.769999980926514,7.710000038146973,7.75,9971000
2025-05-12,7.590000152587891,7.639999866485596,7.579999923706055,7.639999866485596,9738054
2025-05-13,7.539999961853027,7.570000171661377,7.53000020980835,7.559999942779541,13670833
2025-05-14,7.369999885559082,7.380000114440918,7.349999904632568,7.360000133514404,30427100
2025-05-15,7.570000171661377,7.579999923706055,7.480000019073486,7.489999771118164,26197300
2025-05-16,7.519999980926514,7.559999942779541,7.460000038146973,7.550000190734863,13382057
2025-05-19,7.5,7.5,7.440000057220459,7.449999809265137,10148000
2025-05-20,7.449999809265137,7.460000038146973,7.420000076293945,7.420000076293945,12533000
2025-05-21,7.320000171661377,7.360000133514404,7.300000190734863,7.349999904632568,30829000
2025-05-22,7.449999809265137,7.519999980926514,7.449999809265137,7.510000228881836,20316015
2025-05-23,7.550000190734863,7.570000171661377,7.53000020980835,7.539999961853027,18459100
2025-05-26,7.460000038146973,7.480000019073486,7.429999828338623,7.440000057220459,7766000
2025-05-27,7.5,7.510000228881836,7.440000057220459,7.46999979019165,7769000
2025-05-28,7.510000228881836,7.519999980926514,7.46999979019165,7.46999979019165,6156000
2025-05-29,7.329999923706055,7.369999885559082,7.320000171661377,7.349999904632568,26511957
2025-06-02,7.360000133514404,7.389999866485596,7.329999923706055,7.389999866485596,11787000
2025-06-03,7.340000152587891,7.340000152587891,7.260000228881836,7.289999961853027,9788133
2025-06-04,7.300000190734863,7.300000190734863,7.260000228881836,7.269999980926514,11374300
2025-06-05,7.340000152587891,7.349999904632568,7.309999942779541,7.329999923706055,8880000
2025-06-06,7.289999961853027,7.289999961853027,7.260000228881836,7.269999980926514,8792480
2025-06-09,7.130000114440918,7.139999866485596,7.119999885559082,7.130000114440918,40476000
2025-06-10,7.050000190734863,7.050000190734863,7.010000228881836,7.039999961853027,44109180
2025-06-11,7.079999923706055,7.099999904632568,7.070000171661377,7.090000152587891,17325000
2025-06-12,6.809999942779541,6.820000171661377,6.739999771118164,6.760000228881836,100789500
2025-06-13,6.28000020980835,6.380000114440918,6.190000057220459,6.360000133514404,182970392
2025-06-16,6.25,6.28000020980835,6.210000038146973,6.230000019073486,101994777
2025-06-17,6.329999923706055,6.369999885559082,6.260000228881836,6.329999923706055,61218100
2025-06-18,6.230000019073486,6.239999771118164,6.119999885559082,6.119999885559082,56778902
2025-06-19,6.150000095367432,6.21999979019165,6.150000095367432,6.210000038146973,25525285
2025-06-20,6.110000133514404,6.159999847412109,6.090000152587891,6.099999904632568,28258653
2025-06-23,6.03000020980835,6.03000020980835,5.940000057220459,5.96999979019165,42163500
2025-06-24,6.630000114440918,6.650000095367432,6.559999942779541,6.610000133514404,155564420
2025-06-25,6.699999809265137,6.730000019073486,6.690000057220459,6.71999979019165,44112350
2025-06-26,6.690000057220459,6.71999979019165,6.679999828338623,6.71999979019165,22267329
2025-06-27,6.630000114440918,6.679999828338623,6.630000114440918,6.679999828338623,18460378
2025-06-30,6.679999828338623,6.75,6.679999828338623,6.739999771118164,15154000
2025-07-01,6.739999771118164,6.75,6.71999979019165,6.730000019073486,19127125
2025-07-02,6.670000076293945,6.690000057220459,6.659999847412109,6.679999828338623,8803000
2025-07-03,6.519999980926514,6.53000020980835,6.480000019073486,6.5,20683153
2025-07-04,6.5,6.519999980926514,6.480000019073486,6.510000228881836,7401199
2025-07-07,6.570000171661377,6.619999885559082,6.570000171661377,6.610000133514404,19679000
2025-07-08,6.460000038146973,6.480000019073486,6.440000057220459,6.460000038146973,18821000
2025-07-09,6.420000076293945,6.420000076293945,6.389999866485596,6.420000076293945,15055000
2025-07-10,6.400000095367432,6.420000076293945,6.380000114440918,6.420000076293945,9792200
2025-07-11,6.519999980926514,6.539999961853027,6.5,6.539999961853027,15438000
2025-07-14,6.389999866485596,6.389999866485596,6.369999885559082,6.380000114440918,17531000
2025-07-15,6.510000228881836,6.539999961853027,6.510000228881836,6.510000228881836,21496000
2025-07-16,6.510000228881836,6.53000020980835,6.5,6.510000228881836,12127000
2025-07-17,6.539999961853027,6.550000190734863,6.519999980926514,6.519999980926514,11564000
2025-07-18,6.440000057220459,6.480000019073486,6.429999828338623,6.440000057220459,14575100
2025-07-21,6.46999979019165,6.480000019073486,6.460000038146973,6.46999979019165,4175000
2025-07-22,6.539999961853027,6.559999942779541,6.5,6.510000228881836,14887000
2025-07-23,6.519999980926514,6.539999961853027,6.510000228881836,6.53000020980835,5230000
2025-07-24,6.519999980926514,6.539999961853027,6.510000228881836,6.519999980926514,6207000
2025-07-25,6.460000038146973,6.480000019073486,6.440000057220459,6.46999979019165,7354100
2025-07-28,6.519999980926514,6.550000190734863,6.519999980926514,6.539999961853027,14913000
2025-07-29,6.449999809265137,6.449999809265137,6.420000076293945,6.420000076293945,14932000
2025-07-30,6.210000038146973,6.21999979019165,6.190000057220459,6.210000038146973,58560000
2025-07-31,6.159999847412109,6.159999847412109,6.119999885559082,6.130000114440918,33965595
2025-08-01,6.199999809265137,6.21999979019165,6.179999828338623,6.190000057220459,13649000
2025-08-04,6.349999904632568,6.389999866485596,6.349999904632568,6.360000133514404,38261000
2025-08-05,6.46999979019165,6.480000019073486,6.429999828338623,6.449999809265137,36307000
2025-08-06,6.519999980926514,6.550000190734863,6.510000228881836,6.539999961853027,28867000
2025-08-07,6.579999923706055,6.599999904632568,6.559999942779541,6.599999904632568,23725000
2025-08-08,6.699999809265137,6.710000038146973,6.670000076293945,6.679999828338623,49731700
2025-08-11,6.730000019073486,6.760000228881836,6.71999979019165,6.739999771118164,12312180
2025-08-12,6.650000095367432,6.690000057220459,6.650000095367432,6.670000076293945,7417220
2025-08-13,6.75,6.78000020980835,6.75,6.760000228881836,11579000
2025-08-14,6.78000020980835,6.800000190734863,6.78000020980835,6.789999961853027,7188000
2025-08-15,6.730000019073486,6.730000019073486,6.690000057220459,6.730000019073486,5732000
2025-08-18,6.800000190734863,6.840000152587891,6.789999961853027,6.820000171661377,9501000
2025-08-19,6.78000020980835,6.800000190734863,6.75,6.760000228881836,5618000
2025-08-20,6.820000171661377,6.840000152587891,6.800000190734863,6.800000190734863,8663314
2025-08-21,6.730000019073486,6.75,6.710000038146973,6.75,8540882
2025-08-22,6.690000057220459,6.710000038146973,6.679999828338623,6.690000057220459,3210000
2025-08-25,6.659999847412109,6.679999828338623,6.639999866485596,6.659999847412109,4848000
2025-08-26,6.590000152587891,6.590000152587891,6.579999923706055,6.590000152587891,7192000
2025-08-27,6.710000038146973,6.71999979019165,6.690000057220459,6.690000057220459,6623000
2025-08-28,6.679999828338623,6.690000057220459,6.650000095367432,6.659999847412109,3744000
2025-08-29,6.619999885559082,6.630000114440918,6.599999904632568,6.610000133514404,5696000
2025-09-01,6.659999847412109,6.670000076293945,6.639999866485596,6.650000095367432,3108999
2025-09-02,6.559999942779541,6.559999942779541,6.539999961853027,6.559999942779541,10701000
2025-09-03,6.510000228881836,6.510000228881836,6.480000019073486,6.489999771118164,19303000
2025-09-04,6.690000057220459,6.690000057220459,6.650000095367432,6.650000095367432,20216000
2025-09-05,6.690000057220459,6.71999979019165,6.679999828338623,6.699999809265137,7231000
2025-09-08,6.75,6.809999942779541,6.739999771118164,6.800000190734863,18593000
2025-09-09,6.730000019073486,6.769999980926514,6.730000019073486,6.760000228881836,7530000
2025-09-10,6.659999847412109,6.710000038146973,6.659999847412109,6.710000038146973,4122000
2025-09-11,6.659999847412109,6.659999847412109,6.619999885559082,6.630000114440918,3843000
2025-09-12,6.800000190734863,6.809999942779541,6.78000020980835,6.78000020980835,20543000
2025-09-15,6.690000057220459,6.699999809265137,6.670000076293945,6.699999809265137,5147000
2025-09-16,6.650000095367432,6.650000095367432,6.630000114440918,6.650000095367432,7093000
2025-09-17,6.559999942779541,6.559999942779541,6.53000020980835,6.539999961853027,18900001
2025-09-18,6.619999885559082,6.630000114440918,6.590000152587891,6.599999904632568,7965000
2025-09-19,6.650000095367432,6.650000095367432,6.619999885559082,6.630000114440918,9813000
2025-09-22,6.659999847412109,6.699999809265137,6.659999847412109,6.690000057220459,11309000
2025-09-23,6.75,6.769999980926514,6.71999979019165,6.71999979019165,16056000
2025-09-24,6.619999885559082,6.619999885559082,6.579999923706055,6.590000152587891,10476000
2025-09-25,6.510000228881836,6.510000228881836,6.480000019073486,6.480000019073486,49946000
2025-09-26,6.449999809265137,6.460000038146973,6.440000057220459,6.449999809265137,46836200
2025-09-30,6.630000114440918,6.650000095367432,6.619999885559082,6.630000114440918,50466000
2025-10-01,6.679999828338623,6.71999979019165,6.670000076293945,6.710000038146973,41478009
2025-10-02,6.710000038146973,6.75,6.710000038146973,6.739999771118164,29512189
2025-10-03,6.849999904632568,6.889999866485596,6.849999904632568,6.880000114440918,31223000
2025-10-07,6.75,6.78000020980835,6.739999771118164,6.78000020980835,7071000
2025-10-08,6.710000038146973,6.730000019073486,6.710000038146973,6.71999979019165,2511031
2025-10-09,6.71999979019165,6.760000228881836,6.710000038146973,6.739999771118164,3125700
2025-10-13,27.920000076293945,28.040000915527344,27.84000015258789,27.920000076293945,10260750
2025-10-14,28.079999923706055,28.1200008392334,27.8799991607666,27.8799991607666,6379512
2025-10-15,7.019999980926514,7.019999980926514,7.019999980926514,7.019999980926514,0
2025-10-16,7.019999980926514,7.019999980926514,7.019999980926514,7.019999980926514,0
2025-10-17,7.019999980926514,7.019999980926514,7.019999980926514,7.019999980926514,0
2025-10-20,28.079999923706055,28.079999923706055,28.079999923706055,28.079999923706055,0
2025-10-21,28.079999923706055,28.079999923706055,28.079999923706055,28.079999923706055,0
2025-10-22,28.440000534057617,28.920000076293945,28.40999984741211,28.8799991607666,6722000
2025-10-23,27.229999542236328,27.739999771118164,27.209999084472656,27.65999984741211,2597750
2025-10-27,26.780000686645508,26.90999984741211,26.780000686645508,26.780000686645508,3540750
2025-10-28,27.0,27.030000686645508,26.93000030517578,26.979999542236328,2574350
2025-10-29,27.459999084472656,27.5,27.34000015258789,27.360000610351562,2056580
2025-10-30,27.43000030517578,27.510000228881836,27.329999923706055,27.34000015258789,1789350
2025-10-31,27.479999542236328,27.479999542236328,27.350000381469727,27.420000076293945,667986
2025-11-03,27.030000686645508,27.049999237060547,26.899999618530273,26.979999542236328,2914051
2025-11-04,27.18000030517578,27.18000030517578,27.1299991607666,27.1299991607666,741950
2025-11-05,27.309999465942383,27.530000686645508,27.299999237060547,27.399999618530273,1805500
2025-11-06,27.59000015258789,27.739999771118164,27.59000015258789,27.670000076293945,3044500
2025-11-07,27.68000030517578,27.729999542236328,27.649999618530273,27.700000762939453,1406500
2025-11-10,27.43000030517578,27.559999465942383,27.43000030517578,27.530000686645508,1161600
2025-11-11,27.579999923706055,27.600000381469727,27.520000457763672,27.540000915527344,479300
2025-11-12,27.200000762939453,27.200000762939453,27.110000610351562,27.149999618530273,2936450
2025-11-13,28.25,28.350000381469727,28.200000762939453,28.260000228881836,5820125
2025-11-14,27.709999084472656,27.8799991607666,27.270000457763672,27.860000610351562,3848108
2025-11-17,27.81999969482422,27.81999969482422,27.700000762939453,27.709999084472656,4019102
2025-11-18,27.780000686645508,27.799999237060547,27.670000076293945,27.700000762939453,1359100
2025-11-19,27.350000381469727,27.399999618530273,27.280000686645508,27.290000915527344,6544482
2025-11-20,27.729999542236328,27.770000457763672,27.690000534057617,27.700000762939453,5983500
2025-11-21,28.299999237060547,28.420000076293945,28.139999389648438,28.149999618530273,6429500
2025-11-24,28.43000030517578,28.5,28.420000076293945,28.469999313354492,2000060
2025-11-25,28.219999313354492,28.239999771118164,28.100000381469727,28.1299991607666,875718
2025-11-26,28.389999389648438,28.450000762939453,28.350000381469727,28.440000534057617,947600
2025-11-27,28.299999237060547,28.31999969482422,28.219999313354492,28.229999542236328,725000
2025-11-28,28.0,28.040000915527344,27.940000534057617,28.0,2320000
2025-12-01,27.709999084472656,27.959999084472656,27.709999084472656,27.90999984741211,3546300
2025-12-02,27.84000015258789,27.850000381469727,27.75,27.75,814500
2025-12-03,28.09000015258789,28.25,28.079999923706055,28.09000015258789,3959000
2025-12-04,27.84000015258789,27.920000076293945,27.84000015258789,27.920000076293945,2149100
2025-12-05,27.75,27.770000457763672,27.670000076293945,27.690000534057617,2211512
2025-12-08,27.440000534057617,27.520000457763672,27.389999389648438,27.520000457763672,6870230
2025-12-09,28.010000228881836,28.020000457763672,27.93000030517578,27.93000030517578,8321750
2025-12-10,28.170000076293945,28.190000534057617,28.1299991607666,28.170000076293945,3286500
2025-12-11,28.170000076293945,28.170000076293945,27.93000030517578,28.0,1273105
2025-12-12,28.299999237060547,28.389999389648438,28.260000228881836,28.3700008392334,2724000
2025-12-15,28.5,28.549999237060547,28.469999313354492,28.520000457763672,2701915
2025-12-16,29.190000534057617,29.190000534057617,29.040000915527344,29.049999237060547,5758800
2025-12-17,29.3799991607666,29.56999969482422,29.350000381469727,29.549999237060547,2706622
2025-12-18,29.190000534057617,29.360000610351562,28.920000076293945,28.950000762939453,1832900
2025-12-19,29.389999389648438,29.440000534057617,29.329999923706055,29.350000381469727,756550
2025-12-22,28.81999969482422,28.8700008392334,28.780000686645508,28.850000381469727,1385250
2025-12-23,28.420000076293945,28.43000030517578,28.31999969482422,28.389999389648438,2998100
2025-12-24,28.100000381469727,28.190000534057617,28.079999923706055,28.110000610351562,7595625
2025-12-26,28.139999389648438,28.170000076293945,28.040000915527344,28.09000015258789,2440400
2025-12-29,28.59000015258789,28.700000762939453,28.559999465942383,28.649999618530273,7730250
2025-12-30,28.25,28.43000030517578,28.219999313354492,28.40999984741211,4305001
2025-12-31,28.280000686645508,28.3700008392334,28.15999984741211,28.280000686645508,1268000
2026-01-02,28.3700008392334,28.5,28.3700008392334,28.489999771118164,3138000
2026-01-05,28.68000030517578,28.709999084472656,28.3799991607666,28.43000030517578,2839750
2026-01-06,28.239999771118164,28.309999465942383,28.200000762939453,28.209999084472656,6325000
2026-01-07,29.100000381469727,29.100000381469727,28.889999389648438,28.979999542236328,8503260
2026-01-08,29.079999923706055,29.139999389648438,28.989999771118164,29.020000457763672,1862700
2026-01-09,28.200000762939453,28.260000228881836,28.15999984741211,28.25,16737979
2026-01-12,27.65999984741211,27.899999618530273,27.579999923706055,27.600000381469727,16849751
2026-01-13,27.40999984741211,27.510000228881836,27.309999465942383,27.40999984741211,10203948
2026-01-14,26.8799991607666,26.920000076293945,26.829999923706055,26.899999618530273,19570500
2026-01-15,27.190000534057617,27.239999771118164,26.90999984741211,26.90999984741211,10744750
2026-01-16,27.530000686645508,27.559999465942383,27.420000076293945,27.469999313354492,9921501
2026-01-19,27.3700008392334,27.479999542236328,27.270000457763672,27.43000030517578,4054101
2026-01-20,27.399999618530273,27.40999984741211,27.309999465942383,27.34000015258789,2621999
2026-01-21,27.190000534057617,27.290000915527344,27.149999618530273,27.270000457763672,4610250
2026-01-22,26.829999923706055,26.8700008392334,26.770000457763672,26.8700008392334,14903250
2026-01-23,27.15999984741211,27.25,27.09000015258789,27.209999084472656,6514000
2026-01-26,26.600000381469727,26.6299991607666,26.5,26.579999923706055,15350098
2026-01-27,26.899999618530273,26.920000076293945,26.729999542236328,26.75,7326300
2026-01-28,25.899999618530273,26.020000457763672,25.84000015258789,26.0,29533978
2026-01-29,25.280000686645508,25.579999923706055,25.190000534057617,25.579999923706055,20634500
2026-01-30,25.229999542236328,25.440000534057617,24.719999313354492,24.799999237060547,18955000
2026-02-02,26.1299991607666,26.1299991607666,25.600000381469727,25.600000381469727,17728150
2026-02-03,26.1299991607666,26.239999771118164,25.899999618530273,26.010000228881836,9429000
2026-02-04,25.3700008392334,25.450000762939453,25.239999771118164,25.43000030517578,15344000
2026-02-05,25.389999389648438,25.459999084472656,25.09000015258789,25.229999542236328,6723500
2026-02-06,25.31999969482422,25.75,25.299999237060547,25.670000076293945,8724275
2026-02-09,25.610000610351562,25.649999618530273,25.5,25.540000915527344,5169290
2026-02-10,25.190000534057617,25.270000457763672,25.110000610351562,25.190000534057617,10203335
2026-02-11,25.09000015258789,25.149999618530273,25.0,25.1200008392334,5549500
2026-02-23,24.540000915527344,25.0,24.440000534057617,24.84000015258789,15400000
2026-02-24,24.110000610351562,24.329999923706055,24.030000686645508,24.280000686645508,13483500
2026-02-25,24.31999969482422,24.350000381469727,24.15999984741211,24.280000686645508,7359000
2026-02-26,24.459999084472656,24.540000915527344,24.420000076293945,24.43000030517578,3723000
2026-03-02,22.579999923706055,23.170000076293945,22.25,22.25,40626041
2026-03-03,22.06999969482422,22.420000076293945,22.049999237060547,22.389999389648438,16609094
2026-03-04,21.149999618530273,21.59000015258789,21.149999618530273,21.5,24622350
2026-03-05,21.020000457763672,21.209999084472656,20.979999542236328,21.209999084472656,16445256
2026-03-06,20.299999237060547,20.770000457763672,20.299999237060547,20.610000610351562,15094497
2026-03-09,14.779999732971191,15.40999984741211,13.420000076293945,13.850000381469727,92720250
2026-03-10,18.6299991607666,18.920000076293945,17.850000381469727,17.850000381469727,52897946
2026-03-11,19.899999618530273,19.90999984741211,19.149999618530273,19.719999313354492,23946895
2026-03-12,19.0,19.100000381469727,17.850000381469727,17.850000381469727,28981650
2026-03-13,19.040000915527344,19.280000686645508,18.260000228881836,18.260000228881836,20100950
2026-03-16,18.790000915527344,19.100000381469727,18.75,18.860000610351562,14799156
2026-03-17,18.959999084472656,19.049999237060547,18.940000534057617,19.030000686645508,7643260
2026-03-18,19.3700008392334,19.3700008392334,19.0,19.0,8865484
