Price,Close,High,Low,Open,Volume
Ticker,00678.TW,00678.TW,00678.TW,00678.TW,00678.TW
Date,,,,,
2021-03-18,28.65999984741211,28.739999771118164,28.600000381469727,28.610000610351562,338000
2021-03-19,28.139999389648438,28.209999084472656,27.8799991607666,27.8799991607666,396001
2021-03-22,28.690000534057617,28.700000762939453,28.520000457763672,28.520000457763672,234069
2021-03-23,28.84000015258789,28.899999618530273,28.829999923706055,28.84000015258789,635208
2021-03-24,27.940000534057617,28.149999618530273,27.90999984741211,28.149999618530273,363015
2021-03-25,27.329999923706055,27.3700008392334,27.149999618530273,27.3700008392334,122823
2021-03-26,27.68000030517578,27.700000762939453,27.549999237060547,27.579999923706055,628000
2021-03-29,27.34000015258789,27.520000457763672,27.309999465942383,27.520000457763672,394200
2021-03-30,27.149999618530273,27.34000015258789,27.149999618530273,27.34000015258789,347405
2021-03-31,27.0,27.170000076293945,27.0,27.149999618530273,610019
2021-04-01,27.75,27.75,27.610000610351562,27.610000610351562,619000
2021-04-07,27.8700008392334,28.020000457763672,27.829999923706055,28.020000457763672,306128
2021-04-08,27.530000686645508,27.530000686645508,27.350000381469727,27.5,866000
2021-04-09,27.3700008392334,27.56999969482422,27.360000610351562,27.559999465942383,259000
2021-04-12,27.239999771118164,27.34000015258789,27.219999313354492,27.329999923706055,308219
2021-04-13,26.899999618530273,27.110000610351562,26.899999618530273,27.110000610351562,925000
2021-04-14,27.350000381469727,27.350000381469727,27.15999984741211,27.200000762939453,597000
2021-04-15,27.709999084472656,27.719999313354492,27.6299991607666,27.700000762939453,364023
2021-04-16,27.899999618530273,28.040000915527344,27.8700008392334,28.040000915527344,652309
2021-04-19,27.81999969482422,27.81999969482422,27.780000686645508,27.799999237060547,412455
2021-04-20,27.530000686645508,27.780000686645508,27.510000228881836,27.780000686645508,452247
2021-04-21,27.3799991607666,27.420000076293945,27.34000015258789,27.420000076293945,443000
2021-04-22,27.8799991607666,27.899999618530273,27.700000762939453,27.780000686645508,604001
2021-04-23,28.0,28.0,27.81999969482422,27.81999969482422,648200
2021-04-26,27.969999313354492,28.09000015258789,27.920000076293945,28.09000015258789,93236
2021-04-27,28.309999465942383,28.350000381469727,28.25,28.25,408247
2021-04-28,28.229999542236328,28.25,28.190000534057617,28.25,341000
2021-04-29,28.18000030517578,28.209999084472656,28.170000076293945,28.170000076293945,339000
2021-05-03,28.059999465942383,28.100000381469727,28.040000915527344,28.100000381469727,330000
2021-05-04,27.81999969482422,28.0,27.75,28.0,400000
2021-05-05,27.09000015258789,27.239999771118164,26.989999771118164,27.239999771118164,380000
2021-05-06,26.93000030517578,27.049999237060547,26.799999237060547,27.0,422000
2021-05-07,26.899999618530273,27.0,26.809999465942383,26.93000030517578,381000
2021-05-10,26.81999969482422,26.920000076293945,26.799999237060547,26.899999618530273,358000
2021-05-11,26.260000228881836,26.489999771118164,26.260000228881836,26.399999618530273,110559
2021-05-12,26.549999237060547,26.610000610351562,26.31999969482422,26.5,659000
2021-05-13,26.280000686645508,26.40999984741211,26.1299991607666,26.40999984741211,447200
2021-05-14,26.389999389648438,26.389999389648438,26.329999923706055,26.389999389648438,329037
2021-05-17,26.920000076293945,26.989999771118164,26.389999389648438,26.389999389648438,392100
2021-05-18,26.860000610351562,26.920000076293945,26.790000915527344,26.899999618530273,382000
2021-05-19,26.84000015258789,27.0,26.84000015258789,26.989999771118164,319000
2021-05-20,26.770000457763672,26.809999465942383,26.719999313354492,26.719999313354492,40000
2021-05-21,27.31999969482422,27.530000686645508,27.290000915527344,27.530000686645508,567024
2021-05-24,27.18000030517578,27.31999969482422,27.1299991607666,27.31999969482422,330000
2021-05-25,27.040000915527344,27.18000030517578,27.0,27.18000030517578,430150
2021-05-26,26.829999923706055,26.860000610351562,26.790000915527344,26.81999969482422,363000
2021-05-27,26.860000610351562,26.899999618530273,26.829999923706055,26.8700008392334,391000
2021-05-28,27.0,27.059999465942383,26.940000534057617,26.969999313354492,448000
2021-05-31,26.979999542236328,27.030000686645508,26.93000030517578,27.030000686645508,329000
2021-06-01,26.940000534057617,26.969999313354492,26.860000610351562,26.969999313354492,50000
2021-06-02,26.84000015258789,26.84000015258789,26.790000915527344,26.809999465942383,310000
2021-06-03,26.940000534057617,27.0,26.90999984741211,27.0,332100
2021-06-04,26.8799991607666,26.940000534057617,26.8700008392334,26.8700008392334,325000
2021-06-07,27.239999771118164,27.239999771118164,27.139999389648438,27.200000762939453,342000
2021-06-08,28.190000534057617,28.239999771118164,28.0,28.0,586637
2021-06-09,28.200000762939453,28.200000762939453,28.059999465942383,28.139999389648438,354450
2021-06-10,28.530000686645508,28.579999923706055,28.459999084472656,28.459999084472656,658105
2021-06-11,28.770000457763672,28.899999618530273,28.770000457763672,28.899999618530273,460104
2021-06-15,28.56999969482422,28.65999984741211,28.530000686645508,28.65999984741211,409070
2021-06-16,28.170000076293945,28.200000762939453,28.059999465942383,28.059999465942383,352000
2021-06-17,28.15999984741211,28.15999984741211,28.040000915527344,28.049999237060547,384450
2021-06-18,28.389999389648438,28.399999618530273,28.15999984741211,28.15999984741211,150002
2021-06-21,28.280000686645508,28.299999237060547,28.239999771118164,28.25,338086
2021-06-22,28.670000076293945,28.670000076293945,28.399999618530273,28.399999618530273,823000
2021-06-23,28.770000457763672,28.850000381469727,28.670000076293945,28.670000076293945,695280
2021-06-24,28.719999313354492,28.739999771118164,28.700000762939453,28.700000762939453,327000
2021-06-25,28.959999084472656,29.0,28.8799991607666,28.8799991607666,87069
2021-06-28,29.149999618530273,29.15999984741211,29.1299991607666,29.1299991607666,352000
2021-06-29,29.18000030517578,29.200000762939453,29.139999389648438,29.18000030517578,362100
2021-06-30,29.239999771118164,29.25,29.200000762939453,29.200000762939453,333000
2021-07-01,29.350000381469727,29.360000610351562,29.260000228881836,29.260000228881836,381000
2021-07-02,29.700000762939453,29.75,29.5,29.5,393046
2021-07-05,29.479999542236328,29.68000030517578,29.479999542236328,29.68000030517578,381069
2021-07-06,29.489999771118164,29.510000228881836,29.450000762939453,29.479999542236328,66201
2021-07-07,29.139999389648438,29.149999618530273,29.079999923706055,29.079999923706055,326083
2021-07-08,28.81999969482422,28.81999969482422,28.770000457763672,28.799999237060547,340021
2021-07-09,28.989999771118164,28.989999771118164,28.90999984741211,28.90999984741211,335000
2021-07-12,29.190000534057617,29.239999771118164,29.170000076293945,29.18000030517578,326117
2021-07-13,29.049999237060547,29.15999984741211,29.049999237060547,29.15999984741211,342021
2021-07-14,28.75,28.84000015258789,28.729999542236328,28.729999542236328,12102
2021-07-15,28.389999389648438,28.700000762939453,28.360000610351562,28.700000762939453,663251
2021-07-16,28.540000915527344,28.56999969482422,28.389999389648438,28.389999389648438,402125
2021-07-19,28.700000762939453,28.700000762939453,28.639999389648438,28.639999389648438,338140
2021-07-20,29.110000610351562,29.1200008392334,29.020000457763672,29.020000457763672,396117
2021-07-21,29.280000686645508,29.399999618530273,29.260000228881836,29.290000915527344,341000
2021-07-22,29.5,29.549999237060547,29.469999313354492,29.510000228881836,364559
2021-07-23,29.479999542236328,29.540000915527344,29.420000076293945,29.540000915527344,91348
2021-07-26,29.6299991607666,29.75,29.59000015258789,29.59000015258789,51000
2021-07-27,29.020000457763672,29.18000030517578,29.020000457763672,29.18000030517578,986400
2021-07-28,28.81999969482422,29.059999465942383,28.799999237060547,29.049999237060547,920001
2021-07-29,29.489999771118164,29.540000915527344,29.40999984741211,29.40999984741211,928000
2021-07-30,29.25,29.450000762939453,29.25,29.450000762939453,410000
2021-08-02,29.440000534057617,29.440000534057617,29.3799991607666,29.420000076293945,427000
2021-08-03,29.399999618530273,29.6299991607666,29.350000381469727,29.6299991607666,366000
2021-08-04,29.729999542236328,29.829999923706055,29.729999542236328,29.75,476000
2021-08-05,30.229999542236328,30.239999771118164,29.969999313354492,29.979999542236328,742854
2021-08-06,30.719999313354492,30.75,30.510000228881836,30.510000228881836,306322
2021-08-09,30.270000457763672,30.309999465942383,30.25,30.309999465942383,229874
2021-08-10,31.139999389648438,31.15999984741211,30.850000381469727,30.850000381469727,957233
2021-08-11,30.600000381469727,30.639999389648438,30.579999923706055,30.6200008392334,619000
2021-08-12,29.799999237060547,30.100000381469727,29.760000228881836,30.100000381469727,656109
2021-08-13,29.989999771118164,30.030000686645508,29.979999542236328,29.979999542236328,133417
2021-08-16,30.0,30.020000457763672,29.920000076293945,29.920000076293945,366000
2021-08-17,29.5,29.8799991607666,29.5,29.8799991607666,391005
2021-08-18,30.209999084472656,30.219999313354492,30.1299991607666,30.15999984741211,461000
2021-08-19,29.75,29.8700008392334,29.75,29.8700008392334,416129
2021-08-20,29.18000030517578,29.34000015258789,29.149999618530273,29.34000015258789,480150
2021-08-23,29.760000228881836,29.799999237060547,29.690000534057617,29.799999237060547,452000
2021-08-24,30.459999084472656,30.5,30.280000686645508,30.280000686645508,578000
2021-08-25,30.329999923706055,30.389999389648438,30.270000457763672,30.389999389648438,385000
2021-08-26,30.43000030517578,30.450000762939453,30.31999969482422,30.31999969482422,408000
2021-08-27,30.3799991607666,30.399999618530273,30.34000015258789,30.399999618530273,425000
2021-08-30,30.270000457763672,30.3799991607666,30.229999542236328,30.3799991607666,333633
2021-08-31,30.190000534057617,30.290000915527344,30.190000534057617,30.290000915527344,384000
2021-09-01,30.280000686645508,30.299999237060547,30.260000228881836,30.299999237060547,540001
2021-09-02,30.43000030517578,30.489999771118164,30.420000076293945,30.420000076293945,450472
2021-09-03,30.790000915527344,30.809999465942383,30.700000762939453,30.700000762939453,620172
2021-09-06,30.670000076293945,30.739999771118164,30.6200008392334,30.739999771118164,609259
2021-09-07,30.670000076293945,30.700000762939453,30.6299991607666,30.670000076293945,742076
2021-09-08,30.719999313354492,30.719999313354492,30.649999618530273,30.670000076293945,640132
2021-09-09,30.350000381469727,30.530000686645508,30.34000015258789,30.530000686645508,927016
2021-09-10,30.540000915527344,30.559999465942383,30.389999389648438,30.530000686645508,713000
2021-09-13,30.360000610351562,30.540000915527344,30.290000915527344,30.540000915527344,741473
2021-09-14,30.100000381469727,30.299999237060547,30.059999465942383,30.299999237060547,987000
2021-09-15,29.940000534057617,30.100000381469727,29.889999389648438,30.100000381469727,1075000
2021-09-16,30.200000762939453,30.239999771118164,30.15999984741211,30.229999542236328,794000
2021-09-17,30.389999389648438,30.40999984741211,30.229999542236328,30.229999542236328,842032
2021-09-22,30.350000381469727,30.350000381469727,30.229999542236328,30.34000015258789,1137000
2021-09-23,30.280000686645508,30.3799991607666,30.280000686645508,30.3799991607666,873000
2021-09-24,31.010000228881836,31.190000534057617,30.600000381469727,30.600000381469727,1317795
2021-09-27,30.06999969482422,30.170000076293945,30.030000686645508,30.170000076293945,1257088
2021-09-28,29.739999771118164,29.770000457763672,29.579999923706055,29.770000457763672,978000
2021-09-29,29.010000228881836,29.100000381469727,29.0,29.100000381469727,815010
2021-09-30,29.059999465942383,29.110000610351562,28.889999389648438,28.979999542236328,912000
2021-10-01,28.799999237060547,28.950000762939453,28.719999313354492,28.950000762939453,869495
2021-10-04,28.270000457763672,28.510000228881836,28.219999313354492,28.510000228881836,1070200
2021-10-05,27.920000076293945,27.920000076293945,27.670000076293945,27.780000686645508,898000
2021-10-06,27.780000686645508,27.959999084472656,27.75,27.93000030517578,847000
2021-10-07,27.75,27.780000686645508,27.65999984741211,27.700000762939453,600682
2021-10-08,27.93000030517578,27.950000762939453,27.799999237060547,27.799999237060547,838000
2021-10-12,27.950000762939453,27.950000762939453,27.84000015258789,27.920000076293945,676153
2021-10-13,27.950000762939453,28.049999237060547,27.93000030517578,28.049999237060547,495000
2021-10-14,28.190000534057617,28.190000534057617,28.010000228881836,28.049999237060547,424000
2021-10-15,28.479999542236328,28.479999542236328,28.3799991607666,28.450000762939453,365000
2021-10-18,28.1299991607666,28.190000534057617,28.079999923706055,28.190000534057617,585085
2021-10-19,27.889999389648438,27.899999618530273,27.809999465942383,27.899999618530273,359030
2021-10-20,27.889999389648438,28.030000686645508,27.8700008392334,28.030000686645508,422000
2021-10-21,27.920000076293945,28.0,27.920000076293945,28.0,337000
2021-10-22,28.200000762939453,28.200000762939453,28.040000915527344,28.040000915527344,485000
2021-10-25,28.020000457763672,28.1200008392334,28.0,28.1200008392334,42000
2021-10-26,28.309999465942383,28.399999618530273,28.280000686645508,28.290000915527344,563747
2021-10-27,28.25,28.31999969482422,28.139999389648438,28.31999969482422,510116
2021-10-28,27.8799991607666,28.06999969482422,27.84000015258789,28.06999969482422,408016
2021-10-29,28.239999771118164,28.260000228881836,28.229999542236328,28.229999542236328,155182
2021-11-01,28.280000686645508,28.290000915527344,28.239999771118164,28.239999771118164,431176
2021-11-02,28.56999969482422,28.59000015258789,28.459999084472656,28.520000457763672,360000
2021-11-03,28.90999984741211,28.93000030517578,28.809999465942383,28.809999465942383,418029
2021-11-04,29.31999969482422,29.31999969482422,29.209999084472656,29.270000457763672,388050
2021-11-05,29.0,29.079999923706055,28.899999618530273,29.079999923706055,410100
2021-11-08,28.110000610351562,28.299999237060547,28.040000915527344,28.229999542236328,975072
2021-11-09,28.010000228881836,28.15999984741211,28.0,28.15999984741211,311000
2021-11-10,27.700000762939453,27.850000381469727,27.670000076293945,27.850000381469727,653858
2021-11-11,27.479999542236328,27.520000457763672,27.43000030517578,27.510000228881836,150000
2021-11-12,27.510000228881836,27.510000228881836,27.34000015258789,27.360000610351562,849000
2021-11-15,27.459999084472656,27.510000228881836,27.43000030517578,27.510000228881836,654000
2021-11-16,27.3700008392334,27.43000030517578,27.34000015258789,27.43000030517578,663819
2021-11-17,27.3700008392334,27.479999542236328,27.329999923706055,27.479999542236328,451314
2021-11-18,27.420000076293945,27.420000076293945,27.31999969482422,27.3700008392334,554024
2021-11-19,27.3799991607666,27.3799991607666,27.280000686645508,27.350000381469727,342000
2021-11-22,27.5,27.530000686645508,27.399999618530273,27.399999618530273,248691
2021-11-23,27.34000015258789,27.459999084472656,27.299999237060547,27.459999084472656,522160
2021-11-24,27.15999984741211,27.34000015258789,27.15999984741211,27.34000015258789,110327
2021-11-25,27.200000762939453,27.229999542236328,27.149999618530273,27.219999313354492,604100
2021-11-26,27.139999389648438,27.209999084472656,27.059999465942383,27.200000762939453,533000
2021-11-29,27.549999237060547,27.6299991607666,27.510000228881836,27.579999923706055,472678
2021-11-30,27.34000015258789,27.530000686645508,27.31999969482422,27.530000686645508,472864
2021-12-01,27.260000228881836,27.34000015258789,27.149999618530273,27.34000015258789,224486
2021-12-02,26.59000015258789,26.959999084472656,26.5,26.959999084472656,722000
2021-12-03,26.690000534057617,26.709999084472656,26.579999923706055,26.59000015258789,441000
2021-12-06,26.15999984741211,26.5,26.059999465942383,26.5,527733
2021-12-07,25.780000686645508,25.850000381469727,25.65999984741211,25.850000381469727,492300
2021-12-08,26.579999923706055,26.579999923706055,26.389999389648438,26.43000030517578,479000
2021-12-09,26.760000228881836,26.81999969482422,26.739999771118164,26.739999771118164,176000
2021-12-10,26.34000015258789,26.5,26.219999313354492,26.5,364578
2021-12-13,26.1299991607666,26.360000610351562,26.100000381469727,26.239999771118164,390113
2021-12-14,26.450000762939453,26.450000762939453,26.389999389648438,26.389999389648438,569639
2021-12-15,26.459999084472656,26.459999084472656,26.399999618530273,26.399999618530273,120299
2021-12-16,26.950000762939453,26.959999084472656,26.790000915527344,26.790000915527344,512001
2021-12-17,26.649999618530273,26.719999313354492,26.6200008392334,26.6299991607666,442213
2021-12-20,27.059999465942383,27.229999542236328,27.059999465942383,27.100000381469727,415000
2021-12-21,27.100000381469727,27.139999389648438,27.040000915527344,27.049999237060547,443900
2021-12-22,27.09000015258789,27.09000015258789,27.049999237060547,27.079999923706055,249052
2021-12-23,27.059999465942383,27.09000015258789,27.049999237060547,27.09000015258789,164297
2021-12-24,27.030000686645508,27.100000381469727,27.020000457763672,27.06999969482422,322285
2021-12-27,27.15999984741211,27.190000534057617,27.030000686645508,27.030000686645508,385057
2021-12-28,26.799999237060547,27.0,26.799999237060547,27.0,416518
2021-12-29,26.68000030517578,26.81999969482422,26.649999618530273,26.81999969482422,217395
2021-12-30,26.690000534057617,26.690000534057617,26.65999984741211,26.68000030517578,386800
2022-01-03,26.75,26.84000015258789,26.65999984741211,26.65999984741211,428311
2022-01-04,26.700000762939453,26.709999084472656,26.6299991607666,26.65999984741211,370751
2022-01-05,26.190000534057617,26.59000015258789,26.049999237060547,26.59000015258789,390610
2022-01-06,25.350000381469727,25.690000534057617,25.299999237060547,25.690000534057617,285341
2022-01-07,25.440000534057617,25.440000534057617,25.350000381469727,25.350000381469727,339144
2022-01-10,25.139999389648438,25.43000030517578,25.049999237060547,25.43000030517578,454319
2022-01-11,25.18000030517578,25.25,25.170000076293945,25.190000534057617,472624
2022-01-12,25.469999313354492,25.469999313354492,25.299999237060547,25.299999237060547,247100
2022-01-13,25.239999771118164,25.3700008392334,25.139999389648438,25.3700008392334,520033
2022-01-14,24.799999237060547,24.940000534057617,24.649999618530273,24.940000534057617,307910
2022-01-17,24.690000534057617,24.799999237060547,24.6200008392334,24.770000457763672,268000
2022-01-18,24.6299991607666,24.690000534057617,24.56999969482422,24.690000534057617,426482
2022-01-19,23.8799991607666,23.989999771118164,23.860000610351562,23.989999771118164,489681
2022-01-20,23.729999542236328,23.739999771118164,23.56999969482422,23.579999923706055,424775
2022-01-21,23.280000686645508,23.649999618530273,23.260000228881836,23.649999618530273,400326
2022-01-24,23.18000030517578,23.260000228881836,23.149999618530273,23.260000228881836,394000
2022-01-25,22.84000015258789,23.229999542236328,22.829999923706055,23.229999542236328,516025
2022-01-26,22.940000534057617,22.979999542236328,22.850000381469727,22.850000381469727,401000
2022-02-07,23.350000381469727,23.360000610351562,23.010000228881836,23.079999923706055,358347
2022-02-08,23.59000015258789,23.6200008392334,23.559999465942383,23.6200008392334,355000
2022-02-09,23.729999542236328,23.729999542236328,23.6200008392334,23.6200008392334,351000
2022-02-10,24.06999969482422,24.06999969482422,23.950000762939453,23.950000762939453,358951
2022-02-11,23.520000457763672,24.0,23.479999542236328,24.0,303000
2022-02-14,23.399999618530273,23.59000015258789,23.309999465942383,23.59000015258789,346985
2022-02-15,23.06999969482422,23.270000457763672,23.0,23.270000457763672,419817
2022-02-16,23.3700008392334,23.420000076293945,23.270000457763672,23.270000457763672,335040
2022-02-17,23.350000381469727,23.459999084472656,23.350000381469727,23.399999618530273,319068
2022-02-18,23.030000686645508,23.100000381469727,22.899999618530273,23.100000381469727,431000
2022-02-21,22.75,22.790000915527344,22.600000381469727,22.770000457763672,227398
2022-02-22,22.260000228881836,22.65999984741211,22.219999313354492,22.65999984741211,412151
2022-02-23,22.639999389648438,22.639999389648438,22.399999618530273,22.399999618530273,343000
2022-02-24,21.56999969482422,22.469999313354492,21.56999969482422,22.469999313354492,384173
2022-02-25,22.25,22.5,22.200000762939453,22.200000762939453,454666
2022-03-01,22.780000686645508,22.81999969482422,22.610000610351562,22.610000610351562,356000
2022-03-02,22.700000762939453,22.760000228881836,22.600000381469727,22.760000228881836,205654
2022-03-03,22.860000610351562,22.920000076293945,22.81999969482422,22.8700008392334,60988
2022-03-04,22.549999237060547,22.68000030517578,22.399999618530273,22.68000030517578,622900
2022-03-07,22.170000076293945,22.43000030517578,22.06999969482422,22.43000030517578,352000
2022-03-08,22.010000228881836,22.200000762939453,22.0,22.200000762939453,394444
2022-03-09,22.239999771118164,22.350000381469727,22.200000762939453,22.309999465942383,419000
2022-03-10,22.81999969482422,22.950000762939453,22.790000915527344,22.90999984741211,359655
2022-03-11,22.56999969482422,22.780000686645508,22.559999465942383,22.780000686645508,430262
2022-03-14,22.559999465942383,22.610000610351562,22.450000762939453,22.549999237060547,190438
2022-03-15,22.3799991607666,22.389999389648438,22.290000915527344,22.309999465942383,347666
2022-03-16,22.600000381469727,22.639999389648438,22.549999237060547,22.59000015258789,367013
2022-03-17,23.270000457763672,23.350000381469727,23.0,23.0,96267
2022-03-18,23.600000381469727,23.6200008392334,23.43000030517578,23.469999313354492,825000
2022-03-21,23.959999084472656,24.030000686645508,23.940000534057617,24.0,94228
2022-03-22,23.93000030517578,23.959999084472656,23.8700008392334,23.959999084472656,677777
2022-03-23,24.360000610351562,24.389999389648438,24.31999969482422,24.31999969482422,361370
2022-03-24,24.030000686645508,24.030000686645508,23.850000381469727,23.850000381469727,330855
2022-03-25,24.31999969482422,24.350000381469727,24.260000228881836,24.260000228881836,384101
2022-03-28,24.020000457763672,24.100000381469727,23.899999618530273,24.100000381469727,198005
2022-03-29,24.209999084472656,24.239999771118164,24.149999618530273,24.149999618530273,473282
2022-03-30,24.559999465942383,24.729999542236328,24.559999465942383,24.579999923706055,456000
2022-03-31,24.43000030517578,24.440000534057617,24.40999984741211,24.420000076293945,370010
2022-04-01,24.43000030517578,24.43000030517578,24.329999923706055,24.329999923706055,332000
2022-04-06,24.84000015258789,24.899999618530273,24.780000686645508,24.780000686645508,446617
2022-04-07,24.75,24.799999237060547,24.329999923706055,24.799999237060547,502166
2022-04-08,25.100000381469727,25.1299991607666,24.75,24.75,52139
2022-04-11,25.06999969482422,25.170000076293945,25.06999969482422,25.100000381469727,363277
2022-04-12,24.84000015258789,24.860000610351562,24.780000686645508,24.799999237060547,366742
2022-04-13,24.719999313354492,24.8700008392334,24.709999084472656,24.84000015258789,337946
2022-04-14,25.209999084472656,25.229999542236328,25.15999984741211,25.15999984741211,404933
2022-04-15,24.940000534057617,25.15999984741211,24.899999618530273,25.15999984741211,317225
2022-04-18,25.049999237060547,25.079999923706055,25.0,25.010000228881836,160372
2022-04-19,24.510000228881836,24.59000015258789,24.489999771118164,24.59000015258789,230237
2022-04-20,24.549999237060547,24.639999389648438,24.479999542236328,24.479999542236328,186778
2022-04-21,24.790000915527344,24.790000915527344,24.719999313354492,24.719999313354492,178003
2022-04-22,24.290000915527344,24.40999984741211,24.270000457763672,24.40999984741211,204399
2022-04-25,23.6299991607666,23.670000076293945,23.59000015258789,23.610000610351562,26000
2022-04-26,24.100000381469727,24.1299991607666,24.030000686645508,24.06999969482422,640717
2022-04-27,23.280000686645508,23.3700008392334,23.25,23.299999237060547,333346
2022-04-28,23.25,23.290000915527344,23.18000030517578,23.25,452000
2022-04-29,23.15999984741211,23.209999084472656,23.100000381469727,23.209999084472656,46127
2022-05-03,22.979999542236328,22.979999542236328,22.829999923706055,22.829999923706055,170010
2022-05-04,23.040000915527344,23.1200008392334,23.0,23.1200008392334,166669
2022-05-05,23.459999084472656,23.489999771118164,23.40999984741211,23.450000762939453,225000
2022-05-06,22.649999618530273,23.15999984741211,22.59000015258789,23.15999984741211,283149
2022-05-09,21.790000915527344,22.010000228881836,21.700000762939453,22.010000228881836,225543
2022-05-10,21.139999389648438,21.139999389648438,20.770000457763672,20.90999984741211,285673
2022-05-11,21.420000076293945,21.420000076293945,21.309999465942383,21.309999465942383,185000
2022-05-12,20.559999465942383,20.799999237060547,20.559999465942383,20.799999237060547,270363
2022-05-13,21.34000015258789,21.360000610351562,21.15999984741211,21.15999984741211,181482
2022-05-16,21.790000915527344,21.950000762939453,21.649999618530273,21.860000610351562,559606
2022-05-17,22.09000015258789,22.09000015258789,21.899999618530273,21.899999618530273,473540
2022-05-18,22.540000915527344,22.559999465942383,22.399999618530273,22.399999618530273,490000
2022-05-19,22.059999465942383,22.1200008392334,21.959999084472656,22.09000015258789,613008
2022-05-20,22.3799991607666,22.399999618530273,22.329999923706055,22.329999923706055,468674
2022-05-23,22.59000015258789,22.649999618530273,22.440000534057617,22.440000534057617,481934
2022-05-24,22.329999923706055,22.479999542236328,22.329999923706055,22.479999542236328,495885
2022-05-25,22.280000686645508,22.329999923706055,22.219999313354492,22.329999923706055,503000
2022-05-26,22.190000534057617,22.3799991607666,22.190000534057617,22.3799991607666,481091
2022-05-27,22.239999771118164,22.270000457763672,22.15999984741211,22.200000762939453,37205
2022-05-30,22.649999618530273,22.739999771118164,22.600000381469727,22.690000534057617,473233
2022-05-31,22.59000015258789,22.600000381469727,22.559999465942383,22.600000381469727,167769
2022-06-01,22.110000610351562,22.229999542236328,22.059999465942383,22.229999542236328,378000
2022-06-02,22.110000610351562,22.1200008392334,22.030000686645508,22.030000686645508,314468
2022-06-06,22.299999237060547,22.540000915527344,22.270000457763672,22.329999923706055,363230
2022-06-07,21.84000015258789,22.040000915527344,21.81999969482422,22.040000915527344,121877
2022-06-08,22.420000076293945,22.559999465942383,22.309999465942383,22.309999465942383,441045
2022-06-09,22.600000381469727,22.68000030517578,22.600000381469727,22.610000610351562,338300
2022-06-10,21.860000610351562,21.959999084472656,21.850000381469727,21.959999084472656,436919
2022-06-13,21.030000686645508,21.350000381469727,21.0,21.350000381469727,480000
2022-06-14,20.760000228881836,20.770000457763672,20.600000381469727,20.600000381469727,471459
2022-06-15,20.59000015258789,20.700000762939453,20.59000015258789,20.690000534057617,461251
2022-06-16,21.0,21.149999618530273,21.0,21.110000610351562,325000
2022-06-17,20.81999969482422,20.81999969482422,20.639999389648438,20.709999084472656,315518
2022-06-20,21.350000381469727,21.450000762939453,21.200000762939453,21.200000762939453,413000
2022-06-21,21.579999923706055,21.600000381469727,21.459999084472656,21.510000228881836,332195
2022-06-22,21.59000015258789,21.760000228881836,21.559999465942383,21.579999923706055,399000
2022-06-23,22.06999969482422,22.1299991607666,22.0,22.09000015258789,364000
2022-06-24,22.969999313354492,22.989999771118164,22.84000015258789,22.84000015258789,486942
2022-06-27,23.200000762939453,23.229999542236328,23.110000610351562,23.15999984741211,397086
2022-06-28,22.989999771118164,23.139999389648438,22.959999084472656,23.139999389648438,244247
2022-06-29,22.559999465942383,22.670000076293945,22.530000686645508,22.670000076293945,362226
2022-06-30,22.899999618530273,22.899999618530273,22.719999313354492,22.729999542236328,213050
2022-07-01,22.43000030517578,22.639999389648438,22.43000030517578,22.639999389648438,340164
2022-07-04,23.09000015258789,23.18000030517578,22.899999618530273,22.90999984741211,407367
2022-07-05,23.299999237060547,23.309999465942383,23.270000457763672,23.280000686645508,366971
2022-07-06,23.739999771118164,23.799999237060547,23.690000534057617,23.780000686645508,138027
2022-07-07,23.899999618530273,23.90999984741211,23.780000686645508,23.790000915527344,376415
2022-07-08,24.239999771118164,24.40999984741211,23.940000534057617,23.940000534057617,467173
2022-07-11,24.260000228881836,24.389999389648438,24.25,24.34000015258789,432000
2022-07-12,23.93000030517578,24.0,23.920000076293945,23.950000762939453,419199
2022-07-13,24.079999923706055,24.139999389648438,23.93000030517578,23.950000762939453,459346
2022-07-14,24.010000228881836,24.020000457763672,23.969999313354492,23.969999313354492,335656
2022-07-15,23.739999771118164,23.799999237060547,23.719999313354492,23.719999313354492,341004
2022-07-18,24.18000030517578,24.190000534057617,23.799999237060547,23.799999237060547,384164
2022-07-19,23.610000610351562,23.6299991607666,23.579999923706055,23.579999923706055,437006
2022-07-20,24.25,24.270000457763672,24.18000030517578,24.270000457763672,386225
2022-07-21,24.239999771118164,24.239999771118164,24.190000534057617,24.229999542236328,379123
2022-07-22,24.239999771118164,24.25,24.200000762939453,24.239999771118164,431000
2022-07-25,23.68000030517578,23.739999771118164,23.639999389648438,23.739999771118164,218332
2022-07-26,23.829999923706055,23.829999923706055,23.739999771118164,23.739999771118164,411267
2022-07-27,23.920000076293945,23.93000030517578,23.809999465942383,23.829999923706055,616351
2022-07-28,24.020000457763672,24.020000457763672,23.93000030517578,23.93000030517578,13000
2022-07-29,24.09000015258789,24.139999389648438,23.989999771118164,24.020000457763672,327000
2022-08-01,23.75,23.799999237060547,23.729999542236328,23.729999542236328,648776
2022-08-02,23.440000534057617,23.469999313354492,23.420000076293945,23.420000076293945,500010
2022-08-03,23.649999618530273,23.65999984741211,23.579999923706055,23.579999923706055,56326
2022-08-04,24.489999771118164,24.5,24.450000762939453,24.450000762939453,673400
2022-08-05,25.010000228881836,25.06999969482422,24.90999984741211,24.90999984741211,81220
2022-08-08,25.420000076293945,25.420000076293945,25.290000915527344,25.290000915527344,714938
2022-08-09,25.3799991607666,25.479999542236328,25.329999923706055,25.420000076293945,496915
2022-08-10,25.190000534057617,25.270000457763672,25.190000534057617,25.239999771118164,694548
2022-08-11,25.579999923706055,25.6200008392334,25.579999923706055,25.610000610351562,160001
2022-08-12,25.399999618530273,25.40999984741211,25.360000610351562,25.389999389648438,339144
2022-08-15,25.59000015258789,25.6200008392334,25.559999465942383,25.559999465942383,338423
2022-08-16,26.0,26.0,25.950000762939453,25.950000762939453,703624
2022-08-17,25.6299991607666,25.670000076293945,25.610000610351562,25.670000076293945,731268
2022-08-18,25.15999984741211,25.15999984741211,25.1200008392334,25.1299991607666,440000
2022-08-19,24.799999237060547,24.850000381469727,24.790000915527344,24.850000381469727,361000
2022-08-22,24.68000030517578,24.690000534057617,24.68000030517578,24.690000534057617,5000
2022-08-23,24.420000076293945,24.479999542236328,24.420000076293945,24.450000762939453,368650
2022-08-24,24.510000228881836,24.510000228881836,24.440000534057617,24.459999084472656,406187
2022-08-25,24.940000534057617,24.969999313354492,24.920000076293945,24.920000076293945,450000
2022-08-26,24.8799991607666,24.889999389648438,24.81999969482422,24.850000381469727,410220
2022-08-29,23.969999313354492,24.049999237060547,23.860000610351562,24.049999237060547,558319
2022-08-30,24.049999237060547,24.059999465942383,23.969999313354492,23.969999313354492,415675
2022-08-31,23.90999984741211,23.90999984741211,23.829999923706055,23.860000610351562,416412
2022-09-01,23.790000915527344,23.790000915527344,23.729999542236328,23.729999542236328,482176
2022-09-02,24.399999618530273,24.399999618530273,24.34000015258789,24.34000015258789,449010
2022-09-05,24.209999084472656,24.219999313354492,24.100000381469727,24.170000076293945,421437
2022-09-06,24.299999237060547,24.399999618530273,23.700000762939453,24.110000610351562,612334
2022-09-07,23.899999618530273,23.979999542236328,23.8799991607666,23.950000762939453,291450
2022-09-08,24.549999237060547,24.59000015258789,24.510000228881836,24.59000015258789,447000
2022-09-12,25.450000762939453,25.530000686645508,25.440000534057617,25.530000686645508,522498
2022-09-13,25.5,25.530000686645508,25.5,25.510000228881836,385676
2022-09-14,24.600000381469727,24.6299991607666,24.540000915527344,24.600000381469727,280667
2022-09-15,24.90999984741211,24.989999771118164,24.90999984741211,24.950000762939453,440100
2022-09-16,25.06999969482422,25.079999923706055,24.950000762939453,24.950000762939453,480119
2022-09-19,25.049999237060547,25.06999969482422,24.989999771118164,25.049999237060547,355126
2022-09-20,24.81999969482422,24.860000610351562,24.75,24.780000686645508,322862
2022-09-21,24.540000915527344,24.639999389648438,24.5,24.639999389648438,234200
2022-09-22,24.010000228881836,24.3799991607666,23.950000762939453,24.3799991607666,580000
2022-09-23,23.950000762939453,24.100000381469727,23.950000762939453,24.100000381469727,419020
2022-09-26,23.780000686645508,23.93000030517578,23.780000686645508,23.889999389648438,407315
2022-09-27,23.6299991607666,23.649999618530273,23.610000610351562,23.6200008392334,336293
2022-09-28,23.670000076293945,23.829999923706055,23.610000610351562,23.729999542236328,429001
2022-09-29,24.780000686645508,24.809999465942383,24.700000762939453,24.770000457763672,475100
2022-09-30,24.350000381469727,24.479999542236328,24.329999923706055,24.479999542236328,603679
2022-10-03,24.360000610351562,24.399999618530273,24.31999969482422,24.31999969482422,533279
2022-10-04,24.860000610351562,24.860000610351562,24.770000457763672,24.860000610351562,410549
2022-10-05,25.09000015258789,25.229999542236328,25.09000015258789,25.229999542236328,373100
2022-10-06,25.270000457763672,25.329999923706055,25.209999084472656,25.219999313354492,517891
2022-10-07,25.260000228881836,25.260000228881836,25.190000534057617,25.190000534057617,225705
2022-10-11,24.6299991607666,24.68000030517578,24.549999237060547,24.549999237060547,431126
2022-10-12,24.860000610351562,24.860000610351562,24.790000915527344,24.829999923706055,375779
2022-10-13,24.920000076293945,24.979999542236328,24.920000076293945,24.959999084472656,471337
2022-10-14,25.440000534057617,25.489999771118164,25.299999237060547,25.299999237060547,363660
2022-10-17,25.15999984741211,25.18000030517578,25.1200008392334,25.1200008392334,375129
2022-10-18,25.760000228881836,25.770000457763672,25.579999923706055,25.59000015258789,582310
2022-10-19,25.670000076293945,25.700000762939453,25.65999984741211,25.690000534057617,74171
2022-10-20,24.850000381469727,24.850000381469727,24.3799991607666,24.450000762939453,162473
2022-10-21,24.700000762939453,24.760000228881836,24.68000030517578,24.68000030517578,394120
2022-10-24,25.43000030517578,25.489999771118164,25.399999618530273,25.440000534057617,314661
2022-10-25,25.709999084472656,25.729999542236328,25.670000076293945,25.670000076293945,849507
2022-10-26,26.190000534057617,26.399999618530273,25.850000381469727,25.850000381469727,580001
2022-10-27,26.389999389648438,26.479999542236328,26.389999389648438,26.469999313354492,167843
2022-10-28,26.09000015258789,26.110000610351562,25.959999084472656,25.959999084472656,451044
2022-10-31,26.979999542236328,26.979999542236328,26.860000610351562,26.899999618530273,530999
2022-11-01,26.920000076293945,26.950000762939453,26.8700008392334,26.8700008392334,460789
2022-11-02,27.0,27.010000228881836,26.920000076293945,26.959999084472656,707111
2022-11-03,26.760000228881836,26.760000228881836,26.600000381469727,26.600000381469727,376393
2022-11-04,26.68000030517578,26.68000030517578,26.6200008392334,26.649999618530273,383402
2022-11-07,26.600000381469727,26.639999389648438,26.479999542236328,26.639999389648438,373202
2022-11-08,26.559999465942383,26.610000610351562,26.5,26.549999237060547,344643
2022-11-09,26.780000686645508,26.84000015258789,26.75,26.790000915527344,503000
2022-11-10,26.479999542236328,26.489999771118164,26.459999084472656,26.489999771118164,387889
2022-11-11,26.920000076293945,27.100000381469727,26.899999618530273,27.09000015258789,372111
2022-11-14,26.6200008392334,26.959999084472656,26.610000610351562,26.959999084472656,387200
2022-11-15,26.799999237060547,26.799999237060547,26.6299991607666,26.6299991607666,420803
2022-11-16,26.8799991607666,26.90999984741211,26.790000915527344,26.81999969482422,144212
2022-11-17,26.6200008392334,26.65999984741211,26.6200008392334,26.65999984741211,431612
2022-11-18,26.6200008392334,26.780000686645508,26.6200008392334,26.780000686645508,350000
2022-11-21,26.760000228881836,26.790000915527344,26.75,26.790000915527344,334000
2022-11-22,26.690000534057617,26.719999313354492,26.68000030517578,26.719999313354492,347258
2022-11-23,26.93000030517578,26.969999313354492,26.860000610351562,26.899999618530273,573456
2022-11-24,26.739999771118164,26.899999618530273,26.729999542236328,26.899999618530273,343356
2022-11-25,26.549999237060547,26.700000762939453,26.549999237060547,26.700000762939453,336012
2022-11-28,26.5,26.540000915527344,26.459999084472656,26.479999542236328,38000
2022-11-29,26.510000228881836,26.639999389648438,26.5,26.5,41285
2022-11-30,26.399999618530273,26.459999084472656,26.389999389648438,26.420000076293945,467788
2022-12-01,26.979999542236328,27.049999237060547,26.93000030517578,27.010000228881836,522185
2022-12-02,26.969999313354492,26.979999542236328,26.959999084472656,26.979999542236328,356000
2022-12-05,27.219999313354492,27.350000381469727,27.110000610351562,27.110000610351562,377417
2022-12-06,26.760000228881836,26.850000381469727,26.760000228881836,26.850000381469727,347245
2022-12-07,26.43000030517578,26.450000762939453,26.40999984741211,26.40999984741211,314608
2022-12-08,26.649999618530273,26.65999984741211,26.56999969482422,26.639999389648438,480001
2022-12-09,26.860000610351562,26.90999984741211,26.809999465942383,26.81999969482422,366000
2022-12-12,26.34000015258789,26.34000015258789,26.309999465942383,26.34000015258789,28653
2022-12-13,26.59000015258789,26.700000762939453,26.559999465942383,26.700000762939453,614097
2022-12-14,26.90999984741211,27.0,26.90999984741211,27.0,370653
2022-12-15,27.0,27.06999969482422,27.0,27.059999465942383,449000
2022-12-16,26.6299991607666,26.68000030517578,26.600000381469727,26.6299991607666,341112
2022-12-19,26.450000762939453,26.479999542236328,26.450000762939453,26.459999084472656,331000
2022-12-20,25.850000381469727,26.059999465942383,25.850000381469727,26.040000915527344,315929
2022-12-21,26.360000610351562,26.360000610351562,26.299999237060547,26.350000381469727,125113
2022-12-22,26.579999923706055,26.6200008392334,26.579999923706055,26.6200008392334,337000
2022-12-23,26.610000610351562,26.6299991607666,26.530000686645508,26.530000686645508,549468
2022-12-26,26.43000030517578,26.489999771118164,26.389999389648438,26.440000534057617,353013
2022-12-27,26.329999923706055,26.360000610351562,26.280000686645508,26.360000610351562,324500
2022-12-28,25.65999984741211,25.65999984741211,25.610000610351562,25.639999389648438,336020
2022-12-29,25.579999923706055,25.59000015258789,25.549999237060547,25.579999923706055,310068
2022-12-30,26.020000457763672,26.020000457763672,25.940000534057617,25.940000534057617,320934
2023-01-03,26.200000762939453,26.200000762939453,26.1299991607666,26.1299991607666,529493
2023-01-04,25.899999618530273,25.899999618530273,25.8700008392334,25.8799991607666,367238
2023-01-05,26.100000381469727,26.1299991607666,26.059999465942383,26.059999465942383,492000
2023-01-06,26.239999771118164,26.260000228881836,26.170000076293945,26.170000076293945,323997
2023-01-09,26.450000762939453,26.510000228881836,26.40999984741211,26.510000228881836,339580
2023-01-10,25.690000534057617,25.770000457763672,25.65999984741211,25.770000457763672,377656
2023-01-11,26.020000457763672,26.170000076293945,26.0,26.170000076293945,430001
2023-01-12,26.190000534057617,26.229999542236328,26.1299991607666,26.229999542236328,373544
2023-01-13,26.469999313354492,26.540000915527344,26.469999313354492,26.520000457763672,348000
2023-01-16,26.540000915527344,26.610000610351562,26.540000915527344,26.549999237060547,344407
2023-01-17,26.700000762939453,26.700000762939453,26.559999465942383,26.559999465942383,506180
2023-01-30,26.389999389648438,26.610000610351562,26.389999389648438,26.610000610351562,320169
2023-01-31,26.149999618530273,26.270000457763672,25.989999771118164,26.270000457763672,331591
2023-02-01,26.200000762939453,26.350000381469727,26.200000762939453,26.350000381469727,370281
2023-02-02,26.0,26.049999237060547,25.969999313354492,25.979999542236328,308227
2023-02-03,26.059999465942383,26.1299991607666,26.059999465942383,26.079999923706055,350266
2023-02-06,26.079999923706055,26.170000076293945,26.049999237060547,26.1200008392334,311018
2023-02-07,26.15999984741211,26.200000762939453,26.1200008392334,26.200000762939453,316545
2023-02-08,26.200000762939453,26.200000762939453,26.1200008392334,26.15999984741211,324000
2023-02-09,25.65999984741211,25.829999923706055,25.65999984741211,25.829999923706055,375106
2023-02-10,25.59000015258789,25.59000015258789,25.56999969482422,25.56999969482422,359314
2023-02-13,25.729999542236328,25.739999771118164,25.670000076293945,25.719999313354492,342050
2023-02-14,26.020000457763672,26.040000915527344,25.989999771118164,25.989999771118164,305444
2023-02-15,25.979999542236328,26.0,25.979999542236328,26.0,339000
2023-02-16,26.09000015258789,26.18000030517578,26.06999969482422,26.100000381469727,348216
2023-02-17,25.709999084472656,25.760000228881836,25.700000762939453,25.760000228881836,21769
2023-02-20,26.110000610351562,26.1200008392334,26.059999465942383,26.100000381469727,521000
2023-02-21,26.079999923706055,26.09000015258789,26.030000686645508,26.059999465942383,341876
2023-02-22,25.670000076293945,25.780000686645508,25.649999618530273,25.700000762939453,422011
2023-02-23,25.649999618530273,25.739999771118164,25.6299991607666,25.739999771118164,350100
2023-02-24,25.5,25.5,25.420000076293945,25.43000030517578,306198
2023-03-01,25.489999771118164,25.510000228881836,25.34000015258789,25.5,316201
2023-03-02,25.34000015258789,25.389999389648438,25.299999237060547,25.309999465942383,330219
2023-03-03,25.389999389648438,25.450000762939453,25.350000381469727,25.450000762939453,306079
2023-03-06,25.65999984741211,25.670000076293945,25.59000015258789,25.59000015258789,328195
2023-03-07,25.459999084472656,25.5,25.459999084472656,25.5,315630
2023-03-08,25.239999771118164,25.239999771118164,25.18000030517578,25.200000762939453,103079
2023-03-09,25.139999389648438,25.139999389648438,25.06999969482422,25.110000610351562,322020
2023-03-10,24.549999237060547,24.6299991607666,24.440000534057617,24.440000534057617,369544
2023-03-13,24.559999465942383,24.56999969482422,24.520000457763672,24.549999237060547,323254
2023-03-14,24.799999237060547,24.809999465942383,24.649999618530273,24.649999618530273,364562
2023-03-15,24.829999923706055,24.84000015258789,24.649999618530273,24.649999618530273,351010
2023-03-16,25.0,25.040000915527344,24.93000030517578,24.93000030517578,62119
2023-03-17,24.959999084472656,24.969999313354492,24.889999389648438,24.899999618530273,307380
2023-03-20,24.739999771118164,24.75,24.709999084472656,24.75,346029
2023-03-21,24.75,24.799999237060547,24.649999618530273,24.75,340871
2023-03-22,24.719999313354492,24.729999542236328,24.700000762939453,24.700000762939453,303081
2023-03-23,24.260000228881836,24.5,24.1200008392334,24.5,331647
2023-03-24,24.450000762939453,24.459999084472656,24.389999389648438,24.389999389648438,329821
2023-03-27,24.709999084472656,24.770000457763672,24.700000762939453,24.739999771118164,356223
2023-03-28,24.760000228881836,24.760000228881836,24.690000534057617,24.709999084472656,315980
2023-03-29,24.799999237060547,24.829999923706055,24.790000915527344,24.790000915527344,307000
2023-03-30,25.200000762939453,25.200000762939453,25.110000610351562,25.110000610351562,324698
2023-03-31,24.989999771118164,24.989999771118164,24.969999313354492,24.989999771118164,310015
2023-04-06,25.489999771118164,25.799999237060547,25.479999542236328,25.719999313354492,489110
2023-04-07,25.639999389648438,25.709999084472656,25.639999389648438,25.690000534057617,317924
2023-04-10,25.68000030517578,25.700000762939453,25.639999389648438,25.639999389648438,376175
2023-04-11,25.6200008392334,25.6200008392334,25.579999923706055,25.610000610351562,340386
2023-04-12,25.600000381469727,25.6299991607666,25.600000381469727,25.600000381469727,398000
2023-04-13,25.600000381469727,25.610000610351562,25.56999969482422,25.600000381469727,310000
2023-04-14,25.969999313354492,26.010000228881836,25.969999313354492,25.989999771118164,333580
2023-04-17,25.8799991607666,25.889999389648438,25.860000610351562,25.889999389648438,309000
2023-04-18,26.06999969482422,26.079999923706055,26.049999237060547,26.079999923706055,330513
2023-04-19,25.989999771118164,26.0,25.959999084472656,26.0,313001
2023-04-20,26.040000915527344,26.040000915527344,26.020000457763672,26.030000686645508,320061
2023-04-21,26.0,26.030000686645508,25.940000534057617,26.0,315115
2023-04-24,26.270000457763672,26.309999465942383,26.260000228881836,26.260000228881836,416455
2023-04-25,26.190000534057617,26.3700008392334,26.190000534057617,26.3700008392334,329917
2023-04-26,25.90999984741211,26.1299991607666,25.90999984741211,26.1299991607666,326024
2023-04-27,25.6299991607666,25.700000762939453,25.579999923706055,25.700000762939453,314284
2023-04-28,25.75,25.75,25.670000076293945,25.670000076293945,310201
2023-05-02,26.0,26.020000457763672,25.799999237060547,25.799999237060547,316236
2023-05-03,25.780000686645508,25.889999389648438,25.75,25.889999389648438,305630
2023-05-04,25.84000015258789,25.860000610351562,25.829999923706055,25.860000610351562,398131
2023-05-05,25.790000915527344,25.799999237060547,25.75,25.799999237060547,342180
2023-05-08,26.200000762939453,26.260000228881836,26.18000030517578,26.219999313354492,322965
2023-05-09,26.020000457763672,26.09000015258789,25.979999542236328,26.09000015258789,306930
2023-05-10,26.149999618530273,26.200000762939453,26.149999618530273,26.149999618530273,335580
2023-05-11,26.209999084472656,26.209999084472656,26.149999618530273,26.149999618530273,334000
2023-05-12,26.030000686645508,26.09000015258789,26.030000686645508,26.079999923706055,305004
2023-05-15,26.059999465942383,26.059999465942383,26.020000457763672,26.040000915527344,340913
2023-05-16,26.290000915527344,26.329999923706055,26.219999313354492,26.219999313354492,63379
2023-05-17,25.75,25.770000457763672,25.729999542236328,25.760000228881836,329304
2023-05-18,25.799999237060547,25.799999237060547,25.75,25.75,11101
2023-05-19,25.649999618530273,25.68000030517578,25.6299991607666,25.670000076293945,314069
2023-05-22,25.799999237060547,25.799999237060547,25.75,25.760000228881836,341897
2023-05-23,25.8799991607666,25.950000762939453,25.75,25.75,365151
2023-05-24,25.920000076293945,25.969999313354492,25.920000076293945,25.969999313354492,337904
2023-05-25,25.610000610351562,26.0,25.56999969482422,25.6200008392334,455000
2023-05-26,25.219999313354492,25.280000686645508,25.190000534057617,25.280000686645508,329965
2023-05-29,25.170000076293945,25.25,25.100000381469727,25.25,332918
2023-05-30,25.1200008392334,25.1299991607666,25.079999923706055,25.1200008392334,347595
2023-05-31,25.0,25.040000915527344,24.969999313354492,24.969999313354492,320124
2023-06-01,25.1200008392334,25.200000762939453,25.1200008392334,25.139999389648438,316000
2023-06-02,25.139999389648438,25.18000030517578,25.1200008392334,25.1200008392334,327000
2023-06-05,25.600000381469727,25.65999984741211,25.260000228881836,25.260000228881836,325069
2023-06-06,25.75,25.75,25.690000534057617,25.700000762939453,315006
2023-06-07,25.709999084472656,25.709999084472656,25.670000076293945,25.670000076293945,306770
2023-06-08,25.6299991607666,25.709999084472656,25.6299991607666,25.709999084472656,387005
2023-06-09,25.81999969482422,25.81999969482422,25.739999771118164,25.75,414231
2023-06-12,25.729999542236328,25.739999771118164,25.670000076293945,25.709999084472656,315513
2023-06-13,25.8799991607666,25.8799991607666,25.850000381469727,25.850000381469727,328060
2023-06-14,26.100000381469727,26.110000610351562,26.010000228881836,26.010000228881836,330087
2023-06-15,25.950000762939453,25.950000762939453,25.90999984741211,25.950000762939453,335010
2023-06-16,26.219999313354492,26.229999542236328,26.200000762939453,26.229999542236328,352792
2023-06-19,26.200000762939453,26.200000762939453,26.1200008392334,26.170000076293945,320446
2023-06-20,26.15999984741211,26.209999084472656,26.15999984741211,26.209999084472656,315916
2023-06-21,26.170000076293945,26.18000030517578,26.170000076293945,26.18000030517578,313000
2023-06-26,25.8799991607666,25.8799991607666,25.799999237060547,25.850000381469727,311813
2023-06-27,25.56999969482422,25.56999969482422,25.450000762939453,25.520000457763672,394458
2023-06-28,25.360000610351562,25.360000610351562,25.270000457763672,25.270000457763672,307000
2023-06-29,25.399999618530273,25.43000030517578,25.3700008392334,25.3700008392334,306100
2023-06-30,25.31999969482422,25.31999969482422,25.200000762939453,25.299999237060547,339608
2023-07-03,25.540000915527344,25.600000381469727,25.520000457763672,25.520000457763672,422266
2023-07-04,25.459999084472656,25.459999084472656,25.360000610351562,25.399999618530273,330292
2023-07-05,25.360000610351562,25.459999084472656,25.360000610351562,25.459999084472656,210024
2023-07-06,25.520000457763672,25.540000915527344,25.5,25.5,311965
2023-07-07,25.34000015258789,25.34000015258789,25.25,25.25,386700
2023-07-10,25.1299991607666,25.170000076293945,25.0,25.059999465942383,328075
2023-07-11,25.520000457763672,25.579999923706055,25.520000457763672,25.520000457763672,321804
2023-07-12,25.559999465942383,25.56999969482422,25.489999771118164,25.489999771118164,326039
2023-07-13,25.59000015258789,25.68000030517578,25.549999237060547,25.68000030517578,334768
2023-07-14,25.489999771118164,25.510000228881836,25.450000762939453,25.510000228881836,315526
2023-07-17,25.59000015258789,25.600000381469727,25.5,25.520000457763672,320117
2023-07-18,25.56999969482422,25.56999969482422,25.489999771118164,25.5,315395
2023-07-19,25.780000686645508,25.780000686645508,25.65999984741211,25.65999984741211,317046
2023-07-20,25.889999389648438,25.90999984741211,25.8799991607666,25.90999984741211,9800
2023-07-21,25.950000762939453,25.950000762939453,25.889999389648438,25.889999389648438,34115
2023-07-24,26.239999771118164,26.299999237060547,25.950000762939453,25.950000762939453,425461
2023-07-25,25.829999923706055,26.18000030517578,25.809999465942383,26.18000030517578,341765
2023-07-26,25.739999771118164,25.829999923706055,25.719999313354492,25.809999465942383,331793
2023-07-27,25.59000015258789,25.670000076293945,25.56999969482422,25.649999618530273,375093
2023-07-28,25.56999969482422,25.59000015258789,25.510000228881836,25.510000228881836,358000
2023-07-31,26.030000686645508,26.170000076293945,26.030000686645508,26.059999465942383,411192
2023-08-01,26.09000015258789,26.110000610351562,26.059999465942383,26.110000610351562,351649
2023-08-02,25.8700008392334,25.899999618530273,25.829999923706055,25.899999618530273,307000
2023-08-04,25.799999237060547,26.360000610351562,25.799999237060547,26.360000610351562,302577
2023-08-07,25.8799991607666,26.149999618530273,25.8799991607666,26.149999618530273,305435
2023-08-08,25.81999969482422,25.81999969482422,25.739999771118164,25.739999771118164,317697
2023-08-09,25.950000762939453,26.059999465942383,25.950000762939453,26.059999465942383,312000
2023-08-10,26.0,26.079999923706055,26.0,26.030000686645508,327464
2023-08-11,26.030000686645508,26.030000686645508,26.010000228881836,26.010000228881836,304005
2023-08-14,26.25,26.34000015258789,26.09000015258789,26.09000015258789,371096
2023-08-15,26.219999313354492,26.219999313354492,26.190000534057617,26.219999313354492,323300
2023-08-16,26.190000534057617,26.200000762939453,26.170000076293945,26.190000534057617,308114
2023-08-17,25.829999923706055,25.8700008392334,25.780000686645508,25.8700008392334,314716
2023-08-18,25.799999237060547,25.809999465942383,25.670000076293945,25.670000076293945,306000
2023-08-21,25.889999389648438,25.889999389648438,25.799999237060547,25.799999237060547,379000
2023-08-22,26.1200008392334,26.1299991607666,26.110000610351562,26.1299991607666,386787
2023-08-23,26.280000686645508,26.290000915527344,26.25,26.25,318293
2023-08-24,26.25,26.25,26.200000762939453,26.200000762939453,310765
2023-08-25,25.989999771118164,26.25,25.979999542236328,26.25,306020
2023-08-28,26.219999313354492,26.25,26.15999984741211,26.25,357056
2023-08-29,26.270000457763672,26.270000457763672,26.239999771118164,26.270000457763672,308074
2023-08-30,26.450000762939453,26.450000762939453,26.3700008392334,26.3700008392334,329636
2023-08-31,26.489999771118164,26.5,26.459999084472656,26.459999084472656,335000
2023-09-01,26.260000228881836,26.450000762939453,26.25,26.450000762939453,322000
2023-09-04,26.510000228881836,26.530000686645508,26.299999237060547,26.299999237060547,315120
2023-09-05,26.510000228881836,26.510000228881836,26.489999771118164,26.510000228881836,323240
2023-09-06,26.239999771118164,26.56999969482422,26.200000762939453,26.5,311028
2023-09-07,26.06999969482422,26.139999389648438,26.06999969482422,26.06999969482422,343597
2023-09-08,26.110000610351562,26.110000610351562,26.09000015258789,26.09000015258789,304000
2023-09-11,26.25,26.25,26.18000030517578,26.18000030517578,308000
2023-09-12,26.280000686645508,26.290000915527344,26.25,26.25,467482
2023-09-13,26.280000686645508,26.280000686645508,26.219999313354492,26.270000457763672,304136
2023-09-14,26.15999984741211,26.15999984741211,26.020000457763672,26.049999237060547,317432
2023-09-15,26.219999313354492,26.239999771118164,26.149999618530273,26.209999084472656,323000
2023-09-18,26.0,26.049999237060547,25.989999771118164,26.020000457763672,311241
2023-09-19,25.739999771118164,25.75,25.719999313354492,25.739999771118164,312049
2023-09-20,25.81999969482422,25.81999969482422,25.790000915527344,25.799999237060547,312723
2023-09-21,25.719999313354492,25.719999313354492,25.709999084472656,25.709999084472656,305220
2023-09-22,25.549999237060547,25.59000015258789,25.530000686645508,25.59000015258789,334117
2023-09-25,25.450000762939453,25.850000381469727,25.450000762939453,25.84000015258789,356119
2023-09-26,25.34000015258789,25.450000762939453,25.34000015258789,25.450000762939453,330177
2023-09-27,25.600000381469727,25.649999618530273,25.510000228881836,25.510000228881836,327088
2023-09-28,25.649999618530273,25.68000030517578,25.600000381469727,25.600000381469727,314116
2023-10-02,25.520000457763672,25.59000015258789,25.520000457763672,25.59000015258789,306010
2023-10-03,25.229999542236328,25.25,25.18000030517578,25.25,320546
2023-10-04,25.030000686645508,25.149999618530273,25.0,25.149999618530273,318647
2023-10-05,25.049999237060547,25.170000076293945,25.049999237060547,25.170000076293945,365000
2023-10-06,25.450000762939453,25.5,25.329999923706055,25.329999923706055,308000
2023-10-11,25.559999465942383,25.6299991607666,25.489999771118164,25.6299991607666,206485
2023-10-12,25.649999618530273,25.709999084472656,25.649999618530273,25.65999984741211,260471
2023-10-13,25.34000015258789,25.469999313354492,25.280000686645508,25.469999313354492,208329
2023-10-16,25.469999313354492,25.6299991607666,25.440000534057617,25.6299991607666,209417
2023-10-17,25.6200008392334,25.649999618530273,25.6200008392334,25.639999389648438,222559
2023-10-18,25.540000915527344,25.690000534057617,25.540000915527344,25.68000030517578,340000
2023-10-19,25.110000610351562,25.170000076293945,25.100000381469727,25.170000076293945,207000
2023-10-20,24.690000534057617,24.770000457763672,24.6200008392334,24.770000457763672,287100
2023-10-23,24.510000228881836,24.68000030517578,24.510000228881836,24.68000030517578,213000
2023-10-24,24.270000457763672,24.5,24.229999542236328,24.5,219414
2023-10-25,24.520000457763672,24.549999237060547,24.5,24.5,215000
2023-10-26,24.229999542236328,24.459999084472656,24.229999542236328,24.459999084472656,252000
2023-10-27,24.280000686645508,24.280000686645508,24.25,24.270000457763672,243051
2023-10-30,23.68000030517578,23.899999618530273,23.600000381469727,23.6299991607666,271100
2023-10-31,23.799999237060547,23.809999465942383,23.68000030517578,23.68000030517578,218481
2023-11-01,23.90999984741211,23.90999984741211,23.889999389648438,23.889999389648438,203000
2023-11-02,24.209999084472656,24.239999771118164,24.18000030517578,24.239999771118164,211037
2023-11-03,24.40999984741211,24.450000762939453,24.350000381469727,24.350000381469727,205050
2023-11-06,24.780000686645508,25.059999465942383,24.700000762939453,24.700000762939453,222408
2023-11-07,24.75,24.790000915527344,24.709999084472656,24.709999084472656,210534
2023-11-08,24.8799991607666,24.950000762939453,24.520000457763672,24.950000762939453,213100
2023-11-09,24.56999969482422,24.790000915527344,24.540000915527344,24.790000915527344,205010
2023-11-10,23.8799991607666,24.479999542236328,23.809999465942383,24.479999542236328,269457
2023-11-13,23.950000762939453,24.010000228881836,23.90999984741211,23.950000762939453,206082
2023-11-14,23.969999313354492,23.969999313354492,23.90999984741211,23.90999984741211,106379
2023-11-15,24.260000228881836,24.329999923706055,24.219999313354492,24.25,334023
2023-11-16,24.209999084472656,24.31999969482422,24.170000076293945,24.31999969482422,227000
2023-11-17,23.979999542236328,24.020000457763672,23.940000534057617,24.020000457763672,219240
2023-11-20,24.040000915527344,24.100000381469727,24.010000228881836,24.100000381469727,221000
2023-11-21,24.059999465942383,24.110000610351562,24.049999237060547,24.110000610351562,218883
2023-11-22,23.959999084472656,23.989999771118164,23.84000015258789,23.989999771118164,213010
2023-11-23,23.979999542236328,23.989999771118164,23.969999313354492,23.989999771118164,210120
2023-11-24,24.0,24.0,23.989999771118164,23.989999771118164,209000
2023-11-27,24.079999923706055,24.110000610351562,24.049999237060547,24.049999237060547,249012
2023-11-28,23.969999313354492,24.040000915527344,23.920000076293945,24.040000915527344,240867
2023-11-29,23.770000457763672,23.959999084472656,23.739999771118164,23.959999084472656,228103
2023-11-30,23.90999984741211,23.90999984741211,23.8799991607666,23.8799991607666,211000
2023-12-01,24.299999237060547,24.299999237060547,24.139999389648438,24.139999389648438,282000
2023-12-04,24.600000381469727,24.6200008392334,24.520000457763672,24.520000457763672,227547
2023-12-05,24.850000381469727,24.899999618530273,24.709999084472656,24.709999084472656,233000
2023-12-06,24.93000030517578,24.93000030517578,24.860000610351562,24.90999984741211,230964
2023-12-07,25.020000457763672,25.06999969482422,25.0,25.0,240000
2023-12-08,25.040000915527344,25.049999237060547,25.010000228881836,25.030000686645508,208008
2023-12-11,24.90999984741211,24.969999313354492,24.899999618530273,24.93000030517578,369075
2023-12-12,25.09000015258789,25.09000015258789,25.010000228881836,25.030000686645508,331012
2023-12-13,25.469999313354492,25.469999313354492,25.3700008392334,25.3700008392334,228057
2023-12-14,26.270000457763672,26.459999084472656,26.25,26.459999084472656,428202
2023-12-15,26.399999618530273,26.440000534057617,26.299999237060547,26.399999618530273,365000
2023-12-18,26.3700008392334,26.3799991607666,26.34000015258789,26.3799991607666,288000
2023-12-19,26.229999542236328,26.309999465942383,26.219999313354492,26.280000686645508,377000
2023-12-20,26.520000457763672,26.549999237060547,26.489999771118164,26.520000457763672,155150
2023-12-21,25.8700008392334,25.959999084472656,25.84000015258789,25.959999084472656,224000
2023-12-22,26.040000915527344,26.06999969482422,25.989999771118164,26.06999969482422,315115
2023-12-25,26.6299991607666,26.68000030517578,26.600000381469727,26.600000381469727,237331
2023-12-26,26.56999969482422,26.709999084472656,26.56999969482422,26.709999084472656,334000
2023-12-27,26.709999084472656,26.770000457763672,26.690000534057617,26.75,233050
2023-12-28,26.8700008392334,27.06999969482422,26.81999969482422,27.06999969482422,350000
2023-12-29,26.959999084472656,27.0,26.959999084472656,26.969999313354492,319360
2024-01-02,26.829999923706055,26.850000381469727,26.700000762939453,26.700000762939453,219113
2024-01-03,27.450000762939453,27.450000762939453,27.31999969482422,27.31999969482422,442282
2024-01-04,27.299999237060547,27.360000610351562,27.290000915527344,27.299999237060547,226017
2024-01-05,27.459999084472656,27.489999771118164,27.420000076293945,27.479999542236328,235010
2024-01-08,27.3799991607666,27.479999542236328,27.329999923706055,27.479999542236328,226000
2024-01-09,27.899999618530273,27.940000534057617,27.860000610351562,27.860000610351562,530058
2024-01-10,27.959999084472656,27.989999771118164,27.950000762939453,27.969999313354492,248200
2024-01-11,27.90999984741211,27.969999313354492,27.90999984741211,27.950000762939453,541000
2024-01-12,27.600000381469727,27.670000076293945,27.56999969482422,27.670000076293945,414044
2024-01-15,27.600000381469727,27.600000381469727,27.600000381469727,27.600000381469727,0
2024-01-16,27.8700008392334,27.8700008392334,27.719999313354492,27.719999313354492,258000
2024-01-17,27.770000457763672,27.780000686645508,27.690000534057617,27.729999542236328,347015
2024-01-18,27.610000610351562,27.690000534057617,27.610000610351562,27.690000534057617,243015
2024-01-19,27.3799991607666,27.459999084472656,27.3700008392334,27.459999084472656,257000
2024-01-22,27.459999084472656,27.510000228881836,27.450000762939453,27.510000228881836,229000
2024-01-23,27.450000762939453,27.450000762939453,27.3700008392334,27.450000762939453,281000
2024-01-24,27.600000381469727,27.610000610351562,27.579999923706055,27.59000015258789,237400
2024-01-25,27.200000762939453,27.34000015258789,27.18000030517578,27.34000015258789,206010
2024-01-26,27.350000381469727,27.459999084472656,27.350000381469727,27.399999618530273,316000
2024-01-29,27.3700008392334,27.389999389648438,27.360000610351562,27.3799991607666,211000
2024-01-30,27.760000228881836,27.760000228881836,27.690000534057617,27.709999084472656,303000
2024-01-31,27.65999984741211,27.65999984741211,27.530000686645508,27.549999237060547,466076
2024-02-01,27.3700008392334,27.389999389648438,27.31999969482422,27.31999969482422,261000
2024-02-02,27.540000915527344,27.59000015258789,27.540000915527344,27.549999237060547,211034
2024-02-05,27.200000762939453,27.239999771118164,27.1200008392334,27.1200008392334,587010
2024-02-15,27.309999465942383,27.420000076293945,27.170000076293945,27.420000076293945,229967
2024-02-16,27.65999984741211,27.700000762939453,27.6299991607666,27.639999389648438,320000
2024-02-19,27.59000015258789,27.6200008392334,27.559999465942383,27.6200008392334,244007
2024-02-20,27.540000915527344,27.540000915527344,27.450000762939453,27.450000762939453,292000
2024-02-21,27.530000686645508,27.530000686645508,27.5,27.530000686645508,276227
2024-02-22,27.65999984741211,27.670000076293945,27.639999389648438,27.65999984741211,231112
2024-02-23,27.969999313354492,27.969999313354492,27.90999984741211,27.90999984741211,263334
2024-02-26,28.1200008392334,28.1299991607666,28.049999237060547,28.110000610351562,318000
2024-02-27,28.40999984741211,28.440000534057617,28.389999389648438,28.399999618530273,316000
2024-02-29,28.559999465942383,28.610000610351562,28.40999984741211,28.40999984741211,465000
2024-03-01,27.75,27.81999969482422,27.709999084472656,27.799999237060547,362000
2024-03-04,28.18000030517578,28.270000457763672,28.15999984741211,28.270000457763672,345042
2024-03-05,27.829999923706055,27.8799991607666,27.790000915527344,27.8799991607666,401000
2024-03-06,27.809999465942383,27.829999923706055,27.770000457763672,27.829999923706055,211000
2024-03-07,27.700000762939453,27.709999084472656,27.610000610351562,27.639999389648438,388000
2024-03-08,27.709999084472656,27.770000457763672,27.700000762939453,27.700000762939453,242000
2024-03-11,27.790000915527344,27.829999923706055,27.790000915527344,27.81999969482422,271000
2024-03-12,27.920000076293945,27.920000076293945,27.860000610351562,27.860000610351562,193000
2024-03-13,27.719999313354492,27.729999542236328,27.700000762939453,27.700000762939453,229000
2024-03-14,27.860000610351562,27.889999389648438,27.84000015258789,27.889999389648438,149007
2024-03-15,27.440000534057617,27.440000534057617,27.34000015258789,27.34000015258789,256005
2024-03-18,27.540000915527344,27.540000915527344,27.399999618530273,27.399999618530273,233000
2024-03-19,27.420000076293945,27.420000076293945,27.309999465942383,27.3700008392334,224750
2024-03-20,27.600000381469727,27.6200008392334,27.579999923706055,27.59000015258789,296000
2024-03-21,27.920000076293945,27.920000076293945,27.829999923706055,27.889999389648438,193227
2024-03-22,28.010000228881836,28.020000457763672,27.979999542236328,28.0,279000
2024-03-25,27.729999542236328,27.90999984741211,27.719999313354492,27.8700008392334,269116
2024-03-26,27.860000610351562,27.860000610351562,27.770000457763672,27.790000915527344,212571
2024-03-27,27.920000076293945,27.940000534057617,27.8700008392334,27.8700008392334,134040
2024-03-28,28.18000030517578,28.25,28.139999389648438,28.25,468096
2024-03-29,28.18000030517578,28.18000030517578,28.170000076293945,28.170000076293945,104000
2024-04-01,28.190000534057617,28.209999084472656,28.190000534057617,28.200000762939453,389000
2024-04-02,27.950000762939453,27.989999771118164,27.940000534057617,27.940000534057617,270010
2024-04-03,27.299999237060547,27.399999618530273,27.299999237060547,27.360000610351562,342000
2024-04-08,27.239999771118164,27.239999771118164,27.209999084472656,27.239999771118164,211000
2024-04-09,27.290000915527344,27.309999465942383,27.239999771118164,27.309999465942383,308015
2024-04-10,27.549999237060547,27.59000015258789,27.520000457763672,27.59000015258789,273000
2024-04-11,27.219999313354492,27.229999542236328,27.110000610351562,27.110000610351562,319000
2024-04-12,27.40999984741211,27.40999984741211,27.31999969482422,27.329999923706055,260000
2024-04-15,27.030000686645508,27.030000686645508,26.969999313354492,26.979999542236328,226164
2024-04-16,26.790000915527344,26.790000915527344,26.690000534057617,26.690000534057617,408000
2024-04-17,26.610000610351562,26.639999389648438,26.600000381469727,26.639999389648438,212381
2024-04-18,26.350000381469727,26.389999389648438,26.34000015258789,26.389999389648438,319000
2024-04-19,26.020000457763672,26.190000534057617,25.989999771118164,26.190000534057617,324000
2024-04-22,26.489999771118164,26.489999771118164,26.31999969482422,26.31999969482422,262000
2024-04-23,26.6299991607666,26.65999984741211,26.600000381469727,26.639999389648438,240000
2024-04-24,27.010000228881836,27.010000228881836,26.969999313354492,26.969999313354492,290275
2024-04-25,26.940000534057617,27.040000915527344,26.940000534057617,27.040000915527344,207000
2024-04-26,26.530000686645508,26.56999969482422,26.489999771118164,26.56999969482422,268000
2024-04-29,26.8799991607666,26.889999389648438,26.799999237060547,26.799999237060547,261000
2024-04-30,27.190000534057617,27.200000762939453,27.1299991607666,27.200000762939453,256000
2024-05-02,27.6299991607666,27.729999542236328,27.6299991607666,27.700000762939453,285000
2024-05-03,27.850000381469727,27.93000030517578,27.850000381469727,27.899999618530273,286100
2024-05-06,28.110000610351562,28.15999984741211,28.110000610351562,28.139999389648438,477069
2024-05-07,28.040000915527344,28.079999923706055,28.0,28.0,241010
2024-05-08,28.1200008392334,28.149999618530273,28.079999923706055,28.110000610351562,299000
2024-05-09,27.950000762939453,27.989999771118164,27.950000762939453,27.969999313354492,252000
2024-05-10,28.059999465942383,28.079999923706055,28.059999465942383,28.059999465942383,192000
2024-05-13,27.850000381469727,27.860000610351562,27.790000915527344,27.790000915527344,193026
2024-05-14,28.09000015258789,28.149999618530273,28.079999923706055,28.100000381469727,419000
2024-05-15,28.09000015258789,28.200000762939453,28.09000015258789,28.190000534057617,256000
2024-05-16,28.239999771118164,28.31999969482422,28.200000762939453,28.200000762939453,211010
2024-05-17,28.3700008392334,28.43000030517578,28.31999969482422,28.31999969482422,346000
2024-05-20,28.329999923706055,28.34000015258789,28.309999465942383,28.31999969482422,277000
2024-05-21,28.549999237060547,28.56999969482422,28.459999084472656,28.459999084472656,231104
2024-05-22,28.5,28.520000457763672,28.440000534057617,28.479999542236328,235010
2024-05-23,28.709999084472656,28.739999771118164,28.690000534057617,28.690000534057617,366000
2024-05-24,28.34000015258789,28.360000610351562,28.299999237060547,28.299999237060547,199000
2024-05-27,28.239999771118164,28.270000457763672,28.200000762939453,28.270000457763672,300000
2024-05-28,28.299999237060547,28.299999237060547,28.25,28.280000686645508,281000
2024-05-29,27.889999389648438,27.889999389648438,27.790000915527344,27.84000015258789,276000
2024-05-30,27.6200008392334,27.6299991607666,27.579999923706055,27.579999923706055,429000
2024-05-31,28.200000762939453,28.209999084472656,28.110000610351562,28.110000610351562,310000
2024-06-03,28.43000030517578,28.459999084472656,28.329999923706055,28.399999618530273,442064
2024-06-04,28.770000457763672,28.81999969482422,28.75,28.780000686645508,247010
2024-06-05,28.799999237060547,28.84000015258789,28.790000915527344,28.809999465942383,229030
2024-06-06,29.170000076293945,29.219999313354492,29.170000076293945,29.209999084472656,404010
2024-06-07,29.149999618530273,29.170000076293945,29.1200008392334,29.1200008392334,270080
2024-06-11,29.1200008392334,29.1200008392334,29.0,29.020000457763672,484043
2024-06-12,29.079999923706055,29.09000015258789,29.049999237060547,29.079999923706055,166022
2024-06-13,29.100000381469727,29.190000534057617,29.100000381469727,29.190000534057617,599000
2024-06-14,29.040000915527344,29.1200008392334,29.040000915527344,29.09000015258789,269006
2024-06-17,28.899999618530273,28.950000762939453,28.8700008392334,28.8700008392334,268000
2024-06-18,28.68000030517578,28.709999084472656,28.6299991607666,28.709999084472656,415000
2024-06-19,28.399999618530273,28.43000030517578,28.3700008392334,28.399999618530273,537010
2024-06-20,28.489999771118164,28.489999771118164,28.399999618530273,28.399999618530273,264000
2024-06-21,28.90999984741211,28.950000762939453,28.809999465942383,28.809999465942383,292103
2024-06-24,29.219999313354492,29.219999313354492,29.149999618530273,29.200000762939453,346019
2024-06-25,29.809999465942383,29.860000610351562,29.56999969482422,29.56999969482422,1042010
2024-06-26,29.8700008392334,29.889999389648438,29.809999465942383,29.809999465942383,295000
2024-06-27,29.40999984741211,29.440000534057617,29.260000228881836,29.329999923706055,342000
2024-06-28,29.530000686645508,29.600000381469727,29.530000686645508,29.579999923706055,331000
2024-07-01,29.3700008392334,29.420000076293945,29.360000610351562,29.40999984741211,321000
2024-07-02,29.329999923706055,29.350000381469727,29.299999237060547,29.299999237060547,350000
2024-07-03,29.149999618530273,29.170000076293945,29.100000381469727,29.170000076293945,218000
2024-07-04,28.829999923706055,28.889999389648438,28.790000915527344,28.889999389648438,416066
2024-07-05,28.770000457763672,28.770000457763672,28.700000762939453,28.760000228881836,278073
2024-07-08,28.940000534057617,29.010000228881836,28.940000534057617,28.979999542236328,283000
2024-07-09,29.540000915527344,29.56999969482422,29.459999084472656,29.459999084472656,226000
2024-07-10,29.790000915527344,29.829999923706055,29.739999771118164,29.739999771118164,230176
2024-07-11,30.079999923706055,30.18000030517578,30.079999923706055,30.149999618530273,343011
2024-07-12,30.739999771118164,30.799999237060547,30.690000534057617,30.690000534057617,434131
2024-07-15,31.170000076293945,31.200000762939453,31.049999237060547,31.049999237060547,287137
2024-07-16,31.229999542236328,31.25,31.200000762939453,31.25,267010
2024-07-17,31.59000015258789,31.6299991607666,31.56999969482422,31.56999969482422,301055
2024-07-18,31.489999771118164,31.510000228881836,31.459999084472656,31.479999542236328,252000
2024-07-19,31.139999389648438,31.170000076293945,31.100000381469727,31.1299991607666,315128
2024-07-22,31.239999771118164,31.309999465942383,31.09000015258789,31.149999618530273,260160
2024-07-23,31.350000381469727,31.3700008392334,31.309999465942383,31.360000610351562,329049
2024-07-26,31.719999313354492,31.719999313354492,31.56999969482422,31.68000030517578,251050
2024-07-29,32.040000915527344,32.09000015258789,32.0,32.040000915527344,404114
2024-07-30,31.700000762939453,31.700000762939453,31.610000610351562,31.700000762939453,354000
2024-07-31,31.780000686645508,31.81999969482422,31.729999542236328,31.729999542236328,623000
2024-08-01,31.610000610351562,31.6200008392334,31.540000915527344,31.59000015258789,576008
2024-08-02,31.280000686645508,31.350000381469727,31.15999984741211,31.15999984741211,778015
2024-08-05,29.780000686645508,30.540000915527344,29.760000228881836,30.540000915527344,842006
2024-08-06,30.25,30.399999618530273,30.209999084472656,30.3700008392334,507000
2024-08-07,30.510000228881836,30.510000228881836,30.43000030517578,30.43000030517578,608000
2024-08-08,29.579999923706055,29.719999313354492,29.56999969482422,29.639999389648438,582008
2024-08-09,30.030000686645508,30.229999542236328,29.940000534057617,30.229999542236328,625000
2024-08-12,30.110000610351562,30.1200008392334,30.040000915527344,30.079999923706055,612000
2024-08-13,30.059999465942383,30.100000381469727,30.030000686645508,30.100000381469727,424000
2024-08-14,30.219999313354492,30.280000686645508,30.190000534057617,30.260000228881836,527000
2024-08-15,30.280000686645508,30.329999923706055,30.25,30.329999923706055,492000
2024-08-16,30.639999389648438,30.700000762939453,30.540000915527344,30.540000915527344,418004
2024-08-19,30.290000915527344,30.639999389648438,30.290000915527344,30.639999389648438,482000
2024-08-20,30.959999084472656,30.969999313354492,30.829999923706055,30.950000762939453,511000
2024-08-21,30.989999771118164,30.989999771118164,30.899999618530273,30.899999618530273,235042
2024-08-22,31.1299991607666,31.1299991607666,31.059999465942383,31.1200008392334,738096
2024-08-23,30.920000076293945,30.940000534057617,30.770000457763672,30.770000457763672,409000
2024-08-26,30.940000534057617,31.09000015258789,30.93000030517578,31.09000015258789,497000
2024-08-27,31.030000686645508,31.049999237060547,30.940000534057617,30.940000534057617,436000
2024-08-28,31.010000228881836,31.010000228881836,30.950000762939453,31.0,625000
2024-08-29,31.040000915527344,31.049999237060547,31.030000686645508,31.040000915527344,463000
2024-08-30,31.010000228881836,31.030000686645508,30.93000030517578,30.950000762939453,505000
2024-09-02,30.950000762939453,31.0,30.940000534057617,31.0,410000
2024-09-03,30.860000610351562,30.979999542236328,30.860000610351562,30.950000762939453,616099
2024-09-04,30.43000030517578,30.43000030517578,30.360000610351562,30.420000076293945,484010
2024-09-05,30.440000534057617,30.639999389648438,30.440000534057617,30.639999389648438,455000
2024-09-06,30.149999618530273,30.280000686645508,30.149999618530273,30.280000686645508,390690
2024-09-09,30.079999923706055,30.079999923706055,29.979999542236328,30.0,566134
2024-09-10,30.34000015258789,30.34000015258789,30.25,30.299999237060547,514002
2024-09-11,30.440000534057617,30.549999237060547,30.440000534057617,30.549999237060547,522000
2024-09-12,30.770000457763672,30.770000457763672,30.639999389648438,30.639999389648438,517000
2024-09-13,30.709999084472656,30.729999542236328,30.690000534057617,30.729999542236328,510000
2024-09-16,31.020000457763672,31.100000381469727,31.0,31.100000381469727,546000
2024-09-18,31.030000686645508,31.040000915527344,30.979999542236328,31.0,401030
2024-09-19,31.170000076293945,31.18000030517578,30.959999084472656,30.959999084472656,478000
2024-09-20,31.030000686645508,31.030000686645508,30.700000762939453,30.700000762939453,845000
2024-09-23,31.079999923706055,31.079999923706055,30.989999771118164,30.989999771118164,523000
2024-09-24,30.270000457763672,30.399999618530273,30.270000457763672,30.34000015258789,619000
2024-09-25,29.889999389648438,30.059999465942383,29.860000610351562,30.059999465942383,547000
2024-09-26,29.799999237060547,29.81999969482422,29.68000030517578,29.719999313354492,350055
2024-09-27,29.84000015258789,29.850000381469727,29.790000915527344,29.850000381469727,512008
2024-09-30,29.760000228881836,29.790000915527344,29.709999084472656,29.739999771118164,482010
2024-10-01,30.170000076293945,30.18000030517578,30.0,30.0,496000
2024-10-04,29.899999618530273,29.989999771118164,29.81999969482422,29.920000076293945,428140
2024-10-07,30.030000686645508,30.100000381469727,30.030000686645508,30.030000686645508,269060
2024-10-08,29.6200008392334,29.649999618530273,29.520000457763672,29.649999618530273,640000
2024-10-09,29.75,29.8700008392334,29.719999313354492,29.799999237060547,435010
2024-10-11,29.729999542236328,29.770000457763672,29.729999542236328,29.75,462000
2024-10-14,30.06999969482422,30.06999969482422,30.010000228881836,30.059999465942383,488000
2024-10-15,30.170000076293945,30.170000076293945,30.100000381469727,30.100000381469727,445000
2024-10-16,30.489999771118164,30.559999465942383,30.270000457763672,30.270000457763672,545066
2024-10-17,30.56999969482422,30.610000610351562,30.520000457763672,30.520000457763672,597100
2024-10-18,30.420000076293945,30.450000762939453,30.40999984741211,30.43000030517578,408065
2024-10-21,30.299999237060547,30.479999542236328,30.280000686645508,30.479999542236328,459000
2024-10-22,29.829999923706055,29.889999389648438,29.790000915527344,29.889999389648438,675000
2024-10-23,30.010000228881836,30.049999237060547,29.969999313354492,29.969999313354492,484083
2024-10-24,29.700000762939453,29.899999618530273,29.690000534057617,29.899999618530273,417010
2024-10-25,29.719999313354492,29.799999237060547,29.709999084472656,29.729999542236328,459000
2024-10-28,29.860000610351562,29.860000610351562,29.780000686645508,29.81999969482422,393000
2024-10-29,29.90999984741211,29.979999542236328,29.65999984741211,29.65999984741211,624000
2024-10-30,29.760000228881836,29.850000381469727,29.709999084472656,29.850000381469727,455000
2024-11-01,29.489999771118164,29.489999771118164,29.440000534057617,29.459999084472656,207085
2024-11-04,29.65999984741211,29.65999984741211,29.59000015258789,29.610000610351562,475170
2024-11-05,29.8700008392334,29.8700008392334,29.81999969482422,29.81999969482422,509050
2024-11-06,30.399999618530273,30.649999618530273,30.139999389648438,30.139999389648438,509099
2024-11-07,30.670000076293945,30.739999771118164,30.639999389648438,30.68000030517578,542100
2024-11-08,30.75,30.899999618530273,30.75,30.899999618530273,491000
2024-11-11,31.219999313354492,31.260000228881836,31.040000915527344,31.040000915527344,424094
2024-11-12,31.06999969482422,31.1200008392334,31.040000915527344,31.040000915527344,286089
2024-11-13,30.399999618530273,30.670000076293945,30.3799991607666,30.670000076293945,434000
2024-11-14,30.25,30.299999237060547,30.239999771118164,30.270000457763672,461000
2024-11-15,29.559999465942383,29.56999969482422,29.540000915527344,29.540000915527344,64200
2024-11-18,28.329999923706055,28.34000015258789,28.280000686645508,28.34000015258789,615000
2024-11-19,28.079999923706055,28.110000610351562,28.0,28.100000381469727,435000
2024-11-20,28.219999313354492,28.219999313354492,28.219999313354492,28.219999313354492,1000
2024-11-21,28.469999313354492,28.469999313354492,28.3799991607666,28.420000076293945,504052
2024-11-22,28.670000076293945,28.729999542236328,28.610000610351562,28.610000610351562,305000
2024-11-25,29.219999313354492,29.31999969482422,29.190000534057617,29.280000686645508,538000
2024-11-26,29.540000915527344,29.579999923706055,29.399999618530273,29.399999618530273,525100
2024-11-27,29.700000762939453,29.700000762939453,29.59000015258789,29.59000015258789,465000
2024-11-28,29.969999313354492,29.969999313354492,29.84000015258789,29.850000381469727,254196
2024-11-29,29.899999618530273,29.899999618530273,29.860000610351562,29.8799991607666,740000
2024-12-02,29.829999923706055,29.829999923706055,29.719999313354492,29.719999313354492,227000
2024-12-03,29.8799991607666,29.920000076293945,29.799999237060547,29.829999923706055,668062
2024-12-04,29.34000015258789,29.3700008392334,29.34000015258789,29.350000381469727,471065
2024-12-05,29.420000076293945,29.440000534057617,29.389999389648438,29.440000534057617,405000
2024-12-06,29.290000915527344,29.389999389648438,29.280000686645508,29.389999389648438,460000
2024-12-09,29.700000762939453,29.700000762939453,29.579999923706055,29.579999923706055,274000
2024-12-10,29.65999984741211,29.700000762939453,29.65999984741211,29.700000762939453,686050
2024-12-11,29.489999771118164,29.520000457763672,29.489999771118164,29.510000228881836,259000
2024-12-12,29.3799991607666,29.389999389648438,29.34000015258789,29.389999389648438,614000
2024-12-13,28.739999771118164,28.780000686645508,28.700000762939453,28.780000686645508,225166
2024-12-16,28.65999984741211,29.100000381469727,28.6200008392334,29.100000381469727,67000
2024-12-17,28.860000610351562,28.860000610351562,28.809999465942383,28.809999465942383,813006
2024-12-18,29.0,29.010000228881836,28.93000030517578,28.93000030517578,543116
2024-12-19,27.979999542236328,28.049999237060547,27.8700008392334,27.989999771118164,390011
2024-12-20,27.68000030517578,27.8700008392334,27.5,27.8700008392334,910138
2024-12-23,28.1299991607666,28.1299991607666,27.940000534057617,27.940000534057617,313010
2024-12-24,28.1299991607666,28.1299991607666,28.059999465942383,28.1299991607666,407065
2024-12-25,28.229999542236328,28.399999618530273,28.200000762939453,28.399999618530273,206000
2024-12-26,28.260000228881836,28.270000457763672,28.219999313354492,28.219999313354492,756076
2024-12-27,28.360000610351562,28.360000610351562,28.270000457763672,28.270000457763672,865130
2024-12-30,28.209999084472656,28.209999084472656,28.15999984741211,28.15999984741211,412098
2024-12-31,27.799999237060547,27.809999465942383,27.75,27.780000686645508,463085
2025-01-02,28.100000381469727,28.100000381469727,27.940000534057617,27.940000534057617,460011
2025-01-03,28.280000686645508,28.290000915527344,28.25,28.25,416000
2025-01-06,28.360000610351562,28.360000610351562,28.25,28.350000381469727,524011
2025-01-07,28.079999923706055,28.15999984741211,28.079999923706055,28.15999984741211,556085
2025-01-08,28.639999389648438,28.68000030517578,28.440000534057617,28.450000762939453,429000
2025-01-09,28.479999542236328,28.5,28.40999984741211,28.40999984741211,416000
2025-01-10,28.469999313354492,28.469999313354492,28.350000381469727,28.360000610351562,242104
2025-01-13,27.979999542236328,28.010000228881836,27.959999084472656,28.0,546000
2025-01-14,28.309999465942383,28.309999465942383,28.260000228881836,28.260000228881836,215000
2025-01-15,27.780000686645508,27.780000686645508,27.700000762939453,27.719999313354492,723033
2025-01-16,28.1200008392334,28.190000534057617,27.940000534057617,27.940000534057617,472000
2025-01-17,28.09000015258789,28.09000015258789,27.979999542236328,27.979999542236328,406010
2025-01-20,27.84000015258789,27.920000076293945,27.84000015258789,27.899999618530273,276000
2025-01-21,27.829999923706055,27.8799991607666,27.700000762939453,27.8799991607666,639000
2025-01-22,28.559999465942383,28.610000610351562,28.200000762939453,28.200000762939453,271000
2025-02-03,29.0,29.079999923706055,28.540000915527344,28.540000915527344,718000
2025-02-04,29.06999969482422,29.280000686645508,29.040000915527344,29.25,413150
2025-02-05,29.469999313354492,29.700000762939453,29.469999313354492,29.690000534057617,678050
2025-02-06,30.209999084472656,30.219999313354492,30.0,30.0,503129
2025-02-07,29.829999923706055,29.889999389648438,29.799999237060547,29.889999389648438,286053
2025-02-10,29.299999237060547,29.34000015258789,29.209999084472656,29.34000015258789,365214
2025-02-11,28.8799991607666,28.8799991607666,28.809999465942383,28.829999923706055,492085
2025-02-12,28.649999618530273,28.760000228881836,28.649999618530273,28.760000228881836,289000
2025-02-13,28.93000030517578,28.989999771118164,28.93000030517578,28.93000030517578,483042
2025-02-14,29.34000015258789,29.34000015258789,29.15999984741211,29.15999984741211,530000
2025-02-17,29.25,29.25,29.170000076293945,29.170000076293945,264009
2025-02-18,29.260000228881836,29.290000915527344,29.200000762939453,29.200000762939453,439000
2025-02-19,29.3799991607666,29.3799991607666,29.350000381469727,29.350000381469727,271000
2025-02-20,29.549999237060547,29.579999923706055,29.540000915527344,29.549999237060547,774000
2025-02-21,29.739999771118164,29.760000228881836,29.719999313354492,29.719999313354492,257000
2025-02-24,29.760000228881836,29.790000915527344,29.709999084472656,29.709999084472656,309050
2025-02-25,29.579999923706055,29.610000610351562,29.540000915527344,29.59000015258789,660000
2025-02-26,29.40999984741211,29.450000762939453,29.350000381469727,29.450000762939453,494000
2025-02-27,29.170000076293945,29.18000030517578,29.09000015258789,29.139999389648438,635000
2025-03-03,29.299999237060547,29.299999237060547,29.149999618530273,29.149999618530273,323000
2025-03-04,28.889999389648438,28.889999389648438,28.770000457763672,28.829999923706055,579000
2025-03-05,28.920000076293945,28.940000534057617,28.850000381469727,28.899999618530273,655000
2025-03-06,29.229999542236328,29.229999542236328,29.09000015258789,29.09000015258789,530000
2025-03-07,29.15999984741211,29.219999313354492,29.1299991607666,29.190000534057617,536000
2025-03-10,29.15999984741211,29.190000534057617,29.040000915527344,29.15999984741211,499500
2025-03-11,29.5,29.5,29.1200008392334,29.18000030517578,573098
2025-03-12,28.899999618530273,28.90999984741211,28.860000610351562,28.8799991607666,489000
2025-03-13,28.65999984741211,28.8799991607666,28.65999984741211,28.8799991607666,520000
2025-03-14,28.920000076293945,28.969999313354492,28.829999923706055,28.829999923706055,675000
2025-03-17,28.709999084472656,28.920000076293945,28.700000762939453,28.920000076293945,463000
2025-03-18,29.09000015258789,29.18000030517578,28.940000534057617,28.940000534057617,233104
2025-03-19,28.780000686645508,28.84000015258789,28.760000228881836,28.81999969482422,438000
2025-03-20,29.1200008392334,29.170000076293945,29.06999969482422,29.170000076293945,579000
2025-03-21,28.639999389648438,28.719999313354492,28.639999389648438,28.719999313354492,308000
2025-03-24,28.90999984741211,28.90999984741211,28.889999389648438,28.889999389648438,675033
2025-03-25,29.1200008392334,29.170000076293945,29.09000015258789,29.139999389648438,471050
2025-03-26,28.639999389648438,28.739999771118164,28.639999389648438,28.739999771118164,621000
2025-03-27,28.360000610351562,28.360000610351562,28.31999969482422,28.329999923706055,283033
2025-03-28,28.3700008392334,28.40999984741211,28.350000381469727,28.350000381469727,512000
2025-03-31,27.920000076293945,27.920000076293945,27.829999923706055,27.860000610351562,579000
2025-04-01,27.639999389648438,27.690000534057617,27.579999923706055,27.579999923706055,377030
2025-04-02,26.709999084472656,26.860000610351562,26.709999084472656,26.850000381469727,845050
2025-04-07,24.360000610351562,24.850000381469727,23.0,24.100000381469727,149000
2025-04-08,25.110000610351562,25.309999465942383,25.049999237060547,25.049999237060547,578013
2025-04-09,23.770000457763672,24.479999542236328,23.770000457763672,24.34000015258789,472140
2025-04-10,25.299999237060547,25.59000015258789,25.270000457763672,25.520000457763672,35119
2025-04-11,24.6200008392334,24.709999084472656,24.450000762939453,24.5,393200
2025-04-14,25.280000686645508,25.280000686645508,24.799999237060547,24.799999237060547,200455
2025-04-15,25.670000076293945,25.850000381469727,25.649999618530273,25.850000381469727,352015
2025-04-16,25.360000610351562,25.56999969482422,25.360000610351562,25.56999969482422,466041
2025-04-17,25.25,25.25,25.18000030517578,25.209999084472656,355000
2025-04-18,25.649999618530273,25.68000030517578,25.600000381469727,25.68000030517578,419000
2025-04-21,25.18000030517578,25.360000610351562,25.18000030517578,25.350000381469727,329148
2025-04-22,25.280000686645508,25.299999237060547,25.25,25.260000228881836,440000
2025-04-23,25.799999237060547,25.989999771118164,25.75,25.920000076293945,197000
2025-04-24,26.09000015258789,26.229999542236328,26.09000015258789,26.190000534057617,447001
2025-04-25,26.479999542236328,26.65999984741211,26.479999542236328,26.65999984741211,247000
2025-04-28,26.09000015258789,26.1200008392334,26.06999969482422,26.1200008392334,234000
2025-04-29,26.450000762939453,26.540000915527344,26.450000762939453,26.530000686645508,301000
2025-04-30,26.209999084472656,26.399999618530273,26.209999084472656,26.399999618530273,258004
2025-05-02,26.020000457763672,26.59000015258789,25.899999618530273,26.59000015258789,487030
2025-05-05,24.489999771118164,25.979999542236328,24.450000762939453,25.979999542236328,506319
2025-05-06,24.770000457763672,24.809999465942383,24.75,24.75,54000
2025-05-07,23.59000015258789,23.68000030517578,23.530000686645508,23.68000030517578,511054
2025-05-08,23.719999313354492,23.719999313354492,23.56999969482422,23.56999969482422,348011
2025-05-09,23.530000686645508,23.540000915527344,23.450000762939453,23.5,565000
2025-05-12,23.40999984741211,23.530000686645508,23.3700008392334,23.530000686645508,637100
2025-05-13,24.079999923706055,24.100000381469727,23.950000762939453,24.100000381469727,498000
2025-05-14,23.68000030517578,24.040000915527344,23.649999618530273,24.040000915527344,340000
2025-05-15,23.1299991607666,23.229999542236328,23.100000381469727,23.200000762939453,410050
2025-05-16,23.709999084472656,23.709999084472656,23.600000381469727,23.6299991607666,387000
2025-05-19,24.040000915527344,24.049999237060547,23.90999984741211,23.90999984741211,571000
2025-05-20,24.399999618530273,24.40999984741211,24.34000015258789,24.3700008392334,397020
2025-05-21,24.739999771118164,24.799999237060547,24.700000762939453,24.75,506000
2025-05-22,24.190000534057617,24.299999237060547,24.15999984741211,24.280000686645508,435050
2025-05-23,24.049999237060547,24.18000030517578,24.020000457763672,24.18000030517578,310010
2025-05-26,24.219999313354492,24.219999313354492,24.18000030517578,24.190000534057617,349000
2025-05-27,24.100000381469727,24.100000381469727,24.06999969482422,24.06999969482422,255500
2025-05-28,24.15999984741211,24.15999984741211,24.1299991607666,24.139999389648438,228003
2025-05-29,24.18000030517578,24.260000228881836,24.15999984741211,24.260000228881836,535011
2025-06-02,23.850000381469727,24.18000030517578,23.799999237060547,24.18000030517578,235013
2025-06-03,24.280000686645508,24.290000915527344,24.25,24.260000228881836,216000
2025-06-04,24.6299991607666,24.639999389648438,24.549999237060547,24.549999237060547,483160
2025-06-05,24.56999969482422,24.579999923706055,24.479999542236328,24.530000686645508,430125
2025-06-06,24.579999923706055,24.600000381469727,24.549999237060547,24.59000015258789,631000
2025-06-09,24.90999984741211,25.0,24.889999389648438,24.889999389648438,229051
2025-06-10,25.0,25.18000030517578,25.0,25.010000228881836,394000
2025-06-11,25.170000076293945,25.209999084472656,25.15999984741211,25.190000534057617,258002
2025-06-12,24.770000457763672,24.959999084472656,24.719999313354492,24.959999084472656,422600
2025-06-13,24.579999923706055,24.68000030517578,24.520000457763672,24.68000030517578,409000
2025-06-16,24.84000015258789,24.920000076293945,24.780000686645508,24.90999984741211,525000
2025-06-17,24.649999618530273,24.700000762939453,24.600000381469727,24.700000762939453,637000
2025-06-18,24.31999969482422,24.3700008392334,24.280000686645508,24.290000915527344,286000
2025-06-19,24.350000381469727,24.3700008392334,24.299999237060547,24.329999923706055,287254
2025-06-20,24.350000381469727,24.360000610351562,24.290000915527344,24.360000610351562,402019
2025-06-23,24.40999984741211,24.420000076293945,24.309999465942383,24.329999923706055,218148
2025-06-24,24.3700008392334,24.43000030517578,24.3700008392334,24.389999389648438,215100
2025-06-25,24.520000457763672,24.65999984741211,24.459999084472656,24.65999984741211,358157
2025-06-26,24.15999984741211,24.610000610351562,24.1299991607666,24.610000610351562,469000
2025-06-27,24.06999969482422,24.149999618530273,24.030000686645508,24.149999618530273,349212
2025-06-30,24.34000015258789,24.360000610351562,24.200000762939453,24.219999313354492,287000
2025-07-01,24.229999542236328,24.34000015258789,24.229999542236328,24.34000015258789,228091
2025-07-02,24.43000030517578,24.459999084472656,24.3799991607666,24.420000076293945,386110
2025-07-03,24.549999237060547,24.579999923706055,24.520000457763672,24.579999923706055,340206
2025-07-04,24.600000381469727,24.600000381469727,24.540000915527344,24.56999969482422,230350
2025-07-07,24.65999984741211,24.690000534057617,24.520000457763672,24.65999984741211,355000
2025-07-08,24.489999771118164,24.510000228881836,24.450000762939453,24.510000228881836,252364
2025-07-09,24.639999389648438,24.690000534057617,24.6299991607666,24.670000076293945,277100
2025-07-10,25.329999923706055,25.360000610351562,25.270000457763672,25.280000686645508,365452
2025-07-11,25.56999969482422,25.56999969482422,25.489999771118164,25.489999771118164,367000
2025-07-14,25.18000030517578,25.239999771118164,25.1200008392334,25.239999771118164,231038
2025-07-15,25.729999542236328,25.75,25.6200008392334,25.6200008392334,501023
2025-07-16,25.020000457763672,25.079999923706055,25.0,25.040000915527344,375000
2025-07-17,25.610000610351562,25.610000610351562,25.540000915527344,25.540000915527344,419000
2025-07-18,25.649999618530273,25.649999618530273,25.59000015258789,25.610000610351562,266000
2025-07-21,25.260000228881836,25.579999923706055,25.219999313354492,25.579999923706055,509000
2025-07-22,25.1299991607666,25.1299991607666,25.020000457763672,25.040000915527344,422139
2025-07-23,25.719999313354492,25.760000228881836,25.690000534057617,25.760000228881836,467031
2025-07-24,26.020000457763672,26.06999969482422,25.989999771118164,26.06999969482422,436008
2025-07-25,26.15999984741211,26.190000534057617,26.06999969482422,26.06999969482422,286016
2025-07-28,26.329999923706055,26.350000381469727,26.239999771118164,26.260000228881836,305000
2025-07-29,26.059999465942383,26.059999465942383,25.860000610351562,25.969999313354492,297150
2025-07-30,26.079999923706055,26.079999923706055,26.040000915527344,26.059999465942383,216000
2025-07-31,26.190000534057617,26.219999313354492,26.079999923706055,26.139999389648438,292300
2025-08-01,26.1299991607666,26.209999084472656,26.09000015258789,26.09000015258789,257000
2025-08-04,26.299999237060547,26.299999237060547,26.190000534057617,26.25,291076
2025-08-05,26.479999542236328,26.510000228881836,26.440000534057617,26.440000534057617,426000
2025-08-06,26.389999389648438,26.389999389648438,26.280000686645508,26.31999969482422,428160
2025-08-07,25.93000030517578,26.079999923706055,25.93000030517578,26.079999923706055,436290
2025-08-08,26.059999465942383,26.079999923706055,25.989999771118164,26.079999923706055,263050
2025-08-11,26.219999313354492,26.219999313354492,26.200000762939453,26.200000762939453,257001
2025-08-12,26.25,26.270000457763672,26.229999542236328,26.229999542236328,113000
2025-08-13,26.549999237060547,26.59000015258789,26.479999542236328,26.479999542236328,242210
2025-08-14,27.110000610351562,27.149999618530273,27.079999923706055,27.09000015258789,236010
2025-08-15,27.31999969482422,27.3799991607666,27.290000915527344,27.31999969482422,271605
2025-08-18,27.59000015258789,27.639999389648438,27.450000762939453,27.450000762939453,362003
2025-08-19,27.5,27.56999969482422,27.489999771118164,27.5,274110
2025-08-20,27.549999237060547,27.6200008392334,27.520000457763672,27.610000610351562,389000
2025-08-21,27.90999984741211,27.920000076293945,27.6200008392334,27.700000762939453,359115
2025-08-22,28.209999084472656,28.280000686645508,28.149999618530273,28.18000030517578,409020
2025-08-25,28.149999618530273,28.229999542236328,28.030000686645508,28.209999084472656,401000
2025-08-26,27.700000762939453,27.700000762939453,27.559999465942383,27.600000381469727,298000
2025-08-27,28.06999969482422,28.06999969482422,27.989999771118164,27.989999771118164,227221
2025-08-28,28.079999923706055,28.110000610351562,28.030000686645508,28.030000686645508,236002
2025-08-29,27.93000030517578,27.969999313354492,27.899999618530273,27.969999313354492,253000
2025-09-01,27.899999618530273,27.969999313354492,27.8799991607666,27.969999313354492,305033
2025-09-02,27.93000030517578,27.93000030517578,27.850000381469727,27.90999984741211,266000
2025-09-03,28.40999984741211,28.5,28.329999923706055,28.329999923706055,354010
2025-09-04,28.530000686645508,28.600000381469727,28.5,28.540000915527344,231017
2025-09-05,28.3700008392334,28.420000076293945,28.3700008392334,28.40999984741211,263013
2025-09-08,28.739999771118164,28.959999084472656,28.739999771118164,28.829999923706055,519010
2025-09-09,28.3700008392334,28.440000534057617,28.350000381469727,28.440000534057617,311000
2025-09-10,28.389999389648438,28.469999313354492,28.31999969482422,28.459999084472656,270360
2025-09-11,28.1200008392334,28.219999313354492,28.020000457763672,28.219999313354492,193035
2025-09-12,28.530000686645508,28.549999237060547,28.469999313354492,28.549999237060547,244000
2025-09-15,28.1299991607666,28.540000915527344,28.1200008392334,28.540000915527344,456000
2025-09-16,27.8700008392334,27.989999771118164,27.809999465942383,27.989999771118164,327020
2025-09-17,27.790000915527344,27.799999237060547,27.729999542236328,27.799999237060547,240000
2025-09-18,27.979999542236328,27.979999542236328,27.790000915527344,27.790000915527344,56010
2025-09-19,28.399999618530273,28.399999618530273,28.350000381469727,28.399999618530273,541000
2025-09-22,28.3799991607666,28.3799991607666,28.299999237060547,28.309999465942383,442105
2025-09-23,28.420000076293945,28.420000076293945,28.399999618530273,28.399999618530273,215000
2025-09-24,28.420000076293945,28.420000076293945,28.399999618530273,28.399999618530273,213000
2025-09-25,28.360000610351562,28.389999389648438,28.329999923706055,28.389999389648438,278000
2025-09-26,27.90999984741211,27.989999771118164,27.8700008392334,27.989999771118164,161000
2025-09-30,28.530000686645508,28.6200008392334,28.510000228881836,28.6200008392334,371008
2025-10-01,28.700000762939453,28.719999313354492,28.68000030517578,28.690000534057617,276104
2025-10-02,29.709999084472656,29.709999084472656,29.549999237060547,29.600000381469727,1008030
2025-10-03,29.829999923706055,29.860000610351562,29.790000915527344,29.81999969482422,242000
2025-10-07,29.850000381469727,30.0,29.81999969482422,30.0,268000
2025-10-08,30.219999313354492,30.219999313354492,30.170000076293945,30.200000762939453,261043
2025-10-09,30.299999237060547,30.3700008392334,30.299999237060547,30.350000381469727,384128
2025-10-13,30.3799991607666,30.450000762939453,30.1200008392334,30.170000076293945,447000
2025-10-14,30.200000762939453,30.3799991607666,30.170000076293945,30.3799991607666,278005
2025-10-15,30.360000610351562,30.399999618530273,30.309999465942383,30.360000610351562,249052
2025-10-16,30.799999237060547,30.799999237060547,30.610000610351562,30.610000610351562,309100
2025-10-17,30.440000534057617,30.719999313354492,30.440000534057617,30.700000762939453,619130
2025-10-20,30.770000457763672,30.829999923706055,30.770000457763672,30.790000915527344,322011
2025-10-21,31.100000381469727,31.139999389648438,31.079999923706055,31.139999389648438,262066
2025-10-22,31.040000915527344,31.059999465942383,30.90999984741211,30.950000762939453,774130
2025-10-23,30.75,30.799999237060547,30.670000076293945,30.68000030517578,203000
2025-10-27,31.049999237060547,31.09000015258789,31.010000228881836,31.049999237060547,336000
2025-10-28,31.059999465942383,31.139999389648438,31.059999465942383,31.139999389648438,269015
2025-10-29,31.149999618530273,31.15999984741211,31.110000610351562,31.1200008392334,324000
2025-10-30,31.31999969482422,31.360000610351562,31.200000762939453,31.200000762939453,487000
2025-10-31,31.479999542236328,31.530000686645508,31.469999313354492,31.469999313354492,262000
2025-11-03,32.040000915527344,32.060001373291016,31.8799991607666,31.8799991607666,266069
2025-11-04,31.469999313354492,31.989999771118164,31.469999313354492,31.989999771118164,294000
2025-11-05,31.579999923706055,31.579999923706055,31.3799991607666,31.3799991607666,356000
2025-11-06,31.979999542236328,31.979999542236328,31.65999984741211,31.65999984741211,242000
2025-11-07,32.029998779296875,32.029998779296875,31.940000534057617,32.0,112000
2025-11-10,32.060001373291016,32.09000015258789,32.029998779296875,32.060001373291016,381000
2025-11-11,32.11000061035156,32.16999816894531,32.099998474121094,32.099998474121094,325000
2025-11-12,33.13999938964844,33.16999816894531,33.060001373291016,33.09000015258789,371100
2025-11-13,33.369998931884766,33.369998931884766,33.310001373291016,33.310001373291016,356000
2025-11-14,33.029998779296875,33.119998931884766,33.0099983215332,33.099998474121094,700000
2025-11-17,33.31999969482422,33.33000183105469,32.439998626708984,32.5,360025
2025-11-18,33.529998779296875,33.65999984741211,33.5099983215332,33.5099983215332,343008
2025-11-19,34.02000045776367,34.029998779296875,33.849998474121094,33.900001525878906,392010
2025-11-20,33.849998474121094,33.95000076293945,33.849998474121094,33.90999984741211,326000
2025-11-21,33.47999954223633,33.56999969482422,33.439998626708984,33.56999969482422,388000
2025-11-24,34.31999969482422,34.31999969482422,34.04999923706055,34.04999923706055,301038
2025-11-25,34.61000061035156,34.63999938964844,34.43000030517578,34.43000030517578,279111
2025-11-26,35.119998931884766,35.130001068115234,35.0099983215332,35.119998931884766,533091
2025-11-27,35.25,35.25,35.119998931884766,35.119998931884766,310324
2025-11-28,35.459999084472656,35.459999084472656,35.25,35.2599983215332,226000
2025-12-01,35.25,35.27000045776367,35.09000015258789,35.099998474121094,695000
2025-12-02,34.66999816894531,34.66999816894531,34.599998474121094,34.65999984741211,379118
2025-12-03,34.41999816894531,34.66999816894531,34.369998931884766,34.66999816894531,359000
2025-12-04,34.959999084472656,35.0,34.88999938964844,35.0,291000
2025-12-05,35.0,35.0,34.9900016784668,35.0,92000
2025-12-08,34.63999938964844,34.70000076293945,34.56999969482422,34.68000030517578,519481
2025-12-09,34.38999938964844,34.43000030517578,34.36000061035156,34.400001525878906,121324
2025-12-10,33.880001068115234,33.90999984741211,33.77000045776367,33.90999984741211,220034
2025-12-11,34.15999984741211,34.20000076293945,34.06999969482422,34.06999969482422,338000
2025-12-12,34.77000045776367,34.77000045776367,34.40999984741211,34.40999984741211,488279
2025-12-15,34.70000076293945,34.7400016784668,34.63999938964844,34.7400016784668,306000
2025-12-16,34.7400016784668,34.7400016784668,34.56999969482422,34.650001525878906,273055
2025-12-17,34.65999984741211,34.70000076293945,34.599998474121094,34.689998626708984,354000
2025-12-18,34.38999938964844,34.529998779296875,34.20000076293945,34.20000076293945,409333
2025-12-19,34.20000076293945,34.20000076293945,34.11000061035156,34.11000061035156,349000
2025-12-22,35.029998779296875,35.029998779296875,34.91999816894531,34.91999816894531,298093
2025-12-23,35.349998474121094,35.38999938964844,35.34000015258789,35.369998931884766,282005
2025-12-24,35.150001525878906,35.220001220703125,35.13999938964844,35.20000076293945,353117
2025-12-26,35.41999816894531,35.459999084472656,35.38999938964844,35.41999816894531,241031
2025-12-29,35.189998626708984,35.2599983215332,35.15999984741211,35.2599983215332,348040
2025-12-30,34.869998931884766,35.029998779296875,34.869998931884766,35.029998779296875,352133
2025-12-31,34.54999923706055,34.630001068115234,34.43000030517578,34.439998626708984,508080
2026-01-02,34.790000915527344,34.810001373291016,34.66999816894531,34.68000030517578,281000
2026-01-05,34.63999938964844,34.65999984741211,34.599998474121094,34.63999938964844,390291
2026-01-06,34.349998474121094,34.38999938964844,34.279998779296875,34.279998779296875,455000
2026-01-07,35.150001525878906,35.20000076293945,35.060001373291016,35.060001373291016,504200
2026-01-08,36.13999938964844,36.189998626708984,35.9900016784668,36.08000183105469,334325
2026-01-09,35.720001220703125,35.7599983215332,35.58000183105469,35.58000183105469,325056
2026-01-12,35.470001220703125,35.529998779296875,35.380001068115234,35.400001525878906,297028
2026-01-13,35.41999816894531,35.5,35.209999084472656,35.5,402010
2026-01-14,35.33000183105469,35.41999816894531,35.29999923706055,35.29999923706055,299082
2026-01-15,35.689998626708984,35.689998626708984,35.59000015258789,35.59000015258789,329028
2026-01-16,35.2599983215332,35.470001220703125,35.22999954223633,35.31999969482422,328060
2026-01-19,34.869998931884766,35.2599983215332,34.79999923706055,35.2599983215332,472135
2026-01-20,34.900001525878906,35.04999923706055,34.900001525878906,34.900001525878906,304496
2026-01-21,35.43000030517578,35.43000030517578,35.130001068115234,35.130001068115234,396192
2026-01-22,36.209999084472656,36.2400016784668,36.119998931884766,36.150001525878906,326016
2026-01-23,36.77000045776367,36.79999923706055,36.61000061035156,36.61000061035156,272127
2026-01-26,35.939998626708984,36.58000183105469,35.84000015258789,36.58000183105469,461110
2026-01-27,36.40999984741211,36.41999816894531,36.0,36.0,384000
2026-01-28,36.27000045776367,36.599998474121094,36.22999954223633,36.599998474121094,320000
2026-01-29,35.540000915527344,35.59000015258789,35.5,35.540000915527344,453014
2026-01-30,35.540000915527344,35.619998931884766,35.470001220703125,35.61000061035156,302000
2026-02-02,35.150001525878906,35.560001373291016,35.150001525878906,35.560001373291016,343050
2026-02-03,36.06999969482422,36.06999969482422,35.939998626708984,35.939998626708984,242340
2026-02-04,36.150001525878906,36.150001525878906,36.040000915527344,36.040000915527344,296000
2026-02-05,36.150001525878906,36.20000076293945,36.040000915527344,36.20000076293945,344027
2026-02-06,35.540000915527344,35.7400016784668,35.5099983215332,35.7400016784668,561196
2026-02-09,36.310001373291016,36.5099983215332,36.27000045776367,36.38999938964844,262240
2026-02-10,36.08000183105469,36.18000030517578,36.04999923706055,36.18000030517578,311061
2026-02-11,35.56999969482422,35.7400016784668,35.540000915527344,35.7400016784668,433000
2026-02-23,35.86000061035156,36.0,35.68000030517578,35.689998626708984,267153
2026-02-24,36.400001525878906,36.459999084472656,36.310001373291016,36.34000015258789,280028
2026-02-25,36.40999984741211,36.56999969482422,36.380001068115234,36.56999969482422,227160
2026-02-26,36.2400016784668,36.40999984741211,36.2400016784668,36.40999984741211,229370
2026-03-02,36.43000030517578,36.52000045776367,36.310001373291016,36.349998474121094,350224
2026-03-03,36.22999954223633,36.33000183105469,36.099998474121094,36.29999923706055,51000
2026-03-04,35.83000183105469,35.84000015258789,35.709999084472656,35.77000045776367,141000
2026-03-05,36.279998779296875,36.29999923706055,36.189998626708984,36.27000045776367,365093
2026-03-06,35.939998626708984,35.959999084472656,35.81999969482422,35.959999084472656,235174
2026-03-09,34.75,34.84000015258789,34.439998626708984,34.84000015258789,249218
2026-03-10,36.189998626708984,36.290000915527344,35.150001525878906,35.150001525878906,258100
2026-03-11,36.400001525878906,36.47999954223633,36.290000915527344,36.470001220703125,319075
2026-03-12,35.90999984741211,36.0,35.83000183105469,35.95000076293945,298033
2026-03-13,35.54999923706055,35.54999923706055,35.349998474121094,35.369998931884766,464002
2026-03-16,35.619998931884766,35.63999938964844,35.4900016784668,35.4900016784668,286028
2026-03-17,35.5,35.619998931884766,35.38999938964844,35.619998931884766,305000
2026-03-18,35.7400016784668,35.7400016784668,35.54999923706055,35.54999923706055,273100
