Price,Close,High,Low,Open,Volume
Ticker,00685L.TW,00685L.TW,00685L.TW,00685L.TW,00685L.TW
Date,,,,,
2021-03-18,37.70000076293945,38.13999938964844,37.70000076293945,37.79999923706055,13000
2021-03-19,36.540000915527344,36.79999923706055,36.369998931884766,36.79999923706055,15000
2021-03-22,37.04999923706055,37.279998779296875,36.75,37.0,5000
2021-03-23,37.18000030517578,37.70000076293945,37.130001068115234,37.70000076293945,5000
2021-03-24,36.36000061035156,36.47999954223633,36.36000061035156,36.47999954223633,3000
2021-03-25,36.599998474121094,36.599998474121094,36.52000045776367,36.52000045776367,3000
2021-03-26,37.81999969482422,37.869998931884766,37.5,37.5,16000
2021-03-29,38.470001220703125,38.70000076293945,38.27000045776367,38.31999969482422,43000
2021-03-30,38.81999969482422,38.81999969482422,38.619998931884766,38.619998931884766,5000
2021-03-31,38.38999938964844,38.849998474121094,38.38999938964844,38.650001525878906,21000
2021-04-01,38.95000076293945,39.029998779296875,38.7599983215332,39.0,23000
2021-04-07,40.060001373291016,40.060001373291016,39.939998626708984,39.970001220703125,3000
2021-04-08,40.63999938964844,40.63999938964844,40.2400016784668,40.2400016784668,11000
2021-04-09,40.380001068115234,40.5,40.34000015258789,40.34000015258789,16000
2021-04-12,40.29999923706055,41.04999923706055,40.29999923706055,40.54999923706055,6000
2021-04-13,40.20000076293945,41.279998779296875,40.150001525878906,40.959999084472656,25000
2021-04-14,39.45000076293945,40.779998779296875,39.310001373291016,40.599998474121094,10000
2021-04-15,41.439998626708984,41.439998626708984,40.77000045776367,40.77000045776367,15000
2021-04-16,41.81999969482422,41.81999969482422,41.18000030517578,41.18000030517578,32000
2021-04-19,42.47999954223633,42.47999954223633,41.81999969482422,41.81999969482422,11000
2021-04-20,42.630001068115234,42.63999938964844,42.619998931884766,42.63999938964844,20000
2021-04-21,42.119998931884766,42.34000015258789,42.119998931884766,42.34000015258789,55000
2021-04-22,41.95000076293945,42.95000076293945,41.619998931884766,42.95000076293945,12000
2021-04-23,41.95000076293945,41.95000076293945,41.95000076293945,41.95000076293945,0
2021-04-26,43.720001220703125,43.790000915527344,43.33000183105469,43.33000183105469,54000
2021-04-27,43.849998474121094,44.2400016784668,43.79999923706055,44.2400016784668,15000
2021-04-28,44.09000015258789,44.09000015258789,44.04999923706055,44.09000015258789,4000
2021-04-29,43.959999084472656,44.61000061035156,43.959999084472656,44.2599983215332,12000
2021-05-03,42.70000076293945,43.06999969482422,42.66999816894531,42.66999816894531,13000
2021-05-04,40.9900016784668,41.869998931884766,40.58000183105469,41.869998931884766,12000
2021-05-05,40.54999923706055,41.4900016784668,40.54999923706055,41.08000183105469,6000
2021-05-06,40.95000076293945,41.61000061035156,40.95000076293945,41.61000061035156,2000
2021-05-07,42.70000076293945,42.70000076293945,41.790000915527344,42.040000915527344,6000
2021-05-10,42.66999816894531,42.66999816894531,42.66999816894531,42.66999816894531,10000
2021-05-11,38.7599983215332,41.0,38.7599983215332,40.58000183105469,29000
2021-05-12,35.52000045776367,38.61000061035156,34.0099983215332,38.119998931884766,130000
2021-05-13,34.61000061035156,35.779998779296875,33.5099983215332,34.7599983215332,50000
2021-05-14,35.20000076293945,36.279998779296875,35.0,35.68000030517578,35000
2021-05-17,33.43000030517578,34.79999923706055,32.97999954223633,33.61000061035156,82000
2021-05-18,36.880001068115234,36.900001525878906,34.43000030517578,34.43000030517578,41000
2021-05-19,36.83000183105469,37.31999969482422,36.439998626708984,36.880001068115234,19000
2021-05-20,36.27000045776367,36.83000183105469,36.08000183105469,36.83000183105469,9000
2021-05-21,37.38999938964844,38.400001525878906,37.060001373291016,38.08000183105469,8000
2021-05-24,37.90999984741211,38.099998474121094,37.369998931884766,37.369998931884766,11000
2021-05-25,39.33000183105469,39.33000183105469,38.72999954223633,38.72999954223633,20000
2021-05-26,39.33000183105469,39.33000183105469,39.13999938964844,39.13999938964844,7000
2021-05-27,38.93000030517578,38.93000030517578,38.36000061035156,38.83000183105469,8000
2021-05-28,40.5,40.5,40.2599983215332,40.290000915527344,17000
2021-05-31,41.20000076293945,41.58000183105469,41.0,41.0,8000
2021-06-01,41.4900016784668,41.4900016784668,41.4900016784668,41.4900016784668,6000
2021-06-02,41.75,41.75,41.4900016784668,41.5,3000
2021-06-03,42.459999084472656,42.459999084472656,42.099998474121094,42.22999954223633,18000
2021-06-04,41.689998626708984,41.689998626708984,41.650001525878906,41.650001525878906,5000
2021-06-07,41.689998626708984,41.689998626708984,41.689998626708984,41.689998626708984,0
2021-06-08,41.689998626708984,41.689998626708984,41.689998626708984,41.689998626708984,0
2021-06-09,40.70000076293945,40.70000076293945,40.70000076293945,40.70000076293945,1000
2021-06-10,41.88999938964844,41.88999938964844,41.630001068115234,41.869998931884766,4000
2021-06-11,42.2599983215332,42.2599983215332,42.2599983215332,42.2599983215332,2000
2021-06-15,43.20000076293945,43.209999084472656,42.63999938964844,42.709999084472656,16000
2021-06-16,42.720001220703125,42.720001220703125,42.220001220703125,42.709999084472656,71000
2021-06-17,43.20000076293945,43.20000076293945,42.790000915527344,42.790000915527344,2000
2021-06-18,43.04999923706055,43.20000076293945,43.04999923706055,43.20000076293945,8000
2021-06-21,43.04999923706055,43.04999923706055,43.04999923706055,43.04999923706055,0
2021-06-22,42.15999984741211,42.15999984741211,42.15999984741211,42.15999984741211,1000
2021-06-23,42.83000183105469,42.939998626708984,42.619998931884766,42.939998626708984,3000
2021-06-24,43.68000030517578,43.68000030517578,43.029998779296875,43.029998779296875,5000
2021-06-25,43.97999954223633,44.58000183105469,43.97999954223633,44.31999969482422,10000
2021-06-28,44.27000045776367,44.400001525878906,43.83000183105469,43.900001525878906,14000
2021-06-29,44.70000076293945,44.70000076293945,44.70000076293945,44.70000076293945,5000
2021-06-30,45.41999816894531,45.47999954223633,44.959999084472656,44.959999084472656,19000
2021-07-01,44.849998474121094,45.52000045776367,44.849998474121094,45.27000045776367,9000
2021-07-02,44.599998474121094,45.349998474121094,44.599998474121094,45.0,6000
2021-07-05,46.31999969482422,46.31999969482422,45.58000183105469,45.58000183105469,18000
2021-07-06,46.31999969482422,46.31999969482422,46.31999969482422,46.31999969482422,0
2021-07-07,45.54999923706055,45.68000030517578,45.54999923706055,45.68000030517578,4000
2021-07-08,45.70000076293945,45.9900016784668,45.54999923706055,45.95000076293945,7000
2021-07-09,44.619998931884766,45.06999969482422,44.619998931884766,45.06999969482422,4000
2021-07-12,45.90999984741211,46.47999954223633,45.90999984741211,46.04999923706055,10000
2021-07-13,45.189998626708984,46.959999084472656,45.119998931884766,46.88999938964844,49000
2021-07-14,45.650001525878906,46.20000076293945,45.599998474121094,46.060001373291016,5000
2021-07-15,46.959999084472656,46.959999084472656,46.2599983215332,46.2599983215332,4000
2021-07-16,45.970001220703125,46.0,45.7400016784668,45.959999084472656,6000
2021-07-19,45.349998474121094,45.66999816894531,45.0,45.66999816894531,7000
2021-07-20,44.209999084472656,45.11000061035156,44.209999084472656,45.09000015258789,11000
2021-07-21,43.93000030517578,44.61000061035156,43.650001525878906,44.61000061035156,11000
2021-07-22,45.029998779296875,45.15999984741211,44.869998931884766,44.900001525878906,5000
2021-07-23,44.900001525878906,45.369998931884766,44.900001525878906,45.25,6000
2021-07-26,44.220001220703125,44.31999969482422,44.220001220703125,44.31999969482422,2000
2021-07-27,43.650001525878906,44.08000183105469,43.63999938964844,44.08000183105469,30000
2021-07-28,42.34000015258789,42.5099983215332,41.41999816894531,42.470001220703125,48000
2021-07-29,43.77000045776367,43.77000045776367,43.09000015258789,43.09000015258789,17000
2021-07-30,43.90999984741211,43.90999984741211,43.86000061035156,43.86000061035156,3000
2021-08-02,44.7400016784668,44.7400016784668,43.7599983215332,44.13999938964844,7000
2021-08-03,44.7400016784668,44.7400016784668,44.7400016784668,44.7400016784668,0
2021-08-04,45.59000015258789,45.59000015258789,45.59000015258789,45.59000015258789,1000
2021-08-05,45.36000061035156,45.36000061035156,45.36000061035156,45.36000061035156,5000
2021-08-06,44.70000076293945,44.7599983215332,44.529998779296875,44.529998779296875,6000
2021-08-09,44.0,44.0,44.0,44.0,1000
2021-08-10,44.029998779296875,44.029998779296875,44.029998779296875,44.029998779296875,1000
2021-08-11,43.95000076293945,43.970001220703125,43.95000076293945,43.970001220703125,2000
2021-08-12,43.59000015258789,43.59000015258789,43.59000015258789,43.59000015258789,1000
2021-08-13,42.380001068115234,42.810001373291016,42.380001068115234,42.810001373291016,7000
2021-08-16,41.84000015258789,41.93000030517578,41.380001068115234,41.849998474121094,12000
2021-08-17,40.79999923706055,41.20000076293945,40.79999923706055,41.20000076293945,3000
2021-08-18,41.630001068115234,41.630001068115234,39.810001373291016,39.810001373291016,16000
2021-08-19,39.58000183105469,40.869998931884766,39.58000183105469,40.869998931884766,12000
2021-08-20,39.68000030517578,39.83000183105469,39.0,39.83000183105469,7000
2021-08-23,41.599998474121094,41.599998474121094,40.70000076293945,40.70000076293945,8000
2021-08-24,42.119998931884766,42.119998931884766,41.88999938964844,41.88999938964844,5000
2021-08-25,42.72999954223633,42.900001525878906,42.20000076293945,42.20000076293945,14000
2021-08-26,43.08000183105469,43.189998626708984,42.720001220703125,43.189998626708984,15000
2021-08-27,44.16999816894531,44.16999816894531,43.369998931884766,43.369998931884766,12000
2021-08-30,44.91999816894531,44.91999816894531,44.27000045776367,44.38999938964844,11000
2021-08-31,45.459999084472656,45.459999084472656,44.13999938964844,44.54999923706055,50000
2021-09-01,45.59000015258789,45.59000015258789,45.400001525878906,45.400001525878906,3000
2021-09-02,44.560001373291016,45.689998626708984,44.560001373291016,45.45000076293945,13000
2021-09-03,45.59000015258789,45.939998626708984,45.099998474121094,45.099998474121094,40000
2021-09-06,46.060001373291016,46.060001373291016,45.709999084472656,45.75,7000
2021-09-07,45.43000030517578,45.58000183105469,44.97999954223633,45.58000183105469,12000
2021-09-08,44.150001525878906,45.119998931884766,43.9900016784668,45.09000015258789,9000
2021-09-09,44.369998931884766,44.59000015258789,43.779998779296875,43.779998779296875,15000
2021-09-10,45.5099983215332,45.5099983215332,44.810001373291016,44.810001373291016,6000
2021-09-13,45.349998474121094,45.349998474121094,45.25,45.25,2000
2021-09-14,45.540000915527344,45.959999084472656,45.540000915527344,45.72999954223633,4000
2021-09-15,44.97999954223633,44.97999954223633,44.88999938964844,44.88999938964844,5000
2021-09-16,44.689998626708984,45.20000076293945,44.54999923706055,45.20000076293945,4000
2021-09-17,45.33000183105469,45.33000183105469,44.779998779296875,44.779998779296875,5000
2021-09-22,42.79999923706055,43.060001373291016,42.119998931884766,42.65999984741211,45000
2021-09-23,43.66999816894531,44.060001373291016,43.650001525878906,43.650001525878906,8000
2021-09-24,44.540000915527344,44.7400016784668,44.5,44.5,10000
2021-09-27,44.91999816894531,45.08000183105469,44.77000045776367,44.77000045776367,3000
2021-09-28,43.900001525878906,44.099998474121094,43.72999954223633,43.9900016784668,42000
2021-09-29,42.290000915527344,42.77000045776367,42.13999938964844,42.77000045776367,21000
2021-09-30,43.130001068115234,43.130001068115234,42.290000915527344,42.290000915527344,5000
2021-10-01,40.7599983215332,42.209999084472656,40.45000076293945,42.209999084472656,18000
2021-10-04,40.04999923706055,40.939998626708984,40.04999923706055,40.939998626708984,8000
2021-10-05,40.16999816894531,40.34000015258789,39.0,39.439998626708984,18000
2021-10-06,40.040000915527344,40.060001373291016,39.779998779296875,40.060001373291016,83000
2021-10-07,41.900001525878906,41.95000076293945,41.130001068115234,41.130001068115234,12000
2021-10-08,41.369998931884766,41.97999954223633,41.369998931884766,41.97999954223633,11000
2021-10-12,40.470001220703125,40.650001525878906,39.83000183105469,40.16999816894531,20000
2021-10-13,40.560001373291016,41.08000183105469,40.560001373291016,41.08000183105469,2000
2021-10-14,40.38999938964844,40.43000030517578,40.220001220703125,40.43000030517578,3000
2021-10-15,42.02000045776367,42.02000045776367,41.29999923706055,41.369998931884766,17000
2021-10-18,42.0,42.400001525878906,42.0,42.400001525878906,9000
2021-10-19,42.900001525878906,42.939998626708984,42.29999923706055,42.43000030517578,7000
2021-10-20,42.79999923706055,42.970001220703125,42.79999923706055,42.970001220703125,2000
2021-10-21,42.790000915527344,43.58000183105469,42.790000915527344,42.97999954223633,8000
2021-10-22,42.86000061035156,42.900001525878906,42.349998474121094,42.689998626708984,9000
2021-10-25,43.0,43.0,42.40999984741211,42.40999984741211,2000
2021-10-26,43.459999084472656,43.75,43.290000915527344,43.290000915527344,4000
2021-10-27,43.75,43.75,43.75,43.75,1000
2021-10-28,43.47999954223633,43.83000183105469,43.47999954223633,43.619998931884766,3000
2021-10-29,43.119998931884766,43.119998931884766,42.849998474121094,42.93000030517578,3000
2021-11-01,43.88999938964844,43.88999938964844,43.54999923706055,43.81999969482422,6000
2021-11-02,43.81999969482422,44.70000076293945,43.81999969482422,44.380001068115234,13000
2021-11-03,43.959999084472656,43.959999084472656,43.959999084472656,43.959999084472656,1000
2021-11-04,44.290000915527344,44.619998931884766,44.279998779296875,44.560001373291016,35000
2021-11-05,44.79999923706055,44.79999923706055,44.11000061035156,44.11000061035156,9000
2021-11-08,45.290000915527344,45.369998931884766,44.81999969482422,44.81999969482422,15000
2021-11-09,46.16999816894531,46.4900016784668,45.970001220703125,46.189998626708984,14000
2021-11-10,46.29999923706055,46.43000030517578,46.09000015258789,46.349998474121094,15000
2021-11-11,45.58000183105469,46.18000030517578,45.58000183105469,45.93000030517578,7000
2021-11-12,46.220001220703125,46.65999984741211,46.119998931884766,46.22999954223633,21000
2021-11-15,46.97999954223633,47.02000045776367,46.75,46.93000030517578,5000
2021-11-16,47.02000045776367,47.119998931884766,47.02000045776367,47.029998779296875,4000
2021-11-17,47.16999816894531,47.16999816894531,47.029998779296875,47.13999938964844,31000
2021-11-18,47.86000061035156,47.86000061035156,47.540000915527344,47.540000915527344,7000
2021-11-19,48.18000030517578,48.27000045776367,47.86000061035156,48.27000045776367,5000
2021-11-22,47.91999816894531,48.029998779296875,47.810001373291016,47.849998474121094,8000
2021-11-23,47.040000915527344,47.36000061035156,46.77000045776367,47.15999984741211,6000
2021-11-24,46.91999816894531,47.029998779296875,46.459999084472656,47.029998779296875,6000
2021-11-25,47.029998779296875,47.029998779296875,46.56999969482422,47.02000045776367,5000
2021-11-26,45.130001068115234,46.34000015258789,45.130001068115234,46.34000015258789,14000
2021-11-29,45.02000045776367,45.5099983215332,44.7400016784668,45.0,386000
2021-11-30,45.34000015258789,46.16999816894531,45.34000015258789,45.63999938964844,15000
2021-12-01,46.58000183105469,46.61000061035156,45.4900016784668,45.4900016784668,7000
2021-12-02,46.72999954223633,47.09000015258789,46.11000061035156,46.11000061035156,4000
2021-12-03,47.2599983215332,47.2599983215332,46.9900016784668,46.9900016784668,3000
2021-12-06,47.2599983215332,47.2599983215332,47.2599983215332,47.2599983215332,0
2021-12-07,47.34000015258789,47.34000015258789,46.650001525878906,46.880001068115234,8000
2021-12-08,47.970001220703125,48.5,47.970001220703125,48.33000183105469,17000
2021-12-09,47.869998931884766,48.27000045776367,47.83000183105469,48.189998626708984,9000
2021-12-10,47.88999938964844,47.9900016784668,47.68000030517578,47.68000030517578,4000
2021-12-13,47.59000015258789,48.18000030517578,47.59000015258789,48.09000015258789,4000
2021-12-14,46.369998931884766,47.02000045776367,46.369998931884766,47.02000045776367,6000
2021-12-15,46.630001068115234,46.68000030517578,46.349998474121094,46.349998474121094,5000
2021-12-16,47.68000030517578,47.68000030517578,47.34000015258789,47.52000045776367,12000
2021-12-17,47.68000030517578,47.68000030517578,47.68000030517578,47.68000030517578,0
2021-12-20,47.540000915527344,47.540000915527344,47.540000915527344,47.540000915527344,1000
2021-12-21,48.0,48.0,47.459999084472656,47.459999084472656,6000
2021-12-22,47.7400016784668,47.7400016784668,47.7400016784668,47.7400016784668,1000
2021-12-23,48.630001068115234,48.79999923706055,48.29999923706055,48.29999923706055,21000
2021-12-24,48.939998626708984,49.09000015258789,48.77000045776367,48.77000045776367,15000
2021-12-27,49.400001525878906,49.4900016784668,48.88999938964844,48.88999938964844,13000
2021-12-28,49.95000076293945,49.95000076293945,49.5,49.61000061035156,4000
2021-12-29,50.20000076293945,50.25,50.0,50.20000076293945,20000
2021-12-30,49.88999938964844,50.150001525878906,49.790000915527344,50.099998474121094,570000
2022-01-03,50.25,51.0,50.25,50.79999923706055,10000
2022-01-04,51.650001525878906,51.70000076293945,51.04999923706055,51.04999923706055,19000
2022-01-05,51.54999923706055,51.599998474121094,51.54999923706055,51.54999923706055,23000
2022-01-06,50.349998474121094,50.349998474121094,50.349998474121094,50.349998474121094,1000
2022-01-07,49.619998931884766,50.25,49.619998931884766,50.25,5000
2022-01-10,49.869998931884766,49.869998931884766,49.220001220703125,49.2599983215332,9000
2022-01-11,50.0,50.0,49.2599983215332,50.0,10000
2022-01-12,50.75,50.75,50.400001525878906,50.70000076293945,12000
2022-01-13,50.79999923706055,50.79999923706055,50.79999923706055,50.79999923706055,1000
2022-01-14,50.400001525878906,50.400001525878906,50.400001525878906,50.400001525878906,8000
2022-01-17,51.45000076293945,51.45000076293945,51.400001525878906,51.400001525878906,2000
2022-01-18,50.95000076293945,52.0,50.95000076293945,52.0,3000
2022-01-19,50.25,50.25,50.25,50.25,3000
2022-01-20,49.79999923706055,49.849998474121094,49.79999923706055,49.849998474121094,2000
2022-01-21,48.2400016784668,48.540000915527344,48.2400016784668,48.540000915527344,3000
2022-01-24,48.52000045776367,48.52000045776367,48.45000076293945,48.45000076293945,25000
2022-01-25,47.2599983215332,47.2599983215332,46.939998626708984,47.0,4000
2022-01-26,47.290000915527344,47.290000915527344,47.25,47.27000045776367,11000
2022-02-07,48.220001220703125,48.220001220703125,47.41999816894531,47.41999816894531,2000
2022-02-08,48.880001068115234,48.880001068115234,48.880001068115234,48.880001068115234,1000
2022-02-09,48.880001068115234,48.880001068115234,48.880001068115234,48.880001068115234,0
2022-02-10,50.29999923706055,50.29999923706055,49.959999084472656,49.959999084472656,2000
2022-02-11,50.400001525878906,50.45000076293945,50.25,50.25,10000
2022-02-14,49.08000183105469,49.099998474121094,48.849998474121094,49.099998474121094,7000
2022-02-15,49.27000045776367,49.27000045776367,48.90999984741211,48.90999984741211,3000
2022-02-16,50.25,50.400001525878906,49.970001220703125,50.04999923706055,62000
2022-02-17,50.650001525878906,50.95000076293945,50.5,50.95000076293945,6000
2022-02-18,50.5,50.5,50.5,50.5,1000
2022-02-21,50.25,50.25,50.25,50.25,2000
2022-02-22,48.61000061035156,48.61000061035156,48.61000061035156,48.61000061035156,5000
2022-02-23,49.470001220703125,49.470001220703125,49.470001220703125,49.470001220703125,1000
2022-02-24,46.91999816894531,48.029998779296875,46.91999816894531,48.029998779296875,10000
2022-02-25,46.84000015258789,47.16999816894531,46.779998779296875,46.779998779296875,4000
2022-03-01,48.68000030517578,48.68000030517578,48.0,48.0,8000
2022-03-02,48.68000030517578,48.68000030517578,48.68000030517578,48.68000030517578,0
2022-03-03,48.68000030517578,48.68000030517578,48.68000030517578,48.68000030517578,0
2022-03-04,47.720001220703125,47.779998779296875,47.720001220703125,47.779998779296875,5000
2022-03-07,44.29999923706055,45.470001220703125,44.29999923706055,45.470001220703125,8000
2022-03-08,42.720001220703125,43.810001373291016,42.720001220703125,43.810001373291016,5000
2022-03-09,42.720001220703125,42.720001220703125,42.720001220703125,42.720001220703125,0
2022-03-10,45.90999984741211,46.150001525878906,45.70000076293945,45.779998779296875,13000
2022-03-11,44.900001525878906,45.189998626708984,44.900001525878906,45.189998626708984,7000
2022-03-14,44.900001525878906,44.900001525878906,44.900001525878906,44.900001525878906,0
2022-03-15,43.34000015258789,43.900001525878906,43.16999816894531,43.900001525878906,11000
2022-03-16,43.43000030517578,44.11000061035156,42.93000030517578,44.060001373291016,19000
2022-03-17,46.119998931884766,46.119998931884766,45.66999816894531,45.939998626708984,7000
2022-03-18,45.90999984741211,45.939998626708984,45.90999984741211,45.939998626708984,12000
2022-03-21,45.90999984741211,45.90999984741211,45.90999984741211,45.90999984741211,0
2022-03-22,45.90999984741211,45.90999984741211,45.90999984741211,45.90999984741211,0
2022-03-23,45.90999984741211,45.90999984741211,45.90999984741211,45.90999984741211,0
2022-03-24,45.90999984741211,45.90999984741211,45.90999984741211,45.90999984741211,0
2022-03-25,47.459999084472656,47.779998779296875,47.459999084472656,47.779998779296875,4000
2022-03-28,46.45000076293945,46.45000076293945,45.65999984741211,46.150001525878906,5000
2022-03-29,46.790000915527344,46.790000915527344,46.790000915527344,46.790000915527344,1000
2022-03-30,47.7599983215332,47.7599983215332,47.7400016784668,47.7599983215332,5000
2022-03-31,47.7599983215332,47.7599983215332,47.7599983215332,47.7599983215332,0
2022-04-01,46.75,46.75,46.75,46.75,1000
2022-04-06,45.970001220703125,45.970001220703125,45.970001220703125,45.970001220703125,1000
2022-04-07,45.970001220703125,45.970001220703125,45.970001220703125,45.970001220703125,0
2022-04-08,45.2400016784668,45.2400016784668,45.2400016784668,45.2400016784668,1000
2022-04-11,44.099998474121094,44.95000076293945,44.099998474121094,44.95000076293945,3000
2022-04-12,43.849998474121094,43.849998474121094,43.599998474121094,43.599998474121094,2000
2022-04-13,45.560001373291016,45.560001373291016,45.38999938964844,45.38999938964844,3000
2022-04-14,45.560001373291016,45.560001373291016,45.560001373291016,45.560001373291016,0
2022-04-15,43.97999954223633,44.310001373291016,43.97999954223633,44.310001373291016,2000
2022-04-18,43.27000045776367,43.27000045776367,43.209999084472656,43.209999084472656,2000
2022-04-19,44.08000183105469,44.08000183105469,44.08000183105469,44.08000183105469,1000
2022-04-20,44.459999084472656,44.52000045776367,44.290000915527344,44.31999969482422,22000
2022-04-21,44.77000045776367,44.77000045776367,44.77000045776367,44.77000045776367,2000
2022-04-22,43.560001373291016,43.560001373291016,43.560001373291016,43.560001373291016,1000
2022-04-25,41.81999969482422,42.5,41.59000015258789,42.5,5000
2022-04-26,41.81999969482422,41.81999969482422,41.81999969482422,41.81999969482422,0
2022-04-27,40.599998474121094,40.599998474121094,40.150001525878906,40.18000030517578,9000
2022-04-28,40.599998474121094,40.599998474121094,40.599998474121094,40.599998474121094,0
2022-04-29,41.91999816894531,41.91999816894531,41.880001068115234,41.880001068115234,4000
2022-05-03,41.5099983215332,41.52000045776367,41.5099983215332,41.52000045776367,2000
2022-05-04,41.41999816894531,41.41999816894531,41.41999816894531,41.41999816894531,1000
2022-05-05,41.41999816894531,41.41999816894531,41.41999816894531,41.41999816894531,0
2022-05-06,40.77000045776367,40.77000045776367,40.77000045776367,40.77000045776367,1000
2022-05-09,39.25,39.66999816894531,39.25,39.66999816894531,4000
2022-05-10,38.54999923706055,38.54999923706055,37.56999969482422,37.93000030517578,4000
2022-05-11,38.54999923706055,38.54999923706055,38.54999923706055,38.54999923706055,0
2022-05-12,37.599998474121094,38.08000183105469,37.599998474121094,38.08000183105469,3000
2022-05-13,37.599998474121094,37.599998474121094,37.599998474121094,37.599998474121094,0
2022-05-16,38.709999084472656,38.709999084472656,38.709999084472656,38.709999084472656,1000
2022-05-17,39.310001373291016,39.310001373291016,39.290000915527344,39.290000915527344,2000
2022-05-18,40.34000015258789,40.34000015258789,39.79999923706055,39.79999923706055,45000
2022-05-19,40.34000015258789,40.34000015258789,40.34000015258789,40.34000015258789,0
2022-05-20,40.34000015258789,40.34000015258789,40.34000015258789,40.34000015258789,0
2022-05-23,39.91999816894531,39.91999816894531,39.91999816894531,39.91999816894531,1000
2022-05-24,39.91999816894531,39.91999816894531,39.91999816894531,39.91999816894531,0
2022-05-25,39.91999816894531,39.91999816894531,39.91999816894531,39.91999816894531,0
2022-05-26,39.91999816894531,39.91999816894531,39.91999816894531,39.91999816894531,0
2022-05-27,39.970001220703125,40.119998931884766,39.970001220703125,40.04999923706055,16000
2022-05-30,41.310001373291016,41.310001373291016,41.310001373291016,41.310001373291016,1000
2022-05-31,41.310001373291016,41.310001373291016,41.310001373291016,41.310001373291016,0
2022-06-01,41.310001373291016,41.310001373291016,41.310001373291016,41.310001373291016,0
2022-06-02,41.310001373291016,41.310001373291016,41.310001373291016,41.310001373291016,0
2022-06-06,41.310001373291016,41.310001373291016,41.310001373291016,41.310001373291016,0
2022-06-07,41.310001373291016,41.310001373291016,41.310001373291016,41.310001373291016,0
2022-06-08,42.40999984741211,42.40999984741211,42.400001525878906,42.400001525878906,6000
2022-06-09,42.40999984741211,42.40999984741211,42.40999984741211,42.40999984741211,0
2022-06-10,41.11000061035156,41.11000061035156,41.11000061035156,41.11000061035156,2000
2022-06-13,39.08000183105469,39.08000183105469,39.08000183105469,39.08000183105469,1000
2022-06-14,39.18000030517578,39.18000030517578,38.52000045776367,38.52000045776367,2000
2022-06-15,39.34000015258789,39.349998474121094,38.97999954223633,38.97999954223633,6000
2022-06-16,38.84000015258789,40.22999954223633,38.84000015258789,40.150001525878906,13000
2022-06-17,37.59000015258789,37.630001068115234,37.060001373291016,37.40999984741211,51000
2022-06-20,36.209999084472656,37.380001068115234,36.209999084472656,37.380001068115234,75000
2022-06-21,37.880001068115234,37.880001068115234,36.959999084472656,37.040000915527344,22000
2022-06-22,36.310001373291016,37.33000183105469,36.310001373291016,37.33000183105469,5000
2022-06-23,35.459999084472656,36.5,35.2599983215332,36.369998931884766,31000
2022-06-24,36.20000076293945,36.81999969482422,36.20000076293945,36.650001525878906,21000
2022-06-27,37.79999923706055,37.93000030517578,37.36000061035156,37.36000061035156,21000
2022-06-28,36.97999954223633,37.45000076293945,36.70000076293945,37.45000076293945,8000
2022-06-29,36.36000061035156,36.709999084472656,36.279998779296875,36.31999969482422,9000
2022-06-30,34.529998779296875,35.45000076293945,34.369998931884766,35.45000076293945,44000
2022-07-01,32.34000015258789,34.470001220703125,32.34000015258789,34.470001220703125,16000
2022-07-04,31.93000030517578,32.34000015258789,31.75,32.34000015258789,9000
2022-07-05,32.38999938964844,32.959999084472656,31.530000686645508,32.959999084472656,45000
2022-07-06,31.0,32.38999938964844,30.8799991607666,32.38999938964844,25000
2022-07-07,32.650001525878906,32.650001525878906,31.200000762939453,31.520000457763672,23000
2022-07-08,33.119998931884766,33.5,32.970001220703125,33.04999923706055,24000
2022-07-11,32.720001220703125,33.119998931884766,32.560001373291016,33.119998931884766,5000
2022-07-12,31.020000457763672,31.030000686645508,30.75,31.010000228881836,10000
2022-07-13,32.66999816894531,33.0,32.619998931884766,32.77000045776367,54000
2022-07-14,33.04999923706055,33.33000183105469,32.29999923706055,32.29999923706055,21000
2022-07-15,33.720001220703125,33.720001220703125,33.16999816894531,33.16999816894531,17000
2022-07-18,34.209999084472656,34.41999816894531,33.72999954223633,33.72999954223633,126000
2022-07-19,34.47999954223633,34.47999954223633,33.93000030517578,33.959999084472656,12000
2022-07-20,34.77000045776367,35.45000076293945,34.61000061035156,35.45000076293945,81000
2022-07-21,35.560001373291016,35.560001373291016,34.83000183105469,35.130001068115234,78000
2022-07-22,35.599998474121094,35.900001525878906,35.599998474121094,35.790000915527344,36000
2022-07-25,36.060001373291016,36.060001373291016,35.369998931884766,35.369998931884766,7000
2022-07-26,35.150001525878906,35.68000030517578,35.150001525878906,35.68000030517578,3000
2022-07-27,35.09000015258789,35.09000015258789,35.09000015258789,35.09000015258789,1000
2022-07-28,35.86000061035156,36.40999984741211,35.86000061035156,36.40999984741211,26000
2022-07-29,36.25,36.7400016784668,36.25,36.7400016784668,13000
2022-08-01,36.43000030517578,36.43000030517578,36.09000015258789,36.09000015258789,2000
2022-08-02,35.04999923706055,35.27000045776367,34.93000030517578,35.25,20000
2022-08-03,35.099998474121094,35.25,35.099998474121094,35.220001220703125,3000
2022-08-04,35.25,35.2599983215332,34.47999954223633,35.2599983215332,8000
2022-08-05,36.880001068115234,36.88999938964844,36.18000030517578,36.18000030517578,27000
2022-08-08,36.70000076293945,36.70000076293945,36.5,36.5,3000
2022-08-09,37.060001373291016,37.060001373291016,36.18000030517578,36.18000030517578,55000
2022-08-10,36.33000183105469,36.33000183105469,36.209999084472656,36.209999084472656,2000
2022-08-11,37.56999969482422,37.63999938964844,37.400001525878906,37.52000045776367,7000
2022-08-12,38.15999984741211,38.20000076293945,37.88999938964844,37.900001525878906,14000
2022-08-15,38.77000045776367,38.77000045776367,38.540000915527344,38.540000915527344,13000
2022-08-16,38.91999816894531,38.9900016784668,38.880001068115234,38.9900016784668,3000
2022-08-17,38.959999084472656,39.060001373291016,38.91999816894531,38.91999816894531,5000
2022-08-18,38.54999923706055,38.54999923706055,38.220001220703125,38.45000076293945,72000
2022-08-19,38.900001525878906,39.09000015258789,38.63999938964844,38.63999938964844,5000
2022-08-22,38.08000183105469,38.15999984741211,37.86000061035156,37.90999984741211,7000
2022-08-23,37.27000045776367,37.36000061035156,37.27000045776367,37.31999969482422,13000
2022-08-24,37.220001220703125,37.59000015258789,37.220001220703125,37.59000015258789,7000
2022-08-25,37.70000076293945,37.70000076293945,37.70000076293945,37.70000076293945,10000
2022-08-26,38.310001373291016,38.310001373291016,38.310001373291016,38.310001373291016,2000
2022-08-29,36.380001068115234,36.380001068115234,36.02000045776367,36.029998779296875,5000
2022-08-30,36.91999816894531,36.91999816894531,36.33000183105469,36.380001068115234,11000
2022-08-31,37.15999984741211,37.15999984741211,36.560001373291016,36.560001373291016,5000
2022-09-01,35.5,35.880001068115234,35.5,35.849998474121094,8000
2022-09-02,35.15999984741211,35.45000076293945,35.15999984741211,35.45000076293945,5000
2022-09-05,35.310001373291016,35.310001373291016,35.310001373291016,35.310001373291016,1000
2022-09-06,35.189998626708984,35.189998626708984,35.189998626708984,35.189998626708984,1000
2022-09-07,33.810001373291016,34.08000183105469,33.810001373291016,33.93000030517578,8000
2022-09-08,34.439998626708984,34.439998626708984,34.189998626708984,34.27000045776367,15000
2022-09-12,35.900001525878906,35.900001525878906,35.70000076293945,35.869998931884766,25000
2022-09-13,36.220001220703125,36.5,36.220001220703125,36.5,56000
2022-09-14,35.040000915527344,35.040000915527344,34.41999816894531,34.41999816894531,20000
2022-09-15,35.25,35.25,34.849998474121094,34.849998474121094,2000
2022-09-16,34.4900016784668,34.540000915527344,34.459999084472656,34.540000915527344,5000
2022-09-19,34.189998626708984,34.29999923706055,34.189998626708984,34.29999923706055,3000
2022-09-20,34.709999084472656,34.81999969482422,34.45000076293945,34.45000076293945,65000
2022-09-21,34.13999938964844,34.459999084472656,34.06999969482422,34.459999084472656,77000
2022-09-22,33.380001068115234,33.380001068115234,32.79999923706055,33.220001220703125,18000
2022-09-23,32.91999816894531,33.380001068115234,32.91999816894531,33.22999954223633,27000
2022-09-26,31.1299991607666,31.959999084472656,31.1299991607666,31.959999084472656,64000
2022-09-27,31.3700008392334,31.670000076293945,31.139999389648438,31.65999984741211,20000
2022-09-28,30.040000915527344,31.530000686645508,30.040000915527344,31.530000686645508,24000
2022-09-29,30.190000534057617,30.729999542236328,29.950000762939453,30.65999984741211,25000
2022-09-30,29.56999969482422,29.790000915527344,29.1200008392334,29.3799991607666,63000
2022-10-03,29.020000457763672,29.579999923706055,28.93000030517578,28.93000030517578,58000
2022-10-04,30.399999618530273,30.43000030517578,29.969999313354492,30.34000015258789,49000
2022-10-05,31.239999771118164,31.610000610351562,31.110000610351562,31.209999084472656,84000
2022-10-06,31.690000534057617,31.809999465942383,31.479999542236328,31.809999465942383,23000
2022-10-07,30.81999969482422,31.25,30.81999969482422,31.25,35000
2022-10-11,28.15999984741211,29.030000686645508,28.15999984741211,28.899999618530273,87000
2022-10-12,28.1299991607666,28.350000381469727,27.68000030517578,28.149999618530273,63000
2022-10-13,26.90999984741211,28.110000610351562,26.90999984741211,28.110000610351562,102000
2022-10-14,28.479999542236328,28.75,28.18000030517578,28.270000457763672,44000
2022-10-17,27.6200008392334,27.649999618530273,26.969999313354492,27.3700008392334,31000
2022-10-18,28.18000030517578,28.219999313354492,27.790000915527344,28.200000762939453,56000
2022-10-19,27.760000228881836,28.34000015258789,27.700000762939453,28.049999237060547,108000
2022-10-20,27.200000762939453,27.25,26.350000381469727,26.540000915527344,104000
2022-10-21,26.940000534057617,27.450000762939453,26.920000076293945,27.350000381469727,55000
2022-10-24,27.329999923706055,27.969999313354492,27.329999923706055,27.969999313354492,33000
2022-10-25,26.3700008392334,27.25,26.299999237060547,27.25,38000
2022-10-26,26.600000381469727,26.670000076293945,26.5,26.530000686645508,18000
2022-10-27,27.530000686645508,27.559999465942383,27.309999465942383,27.309999465942383,22000
2022-10-28,26.770000457763672,27.25,26.649999618530273,27.200000762939453,26000
2022-10-31,27.489999771118164,27.649999618530273,27.06999969482422,27.34000015258789,151000
2022-11-01,27.81999969482422,28.149999618530273,27.5,27.520000457763672,208000
2022-11-02,28.1200008392334,28.1299991607666,27.81999969482422,27.81999969482422,141000
2022-11-03,27.6299991607666,27.639999389648438,27.299999237060547,27.31999969482422,113000
2022-11-04,27.850000381469727,27.889999389648438,27.149999618530273,27.260000228881836,134000
2022-11-07,28.760000228881836,28.8799991607666,28.18000030517578,28.350000381469727,305000
2022-11-08,29.239999771118164,29.43000030517578,29.1200008392334,29.1200008392334,318000
2022-11-09,30.350000381469727,30.440000534057617,29.690000534057617,29.690000534057617,270000
2022-11-10,29.90999984741211,30.200000762939453,29.75,30.100000381469727,345000
2022-11-11,32.20000076293945,32.34000015258789,31.68000030517578,32.2400016784668,385000
2022-11-14,32.779998779296875,33.7400016784668,32.5,33.7400016784668,179000
2022-11-15,34.619998931884766,34.7599983215332,33.2400016784668,33.310001373291016,190000
2022-11-16,34.470001220703125,34.959999084472656,34.11000061035156,34.91999816894531,623000
2022-11-17,34.68000030517578,34.68000030517578,34.0,34.34000015258789,314000
2022-11-18,34.41999816894531,35.459999084472656,34.290000915527344,34.790000915527344,363000
2022-11-21,34.33000183105469,34.720001220703125,34.33000183105469,34.52000045776367,266000
2022-11-22,34.75,34.849998474121094,34.13999938964844,34.13999938964844,69000
2022-11-23,35.27000045776367,35.40999984741211,35.0,35.40999984741211,84000
2022-11-24,36.04999923706055,36.04999923706055,35.5099983215332,35.65999984741211,80000
2022-11-25,35.83000183105469,36.099998474121094,35.720001220703125,35.959999084472656,101000
2022-11-28,34.79999923706055,35.11000061035156,34.470001220703125,34.83000183105469,233000
2022-11-29,35.45000076293945,35.5,34.400001525878906,34.650001525878906,167000
2022-11-30,36.15999984741211,36.15999984741211,35.36000061035156,35.36000061035156,150000
2022-12-01,37.11000061035156,37.720001220703125,36.79999923706055,37.43000030517578,299000
2022-12-02,36.779998779296875,37.04999923706055,36.5,36.540000915527344,184000
2022-12-05,36.869998931884766,37.349998474121094,36.650001525878906,36.650001525878906,89000
2022-12-06,35.650001525878906,36.63999938964844,35.650001525878906,36.47999954223633,238000
2022-12-07,35.31999969482422,36.029998779296875,35.20000076293945,35.40999984741211,189000
2022-12-08,34.70000076293945,35.02000045776367,34.400001525878906,35.02000045776367,169031
2022-12-09,35.599998474121094,35.720001220703125,35.119998931884766,35.279998779296875,95000
2022-12-12,35.02000045776367,35.20000076293945,34.650001525878906,35.20000076293945,106000
2022-12-13,34.83000183105469,35.31999969482422,34.720001220703125,35.27000045776367,92000
2022-12-14,35.70000076293945,35.75,35.060001373291016,35.209999084472656,112024
2022-12-15,35.689998626708984,35.810001373291016,35.29999923706055,35.29999923706055,72000
2022-12-16,34.540000915527344,34.849998474121094,34.29999923706055,34.380001068115234,144000
2022-12-19,34.209999084472656,34.470001220703125,34.09000015258789,34.09000015258789,65000
2022-12-20,32.970001220703125,34.38999938964844,32.939998626708984,34.040000915527344,121000
2022-12-21,33.150001525878906,33.540000915527344,33.099998474121094,33.349998474121094,116000
2022-12-22,34.209999084472656,34.25,33.810001373291016,33.900001525878906,86000
2022-12-23,33.40999984741211,33.47999954223633,33.09000015258789,33.20000076293945,48000
2022-12-26,33.529998779296875,33.619998931884766,33.380001068115234,33.40999984741211,34024
2022-12-27,33.869998931884766,34.209999084472656,33.81999969482422,34.040000915527344,97000
2022-12-28,33.0,33.27000045776367,32.790000915527344,33.099998474121094,75427
2022-12-29,32.630001068115234,32.75,32.189998626708984,32.47999954223633,48000
2022-12-30,33.11000061035156,33.380001068115234,33.11000061035156,33.29999923706055,72000
2023-01-03,33.5099983215332,33.52000045776367,32.25,32.59000015258789,158000
2023-01-04,33.4900016784668,33.61000061035156,33.279998779296875,33.369998931884766,72000
2023-01-05,33.65999984741211,34.16999816894531,33.61000061035156,33.90999984741211,100000
2023-01-06,34.16999816894531,34.25,33.79999923706055,33.9900016784668,113000
2023-01-09,35.900001525878906,35.900001525878906,35.130001068115234,35.18000030517578,154000
2023-01-10,36.29999923706055,36.29999923706055,35.900001525878906,36.08000183105469,83000
2023-01-11,36.13999938964844,36.529998779296875,35.91999816894531,36.529998779296875,153000
2023-01-12,35.970001220703125,36.369998931884766,35.79999923706055,36.34000015258789,67000
2023-01-13,36.470001220703125,37.13999938964844,36.279998779296875,37.13999938964844,128000
2023-01-16,36.79999923706055,37.099998474121094,36.779998779296875,36.880001068115234,114000
2023-01-17,36.88999938964844,37.02000045776367,36.75,36.79999923706055,91000
2023-01-30,39.45000076293945,39.880001068115234,39.029998779296875,39.869998931884766,340000
2023-01-31,38.709999084472656,39.41999816894531,38.63999938964844,39.400001525878906,175000
2023-02-01,39.119998931884766,39.209999084472656,38.79999923706055,39.08000183105469,112000
2023-02-02,40.209999084472656,40.290000915527344,39.70000076293945,39.849998474121094,138000
2023-02-03,40.119998931884766,40.41999816894531,39.75,40.0099983215332,195000
2023-02-06,39.220001220703125,39.599998474121094,39.220001220703125,39.560001373291016,162000
2023-02-07,39.2599983215332,39.45000076293945,39.09000015258789,39.189998626708984,98000
2023-02-08,40.150001525878906,40.31999969482422,39.790000915527344,39.84000015258789,443000
2023-02-09,40.18000030517578,40.20000076293945,39.849998474121094,39.849998474121094,78000
2023-02-10,39.9900016784668,40.119998931884766,39.810001373291016,40.0,78000
2023-02-13,39.790000915527344,39.790000915527344,39.38999938964844,39.5,64000
2023-02-14,40.45000076293945,40.560001373291016,40.189998626708984,40.189998626708984,105000
2023-02-15,39.130001068115234,39.91999816894531,39.06999969482422,39.66999816894531,253476
2023-02-16,40.04999923706055,40.150001525878906,39.52000045776367,39.52000045776367,141026
2023-02-17,39.47999954223633,39.54999923706055,39.16999816894531,39.5,77000
2023-02-20,39.7599983215332,39.939998626708984,39.20000076293945,39.20000076293945,89000
2023-02-21,39.86000061035156,39.939998626708984,39.61000061035156,39.689998626708984,49000
2023-02-22,39.13999938964844,39.27000045776367,38.75,39.060001373291016,145000
2023-02-23,40.310001373291016,40.400001525878906,39.560001373291016,39.560001373291016,168000
2023-02-24,39.88999938964844,40.63999938964844,39.869998931884766,40.529998779296875,68000
2023-03-01,39.869998931884766,39.900001525878906,38.900001525878906,39.040000915527344,64000
2023-03-02,39.97999954223633,40.02000045776367,39.43000030517578,39.86000061035156,51000
2023-03-03,40.310001373291016,40.5,40.099998474121094,40.4900016784668,56000
2023-03-06,41.09000015258789,41.310001373291016,40.689998626708984,40.95000076293945,180000
2023-03-07,41.65999984741211,41.70000076293945,41.02000045776367,41.06999969482422,48000
2023-03-08,41.15999984741211,41.2400016784668,40.84000015258789,41.04999923706055,85000
2023-03-09,41.04999923706055,41.5,40.970001220703125,41.4900016784668,44000
2023-03-10,39.61000061035156,40.16999816894531,39.40999984741211,40.09000015258789,235000
2023-03-13,39.79999923706055,39.81999969482422,38.869998931884766,39.59000015258789,218000
2023-03-14,38.95000076293945,39.290000915527344,38.650001525878906,38.81999969482422,176000
2023-03-15,39.18000030517578,39.790000915527344,39.150001525878906,39.459999084472656,114000
2023-03-16,38.52000045776367,38.95000076293945,38.20000076293945,38.66999816894531,253100
2023-03-17,39.5,39.54999923706055,39.09000015258789,39.11000061035156,95000
2023-03-20,39.38999938964844,39.630001068115234,39.25,39.54999923706055,133000
2023-03-21,39.72999954223633,40.0,39.63999938964844,39.849998474121094,90000
2023-03-22,41.08000183105469,41.11000061035156,40.47999954223633,40.47999954223633,145000
2023-03-23,41.66999816894531,41.91999816894531,41.04999923706055,41.099998474121094,130000
2023-03-24,42.11000061035156,42.11000061035156,41.58000183105469,41.849998474121094,106000
2023-03-27,41.7400016784668,42.0,41.59000015258789,41.880001068115234,66000
2023-03-28,40.90999984741211,41.630001068115234,40.849998474121094,41.45000076293945,105010
2023-03-29,41.04999923706055,41.470001220703125,40.90999984741211,41.27000045776367,71000
2023-03-30,41.619998931884766,41.77000045776367,41.31999969482422,41.599998474121094,65000
2023-03-31,41.95000076293945,42.29999923706055,41.869998931884766,42.0,131000
2023-04-06,41.40999984741211,41.529998779296875,41.08000183105469,41.41999816894531,121000
2023-04-07,41.650001525878906,41.81999969482422,41.599998474121094,41.720001220703125,58000
2023-04-10,41.95000076293945,42.119998931884766,41.689998626708984,42.029998779296875,60000
2023-04-11,42.150001525878906,42.369998931884766,41.95000076293945,41.95000076293945,84000
2023-04-12,42.279998779296875,42.34000015258789,42.029998779296875,42.16999816894531,141000
2023-04-13,41.65999984741211,42.099998474121094,41.65999984741211,41.900001525878906,104000
2023-04-14,42.43000030517578,42.52000045776367,41.90999984741211,41.90999984741211,89000
2023-04-17,42.220001220703125,42.279998779296875,42.04999923706055,42.130001068115234,36000
2023-04-18,42.04999923706055,42.36000061035156,41.95000076293945,42.2400016784668,184000
2023-04-19,41.619998931884766,42.130001068115234,41.54999923706055,42.130001068115234,60084
2023-04-20,41.25,41.65999984741211,41.08000183105469,41.29999923706055,92000
2023-04-21,40.720001220703125,41.5099983215332,40.689998626708984,41.470001220703125,145000
2023-04-24,40.68000030517578,40.79999923706055,40.43000030517578,40.47999954223633,297000
2023-04-25,39.4900016784668,40.75,39.38999938964844,40.75,517150
2023-04-26,39.45000076293945,39.529998779296875,39.099998474121094,39.310001373291016,204000
2023-04-27,39.56999969482422,39.84000015258789,39.08000183105469,39.29999923706055,180000
2023-04-28,40.349998474121094,40.5,40.060001373291016,40.13999938964844,101000
2023-05-02,40.709999084472656,40.91999816894531,40.34000015258789,40.52000045776367,370000
2023-05-03,40.400001525878906,40.459999084472656,40.20000076293945,40.36000061035156,47000
2023-05-04,40.58000183105469,40.58000183105469,40.060001373291016,40.06999969482422,51000
2023-05-05,40.83000183105469,40.97999954223633,40.40999984741211,40.84000015258789,79000
2023-05-08,41.13999938964844,41.400001525878906,41.13999938964844,41.209999084472656,124000
2023-05-09,41.22999954223633,41.2599983215332,40.9900016784668,41.2599983215332,36000
2023-05-10,40.63999938964844,40.959999084472656,40.47999954223633,40.959999084472656,92000
2023-05-11,40.18000030517578,40.849998474121094,40.18000030517578,40.779998779296875,160000
2023-05-12,40.150001525878906,40.290000915527344,39.63999938964844,39.779998779296875,166000
2023-05-15,40.060001373291016,40.060001373291016,39.70000076293945,39.849998474121094,492000
2023-05-16,41.029998779296875,41.18000030517578,40.540000915527344,40.560001373291016,536000
2023-05-17,42.27000045776367,42.380001068115234,41.150001525878906,41.150001525878906,195000
2023-05-18,43.31999969482422,43.36000061035156,42.7599983215332,43.0,388000
2023-05-19,43.61000061035156,43.72999954223633,43.380001068115234,43.560001373291016,259000
2023-05-22,43.58000183105469,43.7599983215332,43.5099983215332,43.689998626708984,80000
2023-05-23,43.65999984741211,43.880001068115234,43.36000061035156,43.58000183105469,231000
2023-05-24,43.349998474121094,43.41999816894531,43.0,43.33000183105469,121000
2023-05-25,44.0099983215332,44.099998474121094,43.65999984741211,44.0099983215332,179000
2023-05-26,45.29999923706055,45.369998931884766,44.900001525878906,45.11000061035156,148000
2023-05-29,46.04999923706055,46.29999923706055,46.02000045776367,46.16999816894531,128000
2023-05-30,46.11000061035156,46.20000076293945,45.849998474121094,46.18000030517578,135000
2023-05-31,45.810001373291016,46.209999084472656,45.470001220703125,46.04999923706055,118005
2023-06-01,45.54999923706055,45.70000076293945,45.29999923706055,45.400001525878906,71000
2023-06-02,46.77000045776367,46.93000030517578,46.130001068115234,46.150001525878906,100100
2023-06-05,46.68000030517578,47.150001525878906,46.599998474121094,46.65999984741211,142000
2023-06-06,46.939998626708984,47.220001220703125,46.709999084472656,46.72999954223633,48000
2023-06-07,47.849998474121094,47.880001068115234,47.220001220703125,47.2400016784668,146000
2023-06-08,46.61000061035156,47.70000076293945,46.56999969482422,47.54999923706055,141000
2023-06-09,47.63999938964844,47.7599983215332,47.220001220703125,47.2400016784668,137000
2023-06-12,48.04999923706055,48.310001373291016,47.93000030517578,48.0099983215332,191000
2023-06-13,49.68000030517578,49.939998626708984,49.0,49.04999923706055,202000
2023-06-14,49.689998626708984,49.709999084472656,49.29999923706055,49.29999923706055,249000
2023-06-15,50.349998474121094,50.349998474121094,49.790000915527344,49.83000183105469,155740
2023-06-16,49.959999084472656,50.25,49.68000030517578,50.25,104000
2023-06-19,49.880001068115234,50.04999923706055,49.459999084472656,49.54999923706055,1205000
2023-06-20,49.41999816894531,49.790000915527344,49.099998474121094,49.790000915527344,180000
2023-06-21,49.41999816894531,49.66999816894531,49.2400016784668,49.29999923706055,314000
2023-06-26,48.689998626708984,48.90999984741211,48.439998626708984,48.70000076293945,96000
2023-06-27,47.959999084472656,48.54999923706055,47.75,48.220001220703125,107025
2023-06-28,48.02000045776367,48.27000045776367,47.84000015258789,48.27000045776367,135025
2023-06-29,48.099998474121094,49.119998931884766,47.880001068115234,48.630001068115234,731000
2023-06-30,48.220001220703125,48.33000183105469,47.689998626708984,47.779998779296875,58000
2023-07-03,49.61000061035156,49.630001068115234,49.119998931884766,49.119998931884766,65048
2023-07-04,50.04999923706055,50.099998474121094,49.369998931884766,49.66999816894531,38000
2023-07-05,49.4900016784668,49.939998626708984,49.36000061035156,49.939998626708984,115015
2023-07-06,47.77000045776367,48.77000045776367,47.63999938964844,48.470001220703125,326030
2023-07-07,47.209999084472656,47.70000076293945,46.79999923706055,47.06999969482422,407055
2023-07-10,47.16999816894531,47.849998474121094,46.959999084472656,47.4900016784668,169000
2023-07-11,48.630001068115234,48.65999984741211,48.0099983215332,48.119998931884766,73015
2023-07-12,48.900001525878906,48.959999084472656,48.369998931884766,48.4900016784668,48000
2023-07-13,49.939998626708984,50.849998474121094,49.7400016784668,50.099998474121094,760000
2023-07-14,50.95000076293945,51.20000076293945,50.25,50.599998474121094,173000
2023-07-17,50.95000076293945,51.349998474121094,50.75,50.900001525878906,110000
2023-07-18,50.79999923706055,51.599998474121094,50.349998474121094,51.45000076293945,164000
2023-07-19,50.20000076293945,51.20000076293945,50.04999923706055,51.20000076293945,106020
2023-07-20,50.349998474121094,50.54999923706055,49.95000076293945,49.95000076293945,93000
2023-07-21,49.43000030517578,49.599998474121094,48.65999984741211,48.88999938964844,406010
2023-07-24,49.599998474121094,49.869998931884766,49.189998626708984,49.36000061035156,113050
2023-07-25,50.75,50.95000076293945,50.20000076293945,50.20000076293945,92072
2023-07-26,50.29999923706055,50.75,50.20000076293945,50.650001525878906,68000
2023-07-27,51.150001525878906,51.29999923706055,50.900001525878906,51.04999923706055,102000
2023-07-28,51.20000076293945,51.45000076293945,50.599998474121094,50.75,68000
2023-07-31,50.25,52.25,50.150001525878906,52.20000076293945,264110
2023-08-01,50.79999923706055,50.95000076293945,50.349998474121094,50.75,74150
2023-08-02,48.720001220703125,50.599998474121094,48.599998474121094,50.5,405000
2023-08-04,48.630001068115234,48.81999969482422,48.119998931884766,48.380001068115234,255000
2023-08-07,49.79999923706055,49.79999923706055,48.79999923706055,48.79999923706055,82000
2023-08-08,48.86000061035156,49.5099983215332,48.31999969482422,49.5,223000
2023-08-09,48.79999923706055,49.22999954223633,48.5,48.63999938964844,55000
2023-08-10,47.540000915527344,48.13999938964844,47.380001068115234,48.09000015258789,312000
2023-08-11,47.540000915527344,48.22999954223633,47.40999984741211,47.970001220703125,113157
2023-08-14,45.9900016784668,46.790000915527344,45.7599983215332,46.560001373291016,277070
2023-08-15,46.560001373291016,47.0,46.5099983215332,46.7599983215332,144000
2023-08-16,46.13999938964844,46.31999969482422,45.7400016784668,45.90999984741211,79000
2023-08-17,46.81999969482422,46.88999938964844,45.349998474121094,45.529998779296875,332000
2023-08-18,46.08000183105469,47.16999816894531,45.90999984741211,46.540000915527344,159000
2023-08-21,46.029998779296875,46.529998779296875,46.02000045776367,46.529998779296875,30100
2023-08-22,46.459999084472656,46.970001220703125,46.380001068115234,46.970001220703125,68000
2023-08-23,47.20000076293945,47.209999084472656,46.790000915527344,46.88999938964844,53030
2023-08-24,48.349998474121094,48.54999923706055,47.97999954223633,48.36000061035156,148000
2023-08-25,46.52000045776367,47.36000061035156,46.52000045776367,47.27000045776367,146000
2023-08-28,46.84000015258789,47.119998931884766,46.79999923706055,46.97999954223633,37000
2023-08-29,47.560001373291016,47.560001373291016,46.810001373291016,46.97999954223633,29000
2023-08-30,48.189998626708984,48.43000030517578,48.099998474121094,48.31999969482422,110000
2023-08-31,47.68000030517578,47.91999816894531,47.68000030517578,47.83000183105469,56025
2023-09-01,47.869998931884766,48.150001525878906,47.599998474121094,47.599998474121094,69000
2023-09-04,48.43000030517578,48.45000076293945,47.560001373291016,47.849998474121094,94000
2023-09-05,48.470001220703125,48.470001220703125,48.15999984741211,48.15999984741211,152000
2023-09-06,48.189998626708984,48.58000183105469,48.18000030517578,48.560001373291016,116000
2023-09-07,47.40999984741211,47.72999954223633,47.34000015258789,47.560001373291016,87000
2023-09-08,47.20000076293945,47.38999938964844,46.79999923706055,46.9900016784668,65025
2023-09-11,46.47999954223633,47.0,46.20000076293945,47.0,180000
2023-09-12,47.2400016784668,47.290000915527344,46.540000915527344,46.720001220703125,115000
2023-09-13,47.38999938964844,47.66999816894531,47.130001068115234,47.41999816894531,48000
2023-09-14,48.84000015258789,48.84000015258789,48.16999816894531,48.16999816894531,171000
2023-09-15,49.25,49.25,48.70000076293945,48.900001525878906,154000
2023-09-18,48.09000015258789,48.560001373291016,48.09000015258789,48.43000030517578,168000
2023-09-19,47.599998474121094,48.22999954223633,47.599998474121094,48.20000076293945,87000
2023-09-20,47.150001525878906,47.59000015258789,47.060001373291016,47.40999984741211,130000
2023-09-21,45.68000030517578,46.40999984741211,45.599998474121094,46.279998779296875,311000
2023-09-22,45.90999984741211,45.93000030517578,45.2400016784668,45.2400016784668,121000
2023-09-25,46.59000015258789,46.7599983215332,46.20000076293945,46.20000076293945,46000
2023-09-26,45.599998474121094,46.16999816894531,45.54999923706055,46.16999816894531,93000
2023-09-27,45.619998931884766,45.7599983215332,45.40999984741211,45.40999984741211,100000
2023-09-28,46.06999969482422,46.36000061035156,45.70000076293945,46.15999984741211,59000
2023-10-02,47.16999816894531,47.380001068115234,46.88999938964844,46.88999938964844,96000
2023-10-03,46.439998626708984,47.040000915527344,46.439998626708984,46.90999984741211,194000
2023-10-04,45.40999984741211,45.59000015258789,44.939998626708984,45.31999969482422,146020
2023-10-05,46.68000030517578,46.689998626708984,45.869998931884766,45.869998931884766,91000
2023-10-06,46.97999954223633,47.029998779296875,46.75,47.02000045776367,128000
2023-10-11,48.02000045776367,48.20000076293945,47.790000915527344,48.119998931884766,136000
2023-10-12,48.779998779296875,48.779998779296875,48.09000015258789,48.2400016784668,146000
2023-10-13,48.290000915527344,48.470001220703125,48.15999984741211,48.27000045776367,52000
2023-10-16,47.66999816894531,47.720001220703125,47.400001525878906,47.720001220703125,53000
2023-10-17,47.560001373291016,48.18000030517578,47.560001373291016,48.15999984741211,50000
2023-10-18,46.43000030517578,47.209999084472656,46.43000030517578,47.20000076293945,132201
2023-10-19,46.20000076293945,46.54999923706055,46.099998474121094,46.43000030517578,34000
2023-10-20,46.20000076293945,46.369998931884766,45.290000915527344,45.81999969482422,97000
2023-10-23,45.33000183105469,45.810001373291016,45.290000915527344,45.689998626708984,80025
2023-10-24,45.75,45.75,44.66999816894531,45.33000183105469,132000
2023-10-25,45.97999954223633,46.45000076293945,45.97999954223633,46.0099983215332,170000
2023-10-26,44.119998931884766,44.77000045776367,44.119998931884766,44.310001373291016,264000
2023-10-27,44.66999816894531,44.95000076293945,44.59000015258789,44.68000030517578,77000
2023-10-30,44.70000076293945,45.08000183105469,44.58000183105469,44.869998931884766,217000
2023-10-31,43.779998779296875,44.86000061035156,43.75,44.83000183105469,136000
2023-11-01,44.209999084472656,44.400001525878906,43.77000045776367,44.400001525878906,62000
2023-11-02,46.02000045776367,46.02000045776367,45.40999984741211,45.40999984741211,146000
2023-11-03,46.650001525878906,46.72999954223633,46.290000915527344,46.290000915527344,161000
2023-11-06,47.54999923706055,47.83000183105469,47.29999923706055,47.439998626708984,327000
2023-11-07,47.650001525878906,47.650001525878906,47.290000915527344,47.290000915527344,122000
2023-11-08,48.0099983215332,48.209999084472656,47.689998626708984,47.689998626708984,198000
2023-11-09,48.11000061035156,48.18000030517578,47.720001220703125,47.86000061035156,63000
2023-11-10,47.65999984741211,47.689998626708984,47.41999816894531,47.63999938964844,125530
2023-11-13,48.63999938964844,49.20000076293945,48.560001373291016,49.130001068115234,241000
2023-11-14,49.119998931884766,49.25,49.0,49.20000076293945,176000
2023-11-15,50.20000076293945,50.349998474121094,49.86000061035156,50.349998474121094,201000
2023-11-16,50.29999923706055,50.5,49.90999984741211,50.45000076293945,197000
2023-11-17,50.599998474121094,50.70000076293945,50.349998474121094,50.349998474121094,197000
2023-11-20,50.54999923706055,50.70000076293945,50.25,50.599998474121094,73000
2023-11-21,51.70000076293945,51.70000076293945,51.20000076293945,51.20000076293945,220000
2023-11-22,51.04999923706055,51.20000076293945,50.849998474121094,51.04999923706055,49000
2023-11-23,50.95000076293945,51.099998474121094,50.599998474121094,51.099998474121094,81000
2023-11-24,51.04999923706055,51.29999923706055,50.95000076293945,51.150001525878906,48000
2023-11-27,50.20000076293945,51.400001525878906,50.20000076293945,51.20000076293945,70000
2023-11-28,51.400001525878906,51.54999923706055,50.45000076293945,50.45000076293945,255000
2023-11-29,51.29999923706055,51.95000076293945,51.29999923706055,51.650001525878906,130000
2023-11-30,51.5,51.599998474121094,51.29999923706055,51.54999923706055,27000
2023-12-01,51.79999923706055,51.79999923706055,51.099998474121094,51.29999923706055,100000
2023-12-04,51.75,52.150001525878906,51.54999923706055,52.04999923706055,97000
2023-12-05,51.04999923706055,51.099998474121094,50.70000076293945,51.04999923706055,52000
2023-12-06,51.45000076293945,51.849998474121094,51.349998474121094,51.349998474121094,178000
2023-12-07,50.900001525878906,51.400001525878906,50.900001525878906,51.349998474121094,44000
2023-12-08,51.45000076293945,51.95000076293945,51.45000076293945,51.79999923706055,173000
2023-12-11,51.75,51.75,51.400001525878906,51.75,83000
2023-12-12,51.900001525878906,52.349998474121094,51.79999923706055,52.29999923706055,100000
2023-12-13,51.95000076293945,52.25,51.849998474121094,52.150001525878906,104000
2023-12-14,53.150001525878906,53.349998474121094,52.849998474121094,53.0,226000
2023-12-15,53.400001525878906,53.75,53.29999923706055,53.650001525878906,209000
2023-12-18,53.20000076293945,53.20000076293945,52.70000076293945,53.0,164000
2023-12-19,52.650001525878906,52.95000076293945,52.25,52.95000076293945,79000
2023-12-20,53.400001525878906,53.400001525878906,52.79999923706055,52.95000076293945,151000
2023-12-21,52.54999923706055,52.54999923706055,51.95000076293945,52.0,80000
2023-12-22,52.75,52.79999923706055,52.599998474121094,52.650001525878906,39000
2023-12-25,53.04999923706055,53.150001525878906,53.0,53.04999923706055,31000
2023-12-26,53.650001525878906,53.70000076293945,53.099998474121094,53.099998474121094,55000
2023-12-27,54.5,54.5,53.75,53.75,290000
2023-12-28,54.45000076293945,54.54999923706055,54.20000076293945,54.54999923706055,84000
2023-12-29,54.45000076293945,54.70000076293945,54.20000076293945,54.400001525878906,211000
2024-01-02,54.0,54.75,53.79999923706055,54.75,135000
2024-01-03,52.599998474121094,53.099998474121094,52.400001525878906,53.099998474121094,291000
2024-01-04,52.5,52.79999923706055,52.45000076293945,52.650001525878906,172000
2024-01-05,52.349998474121094,52.95000076293945,52.20000076293945,52.70000076293945,123000
2024-01-08,52.849998474121094,53.45000076293945,52.75,53.099998474121094,149000
2024-01-09,52.650001525878906,53.5,52.650001525878906,53.5,110000
2024-01-10,52.04999923706055,52.20000076293945,51.95000076293945,52.099998474121094,72000
2024-01-11,52.70000076293945,52.849998474121094,52.20000076293945,52.29999923706055,130000
2024-01-12,52.349998474121094,52.650001525878906,52.0,52.150001525878906,155000
2024-01-15,52.75,53.099998474121094,52.54999923706055,52.849998474121094,165000
2024-01-16,51.45000076293945,51.900001525878906,51.20000076293945,51.75,362001
2024-01-17,50.650001525878906,51.29999923706055,50.5,51.25,316001
2024-01-18,50.79999923706055,51.099998474121094,50.54999923706055,50.900001525878906,142000
2024-01-19,53.150001525878906,53.20000076293945,52.150001525878906,52.5,311000
2024-01-22,53.95000076293945,54.150001525878906,53.70000076293945,53.900001525878906,173000
2024-01-23,54.400001525878906,54.400001525878906,54.04999923706055,54.150001525878906,148000
2024-01-24,54.400001525878906,54.75,54.400001525878906,54.54999923706055,138000
2024-01-25,55.150001525878906,55.150001525878906,54.849998474121094,55.0,157000
2024-01-26,55.099998474121094,55.20000076293945,54.900001525878906,55.0,104000
2024-01-29,55.95000076293945,55.95000076293945,55.0,55.04999923706055,90000
2024-01-30,55.70000076293945,55.849998474121094,55.5,55.75,93101
2024-01-31,54.54999923706055,55.150001525878906,54.5,55.0,122001
2024-02-01,54.900001525878906,54.900001525878906,54.400001525878906,54.79999923706055,77000
2024-02-02,55.70000076293945,55.70000076293945,55.29999923706055,55.400001525878906,125000
2024-02-05,55.70000076293945,55.75,55.0,55.25,186000
2024-02-15,59.25,59.349998474121094,58.5,59.150001525878906,238067
2024-02-16,59.150001525878906,59.599998474121094,59.04999923706055,59.349998474121094,73001
2024-02-19,59.25,59.29999923706055,58.95000076293945,59.150001525878906,126067
2024-02-20,59.75,59.75,58.95000076293945,58.95000076293945,181000
2024-02-21,59.25,59.599998474121094,59.25,59.54999923706055,92001
2024-02-22,60.599998474121094,60.599998474121094,59.95000076293945,60.25,93066
2024-02-23,60.75,61.20000076293945,60.75,61.20000076293945,142000
2024-02-26,61.150001525878906,61.29999923706055,60.5,60.54999923706055,67228
2024-02-27,60.45000076293945,61.400001525878906,59.79999923706055,61.400001525878906,115001
2024-02-29,61.099998474121094,61.25,60.150001525878906,60.20000076293945,88015
2024-03-01,61.04999923706055,61.45000076293945,60.95000076293945,61.45000076293945,147001
2024-03-04,63.25,63.45000076293945,62.29999923706055,62.349998474121094,203063
2024-03-05,63.849998474121094,64.0,63.400001525878906,63.79999923706055,93000
2024-03-06,64.5999984741211,64.6500015258789,63.150001525878906,63.25,245000
2024-03-07,65.9000015258789,66.25,65.25,65.75,176000
2024-03-08,66.44999694824219,67.8499984741211,65.5999984741211,67.8499984741211,566060
2024-03-11,65.94999694824219,66.55000305175781,65.75,66.05000305175781,286001
2024-03-12,67.5,67.5,66.0,66.0,189100
2024-03-13,67.44999694824219,68.25,67.05000305175781,68.19999694824219,190000
2024-03-14,67.3499984741211,67.55000305175781,66.6500015258789,67.30000305175781,169000
2024-03-15,66.30000305175781,67.0,66.19999694824219,66.55000305175781,83000
2024-03-18,67.25,67.25,66.19999694824219,66.30000305175781,69100
2024-03-19,67.05000305175781,67.25,66.30000305175781,66.5,65000
2024-03-20,66.5999984741211,67.4000015258789,66.3499984741211,67.3499984741211,41001
2024-03-21,69.4000015258789,69.4000015258789,68.0999984741211,68.0999984741211,191057
2024-03-22,69.30000305175781,69.44999694824219,68.5999984741211,69.3499984741211,90000
2024-03-25,69.4000015258789,69.69999694824219,69.0,69.30000305175781,203000
2024-03-26,69.0,70.75,68.0,70.25,246000
2024-03-27,69.44999694824219,69.69999694824219,68.69999694824219,69.0999984741211,73057
2024-03-28,69.0999984741211,69.30000305175781,68.4000015258789,69.1500015258789,203000
2024-03-29,69.5999984741211,69.5999984741211,69.0999984741211,69.4000015258789,68000
2024-04-01,69.6500015258789,70.4000015258789,69.55000305175781,70.05000305175781,317200
2024-04-02,71.19999694824219,71.19999694824219,70.30000305175781,70.30000305175781,245000
2024-04-03,70.1500015258789,70.5,69.6500015258789,70.25,237001
2024-04-08,70.9000015258789,71.19999694824219,70.3499984741211,70.44999694824219,105000
2024-04-09,73.75,73.80000305175781,71.5,71.5,212000
2024-04-10,73.3499984741211,73.8499984741211,73.30000305175781,73.5,177056
2024-04-11,72.8499984741211,72.8499984741211,72.1500015258789,72.69999694824219,141001
2024-04-12,72.9000015258789,73.19999694824219,72.4000015258789,72.55000305175781,180000
2024-04-15,71.1500015258789,71.75,70.80000305175781,71.69999694824219,236001
2024-04-16,67.25,69.5999984741211,66.30000305175781,69.5,1113001
2024-04-17,68.6500015258789,68.8499984741211,67.6500015258789,67.8499984741211,638500
2024-04-18,69.44999694824219,69.5,67.5,67.80000305175781,444000
2024-04-19,64.19999694824219,66.80000305175781,62.349998474121094,66.6500015258789,1286051
2024-04-22,63.95000076293945,65.05000305175781,63.599998474121094,64.19999694824219,565080
2024-04-23,65.0999984741211,65.5,64.3499984741211,65.5,179000
2024-04-24,68.4000015258789,68.5999984741211,66.94999694824219,66.94999694824219,461058
2024-04-25,66.3499984741211,67.05000305175781,66.0999984741211,66.80000305175781,460227
2024-04-26,68.25,68.94999694824219,67.94999694824219,68.0999984741211,302058
2024-04-29,70.80000305175781,70.9000015258789,69.80000305175781,69.9000015258789,287000
2024-04-30,70.4000015258789,71.0,70.4000015258789,70.80000305175781,171356
2024-05-02,69.25,69.6500015258789,68.9000015258789,69.3499984741211,168001
2024-05-03,69.5999984741211,71.0,69.25,70.80000305175781,156000
2024-05-06,71.25,71.94999694824219,71.0,71.44999694824219,189000
2024-05-07,71.6500015258789,72.1500015258789,70.8499984741211,72.0999984741211,84000
2024-05-08,72.1500015258789,72.1500015258789,71.25,71.44999694824219,175000
2024-05-09,71.4000015258789,72.30000305175781,71.4000015258789,71.80000305175781,125300
2024-05-10,72.55000305175781,72.75,71.6500015258789,72.1500015258789,114000
2024-05-13,73.19999694824219,73.69999694824219,72.9000015258789,73.6500015258789,197008
2024-05-14,74.1500015258789,74.1500015258789,73.19999694824219,73.5,146000
2024-05-15,75.44999694824219,76.69999694824219,75.0999984741211,75.1500015258789,243000
2024-05-16,76.5,77.80000305175781,76.3499984741211,77.3499984741211,411000
2024-05-17,76.30000305175781,76.8499984741211,76.0999984741211,76.5999984741211,142015
2024-05-20,76.25,76.80000305175781,75.0999984741211,76.80000305175781,517000
2024-05-21,76.0999984741211,76.30000305175781,75.19999694824219,76.0,195100
2024-05-22,78.1500015258789,78.30000305175781,76.5999984741211,76.6500015258789,301000
2024-05-23,78.4000015258789,78.5999984741211,77.5999984741211,78.25,470000
2024-05-24,78.19999694824219,78.30000305175781,77.19999694824219,77.19999694824219,169001
2024-05-27,80.1500015258789,80.55000305175781,79.30000305175781,79.3499984741211,264000
2024-05-28,80.9000015258789,81.19999694824219,80.0999984741211,80.1500015258789,278000
2024-05-29,79.30000305175781,80.5,79.30000305175781,80.5,273063
2024-05-30,76.6500015258789,77.9000015258789,76.55000305175781,77.0999984741211,518202
2024-05-31,75.9000015258789,78.0,75.9000015258789,77.44999694824219,1410000
2024-06-03,78.5,78.9000015258789,77.0,77.9000015258789,402000
2024-06-04,76.3499984741211,77.6500015258789,76.0,77.5999984741211,590501
2024-06-05,77.1500015258789,77.3499984741211,75.69999694824219,76.75,427000
2024-06-06,80.30000305175781,80.75,79.69999694824219,80.05000305175781,846000
2024-06-07,79.94999694824219,80.19999694824219,79.6500015258789,79.94999694824219,216001
2024-06-11,79.55000305175781,80.80000305175781,79.55000305175781,80.0999984741211,519151
2024-06-12,81.4000015258789,81.5,79.8499984741211,79.8499984741211,426000
2024-06-13,83.5999984741211,84.5,82.69999694824219,83.4000015258789,489120
2024-06-14,84.6500015258789,84.69999694824219,83.0999984741211,83.4000015258789,293200
2024-06-17,84.5999984741211,85.19999694824219,84.30000305175781,84.55000305175781,281000
2024-06-18,87.05000305175781,87.1500015258789,86.05000305175781,86.19999694824219,515001
2024-06-19,90.4000015258789,90.80000305175781,88.5999984741211,88.6500015258789,1085020
2024-06-20,92.30000305175781,92.30000305175781,90.4000015258789,90.4000015258789,532087
2024-06-21,91.1500015258789,91.75,90.1500015258789,90.6500015258789,495144
2024-06-24,87.4000015258789,89.5,87.19999694824219,89.5,920630
2024-06-25,87.6500015258789,87.75,85.0,86.6500015258789,868027
2024-06-26,88.5,89.5,87.5999984741211,88.55000305175781,501229
2024-06-27,88.0999984741211,88.0999984741211,86.6500015258789,86.9000015258789,259326
2024-06-28,89.4000015258789,90.30000305175781,88.0,88.30000305175781,443326
2024-07-01,89.44999694824219,90.69999694824219,89.0999984741211,89.8499984741211,580000
2024-07-02,88.1500015258789,89.3499984741211,87.3499984741211,88.6500015258789,600871
2024-07-03,90.75,90.75,89.4000015258789,90.0999984741211,363449
2024-07-04,94.30000305175781,94.30000305175781,93.1500015258789,93.1500015258789,609153
2024-07-05,93.75,94.69999694824219,93.6500015258789,94.5,380001
2024-07-08,96.69999694824219,97.19999694824219,93.75,93.94999694824219,656060
2024-07-09,96.25,98.0999984741211,94.4000015258789,96.8499984741211,1037051
2024-07-10,97.30000305175781,97.30000305175781,95.0,96.05000305175781,804082
2024-07-11,100.30000305175781,100.5999984741211,98.6500015258789,99.25,1187310
2024-07-12,95.9000015258789,97.5,95.5999984741211,96.75,1209269
2024-07-15,96.0,97.1500015258789,95.25,96.94999694824219,599000
2024-07-16,96.9000015258789,98.5999984741211,96.19999694824219,96.5,815200
2024-07-17,95.4000015258789,96.8499984741211,94.8499984741211,96.25,893650
2024-07-18,92.3499984741211,92.5999984741211,90.5999984741211,91.25,958167
2024-07-19,88.44999694824219,90.69999694824219,88.19999694824219,90.5999984741211,1780130
2024-07-22,84.3499984741211,87.6500015258789,83.0,87.6500015258789,2700620
2024-07-23,88.1500015258789,88.1500015258789,86.5,86.5,892000
2024-07-26,82.4000015258789,82.69999694824219,81.0,81.1500015258789,2084432
2024-07-29,83.05000305175781,84.94999694824219,82.5999984741211,84.9000015258789,927120
2024-07-30,83.4000015258789,83.6500015258789,80.0999984741211,81.5999984741211,1144200
2024-07-31,83.30000305175781,84.0,81.6500015258789,82.1500015258789,763020
2024-08-01,86.1500015258789,86.5,84.9000015258789,86.4000015258789,836033
2024-08-02,78.5,82.0,78.5,81.0999984741211,2903819
2024-08-05,63.349998474121094,69.5,63.29999923706055,69.3499984741211,5300559
2024-08-06,69.0999984741211,71.30000305175781,63.70000076293945,69.94999694824219,4581070
2024-08-07,74.44999694824219,74.94999694824219,70.05000305175781,70.5999984741211,2815500
2024-08-08,71.4000015258789,73.4000015258789,70.25,71.80000305175781,2403600
2024-08-09,75.6500015258789,76.80000305175781,74.4000015258789,75.05000305175781,2419689
2024-08-12,77.5999984741211,78.94999694824219,76.9000015258789,77.0,1535400
2024-08-13,77.94999694824219,78.6500015258789,77.4000015258789,78.55000305175781,1090000
2024-08-14,79.5999984741211,80.80000305175781,79.1500015258789,80.0,1946456
2024-08-15,79.05000305175781,80.4000015258789,78.94999694824219,80.0,1196300
2024-08-16,82.30000305175781,82.80000305175781,81.80000305175781,82.25,1384045
2024-08-19,82.30000305175781,83.3499984741211,82.05000305175781,82.5,988000
2024-08-20,82.6500015258789,83.75,82.5,83.5,846599
2024-08-21,81.55000305175781,82.25,81.1500015258789,82.05000305175781,739079
2024-08-22,80.55000305175781,81.69999694824219,80.1500015258789,81.5,543047
2024-08-23,80.8499984741211,81.05000305175781,79.0,79.25,1000010
2024-08-26,81.0999984741211,83.0999984741211,81.0,82.30000305175781,1033219
2024-08-27,81.0999984741211,81.30000305175781,80.0,80.0,537500
2024-08-28,82.8499984741211,82.8499984741211,80.30000305175781,81.25,733600
2024-08-29,81.0999984741211,81.5999984741211,79.5,80.1500015258789,1118172
2024-08-30,82.0,82.44999694824219,81.5,81.94999694824219,532024
2024-09-02,81.3499984741211,83.0999984741211,81.0999984741211,82.94999694824219,616048
2024-09-03,80.4000015258789,82.05000305175781,80.30000305175781,81.5,592400
2024-09-04,72.9000015258789,75.19999694824219,71.4000015258789,72.5999984741211,2921549
2024-09-05,73.55000305175781,75.6500015258789,73.0,74.5999984741211,892130
2024-09-06,75.1500015258789,75.44999694824219,72.75,73.80000305175781,631014
2024-09-09,73.19999694824219,73.30000305175781,71.44999694824219,71.80000305175781,1568127
2024-09-10,73.05000305175781,74.25,72.0,74.0,1030000
2024-09-11,72.4000015258789,73.4000015258789,72.4000015258789,72.9000015258789,1005000
2024-09-12,77.4000015258789,77.75,75.6500015258789,76.1500015258789,1395422
2024-09-13,78.0,78.0,77.05000305175781,77.75,519500
2024-09-16,78.30000305175781,78.5,77.6500015258789,78.25,384068
2024-09-18,77.1500015258789,78.44999694824219,76.69999694824219,78.1500015258789,743000
2024-09-19,79.80000305175781,79.8499984741211,76.9000015258789,77.5,759305
2024-09-20,80.75,82.4000015258789,80.75,82.05000305175781,1128238
2024-09-23,81.6500015258789,82.0,81.0999984741211,81.5999984741211,505500
2024-09-24,82.75,82.80000305175781,80.5,81.30000305175781,869080
2024-09-25,85.44999694824219,85.55000305175781,84.75,85.0,1054798
2024-09-26,86.1500015258789,87.0999984741211,85.9000015258789,86.75,813406
2024-09-27,86.1500015258789,87.8499984741211,86.05000305175781,87.44999694824219,771094
2024-09-30,81.75,84.80000305175781,81.75,84.6500015258789,1561888
2024-10-01,82.0,82.55000305175781,81.69999694824219,82.25,712338
2024-10-04,81.55000305175781,82.9000015258789,81.1500015258789,81.94999694824219,585234
2024-10-07,84.94999694824219,85.05000305175781,83.44999694824219,83.5,1156427
2024-10-08,83.4000015258789,83.9000015258789,82.1500015258789,83.55000305175781,1046000
2024-10-09,84.25,85.6500015258789,84.25,85.3499984741211,1037408
2024-10-11,86.0,86.80000305175781,85.25,85.30000305175781,1180544
2024-10-14,86.55000305175781,86.8499984741211,85.30000305175781,85.94999694824219,832106
2024-10-15,88.80000305175781,89.44999694824219,87.3499984741211,87.3499984741211,908355
2024-10-16,86.75,88.0,85.5999984741211,85.80000305175781,1378180
2024-10-17,87.4000015258789,88.0,86.25,87.1500015258789,748450
2024-10-18,90.5,92.1500015258789,90.05000305175781,91.55000305175781,1651517
2024-10-21,90.5,91.8499984741211,90.5,91.8499984741211,571246
2024-10-22,90.44999694824219,90.44999694824219,88.5999984741211,89.6500015258789,712000
2024-10-23,88.94999694824219,89.9000015258789,88.69999694824219,89.5999984741211,770051
2024-10-24,87.94999694824219,89.5,87.6500015258789,88.6500015258789,598152
2024-10-25,89.3499984741211,89.3499984741211,88.25,88.8499984741211,321135
2024-10-28,88.6500015258789,90.6500015258789,87.80000305175781,90.55000305175781,1593499
2024-10-29,85.5999984741211,86.44999694824219,83.8499984741211,86.44999694824219,1997071
2024-10-30,85.4000015258789,87.05000305175781,85.0,86.6500015258789,731284
2024-11-01,84.3499984741211,84.75,81.19999694824219,81.25,2069041
2024-11-04,86.19999694824219,86.25,84.5,84.8499984741211,1086189
2024-11-05,86.5999984741211,87.44999694824219,84.9000015258789,84.94999694824219,1621700
2024-11-06,87.80000305175781,89.30000305175781,86.44999694824219,87.0,1497104
2024-11-07,89.6500015258789,90.19999694824219,87.5,87.5,1289110
2024-11-08,90.69999694824219,91.5999984741211,90.0,91.55000305175781,1138450
2024-11-11,90.4000015258789,90.4000015258789,88.4000015258789,90.25,1313085
2024-11-12,85.5999984741211,87.75,85.5999984741211,87.4000015258789,2153280
2024-11-13,85.0999984741211,85.94999694824219,84.94999694824219,85.3499984741211,832392
2024-11-14,83.69999694824219,85.0,82.8499984741211,85.0,1448320
2024-11-15,84.69999694824219,85.25,83.69999694824219,84.5999984741211,561169
2024-11-18,82.69999694824219,84.30000305175781,82.5999984741211,84.19999694824219,1049232
2024-11-19,84.9000015258789,85.6500015258789,83.0,83.55000305175781,907002
2024-11-20,84.0999984741211,84.0999984741211,84.0999984741211,84.0999984741211,112
2024-11-21,82.80000305175781,83.5,82.0999984741211,82.44999694824219,943845
2024-11-22,85.5,85.8499984741211,84.4000015258789,84.80000305175781,1118216
2024-11-25,85.80000305175781,87.30000305175781,85.80000305175781,86.75,561002
2024-11-26,83.25,84.19999694824219,82.75,83.80000305175781,1168427
2024-11-27,81.05000305175781,83.19999694824219,80.80000305175781,82.9000015258789,1284255
2024-11-28,80.3499984741211,80.9000015258789,79.1500015258789,80.9000015258789,1226661
2024-11-29,80.6500015258789,81.30000305175781,78.30000305175781,78.4000015258789,955260
2024-12-02,83.9000015258789,84.0,82.3499984741211,82.4000015258789,1162501
2024-12-03,85.9000015258789,86.5,85.4000015258789,85.94999694824219,1239266
2024-12-04,87.30000305175781,87.30000305175781,85.94999694824219,86.69999694824219,1031205
2024-12-05,87.4000015258789,87.75,87.0,87.69999694824219,607054
2024-12-06,87.0,87.8499984741211,86.4000015258789,87.5999984741211,738502
2024-12-09,87.0,87.44999694824219,86.69999694824219,87.44999694824219,351052
2024-12-10,85.94999694824219,87.9000015258789,85.80000305175781,87.25,683999
2024-12-11,84.55000305175781,85.69999694824219,84.1500015258789,84.9000015258789,971201
2024-12-12,86.05000305175781,86.9000015258789,85.9000015258789,86.1500015258789,564002
2024-12-13,85.55000305175781,86.05000305175781,84.69999694824219,85.5999984741211,511036
2024-12-16,85.1500015258789,87.3499984741211,85.1500015258789,87.3499984741211,593036
2024-12-17,86.0,86.94999694824219,85.9000015258789,86.19999694824219,502000
2024-12-18,86.05000305175781,86.8499984741211,84.8499984741211,85.25,400025
2024-12-19,84.25,84.30000305175781,83.25,83.69999694824219,1044234
2024-12-20,82.5,83.44999694824219,82.0,83.3499984741211,908748
2024-12-23,86.30000305175781,86.4000015258789,84.25,84.3499984741211,1225400
2024-12-24,86.55000305175781,87.44999694824219,86.44999694824219,87.25,501150
2024-12-25,87.3499984741211,87.4000015258789,86.75,87.25,427011
2024-12-26,87.19999694824219,87.5999984741211,87.0,87.5,374720
2024-12-27,87.5999984741211,87.5999984741211,86.5,86.5999984741211,638027
2024-12-30,86.25,87.25,86.0999984741211,86.69999694824219,267013
2024-12-31,85.5,85.5999984741211,84.5999984741211,85.25,869121
2025-01-02,83.5999984741211,84.75,82.75,84.44999694824219,1107014
2025-01-03,84.69999694824219,85.6500015258789,84.19999694824219,85.1500015258789,802001
2025-01-06,89.19999694824219,89.3499984741211,86.8499984741211,87.05000305175781,1743172
2025-01-07,90.3499984741211,91.75,90.3499984741211,91.6500015258789,1183010
2025-01-08,88.3499984741211,89.69999694824219,88.0999984741211,89.0,754039
2025-01-09,85.6500015258789,87.8499984741211,85.6500015258789,87.55000305175781,961220
2025-01-10,85.3499984741211,85.8499984741211,84.5999984741211,85.4000015258789,597271
2025-01-13,81.44999694824219,84.6500015258789,80.69999694824219,84.5999984741211,2186010
2025-01-14,82.69999694824219,82.94999694824219,81.44999694824219,81.94999694824219,819002
2025-01-15,81.19999694824219,82.69999694824219,81.0,82.6500015258789,649002
2025-01-16,84.6500015258789,85.69999694824219,84.19999694824219,84.30000305175781,1293651
2025-01-17,85.44999694824219,85.5999984741211,83.9000015258789,85.5,1017103
2025-01-20,86.55000305175781,87.0999984741211,86.0999984741211,86.19999694824219,957399
2025-01-21,87.0,87.19999694824219,85.75,85.94999694824219,689016
2025-01-22,89.25,89.3499984741211,88.4000015258789,88.5,1574210
2025-02-03,81.75,84.0,81.05000305175781,84.0,3469697
2025-02-04,82.1500015258789,83.44999694824219,82.0,83.0999984741211,1354278
2025-02-05,85.3499984741211,85.9000015258789,84.5,84.5,1355029
2025-02-06,85.94999694824219,86.6500015258789,85.5999984741211,86.30000305175781,830200
2025-02-07,87.19999694824219,87.19999694824219,86.0999984741211,86.19999694824219,905002
2025-02-10,85.9000015258789,86.25,85.1500015258789,86.1500015258789,827657
2025-02-11,86.5999984741211,87.55000305175781,86.19999694824219,87.19999694824219,655229
2025-02-12,86.3499984741211,87.80000305175781,86.25,87.30000305175781,605000
2025-02-13,87.0,87.0,85.9000015258789,86.19999694824219,446136
2025-02-14,85.30000305175781,85.80000305175781,84.9000015258789,85.69999694824219,1196002
2025-02-17,87.75,87.80000305175781,86.30000305175781,86.30000305175781,1205400
2025-02-18,88.5,88.5,87.3499984741211,87.80000305175781,688400
2025-02-19,88.19999694824219,88.9000015258789,88.05000305175781,88.4000015258789,463026
2025-02-20,87.75,87.94999694824219,86.6500015258789,87.80000305175781,581016
2025-02-21,89.30000305175781,89.30000305175781,87.3499984741211,87.6500015258789,816100
2025-02-24,87.94999694824219,87.94999694824219,87.19999694824219,87.44999694824219,718700
2025-02-25,86.05000305175781,86.3499984741211,85.0,85.8499984741211,1157200
2025-02-26,86.80000305175781,86.80000305175781,84.75,85.4000015258789,1126193
2025-02-27,85.19999694824219,87.0,84.94999694824219,86.8499984741211,1100140
2025-03-03,81.8499984741211,82.44999694824219,81.1500015258789,82.05000305175781,4949100
2025-03-04,80.80000305175781,81.4000015258789,78.80000305175781,79.1500015258789,2203258
2025-03-05,83.05000305175781,83.19999694824219,81.8499984741211,82.44999694824219,1141002
2025-03-06,82.0999984741211,83.1500015258789,81.75,83.05000305175781,716060
2025-03-07,80.44999694824219,81.5,80.1500015258789,81.05000305175781,1044280
2025-03-10,79.80000305175781,80.55000305175781,79.0,80.55000305175781,1324226
2025-03-11,76.9000015258789,77.19999694824219,74.4000015258789,76.05000305175781,3733300
2025-03-12,77.94999694824219,79.0999984741211,77.0999984741211,77.3499984741211,983026
2025-03-13,76.25,79.94999694824219,76.25,79.69999694824219,1160606
2025-03-14,76.3499984741211,76.80000305175781,75.80000305175781,76.80000305175781,518600
2025-03-17,77.5,78.75,77.4000015258789,77.94999694824219,586002
2025-03-18,78.4000015258789,79.0999984741211,77.94999694824219,78.5,386001
2025-03-19,76.75,78.19999694824219,76.25,78.0,622020
2025-03-20,79.19999694824219,79.25,77.94999694824219,78.0,750039
2025-03-21,77.8499984741211,78.80000305175781,77.69999694824219,78.80000305175781,483005
2025-03-24,77.3499984741211,79.0,77.3499984741211,78.94999694824219,372255
2025-03-25,78.44999694824219,79.4000015258789,77.9000015258789,78.9000015258789,2408214
2025-03-26,78.69999694824219,79.30000305175781,78.19999694824219,78.94999694824219,473017
2025-03-27,76.0999984741211,76.55000305175781,75.80000305175781,76.55000305175781,2601300
2025-03-28,73.5999984741211,74.9000015258789,72.94999694824219,74.80000305175781,4365046
2025-03-31,68.19999694824219,70.0,67.80000305175781,69.4000015258789,6255550
2025-04-01,71.05000305175781,71.30000305175781,68.9000015258789,69.0,3432030
2025-04-02,71.4000015258789,71.8499984741211,70.69999694824219,71.05000305175781,956010
2025-04-07,57.150001525878906,57.150001525878906,57.150001525878906,57.150001525878906,723500
2025-04-08,50.650001525878906,54.79999923706055,49.54999923706055,52.75,11521801
2025-04-09,45.33000183105469,51.20000076293945,44.75,50.0,11344851
2025-04-10,54.349998474121094,54.349998474121094,54.349998474121094,54.349998474121094,911200
2025-04-11,57.400001525878906,57.400001525878906,51.5,51.599998474121094,4009402
2025-04-14,57.099998474121094,59.900001525878906,56.849998474121094,59.25,2901501
2025-04-15,59.0,59.04999923706055,57.150001525878906,57.650001525878906,1268256
2025-04-16,56.5,57.900001525878906,56.400001525878906,57.75,1486420
2025-04-17,56.20000076293945,56.70000076293945,55.04999923706055,55.95000076293945,1429582
2025-04-18,56.400001525878906,56.900001525878906,56.04999923706055,56.5,776001
2025-04-21,54.599998474121094,55.95000076293945,54.54999923706055,55.849998474121094,1029629
2025-04-22,53.099998474121094,54.5,53.099998474121094,53.650001525878906,1759361
2025-04-23,57.54999923706055,57.70000076293945,55.95000076293945,56.0,1523501
2025-04-24,56.70000076293945,58.04999923706055,56.599998474121094,58.0,1301246
2025-04-25,59.29999923706055,60.04999923706055,59.099998474121094,59.900001525878906,1284096
2025-04-28,60.04999923706055,60.349998474121094,59.70000076293945,59.95000076293945,787225
2025-04-29,61.099998474121094,61.25,59.79999923706055,60.04999923706055,1135586
2025-04-30,60.95000076293945,61.650001525878906,60.599998474121094,60.79999923706055,739001
2025-05-02,64.30000305175781,64.30000305175781,63.0,63.20000076293945,1220135
2025-05-05,62.599998474121094,64.94999694824219,61.29999923706055,64.94999694824219,2505501
2025-05-06,62.150001525878906,62.95000076293945,61.25,61.5,1284027
2025-05-07,62.29999923706055,63.20000076293945,61.70000076293945,62.900001525878906,825500
2025-05-08,63.75,64.25,63.04999923706055,63.29999923706055,1798063
2025-05-09,65.0999984741211,65.0999984741211,63.70000076293945,64.19999694824219,1291501
2025-05-12,66.6500015258789,66.94999694824219,66.0999984741211,66.19999694824219,768200
2025-05-13,68.19999694824219,69.25,68.0,69.19999694824219,1753550
2025-05-14,71.0999984741211,71.1500015258789,69.8499984741211,70.19999694824219,1634749
2025-05-15,70.75,71.19999694824219,70.44999694824219,70.9000015258789,715104
2025-05-16,71.55000305175781,71.75,70.5,70.6500015258789,575038
2025-05-19,69.4000015258789,70.9000015258789,69.30000305175781,70.55000305175781,1108314
2025-05-20,69.5999984741211,70.69999694824219,69.30000305175781,70.6500015258789,577100
2025-05-21,71.30000305175781,71.3499984741211,69.94999694824219,69.94999694824219,1234536
2025-05-22,69.75,70.05000305175781,69.1500015258789,69.8499984741211,582235
2025-05-23,69.5,70.4000015258789,69.0,70.3499984741211,494002
2025-05-26,69.0999984741211,69.69999694824219,69.0,69.30000305175781,522000
2025-05-27,67.8499984741211,69.0999984741211,67.44999694824219,69.0999984741211,575401
2025-05-28,68.05000305175781,69.80000305175781,67.5999984741211,69.5999984741211,796380
2025-05-29,68.55000305175781,69.9000015258789,68.4000015258789,69.8499984741211,790076
2025-06-02,65.6500015258789,66.8499984741211,65.30000305175781,66.6500015258789,2232668
2025-06-03,66.44999694824219,67.9000015258789,66.3499984741211,67.0999984741211,987005
2025-06-04,69.80000305175781,69.9000015258789,68.19999694824219,68.44999694824219,1221022
2025-06-05,69.94999694824219,70.80000305175781,69.8499984741211,70.25,623000
2025-06-06,70.3499984741211,70.55000305175781,69.8499984741211,69.9000015258789,499000
2025-06-09,71.19999694824219,71.4000015258789,70.5999984741211,71.3499984741211,514033
2025-06-10,73.8499984741211,74.5,72.05000305175781,72.05000305175781,1465847
2025-06-11,75.25,75.30000305175781,74.25,74.9000015258789,1040580
2025-06-12,74.69999694824219,75.19999694824219,74.44999694824219,74.5999984741211,649000
2025-06-13,72.69999694824219,73.9000015258789,72.30000305175781,72.9000015258789,1256010
2025-06-16,73.25,73.25,72.1500015258789,72.44999694824219,605036
2025-06-17,73.55000305175781,74.5999984741211,73.19999694824219,74.3499984741211,557000
2025-06-18,74.6500015258789,74.94999694824219,73.44999694824219,73.44999694824219,915496
2025-06-19,73.1500015258789,74.0999984741211,73.05000305175781,74.0999984741211,601078
2025-06-20,72.75,73.44999694824219,71.75,73.0999984741211,782000
2025-06-23,71.5999984741211,71.69999694824219,70.0999984741211,70.6500015258789,1422050
2025-06-24,74.8499984741211,74.8499984741211,73.94999694824219,74.0,1224650
2025-06-25,76.19999694824219,76.19999694824219,75.4000015258789,75.8499984741211,659093
2025-06-26,75.8499984741211,76.9000015258789,75.75,76.5,534288
2025-06-27,75.69999694824219,76.4000015258789,75.1500015258789,76.4000015258789,463071
2025-06-30,76.0999984741211,76.4000015258789,75.8499984741211,76.30000305175781,650455
2025-07-01,77.6500015258789,79.25,77.25,77.30000305175781,1378000
2025-07-02,77.69999694824219,77.9000015258789,76.69999694824219,76.80000305175781,392100
2025-07-03,79.94999694824219,80.0999984741211,79.19999694824219,79.3499984741211,1040720
2025-07-04,78.30000305175781,80.25,78.19999694824219,80.19999694824219,712090
2025-07-07,77.3499984741211,78.0,76.9000015258789,77.94999694824219,666000
2025-07-08,76.75,77.4000015258789,76.19999694824219,76.9000015258789,815038
2025-07-09,78.25,78.44999694824219,76.25,76.25,448000
2025-07-10,79.0999984741211,79.5999984741211,78.0999984741211,78.1500015258789,975100
2025-07-11,80.4000015258789,80.4000015258789,78.94999694824219,79.0999984741211,816464
2025-07-14,78.80000305175781,79.9000015258789,78.75,79.9000015258789,662111
2025-07-15,80.9000015258789,81.19999694824219,78.8499984741211,78.8499984741211,671200
2025-07-16,82.30000305175781,83.0,81.1500015258789,81.1500015258789,961120
2025-07-17,83.55000305175781,83.55000305175781,82.0999984741211,82.94999694824219,612158
2025-07-18,85.19999694824219,85.5999984741211,84.80000305175781,85.5999984741211,1243200
2025-07-21,84.6500015258789,85.19999694824219,84.4000015258789,85.0999984741211,494500
2025-07-22,83.0999984741211,86.0,83.05000305175781,84.9000015258789,1978294
2025-07-23,84.44999694824219,84.9000015258789,83.75,83.94999694824219,583500
2025-07-24,85.4000015258789,85.44999694824219,84.80000305175781,85.30000305175781,500223
2025-07-25,85.05000305175781,85.4000015258789,84.6500015258789,85.19999694824219,380110
2025-07-28,85.80000305175781,86.3499984741211,85.05000305175781,85.75,987118
2025-07-29,84.19999694824219,85.6500015258789,83.4000015258789,85.30000305175781,1070518
2025-07-30,85.6500015258789,86.05000305175781,84.5999984741211,85.4000015258789,1100500
2025-07-31,87.44999694824219,87.5999984741211,85.9000015258789,85.9000015258789,863268
2025-08-01,85.8499984741211,86.25,84.5,84.5,1170326
2025-08-04,85.0999984741211,85.0999984741211,83.3499984741211,84.05000305175781,902247
2025-08-05,87.30000305175781,87.30000305175781,86.19999694824219,86.75,784286
2025-08-06,86.0999984741211,86.5,85.80000305175781,86.25,458464
2025-08-07,90.3499984741211,90.69999694824219,88.94999694824219,89.05000305175781,1682201
2025-08-08,90.0999984741211,90.55000305175781,90.0,90.3499984741211,534263
2025-08-11,91.55000305175781,92.0,89.05000305175781,89.3499984741211,842537
2025-08-12,91.80000305175781,92.05000305175781,91.05000305175781,91.5,473598
2025-08-13,92.80000305175781,93.4000015258789,91.5999984741211,92.6500015258789,837256
2025-08-14,92.5999984741211,93.05000305175781,92.0,92.5999984741211,407270
2025-08-15,92.75,93.19999694824219,91.8499984741211,92.5,438041
2025-08-18,93.8499984741211,93.8499984741211,92.0,92.0,526085
2025-08-19,93.0999984741211,93.75,92.8499984741211,93.75,332153
2025-08-20,88.19999694824219,91.30000305175781,87.80000305175781,90.9000015258789,1962680
2025-08-21,89.75,90.1500015258789,88.80000305175781,88.94999694824219,914224
2025-08-22,88.9000015258789,90.05000305175781,88.5999984741211,90.05000305175781,354275
2025-08-25,92.55000305175781,92.94999694824219,91.1500015258789,91.94999694824219,861178
2025-08-26,92.44999694824219,92.75,91.4000015258789,91.80000305175781,283100
2025-08-27,94.30000305175781,94.4000015258789,93.4000015258789,93.6500015258789,611501
2025-08-28,92.5999984741211,93.80000305175781,92.19999694824219,93.3499984741211,441869
2025-08-29,92.6500015258789,94.0,92.5999984741211,93.9000015258789,530133
2025-09-01,90.5,92.4000015258789,89.5,91.80000305175781,797620
2025-09-02,90.4000015258789,92.4000015258789,89.69999694824219,92.05000305175781,771060
2025-09-03,90.55000305175781,91.19999694824219,90.0,90.1500015258789,359038
2025-09-04,91.5999984741211,93.30000305175781,91.5999984741211,92.5,768598
2025-09-05,93.6500015258789,93.75,92.8499984741211,93.25,592856
2025-09-08,95.05000305175781,95.69999694824219,94.5999984741211,95.0999984741211,553552
2025-09-09,96.6500015258789,96.94999694824219,95.69999694824219,95.9000015258789,633484
2025-09-10,100.0,100.0999984741211,98.0999984741211,98.0999984741211,944695
2025-09-11,100.0,101.9000015258789,99.6500015258789,101.30000305175781,936015
2025-09-12,101.94999694824219,101.94999694824219,101.0999984741211,101.4000015258789,420252
2025-09-15,101.0999984741211,101.6500015258789,100.5,101.6500015258789,528141
2025-09-16,103.3499984741211,103.5,101.8499984741211,101.9000015258789,481100
2025-09-17,102.0999984741211,102.9000015258789,101.75,102.69999694824219,453035
2025-09-18,103.9000015258789,104.05000305175781,102.1500015258789,102.80000305175781,400213
2025-09-19,104.0,104.55000305175781,103.30000305175781,104.55000305175781,537091
2025-09-22,105.44999694824219,105.5999984741211,103.75,104.0999984741211,376103
2025-09-23,108.1500015258789,108.75,106.44999694824219,106.80000305175781,584108
2025-09-24,108.19999694824219,108.8499984741211,106.80000305175781,108.75,626304
2025-09-25,107.30000305175781,108.44999694824219,106.94999694824219,107.25,335001
2025-09-26,103.44999694824219,105.69999694824219,102.1500015258789,105.69999694824219,1165600
2025-09-30,106.05000305175781,106.5,105.0,105.25,598024
2025-10-01,106.5999984741211,109.1500015258789,106.19999694824219,107.19999694824219,649314
2025-10-02,109.5999984741211,110.30000305175781,109.30000305175781,110.05000305175781,617001
2025-10-03,112.25,112.25,109.6500015258789,109.6500015258789,549504
2025-10-07,116.9000015258789,117.3499984741211,114.69999694824219,114.80000305175781,728035
2025-10-08,115.4000015258789,115.5,113.55000305175781,114.3499984741211,1107011
2025-10-09,117.25,118.0,116.80000305175781,117.9000015258789,628030
2025-10-13,113.80000305175781,113.94999694824219,110.69999694824219,111.0,2190013
2025-10-14,112.94999694824219,118.0,112.55000305175781,117.44999694824219,1471183
2025-10-15,116.44999694824219,116.44999694824219,112.4000015258789,113.19999694824219,746054
2025-10-16,120.55000305175781,120.5999984741211,117.80000305175781,118.0999984741211,898050
2025-10-17,117.05000305175781,118.3499984741211,117.0,117.80000305175781,815354
2025-10-20,120.44999694824219,120.69999694824219,117.9000015258789,118.5,637114
2025-10-21,120.8499984741211,122.5,120.5999984741211,121.5,532771
2025-10-22,120.25,120.5,118.30000305175781,118.3499984741211,524108
2025-10-23,118.80000305175781,119.0999984741211,117.25,117.30000305175781,511169
2025-10-27,124.0999984741211,124.3499984741211,122.9000015258789,124.0,740218
2025-10-28,122.6500015258789,123.6500015258789,122.19999694824219,123.6500015258789,697149
2025-10-29,126.0,126.05000305175781,124.4000015258789,124.75,734021
2025-10-30,125.6500015258789,127.0999984741211,123.9000015258789,126.0,853049
2025-10-31,126.5,127.30000305175781,125.5999984741211,126.30000305175781,654501
2025-11-03,124.9000015258789,127.30000305175781,124.3499984741211,126.05000305175781,735651
2025-11-04,123.25,127.3499984741211,123.25,126.3499984741211,1298330
2025-11-05,120.6500015258789,120.80000305175781,117.19999694824219,118.5999984741211,1554100
2025-11-06,122.94999694824219,123.30000305175781,121.4000015258789,122.1500015258789,536000
2025-11-07,119.5999984741211,120.55000305175781,118.80000305175781,120.3499984741211,804900
2025-11-10,122.44999694824219,122.5,119.8499984741211,120.9000015258789,481072
2025-11-11,120.80000305175781,123.6500015258789,120.69999694824219,123.55000305175781,669650
2025-11-12,122.69999694824219,122.80000305175781,121.05000305175781,121.9000015258789,371060
2025-11-13,122.05000305175781,122.3499984741211,120.5,121.55000305175781,438119
2025-11-14,117.0999984741211,118.6500015258789,116.69999694824219,117.5999984741211,1742350
2025-11-17,117.5999984741211,119.25,117.5999984741211,118.5999984741211,591044
2025-11-18,112.0,115.8499984741211,111.5999984741211,114.8499984741211,2097530
2025-11-19,110.6500015258789,112.55000305175781,109.80000305175781,111.5999984741211,1544485
2025-11-20,117.19999694824219,117.30000305175781,115.0,116.0999984741211,1125301
2025-11-21,109.30000305175781,110.94999694824219,108.1500015258789,110.80000305175781,2375646
2025-11-24,109.6500015258789,110.75,109.4000015258789,110.5,868039
2025-11-25,112.1500015258789,113.6500015258789,111.25,113.5999984741211,647601
2025-11-26,115.80000305175781,116.0999984741211,114.75,114.75,676300
2025-11-27,118.05000305175781,118.3499984741211,116.94999694824219,117.9000015258789,739254
2025-11-28,119.9000015258789,120.1500015258789,117.80000305175781,118.0,571000
2025-12-01,116.69999694824219,118.69999694824219,116.5999984741211,118.3499984741211,888564
2025-12-02,117.69999694824219,119.5999984741211,117.55000305175781,118.80000305175781,669063
2025-12-03,119.1500015258789,120.4000015258789,118.9000015258789,120.05000305175781,691040
2025-12-04,119.75,120.30000305175781,118.69999694824219,119.69999694824219,450757
2025-12-05,121.3499984741211,121.3499984741211,119.5,119.94999694824219,653021
2025-12-08,123.9000015258789,123.94999694824219,121.8499984741211,121.94999694824219,738129
2025-12-09,123.4000015258789,124.4000015258789,123.3499984741211,124.3499984741211,343176
2025-12-10,124.94999694824219,125.19999694824219,123.5999984741211,124.0999984741211,534174
2025-12-11,122.0999984741211,125.8499984741211,122.05000305175781,125.80000305175781,764273
2025-12-12,123.9000015258789,124.30000305175781,122.9000015258789,123.8499984741211,519027
2025-12-15,120.8499984741211,121.19999694824219,119.3499984741211,119.3499984741211,902001
2025-12-16,118.4000015258789,118.75,116.5,118.19999694824219,1856024
2025-12-17,117.75,119.30000305175781,117.19999694824219,118.75,412000
2025-12-18,117.19999694824219,117.75,116.0999984741211,116.55000305175781,629244
2025-12-19,119.8499984741211,120.3499984741211,118.94999694824219,119.0,717009
2025-12-22,123.3499984741211,123.69999694824219,121.94999694824219,122.6500015258789,945700
2025-12-23,123.8499984741211,124.4000015258789,123.69999694824219,123.9000015258789,718120
2025-12-24,124.1500015258789,125.19999694824219,124.0,125.1500015258789,749038
2025-12-26,126.5,126.55000305175781,125.19999694824219,125.5999984741211,799000
2025-12-29,128.6999969482422,129.10000610351562,126.6500015258789,126.80000305175781,644046
2025-12-30,128.4499969482422,128.64999389648438,126.69999694824219,127.44999694824219,428021
2025-12-31,129.1999969482422,129.60000610351562,127.5999984741211,127.6500015258789,801700
2026-01-02,133.6999969482422,133.6999969482422,129.75,130.14999389648438,827241
2026-01-05,140.6999969482422,142.25,137.3000030517578,137.3000030517578,1599079
2026-01-06,144.0,144.0,140.10000610351562,140.10000610351562,700820
2026-01-07,143.0,144.3000030517578,142.39999389648438,143.85000610351562,559121
2026-01-08,142.8000030517578,144.25,141.5500030517578,142.0,715172
2026-01-09,142.60000610351562,143.5500030517578,138.3000030517578,141.6999969482422,1286050
2026-01-12,144.8000030517578,145.25,143.35000610351562,144.85000610351562,949830
2026-01-13,145.85000610351562,147.89999389648438,144.10000610351562,147.4499969482422,790006
2026-01-14,147.35000610351562,148.9499969482422,147.0500030517578,147.39999389648438,950237
2026-01-15,147.39999389648438,147.4499969482422,145.25,146.10000610351562,648123
2026-01-16,152.10000610351562,152.5,149.14999389648438,150.6999969482422,1152277
2026-01-19,154.39999389648438,154.85000610351562,150.10000610351562,150.60000610351562,1032430
2026-01-20,154.60000610351562,154.60000610351562,151.25,151.3000030517578,825342
2026-01-21,150.9499969482422,154.0,150.0,152.0,1591582
2026-01-22,154.8000030517578,156.39999389648438,154.0,154.85000610351562,852150
2026-01-23,157.14999389648438,157.5,154.89999389648438,156.75,739002
2026-01-26,157.5,158.14999389648438,156.89999389648438,157.14999389648438,426220
2026-01-27,160.5500030517578,161.14999389648438,158.14999389648438,158.4499969482422,664350
2026-01-28,164.85000610351562,165.0,162.8000030517578,162.85000610351562,808485
2026-01-29,163.35000610351562,165.75,161.8000030517578,165.6999969482422,1216173
2026-01-30,158.5500030517578,160.75,156.9499969482422,160.75,1485209
2026-02-02,152.60000610351562,155.4499969482422,150.0500030517578,154.89999389648438,1903555
2026-02-03,158.10000610351562,159.6999969482422,156.0,158.5500030517578,1128031
2026-02-04,159.85000610351562,160.1999969482422,156.1999969482422,156.5,753062
2026-02-05,154.60000610351562,157.25,153.85000610351562,156.0,1053030
2026-02-06,152.85000610351562,154.60000610351562,148.3000030517578,151.35000610351562,1424074
2026-02-09,161.5500030517578,162.3000030517578,160.6999969482422,162.0,1083020
2026-02-10,167.0500030517578,167.25,164.3000030517578,164.5,999376
2026-02-11,172.9499969482422,173.89999389648438,168.85000610351562,168.85000610351562,1073451
2026-02-23,173.10000610351562,180.0,173.0,174.9499969482422,1084218
2026-02-24,183.14999389648438,184.0,176.3000030517578,176.4499969482422,825184
2026-02-25,190.0500030517578,192.6999969482422,185.64999389648438,188.5,1195419
2026-02-26,191.4499969482422,192.8000030517578,188.4499969482422,190.25,870200
2026-03-02,187.39999389648438,190.0,183.60000610351562,183.9499969482422,1359515
2026-03-03,178.5500030517578,188.3000030517578,178.5500030517578,186.35000610351562,2259830
2026-03-04,162.6999969482422,172.60000610351562,162.0,171.1999969482422,3983916
2026-03-05,170.60000610351562,176.8000030517578,167.9499969482422,174.10000610351562,2139515
2026-03-06,170.75,172.6999969482422,166.85000610351562,168.3000030517578,712374
2026-03-09,153.5,157.0,148.8000030517578,156.0,3701211
2026-03-10,160.60000610351562,165.35000610351562,157.14999389648438,163.60000610351562,1686270
2026-03-11,173.5,174.5,165.89999389648438,166.5500030517578,1616097
2026-03-12,167.8000030517578,172.1999969482422,166.3000030517578,170.14999389648438,1467235
2026-03-13,166.10000610351562,167.8000030517578,161.9499969482422,163.4499969482422,1209405
2026-03-16,165.60000610351562,169.64999389648438,163.6999969482422,169.5500030517578,980545
2026-03-17,171.0500030517578,172.5,169.60000610351562,169.6999969482422,886168
2026-03-18,176.75,177.5500030517578,174.0,176.35000610351562,1074325
