Price,Close,High,Low,Open,Volume
Ticker,00680L.TW,00680L.TW,00680L.TW,00680L.TW,00680L.TW
Date,,,,,
2021-03-18,20.989999771118164,21.299999237060547,20.989999771118164,21.299999237060547,215000
2021-03-19,21.270000457763672,21.280000686645508,21.0,21.0,62000
2021-03-22,21.56999969482422,21.56999969482422,21.290000915527344,21.290000915527344,117000
2021-03-23,21.690000534057617,21.700000762939453,21.420000076293945,21.520000457763672,95000
2021-03-24,22.299999237060547,22.309999465942383,22.110000610351562,22.110000610351562,181000
2021-03-25,22.100000381469727,22.229999542236328,22.0,22.149999618530273,146000
2021-03-26,21.950000762939453,22.040000915527344,21.8700008392334,22.040000915527344,102000
2021-03-29,21.950000762939453,21.969999313354492,21.81999969482422,21.889999389648438,84000
2021-03-30,21.219999313354492,21.479999542236328,21.219999313354492,21.479999542236328,149000
2021-03-31,21.540000915527344,21.700000762939453,21.5,21.670000076293945,113000
2021-04-01,21.65999984741211,21.65999984741211,21.389999389648438,21.389999389648438,52000
2021-04-07,22.110000610351562,22.139999389648438,22.09000015258789,22.100000381469727,89000
2021-04-08,21.93000030517578,21.959999084472656,21.90999984741211,21.90999984741211,63000
2021-04-09,22.239999771118164,22.389999389648438,22.239999771118164,22.309999465942383,151000
2021-04-12,22.239999771118164,22.280000686645508,22.15999984741211,22.190000534057617,45000
2021-04-13,21.959999084472656,22.059999465942383,21.899999618530273,22.010000228881836,71000
2021-04-14,22.299999237060547,22.450000762939453,22.299999237060547,22.420000076293945,239000
2021-04-15,22.290000915527344,22.290000915527344,22.200000762939453,22.229999542236328,254000
2021-04-16,22.579999923706055,22.709999084472656,22.530000686645508,22.709999084472656,156000
2021-04-19,22.75,22.829999923706055,22.709999084472656,22.829999923706055,83000
2021-04-20,22.25,22.3799991607666,22.25,22.3799991607666,229000
2021-04-21,22.6200008392334,22.639999389648438,22.559999465942383,22.559999465942383,100000
2021-04-22,22.93000030517578,22.989999771118164,22.8700008392334,22.8700008392334,232000
2021-04-23,22.770000457763672,22.920000076293945,22.770000457763672,22.920000076293945,192000
2021-04-26,22.719999313354492,22.8700008392334,22.68000030517578,22.8700008392334,128000
2021-04-27,22.649999618530273,22.700000762939453,22.6200008392334,22.649999618530273,37000
2021-04-28,22.200000762939453,22.329999923706055,22.200000762939453,22.270000457763672,68000
2021-04-29,22.209999084472656,22.280000686645508,22.190000534057617,22.280000686645508,49000
2021-05-03,22.229999542236328,22.25,22.190000534057617,22.200000762939453,33000
2021-05-04,22.299999237060547,22.420000076293945,22.299999237060547,22.420000076293945,52000
2021-05-05,22.559999465942383,22.649999618530273,22.549999237060547,22.59000015258789,107000
2021-05-06,22.719999313354492,22.719999313354492,22.639999389648438,22.639999389648438,62000
2021-05-07,22.850000381469727,22.850000381469727,22.729999542236328,22.75,94000
2021-05-10,22.3700008392334,22.3700008392334,22.280000686645508,22.350000381469727,84000
2021-05-11,22.190000534057617,22.229999542236328,22.149999618530273,22.190000534057617,48000
2021-05-12,21.93000030517578,21.940000534057617,21.850000381469727,21.889999389648438,271000
2021-05-13,21.479999542236328,21.530000686645508,21.440000534057617,21.489999771118164,88000
2021-05-14,21.549999237060547,21.600000381469727,21.520000457763672,21.520000457763672,20000
2021-05-17,21.90999984741211,21.920000076293945,21.559999465942383,21.559999465942383,43000
2021-05-18,21.700000762939453,21.729999542236328,21.700000762939453,21.729999542236328,8000
2021-05-19,21.709999084472656,21.709999084472656,21.690000534057617,21.690000534057617,3000
2021-05-20,21.65999984741211,21.729999542236328,21.65999984741211,21.700000762939453,33000
2021-05-21,21.959999084472656,21.969999313354492,21.90999984741211,21.90999984741211,31000
2021-05-24,22.079999923706055,22.110000610351562,22.059999465942383,22.079999923706055,11000
2021-05-25,22.209999084472656,22.239999771118164,22.209999084472656,22.219999313354492,32000
2021-05-26,22.5,22.59000015258789,22.5,22.579999923706055,36000
2021-05-27,22.510000228881836,22.59000015258789,22.489999771118164,22.549999237060547,30000
2021-05-28,22.25,22.299999237060547,22.25,22.270000457763672,10000
2021-05-31,22.229999542236328,22.299999237060547,22.229999542236328,22.25,31000
2021-06-01,22.15999984741211,22.229999542236328,22.15999984741211,22.229999542236328,8000
2021-06-02,22.200000762939453,22.219999313354492,22.18000030517578,22.18000030517578,20000
2021-06-03,22.389999389648438,22.40999984741211,22.3799991607666,22.399999618530273,23000
2021-06-04,22.239999771118164,22.25,22.229999542236328,22.25,24000
2021-06-07,22.670000076293945,22.709999084472656,22.670000076293945,22.709999084472656,107000
2021-06-08,22.780000686645508,22.790000915527344,22.729999542236328,22.729999542236328,19000
2021-06-09,23.1200008392334,23.1200008392334,22.989999771118164,22.989999771118164,66000
2021-06-10,23.510000228881836,23.549999237060547,23.420000076293945,23.43000030517578,176000
2021-06-11,23.68000030517578,23.739999771118164,23.65999984741211,23.65999984741211,162000
2021-06-15,23.31999969482422,23.3700008392334,23.290000915527344,23.360000610351562,168000
2021-06-16,23.139999389648438,23.18000030517578,23.09000015258789,23.18000030517578,129000
2021-06-17,23.1299991607666,23.1299991607666,23.0,23.040000915527344,172000
2021-06-18,24.010000228881836,24.040000915527344,23.84000015258789,23.8799991607666,110000
2021-06-21,25.239999771118164,25.510000228881836,24.760000228881836,24.760000228881836,326001
2021-06-22,23.8700008392334,24.0,23.799999237060547,24.0,317000
2021-06-23,24.010000228881836,24.110000610351562,24.010000228881836,24.110000610351562,142000
2021-06-24,23.899999618530273,24.0,23.829999923706055,24.0,66000
2021-06-25,24.0,24.0,23.899999618530273,24.0,137000
2021-06-28,23.43000030517578,23.469999313354492,23.389999389648438,23.469999313354492,135000
2021-06-29,23.969999313354492,24.010000228881836,23.899999618530273,23.93000030517578,71000
2021-06-30,24.0,24.100000381469727,24.0,24.079999923706055,82000
2021-07-01,23.969999313354492,24.149999618530273,23.950000762939453,24.149999618530273,40000
2021-07-02,24.270000457763672,24.350000381469727,24.190000534057617,24.190000534057617,82000
2021-07-05,24.5,24.559999465942383,24.450000762939453,24.559999465942383,134000
2021-07-06,24.280000686645508,24.329999923706055,24.219999313354492,24.329999923706055,91000
2021-07-07,25.040000915527344,25.09000015258789,24.959999084472656,25.0,164000
2021-07-08,25.6299991607666,25.639999389648438,25.530000686645508,25.59000015258789,216000
2021-07-09,25.209999084472656,25.510000228881836,25.149999618530273,25.469999313354492,376000
2021-07-12,25.049999237060547,25.09000015258789,25.020000457763672,25.09000015258789,113028
2021-07-13,24.889999389648438,24.950000762939453,24.860000610351562,24.940000534057617,185000
2021-07-14,24.6200008392334,24.649999618530273,24.56999969482422,24.56999969482422,143000
2021-07-15,25.280000686645508,25.34000015258789,25.200000762939453,25.229999542236328,31000
2021-07-16,25.389999389648438,25.549999237060547,25.389999389648438,25.549999237060547,75000
2021-07-19,25.739999771118164,25.860000610351562,25.739999771118164,25.860000610351562,50000
2021-07-20,26.540000915527344,26.670000076293945,26.40999984741211,26.420000076293945,189000
2021-07-21,26.190000534057617,26.229999542236328,26.0,26.059999465942383,110000
2021-07-22,25.56999969482422,25.639999389648438,25.540000915527344,25.639999389648438,130000
2021-07-23,25.790000915527344,25.81999969482422,25.709999084472656,25.75,108000
2021-07-26,25.860000610351562,25.8700008392334,25.739999771118164,25.770000457763672,154000
2021-07-27,25.579999923706055,25.59000015258789,25.5,25.59000015258789,112000
2021-07-28,26.030000686645508,26.030000686645508,25.799999237060547,25.850000381469727,188000
2021-07-29,25.920000076293945,26.049999237060547,25.889999389648438,26.020000457763672,62000
2021-07-30,25.829999923706055,25.8799991607666,25.799999237060547,25.8799991607666,28000
2021-08-02,25.84000015258789,25.93000030517578,25.84000015258789,25.8799991607666,135000
2021-08-03,26.350000381469727,26.43000030517578,26.25,26.25,89000
2021-08-04,26.329999923706055,26.399999618530273,26.280000686645508,26.399999618530273,31000
2021-08-05,26.34000015258789,26.3799991607666,26.299999237060547,26.329999923706055,51000
2021-08-06,26.1299991607666,26.200000762939453,26.06999969482422,26.200000762939453,104000
2021-08-09,25.3700008392334,25.43000030517578,25.280000686645508,25.420000076293945,171000
2021-08-10,25.260000228881836,25.280000686645508,25.190000534057617,25.219999313354492,86000
2021-08-11,24.799999237060547,24.899999618530273,24.760000228881836,24.899999618530273,574000
2021-08-12,24.90999984741211,25.010000228881836,24.8700008392334,24.989999771118164,198000
2021-08-13,25.030000686645508,25.030000686645508,24.940000534057617,24.940000534057617,87000
2021-08-16,25.81999969482422,25.950000762939453,25.739999771118164,25.760000228881836,266000
2021-08-17,25.850000381469727,25.8700008392334,25.770000457763672,25.850000381469727,38000
2021-08-18,25.649999618530273,25.829999923706055,25.6200008392334,25.739999771118164,221000
2021-08-19,25.950000762939453,26.010000228881836,25.920000076293945,25.950000762939453,95000
2021-08-20,26.329999923706055,26.350000381469727,26.190000534057617,26.25,109000
2021-08-23,26.110000610351562,26.139999389648438,26.110000610351562,26.139999389648438,60000
2021-08-24,26.110000610351562,26.170000076293945,26.100000381469727,26.170000076293945,57000
2021-08-25,25.850000381469727,25.850000381469727,25.799999237060547,25.809999465942383,16000
2021-08-26,25.530000686645508,25.530000686645508,25.450000762939453,25.489999771118164,19000
2021-08-27,25.600000381469727,25.600000381469727,25.549999237060547,25.600000381469727,17000
2021-08-30,25.81999969482422,25.81999969482422,25.770000457763672,25.81999969482422,20000
2021-08-31,26.040000915527344,26.059999465942383,26.010000228881836,26.020000457763672,29000
2021-09-01,25.469999313354492,25.700000762939453,25.43000030517578,25.700000762939453,55000
2021-09-02,25.709999084472656,25.739999771118164,25.709999084472656,25.739999771118164,21000
2021-09-03,25.81999969482422,25.940000534057617,25.81999969482422,25.889999389648438,38000
2021-09-06,25.40999984741211,25.469999313354492,25.40999984741211,25.440000534057617,29000
2021-09-07,25.360000610351562,25.420000076293945,25.309999465942383,25.420000076293945,21000
2021-09-08,25.149999618530273,25.190000534057617,25.1299991607666,25.149999618530273,17000
2021-09-09,25.43000030517578,25.479999542236328,25.3700008392334,25.479999542236328,4000
2021-09-10,25.84000015258789,25.899999618530273,25.84000015258789,25.899999618530273,45000
2021-09-13,25.610000610351562,25.610000610351562,25.530000686645508,25.530000686645508,20000
2021-09-14,25.770000457763672,25.780000686645508,25.770000457763672,25.780000686645508,11000
2021-09-15,26.299999237060547,26.31999969482422,26.270000457763672,26.280000686645508,85000
2021-09-16,26.280000686645508,26.360000610351562,26.219999313354492,26.360000610351562,16000
2021-09-17,26.09000015258789,26.09000015258789,26.09000015258789,26.09000015258789,4000
2021-09-22,26.229999542236328,26.31999969482422,26.15999984741211,26.299999237060547,21000
2021-09-23,26.6200008392334,26.670000076293945,26.6200008392334,26.65999984741211,13000
2021-09-24,25.34000015258789,25.479999542236328,25.229999542236328,25.360000610351562,110000
2021-09-27,25.049999237060547,25.100000381469727,25.0,25.049999237060547,92000
2021-09-28,24.610000610351562,24.979999542236328,24.610000610351562,24.950000762939453,166000
2021-09-29,24.170000076293945,24.170000076293945,23.860000610351562,23.90999984741211,387020
2021-09-30,24.31999969482422,24.3799991607666,24.270000457763672,24.3700008392334,53000
2021-10-01,24.479999542236328,24.540000915527344,24.25,24.25,61020
2021-10-04,24.399999618530273,24.559999465942383,24.3700008392334,24.559999465942383,196000
2021-10-05,24.360000610351562,24.530000686645508,24.360000610351562,24.530000686645508,236000
2021-10-06,23.540000915527344,23.81999969482422,23.5,23.75,140000
2021-10-07,23.969999313354492,23.989999771118164,23.940000534057617,23.940000534057617,48000
2021-10-08,23.510000228881836,23.600000381469727,23.5,23.600000381469727,54010
2021-10-12,23.420000076293945,23.450000762939453,23.360000610351562,23.440000534057617,31000
2021-10-13,23.93000030517578,24.049999237060547,23.90999984741211,24.049999237060547,126000
2021-10-14,24.299999237060547,24.440000534057617,24.25,24.440000534057617,51000
2021-10-15,24.479999542236328,24.56999969482422,24.479999542236328,24.56999969482422,79000
2021-10-18,24.139999389648438,24.3700008392334,24.139999389648438,24.3700008392334,70000
2021-10-19,24.56999969482422,24.670000076293945,24.540000915527344,24.670000076293945,50000
2021-10-20,23.860000610351562,23.860000610351562,23.700000762939453,23.75,79015
2021-10-21,23.600000381469727,23.600000381469727,23.420000076293945,23.5,61015
2021-10-22,23.639999389648438,23.639999389648438,23.520000457763672,23.549999237060547,20000
2021-10-25,23.969999313354492,24.139999389648438,23.969999313354492,24.139999389648438,32000
2021-10-26,23.899999618530273,23.989999771118164,23.899999618530273,23.989999771118164,24000
2021-10-27,24.290000915527344,24.299999237060547,24.219999313354492,24.260000228881836,114000
2021-10-28,25.1299991607666,25.190000534057617,25.09000015258789,25.1200008392334,114000
2021-10-29,24.65999984741211,25.079999923706055,24.65999984741211,25.079999923706055,115000
2021-11-01,25.329999923706055,25.329999923706055,25.170000076293945,25.200000762939453,136000
2021-11-02,25.059999465942383,25.059999465942383,24.950000762939453,24.950000762939453,50010
2021-11-03,25.270000457763672,25.270000457763672,25.09000015258789,25.100000381469727,50000
2021-11-04,24.3700008392334,24.510000228881836,24.350000381469727,24.5,172000
2021-11-05,25.020000457763672,25.030000686645508,24.920000076293945,24.920000076293945,86000
2021-11-08,25.649999618530273,25.670000076293945,25.549999237060547,25.579999923706055,60000
2021-11-09,25.8700008392334,26.049999237060547,25.75,25.75,73000
2021-11-10,26.260000228881836,26.350000381469727,26.15999984741211,26.260000228881836,183000
2021-11-11,25.469999313354492,25.549999237060547,25.299999237060547,25.5,61000
2021-11-12,25.520000457763672,25.520000457763672,25.5,25.5,36000
2021-11-15,25.25,25.25,25.190000534057617,25.190000534057617,77000
2021-11-16,24.709999084472656,24.709999084472656,24.540000915527344,24.68000030517578,127000
2021-11-17,24.219999313354492,24.34000015258789,24.200000762939453,24.329999923706055,54000
2021-11-18,24.700000762939453,24.809999465942383,24.65999984741211,24.709999084472656,63000
2021-11-19,24.729999542236328,24.84000015258789,24.690000534057617,24.84000015258789,57000
2021-11-22,25.290000915527344,25.299999237060547,25.190000534057617,25.229999542236328,29000
2021-11-23,24.68000030517578,24.809999465942383,24.670000076293945,24.809999465942383,164000
2021-11-24,24.579999923706055,24.579999923706055,24.350000381469727,24.350000381469727,34000
2021-11-25,24.65999984741211,24.700000762939453,24.6200008392334,24.700000762939453,35000
2021-11-26,25.510000228881836,25.510000228881836,25.06999969482422,25.06999969482422,133000
2021-11-29,25.729999542236328,25.729999542236328,25.6200008392334,25.700000762939453,97000
2021-11-30,25.93000030517578,25.940000534057617,25.559999465942383,25.6200008392334,83000
2021-12-01,26.1299991607666,26.1299991607666,25.93000030517578,26.0,425000
2021-12-02,26.5,26.729999542236328,26.479999542236328,26.670000076293945,362008
2021-12-03,26.709999084472656,26.799999237060547,26.709999084472656,26.760000228881836,34000
2021-12-06,27.079999923706055,27.18000030517578,27.079999923706055,27.1299991607666,34000
2021-12-07,26.450000762939453,26.56999969482422,26.43000030517578,26.56999969482422,39000
2021-12-08,26.399999618530273,26.399999618530273,26.239999771118164,26.239999771118164,264000
2021-12-09,25.510000228881836,25.510000228881836,25.200000762939453,25.260000228881836,287000
2021-12-10,25.549999237060547,25.610000610351562,25.549999237060547,25.59000015258789,27000
2021-12-13,25.43000030517578,25.43000030517578,25.270000457763672,25.34000015258789,89000
2021-12-14,26.200000762939453,26.270000457763672,26.1299991607666,26.1299991607666,339000
2021-12-15,26.049999237060547,26.1299991607666,26.040000915527344,26.06999969482422,26000
2021-12-16,25.760000228881836,25.760000228881836,25.579999923706055,25.579999923706055,37010
2021-12-17,25.799999237060547,25.84000015258789,25.65999984741211,25.65999984741211,20000
2021-12-20,26.469999313354492,26.469999313354492,26.200000762939453,26.200000762939453,149000
2021-12-21,25.809999465942383,25.8700008392334,25.700000762939453,25.8700008392334,77000
2021-12-22,25.649999618530273,25.649999618530273,25.56999969482422,25.579999923706055,34000
2021-12-23,25.760000228881836,25.829999923706055,25.760000228881836,25.760000228881836,13000
2021-12-24,25.280000686645508,25.43000030517578,25.280000686645508,25.3700008392334,163500
2021-12-27,25.450000762939453,25.450000762939453,25.329999923706055,25.329999923706055,17000
2021-12-28,25.510000228881836,25.510000228881836,25.420000076293945,25.420000076293945,17000
2021-12-29,25.360000610351562,25.399999618530273,25.360000610351562,25.399999618530273,15000
2021-12-30,24.75,24.75,24.65999984741211,24.729999542236328,96000
2022-01-03,25.200000762939453,25.280000686645508,25.200000762939453,25.219999313354492,101031
2022-01-04,24.1299991607666,24.170000076293945,24.079999923706055,24.170000076293945,282386
2022-01-05,23.799999237060547,23.81999969482422,23.639999389648438,23.700000762939453,110000
2022-01-06,23.290000915527344,23.610000610351562,23.25,23.479999542236328,146000
2022-01-07,23.639999389648438,23.709999084472656,23.540000915527344,23.709999084472656,102000
2022-01-10,23.149999618530273,23.31999969482422,23.100000381469727,23.31999969482422,77000
2022-01-11,23.6299991607666,23.6299991607666,23.520000457763672,23.540000915527344,117000
2022-01-12,23.690000534057617,23.739999771118164,23.649999618530273,23.709999084472656,38000
2022-01-13,23.549999237060547,23.549999237060547,23.3799991607666,23.450000762939453,35000
2022-01-14,23.709999084472656,23.719999313354492,23.649999618530273,23.719999313354492,26000
2022-01-17,22.920000076293945,23.020000457763672,22.850000381469727,23.010000228881836,138000
2022-01-18,22.809999465942383,22.989999771118164,22.6299991607666,22.989999771118164,61000
2022-01-19,22.56999969482422,22.56999969482422,22.450000762939453,22.520000457763672,176000
2022-01-20,22.68000030517578,22.899999618530273,22.68000030517578,22.790000915527344,93000
2022-01-21,23.329999923706055,23.43000030517578,23.25,23.280000686645508,113000
2022-01-24,23.34000015258789,23.440000534057617,23.34000015258789,23.420000076293945,66046
2022-01-25,23.31999969482422,23.329999923706055,23.18000030517578,23.18000030517578,30000
2022-01-26,23.209999084472656,23.209999084472656,23.110000610351562,23.149999618530273,69000
2022-02-07,22.510000228881836,22.510000228881836,22.389999389648438,22.469999313354492,193000
2022-02-08,22.100000381469727,22.200000762939453,22.049999237060547,22.200000762939453,77000
2022-02-09,22.100000381469727,22.1299991607666,22.030000686645508,22.030000686645508,76000
2022-02-10,22.1200008392334,22.149999618530273,22.049999237060547,22.059999465942383,43000
2022-02-11,21.56999969482422,21.799999237060547,21.530000686645508,21.690000534057617,196000
2022-02-14,21.690000534057617,21.780000686645508,21.649999618530273,21.719999313354492,138000
2022-02-15,21.649999618530273,21.68000030517578,21.579999923706055,21.65999984741211,43000
2022-02-16,21.079999923706055,21.110000610351562,20.989999771118164,21.049999237060547,175000
2022-02-17,21.34000015258789,21.579999923706055,21.110000610351562,21.15999984741211,133000
2022-02-18,21.3799991607666,21.5,21.299999237060547,21.469999313354492,115150
2022-02-21,21.780000686645508,21.8700008392334,21.780000686645508,21.84000015258789,172000
2022-02-22,22.290000915527344,22.34000015258789,22.1200008392334,22.1299991607666,250000
2022-02-23,21.889999389648438,21.93000030517578,21.8700008392334,21.8700008392334,103000
2022-02-24,22.0,22.1299991607666,21.489999771118164,21.639999389648438,143000
2022-02-25,21.649999618530273,21.649999618530273,21.329999923706055,21.469999313354492,51000
2022-03-01,22.100000381469727,22.200000762939453,22.09000015258789,22.110000610351562,92000
2022-03-02,22.670000076293945,22.670000076293945,22.450000762939453,22.450000762939453,297000
2022-03-03,21.670000076293945,21.90999984741211,21.639999389648438,21.84000015258789,128000
2022-03-04,22.260000228881836,22.549999237060547,22.100000381469727,22.280000686645508,156000
2022-03-07,22.700000762939453,22.969999313354492,22.700000762939453,22.790000915527344,402000
2022-03-08,22.309999465942383,22.510000228881836,22.209999084472656,22.510000228881836,81000
2022-03-09,22.010000228881836,22.100000381469727,21.959999084472656,21.969999313354492,155000
2022-03-10,21.31999969482422,21.3799991607666,21.25,21.3799991607666,65000
2022-03-11,21.049999237060547,21.100000381469727,20.899999618530273,20.959999084472656,77000
2022-03-14,20.760000228881836,20.93000030517578,20.75,20.8799991607666,118100
2022-03-15,20.1200008392334,20.170000076293945,19.940000534057617,20.170000076293945,170000
2022-03-16,20.040000915527344,20.1299991607666,20.040000915527344,20.09000015258789,28000
2022-03-17,20.549999237060547,20.649999618530273,20.360000610351562,20.440000534057617,129000
2022-03-18,20.079999923706055,20.1200008392334,19.920000076293945,20.020000457763672,77000
2022-03-21,20.309999465942383,20.420000076293945,20.290000915527344,20.309999465942383,32000
2022-03-22,19.389999389648438,19.639999389648438,19.350000381469727,19.579999923706055,203000
2022-03-23,18.959999084472656,18.969999313354492,18.889999389648438,18.90999984741211,170000
2022-03-24,19.760000228881836,19.8799991607666,19.760000228881836,19.81999969482422,157000
2022-03-25,19.719999313354492,19.790000915527344,19.649999618530273,19.729999542236328,70000
2022-03-28,18.8799991607666,19.3700008392334,18.860000610351562,19.34000015258789,249000
2022-03-29,19.3799991607666,19.600000381469727,19.3799991607666,19.440000534057617,198000
2022-03-30,20.059999465942383,20.15999984741211,19.8799991607666,19.8799991607666,133000
2022-03-31,19.90999984741211,20.049999237060547,19.90999984741211,20.020000457763672,106070
2022-04-01,19.8700008392334,19.950000762939453,19.780000686645508,19.8700008392334,121000
2022-04-06,18.700000762939453,18.8799991607666,18.670000076293945,18.8799991607666,400000
2022-04-07,18.84000015258789,18.860000610351562,18.799999237060547,18.84000015258789,111100
2022-04-08,18.469999313354492,18.610000610351562,18.469999313354492,18.549999237060547,158000
2022-04-11,17.760000228881836,18.059999465942383,17.709999084472656,18.020000457763672,311000
2022-04-12,17.299999237060547,17.360000610351562,17.18000030517578,17.25,389000
2022-04-13,17.309999465942383,17.40999984741211,17.260000228881836,17.299999237060547,266000
2022-04-14,17.600000381469727,18.299999237060547,17.43000030517578,17.450000762939453,715000
2022-04-15,17.309999465942383,17.610000610351562,16.989999771118164,17.610000610351562,518000
2022-04-18,16.709999084472656,16.729999542236328,16.56999969482422,16.6299991607666,781000
2022-04-19,16.65999984741211,16.709999084472656,16.65999984741211,16.68000030517578,539000
2022-04-20,16.3700008392334,16.450000762939453,16.15999984741211,16.239999771118164,527000
2022-04-21,16.850000381469727,16.969999313354492,16.850000381469727,16.969999313354492,820000
2022-04-22,16.610000610351562,16.639999389648438,16.469999313354492,16.520000457763672,668020
2022-04-25,16.760000228881836,16.8799991607666,16.610000610351562,16.610000610351562,804000
2022-04-26,16.780000686645508,17.030000686645508,16.739999771118164,16.979999542236328,433000
2022-04-27,17.1200008392334,17.34000015258789,17.100000381469727,17.18000030517578,512000
2022-04-28,16.799999237060547,16.799999237060547,16.700000762939453,16.770000457763672,231000
2022-04-29,16.780000686645508,16.829999923706055,16.75,16.81999969482422,144000
2022-05-03,15.979999542236328,16.040000915527344,15.970000267028809,15.989999771118164,1087010
2022-05-04,16.06999969482422,16.110000610351562,16.049999237060547,16.059999465942383,116000
2022-05-05,15.899999618530273,16.030000686645508,15.880000114440918,16.030000686645508,517000
2022-05-06,15.239999771118164,15.239999771118164,15.039999961853027,15.119999885559082,723000
2022-05-09,14.670000076293945,14.770000457763672,14.609999656677246,14.710000038146973,402000
2022-05-10,15.0,15.34000015258789,15.0,15.300000190734863,422000
2022-05-11,15.380000114440918,15.380000114440918,15.239999771118164,15.239999771118164,378042
2022-05-12,15.779999732971191,15.850000381469727,15.720000267028809,15.8100004196167,817000
2022-05-13,15.699999809265137,15.8100004196167,15.670000076293945,15.8100004196167,197000
2022-05-16,15.59000015258789,15.619999885559082,15.350000381469727,15.390000343322754,48000
2022-05-17,15.270000457763672,15.369999885559082,15.260000228881836,15.369999885559082,104000
2022-05-18,14.979999542236328,15.0600004196167,14.920000076293945,14.970000267028809,202000
2022-05-19,15.470000267028809,15.579999923706055,15.4399995803833,15.5,245000
2022-05-20,15.789999961853027,15.800000190734863,15.600000381469727,15.670000076293945,254000
2022-05-23,15.899999618530273,15.949999809265137,15.869999885559082,15.899999618530273,448000
2022-05-24,15.579999923706055,15.680000305175781,15.520000457763672,15.680000305175781,134000
2022-05-25,15.960000038146973,16.010000228881836,15.829999923706055,15.829999923706055,228000
2022-05-26,16.200000762939453,16.239999771118164,15.989999771118164,15.989999771118164,1199000
2022-05-27,15.989999771118164,16.040000915527344,15.949999809265137,15.979999542236328,1258000
2022-05-30,15.899999618530273,16.030000686645508,15.899999618530273,16.030000686645508,307500
2022-05-31,15.520000457763672,15.800000190734863,15.5,15.800000190734863,388000
2022-06-01,15.3100004196167,15.350000381469727,15.25,15.350000381469727,247000
2022-06-02,15.449999809265137,15.449999809265137,15.350000381469727,15.390000343322754,804058
2022-06-06,15.1899995803833,15.279999732971191,15.180000305175781,15.260000228881836,302000
2022-06-07,14.770000457763672,14.770000457763672,14.65999984741211,14.720000267028809,538000
2022-06-08,14.949999809265137,15.050000190734863,14.949999809265137,15.010000228881836,191000
2022-06-09,14.8100004196167,14.869999885559082,14.739999771118164,14.850000381469727,182000
2022-06-10,14.819999694824219,14.930000305175781,14.819999694824219,14.869999885559082,283000
2022-06-13,14.670000076293945,14.670000076293945,14.529999732971191,14.579999923706055,508000
2022-06-14,14.0600004196167,14.079999923706055,13.930000305175781,14.020000457763672,1118050
2022-06-15,13.609999656677246,13.739999771118164,13.579999923706055,13.600000381469727,988000
2022-06-16,13.890000343322754,13.960000038146973,13.739999771118164,13.9399995803833,852010
2022-06-17,14.149999618530273,14.25,14.039999961853027,14.180000305175781,976000
2022-06-20,14.199999809265137,14.279999732971191,14.180000305175781,14.180000305175781,564000
2022-06-21,13.9399995803833,13.979999542236328,13.859999656677246,13.979999542236328,336000
2022-06-22,13.970000267028809,14.020000457763672,13.930000305175781,13.949999809265137,192025
2022-06-23,14.5,14.579999923706055,14.4399995803833,14.520000457763672,832000
2022-06-24,14.729999542236328,14.729999542236328,14.619999885559082,14.640000343322754,464400
2022-06-27,14.149999618530273,14.369999885559082,14.140000343322754,14.369999885559082,769129
2022-06-28,14.180000305175781,14.210000038146973,14.09000015258789,14.09000015258789,311000
2022-06-29,14.399999618530273,14.40999984741211,14.25,14.289999961853027,506000
2022-06-30,14.579999923706055,14.6899995803833,14.569999694824219,14.65999984741211,442000
2022-07-01,14.920000076293945,14.979999542236328,14.720000267028809,14.720000267028809,1236000
2022-07-04,14.970000267028809,15.199999809265137,14.970000267028809,15.1899995803833,1033000
2022-07-05,14.800000190734863,14.800000190734863,14.670000076293945,14.789999961853027,831000
2022-07-06,15.390000343322754,15.449999809265137,15.289999961853027,15.399999618530273,1225000
2022-07-07,14.9399995803833,15.069999694824219,14.930000305175781,15.029999732971191,997000
2022-07-08,14.6899995803833,14.779999732971191,14.630000114440918,14.640000343322754,693000
2022-07-11,14.350000381469727,14.350000381469727,14.270000457763672,14.319999694824219,905160
2022-07-12,14.869999885559082,14.920000076293945,14.770000457763672,14.770000457763672,901000
2022-07-13,14.859999656677246,14.859999656677246,14.75,14.829999923706055,287000
2022-07-14,15.079999923706055,15.220000267028809,15.039999961853027,15.220000267028809,874000
2022-07-15,15.210000038146973,15.229999542236328,15.149999618530273,15.149999618530273,923000
2022-07-18,15.34000015258789,15.390000343322754,15.300000190734863,15.390000343322754,715040
2022-07-19,14.949999809265137,14.949999809265137,14.890000343322754,14.9399995803833,583000
2022-07-20,14.75,14.850000381469727,14.729999542236328,14.850000381469727,673000
2022-07-21,14.880000114440918,14.920000076293945,14.789999961853027,14.789999961853027,511018
2022-07-22,15.350000381469727,15.390000343322754,15.270000457763672,15.270000457763672,758000
2022-07-25,15.6899995803833,15.75,15.65999984741211,15.670000076293945,858000
2022-07-26,15.670000076293945,15.720000267028809,15.630000114440918,15.6899995803833,446000
2022-07-27,15.569999694824219,15.630000114440918,15.510000228881836,15.630000114440918,369000
2022-07-28,15.329999923706055,15.569999694824219,15.329999923706055,15.569999694824219,898000
2022-07-29,15.609999656677246,15.729999542236328,15.489999771118164,15.699999809265137,699000
2022-08-01,15.569999694824219,15.680000305175781,15.539999961853027,15.609999656677246,545000
2022-08-02,16.43000030517578,16.600000381469727,16.280000686645508,16.280000686645508,1418000
2022-08-03,15.859999656677246,15.899999618530273,15.75,15.75,1320000
2022-08-04,15.989999771118164,16.09000015258789,15.9399995803833,16.0,614000
2022-08-05,15.9399995803833,16.100000381469727,15.90999984741211,16.100000381469727,639000
2022-08-08,15.399999618530273,15.569999694824219,15.350000381469727,15.569999694824219,1199000
2022-08-09,15.819999694824219,15.850000381469727,15.789999961853027,15.800000190734863,542000
2022-08-10,15.6899995803833,15.779999732971191,15.670000076293945,15.729999542236328,295000
2022-08-11,15.460000038146973,15.529999732971191,15.369999885559082,15.510000228881836,1152000
2022-08-12,14.819999694824219,14.880000114440918,14.710000038146973,14.739999771118164,1887000
2022-08-15,14.989999771118164,15.0,14.899999618530273,15.0,678000
2022-08-16,15.100000381469727,15.100000381469727,14.989999771118164,15.020000457763672,523000
2022-08-17,15.050000190734863,15.100000381469727,14.989999771118164,15.020000457763672,371000
2022-08-18,14.829999923706055,14.84000015258789,14.770000457763672,14.779999732971191,633000
2022-08-19,14.670000076293945,14.75,14.600000381469727,14.739999771118164,1085000
2022-08-22,14.300000190734863,14.319999694824219,14.199999809265137,14.25,568000
2022-08-23,14.329999923706055,14.329999923706055,14.229999542236328,14.279999732971191,582000
2022-08-24,14.25,14.25,14.15999984741211,14.210000038146973,626000
2022-08-25,13.899999618530273,14.359999656677246,13.880000114440918,14.050000190734863,1865000
2022-08-26,14.109999656677246,14.199999809265137,14.100000381469727,14.199999809265137,652001
2022-08-29,14.199999809265137,14.289999961853027,14.130000114440918,14.229999542236328,935000
2022-08-30,14.399999618530273,14.4399995803833,14.270000457763672,14.270000457763672,980000
2022-08-31,14.3100004196167,14.359999656677246,14.270000457763672,14.359999656677246,615000
2022-09-01,13.949999809265137,13.949999809265137,13.850000381469727,13.880000114440918,1165000
2022-09-02,13.640000343322754,13.75,13.579999923706055,13.75,1895000
2022-09-05,13.699999809265137,13.75,13.680000305175781,13.75,1108000
2022-09-06,13.600000381469727,13.670000076293945,13.59000015258789,13.65999984741211,1127000
2022-09-07,13.119999885559082,13.15999984741211,13.029999732971191,13.15999984741211,1899000
2022-09-08,13.539999961853027,13.539999961853027,13.359999656677246,13.380000114440918,913000
2022-09-12,13.1899995803833,13.289999961853027,13.149999618530273,13.270000457763672,977000
2022-09-13,13.0600004196167,13.09000015258789,13.050000190734863,13.09000015258789,924000
2022-09-14,13.069999694824219,13.09000015258789,12.930000305175781,12.930000305175781,736003
2022-09-15,13.109999656677246,13.229999542236328,13.109999656677246,13.199999809265137,591000
2022-09-16,13.1899995803833,13.25,13.170000076293945,13.199999809265137,317000
2022-09-19,12.970000267028809,13.020000457763672,12.949999809265137,13.0,860000
2022-09-20,13.039999961853027,13.069999694824219,13.020000457763672,13.020000457763672,287000
2022-09-21,12.859999656677246,12.869999885559082,12.8100004196167,12.819999694824219,770000
2022-09-22,13.079999923706055,13.140000343322754,12.979999542236328,13.050000190734863,1690000
2022-09-23,12.510000228881836,12.5600004196167,12.470000267028809,12.520000457763672,1866000
2022-09-26,12.449999809265137,12.569999694824219,12.4399995803833,12.479999542236328,751000
2022-09-27,12.229999542236328,12.300000190734863,12.210000038146973,12.279999732971191,914000
2022-09-28,11.649999618530273,11.699999809265137,11.539999961853027,11.699999809265137,2246000
2022-09-29,12.130000114440918,12.239999771118164,12.130000114440918,12.199999809265137,1224025
2022-09-30,12.15999984741211,12.15999984741211,12.069999694824219,12.119999885559082,731000
2022-10-03,12.029999732971191,12.039999961853027,11.9399995803833,11.979999542236328,572000
2022-10-04,12.300000190734863,12.380000114440918,12.229999542236328,12.270000457763672,967000
2022-10-05,12.199999809265137,12.25,12.149999618530273,12.25,558007
2022-10-06,12.0,12.039999961853027,11.949999809265137,12.039999961853027,527000
2022-10-07,11.850000381469727,11.859999656677246,11.819999694824219,11.84000015258789,339000
2022-10-11,11.1899995803833,11.319999694824219,11.180000305175781,11.319999694824219,1949000
2022-10-12,11.3100004196167,11.390000343322754,11.25,11.300000190734863,803000
2022-10-13,11.350000381469727,11.449999809265137,11.34000015258789,11.430000305175781,546000
2022-10-14,11.319999694824219,11.369999885559082,11.289999961853027,11.319999694824219,579000
2022-10-17,11.130000114440918,11.140000343322754,11.079999923706055,11.140000343322754,650000
2022-10-18,11.039999961853027,11.079999923706055,11.0,11.020000457763672,964000
2022-10-19,10.899999618530273,10.989999771118164,10.880000114440918,10.989999771118164,1237000
2022-10-20,10.59000015258789,10.6899995803833,10.520000457763672,10.6899995803833,1102000
2022-10-21,10.180000305175781,10.34000015258789,10.15999984741211,10.329999923706055,1711197
2022-10-24,10.079999923706055,10.100000381469727,9.979999542236328,10.0,1478000
2022-10-25,9.930000305175781,9.9399995803833,9.869999885559082,9.920000076293945,1788000
2022-10-26,10.430000305175781,10.430000305175781,10.300000190734863,10.319999694824219,2569020
2022-10-27,10.600000381469727,10.699999809265137,10.579999923706055,10.630000114440918,2494000
2022-10-28,10.789999961853027,10.84000015258789,10.670000076293945,10.670000076293945,2047000
2022-10-31,10.630000114440918,10.630000114440918,10.539999961853027,10.609999656677246,1144000
2022-11-01,10.579999923706055,10.579999923706055,10.489999771118164,10.510000228881836,689000
2022-11-02,10.630000114440918,10.770000457763672,10.630000114440918,10.699999809265137,1241000
2022-11-03,10.449999809265137,10.489999771118164,10.399999618530273,10.470000267028809,2313000
2022-11-04,10.329999923706055,10.369999885559082,10.289999961853027,10.319999694824219,1033000
2022-11-07,10.180000305175781,10.210000038146973,10.170000076293945,10.210000038146973,899000
2022-11-08,9.90999984741211,10.0,9.859999656677246,9.949999809265137,2828020
2022-11-09,10.109999656677246,10.109999656677246,10.010000228881836,10.050000190734863,2301000
2022-11-10,10.220000267028809,10.229999542236328,10.149999618530273,10.170000076293945,1677000
2022-11-11,10.859999656677246,10.859999656677246,10.75,10.859999656677246,4632000
2022-11-14,10.640000343322754,10.699999809265137,10.600000381469727,10.699999809265137,2363000
2022-11-15,10.65999984741211,10.6899995803833,10.619999885559082,10.65999984741211,1525000
2022-11-16,10.869999885559082,11.069999694824219,10.859999656677246,10.989999771118164,4935000
2022-11-17,11.359999656677246,11.430000305175781,11.3100004196167,11.3100004196167,6689015
2022-11-18,11.3100004196167,11.329999923706055,11.220000267028809,11.289999961853027,2729000
2022-11-21,11.220000267028809,11.220000267028809,11.109999656677246,11.109999656677246,2661000
2022-11-22,11.180000305175781,11.239999771118164,11.15999984741211,11.220000267028809,2506000
2022-11-23,11.520000457763672,11.520000457763672,11.420000076293945,11.460000038146973,3018000
2022-11-24,11.989999771118164,12.140000343322754,11.859999656677246,11.880000114440918,8311000
2022-11-25,12.0600004196167,12.350000381469727,11.989999771118164,11.989999771118164,5557000
2022-11-28,12.029999732971191,12.039999961853027,11.789999961853027,11.829999923706055,8104000
2022-11-29,11.8100004196167,11.899999618530273,11.779999732971191,11.899999618530273,3101000
2022-11-30,11.609999656677246,11.640000343322754,11.5600004196167,11.640000343322754,3526000
2022-12-01,11.8100004196167,11.8100004196167,11.710000038146973,11.789999961853027,7027006
2022-12-02,12.220000267028809,12.300000190734863,12.180000305175781,12.25,10437405
2022-12-05,12.449999809265137,12.460000038146973,12.380000114440918,12.390000343322754,7141000
2022-12-06,12.380000114440918,12.449999809265137,12.380000114440918,12.399999618530273,6708016
2022-12-07,12.529999732971191,12.579999923706055,12.5,12.529999732971191,5924000
2022-12-08,13.09000015258789,13.149999618530273,13.039999961853027,13.039999961853027,15109000
2022-12-09,13.25,13.260000228881836,13.130000114440918,13.130000114440918,13177001
2022-12-12,12.670000076293945,12.699999809265137,12.5,12.550000190734863,10793064
2022-12-13,12.550000190734863,12.59000015258789,12.5,12.550000190734863,7477000
2022-12-14,12.84000015258789,12.859999656677246,12.779999732971191,12.800000190734863,8100014
2022-12-15,12.789999961853027,12.789999961853027,12.6899995803833,12.760000228881836,5032000
2022-12-16,12.819999694824219,12.960000038146973,12.779999732971191,12.920000076293945,6360000
2022-12-19,12.609999656677246,12.640000343322754,12.579999923706055,12.640000343322754,4527000
2022-12-20,11.920000076293945,12.350000381469727,11.829999923706055,12.319999694824219,15908295
2022-12-21,11.850000381469727,11.869999885559082,11.760000228881836,11.8100004196167,6467006
2022-12-22,12.069999694824219,12.069999694824219,12.020000457763672,12.050000190734863,3138223
2022-12-23,11.890000343322754,11.920000076293945,11.859999656677246,11.920000076293945,2843069
2022-12-26,11.8100004196167,11.8100004196167,11.729999542236328,11.779999732971191,2856000
2022-12-27,11.65999984741211,11.729999542236328,11.649999618530273,11.729999542236328,5891000
2022-12-28,11.25,11.279999732971191,11.220000267028809,11.260000228881836,8478020
2022-12-29,11.100000381469727,11.119999885559082,11.079999923706055,11.109999656677246,4726018
2022-12-30,11.199999809265137,11.270000457763672,11.199999809265137,11.25,3761000
2023-01-03,11.170000076293945,11.170000076293945,11.130000114440918,11.140000343322754,3727000
2023-01-04,11.539999961853027,11.569999694824219,11.40999984741211,11.40999984741211,12537200
2023-01-05,11.59000015258789,11.65999984741211,11.579999923706055,11.640000343322754,6268000
2023-01-06,11.699999809265137,11.770000457763672,11.670000076293945,11.670000076293945,6571000
2023-01-09,12.029999732971191,12.050000190734863,11.989999771118164,12.020000457763672,8171000
2023-01-10,12.199999809265137,12.25,12.149999618530273,12.15999984741211,9373150
2023-01-11,11.989999771118164,12.039999961853027,11.880000114440918,11.920000076293945,9193125
2023-01-12,12.270000457763672,12.329999923706055,12.100000381469727,12.100000381469727,9302000
2023-01-13,12.479999542236328,12.510000228881836,12.430000305175781,12.460000038146973,10925000
2023-01-16,12.34000015258789,12.4399995803833,12.319999694824219,12.40999984741211,10303122
2023-01-17,12.260000228881836,12.34000015258789,12.210000038146973,12.34000015258789,7989200
2023-01-30,12.470000267028809,12.479999542236328,12.369999885559082,12.40999984741211,9714000
2023-01-31,12.3100004196167,12.369999885559082,12.300000190734863,12.359999656677246,7770000
2023-02-01,12.420000076293945,12.4399995803833,12.369999885559082,12.40999984741211,5288000
2023-02-02,12.680000305175781,12.75,12.65999984741211,12.699999809265137,17785050
2023-02-03,12.960000038146973,13.0,12.800000190734863,12.800000190734863,17189000
2023-02-06,12.430000305175781,12.449999809265137,12.329999923706055,12.390000343322754,22517005
2023-02-07,12.289999961853027,12.3100004196167,12.229999542236328,12.279999732971191,14419000
2023-02-08,12.140000343322754,12.15999984741211,12.100000381469727,12.15999984741211,13728020
2023-02-09,12.100000381469727,12.149999618530273,12.09000015258789,12.149999618530273,7715000
2023-02-10,11.960000038146973,11.960000038146973,11.899999618530273,11.930000305175781,10464000
2023-02-13,11.699999809265137,11.699999809265137,11.630000114440918,11.65999984741211,19341000
2023-02-14,11.899999618530273,11.899999618530273,11.84000015258789,11.850000381469727,9901800
2023-02-15,11.869999885559082,11.869999885559082,11.819999694824219,11.84000015258789,7679000
2023-02-16,11.609999656677246,11.619999885559082,11.520000457763672,11.539999961853027,11402000
2023-02-17,11.15999984741211,11.210000038146973,11.109999656677246,11.199999809265137,29570510
2023-02-20,11.289999961853027,11.300000190734863,11.279999732971191,11.279999732971191,9358270
2023-02-21,11.25,11.289999961853027,11.210000038146973,11.289999961853027,7258100
2023-02-22,11.0,11.050000190734863,11.0,11.050000190734863,24263150
2023-02-23,11.109999656677246,11.130000114440918,11.09000015258789,11.109999656677246,5690500
2023-02-24,11.319999694824219,11.329999923706055,11.260000228881836,11.289999961853027,11239270
2023-03-01,11.079999923706055,11.09000015258789,11.039999961853027,11.039999961853027,10788115
2023-03-02,10.90999984741211,10.949999809265137,10.890000343322754,10.9399995803833,13463481
2023-03-03,10.859999656677246,10.859999656677246,10.779999732971191,10.789999961853027,12232100
2023-03-06,11.239999771118164,11.279999732971191,11.1899995803833,11.199999809265137,13715000
2023-03-07,11.1899995803833,11.199999809265137,11.119999885559082,11.130000114440918,7823537
2023-03-08,11.140000343322754,11.199999809265137,11.100000381469727,11.180000305175781,6474110
2023-03-09,11.15999984741211,11.239999771118164,11.149999618530273,11.229999542236328,4774117
2023-03-10,11.609999656677246,11.630000114440918,11.40999984741211,11.430000305175781,20554050
2023-03-13,11.739999771118164,11.880000114440918,11.710000038146973,11.800000190734863,34422050
2023-03-14,12.149999618530273,12.180000305175781,12.0600004196167,12.140000343322754,25915145
2023-03-15,11.800000190734863,11.869999885559082,11.710000038146973,11.819999694824219,21774516
2023-03-16,12.270000457763672,12.34000015258789,12.199999809265137,12.220000267028809,26628498
2023-03-17,12.100000381469727,12.130000114440918,11.949999809265137,11.989999771118164,17278191
2023-03-20,12.369999885559082,12.40999984741211,12.109999656677246,12.130000114440918,18166355
2023-03-21,12.260000228881836,12.270000457763672,12.199999809265137,12.220000267028809,14203321
2023-03-22,11.930000305175781,11.989999771118164,11.90999984741211,11.979999542236328,28921199
2023-03-23,12.119999885559082,12.15999984741211,12.050000190734863,12.119999885559082,13564000
2023-03-24,12.149999618530273,12.149999618530273,12.0600004196167,12.079999923706055,9456120
2023-03-27,12.270000457763672,12.34000015258789,12.220000267028809,12.220000267028809,12284789
2023-03-28,11.829999923706055,11.859999656677246,11.770000457763672,11.800000190734863,27325197
2023-03-29,11.770000457763672,11.779999732971191,11.680000305175781,11.739999771118164,15735230
2023-03-30,11.710000038146973,11.75,11.6899995803833,11.75,9762128
2023-03-31,11.800000190734863,11.800000190734863,11.75,11.779999732971191,7277050
2023-04-06,12.520000457763672,12.550000190734863,12.350000381469727,12.390000343322754,37480480
2023-04-07,12.520000457763672,12.579999923706055,12.510000228881836,12.569999694824219,18051000
2023-04-10,12.430000305175781,12.4399995803833,12.350000381469727,12.380000114440918,13035200
2023-04-11,12.3100004196167,12.319999694824219,12.260000228881836,12.260000228881836,13627829
2023-04-12,12.260000228881836,12.279999732971191,12.25,12.270000457763672,10465490
2023-04-13,12.25,12.279999732971191,12.220000267028809,12.260000228881836,12074100
2023-04-14,12.100000381469727,12.109999656677246,12.069999694824219,12.100000381469727,21993000
2023-04-17,11.899999618530273,11.90999984741211,11.859999656677246,11.859999656677246,27177800
2023-04-18,11.619999885559082,11.670000076293945,11.600000381469727,11.65999984741211,43700168
2023-04-19,11.65999984741211,11.670000076293945,11.619999885559082,11.649999618530273,19434065
2023-04-20,11.649999618530273,11.670000076293945,11.609999656677246,11.630000114440918,13669341
2023-04-21,11.859999656677246,11.859999656677246,11.779999732971191,11.779999732971191,20033000
2023-04-24,11.699999809265137,11.710000038146973,11.670000076293945,11.6899995803833,19986400
2023-04-25,11.960000038146973,11.979999542236328,11.890000343322754,11.890000343322754,20760400
2023-04-26,12.140000343322754,12.180000305175781,12.109999656677246,12.130000114440918,23657248
2023-04-27,11.960000038146973,12.020000457763672,11.949999809265137,12.0,14092379
2023-04-28,11.829999923706055,11.829999923706055,11.670000076293945,11.75,35258680
2023-05-02,11.640000343322754,11.649999618530273,11.600000381469727,11.630000114440918,43438670
2023-05-03,11.920000076293945,11.970000267028809,11.899999618530273,11.9399995803833,31645365
2023-05-04,12.09000015258789,12.149999618530273,12.069999694824219,12.140000343322754,35383162
2023-05-05,11.90999984741211,11.9399995803833,11.899999618530273,11.9399995803833,14921306
2023-05-08,11.859999656677246,11.869999885559082,11.800000190734863,11.819999694824219,18486619
2023-05-09,11.619999885559082,11.619999885559082,11.5600004196167,11.59000015258789,70495149
2023-05-10,11.510000228881836,11.539999961853027,11.5,11.539999961853027,41078394
2023-05-11,11.640000343322754,11.680000305175781,11.619999885559082,11.649999618530273,16983100
2023-05-12,11.880000114440918,11.90999984741211,11.829999923706055,11.829999923706055,35874689
2023-05-15,11.649999618530273,11.699999809265137,11.640000343322754,11.6899995803833,28105311
2023-05-16,11.520000457763672,11.529999732971191,11.470000267028809,11.510000228881836,61487054
2023-05-17,11.430000305175781,11.4399995803833,11.390000343322754,11.420000076293945,48021525
2023-05-18,11.369999885559082,11.420000076293945,11.350000381469727,11.380000114440918,41386140
2023-05-19,11.15999984741211,11.170000076293945,11.109999656677246,11.149999618530273,51837200
2023-05-22,11.069999694824219,11.079999923706055,11.010000228881836,11.029999732971191,34190579
2023-05-23,10.930000305175781,10.989999771118164,10.920000076293945,10.979999542236328,43854473
2023-05-24,11.079999923706055,11.079999923706055,10.979999542236328,11.010000228881836,26721850
2023-05-25,10.890000343322754,10.960000038146973,10.880000114440918,10.960000038146973,29112233
2023-05-26,10.850000381469727,10.850000381469727,10.770000457763672,10.8100004196167,24427700
2023-05-29,10.960000038146973,10.970000267028809,10.920000076293945,10.930000305175781,21260382
2023-05-30,11.119999885559082,11.140000343322754,11.029999732971191,11.029999732971191,26281945
2023-05-31,11.199999809265137,11.210000038146973,11.149999618530273,11.180000305175781,17819907
2023-06-01,11.210000038146973,11.300000190734863,11.180000305175781,11.300000190734863,21019306
2023-06-02,11.319999694824219,11.350000381469727,11.300000190734863,11.34000015258789,24489536
2023-06-05,11.050000190734863,11.100000381469727,11.029999732971191,11.09000015258789,22454254
2023-06-06,11.069999694824219,11.100000381469727,11.050000190734863,11.079999923706055,9482241
2023-06-07,11.270000457763672,11.279999732971191,11.210000038146973,11.210000038146973,16462050
2023-06-08,10.920000076293945,10.920000076293945,10.880000114440918,10.90999984741211,30226050
2023-06-09,11.039999961853027,11.039999961853027,11.0,11.029999732971191,9171265
2023-06-12,11.069999694824219,11.100000381469727,11.0600004196167,11.069999694824219,12108705
2023-06-13,11.130000114440918,11.15999984741211,11.079999923706055,11.09000015258789,13214148
2023-06-14,10.979999542236328,11.0,10.970000267028809,11.0,17934050
2023-06-15,10.989999771118164,11.069999694824219,10.960000038146973,11.0600004196167,12860779
2023-06-16,11.180000305175781,11.1899995803833,11.130000114440918,11.180000305175781,17662800
2023-06-19,11.15999984741211,11.180000305175781,11.149999618530273,11.170000076293945,7442611
2023-06-20,11.029999732971191,11.039999961853027,10.979999542236328,10.989999771118164,14261999
2023-06-21,11.25,11.270000457763672,11.239999771118164,11.270000457763672,24915848
2023-06-26,11.3100004196167,11.319999694824219,11.279999732971191,11.300000190734863,18990500
2023-06-27,11.229999542236328,11.319999694824219,11.229999542236328,11.319999694824219,8370970
2023-06-28,11.180000305175781,11.220000267028809,11.170000076293945,11.180000305175781,6145050
2023-06-29,11.229999542236328,11.300000190734863,11.229999542236328,11.289999961853027,9094170
2023-06-30,10.989999771118164,11.0,10.960000038146973,10.979999542236328,33532507
2023-07-03,11.119999885559082,11.130000114440918,11.09000015258789,11.09000015258789,12714177
2023-07-04,11.109999656677246,11.130000114440918,11.100000381469727,11.109999656677246,8725100
2023-07-05,11.100000381469727,11.130000114440918,11.079999923706055,11.100000381469727,4995059
2023-07-06,10.850000381469727,10.90999984741211,10.819999694824219,10.90999984741211,51477474
2023-07-07,10.609999656677246,10.630000114440918,10.5600004196167,10.579999923706055,36157331
2023-07-10,10.390000343322754,10.420000076293945,10.369999885559082,10.420000076293945,32003900
2023-07-11,10.520000457763672,10.529999732971191,10.460000038146973,10.479999542236328,11262502
2023-07-12,10.5600004196167,10.600000381469727,10.5600004196167,10.579999923706055,13951050
2023-07-13,10.699999809265137,10.779999732971191,10.6899995803833,10.779999732971191,20987220
2023-07-14,10.869999885559082,10.920000076293945,10.859999656677246,10.890000343322754,25480666
2023-07-17,10.84000015258789,10.859999656677246,10.819999694824219,10.819999694824219,9328050
2023-07-18,10.850000381469727,10.850000381469727,10.8100004196167,10.84000015258789,8872050
2023-07-19,10.960000038146973,10.989999771118164,10.90999984741211,10.90999984741211,17021050
2023-07-20,11.050000190734863,11.119999885559082,11.050000190734863,11.09000015258789,16319150
2023-07-21,10.869999885559082,10.899999618530273,10.859999656677246,10.859999656677246,14417971
2023-07-24,10.899999618530273,10.899999618530273,10.880000114440918,10.899999618530273,7042050
2023-07-25,10.850000381469727,10.880000114440918,10.829999923706055,10.850000381469727,13990625
2023-07-26,10.779999732971191,10.8100004196167,10.770000457763672,10.789999961853027,20032700
2023-07-27,10.789999961853027,10.8100004196167,10.770000457763672,10.789999961853027,15261655
2023-07-28,10.449999809265137,10.520000457763672,10.390000343322754,10.420000076293945,85585550
2023-07-31,10.430000305175781,10.479999542236328,10.40999984741211,10.470000267028809,20841008
2023-08-01,10.550000190734863,10.5600004196167,10.5,10.5,24083050
2023-08-02,10.270000457763672,10.34000015258789,10.229999542236328,10.329999923706055,56846200
2023-08-04,9.6899995803833,9.869999885559082,9.609999656677246,9.699999809265137,144477732
2023-08-07,9.90999984741211,9.920000076293945,9.850000381469727,9.90999984741211,30140026
2023-08-08,9.869999885559082,9.880000114440918,9.75,9.760000228881836,31832500
2023-08-09,10.010000228881836,10.020000457763672,9.9399995803833,9.979999542236328,25080307
2023-08-10,9.960000038146973,9.989999771118164,9.9399995803833,9.989999771118164,13734010
2023-08-11,9.760000228881836,9.779999732971191,9.729999542236328,9.770000457763672,28623200
2023-08-14,9.670000076293945,9.680000305175781,9.649999618530273,9.65999984741211,24118500
2023-08-15,9.600000381469727,9.640000343322754,9.569999694824219,9.609999656677246,25926271
2023-08-16,9.5600004196167,9.569999694824219,9.520000457763672,9.550000190734863,24903500
2023-08-17,9.300000190734863,9.390000343322754,9.300000190734863,9.380000114440918,39507436
2023-08-18,9.390000343322754,9.390000343322754,9.319999694824219,9.329999923706055,16355440
2023-08-21,9.220000267028809,9.300000190734863,9.210000038146973,9.300000190734863,20237527
2023-08-22,9.09000015258789,9.109999656677246,9.050000190734863,9.09000015258789,28012431
2023-08-23,9.289999961853027,9.3100004196167,9.260000228881836,9.260000228881836,12702600
2023-08-24,9.59000015258789,9.630000114440918,9.5600004196167,9.619999885559082,22929050
2023-08-25,9.460000038146973,9.520000457763672,9.449999809265137,9.5,12715050
2023-08-28,9.569999694824219,9.579999923706055,9.489999771118164,9.489999771118164,5807049
2023-08-29,9.569999694824219,9.59000015258789,9.539999961853027,9.579999923706055,6775050
2023-08-30,9.680000305175781,9.720000267028809,9.670000076293945,9.6899995803833,12651000
2023-08-31,9.739999771118164,9.760000228881836,9.699999809265137,9.699999809265137,11555279
2023-09-01,9.760000228881836,9.770000457763672,9.739999771118164,9.739999771118164,7030906
2023-09-04,9.489999771118164,9.520000457763672,9.479999542236328,9.510000228881836,14256001
2023-09-05,9.460000038146973,9.489999771118164,9.4399995803833,9.460000038146973,6763705
2023-09-06,9.300000190734863,9.3100004196167,9.260000228881836,9.279999732971191,17190300
2023-09-07,9.319999694824219,9.34000015258789,9.289999961853027,9.300000190734863,4334050
2023-09-08,9.449999809265137,9.449999809265137,9.399999618530273,9.4399995803833,7490525
2023-09-11,9.3100004196167,9.350000381469727,9.279999732971191,9.350000381469727,8912050
2023-09-12,9.289999961853027,9.300000190734863,9.260000228881836,9.270000457763672,6242050
2023-09-13,9.329999923706055,9.350000381469727,9.319999694824219,9.329999923706055,4084250
2023-09-14,9.430000305175781,9.430000305175781,9.399999618530273,9.399999618530273,7340345
2023-09-15,9.279999732971191,9.279999732971191,9.239999771118164,9.260000228881836,13275021
2023-09-18,9.119999885559082,9.1899995803833,9.09000015258789,9.180000305175781,23135050
2023-09-19,9.229999542236328,9.239999771118164,9.210000038146973,9.229999542236328,5747050
2023-09-20,9.130000114440918,9.130000114440918,9.100000381469727,9.119999885559082,8964250
2023-09-21,9.0,9.010000228881836,8.960000038146973,9.0,21092700
2023-09-22,8.680000305175781,8.680000305175781,8.619999885559082,8.670000076293945,60430764
2023-09-25,8.710000038146973,8.760000228881836,8.6899995803833,8.739999771118164,18328808
2023-09-26,8.40999984741211,8.420000076293945,8.350000381469727,8.380000114440918,45061762
2023-09-27,8.399999618530273,8.420000076293945,8.369999885559082,8.369999885559082,20766050
2023-09-28,8.279999732971191,8.279999732971191,8.210000038146973,8.239999771118164,28361884
2023-10-02,8.199999809265137,8.210000038146973,8.170000076293945,8.199999809265137,23052916
2023-10-03,8.029999732971191,8.079999923706055,8.020000457763672,8.039999961853027,45402229
2023-10-04,7.590000152587891,7.690000057220459,7.539999961853027,7.679999828338623,90331551
2023-10-05,7.900000095367432,7.909999847412109,7.829999923706055,7.829999923706055,41477164
2023-10-06,7.769999980926514,7.800000190734863,7.75,7.760000228881836,22629279
2023-10-11,8.0,8.039999961853027,7.920000076293945,7.940000057220459,21742250
2023-10-12,8.25,8.25,8.220000267028809,8.229999542236328,29767199
2023-10-13,7.940000057220459,7.940000057220459,7.869999885559082,7.889999866485596,48617181
2023-10-16,7.989999771118164,7.989999771118164,7.920000076293945,7.96999979019165,19796350
2023-10-17,7.699999809265137,7.809999942779541,7.670000076293945,7.789999961853027,36482051
2023-10-18,7.639999866485596,7.650000095367432,7.619999885559082,7.630000114440918,20084550
2023-10-19,7.360000133514404,7.440000057220459,7.340000152587891,7.420000076293945,43959051
2023-10-20,7.260000228881836,7.28000020980835,7.199999809265137,7.199999809265137,45022200
2023-10-23,7.139999866485596,7.170000076293945,7.090000152587891,7.159999847412109,28113467
2023-10-24,7.480000019073486,7.480000019073486,7.380000114440918,7.380000114440918,32474900
2023-10-25,7.550000190734863,7.619999885559082,7.53000020980835,7.599999904632568,29433162
2023-10-26,7.199999809265137,7.239999771118164,7.190000057220459,7.230000019073486,44544100
2023-10-27,7.449999809265137,7.480000019073486,7.420000076293945,7.440000057220459,53959090
2023-10-30,7.360000133514404,7.400000095367432,7.340000152587891,7.380000114440918,14401050
2023-10-31,7.380000114440918,7.440000057220459,7.320000171661377,7.320000171661377,66412940
2023-11-01,7.28000020980835,7.300000190734863,7.230000019073486,7.239999771118164,22342600
2023-11-02,7.690000057220459,7.710000038146973,7.639999866485596,7.670000076293945,74336950
2023-11-03,7.920000076293945,7.940000057220459,7.900000095367432,7.909999847412109,38853830
2023-11-06,7.980000019073486,8.0,7.940000057220459,8.0,50313700
2023-11-07,7.869999885559082,7.900000095367432,7.840000152587891,7.889999866485596,19434258
2023-11-08,8.09000015258789,8.109999656677246,8.050000190734863,8.050000190734863,28689723
2023-11-09,8.369999885559082,8.399999618530273,8.329999923706055,8.350000381469727,50617254
2023-11-10,8.020000457763672,8.039999961853027,7.96999979019165,7.980000019073486,50246700
2023-11-13,7.920000076293945,7.980000019073486,7.889999866485596,7.96999979019165,63588102
2023-11-14,8.029999732971191,8.039999961853027,7.940000057220459,7.960000038146973,28281050
2023-11-15,8.380000114440918,8.420000076293945,8.350000381469727,8.399999618530273,107899100
2023-11-16,8.220000267028809,8.220000267028809,8.180000305175781,8.220000267028809,44007055
2023-11-17,8.289999961853027,8.34000015258789,8.289999961853027,8.3100004196167,39268199
2023-11-20,8.289999961853027,8.3100004196167,8.270000457763672,8.3100004196167,25776410
2023-11-21,8.5,8.510000228881836,8.430000305175781,8.4399995803833,42161059
2023-11-22,8.399999618530273,8.430000305175781,8.369999885559082,8.420000076293945,30075908
2023-11-23,8.5,8.529999732971191,8.479999542236328,8.489999771118164,34041100
2023-11-24,8.359999656677246,8.40999984741211,8.350000381469727,8.399999618530273,30040250
2023-11-27,8.260000228881836,8.279999732971191,8.239999771118164,8.260000228881836,26122248
2023-11-28,8.470000267028809,8.489999771118164,8.4399995803833,8.470000267028809,31332285
2023-11-29,8.649999618530273,8.670000076293945,8.579999923706055,8.579999923706055,54272050
2023-11-30,8.720000267028809,8.8100004196167,8.710000038146973,8.789999961853027,55447500
2023-12-01,8.619999885559082,8.630000114440918,8.579999923706055,8.619999885559082,59582050
2023-12-04,8.850000381469727,8.859999656677246,8.8100004196167,8.829999923706055,54027049
2023-12-05,8.920000076293945,8.9399995803833,8.850000381469727,8.859999656677246,61941500
2023-12-06,9.229999542236328,9.25,9.170000076293945,9.170000076293945,108159000
2023-12-07,9.430000305175781,9.609999656677246,9.420000076293945,9.479999542236328,142059698
2023-12-08,9.40999984741211,9.470000267028809,9.359999656677246,9.470000267028809,81630003
2023-12-11,9.270000457763672,9.279999732971191,9.15999984741211,9.220000267028809,54585440
2023-12-12,9.359999656677246,9.359999656677246,9.239999771118164,9.279999732971191,48625623
2023-12-13,9.350000381469727,9.369999885559082,9.3100004196167,9.359999656677246,35022999
2023-12-14,9.850000381469727,9.930000305175781,9.739999771118164,9.800000190734863,140761396
2023-12-15,10.039999961853027,10.069999694824219,9.979999542236328,10.020000457763672,152533750
2023-12-18,10.369999885559082,10.539999961853027,10.069999694824219,10.09000015258789,146778208
2023-12-19,10.25,10.350000381469727,10.149999618530273,10.319999694824219,89098780
2023-12-20,10.289999961853027,10.380000114440918,10.260000228881836,10.300000190734863,44868000
2023-12-21,10.329999923706055,10.390000343322754,10.3100004196167,10.390000343322754,40759679
2023-12-22,10.0600004196167,10.25,10.039999961853027,10.25,92931300
2023-12-25,10.020000457763672,10.079999923706055,9.979999542236328,10.0600004196167,44441658
2023-12-26,10.079999923706055,10.15999984741211,10.020000457763672,10.020000457763672,42315487
2023-12-27,10.050000190734863,10.079999923706055,10.020000457763672,10.079999923706055,42237179
2023-12-28,10.239999771118164,10.319999694824219,10.210000038146973,10.3100004196167,66331625
2023-12-29,10.130000114440918,10.15999984741211,10.119999885559082,10.149999618530273,40973505
2024-01-02,9.920000076293945,10.0,9.859999656677246,10.0,79917188
2024-01-03,9.859999656677246,9.9399995803833,9.8100004196167,9.829999923706055,43787346
2024-01-04,9.8100004196167,9.880000114440918,9.789999961853027,9.859999656677246,84774183
2024-01-05,9.539999961853027,9.619999885559082,9.539999961853027,9.579999923706055,102920982
2024-01-08,9.359999656677246,9.399999618530273,9.329999923706055,9.399999618530273,74657031
2024-01-09,9.539999961853027,9.539999961853027,9.470000267028809,9.489999771118164,79620409
2024-01-10,9.460000038146973,9.510000228881836,9.449999809265137,9.5,46927100
2024-01-11,9.4399995803833,9.449999809265137,9.40999984741211,9.4399995803833,39436620
2024-01-12,9.489999771118164,9.510000228881836,9.449999809265137,9.479999542236328,69954585
2024-01-15,9.5,9.5,9.449999809265137,9.460000038146973,38290000
2024-01-16,9.359999656677246,9.380000114440918,9.329999923706055,9.359999656677246,45354999
2024-01-17,9.130000114440918,9.1899995803833,9.109999656677246,9.130000114440918,52607501
2024-01-18,9.130000114440918,9.140000343322754,9.109999656677246,9.109999656677246,19350000
2024-01-19,8.880000114440918,8.890000343322754,8.850000381469727,8.869999885559082,76603101
2024-01-22,9.079999923706055,9.09000015258789,9.010000228881836,9.010000228881836,50084000
2024-01-23,9.079999923706055,9.09000015258789,9.039999961853027,9.079999923706055,21826595
2024-01-24,8.970000267028809,8.970000267028809,8.890000343322754,8.899999618530273,40137447
2024-01-25,8.880000114440918,8.880000114440918,8.800000190734863,8.800000190734863,51381099
2024-01-26,8.989999771118164,9.0,8.930000305175781,8.949999809265137,35409600
2024-01-29,8.930000305175781,8.949999809265137,8.890000343322754,8.9399995803833,33880543
2024-01-30,9.210000038146973,9.210000038146973,9.079999923706055,9.119999885559082,67378450
2024-01-31,9.359999656677246,9.359999656677246,9.260000228881836,9.279999732971191,119110567
2024-02-01,9.489999771118164,9.529999732971191,9.4399995803833,9.479999542236328,101967510
2024-02-02,9.6899995803833,9.699999809265137,9.630000114440918,9.699999809265137,57093707
2024-02-05,9.279999732971191,9.319999694824219,9.25,9.300000190734863,97520999
2024-02-15,8.84000015258789,8.899999618530273,8.819999694824219,8.859999656677246,153268926
2024-02-16,8.779999732971191,8.800000190734863,8.770000457763672,8.800000190734863,64605414
2024-02-19,8.760000228881836,8.770000457763672,8.739999771118164,8.75,43223700
2024-02-20,8.699999809265137,8.710000038146973,8.65999984741211,8.6899995803833,45436700
2024-02-21,8.729999542236328,8.729999542236328,8.680000305175781,8.6899995803833,30374173
2024-02-22,8.649999618530273,8.670000076293945,8.630000114440918,8.649999618530273,39227000
2024-02-23,8.680000305175781,8.710000038146973,8.65999984741211,8.6899995803833,19608000
2024-02-26,9.020000457763672,9.029999732971191,8.979999542236328,8.989999771118164,70743100
2024-02-27,8.899999618530273,8.90999984741211,8.859999656677246,8.880000114440918,37056742
2024-02-29,8.829999923706055,8.859999656677246,8.8100004196167,8.850000381469727,39043100
2024-03-01,8.930000305175781,8.979999542236328,8.890000343322754,8.920000076293945,38299879
2024-03-04,9.029999732971191,9.050000190734863,9.0,9.029999732971191,42402783
2024-03-05,9.020000457763672,9.020000457763672,8.970000267028809,9.0,22982723
2024-03-06,9.199999809265137,9.199999809265137,9.130000114440918,9.140000343322754,50838600
2024-03-07,9.289999961853027,9.34000015258789,9.289999961853027,9.319999694824219,56520191
2024-03-08,9.34000015258789,9.34000015258789,9.279999732971191,9.329999923706055,45254211
2024-03-11,9.319999694824219,9.359999656677246,9.319999694824219,9.34000015258789,31032671
2024-03-12,9.300000190734863,9.300000190734863,9.25,9.289999961853027,37765930
2024-03-13,9.100000381469727,9.140000343322754,9.09000015258789,9.140000343322754,127626750
2024-03-14,8.989999771118164,9.039999961853027,8.979999542236328,9.029999732971191,43546142
2024-03-15,8.800000190734863,8.8100004196167,8.760000228881836,8.770000457763672,72028520
2024-03-18,8.779999732971191,8.8100004196167,8.760000228881836,8.770000457763672,37692000
2024-03-19,8.75,8.760000228881836,8.6899995803833,8.720000267028809,62162868
2024-03-20,8.789999961853027,8.789999961853027,8.760000228881836,8.779999732971191,37853078
2024-03-21,8.75,8.779999732971191,8.720000267028809,8.729999542236328,55304444
2024-03-22,8.869999885559082,8.880000114440918,8.789999961853027,8.819999694824219,54471150
2024-03-25,8.970000267028809,9.029999732971191,8.949999809265137,9.0,52344786
2024-03-26,8.890000343322754,8.90999984741211,8.880000114440918,8.90999984741211,28820644
2024-03-27,8.899999618530273,8.930000305175781,8.890000343322754,8.899999618530273,14941010
2024-03-28,9.039999961853027,9.039999961853027,8.989999771118164,9.0,38951729
2024-03-29,9.029999732971191,9.039999961853027,9.0,9.010000228881836,26263000
2024-04-01,9.039999961853027,9.050000190734863,8.970000267028809,8.989999771118164,32085000
2024-04-02,8.760000228881836,8.800000190734863,8.75,8.779999732971191,91012236
2024-04-03,8.65999984741211,8.6899995803833,8.640000343322754,8.680000305175781,56267527
2024-04-08,8.4399995803833,8.470000267028809,8.420000076293945,8.470000267028809,63400203
2024-04-09,8.520000457763672,8.539999961853027,8.449999809265137,8.460000038146973,24458250
2024-04-10,8.640000343322754,8.65999984741211,8.619999885559082,8.630000114440918,26937232
2024-04-11,8.279999732971191,8.300000190734863,8.220000267028809,8.239999771118164,81888953
2024-04-12,8.170000076293945,8.199999809265137,8.149999618530273,8.1899995803833,65072338
2024-04-15,8.180000305175781,8.25,8.15999984741211,8.229999542236328,31271866
2024-04-16,8.010000228881836,8.0600004196167,7.989999771118164,8.050000190734863,67439539
2024-04-17,7.920000076293945,7.929999828338623,7.889999866485596,7.900000095367432,40941096
2024-04-18,8.09000015258789,8.100000381469727,8.039999961853027,8.050000190734863,26188999
2024-04-19,8.149999618530273,8.289999961853027,8.0,8.010000228881836,70695940
2024-04-22,7.96999979019165,8.010000228881836,7.929999828338623,8.0,38639754
2024-04-23,8.050000190734863,8.0600004196167,8.010000228881836,8.020000457763672,23441600
2024-04-24,7.989999771118164,8.020000457763672,7.980000019073486,8.020000457763672,19885174
2024-04-25,7.869999885559082,7.900000095367432,7.869999885559082,7.889999866485596,39289557
2024-04-26,7.809999942779541,7.809999942779541,7.769999980926514,7.78000020980835,39888000
2024-04-29,7.909999847412109,7.920000076293945,7.869999885559082,7.869999885559082,20506297
2024-04-30,8.010000228881836,8.020000457763672,7.96999979019165,7.980000019073486,18088100
2024-05-02,7.980000019073486,7.980000019073486,7.920000076293945,7.929999828338623,18353391
2024-05-03,8.020000457763672,8.029999732971191,7.989999771118164,8.0,19881308
2024-05-06,8.1899995803833,8.1899995803833,8.140000343322754,8.15999984741211,57560604
2024-05-07,8.289999961853027,8.300000190734863,8.220000267028809,8.229999542236328,37077931
2024-05-08,8.300000190734863,8.34000015258789,8.289999961853027,8.319999694824219,32275599
2024-05-09,8.180000305175781,8.220000267028809,8.180000305175781,8.220000267028809,31532265
2024-05-10,8.289999961853027,8.359999656677246,8.289999961853027,8.329999923706055,27033000
2024-05-13,8.220000267028809,8.25,8.220000267028809,8.25,22386700
2024-05-14,8.260000228881836,8.270000457763672,8.239999771118164,8.25,13668700
2024-05-15,8.380000114440918,8.390000343322754,8.359999656677246,8.359999656677246,36358999
2024-05-16,8.649999618530273,8.670000076293945,8.619999885559082,8.640000343322754,64070794
2024-05-17,8.539999961853027,8.569999694824219,8.539999961853027,8.550000190734863,22338889
2024-05-20,8.4399995803833,8.460000038146973,8.420000076293945,8.4399995803833,25483458
2024-05-21,8.369999885559082,8.399999618530273,8.350000381469727,8.399999618530273,20080681
2024-05-22,8.4399995803833,8.479999542236328,8.430000305175781,8.4399995803833,12686000
2024-05-23,8.449999809265137,8.489999771118164,8.4399995803833,8.460000038146973,22120700
2024-05-24,8.359999656677246,8.390000343322754,8.350000381469727,8.369999885559082,20372516
2024-05-27,8.390000343322754,8.40999984741211,8.380000114440918,8.399999618530273,28962081
2024-05-28,8.369999885559082,8.369999885559082,8.34000015258789,8.359999656677246,27606960
2024-05-29,8.130000114440918,8.149999618530273,8.09000015258789,8.149999618530273,51495373
2024-05-30,7.989999771118164,7.989999771118164,7.929999828338623,7.940000057220459,57793301
2024-05-31,8.100000381469727,8.140000343322754,8.09000015258789,8.109999656677246,26965000
2024-06-03,8.220000267028809,8.25,8.1899995803833,8.1899995803833,31615266
2024-06-04,8.430000305175781,8.4399995803833,8.420000076293945,8.420000076293945,35957634
2024-06-05,8.609999656677246,8.640000343322754,8.600000381469727,8.630000114440918,56071596
2024-06-06,8.729999542236328,8.760000228881836,8.699999809265137,8.739999771118164,49588370
2024-06-07,8.729999542236328,8.739999771118164,8.710000038146973,8.729999542236328,27869162
2024-06-11,8.369999885559082,8.399999618530273,8.34000015258789,8.399999618530273,66019010
2024-06-12,8.520000457763672,8.520000457763672,8.449999809265137,8.479999542236328,42017100
2024-06-13,8.59000015258789,8.65999984741211,8.59000015258789,8.649999618530273,65682025
2024-06-14,8.800000190734863,8.859999656677246,8.800000190734863,8.829999923706055,72552220
2024-06-17,8.9399995803833,8.949999809265137,8.90999984741211,8.90999984741211,46524382
2024-06-18,8.859999656677246,8.890000343322754,8.850000381469727,8.869999885559082,34563600
2024-06-19,9.0,9.0,8.979999542236328,9.0,33908296
2024-06-20,8.920000076293945,8.960000038146973,8.90999984741211,8.949999809265137,31625550
2024-06-21,8.859999656677246,8.869999885559082,8.84000015258789,8.859999656677246,31413975
2024-06-24,8.880000114440918,8.90999984741211,8.850000381469727,8.850000381469727,20619225
2024-06-25,8.979999542236328,8.979999542236328,8.9399995803833,8.949999809265137,20847308
2024-06-26,8.890000343322754,8.930000305175781,8.869999885559082,8.930000305175781,30162950
2024-06-27,8.6899995803833,8.699999809265137,8.640000343322754,8.65999984741211,62676700
2024-06-28,8.729999542236328,8.770000457763672,8.670000076293945,8.760000228881836,40649150
2024-07-01,8.4399995803833,8.520000457763672,8.390000343322754,8.399999618530273,115465550
2024-07-02,8.300000190734863,8.329999923706055,8.260000228881836,8.329999923706055,98641300
2024-07-03,8.289999961853027,8.329999923706055,8.279999732971191,8.289999961853027,71160880
2024-07-04,8.4399995803833,8.470000267028809,8.420000076293945,8.449999809265137,56988118
2024-07-05,8.460000038146973,8.470000267028809,8.430000305175781,8.449999809265137,26213010
2024-07-08,8.569999694824219,8.579999923706055,8.539999961853027,8.539999961853027,42083899
2024-07-09,8.640000343322754,8.670000076293945,8.630000114440918,8.630000114440918,46061000
2024-07-10,8.579999923706055,8.579999923706055,8.539999961853027,8.569999694824219,38763712
2024-07-11,8.619999885559082,8.619999885559082,8.600000381469727,8.619999885559082,40236359
2024-07-12,8.8100004196167,8.8100004196167,8.729999542236328,8.770000457763672,90459815
2024-07-15,8.680000305175781,8.720000267028809,8.649999618530273,8.710000038146973,81650205
2024-07-16,8.739999771118164,8.75,8.699999809265137,8.710000038146973,43619419
2024-07-17,8.899999618530273,8.920000076293945,8.880000114440918,8.890000343322754,92131611
2024-07-18,8.850000381469727,8.890000343322754,8.850000381469727,8.890000343322754,45820217
2024-07-19,8.75,8.8100004196167,8.720000267028809,8.8100004196167,76219426
2024-07-22,8.720000267028809,8.75,8.720000267028809,8.75,72939478
2024-07-23,8.670000076293945,8.680000305175781,8.640000343322754,8.649999618530273,46211126
2024-07-26,8.579999923706055,8.609999656677246,8.569999694824219,8.600000381469727,53429853
2024-07-29,8.720000267028809,8.75,8.710000038146973,8.729999542236328,72941467
2024-07-30,8.760000228881836,8.789999961853027,8.75,8.770000457763672,53068727
2024-07-31,8.859999656677246,8.869999885559082,8.800000190734863,8.819999694824219,60301020
2024-08-01,9.0600004196167,9.109999656677246,9.039999961853027,9.0600004196167,121260544
2024-08-02,9.270000457763672,9.300000190734863,9.229999542236328,9.239999771118164,178218890
2024-08-05,9.880000114440918,10.069999694824219,9.739999771118164,9.869999885559082,317936731
2024-08-06,9.699999809265137,9.729999542236328,9.40999984741211,9.670000076293945,294196588
2024-08-07,9.420000076293945,9.470000267028809,9.380000114440918,9.449999809265137,159563599
2024-08-08,9.350000381469727,9.359999656677246,9.279999732971191,9.319999694824219,124995882
2024-08-09,9.220000267028809,9.229999542236328,9.170000076293945,9.180000305175781,155659600
2024-08-12,9.380000114440918,9.380000114440918,9.300000190734863,9.3100004196167,106988995
2024-08-13,9.359999656677246,9.40999984741211,9.350000381469727,9.390000343322754,94772329
2024-08-14,9.59000015258789,9.59000015258789,9.449999809265137,9.470000267028809,170613890
2024-08-15,9.630000114440918,9.649999618530273,9.5600004196167,9.649999618530273,153146992
2024-08-16,9.489999771118164,9.489999771118164,9.40999984741211,9.430000305175781,105836800
2024-08-19,9.529999732971191,9.529999732971191,9.470000267028809,9.520000457763672,63560000
2024-08-20,9.470000267028809,9.539999961853027,9.449999809265137,9.539999961853027,91593547
2024-08-21,9.710000038146973,9.710000038146973,9.670000076293945,9.680000305175781,107907740
2024-08-22,9.699999809265137,9.699999809265137,9.630000114440918,9.640000343322754,113213900
2024-08-23,9.550000190734863,9.579999923706055,9.529999732971191,9.539999961853027,104058317
2024-08-26,9.619999885559082,9.649999618530273,9.59000015258789,9.649999618530273,101291285
2024-08-27,9.539999961853027,9.579999923706055,9.520000457763672,9.5600004196167,64436159
2024-08-28,9.520000457763672,9.539999961853027,9.510000228881836,9.529999732971191,47926350
2024-08-29,9.460000038146973,9.510000228881836,9.449999809265137,9.5,67533180
2024-08-30,9.420000076293945,9.430000305175781,9.40999984741211,9.420000076293945,49382500
2024-09-02,9.25,9.279999732971191,9.239999771118164,9.260000228881836,106887477
2024-09-03,9.270000457763672,9.270000457763672,9.229999542236328,9.239999771118164,67520801
2024-09-04,9.520000457763672,9.520000457763672,9.470000267028809,9.510000228881836,121100297
2024-09-05,9.670000076293945,9.670000076293945,9.640000343322754,9.670000076293945,125459567
2024-09-06,9.859999656677246,9.859999656677246,9.770000457763672,9.779999732971191,163770377
2024-09-09,9.699999809265137,9.739999771118164,9.6899995803833,9.710000038146973,144267350
2024-09-10,9.859999656677246,9.859999656677246,9.8100004196167,9.819999694824219,106348228
2024-09-11,10.119999885559082,10.119999885559082,9.970000267028809,9.989999771118164,159629500
2024-09-12,9.9399995803833,9.949999809265137,9.920000076293945,9.9399995803833,155836158
2024-09-13,9.960000038146973,9.979999542236328,9.9399995803833,9.960000038146973,54316800
2024-09-16,9.930000305175781,9.9399995803833,9.90999984741211,9.9399995803833,96696998
2024-09-18,10.010000228881836,10.020000457763672,9.970000267028809,10.0,106104855
2024-09-19,9.729999542236328,9.739999771118164,9.6899995803833,9.739999771118164,193877235
2024-09-20,9.680000305175781,9.699999809265137,9.65999984741211,9.6899995803833,103532050
2024-09-23,9.529999732971191,9.550000190734863,9.510000228881836,9.539999961853027,119478511
2024-09-24,9.520000457763672,9.579999923706055,9.5,9.5600004196167,100222525
2024-09-25,9.529999732971191,9.550000190734863,9.520000457763672,9.539999961853027,58139723
2024-09-26,9.420000076293945,9.420000076293945,9.380000114440918,9.399999618530273,102012300
2024-09-27,9.430000305175781,9.4399995803833,9.399999618530273,9.420000076293945,72507466
2024-09-30,9.5,9.510000228881836,9.470000267028809,9.479999542236328,85862305
2024-10-01,9.460000038146973,9.489999771118164,9.449999809265137,9.470000267028809,59234700
2024-10-04,9.279999732971191,9.300000190734863,9.239999771118164,9.289999961853027,123651720
2024-10-07,9.0600004196167,9.09000015258789,9.029999732971191,9.0600004196167,136756807
2024-10-08,8.970000267028809,8.970000267028809,8.90999984741211,8.9399995803833,95351408
2024-10-09,8.90999984741211,8.960000038146973,8.890000343322754,8.949999809265137,79813799
2024-10-11,8.760000228881836,8.84000015258789,8.75,8.84000015258789,86690370
2024-10-14,8.619999885559082,8.630000114440918,8.600000381469727,8.630000114440918,76380498
2024-10-15,8.6899995803833,8.710000038146973,8.680000305175781,8.680000305175781,103211999
2024-10-16,8.880000114440918,8.890000343322754,8.850000381469727,8.859999656677246,93680592
2024-10-17,8.880000114440918,8.899999618530273,8.859999656677246,8.899999618530273,53120734
2024-10-18,8.640000343322754,8.65999984741211,8.619999885559082,8.65999984741211,90248056
2024-10-21,8.670000076293945,8.670000076293945,8.609999656677246,8.630000114440918,40838413
2024-10-22,8.300000190734863,8.380000114440918,8.279999732971191,8.369999885559082,181629560
2024-10-23,8.289999961853027,8.34000015258789,8.270000457763672,8.3100004196167,54213250
2024-10-24,8.359999656677246,8.359999656677246,8.300000190734863,8.300000190734863,72218415
2024-10-25,8.5,8.5,8.430000305175781,8.449999809265137,57184828
2024-10-28,8.199999809265137,8.239999771118164,8.1899995803833,8.229999542236328,92925139
2024-10-29,8.279999732971191,8.300000190734863,8.25,8.270000457763672,35908999
2024-10-30,8.34000015258789,8.369999885559082,8.319999694824219,8.34000015258789,54441429
2024-11-01,8.430000305175781,8.430000305175781,8.359999656677246,8.369999885559082,48642840
2024-11-04,8.3100004196167,8.3100004196167,8.239999771118164,8.239999771118164,43817449
2024-11-05,8.369999885559082,8.380000114440918,8.34000015258789,8.369999885559082,40708700
2024-11-06,8.130000114440918,8.289999961853027,7.949999809265137,8.289999961853027,261665030
2024-11-07,8.0600004196167,8.079999923706055,8.010000228881836,8.020000457763672,132790977
2024-11-08,8.180000305175781,8.239999771118164,8.130000114440918,8.170000076293945,112706590
2024-11-11,8.25,8.279999732971191,8.239999771118164,8.260000228881836,48354775
2024-11-12,8.399999618530273,8.40999984741211,8.289999961853027,8.289999961853027,69094078
2024-11-13,8.100000381469727,8.149999618530273,8.079999923706055,8.130000114440918,69938666
2024-11-14,7.900000095367432,7.909999847412109,7.860000133514404,7.880000114440918,92422331
2024-11-15,7.96999979019165,8.039999961853027,7.96999979019165,8.0,43256153
2024-11-18,7.929999828338623,7.980000019073486,7.929999828338623,7.960000038146973,26023111
2024-11-19,8.0,8.010000228881836,7.949999809265137,7.96999979019165,31108974
2024-11-20,8.010000228881836,8.010000228881836,8.010000228881836,8.010000228881836,42000
2024-11-21,8.020000457763672,8.029999732971191,8.010000228881836,8.020000457763672,18333600
2024-11-22,8.010000228881836,8.020000457763672,7.980000019073486,8.010000228881836,34542701
2024-11-25,8.119999885559082,8.149999618530273,8.09000015258789,8.09000015258789,34272244
2024-11-26,8.289999961853027,8.34000015258789,8.279999732971191,8.289999961853027,98306500
2024-11-27,8.300000190734863,8.3100004196167,8.279999732971191,8.300000190734863,127086925
2024-11-28,8.40999984741211,8.420000076293945,8.369999885559082,8.390000343322754,66975212
2024-11-29,8.460000038146973,8.460000038146973,8.430000305175781,8.4399995803833,37675766
2024-12-02,8.520000457763672,8.5600004196167,8.489999771118164,8.5,57092650
2024-12-03,8.5600004196167,8.619999885559082,8.5600004196167,8.579999923706055,56100749
2024-12-04,8.460000038146973,8.489999771118164,8.449999809265137,8.470000267028809,57260522
2024-12-05,8.630000114440918,8.640000343322754,8.59000015258789,8.600000381469727,57063939
2024-12-06,8.6899995803833,8.710000038146973,8.670000076293945,8.680000305175781,46356730
2024-12-09,8.6899995803833,8.710000038146973,8.670000076293945,8.710000038146973,79037480
2024-12-10,8.550000190734863,8.569999694824219,8.529999732971191,8.550000190734863,39960507
2024-12-11,8.420000076293945,8.470000267028809,8.40999984741211,8.460000038146973,27999500
2024-12-12,8.25,8.289999961853027,8.229999542236328,8.289999961853027,67898000
2024-12-13,8.130000114440918,8.140000343322754,8.100000381469727,8.140000343322754,46598175
2024-12-16,7.989999771118164,8.0,7.96999979019165,7.989999771118164,71042600
2024-12-17,7.980000019073486,8.010000228881836,7.96999979019165,8.010000228881836,49705850
2024-12-18,8.050000190734863,8.050000190734863,8.010000228881836,8.010000228881836,29397100
2024-12-19,7.739999771118164,7.800000190734863,7.730000019073486,7.800000190734863,111215700
2024-12-20,7.630000114440918,7.659999847412109,7.599999904632568,7.650000095367432,77904512
2024-12-23,7.659999847412109,7.679999828338623,7.630000114440918,7.630000114440918,26484737
2024-12-24,7.53000020980835,7.550000190734863,7.519999980926514,7.539999961853027,52322848
2024-12-25,7.590000152587891,7.590000152587891,7.559999942779541,7.559999942779541,18037400
2024-12-26,7.5,7.559999942779541,7.480000019073486,7.559999942779541,39686768
2024-12-27,7.579999923706055,7.590000152587891,7.53000020980835,7.53000020980835,19573998
2024-12-30,7.440000057220459,7.440000057220459,7.409999847412109,7.440000057220459,44607717
2024-12-31,7.630000114440918,7.630000114440918,7.579999923706055,7.590000152587891,34586340
2025-01-02,7.46999979019165,7.480000019073486,7.409999847412109,7.429999828338623,30286641
2025-01-03,7.539999961853027,7.550000190734863,7.510000228881836,7.519999980926514,19018000
2025-01-06,7.400000095367432,7.409999847412109,7.369999885559082,7.400000095367432,45162413
2025-01-07,7.389999866485596,7.389999866485596,7.340000152587891,7.360000133514404,30019000
2025-01-08,7.170000076293945,7.210000038146973,7.159999847412109,7.210000038146973,102027630
2025-01-09,7.210000038146973,7.210000038146973,7.170000076293945,7.179999828338623,34081139
2025-01-10,7.130000114440918,7.179999828338623,7.130000114440918,7.179999828338623,37413821
2025-01-13,7.050000190734863,7.079999923706055,7.03000020980835,7.039999961853027,88544997
2025-01-14,7.119999885559082,7.139999866485596,7.090000152587891,7.090000152587891,35986999
2025-01-15,7.090000152587891,7.099999904632568,7.070000171661377,7.090000152587891,21167847
2025-01-16,7.309999942779541,7.309999942779541,7.260000228881836,7.289999961853027,55321500
2025-01-17,7.340000152587891,7.349999904632568,7.320000171661377,7.349999904632568,23206569
2025-01-20,7.329999923706055,7.340000152587891,7.320000171661377,7.320000171661377,19576174
2025-01-21,7.510000228881836,7.519999980926514,7.409999847412109,7.440000057220459,59159900
2025-01-22,7.440000057220459,7.440000057220459,7.400000095367432,7.420000076293945,34067900
2025-02-03,7.610000133514404,7.639999866485596,7.519999980926514,7.519999980926514,79667700
2025-02-04,7.510000228881836,7.53000020980835,7.449999809265137,7.5,30006000
2025-02-05,7.590000152587891,7.610000133514404,7.559999942779541,7.570000171661377,25724413
2025-02-06,7.840000152587891,7.869999885559082,7.809999942779541,7.840000152587891,73813100
2025-02-07,7.809999942779541,7.860000133514404,7.800000190734863,7.840000152587891,26087100
2025-02-10,7.710000038146973,7.739999771118164,7.710000038146973,7.730000019073486,31973211
2025-02-11,7.670000076293945,7.710000038146973,7.670000076293945,7.699999809265137,23033100
2025-02-12,7.539999961853027,7.599999904632568,7.539999961853027,7.579999923706055,46209514
2025-02-13,7.400000095367432,7.420000076293945,7.380000114440918,7.409999847412109,44542049
2025-02-14,7.610000133514404,7.610000133514404,7.579999923706055,7.590000152587891,33617689
2025-02-17,7.639999866485596,7.670000076293945,7.639999866485596,7.659999847412109,21493200
2025-02-18,7.579999923706055,7.630000114440918,7.579999923706055,7.619999885559082,28966450
2025-02-19,7.510000228881836,7.53000020980835,7.5,7.510000228881836,24716095
2025-02-20,7.570000171661377,7.570000171661377,7.53000020980835,7.539999961853027,32077100
2025-02-21,7.610000133514404,7.610000133514404,7.559999942779541,7.579999923706055,17971450
2025-02-24,7.730000019073486,7.739999771118164,7.710000038146973,7.710000038146973,48365949
2025-02-25,7.849999904632568,7.860000133514404,7.809999942779541,7.820000171661377,52377683
2025-02-26,7.989999771118164,8.09000015258789,7.980000019073486,8.079999923706055,89213787
2025-02-27,8.119999885559082,8.140000343322754,8.109999656677246,8.140000343322754,105527697
2025-03-03,8.15999984741211,8.170000076293945,8.109999656677246,8.130000114440918,53057348
2025-03-04,8.3100004196167,8.390000343322754,8.300000190734863,8.369999885559082,103212089
2025-03-05,8.050000190734863,8.109999656677246,8.020000457763672,8.100000381469727,62699012
2025-03-06,7.920000076293945,7.949999809265137,7.900000095367432,7.940000057220459,42773030
2025-03-07,8.0600004196167,8.069999694824219,8.020000457763672,8.029999732971191,44291416
2025-03-10,7.980000019073486,8.0,7.960000038146973,8.0,35148398
2025-03-11,8.170000076293945,8.229999542236328,8.149999618530273,8.180000305175781,54028145
2025-03-12,7.989999771118164,7.989999771118164,7.949999809265137,7.949999809265137,37276400
2025-03-13,7.909999847412109,7.920000076293945,7.860000133514404,7.889999866485596,44142400
2025-03-14,7.929999828338623,7.960000038146973,7.909999847412109,7.940000057220459,23553700
2025-03-17,7.920000076293945,7.929999828338623,7.900000095367432,7.929999828338623,19852332
2025-03-18,8.010000228881836,8.020000457763672,7.96999979019165,7.980000019073486,24815000
2025-03-19,7.960000038146973,7.989999771118164,7.960000038146973,7.96999979019165,10655577
2025-03-20,8.100000381469727,8.119999885559082,8.09000015258789,8.100000381469727,28954300
2025-03-21,8.039999961853027,8.0600004196167,8.020000457763672,8.050000190734863,17409368
2025-03-24,7.909999847412109,7.949999809265137,7.909999847412109,7.949999809265137,27281547
2025-03-25,7.809999942779541,7.809999942779541,7.78000020980835,7.809999942779541,28558000
2025-03-26,7.760000228881836,7.789999961853027,7.75,7.78000020980835,23036300
2025-03-27,7.710000038146973,7.730000019073486,7.699999809265137,7.71999979019165,21058641
2025-03-28,7.730000019073486,7.730000019073486,7.690000057220459,7.699999809265137,18600000
2025-03-31,7.980000019073486,7.989999771118164,7.940000057220459,7.980000019073486,74366370
2025-04-01,8.050000190734863,8.0600004196167,8.010000228881836,8.010000228881836,49095300
2025-04-02,8.09000015258789,8.109999656677246,8.069999694824219,8.100000381469727,46678600
2025-04-07,8.489999771118164,8.59000015258789,8.4399995803833,8.539999961853027,245112494
2025-04-08,7.909999847412109,7.949999809265137,7.869999885559082,7.920000076293945,119874138
2025-04-09,7.269999980926514,7.46999979019165,6.929999828338623,7.389999866485596,267520654
2025-04-10,7.699999809265137,7.739999771118164,7.630000114440918,7.630000114440918,95100250
2025-04-11,7.190000057220459,7.21999979019165,7.059999942779541,7.099999904632568,91757000
2025-04-14,7.289999961853027,7.300000190734863,7.199999809265137,7.21999979019165,56294199
2025-04-15,7.480000019073486,7.489999771118164,7.389999866485596,7.389999866485596,38656025
2025-04-16,7.429999828338623,7.440000057220459,7.400000095367432,7.440000057220459,35814590
2025-04-17,7.489999771118164,7.5,7.449999809265137,7.489999771118164,34506420
2025-04-18,7.360000133514404,7.369999885559082,7.340000152587891,7.360000133514404,23434001
2025-04-21,7.21999979019165,7.300000190734863,7.21999979019165,7.260000228881836,44333275
2025-04-22,7.110000133514404,7.179999828338623,7.090000152587891,7.150000095367432,56657027
2025-04-23,7.409999847412109,7.420000076293945,7.349999904632568,7.369999885559082,42112206
2025-04-24,7.400000095367432,7.400000095367432,7.369999885559082,7.389999866485596,18826499
2025-04-25,7.480000019073486,7.489999771118164,7.420000076293945,7.420000076293945,30848999
2025-04-28,7.590000152587891,7.639999866485596,7.590000152587891,7.599999904632568,34054730
2025-04-29,7.639999866485596,7.650000095367432,7.619999885559082,7.639999866485596,22911400
2025-04-30,7.739999771118164,7.769999980926514,7.730000019073486,7.75,35994700
2025-05-02,7.480000019073486,7.53000020980835,7.460000038146973,7.519999980926514,59105230
2025-05-05,7.159999847412109,7.300000190734863,7.130000114440918,7.300000190734863,121434349
2025-05-06,7.119999885559082,7.170000076293945,7.059999942779541,7.079999923706055,52308000
2025-05-07,7.260000228881836,7.269999980926514,7.199999809265137,7.210000038146973,28474300
2025-05-08,7.230000019073486,7.289999961853027,7.230000019073486,7.269999980926514,21332100
2025-05-09,7.170000076293945,7.179999828338623,7.150000095367432,7.150000095367432,18437000
2025-05-12,7.110000133514404,7.130000114440918,7.099999904632568,7.130000114440918,30297704
2025-05-13,7.059999942779541,7.070000171661377,7.03000020980835,7.050000190734863,63979814
2025-05-14,7.0,7.010000228881836,6.980000019073486,7.010000228881836,70909996
2025-05-15,6.869999885559082,6.889999866485596,6.860000133514404,6.880000114440918,83188538
2025-05-16,7.050000190734863,7.050000190734863,7.019999980926514,7.039999961853027,37916938
2025-05-19,6.829999923706055,6.889999866485596,6.789999961853027,6.849999904632568,78545141
2025-05-20,6.96999979019165,7.010000228881836,6.960000038146973,6.980000019073486,39599100
2025-05-21,6.809999942779541,6.860000133514404,6.789999961853027,6.849999904632568,65404200
2025-05-22,6.599999904632568,6.610000133514404,6.570000171661377,6.599999904632568,85373062
2025-05-23,6.670000076293945,6.699999809265137,6.659999847412109,6.690000057220459,27003045
2025-05-26,6.590000152587891,6.630000114440918,6.570000171661377,6.630000114440918,39248462
2025-05-27,6.820000171661377,6.829999923706055,6.699999809265137,6.699999809265137,43409445
2025-05-28,6.78000020980835,6.829999923706055,6.769999980926514,6.829999923706055,38627368
2025-05-29,6.78000020980835,6.800000190734863,6.760000228881836,6.760000228881836,26665970
2025-06-02,6.849999904632568,6.869999885559082,6.820000171661377,6.840000152587891,49209436
2025-06-03,6.860000133514404,6.860000133514404,6.789999961853027,6.800000190734863,21885999
2025-06-04,6.809999942779541,6.829999923706055,6.789999961853027,6.829999923706055,26699000
2025-06-05,6.980000019073486,7.0,6.949999809265137,6.980000019073486,68821550
2025-06-06,6.989999771118164,7.019999980926514,6.980000019073486,6.980000019073486,35503140
2025-06-09,6.809999942779541,6.829999923706055,6.800000190734863,6.809999942779541,31327100
2025-06-10,6.889999866485596,6.889999866485596,6.849999904632568,6.869999885559082,18533620
2025-06-11,6.889999866485596,6.920000076293945,6.880000114440918,6.900000095367432,17865050
2025-06-12,6.949999809265137,6.980000019073486,6.929999828338623,6.960000038146973,42996360
2025-06-13,7.130000114440918,7.139999866485596,7.079999923706055,7.110000133514404,66074000
2025-06-16,6.909999847412109,6.960000038146973,6.900000095367432,6.949999809265137,27129000
2025-06-17,6.849999904632568,6.869999885559082,6.840000152587891,6.860000133514404,19731360
2025-06-18,6.920000076293945,6.96999979019165,6.920000076293945,6.949999809265137,22160500
2025-06-19,6.96999979019165,6.980000019073486,6.960000038146973,6.96999979019165,27088996
2025-06-20,6.940000057220459,6.96999979019165,6.940000057220459,6.960000038146973,13288470
2025-06-23,6.960000038146973,6.960000038146973,6.909999847412109,6.920000076293945,17767000
2025-06-24,7.019999980926514,7.039999961853027,7.0,7.03000020980835,28277439
2025-06-25,7.090000152587891,7.110000133514404,7.079999923706055,7.090000152587891,29100350
2025-06-26,7.130000114440918,7.139999866485596,7.110000133514404,7.130000114440918,27673400
2025-06-27,7.119999885559082,7.139999866485596,7.119999885559082,7.130000114440918,27556300
2025-06-30,7.059999942779541,7.070000171661377,7.039999961853027,7.070000171661377,23012802
2025-07-01,7.28000020980835,7.28000020980835,7.199999809265137,7.25,38640827
2025-07-02,7.21999979019165,7.25,7.210000038146973,7.25,15320025
2025-07-03,7.179999828338623,7.179999828338623,7.159999847412109,7.170000076293945,17888646
2025-07-04,7.059999942779541,7.059999942779541,7.03000020980835,7.050000190734863,30346165
2025-07-07,7.039999961853027,7.039999961853027,7.0,7.019999980926514,14065079
2025-07-08,6.889999866485596,6.920000076293945,6.880000114440918,6.889999866485596,31477700
2025-07-09,6.869999885559082,6.889999866485596,6.860000133514404,6.889999866485596,24046831
2025-07-10,7.03000020980835,7.050000190734863,7.0,7.010000228881836,30876264
2025-07-11,6.989999771118164,7.050000190734863,6.980000019073486,7.050000190734863,14401623
2025-07-14,6.829999923706055,6.860000133514404,6.800000190734863,6.820000171661377,40088082
2025-07-15,6.809999942779541,6.829999923706055,6.789999961853027,6.809999942779541,34511445
2025-07-16,6.75,6.75,6.71999979019165,6.730000019073486,52719036
2025-07-17,6.699999809265137,6.730000019073486,6.679999828338623,6.71999979019165,42919446
2025-07-18,6.789999961853027,6.789999961853027,6.739999771118164,6.739999771118164,25676726
2025-07-21,6.769999980926514,6.78000020980835,6.760000228881836,6.769999980926514,13500435
2025-07-22,6.860000133514404,6.880000114440918,6.849999904632568,6.860000133514404,44895516
2025-07-23,6.869999885559082,6.900000095367432,6.860000133514404,6.880000114440918,24921429
2025-07-24,6.829999923706055,6.869999885559082,6.829999923706055,6.860000133514404,12760435
2025-07-25,6.900000095367432,6.909999847412109,6.869999885559082,6.869999885559082,24547815
2025-07-28,6.889999866485596,6.920000076293945,6.889999866485596,6.900000095367432,16036507
2025-07-29,6.889999866485596,6.889999866485596,6.849999904632568,6.860000133514404,20014857
2025-07-30,7.070000171661377,7.079999923706055,7.039999961853027,7.050000190734863,64709534
2025-07-31,7.050000190734863,7.050000190734863,7.0,7.010000228881836,32125600
2025-08-01,6.980000019073486,7.010000228881836,6.96999979019165,7.0,35951100
2025-08-04,7.090000152587891,7.139999866485596,7.090000152587891,7.130000114440918,51672737
2025-08-05,7.25,7.260000228881836,7.230000019073486,7.239999771118164,63285626
2025-08-06,7.239999771118164,7.269999980926514,7.239999771118164,7.25,35134600
2025-08-07,7.190000057220459,7.210000038146973,7.170000076293945,7.190000057220459,31630000
2025-08-08,7.210000038146973,7.210000038146973,7.190000057220459,7.210000038146973,20505519
2025-08-11,7.139999866485596,7.150000095367432,7.130000114440918,7.139999866485596,16376700
2025-08-12,7.150000095367432,7.150000095367432,7.110000133514404,7.130000114440918,16300300
2025-08-13,7.110000133514404,7.110000133514404,7.050000190734863,7.070000171661377,32449000
2025-08-14,7.199999809265137,7.21999979019165,7.179999828338623,7.190000057220459,28754345
2025-08-15,7.139999866485596,7.139999866485596,7.090000152587891,7.110000133514404,21205000
2025-08-18,7.03000020980835,7.039999961853027,7.0,7.019999980926514,50135300
2025-08-19,6.96999979019165,6.989999771118164,6.949999809265137,6.980000019073486,54078843
2025-08-20,7.010000228881836,7.039999961853027,7.010000228881836,7.019999980926514,25202680
2025-08-21,7.070000171661377,7.079999923706055,7.039999961853027,7.050000190734863,17931141
2025-08-22,7.03000020980835,7.050000190734863,7.019999980926514,7.03000020980835,13253100
2025-08-25,7.079999923706055,7.110000133514404,7.070000171661377,7.110000133514404,25331652
2025-08-26,6.989999771118164,7.03000020980835,6.96999979019165,7.0,46699002
2025-08-27,7.010000228881836,7.03000020980835,7.0,7.0,24985000
2025-08-28,7.050000190734863,7.059999942779541,7.010000228881836,7.039999961853027,28377000
2025-08-29,7.079999923706055,7.110000133514404,7.070000171661377,7.099999904632568,26788420
2025-09-01,6.980000019073486,7.010000228881836,6.96999979019165,6.989999771118164,43601666
2025-09-02,6.980000019073486,6.980000019073486,6.929999828338623,6.940000057220459,34372000
2025-09-03,6.880000114440918,6.909999847412109,6.869999885559082,6.909999847412109,44892004
2025-09-04,7.059999942779541,7.079999923706055,7.039999961853027,7.070000171661377,39376507
2025-09-05,7.170000076293945,7.190000057220459,7.159999847412109,7.159999847412109,44675000
2025-09-08,7.329999923706055,7.340000152587891,7.309999942779541,7.329999923706055,62091788
2025-09-09,7.510000228881836,7.53000020980835,7.489999771118164,7.5,57613500
2025-09-10,7.420000076293945,7.440000057220459,7.400000095367432,7.429999828338623,42298100
2025-09-11,7.5,7.5,7.480000019073486,7.5,28991324
2025-09-12,7.579999923706055,7.599999904632568,7.559999942779541,7.579999923706055,39005100
2025-09-15,7.519999980926514,7.539999961853027,7.5,7.519999980926514,25446929
2025-09-16,7.610000133514404,7.610000133514404,7.559999942779541,7.579999923706055,33271190
2025-09-17,7.619999885559082,7.619999885559082,7.579999923706055,7.610000133514404,33148944
2025-09-18,7.559999942779541,7.570000171661377,7.519999980926514,7.53000020980835,76796300
2025-09-19,7.360000133514404,7.409999847412109,7.349999904632568,7.409999847412109,66772839
2025-09-22,7.340000152587891,7.360000133514404,7.329999923706055,7.349999904632568,28166000
2025-09-23,7.349999904632568,7.360000133514404,7.329999923706055,7.349999904632568,23913100
2025-09-24,7.460000038146973,7.460000038146973,7.429999828338623,7.440000057220459,18487110
2025-09-25,7.380000114440918,7.400000095367432,7.380000114440918,7.389999866485596,20670002
2025-09-26,7.340000152587891,7.380000114440918,7.340000152587891,7.369999885559082,18879200
2025-09-30,7.46999979019165,7.480000019073486,7.449999809265137,7.46999979019165,24919600
2025-10-01,7.429999828338623,7.440000057220459,7.389999866485596,7.409999847412109,21462100
2025-10-02,7.460000038146973,7.489999771118164,7.449999809265137,7.480000019073486,18573000
2025-10-03,7.480000019073486,7.5,7.46999979019165,7.489999771118164,14875000
2025-10-07,7.389999866485596,7.389999866485596,7.349999904632568,7.369999885559082,23204100
2025-10-08,7.449999809265137,7.449999809265137,7.409999847412109,7.409999847412109,14098000
2025-10-09,7.460000038146973,7.510000228881836,7.449999809265137,7.489999771118164,30674100
2025-10-13,7.619999885559082,7.630000114440918,7.590000152587891,7.610000133514404,72564177
2025-10-14,7.690000057220459,7.699999809265137,7.619999885559082,7.619999885559082,35510950
2025-10-15,7.71999979019165,7.75,7.710000038146973,7.710000038146973,22704010
2025-10-16,7.710000038146973,7.730000019073486,7.699999809265137,7.710000038146973,20999156
2025-10-17,7.880000114440918,7.900000095367432,7.809999942779541,7.809999942779541,31953550
2025-10-20,7.71999979019165,7.78000020980835,7.71999979019165,7.78000020980835,28557000
2025-10-21,7.849999904632568,7.849999904632568,7.820000171661377,7.829999923706055,22906463
2025-10-22,7.909999847412109,7.940000057220459,7.909999847412109,7.909999847412109,22193200
2025-10-23,7.909999847412109,7.960000038146973,7.909999847412109,7.940000057220459,20926006
2025-10-27,7.71999979019165,7.78000020980835,7.71999979019165,7.769999980926514,49779894
2025-10-28,7.860000133514404,7.900000095367432,7.860000133514404,7.889999866485596,25386000
2025-10-29,7.889999866485596,7.900000095367432,7.869999885559082,7.880000114440918,20308997
2025-10-30,7.699999809265137,7.730000019073486,7.679999828338623,7.699999809265137,48282000
2025-10-31,7.630000114440918,7.659999847412109,7.619999885559082,7.650000095367432,36062000
2025-11-03,7.590000152587891,7.619999885559082,7.570000171661377,7.610000133514404,14309583
2025-11-04,7.579999923706055,7.579999923706055,7.550000190734863,7.550000190734863,20562274
2025-11-05,7.650000095367432,7.690000057220459,7.630000114440918,7.650000095367432,26596300
2025-11-06,7.480000019073486,7.480000019073486,7.460000038146973,7.46999979019165,35862100
2025-11-07,7.539999961853027,7.579999923706055,7.539999961853027,7.550000190734863,16616200
2025-11-10,7.449999809265137,7.489999771118164,7.440000057220459,7.480000019073486,21796300
2025-11-11,7.519999980926514,7.519999980926514,7.5,7.510000228881836,11234000
2025-11-12,7.570000171661377,7.590000152587891,7.570000171661377,7.570000171661377,15802415
2025-11-13,7.599999904632568,7.619999885559082,7.599999904632568,7.610000133514404,16709682
2025-11-14,7.5,7.519999980926514,7.489999771118164,7.519999980926514,22379000
2025-11-17,7.429999828338623,7.449999809265137,7.389999866485596,7.420000076293945,17938548
2025-11-18,7.480000019073486,7.5,7.449999809265137,7.460000038146973,17438000
2025-11-19,7.440000057220459,7.46999979019165,7.440000057220459,7.46999979019165,13077000
2025-11-20,7.429999828338623,7.429999828338623,7.400000095367432,7.420000076293945,17342200
2025-11-21,7.5,7.510000228881836,7.46999979019165,7.489999771118164,31157000
2025-11-24,7.53000020980835,7.539999961853027,7.519999980926514,7.519999980926514,29910779
2025-11-25,7.610000133514404,7.619999885559082,7.599999904632568,7.610000133514404,21813500
2025-11-26,7.650000095367432,7.679999828338623,7.639999866485596,7.670000076293945,35607100
2025-11-27,7.670000076293945,7.699999809265137,7.670000076293945,7.690000057220459,36740500
2025-11-28,7.610000133514404,7.670000076293945,7.610000133514404,7.659999847412109,20866524
2025-12-01,7.559999942779541,7.610000133514404,7.550000190734863,7.590000152587891,25334002
2025-12-02,7.480000019073486,7.489999771118164,7.460000038146973,7.46999979019165,21252000
2025-12-03,7.480000019073486,7.489999771118164,7.460000038146973,7.46999979019165,14677340
2025-12-04,7.449999809265137,7.480000019073486,7.449999809265137,7.46999979019165,21747468
2025-12-05,7.440000057220459,7.460000038146973,7.420000076293945,7.449999809265137,17488000
2025-12-08,7.329999923706055,7.369999885559082,7.320000171661377,7.369999885559082,62248102
2025-12-09,7.289999961853027,7.320000171661377,7.269999980926514,7.289999961853027,36923391
2025-12-10,7.320000171661377,7.320000171661377,7.289999961853027,7.300000190734863,21538000
2025-12-11,7.389999866485596,7.409999847412109,7.340000152587891,7.369999885559082,28498600
2025-12-12,7.289999961853027,7.329999923706055,7.28000020980835,7.329999923706055,28716530
2025-12-15,7.21999979019165,7.21999979019165,7.179999828338623,7.199999809265137,37222400
2025-12-16,7.21999979019165,7.230000019073486,7.199999809265137,7.230000019073486,17448100
2025-12-17,7.210000038146973,7.28000020980835,7.210000038146973,7.260000228881836,17101380
2025-12-18,7.28000020980835,7.289999961853027,7.260000228881836,7.269999980926514,17845400
2025-12-19,7.260000228881836,7.300000190734863,7.260000228881836,7.300000190734863,12091608
2025-12-22,7.21999979019165,7.25,7.210000038146973,7.25,17906150
2025-12-23,7.260000228881836,7.269999980926514,7.239999771118164,7.239999771118164,19772000
2025-12-24,7.269999980926514,7.28000020980835,7.269999980926514,7.269999980926514,9700205
2025-12-26,7.28000020980835,7.300000190734863,7.28000020980835,7.300000190734863,18466353
2025-12-29,7.260000228881836,7.309999942779541,7.260000228881836,7.300000190734863,28405792
2025-12-30,7.269999980926514,7.320000171661377,7.269999980926514,7.309999942779541,16496300
2025-12-31,7.260000228881836,7.28000020980835,7.260000228881836,7.269999980926514,10580300
2026-01-02,7.150000095367432,7.199999809265137,7.139999866485596,7.199999809265137,21047504
2026-01-05,7.150000095367432,7.170000076293945,7.139999866485596,7.150000095367432,27970200
2026-01-06,7.150000095367432,7.190000057220459,7.139999866485596,7.170000076293945,22178900
2026-01-07,7.190000057220459,7.210000038146973,7.179999828338623,7.190000057220459,28997200
2026-01-08,7.28000020980835,7.28000020980835,7.239999771118164,7.239999771118164,25811200
2026-01-09,7.21999979019165,7.25,7.21999979019165,7.239999771118164,11071134
2026-01-12,7.210000038146973,7.300000190734863,7.210000038146973,7.28000020980835,14153000
2026-01-13,7.260000228881836,7.28000020980835,7.25,7.260000228881836,21061200
2026-01-14,7.25,7.269999980926514,7.239999771118164,7.260000228881836,19545132
2026-01-15,7.360000133514404,7.369999885559082,7.340000152587891,7.349999904632568,34786600
2026-01-16,7.340000152587891,7.360000133514404,7.329999923706055,7.349999904632568,21305869
2026-01-19,7.190000057220459,7.239999771118164,7.190000057220459,7.239999771118164,36434989
2026-01-20,7.170000076293945,7.199999809265137,7.159999847412109,7.179999828338623,19795970
2026-01-21,7.130000114440918,7.130000114440918,7.079999923706055,7.099999904632568,26920200
2026-01-22,7.199999809265137,7.210000038146973,7.170000076293945,7.190000057220459,25593303
2026-01-23,7.260000228881836,7.269999980926514,7.230000019073486,7.230000019073486,24613000
2026-01-26,7.28000020980835,7.300000190734863,7.260000228881836,7.289999961853027,43018200
2026-01-27,7.28000020980835,7.300000190734863,7.28000020980835,7.28000020980835,25365100
2026-01-28,7.190000057220459,7.21999979019165,7.179999828338623,7.21999979019165,21192000
2026-01-29,7.110000133514404,7.159999847412109,7.110000133514404,7.159999847412109,24026438
2026-01-30,7.110000133514404,7.130000114440918,7.079999923706055,7.119999885559082,24445000
2026-02-02,7.199999809265137,7.199999809265137,7.119999885559082,7.119999885559082,38566003
2026-02-03,7.079999923706055,7.110000133514404,7.070000171661377,7.110000133514404,25046000
2026-02-04,7.110000133514404,7.119999885559082,7.090000152587891,7.099999904632568,13874060
2026-02-05,7.119999885559082,7.119999885559082,7.079999923706055,7.090000152587891,13275400
2026-02-06,7.239999771118164,7.260000228881836,7.21999979019165,7.21999979019165,51854540
2026-02-09,7.190000057220459,7.21999979019165,7.179999828338623,7.179999828338623,19982002
2026-02-10,7.239999771118164,7.260000228881836,7.21999979019165,7.21999979019165,22294000
2026-02-11,7.389999866485596,7.389999866485596,7.369999885559082,7.369999885559082,56781645
2026-02-23,7.5,7.510000228881836,7.480000019073486,7.5,74932620
2026-02-24,7.519999980926514,7.559999942779541,7.510000228881836,7.559999942779541,45296000
2026-02-25,7.539999961853027,7.570000171661377,7.53000020980835,7.570000171661377,31587332
2026-02-26,7.550000190734863,7.570000171661377,7.53000020980835,7.539999961853027,37431200
2026-03-02,7.679999828338623,7.71999979019165,7.630000114440918,7.699999809265137,71576135
2026-03-03,7.539999961853027,7.590000152587891,7.53000020980835,7.579999923706055,25423580
2026-03-04,7.539999961853027,7.590000152587891,7.519999980926514,7.579999923706055,43784320
2026-03-05,7.420000076293945,7.489999771118164,7.420000076293945,7.480000019073486,29552120
2026-03-06,7.440000057220459,7.460000038146973,7.420000076293945,7.440000057220459,29901710
2026-03-09,7.309999942779541,7.360000133514404,7.28000020980835,7.360000133514404,57557712
2026-03-10,7.510000228881836,7.53000020980835,7.489999771118164,7.5,40349000
2026-03-11,7.400000095367432,7.409999847412109,7.380000114440918,7.389999866485596,16611410
2026-03-12,7.179999828338623,7.210000038146973,7.159999847412109,7.179999828338623,38011511
2026-03-13,7.170000076293945,7.199999809265137,7.159999847412109,7.170000076293945,15737100
2026-03-16,7.170000076293945,7.199999809265137,7.159999847412109,7.170000076293945,14515700
2026-03-17,7.179999828338623,7.199999809265137,7.170000076293945,7.199999809265137,17363150
2026-03-18,7.289999961853027,7.289999961853027,7.230000019073486,7.239999771118164,19891868
