Price,Close,High,Low,Open,Volume
Ticker,00697B.TWO,00697B.TWO,00697B.TWO,00697B.TWO,00697B.TWO
Date,,,,,
2021-03-18,34.327510833740234,34.35361434201393,34.30140400609876,34.35361434201393,138000
2021-03-19,34.388427734375,34.44933814477501,34.30141049139755,34.30141049139755,273000
2021-03-22,34.414527893066406,34.423231276200006,34.38842438240179,34.38842438240179,222000
2021-03-23,34.414527893066406,34.466738233763735,34.37972099926819,34.37972099926819,264000
2021-03-24,34.66687774658203,34.69298126090052,34.649474297246854,34.649474297246854,165000
2021-03-25,34.6929931640625,34.74520352998139,34.6494861854816,34.6494861854816,263000
2021-03-26,34.80610275268555,34.849609717252676,34.77999923781899,34.79740268751957,213000
2021-03-29,34.579856872558594,34.719081119902796,34.579856872558594,34.719081119902796,260000
2021-03-30,34.397125244140625,34.41452869144347,34.37972179683778,34.41452869144347,192000
2021-03-31,34.37972640991211,34.37972640991211,34.32751938036659,34.37102634477739,105000
2021-04-01,34.43193817138672,34.43193817138672,34.30141395343097,34.30141395343097,178000
2021-04-07,34.46674728393555,34.46674728393555,34.449343832466695,34.45804389851664,193000
2021-04-08,34.46674728393555,34.475447349985494,34.38843341201019,34.405836863479045,254000
2021-04-09,34.55376052856445,34.56246391380872,34.53635707744481,34.53635707744481,181000
2021-04-12,34.56245803833008,34.56245803833008,34.51024769384671,34.51024769384671,446000
2021-04-13,34.46674728393555,34.518954318973144,34.449343832466695,34.518954318973144,1008000
2021-04-14,34.649471282958984,34.649471282958984,34.623367770911344,34.623367770911344,200000
2021-04-15,34.588565826416016,34.605969276728395,34.536355475478864,34.59726589188784,152000
2021-04-16,34.640769958496094,34.68427691678213,34.61466312802996,34.68427691678213,130000
2021-04-19,34.49285125732422,34.65818238877892,34.47544780562536,34.65818238877892,236000
2021-04-20,34.24919128417969,34.37101206165388,34.21438439936785,34.37101206165388,293000
2021-04-21,34.336212158203125,34.344915540859304,34.31880871225868,34.31880871225868,212000
2021-04-22,34.397125244140625,34.41452869144347,34.344918221600246,34.344918221600246,192000
2021-04-23,34.37102508544922,34.37102508544922,34.336218187448424,34.336218187448424,194000
2021-04-26,34.15349197387695,34.36233007322046,34.14479190778176,34.36233007322046,317000
2021-04-27,34.049068450927734,34.07517196388051,34.040365067031225,34.07517196388051,229000
2021-04-28,33.95336151123047,33.99686848589184,33.935958057492044,33.99686848589184,203000
2021-04-29,33.90984344482422,33.944647021547596,33.90114006111715,33.944647021547596,203000
2021-05-03,33.9881591796875,33.99685924450707,33.88373848564168,33.88373848564168,310000
2021-05-04,34.066471099853516,34.066471099853516,34.00556069148095,34.05776771616126,204000
2021-05-05,34.1099739074707,34.13607741663287,34.057763569778466,34.057763569778466,197000
2021-05-06,34.15349197387695,34.17959549153153,34.13608852231758,34.17959549153153,198000
2021-05-07,34.13608169555664,34.15348514363556,34.12738163120134,34.15348514363556,385000
2021-05-10,33.90984344482422,34.118678182637716,33.89243999677838,34.118678182637716,263000
2021-05-11,33.97945022583008,33.988153608591546,33.90983976057807,33.90983976057807,243000
2021-05-12,34.11867904663086,34.11867904663086,34.022961739639015,34.022961739639015,253000
2021-05-13,33.9272575378418,33.95336105841661,33.9272575378418,33.95336105841661,126000
2021-05-14,33.9881591796875,34.01426269351471,33.97075573067986,33.97075573067986,215000
2021-05-17,34.20569610595703,34.223099554350426,34.109978799477574,34.109978799477574,290000
2021-05-18,34.0229606628418,34.13608141474002,34.0229606628418,34.13608141474002,226000
2021-05-19,33.93594741821289,33.93594741821289,33.93594741821289,33.93594741821289,426000
2021-05-20,33.95336151123047,33.95336151123047,33.90115115001519,33.91855460375361,232000
2021-05-21,34.0229606628418,34.040364110777546,34.00556053427434,34.00556053427434,192000
2021-05-24,33.97945022583008,34.02295718153357,33.96204677967509,34.02295718153357,208000
2021-05-25,34.014251708984375,34.03165515237176,34.014251708984375,34.022951770994354,102000
2021-05-26,33.9881591796875,34.13608351719967,33.9881591796875,34.13608351719967,250000
2021-05-27,34.0229606628418,34.049067494429565,33.98815708633859,34.040364110777546,246000
2021-05-28,33.84893035888672,33.91854082619557,33.840226975868084,33.91854082619557,213000
2021-05-31,33.7445182800293,33.8663391183968,33.7445182800293,33.8663391183968,314000
2021-06-01,33.64879608154297,33.70100642729114,33.587885671187635,33.70100642729114,242000
2021-06-02,33.70100784301758,33.70100784301758,33.640097430103495,33.640097430103495,245000
2021-06-03,33.779319763183594,33.814126659810086,33.76191631487035,33.814126659810086,263000
2021-06-04,33.7706184387207,33.7706184387207,33.73581154339286,33.73581154339286,219000
2021-06-07,33.84893035888672,33.87503386920653,33.83152691221749,33.87503386920653,263000
2021-06-08,33.90114212036133,33.90984550459707,33.848935092420916,33.848935092420916,195000
2021-06-09,34.0229606628418,34.0229606628418,33.93594674253134,33.93594674253134,218000
2021-06-10,34.127376556396484,34.127376556396484,34.10126972847608,34.10126972847608,192000
2021-06-11,34.066471099853516,34.14478495624228,34.066471099853516,34.13608157255003,113000
2021-06-15,34.066471099853516,34.066471099853516,33.996857307788694,34.02296082012885,151000
2021-06-16,34.03166580200195,34.03166580200195,34.02296241790097,34.03166580200195,115000
2021-06-17,33.900638580322266,33.900638580322266,33.83949366223417,33.83949366223417,150000
2021-06-18,34.084083557128906,34.0928171199831,34.02293862070214,34.049142641413866,182000
2021-06-21,34.477149963378906,34.53829488106843,34.33738967549598,34.33738967549598,215000
2021-06-22,34.32865524291992,34.372329711234975,34.32865524291992,34.32865524291992,207000
2021-06-23,34.45967483520508,34.47714528533847,34.433467493931154,34.47714528533847,211000
2021-06-24,34.40726852416992,34.44220942955424,34.38106451120576,34.44220942955424,196000
2021-06-25,34.28498458862305,34.39854088459337,34.258780571148634,34.39854088459337,254000
2021-06-28,34.18016052246094,34.18889408304442,34.13648605524702,34.18889408304442,106000
2021-06-29,34.31991195678711,34.32864551511593,34.24129660323813,34.250030161566954,309000
2021-06-30,34.302452087402344,34.32865610261794,34.25004072482273,34.28498163320914,107000
2021-07-01,34.31991195678711,34.31991195678711,34.250030161566954,34.30244150798207,237000
2021-07-02,34.398536682128906,34.398536682128906,34.32865486786963,34.32865486786963,197000
2021-07-05,34.41600799560547,34.477152918535936,34.40727110253061,34.477152918535936,232000
2021-07-06,34.40726852416992,34.40726852416992,34.38106451120576,34.398534963897916,224000
2021-07-07,34.73920440673828,34.77414531609122,34.63438501082798,34.63438501082798,305000
2021-07-08,34.87896728515625,34.887700847064536,34.81782235535197,34.87896728515625,308000
2021-07-09,34.922637939453125,34.957578847562246,34.87896347039092,34.87896347039092,211000
2021-07-12,34.82656478881836,34.82656478881836,34.74794938302262,34.782890303853975,242000
2021-07-13,34.774139404296875,34.80034341578249,34.721728049177685,34.80034341578249,191000
2021-07-14,34.71299362182617,34.73046074094807,34.69552317055641,34.73046074094807,211000
2021-07-15,34.782875061035156,34.84401997961982,34.782875061035156,34.84401997961982,132000
2021-07-16,34.82656478881836,34.82656478881836,34.80036076426965,34.82656478881836,189000
2021-07-19,35.001251220703125,35.01872167371153,34.98378076769472,34.98378076769472,184000
2021-07-20,35.27204513549805,35.32445317261446,35.21963376623279,35.237104222654544,247000
2021-07-21,35.289512634277344,35.289512634277344,35.21963081444718,35.228367708000235,203000
2021-07-22,35.009986877441406,35.044924450076735,34.9925164250497,35.02745399768503,142000
2021-07-23,34.992523193359375,35.036197666712184,34.975052737588506,34.975052737588506,197000
2021-07-26,35.10607147216797,35.11480836496169,35.01872253712049,35.01872253712049,113000
2021-07-27,35.01873016357422,35.01873016357422,34.966318791842504,34.983789249086406,193000
2021-07-28,35.12354278564453,35.1584836933784,35.11480922478525,35.1584836933784,216000
2021-07-29,35.009986877441406,35.071131794738335,35.009986877441406,35.05366134234663,138000
2021-07-30,34.9837760925293,34.9837760925293,34.966305641855605,34.9837760925293,178000
2021-08-02,35.071128845214844,35.071128845214844,35.03618794337,35.03618794337,194000
2021-08-03,35.184688568115234,35.19342546133644,35.175955007042475,35.184688568115234,437000
2021-08-04,35.044925689697266,35.175952421195746,35.044925689697266,35.175952421195746,214000
2021-08-05,34.913902282714844,34.96631030958422,34.90516539013782,34.95757674915539,237000
2021-08-06,34.85275650024414,34.87022362066928,34.81781559509763,34.87022362066928,157000
2021-08-09,34.71299362182617,34.73919763265688,34.71299362182617,34.73919763265688,204000
2021-08-10,34.695526123046875,34.695526123046875,34.634381204473385,34.678055670290426,186000
2021-08-11,34.599449157714844,34.60818272025511,34.59071226302557,34.60818272025511,907000
2021-08-12,34.590702056884766,34.65184697307257,34.590702056884766,34.65184697307257,196000
2021-08-13,34.6081657409668,34.6081657409668,34.590695292308524,34.590695292308524,194000
2021-08-16,34.87022399902344,34.87022399902344,34.817815972883146,34.83528642564596,228000
2021-08-17,34.887699127197266,34.922640037405436,34.87022867209318,34.87022867209318,148000
2021-08-18,34.87022399902344,34.913901797004556,34.83528642564596,34.8614904387161,195000
2021-08-19,34.957576751708984,34.96631031213845,34.87022448667331,34.87022448667331,199000
2021-08-20,35.175941467285156,35.175941467285156,35.071122114016404,35.071122114016404,189000
2021-08-23,35.01873016357422,35.0973455550973,35.01873016357422,35.0973455550973,247000
2021-08-24,34.9837760925293,34.99251298394002,34.9837760925293,34.99251298394002,184000
2021-08-25,34.87022399902344,34.913901797004556,34.87022399902344,34.913901797004556,190000
2021-08-26,34.782875061035156,34.782875061035156,34.72173014245049,34.76540460827552,250000
2021-08-27,34.782875061035156,34.782875061035156,34.73046370275624,34.782875061035156,197000
2021-08-30,34.75667190551758,34.81781682561086,34.75667190551758,34.81781682561086,224000
2021-08-31,34.75667190551758,34.80034637242018,34.73046455965743,34.79161281189895,194000
2021-09-01,34.57322692871094,34.57322692871094,34.512078694538964,34.56449003862326,118000
2021-09-02,34.616912841796875,34.634383295608146,34.599442387985604,34.60817594881706,206000
2021-09-03,34.63438034057617,34.64311390066248,34.63438034057617,34.63438034057617,206000
2021-09-06,34.44221115112305,34.529560086801766,34.44221115112305,34.529560086801766,200000
2021-09-07,34.41600799560547,34.41600799560547,34.354863072675,34.41600799560547,224000
2021-09-08,34.44221115112305,34.494622511819266,34.34612532258747,34.40727024399224,206000
2021-09-09,34.547027587890625,34.5557644800008,34.547027587890625,34.547027587890625,203000
2021-09-10,34.55576705932617,34.59944152669297,34.55576705932617,34.59944152669297,194000
2021-09-13,34.477149963378906,34.590702906431964,34.450942618549036,34.450942618549036,302000
2021-09-14,34.52955627441406,34.52955627441406,34.47714825165249,34.47714825165249,125000
2021-09-15,34.63438034057617,34.65184746074878,34.58196898361414,34.58196898361414,132000
2021-09-16,34.57322692871094,34.61690138270756,34.57322692871094,34.59943093467946,108000
2021-09-17,34.52939987182617,34.52939987182617,34.50310284562513,34.50310284562513,103000
2021-09-22,34.63459777832031,34.63459777832031,34.52940630992706,34.52940630992706,128000
2021-09-23,34.60830307006836,34.63460010293756,34.60830307006836,34.63460010293756,181000
2021-09-24,34.25766372680664,34.380387672247274,34.240131256889875,34.380387672247274,207000
2021-09-27,34.1963005065918,34.23136544857506,34.17000347209281,34.23136544857506,188000
2021-09-28,34.09986877441406,34.13493036403265,34.09110086902733,34.11739789723529,204000
2021-09-29,34.13492965698242,34.13492965698242,34.038506107558426,34.038506107558426,195000
2021-09-30,34.213829040527344,34.26642644744975,34.18753200905441,34.18753200905441,233000
2021-10-01,34.345314025878906,34.345314025878906,34.26641960324155,34.26641960324155,106000
2021-10-04,34.301490783691406,34.32778781470304,34.301490783691406,34.32778781470304,175000
2021-10-05,34.336551666259766,34.38914907117072,34.31902254193252,34.31902254193252,196000
2021-10-06,34.213829040527344,34.23136150950148,34.18753200905441,34.20506447802855,187000
2021-10-07,34.301490783691406,34.3365523770481,34.301490783691406,34.31025534603646,185000
2021-10-08,34.2050666809082,34.257664091218,34.19629877386819,34.231363714074725,195000
2021-10-12,34.2927131652832,34.3102456289844,34.20505419075277,34.20505419075277,209000
2021-10-13,34.354087829589844,34.38038820686232,34.34532326648353,34.37162029977924,188000
2021-10-14,34.3891487121582,34.41544574235095,34.35408377591697,34.36285168196546,109000
2021-10-15,34.415443420410156,34.415443420410156,34.38914639199162,34.40667885892936,107000
2021-10-18,34.16123580932617,34.222597780241394,34.15246790263736,34.18753284143938,200000
2021-10-19,34.14370346069336,34.1875329623626,34.14370346069336,34.1875329623626,305000
2021-10-20,33.87195587158203,33.90702081120333,33.83689093196073,33.89825290430966,2154000
2021-10-21,33.907020568847656,33.907020568847656,33.863191066622655,33.871955629476986,1034000
2021-10-22,33.81935501098633,33.84565203843023,33.79305463956639,33.828119572142285,716000
2021-10-25,33.88948059082031,33.94207798822316,33.88948059082031,33.93331008333472,229000
2021-10-26,33.88072204589844,33.942084015109465,33.863189576984354,33.91578363975008,232000
2021-10-27,33.86318588256836,33.88948291108226,33.82812094856572,33.88948291108226,233000
2021-10-28,34.02973937988281,34.10863380957865,34.02973937988281,34.02973937988281,184000
2021-10-29,33.95960998535156,34.01220403805264,33.95960998535156,34.01220403805264,194000
2021-11-01,33.968379974365234,33.994677004918096,33.95084750600452,33.968379974365234,359000
2021-11-02,34.05604553222656,34.073578003964464,34.02974849660824,34.02974849660824,189000
2021-11-03,34.152462005615234,34.16999447198895,34.09110004529523,34.09110004529523,557000
2021-11-04,34.00344467163086,34.02974170199853,33.96837973515636,33.99467676552404,497000
2021-11-05,34.1963005065918,34.25766582705097,34.1963005065918,34.25766582705097,87000
2021-11-08,34.31025314331055,34.38914757525691,34.301488581528176,34.38914757525691,193000
2021-11-09,34.1963005065918,34.222600885067706,34.18753594308444,34.21383297758343,185000
2021-11-10,34.2488899230957,34.2488899230957,34.2488899230957,34.2488899230957,183000
2021-11-11,34.108638763427734,34.11740332623303,34.03851222905543,34.03851222905543,241000
2021-11-12,34.09111022949219,34.099878137286346,34.05604528626963,34.05604528626963,184000
2021-11-15,34.06480407714844,34.12616603937682,34.038507048758035,34.09986901098641,195000
2021-11-16,33.933319091796875,33.98591650316304,33.91578662134148,33.98591650316304,192000
2021-11-17,33.89824295043945,33.907010854758525,33.88071382975274,33.88071382975274,198000
2021-11-18,33.98591232299805,34.020977259595945,33.95084738640015,33.95084738640015,224000
2021-11-19,33.968379974365234,34.02097737944738,33.968379974365234,33.98591244272595,133000
2021-11-22,34.00344467163086,34.09987157494753,34.00344467163086,34.06480663847303,284000
2021-11-23,33.81058883666992,33.88071870541176,33.79305636948446,33.88071870541176,181000
2021-11-24,33.80183029174805,33.81936276205426,33.77552991430033,33.77552991430033,182000
2021-11-25,33.75799560546875,33.766763512132734,33.75799560546875,33.75799560546875,172000
2021-11-26,34.02973937988281,34.03850728539133,33.942080388654624,33.950844950186976,253000
2021-11-29,34.108638763427734,34.15246826540751,34.0823417310352,34.15246826540751,253000
2021-11-30,34.18753433227539,34.18753433227539,34.04727791492769,34.091107418353204,613000
2021-12-01,34.117401123046875,34.178766434627775,34.091104092352516,34.178766434627775,249000
2021-12-02,34.2488899230957,34.275186951454835,34.2488899230957,34.275186951454835,171000
2021-12-03,34.2488899230957,34.292719418352966,34.2488899230957,34.292719418352966,106000
2021-12-06,34.345314025878906,34.39791142229576,34.31901699965841,34.31901699965841,199000
2021-12-07,34.2401237487793,34.27518533694787,34.2401237487793,34.27518533694787,171000
2021-12-08,34.16123580932617,34.19629740415157,34.14370333992516,34.19629740415157,180000
2021-12-09,34.02973937988281,34.06480431396455,33.98590988426872,34.06480431396455,175000
2021-12-10,34.082332611083984,34.14369456623141,34.056032241752405,34.12616210133561,895000
2021-12-13,34.09111022949219,34.126175172714746,34.09111022949219,34.11740726492059,106000
2021-12-14,34.36284637451172,34.40667586605547,34.36284637451172,34.40667586605547,186000
2021-12-15,34.336551666259766,34.3803845090071,34.336551666259766,34.345319572399795,114000
2021-12-16,34.310157775878906,34.310157775878906,34.230960050764445,34.266156428835274,108000
2021-12-17,34.486148834228516,34.50374870121909,34.35415486704633,34.35415486704633,244000
2021-12-20,34.62694549560547,34.62694549560547,34.53894951473365,34.547747770088236,181000
2021-12-21,34.47734451293945,34.5301441046212,34.45974464904554,34.52134249425884,174000
2021-12-22,34.28375244140625,34.31895217235069,34.27495418708569,34.29255405255791,222000
2021-12-23,34.19575500488281,34.36294868445455,34.19575500488281,34.3101524471324,409000
2021-12-24,34.14295196533203,34.213351417098764,34.08135412345145,34.213351417098764,305000
2021-12-27,34.09015655517578,34.18695076844261,34.09015655517578,34.18695076844261,451000
2021-12-28,34.1253547668457,34.18695261353575,34.098956648787365,34.16055449547741,307000
2021-12-29,34.1253547668457,34.14295463116156,34.1253547668457,34.1253547668457,234000
2021-12-30,33.95816421508789,33.97576408102285,33.94936596053601,33.95816421508789,219000
2022-01-03,34.002159118652344,34.054958711670075,33.993360864898165,34.010960729237404,190000
2022-01-04,33.650184631347656,33.6765827594268,33.632584760350845,33.650184631347656,193000
2022-01-05,33.63258361816406,33.6413818749476,33.579784006966726,33.58858226375026,181000
2022-01-06,33.43898010253906,33.56217580792911,33.43898010253906,33.526976075865896,196000
2022-01-07,33.45658874511719,33.526984870879176,33.45658874511719,33.51818661397096,118000
2022-01-10,33.36857986450195,33.45657919261904,33.359781610105806,33.45657919261904,187000
2022-01-11,33.41258239746094,33.43898051842106,33.35098454399982,33.35098454399982,199000
2022-01-12,33.47418212890625,33.47418212890625,33.40378265995467,33.40378265995467,181000
2022-01-13,33.447776794433594,33.447776794433594,33.37738069042733,33.42137867503513,185000
2022-01-14,33.447776794433594,33.447776794433594,33.403778809825795,33.447776794433594,183000
2022-01-17,33.11338806152344,33.22778214542393,33.07818833255517,33.21018563777071,217000
2022-01-18,33.04300308227539,33.14859895861897,33.04300308227539,33.14859895861897,225000
2022-01-19,32.998992919921875,33.016592785632234,32.93739506835118,33.00779117436148,1888000
2022-01-20,33.09579086303711,33.13099059484085,33.08698925167058,33.10458911757245,211000
2022-01-21,33.3333854675293,33.37738345578238,33.22778626752431,33.22778626752431,338000
2022-01-24,33.350990295410156,33.394988290208275,33.342188682351434,33.342188682351434,828000
2022-01-25,33.39498519897461,33.430184934287546,33.38618358673062,33.42138332204355,559000
2022-01-26,33.36857986450195,33.421379461372204,33.34218174448239,33.39498134135265,230000
2022-02-07,33.15739059448242,33.15739059448242,33.09579273875039,33.13099247254909,185000
2022-02-08,33.06059265136719,33.157390239862664,33.0517943964273,33.157390239862664,256000
2022-02-09,33.069400787353516,33.0781990440292,33.042999303662455,33.06059917384583,263000
2022-02-10,33.08698654174805,33.10458640620843,33.04298855901253,33.10458640620843,213000
2022-02-11,32.849403381347656,32.884599760528076,32.823001900922854,32.858201636934865,105000
2022-02-14,33.02538299560547,33.11338230272203,33.02538299560547,33.0781825798754,220000
2022-02-15,32.998992919921875,33.016592785632234,32.998992919921875,32.998992919921875,180000
2022-02-16,32.902198791503906,32.902198791503906,32.84060093346573,32.86699905638738,169000
2022-02-17,32.972591400146484,32.998989517574685,32.89339369103107,32.89339369103107,190000
2022-02-18,33.0165901184082,33.051789846985336,33.0165901184082,33.03418998269677,175000
2022-02-21,33.10459518432617,33.19259452996231,33.10459518432617,33.19259452996231,206000
2022-02-22,33.26298141479492,33.28938288957178,33.15738558618007,33.15738558618007,259000
2022-02-23,33.1221923828125,33.1573921182288,33.078194391957894,33.13979225052065,214000
2022-02-24,33.43898010253906,33.518177821265695,33.113390973032345,33.12218922763254,400000
2022-02-25,33.227783203125,33.34218064749788,33.21018669491165,33.34218064749788,184000
2022-03-01,33.50938034057617,33.570978194693815,33.43898087482384,33.43898087482384,214000
2022-03-02,33.88776397705078,33.96696169353293,33.8613658571671,33.89656558823275,149000
2022-03-03,33.59737777709961,33.64137576669266,33.5797779098961,33.64137576669266,1778000
2022-03-04,33.852569580078125,33.91416743462526,33.79097172553099,33.91416743462526,178000
2022-03-07,34.292564392089844,34.36296051837272,34.16936865347073,34.16936865347073,296000
2022-03-08,34.06376266479492,34.16936186849868,34.00216480771678,34.16936186849868,541000
2022-03-09,33.975765228271484,34.00216334964971,33.91416737383476,33.93176724036401,453000
2022-03-10,33.729373931884766,33.79977004142375,33.72057232017282,33.79977004142375,445000
2022-03-11,33.694175720214844,33.702973975492775,33.570980005335024,33.570980005335024,203000
2022-03-14,33.579769134521484,33.623767112616584,33.570970881634686,33.570970881634686,131000
2022-03-15,33.46537399291992,33.46537399291992,33.33338004961461,33.33338004961461,122000
2022-03-16,33.46537399291992,33.56263189815819,33.46537399291992,33.518424679266595,278000
2022-03-17,33.30622100830078,33.35043159428133,33.27085726142818,33.35043159428133,207000
2022-03-18,33.049827575683594,33.12940193201908,32.979093315476426,33.0763512368637,875000
2022-03-21,33.200130462646484,33.25318115403594,33.058665325069526,33.058665325069526,192000
2022-03-22,32.8641471862793,32.926041341614294,32.84646699652037,32.899514311386525,134000
2022-03-23,32.68731689453125,32.71384055081874,32.66078986544922,32.66078986544922,258000
2022-03-24,32.899513244628906,32.952563930569596,32.89067315003608,32.93488036858937,181000
2022-03-25,32.8641471862793,32.88183074883291,32.85530709139984,32.85530709139984,123000
2022-03-28,32.61658477783203,32.66963546666674,32.57237755686716,32.60774468275696,168000
2022-03-29,32.68731689453125,32.78457479797811,32.678473427239055,32.678473427239055,184000
2022-03-30,32.8199462890625,32.926047684824646,32.802262723102146,32.926047684824646,252000
2022-03-31,32.872989654541016,32.9348804351997,32.864146187135724,32.917196873183705,186000
2022-04-01,32.8818359375,32.890679406569625,32.864152372155964,32.864152372155964,171000
2022-04-06,32.36902618408203,32.47512420384392,32.36018271497132,32.395549845823695,236000
2022-04-07,32.4485969543457,32.475120613154715,32.38670616859476,32.40438973206573,250000
2022-04-08,32.377864837646484,32.42207206284447,32.342501081165146,32.35134117708671,204000
2022-04-11,32.271766662597656,32.29829032302592,32.254083098047126,32.254083098047126,189000
2022-04-12,32.28944778442383,32.33365500605831,32.262924126002105,32.262924126002105,220000
2022-04-13,32.33366394042969,32.52817981672339,32.33366394042969,32.52817981672339,149000
2022-04-14,32.52817153930664,32.554695198307876,32.404389966907694,32.404389966907694,197000
2022-04-15,32.271766662597656,32.43091537075736,32.271766662597656,32.4043917103291,178000
2022-04-18,32.28944778442383,32.307131347636584,32.2275569995766,32.2275569995766,355000
2022-04-19,32.3248176574707,32.369024882861446,32.315974188715494,32.33365775343081,650000
2022-04-20,32.156822204589844,32.19218933041909,32.059564294956786,32.059564294956786,244000
2022-04-21,32.271766662597656,32.32481735624925,32.183352212640074,32.32481735624925,2258000
2022-04-22,32.139137268066406,32.15682083022524,32.050722830066825,32.050722830066825,1687000
2022-04-25,32.43975067138672,32.483961262625364,32.24523823567388,32.24523823567388,176000
2022-04-26,32.34249496459961,32.554690954537776,32.34249496459961,32.554690954537776,206000
2022-04-27,32.71384811401367,32.802262570609095,32.68732445159411,32.70500801747226,174000
2022-04-28,32.76689529418945,32.76689529418945,32.64311034633047,32.64311034633047,247000
2022-04-29,32.607749938964844,32.77573875482824,32.572382807374034,32.77573875482824,322000
2022-05-03,32.3248176574707,32.38670844757676,32.315974188715494,32.33365775343081,1469000
2022-05-04,32.30712890625,32.342496030002884,32.289445344373554,32.32481246812644,1907000
2022-05-05,32.40439224243164,32.45743956415923,32.40439224243164,32.45743956415923,248000
2022-05-06,32.31596755981445,32.34249458784355,32.147978788670756,32.147978788670756,438000
2022-05-09,32.23640441894531,32.28061165062374,32.16567352281895,32.183357090049434,564000
2022-05-10,32.43091583251953,32.581221074146534,32.43091583251953,32.54585731733702,260000
2022-05-11,32.55470275878906,32.607753461906874,32.54586266133393,32.54586266133393,970000
2022-05-12,32.92604446411133,32.93488455982913,32.802259514497045,32.802259514497045,283000
2022-05-13,32.89067459106445,33.03213972030968,32.89067459106445,32.97024893706456,755000
2022-05-16,32.92604446411133,32.92604446411133,32.75805229031803,32.81994307872766,3780000
2022-05-17,32.76689529418945,32.97025122076534,32.76689529418945,32.926043997213185,4594000
2022-05-18,32.58121109008789,32.63426176823819,32.53700387802635,32.58121109008789,616000
2022-05-19,32.83763122558594,32.899522022632695,32.802264092189084,32.819947658887514,1257000
2022-05-20,32.872989654541016,32.917196873183705,32.846465997914315,32.917196873183705,1536000
2022-05-23,32.91720199584961,33.00561981968941,32.91720199584961,32.96140922137195,1688000
2022-05-24,32.81110382080078,32.837627481426445,32.793420256118644,32.80226035206216,459000
2022-05-25,32.99678421020508,33.04983491714477,32.99678421020508,33.014467779184976,194000
2022-05-26,32.97909164428711,32.97909164428711,32.91720085613969,32.95256798445107,273000
2022-05-27,32.81110382080078,32.88183470673424,32.78458016017512,32.88183470673424,186000
2022-05-30,32.50164794921875,32.77573815483709,32.50164794921875,32.77573815483709,713000
2022-05-31,32.209861755371094,32.28943607457324,32.20101829057442,32.26291242577039,496000
2022-06-01,32.245243072509766,32.298290393482006,32.06841079941378,32.103777928591995,232000
2022-06-02,32.36902618408203,32.36902618408203,32.21871756435706,32.21871756435706,212000
2022-06-06,32.377864837646484,32.404391871001344,32.3336576124485,32.35134117708671,1630000
2022-06-07,32.21871566772461,32.25408279649501,32.12146112279856,32.12146112279856,205000
2022-06-08,32.3248176574707,32.39554854353687,32.3248176574707,32.39554854353687,181000
2022-06-09,32.29828643798828,32.315970000411724,32.28060287556484,32.307129905597336,155000
2022-06-10,32.30712890625,32.30712890625,32.26292168795617,32.289445344373554,308000
2022-06-13,32.1214599609375,32.1214599609375,31.953467791752022,31.953467791752022,1043000
2022-06-14,31.65285301208496,31.723587264963108,31.617485885645888,31.723587264963108,192000
2022-06-15,31.431814193725586,31.520232011687426,31.40529053473448,31.467181320910324,166000
2022-06-16,31.74127960205078,31.785486835921898,31.599814429985752,31.652861761512796,194000
2022-06-17,31.981603622436523,31.981603622436523,31.89259411686943,31.928195881799272,144000
2022-06-20,31.94599723815918,32.06171230735934,31.94599723815918,31.981602397219977,123000
2022-06-21,31.88368797302246,31.94599529985096,31.839183224644195,31.94599529985096,147000
2022-06-22,31.96379852294922,31.96379852294922,31.91929377367338,31.92819336533066,127000
2022-06-23,32.248626708984375,32.33763958568584,32.230824133644084,32.29313144958808,146000
2022-06-24,32.40885925292969,32.41775884635713,32.3643544948017,32.41775884635713,148000
2022-06-27,32.06171417236328,32.302043916761164,32.06171417236328,32.302043916761164,243000
2022-06-28,32.08841323852539,32.13291798788362,31.954898990450697,31.999403739808926,162000
2022-06-29,32.168521881103516,32.168521881103516,32.10621455535219,32.15071930296105,266000
2022-06-30,32.32874298095703,32.39995329637291,32.310940402103064,32.310940402103064,194000
2022-07-01,32.86280822753906,32.86280822753906,32.57797374418514,32.59577632383162,264000
2022-07-04,32.96072006225586,33.0319303794254,32.96072006225586,33.0319303794254,93000
2022-07-05,32.87171173095703,32.87171173095703,32.755996659186465,32.836106571105326,201000
2022-07-06,33.20995330810547,33.20995330810547,33.147645977332814,33.147645977332814,304000
2022-07-07,32.96961975097656,32.96961975097656,32.92511500494579,32.96071676447372,176000
2022-07-08,32.747093200683594,32.7915979474963,32.684785876046895,32.738190214024335,197000
2022-07-11,32.51566696166992,32.5512721215635,32.48896478949721,32.48896478949721,205000
2022-07-12,32.87171173095703,32.93401906295004,32.836106571105326,32.836106571105326,196000
2022-07-13,32.86280822753906,32.89841338683202,32.86280822753906,32.89841338683202,177000
2022-07-14,32.934017181396484,32.942916773103505,32.88951243187192,32.942916773103505,192000
2022-07-15,33.049739837646484,33.049739837646484,32.95182732890639,32.95182732890639,189000
2022-07-18,33.094234466552734,33.12983962164883,33.04972972042985,33.11203704410078,240000
2022-07-19,32.934017181396484,32.942916773103505,32.8628068657614,32.942916773103505,213000
2022-07-20,32.764896392822266,32.764896392822266,32.69368608019118,32.764896392822266,110000
2022-07-21,32.818302154541016,32.82720514175316,32.7648978132471,32.77379740496451,204000
2022-07-22,33.13874053955078,33.13874053955078,33.076433213385066,33.076433213385066,190000
2022-07-25,33.35236740112305,33.405771739318894,33.35236740112305,33.38796916142209,350000
2022-07-26,33.423583984375,33.459189150466734,33.41468439059983,33.459189150466734,238000
2022-07-27,33.423583984375,33.423583984375,33.3790792245081,33.3790792245081,192000
2022-07-28,33.46807861328125,33.54818851499021,33.423573866886166,33.503683768595124,182000
2022-07-29,33.824127197265625,33.824127197265625,33.71731511474967,33.7707194582602,222000
2022-08-01,33.90423583984375,33.90423583984375,33.85082810283604,33.90423583984375,218000
2022-08-02,34.23357009887695,34.26917525171944,34.15346020272849,34.189065355570975,262000
2022-08-03,33.779624938964844,33.788524531708475,33.726217196017636,33.726217196017636,212000
2022-08-04,33.72621154785156,33.752913717105756,33.69060639184959,33.71731195659835,200000
2022-08-05,33.735111236572266,33.78851556985972,33.735111236572266,33.78851556985972,242000
2022-08-08,33.45918655395508,33.46808614703962,33.379076634213156,33.379076634213156,187000
2022-08-09,33.60159683227539,33.663904157410904,33.5748946630729,33.64610157944439,179000
2022-08-10,33.56599426269531,33.583796842033564,33.52148951209709,33.53038910401881,179000
2022-08-11,33.47698211669922,33.56599161086359,33.45917953876744,33.56599161086359,215000
2022-08-12,33.27225875854492,33.31676350722529,33.25445617997384,33.281158350083125,275000
2022-08-15,33.37907409667969,33.45028441792354,33.361271516368724,33.361271516368724,529000
2022-08-16,33.60159683227539,33.619399410241904,33.5748946630729,33.5748946630729,192000
2022-08-17,33.45918655395508,33.52149389203265,33.45918655395508,33.48588872870396,190000
2022-08-18,33.37907409667969,33.39687667699065,33.29006459061988,33.29006459061988,180000
2022-08-19,33.307861328125,33.36126906513373,33.307861328125,33.36126906513373,185000
2022-08-22,33.13874053955078,33.13874053955078,33.08533280476819,33.129840948167654,80000
2022-08-23,33.16544723510742,33.16544723510742,33.04973555386317,33.04973555386317,111000
2022-08-24,33.201045989990234,33.218848567245324,33.1921463991099,33.1921463991099,172000
2022-08-25,32.99633026123047,33.04973800726599,32.99633026123047,33.023032436500564,185000
2022-08-26,33.10313034057617,33.201042808349044,33.10313034057617,33.201042808349044,182000
2022-08-29,33.12984085083008,33.16544261175259,33.058630537995846,33.06753352484743,223000
2022-08-30,33.33456039428711,33.37016554535008,33.27225307767395,33.27225307767395,374000
2022-08-31,33.12092971801758,33.31675463465476,33.11203012884942,33.31675463465476,283000
2022-09-01,33.040828704833984,33.04973169188632,32.94291622022636,32.951819207278696,178000
2022-09-02,32.978519439697266,32.996322017261214,32.93401469353463,32.93401469353463,175000
2022-09-05,33.33456039428711,33.33456039428711,33.22774833659228,33.22774833659228,219000
2022-09-06,33.290061950683594,33.352369279083426,33.20104905618759,33.334566700184226,287000
2022-09-07,33.183250427246094,33.227758577539475,33.14764866070458,33.227758577539475,196000
2022-09-08,33.40577697753906,33.414679965630775,33.298964888904074,33.31676746959241,217000
2022-09-12,33.174346923828125,33.263356422932,33.156544344908404,33.263356422932,192000
2022-09-13,33.16544723510742,33.209955384580674,33.16544723510742,33.201052396487995,179000
2022-09-14,33.12984085083008,33.16544261175259,32.9518184642391,32.9518184642391,253000
2022-09-15,33.174346923828125,33.192149502747846,33.129842174276185,33.129842174276185,111000
2022-09-16,33.307861328125,33.307861328125,33.19214965784822,33.19214965784822,112000
2022-09-19,33.38797378540039,33.414679353691376,33.30786387151747,33.343469032242105,217000
2022-09-20,33.28935623168945,33.3790110857665,33.28038869421368,33.3790110857665,200000
2022-09-21,33.1190071105957,33.163837957598524,33.11004299326321,33.163837957598524,111000
2022-09-22,33.31624984741211,33.31624984741211,33.2265949991382,33.2265949991382,193000
2022-09-23,32.957618713378906,32.957618713378906,32.90382718045851,32.930722946918706,190000
2022-09-26,33.038307189941406,33.172792853337775,32.85899753222957,32.85899753222957,604000
2022-09-27,32.69761657714844,32.76037564227785,32.69761657714844,32.71554822720149,204000
2022-09-28,32.49140930175781,32.554168369919864,32.428646813483056,32.428646813483056,222000
2022-09-29,32.99348831176758,33.12797400995881,32.948660885741624,33.0652149294998,192000
2022-09-30,32.903831481933594,32.94865890526506,32.78727744518124,32.78727744518124,176000
2022-10-03,32.96658706665039,32.96658706665039,32.86796469369978,32.86796469369978,381000
2022-10-04,33.3252067565918,33.39693335578843,33.28037934215015,33.37003759114594,494000
2022-10-05,33.101070404052734,33.325210924405575,33.101070404052734,33.325210924405575,203000
2022-10-06,32.724517822265625,32.805208550960664,32.71555370579423,32.805208550960664,204000
2022-10-07,32.634864807128906,32.67072469513849,32.5721057279705,32.59003396191864,177000
2022-10-11,32.52726745605469,32.607958170851035,32.50933580608744,32.50933580608744,287000
2022-10-12,32.625892639160156,32.69761924522514,32.590029336127664,32.61692852345844,238000
2022-10-13,32.724517822265625,32.742449475321536,32.65279121004198,32.724517822265625,164000
2022-10-14,32.634864807128906,32.70658800326138,32.634864807128906,32.70658800326138,197000
2022-10-17,32.6617546081543,32.6617546081543,32.59899554046718,32.60795965580276,181000
2022-10-18,32.68865203857422,32.68865203857422,32.66175627108543,32.67968792278224,191000
2022-10-19,32.6617546081543,32.69761790972199,32.65278707270603,32.67968625893814,105000
2022-10-20,32.401756286621094,32.46451536493148,32.401756286621094,32.46451536493148,183000
2022-10-21,32.213478088378906,32.27623716481254,32.213478088378906,32.27623716481254,185000
2022-10-24,32.5810661315918,32.5810661315918,32.34796149558719,32.34796149558719,134000
2022-10-25,32.55416488647461,32.57209653547539,32.527265702917276,32.527265702917276,277000
2022-10-26,32.75141143798828,32.82313804549503,32.733479786111594,32.82313804549503,247000
2022-10-27,32.679691314697266,32.81417358621236,32.679691314697266,32.81417358621236,190000
2022-10-28,33.038307189941406,33.118997903956725,32.94865236108549,32.94865236108549,267000
2022-10-31,32.885894775390625,32.885894775390625,32.77830829190401,32.77830829190401,419000
2022-11-01,32.89485168457031,32.93968251130553,32.832092631275295,32.867955924618705,227000
2022-11-02,32.78728485107422,32.86797559934231,32.78728485107422,32.859011480696495,122000
2022-11-03,32.68865203857422,32.74244699366466,32.68865203857422,32.70658369027103,223000
2022-11-04,32.5810661315918,32.64382520359738,32.572102015639395,32.59899778360952,324000
2022-11-07,32.46452331542969,32.52728240910965,32.42865999900854,32.42865999900854,195000
2022-11-08,32.258304595947266,32.2941679014952,32.2403729431733,32.27623624872123,194000
2022-11-09,32.267276763916016,32.41969070420208,32.25830922618533,32.41969070420208,373000
2022-11-10,32.33003234863281,32.41072307890837,32.33003234863281,32.4017555421482,144000
2022-11-11,32.41072082519531,32.70658453555704,32.41072082519531,32.70658453555704,305000
2022-11-14,32.18658447265625,32.48244822134274,32.13278950920717,32.410725023524016,354000
2022-11-15,32.150718688964844,32.19554611166524,32.14175115235689,32.16865034206762,262000
2022-11-16,32.34796142578125,32.46451203347558,32.34796142578125,32.36588965764737,340000
2022-11-17,32.59900665283203,32.59900665283203,32.50934836835005,32.536247563751566,273000
2022-11-18,32.47348403930664,32.518311465367994,32.45555238485942,32.46451650202634,193000
2022-11-21,32.48244094848633,32.491408483776695,32.34795870014443,32.34795870014443,189000
2022-11-22,32.37486267089844,32.45555340839894,32.36589513333533,32.45555340839894,181000
2022-11-23,32.607967376708984,32.62589903173868,32.500380866644285,32.52727663913208,222000
2022-11-24,32.53623962402344,32.643826119033946,32.52727208770664,32.62589446651336,302000
2022-11-25,32.437618255615234,32.563136407056085,32.4286507190191,32.563136407056085,246000
2022-11-28,32.643829345703125,32.643829345703125,32.518311185765235,32.518311185765235,269000
2022-11-29,32.518310546875,32.59900127955164,32.50037889293427,32.59900127955164,458000
2022-11-30,32.38381576538086,32.42864317759734,32.38381576538086,32.4107149488006,109000
2022-12-01,32.39279556274414,32.51831373251228,32.36589636914124,32.51831373251228,256000
2022-12-02,32.57210159301758,32.6169290124238,32.50037498587733,32.607961476474834,238000
2022-12-05,32.50933837890625,32.56313333306537,32.49141014763267,32.55416921742858,447000
2022-12-06,32.46452331542969,32.46452331542969,32.356936786280336,32.41073176091206,255000
2022-12-07,32.625892639160156,32.643824290676406,32.57210110472423,32.57210110472423,108000
2022-12-08,32.89485168457031,32.89485168457031,32.787265224651975,32.89485168457031,349000
2022-12-09,32.75141143798828,32.82313804549503,32.70658401835301,32.82313804549503,323000
2022-12-12,32.607967376708984,32.634866569310276,32.509344984102384,32.52727663913208,286000
2022-12-13,32.53623962402344,32.554171276544025,32.51830797150285,32.53623962402344,154000
2022-12-14,32.6617546081543,32.67968625893814,32.65278707270603,32.67968625893814,116000
2022-12-15,32.68865203857422,32.68865203857422,32.64382461938862,32.65278873518059,174000
2022-12-16,32.941917419433594,32.96905478965363,32.86955914977251,32.86955914977251,235000
2022-12-19,32.85146713256836,32.89669148022115,32.80624278491557,32.89669148022115,224000
2022-12-20,32.45348358154297,32.70674265390232,32.39921230158193,32.67056180059495,538000
2022-12-21,32.32685852050781,32.36303592842728,32.3087680913498,32.36303592842728,257000
2022-12-22,32.426353454589844,32.43540039513419,32.38112910305868,32.38112910305868,520000
2022-12-23,32.39921188354492,32.480617077238094,32.38112145712466,32.480617077238094,432000
2022-12-26,32.335899353027344,32.47157583536639,32.290675009046424,32.399214124679894,229000
2022-12-27,32.254493713378906,32.26353720189312,32.22735979744002,32.24545022486469,230000
2022-12-28,31.992183685302734,32.01932104823974,31.946959347602117,32.01932104823974,161000
2022-12-29,32.02836990356445,32.02836990356445,31.983145558284253,32.010279475373096,245000
2022-12-30,32.0735969543457,32.091687384063036,32.0735969543457,32.0735969543457,175000
2023-01-03,32.109771728515625,32.12786215480456,32.07359087593775,32.07359087593775,145000
2023-01-04,32.27257537841797,32.281618864476776,32.14594587122298,32.14594587122298,107000
2023-01-05,32.31781005859375,32.36303440416049,32.27258571302702,32.27258571302702,84000
2023-01-06,32.31781005859375,32.3539909152057,32.30876656963896,32.335900486899725,92000
2023-01-09,32.52584457397461,32.688654977157945,32.52584457397461,32.63438714302775,136000
2023-01-10,32.543941497802734,32.55298843889442,32.52585106601643,32.55298843889442,87000
2023-01-11,32.40825653076172,32.516795631213796,32.38111916785186,32.516795631213796,128000
2023-01-12,32.51679992675781,32.52584341532524,32.48966256026304,32.49870949922671,187000
2023-01-13,32.68864822387695,32.68864822387695,32.562018703205574,32.66151431241756,221000
2023-01-16,32.489662170410156,32.688653420468235,32.48061868195124,32.688653420468235,257000
2023-01-17,32.507755279541016,32.507755279541016,32.48966485073457,32.49871179033604,99000
2023-01-30,32.32685852050781,32.417307215901324,32.2816307224145,32.417307215901324,280000
2023-01-31,32.18212890625,32.281621061248465,32.164038482506044,32.281621061248465,144000
2023-02-01,32.24545669555664,32.33590540043405,32.227366264501775,32.33590540043405,86000
2023-02-02,32.13690948486328,32.245452055573665,32.1097755673839,32.245452055573665,329000
2023-02-03,32.200218200683594,32.28162338820155,32.200218200683594,32.26353296315359,131000
2023-02-06,32.05549621582031,32.13690139817069,31.98313797061751,32.13690139817069,270000
2023-02-07,31.983142852783203,31.983142852783203,31.90173765800648,31.965052426122146,205000
2023-02-08,31.928874969482422,31.98314625523913,31.847469766045585,31.98314625523913,224000
2023-02-09,31.992183685302734,32.03740802300335,31.937915860220315,31.992183685302734,118000
2023-02-10,31.974098205566406,31.974098205566406,31.84746866026061,31.910783432913508,107000
2023-02-13,31.874603271484375,31.88364675948302,31.82937548030303,31.82937548030303,198000
2023-02-14,31.928874969482422,31.956012337559002,31.910784540896852,31.956012337559002,138000
2023-02-15,31.901737213134766,31.901737213134766,31.829375507499616,31.829375507499616,351000
2023-02-16,31.775104522705078,31.82032885903726,31.72083324886904,31.80223843442525,267000
2023-02-17,31.666563034057617,31.729881247515053,31.612295208802397,31.729881247515053,187000
2023-02-20,31.775104522705078,31.811281921533407,31.729880186372895,31.757014098093066,105000
2023-02-21,31.784147262573242,31.784147262573242,31.738922927304273,31.738922927304273,195000
2023-02-22,31.63943862915039,31.684662980585028,31.585167337190722,31.684662980585028,134000
2023-02-23,31.576114654541016,31.702744181852015,31.56707116704559,31.702744181852015,403000
2023-02-24,31.738927841186523,31.747971329482205,31.65752264494083,31.738927841186523,153000
2023-03-01,31.720840454101562,31.766064800706232,31.66656916793807,31.738930882822725,324000
2023-03-02,31.603252410888672,31.61229934988019,31.494713295764257,31.512803723351034,226000
2023-03-03,31.53993797302246,31.539937973022457,31.45853277321934,31.45853277321934,228000
2023-03-06,31.720840454101562,31.766064800706232,31.684659596659234,31.72988739366038,154000
2023-03-07,31.693706512451172,31.72988736986637,31.66656914419154,31.720840430314333,146000
2023-03-08,31.76605987548828,31.76605987548828,31.72083553589549,31.738925961811795,216000
2023-03-09,31.820329666137695,31.865554003616964,31.820329666137695,31.865554003616964,86000
2023-03-10,32.31781005859375,32.32685699794494,32.09168488036369,32.09168488036369,339000
2023-03-13,32.39017105102539,32.53489102385626,32.37208062312199,32.49871016804946,304000
2023-03-14,32.61629104614258,32.733873633253076,32.562019771048355,32.69769623358603,154000
2023-03-15,32.40825653076172,32.4534808684171,32.38111916785186,32.4534808684171,54000
2023-03-16,32.901092529296875,32.955852883702185,32.818953738433855,32.818953738433855,212000
2023-03-17,32.627296447753906,32.68205680002351,32.545157660094375,32.627296447753906,784000
2023-03-20,32.9649772644043,32.98323071553813,32.66380402442066,32.66380402442066,683000
2023-03-21,32.9649772644043,32.9649772644043,32.910220392492626,32.910220392492626,235000
2023-03-22,32.572532653808594,32.59991456779505,32.54515422131153,32.59991456779505,221000
2023-03-23,32.73681640625,32.85546210533648,32.73681640625,32.809830215377076,337000
2023-03-24,32.91933822631836,32.9558451206557,32.85545290197254,32.882831331981016,321000
2023-03-27,32.92847442626953,33.02886318704716,32.855460620442294,32.855460620442294,178000
2023-03-28,32.61817169189453,32.61817169189453,32.50865098658718,32.581664790125416,235000
2023-03-29,32.581661224365234,32.59078620806398,32.50864742881768,32.54515432659146,167000
2023-03-30,32.581661224365234,32.59991467325212,32.581661224365234,32.59078620806398,94000
2023-03-31,32.61817169189453,32.63642166128932,32.59078977482281,32.61817169189453,415000
2023-04-06,33.33916473388672,33.357418185253216,33.20226907087277,33.20226907087277,1323000
2023-04-07,33.28440475463867,33.39392197112589,33.275276289062504,33.39392197112589,195000
2023-04-10,33.12925338745117,33.12925338745117,33.0197361669501,33.0197361669501,175000
2023-04-11,33.06536865234375,33.07449711842021,33.019736766430654,33.04711520168056,412000
2023-04-12,33.06536865234375,33.07449711842021,33.06536865234375,33.06536865234375,155000
2023-04-13,33.14750289916992,33.165756347332824,33.120124467670195,33.165756347332824,100000
2023-04-14,32.99235916137695,33.019737597315796,32.96497724394829,33.019737597315796,211000
2023-04-17,32.89196014404297,32.91933857434089,32.85545324931967,32.91021359140461,173000
2023-04-18,32.71855545043945,32.755062346630666,32.663798587641885,32.755062346630666,233000
2023-04-19,32.74593734741211,32.75506233071086,32.69117700315191,32.718555434537386,1299000
2023-04-20,32.83720397949219,32.864582413273176,32.745940212562516,32.773318646343505,861000
2023-04-21,32.99235916137695,32.99235916137695,32.873713469825596,32.873713469825596,27000
2023-04-24,32.91021728515625,32.96497415189785,32.891963835745884,32.96497415189785,198000
2023-04-25,33.17488479614258,33.17488479614258,33.09274601157387,33.110999461643544,118000
2023-04-26,33.40304183959961,33.42129528646692,33.38479187422131,33.39391685691046,183000
2023-04-27,33.247901916503906,33.339165694476094,33.22964846461148,33.26615536839634,168000
2023-04-28,33.17488479614258,33.184013261922225,33.05624259292416,33.129252911713216,167000
2023-05-02,33.1201286315918,33.16576051699135,33.10187518113404,33.16576051699135,165000
2023-05-03,33.3939208984375,33.448681245666855,33.38479591464399,33.448681245666855,528000
2023-05-04,33.594703674316406,33.66771398547632,33.549068313166046,33.66771398547632,1071000
2023-05-05,33.45780944824219,33.45780944824219,33.41217756190579,33.448684463570814,164000
2023-05-08,33.3574104309082,33.503434526405215,33.3574104309082,33.40304230797182,171000
2023-05-09,33.22964859008789,33.2661554940106,33.15663826373245,33.15663826373245,140000
2023-05-10,33.22964859008789,33.22964859008789,33.211395138126534,33.22964859008789,303000
2023-05-11,33.3939208984375,33.4304277965904,33.339160551208145,33.34828901649109,150000
2023-05-12,33.58557891845703,33.631210803157416,33.55820048393473,33.55820048393473,170000
2023-05-15,33.43954849243164,33.49430883263908,33.43954849243164,33.476055385903265,145000
2023-05-16,33.41217803955078,33.43043149064424,33.35741768627042,33.43043149064424,104000
2023-05-17,33.30265808105469,33.33003651470278,33.30265808105469,33.33003651470278,129000
2023-05-18,33.16575622558594,33.17488120888926,33.12924932939415,33.15663124228261,410000
2023-05-19,32.91021728515625,32.96497415189785,32.901088819706324,32.955849167937416,457000
2023-05-22,32.782440185546875,32.782440185546875,32.70942987597323,32.7368083068772,303000
2023-05-23,32.69118118286133,32.71855961774726,32.654674282020295,32.663802747975396,156000
2023-05-24,32.81895065307617,32.864582536712405,32.81895065307617,32.83720410282858,247000
2023-05-25,32.65467834472656,32.72769215549258,32.65467834472656,32.72769215549258,182000
2023-05-26,32.48126983642578,32.526901719078666,32.44476293770768,32.526901719078666,236000
2023-05-29,32.3900032043457,32.4812669615739,32.37174975660223,32.4812669615739,267000
2023-05-30,32.44476318359375,32.50864851608985,32.39913130059504,32.50864851608985,130000
2023-05-31,32.755069732666016,32.77332318487765,32.60904559646302,32.60904559646302,593000
2023-06-01,32.764198303222656,32.83720863081024,32.764198303222656,32.81895517854083,335000
2023-06-02,32.83720397949219,32.90108931264086,32.82807899539504,32.90108931264086,161000
2023-06-05,32.599910736083984,32.61816418276636,32.572528825315935,32.572528825315935,203000
2023-06-06,32.66380310058594,32.70943498638499,32.62729619935081,32.67292808514986,231000
2023-06-07,32.7733154296875,32.7733154296875,32.73680853390292,32.7733154296875,108000
2023-06-08,32.52690124511719,32.536029710408435,32.499522812222295,32.51777626131537,713000
2023-06-09,32.68205261230469,32.70030606072231,32.618167283587645,32.69117759576885,203000
2023-06-12,32.636417388916016,32.65467083741105,32.58166052492023,32.636417388916016,97000
2023-06-13,32.68205261230469,32.718556027650635,32.63641725051597,32.718556027650635,181000
2023-06-14,32.463016510009766,32.4721449754686,32.43563807661224,32.463016510009766,155000
2023-06-15,32.41738510131836,32.48127043450662,32.3900066675204,32.46301698481147,242000
2023-06-16,32.6292610168457,32.647685641085225,32.61083990674394,32.6292610168457,133000
2023-06-19,32.63847351074219,32.656898134092444,32.59241370943534,32.601624264041675,133000
2023-06-20,32.67532730102539,32.67532730102539,32.58320417146417,32.58320417146417,291000
2023-06-21,32.859561920166016,32.88720061222444,32.84114081097717,32.85035136557159,129000
2023-06-26,32.92405319213867,32.96089892838424,32.90562856694692,32.93326374766558,178000
2023-06-27,32.96089553833008,33.062229209393486,32.96089553833008,33.04380458609672,158000
2023-06-28,32.97932052612305,32.97932052612305,32.89641147744007,32.96089590262265,125000
2023-06-29,33.025386810302734,33.08066069165354,33.025386810302734,33.07145013516422,155000
2023-06-30,32.83192825317383,32.85035287734815,32.8135036289995,32.85035287734815,98000
2023-07-03,32.822715759277344,32.868775559923485,32.79507706757963,32.868775559923485,146000
2023-07-04,32.7674446105957,32.7858692352114,32.7305953613643,32.7858692352114,165000
2023-07-05,32.79507827758789,32.79507827758789,32.73059385147657,32.76744309900809,93000
2023-07-06,32.67532730102539,32.68453785691248,32.62005342328866,32.68453785691248,144000
2023-07-07,32.50028610229492,32.509500169765786,32.43580168654728,32.46344037482277,228000
2023-07-10,32.50028610229492,32.509500169765786,32.43580168654728,32.47265092815653,334000
2023-07-11,32.730594635009766,32.77665795259569,32.70295945576841,32.70295945576841,187000
2023-07-12,32.693748474121094,32.739808276968255,32.693748474121094,32.739808276968255,80000
2023-07-13,32.77665710449219,32.88720133273501,32.77665710449219,32.88720133273501,191000
2023-07-14,32.77665710449219,32.86877670900493,32.77665710449219,32.83192746154477,133000
2023-07-17,32.81350326538086,32.81350326538086,32.739808283637934,32.80429271046463,373000
2023-07-18,32.8503532409668,32.87798842046531,32.813503992210265,32.813503992210265,262000
2023-07-19,32.97932052612305,33.01616977312384,32.89641147744007,32.89641147744007,1892000
2023-07-20,32.9885368347168,33.07144588902893,32.9885368347168,33.07144588902893,124000
2023-07-21,32.96089553833008,32.96089553833008,32.87798649056343,32.92404980587413,181000
2023-07-24,33.08986282348633,33.11750151419409,32.97010804892318,32.97010804892318,147000
2023-07-25,32.9885368347168,33.02538257008164,32.9885368347168,33.01617201477489,248000
2023-07-26,32.94247055053711,33.016169042908714,32.93325999605943,32.98853386533813,164000
2023-07-27,32.94247055053711,32.960895173630014,32.88720019539594,32.91483537296653,271000
2023-07-28,32.89641189575195,32.91483651948664,32.767443043746816,32.767443043746816,1568000
2023-07-31,32.89641189575195,32.94247169801984,32.88720134095344,32.89641189575195,344000
2023-08-01,33.053016662597656,33.08065183880835,32.97010761982821,32.97010761982821,516000
2023-08-02,33.0438117980957,33.0438117980957,32.951692175643835,32.99775198686977,311000
2023-08-04,32.822715759277344,32.868775559923485,32.76744189001946,32.813501690665596,848000
2023-08-07,33.06223678588867,33.09908604092652,33.006966417470274,33.09908604092652,1586000
2023-08-08,33.145137786865234,33.145137786865234,33.03459356279074,33.03459356279074,239000
2023-08-09,33.329383850097656,33.39386828012825,33.27410997544091,33.366233099868815,237000
2023-08-10,33.218833923339844,33.27410427438891,33.218833923339844,33.27410427438891,229000
2023-08-11,33.0069580078125,33.043803739324254,32.97931931650683,32.97931931650683,244000
2023-08-14,33.025386810302734,33.04381143741967,32.905632005250105,32.905632005250105,146000
2023-08-15,32.92405319213867,32.970112998049075,32.87798987209033,32.970112998049075,455000
2023-08-16,32.91483688354492,32.97932131026073,32.859563011729506,32.97932131026073,133000
2023-08-17,32.749019622802734,32.77665831648869,32.721384443254564,32.721384443254564,430000
2023-08-18,32.822715759277344,32.85035093683752,32.785866513105425,32.85035093683752,3715000
2023-08-21,32.7674446105957,32.8227184844428,32.758234055356766,32.8227184844428,3844000
2023-08-22,32.62004852294922,32.66610832374147,32.55556409901256,32.66610832374147,3358000
2023-08-23,32.65690231323242,32.712172676218614,32.63847768752434,32.63847768752434,169000
2023-08-24,32.739810943603516,32.95168886526791,32.730596873800984,32.95168886526791,288000
2023-08-25,32.749019622802734,32.77665831648869,32.73059499839136,32.73059499839136,220000
2023-08-28,32.804290771484375,32.81350132585619,32.71216765707876,32.79507670297507,162000
2023-08-29,32.951683044433594,32.96089359847112,32.93325842222118,32.951683044433594,152000
2023-08-30,33.080650329589844,33.08986088319408,33.05301515463994,33.07143977598561,218000
2023-08-31,33.15435028076172,33.163560834773165,33.08065179212073,33.08065179212073,237000
2023-09-01,33.12671661376953,33.13593068331555,33.04380755854482,33.12671661376953,321000
2023-09-04,32.97932052612305,32.97932052612305,32.93326072444086,32.97932052612305,181000
2023-09-05,32.96089553833008,32.97932016162684,32.94247091503331,32.96089553833008,88000
2023-09-06,32.94247055053711,32.951684619152324,32.877986126780726,32.951684619152324,258000
2023-09-07,32.877986907958984,32.877986907958984,32.81350248267045,32.84114117503526,251000
2023-09-08,33.06223678588867,33.0806614134076,33.02538753085082,33.0806614134076,383000
2023-09-11,32.859561920166016,32.97932021471898,32.84114081097717,32.97932021471898,566000
2023-09-12,32.9056282043457,32.9056282043457,32.84114377395413,32.85035432937954,187000
2023-09-13,32.9056282043457,32.95168800974856,32.887203579356985,32.95168800974856,176000
2023-09-14,32.9056282043457,32.95168800974856,32.887203579356985,32.92405282933443,102000
2023-09-15,32.89641189575195,32.89641189575195,32.841141538685555,32.841141538685555,102000
2023-09-18,32.71969985961914,32.89641100190822,32.701098126549056,32.89641100190822,465000
2023-09-19,32.89641189575195,32.89641189575195,32.822008509367784,32.822008509367784,102000
2023-09-20,32.794105529785156,32.794105529785156,32.7662047021942,32.794105529785156,1548000
2023-09-21,32.71039962768555,32.71039962768555,32.580191034525136,32.580191034525136,246000
2023-09-22,32.58949661254883,32.64529827297874,32.56159223441548,32.64529827297874,389000
2023-09-25,32.71039962768555,32.72900136212533,32.67319970672405,32.70110053442469,183000
2023-09-26,32.53368377685547,32.53368377685547,32.4313760261616,32.496480313345415,336000
2023-09-27,32.59878921508789,32.63599267991158,32.58949012284081,32.58949012284081,468000
2023-09-28,32.487186431884766,32.496485525294936,32.44068386899766,32.47788379055647,1689000
2023-10-02,32.449981689453125,32.459284330416494,32.384877394381476,32.459284330416494,546000
2023-10-03,32.35697555541992,32.35697555541992,32.263966888284834,32.27326952895728,295000
2023-10-04,32.07795715332031,32.09655533912136,32.040753685882365,32.07795715332031,361000
2023-10-05,32.236061096191406,32.28256364863637,32.217459365629956,32.217459365629956,270000
2023-10-06,32.18026351928711,32.21746698921343,32.18026351928711,32.18956616072777,315000
2023-10-11,32.21746826171875,32.29187520451027,32.19886652602087,32.28257256270217,350000
2023-10-12,32.51508712768555,32.570892331673804,32.46858456498773,32.47788365836004,449000
2023-10-13,32.3476676940918,32.3476676940918,32.19885739861033,32.226761768206245,105000
2023-10-16,32.449981689453125,32.449981689453125,32.384877394381476,32.39418003534485,141000
2023-10-17,32.26396942138672,32.31977462604914,32.24536768649924,32.31977462604914,160000
2023-10-18,32.05935287475586,32.115154523565366,32.031448502433456,32.105855431403,376000
2023-10-19,31.817535400390625,31.910544065978176,31.808236307790775,31.82683804090829,351000
2023-10-20,31.808237075805664,31.81753616863004,31.761734515847984,31.780332701496732,167000
2023-10-23,31.817535400390625,31.854738866625645,31.79893366727311,31.82683804090829,191000
2023-10-24,32.03144454956055,32.03144454956055,31.947738538758465,31.984941998652104,299000
2023-10-25,32.17096710205078,32.180266196346864,32.143066271244074,32.143066271244074,1332000
2023-10-26,31.975645065307617,31.994246796509653,31.891939048857175,31.891939048857175,284000
2023-10-27,32.15235900878906,32.18025983407958,32.13375727595613,32.16166164916441,199000
2023-10-30,32.161659240722656,32.24536171032611,32.14305750928272,32.24536171032611,373000
2023-10-31,32.124454498291016,32.14305622899002,32.02214675340516,32.10585276759201,448000
2023-11-01,32.05935287475586,32.05935287475586,31.975646853623953,32.02214941027109,124000
2023-11-02,32.44068145751953,32.56158740245483,32.41277708352704,32.56158740245483,477000
2023-11-03,32.45927810668945,32.50578065883597,32.449975467509766,32.45927810668945,115000
2023-11-06,32.53368377685547,32.70109581473316,32.50578295318171,32.70109581473316,419000
2023-11-07,32.496482849121094,32.50578548968329,32.44998029006361,32.48718375647673,678000
2023-11-08,32.59878921508789,32.654594412323426,32.57088839042896,32.654594412323426,157000
2023-11-09,32.84990692138672,32.86850865359506,32.75690180826267,32.75690180826267,115000
2023-11-10,32.6266975402832,32.6266975402832,32.52438977358264,32.52438977358264,3139000
2023-11-13,32.58949661254883,32.61739744276379,32.55229314031662,32.61739744276379,220000
2023-11-14,32.608089447021484,32.608089447021484,32.515080791831295,32.57088598494541,157000
2023-11-15,32.794105529785156,32.905715935985086,32.77550734333656,32.905715935985086,470000
2023-11-16,32.57088851928711,32.701097098767484,32.5429876945178,32.701097098767484,1055000
2023-11-17,32.58949661254883,32.78480951989032,32.58019397053158,32.78480951989032,1225000
2023-11-20,32.41278076171875,32.58949547469256,32.38487993247794,32.58949547469256,3263000
2023-11-21,32.329071044921875,32.533686563837904,32.29187112614267,32.533686563837904,286000
2023-11-22,32.329071044921875,32.33837368555507,32.254667659445595,32.329071044921875,310000
2023-11-23,32.44068145751953,32.50578575030558,32.41277708352704,32.41277708352704,198000
2023-11-24,32.329071044921875,32.35697541890361,32.301170218858005,32.329071044921875,346000
2023-11-27,32.226768493652344,32.31977361726864,32.198864118233026,32.31977361726864,191000
2023-11-28,32.329071044921875,32.45928317836162,32.31977195220654,32.45928317836162,164000
2023-11-29,32.38488006591797,32.44998436636028,32.31047667166315,32.34767659483142,473000
2023-11-30,32.47788619995117,32.533691408306524,32.46858710585114,32.47788619995117,486000
2023-12-01,32.50578689575195,32.50578689575195,32.41277822569596,32.49648425478736,161000
2023-12-04,32.617393493652344,32.65459696138018,32.589492666815445,32.64529432048924,326000
2023-12-05,32.75690460205078,32.75690460205078,32.701099400666216,32.74760196119438,297000
2023-12-06,32.89641189575195,32.924316270074186,32.868511069347626,32.89641189575195,326000
2023-12-07,32.998722076416016,33.119631579564825,32.998722076416016,33.017323811355695,372000
2023-12-08,32.80340576171875,32.998718636347014,32.77550493617694,32.998718636347014,775000
2023-12-11,32.84061050415039,32.84990959705316,32.74760183553302,32.74760183553302,447000
2023-12-12,32.8778076171875,32.88711025721412,32.79410159653609,32.79410159653609,117000
2023-12-13,32.95221710205078,32.970818835629444,32.90571454206307,32.90571454206307,294000
2023-12-14,33.277732849121094,33.46374660501229,33.24983202750847,33.454447513780515,596000
2023-12-15,33.305641174316406,33.380044556759294,33.24983597654595,33.31494026665262,1282000
2023-12-18,33.43706512451172,33.48400021142641,33.38074445258112,33.43706512451172,437000
2023-12-19,33.380733489990234,33.42766856149095,33.37134432714024,33.418279398640955,401000
2023-12-20,33.42767333984375,33.437058923118954,33.3995130091012,33.42767333984375,396000
2023-12-21,33.53093719482422,33.58725786392554,33.50277327935615,33.54032277936863,911000
2023-12-22,33.39012908935547,33.483999260519056,33.36196875418989,33.483999260519056,292000
2023-12-25,33.361961364746094,33.52154133656183,33.35257220115887,33.45583151511809,246000
2023-12-26,33.23054504394531,33.35257553544506,33.22115587941945,33.35257553544506,352000
2023-12-27,33.16483688354492,33.23054671486179,33.127287385387504,33.23054671486179,414000
2023-12-28,33.117889404296875,33.23053786878174,33.03340484639137,33.23053786878174,571000
2023-12-29,33.052188873291016,33.11789870557054,32.977093456793256,33.11789870557054,399000
2024-01-02,32.958316802978516,32.967702386654416,32.826897146013415,32.93015647103373,264000
2024-01-03,33.117889404296875,33.117889404296875,33.04279400888992,33.05217959047218,154000
2024-01-04,33.2023811340332,33.27748012657809,33.2023811340332,33.230545046696065,134000
2024-01-05,33.02402877807617,33.20238352684829,32.995868444300925,33.070963861340694,237000
2024-01-08,32.789344787597656,32.89260410360542,32.779955623824165,32.89260410360542,566000
2024-01-09,32.97709274291992,32.97709274291992,32.836283916273516,32.836283916273516,394000
2024-01-10,33.08973693847656,33.13667201936899,33.07096218993617,33.07096218993617,839000
2024-01-11,33.052188873291016,33.089738371998536,33.033414123937256,33.04280328907278,217000
2024-01-12,33.16483688354492,33.24931788302326,33.16483688354492,33.19299721670437,227000
2024-01-15,33.42767333984375,33.4558336705863,33.26808977682978,33.343188766699164,425000
2024-01-16,33.521541595458984,33.54970550552146,33.40889669795926,33.427671444362,423000
2024-01-17,33.521541595458984,33.559091088264466,33.418282280702265,33.44644619076474,335000
2024-01-18,33.45582962036133,33.48398994769474,33.41828012997245,33.48398994769474,625000
2024-01-19,33.13667297363281,33.221157554039,33.127287389550894,33.221157554039,299000
2024-01-22,33.12728500366211,33.13667058706806,33.0521860127466,33.12728500366211,253000
2024-01-23,33.18360900878906,33.18360900878906,33.089738841605346,33.127288340845766,582000
2024-01-24,33.14605712890625,33.18360304047643,33.117893219082745,33.12728238266281,174000
2024-01-25,33.00525665283203,33.07096649081041,32.93016122982143,33.07096649081041,227000
2024-01-26,33.15544509887695,33.15544509887695,33.10851002034722,33.117895603686385,315000
2024-01-29,33.04280471801758,33.136674887928535,33.00525521768621,33.136674887928535,602000
2024-01-30,33.16483688354492,33.174222467625654,33.08973788723008,33.14606213446621,125000
2024-01-31,33.361961364746094,33.361961364746094,33.20237781201366,33.211766975600874,216000
2024-02-01,33.5778694152832,33.60602974743187,33.49338483792011,33.530934334729736,485000
2024-02-02,33.58725357055664,33.699902056194546,33.559093239605644,33.699902056194546,449000
2024-02-05,33.30563735961914,33.31502652327223,33.22115279132498,33.22115279132498,292000
2024-02-15,32.96770477294922,32.99586868784967,32.91138410498301,32.93954443896612,574000
2024-02-16,32.93016052246094,32.96770644270093,32.90199660613404,32.96770644270093,493000
2024-02-19,32.836280822753906,32.845669986801624,32.76118541495655,32.80812049244451,334000
2024-02-20,32.91138458251953,32.92077016701097,32.83628558291846,32.83628558291846,201000
2024-02-21,32.99586868286133,32.99586868286133,32.93015884963245,32.94893001834012,176000
2024-02-22,32.93016052246094,32.94893169212217,32.80812643415777,32.883221855555284,380000
2024-02-23,32.90199279785156,32.90199279785156,32.85505771729599,32.87383246570164,449000
2024-02-26,33.10850524902344,33.155440320789275,33.07095575924419,33.07095575924419,233000
2024-02-27,33.080345153808594,33.11789106293433,33.06157040878749,33.108505480882016,145000
2024-02-29,33.16483688354492,33.21177196578308,33.155447718546945,33.155447718546945,224000
2024-03-01,33.16483688354492,33.19299721670437,33.14606213446621,33.16483688354492,525000
2024-03-04,33.23054504394531,33.286865707432256,33.20238113128478,33.23054504394531,365000
2024-03-05,33.2023811340332,33.22115588216943,33.1742208022874,33.22115588216943,291000
2024-03-06,33.380733489990234,33.40889381670738,33.35256958235667,33.35256958235667,206000
2024-03-07,33.43706512451172,33.44645429044521,33.38074445258112,33.39013003759702,214000
2024-03-08,33.46522521972656,33.47461080367065,33.399515389366414,33.43706130605994,241000
2024-03-11,33.49338150024414,33.5027670830527,33.46522117090171,33.46522117090171,147000
2024-03-12,33.39951705932617,33.4839980617985,33.39951705932617,33.4839980617985,421000
2024-03-13,33.30563735961914,33.32441210600859,33.25870228410388,33.286862613229694,242000
2024-03-14,33.23992919921875,33.28686427708006,33.22115445189084,33.26808952975216,280000
2024-03-15,33.18360900878906,33.19299817405784,33.05218934236492,33.0615785076337,277000
2024-03-18,33.448543548583984,33.448543548583984,33.448543548583984,33.448543548583984,0
2024-03-19,33.24984359741211,33.24984359741211,33.11737467622838,33.11737467622838,468000
2024-03-20,33.24984359741211,33.24984359741211,33.24984359741211,33.24984359741211,0
2024-03-21,33.410701751708984,33.54317067470663,33.372852456707534,33.448547437203,370000
2024-03-22,33.60940170288086,33.62832634844836,33.467468665878116,33.4958574389829,403000
2024-03-25,33.60940170288086,33.60940170288086,33.60940170288086,33.60940170288086,0
2024-03-26,33.60940170288086,33.60940170288086,33.60940170288086,33.60940170288086,0
2024-03-27,33.69456481933594,33.69456481933594,33.65671552368956,33.666179652354906,218000
2024-03-28,33.72294235229492,33.817565569990556,33.7134818352787,33.7134818352787,292000
2024-03-29,33.72294235229492,33.7702521563894,33.7134818352787,33.7702521563894,193000
2024-04-01,33.76079559326172,33.76079559326172,33.70402165599527,33.72294630175075,350000
2024-04-02,33.628326416015625,33.63778693406485,33.58101660675535,33.58101660675535,357000
2024-04-03,33.52423858642578,33.59993355012058,33.495853426228564,33.59993355012058,810000
2024-04-08,33.4012336730957,33.52424206254944,33.391773155217884,33.48639277202413,512000
2024-04-09,33.42015838623047,33.467468194729676,33.35392393243018,33.401233740929385,322000
2024-04-10,33.4580078125,33.47693245787782,33.43908316712218,33.47693245787782,181000
2024-04-11,33.25930404663086,33.27822508227201,33.17414494821773,33.17414494821773,271000
2024-04-12,33.25930404663086,33.29714972742014,33.20253011118644,33.23091527415516,307000
2024-04-15,33.31607437133789,33.40123346974787,33.31607437133789,33.35392366163277,468000
2024-04-16,33.448543548583984,33.47693232128841,33.35392393158796,33.35392393158796,408000
2024-04-17,33.240379333496094,33.268764496406746,33.21199056107845,33.240379333496094,469000
2024-04-18,33.36338806152344,33.429626132000244,33.34446702368139,33.34446702368139,353000
2024-04-19,33.54317092895508,33.685100372025154,33.3633885810892,33.3633885810892,757000
2024-04-22,33.39177703857422,33.429626333501275,33.335003096183634,33.429626333501275,362000
2024-04-23,33.51477813720703,33.53370278258377,33.486392973895434,33.486392973895434,180000
2024-04-24,33.42015838623047,33.49585696743481,33.35392393243018,33.49585696743481,477000
2024-04-25,33.42015838623047,33.45800767683264,33.410697868333436,33.42015838623047,845000
2024-04-26,33.29715347290039,33.29715347290039,33.249843659461824,33.29715347290039,311000
2024-04-29,33.39177703857422,33.44854737145737,33.37285239111069,33.37285239111069,221000
2024-04-30,33.486392974853516,33.486392974853516,33.39177335747414,33.42015852078655,359000
2024-05-02,33.476932525634766,33.48639304358931,33.43908323480251,33.48639304358931,172000
2024-05-03,33.39177703857422,33.49586079486991,33.39177703857422,33.49586079486991,450000
2024-05-06,33.55263137817383,33.562095506729946,33.49586104486697,33.54317085912517,390000
2024-05-07,33.70402145385742,33.72294609949941,33.590477189512605,33.590477189512605,647000
2024-05-08,33.74187469482422,33.79864863839589,33.70402539910977,33.70402539910977,415000
2024-05-09,33.65671157836914,33.69456086957873,33.63778693276434,33.67563622397394,839000
2024-05-10,33.779720306396484,33.83649063426906,33.73241049666696,33.73241049666696,271000
2024-05-13,33.70402145385742,33.75133126320884,33.69456093578997,33.75133126320884,232000
2024-05-14,33.70402145385742,33.71348558143196,33.67563629014799,33.68509680821544,68000
2024-05-15,33.63779067993164,33.73241391849642,33.63779067993164,33.73241391849642,273000
2024-05-16,33.789180755615234,33.81756952900073,33.751331464105974,33.81756952900073,662000
2024-05-17,33.79864501953125,33.827030183524094,33.78918089186222,33.78918089186222,615000
2024-05-20,33.73241424560547,33.75133528399442,33.722950116903476,33.75133528399442,182000
2024-05-21,33.74187469482422,33.74187469482422,33.69456487993491,33.73241417564936,66000
2024-05-22,33.75133514404297,33.79864856834171,33.75133514404297,33.76079927270572,270000
2024-05-23,33.69456481933594,33.78918444894438,33.685100690670595,33.751335153298,349000
2024-05-24,33.628326416015625,33.65671157967038,33.599937642853796,33.63778693406485,147000
2024-05-27,33.571556091308594,33.63779055330085,33.54317092459976,33.628330034233734,352000
2024-05-28,33.53370666503906,33.57155596017465,33.505321498441106,33.57155596017465,197000
2024-05-29,33.42015838623047,33.42962251363452,33.39177322303235,33.401233740929385,305000
2024-05-30,33.51477813720703,33.51477813720703,33.40123387445363,33.420158519830366,156000
2024-05-31,33.69456481933594,33.704025338493786,33.5147824697694,33.5147824697694,113000
2024-06-03,33.74187469482422,33.85541897246006,33.68510075125255,33.75133521399908,275000
2024-06-04,33.95949935913086,33.95949935913086,33.76079599062024,33.76079599062024,220000
2024-06-05,34.0825080871582,34.13928202564911,34.06358344099456,34.06358344099456,314000
2024-06-06,34.12982177734375,34.20552037060294,34.12036125794015,34.15820694506215,346000
2024-06-07,34.11089324951172,34.17712770632671,34.11089324951172,34.158203060164254,399000
2024-06-11,33.87433624267578,33.90272501303245,33.8364869552047,33.90272501303245,438000
2024-06-12,33.997352600097656,34.006813119432096,33.93111813623389,33.93111813623389,177000
2024-06-13,34.12982177734375,34.13928590625495,34.01627749696256,34.01627749696256,457000
2024-06-14,34.31905746459961,34.3569067533036,34.252823014121056,34.252823014121056,466000
2024-06-17,34.35691452026367,34.385299688455184,34.3285257425645,34.347450391194734,515000
2024-06-18,34.328521728515625,34.366371021350346,34.290676045188135,34.35691050289528,127000
2024-06-19,34.42314529418945,34.4609909778837,34.404220647588694,34.404220647588694,261000
2024-06-20,34.38500213623047,34.43267889185062,34.37546460260447,34.43267889185062,520000
2024-06-21,34.32778549194336,34.394533672733004,34.31825159647472,34.394533672733004,191000
2024-06-24,34.36593246459961,34.423143119269305,34.32778960315083,34.32778960315083,248000
2024-06-25,34.451751708984375,34.46128560549102,34.385003520927526,34.385003520927526,497000
2024-06-26,34.50896072387695,34.51849825743401,34.4422125389906,34.45175007254766,513000
2024-06-27,34.36593246459961,34.46128598071808,34.32778960315083,34.46128598071808,642000
2024-06-28,34.35639572143555,34.47082430841625,34.35639572143555,34.39453858376245,299000
2024-07-01,34.21336364746094,34.28011183427636,34.146615460645506,34.28011183427636,379000
2024-07-02,34.21336364746094,34.21336364746094,34.05125830983535,34.146615460645506,633000
2024-07-03,34.375465393066406,34.375465393066406,34.22289758907165,34.261040449446185,823000
2024-07-04,34.39453887939453,34.480358501615925,34.35639601673978,34.480358501615925,269000
2024-07-05,34.308712005615234,34.365926287504436,34.270569151022436,34.365926287504436,612000
2024-07-08,34.41360855102539,34.47082284208194,34.365931793896635,34.365931793896635,372000
2024-07-09,34.59477615356445,34.59477615356445,34.5280279767524,34.556636936459576,246000
2024-07-10,34.59477615356445,34.651990435475994,34.56617083136009,34.575704726260604,508000
2024-07-11,34.56618118286133,34.65200081267756,34.56618118286133,34.604324048891634,930000
2024-07-12,34.77595520019531,34.77595520019531,34.63292130468328,34.70920701895718,887000
2024-07-15,34.842708587646484,34.87131391602188,34.78549429339207,34.82363715622835,378000
2024-07-16,34.8999137878418,34.918985216278145,34.8427031400358,34.8427031400358,353000
2024-07-17,35.00480651855469,35.03341548134444,34.98573508919592,34.98573508919592,324000
2024-07-18,35.014347076416016,35.014347076416016,34.947598886646446,34.98573811115511,323000
2024-07-19,35.02388381958008,35.03342135461001,34.94760172685973,34.94760172685973,667000
2024-07-22,35.12876892089844,35.13830281680728,34.98573501974325,34.99527255315531,552000
2024-07-23,35.04295349121094,35.06202492280863,35.014348162566215,35.052487388257966,376000
2024-07-26,34.98573303222656,35.06201874517644,34.96666160398909,35.06201874517644,391000
2024-07-29,35.23365783691406,35.271800693253795,35.1859810852409,35.22412030407764,274000
2024-07-30,35.27180480957031,35.309944032858006,35.26226727562083,35.281338706016385,455000
2024-07-31,35.31947708129883,35.414830583663466,35.31947708129883,35.357619937245865,495000
2024-08-01,35.472049713134766,35.62461752026101,35.42437295543971,35.62461752026101,1076000
2024-08-02,35.78671646118164,35.872536073408824,35.71043438225924,35.71043438225924,958000
2024-08-05,36.2253532409668,36.52095130803035,36.13953362593148,36.41606026326459,1154000
2024-08-06,36.053714752197266,36.1109254050616,35.97742903170701,36.006034358139175,817000
2024-08-07,35.815330505371094,36.07278937858306,35.815330505371094,36.053717946770654,1081000
2024-08-08,35.68183135986328,35.834402818113254,35.672297462474546,35.815331385832,451000
2024-08-09,35.46250915527344,35.4911181174538,35.36715564801394,35.42436993487152,696000
2024-08-12,35.48158264160156,35.510191605440795,35.4243719889298,35.47204874532405,491000
2024-08-13,35.53879928588867,35.634152804993455,35.52926175147604,35.58647604544106,418000
2024-08-14,35.56740188598633,35.64368760542167,35.548330456127495,35.64368760542167,326000
2024-08-15,35.59600830078125,35.643685053262935,35.5673993392898,35.615076091771485,460000
2024-08-16,35.44343948364258,35.53879663313312,35.44343948364258,35.510191307037616,804000
2024-08-19,35.14784622192383,35.44344433202166,35.1287747894169,35.44344433202166,836000
2024-08-20,35.09062576293945,35.15737394624166,35.07155433378122,35.14784005041414,1691000
2024-08-21,35.300411224365234,35.30994512110514,35.19552017270867,35.2813397933819,338000
2024-08-22,35.33855438232422,35.34808827914398,35.281340088895,35.300411520038075,211000
2024-08-23,35.300411224365234,35.32901655208847,35.26226836239857,35.30994512110514,331000
2024-08-26,35.300411224365234,35.38623084503847,35.20505406944857,35.38623084503847,1496000
2024-08-27,35.27180480957031,35.32901546325356,35.18598519154203,35.20505298443417,1249000
2024-08-28,35.33855438232422,35.33855438232422,35.26226865775193,35.26226865775193,195000
2024-08-29,35.27180480957031,35.34808689364911,35.26226727562083,35.34808689364911,330000
2024-08-30,35.24319076538086,35.271799725602285,35.157371159722345,35.24319076538086,604000
2024-09-02,35.22412872314453,35.243200155872735,35.166918062463765,35.243200155872735,168000
2024-09-03,35.28133773803711,35.309943064093915,35.185984226178874,35.21458955223568,385000
2024-09-04,35.57693862915039,35.58647252511631,35.5292582368111,35.53879577028025,294000
2024-09-05,35.66276168823242,35.81532950094931,35.634152722564295,35.81532950094931,212000
2024-09-06,35.63414764404297,35.71043335828109,35.61507621548344,35.71043335828109,1135000
2024-09-09,35.719970703125,35.74857966747846,35.61507965467027,35.61507965467027,537000
2024-09-10,35.929752349853516,35.95835767634515,35.82486130271301,35.82486130271301,333000
2024-09-11,36.09185028076172,36.13953066993949,36.063244957257446,36.09185028076172,3735000
2024-09-12,36.0441780090332,36.07278697359629,35.948824493832106,36.07278697359629,248000
2024-09-13,35.967891693115234,35.99649701680975,35.93928273191771,35.967891693115234,221000
2024-09-16,35.77718734741211,35.863006971110075,35.77718734741211,35.863006971110075,297000
2024-09-18,35.873104095458984,35.90187814060732,35.805962217474246,35.892284352919255,613000
2024-09-19,35.69085693359375,35.796366639136956,35.66208288988478,35.66208288988478,1261000
2024-09-20,35.68126678466797,35.729224743807706,35.65248908201794,35.729224743807706,3239000
2024-09-23,35.68126678466797,35.69085691291282,35.642898953773084,35.68126678466797,228000
2024-09-24,35.64289855957031,35.77718230725952,35.63330843143152,35.71004043341492,246000
2024-09-25,35.5469856262207,35.58534980095389,35.4894338756839,35.58534980095389,3175000
2024-09-26,35.46065139770508,35.51819947559951,35.43187369980072,35.47024152436844,460000
2024-09-27,35.24964141845703,35.451067062698264,35.22086737183918,35.451067062698264,424000
2024-09-30,35.25922775268555,35.326373285830456,35.21126979383152,35.24963762449783,601000
2024-10-01,35.4510612487793,35.499019204930065,35.29759359372232,35.29759359372232,3094000
2024-10-04,35.51820755004883,35.5469852544953,35.47984337571682,35.47984337571682,531000
2024-10-07,35.32637405395508,35.36473822649785,35.32637405395508,35.32637405395508,1299000
2024-10-08,35.268821716308594,35.31677967540259,35.17290213916285,35.230453885450295,495000
2024-10-09,35.17289733886719,35.30718472854407,35.163307211940314,35.268816902922104,548000
2024-10-11,35.1153564453125,35.17290453656471,35.096172528575764,35.17290453656471,288000
2024-10-14,35.029029846191406,35.04821376248821,35.000255801225144,35.04821376248821,558000
2024-10-15,35.09617233276367,35.11535624939337,35.029030454038704,35.10576246159954,765000
2024-10-16,35.20167922973633,35.24004705992753,35.182495314640725,35.182495314640725,1148000
2024-10-17,35.23046112060547,35.249645039974354,35.201687071031394,35.211277201236584,57000
2024-10-18,35.048213958740234,35.11535583667607,35.029030042336004,35.11535583667607,394000
2024-10-21,34.8467903137207,34.96189015975717,34.81801260799299,34.96189015975717,352000
2024-10-22,34.62617492675781,34.77964259819602,34.62617492675781,34.77964259819602,386000
2024-10-23,34.606990814208984,34.71249685366612,34.606990814208984,34.674132684298755,317000
2024-10-24,34.61658477783203,34.65495261040861,34.606994649166836,34.65495261040861,123000
2024-10-25,34.74127960205078,34.75086973104663,34.67413772220578,34.712501897147185,198000
2024-10-28,34.52066421508789,34.71249603426898,34.482296387668704,34.71249603426898,299000
2024-10-29,34.53984832763672,34.59740007519351,34.51107428333723,34.520668070742275,225000
2024-10-30,34.55903244018555,34.61658418806991,34.54944231168374,34.578216356147,285000
2024-11-01,34.348018646240234,34.37679269234854,34.31924094117388,34.367202563298456,472000
2024-11-04,34.146583557128906,34.30964499499804,34.12740330228071,34.30964499499804,2150000
2024-11-05,34.36720275878906,34.38638301699833,34.29046709011969,34.29046709011969,237000
2024-11-06,34.25209426879883,34.348013840669985,34.09862661276251,34.328829926295754,671000
2024-11-07,34.319236755371094,34.39597241424478,34.261688670173434,34.261688670173434,3252000
2024-11-08,34.424747467041016,34.463115297603764,34.39597342359781,34.45352151048422,346000
2024-11-11,34.61658477783203,34.626174906497226,34.48230102277191,34.51107506772539,245000
2024-11-12,34.770057678222656,34.789241597396,34.65495782214104,34.65495782214104,440000
2024-11-13,34.549442291259766,34.57821633570602,34.53025837530966,34.53984850380579,359000
2024-11-14,34.549442291259766,34.56862620720988,34.47270662745932,34.53984850380579,238000
2024-11-15,34.53984832763672,34.61658399104578,34.5302581991895,34.56862603089402,743000
2024-11-18,34.62617492675781,34.63576871438652,34.53984913288895,34.53984913288895,332000
2024-11-19,34.63576889038086,34.66454293549739,34.6261751027034,34.6261751027034,164000
2024-11-20,34.63576889038086,34.683726851894384,34.60699484526433,34.63576889038086,300457
2024-11-21,34.779640197753906,34.78923398472047,34.72209211178516,34.72209211178516,480000
2024-11-22,34.731685638427734,34.77964360108045,34.7220955094804,34.77964360108045,166000
2024-11-25,34.76046371459961,34.8467895118801,34.76046371459961,34.77005384364942,537000
2024-11-26,34.952293395996094,35.04821297532584,34.952293395996094,34.971477311862046,440000
2024-11-27,35.0002555847168,35.009845713326925,34.91392979139412,34.95229396479251,223000
2024-11-28,35.1153564453125,35.12494657420187,35.04821456621293,35.076988611839035,287000
2024-11-29,35.17289733886719,35.17289733886719,35.11534925939147,35.11534925939147,201000
2024-12-02,35.307186126708984,35.34555029489294,35.17289873171432,35.17289873171432,229000
2024-12-03,35.42229080200195,35.46065863439965,35.34555513720656,35.34555513720656,214000
2024-12-04,35.086578369140625,35.22086211191402,35.086578369140625,35.22086211191402,3417000
2024-12-05,35.19208526611328,35.20167905309177,35.08657922205343,35.17290135111394,203000
2024-12-06,35.182491302490234,35.24004304121393,35.172897516557654,35.19208142946555,206000
2024-12-09,35.38391876220703,35.39351254864463,35.278409065138156,35.278409065138156,266000
2024-12-10,35.23046112060547,35.307196798081,35.22087099040027,35.297603008917314,306000
2024-12-11,35.22086715698242,35.22086715698242,35.16331540513968,35.17290553430109,376000
2024-12-12,35.0673942565918,35.18249408418226,35.0673942565918,35.18249408418226,1471000
2024-12-13,34.9810676574707,35.05779965442698,34.9810676574707,35.03861574044854,262000
2024-12-16,34.865970611572266,34.89474831733243,34.79882872972878,34.89474831733243,470000
2024-12-17,34.856300354003906,34.972358031742004,34.83695679281305,34.972358031742004,194000
2024-12-18,34.894981384277344,34.894981384277344,34.85629426864978,34.87563782646356,212000
2024-12-19,34.72089767456055,34.759581105930295,34.70155411417222,34.759581105930295,259000
2024-12-20,34.68220901489258,34.69187894995422,34.61450840124085,34.69187894995422,311000
2024-12-23,34.73056411743164,34.76925123431779,34.66286350758415,34.682207066027225,338000
2024-12-24,34.6531982421875,34.672538113829866,34.61451112008871,34.672538113829866,262000
2024-12-25,34.6531982421875,34.66286817800869,34.585493933811094,34.61451112008871,329000
2024-12-26,34.604835510253906,34.62417907019394,34.575822015047265,34.604835510253906,476000
2024-12-27,34.71122360229492,34.72089722706786,34.6628665466508,34.6628665466508,553000
2024-12-30,34.68220901489258,34.69187894995422,34.604834776772464,34.604834776772464,649000
2024-12-31,34.99169921875,35.0013691539858,34.8853114841222,34.8853114841222,443000
2025-01-02,34.875640869140625,34.97235497724081,34.76925313658638,34.97235497724081,434000
2025-01-03,35.03038787841797,35.04005781407885,34.89498664272383,34.89498664272383,389000
2025-01-06,34.885311126708984,34.90465468638921,34.84662400734855,34.90465468638921,453000
2025-01-07,34.69187927246094,34.88531118015269,34.672535712751085,34.88531118015269,664000
2025-01-08,34.624176025390625,34.69187663452383,34.51778829977944,34.51778829977944,863000
2025-01-09,34.77892303466797,34.80794021859257,34.730565980669276,34.80794021859257,345000
2025-01-10,34.78860092163086,34.79827085785273,34.7305702360781,34.77892729600181,241000
2025-01-13,34.662864685058594,34.662864685058594,34.59516407291135,34.64352112595843,364000
2025-01-14,34.71122360229492,34.71122360229492,34.67253648201688,34.6918800421559,392000
2025-01-15,34.6531982421875,34.66286817800869,34.537136875891115,34.57582399798991,344000
2025-01-16,34.856300354003906,34.88531385108667,34.79826967043133,34.82728316751409,413000
2025-01-17,34.94334411621094,34.95301405198704,34.856299936597956,34.856299936597956,312000
2025-01-20,34.80793762207031,34.943338838929,34.78859406403244,34.943338838929,483000
2025-01-21,34.894981384277344,34.914321252684715,34.75957647958087,34.788593661004754,867000
2025-01-22,34.865970611572266,34.88531417294159,34.74991293276341,34.74991293276341,404000
2025-02-03,35.455936431884766,35.484949929326426,35.27217813240909,35.27217813240909,1093000
2025-02-04,35.243160247802734,35.28184736989707,35.12710257092675,35.28184736989707,634000
2025-02-05,35.22381591796875,35.252833103609696,35.12710180425079,35.252833103609696,1023000
2025-02-06,35.35921859741211,35.40757565120093,35.28184435982462,35.28184435982462,436000
2025-02-07,35.30118942260742,35.36889003867631,35.25283236675919,35.25283236675919,453000
2025-02-10,35.243160247802734,35.26250380884991,35.20447681511543,35.2141467509355,665000
2025-02-11,35.22381591796875,35.262503039218714,35.22381591796875,35.24315947859373,488000
2025-02-12,35.107757568359375,35.17545818454117,35.107757568359375,35.17545818454117,576000
2025-02-13,34.91432571411133,34.97235639496795,34.88531221838645,34.962686459528626,747000
2025-02-14,35.088409423828125,35.09808304739418,34.972351766880315,34.972351766880315,473000
2025-02-17,35.107757568359375,35.16578824911815,35.06907044785353,35.09808763293635,609000
2025-02-18,35.136775970458984,35.16578946713986,35.117432409536065,35.117432409536065,834000
2025-02-19,35.04973220825195,35.078745705278216,35.020715021818646,35.078745705278216,597000
2025-02-20,35.117431640625,35.146445136670614,35.08841445517246,35.09808808012561,646000
2025-02-21,35.16579055786133,35.194804055442106,35.11743349875766,35.13677706028055,521000
2025-02-24,35.29151916503906,35.34954615576448,35.27217560499498,35.27217560499498,706000
2025-02-25,35.47527313232422,35.47527313232422,35.43658601694611,35.44625964049383,654000
2025-02-26,35.63969039916992,35.7557517536429,35.59133334617618,35.59133334617618,688000
2025-02-27,35.74607849121094,35.78476560976017,35.72673493193631,35.78476560976017,365000
2025-03-03,35.96852493286133,35.99754211731892,35.89115438292361,35.92984150259587,3024000
2025-03-04,36.29735565185547,36.3843998206127,36.23932866562168,36.23932866562168,1064000
2025-03-05,35.949180603027344,35.97819778686341,35.881479989754375,35.97819778686341,760000
2025-03-06,35.726741790771484,35.765428916747894,35.66871479121427,35.71707185398108,415000
2025-03-07,35.949180603027344,35.97819778686341,35.920167108597994,35.920167108597994,295000
2025-03-10,35.910499572753906,35.94918300477523,35.83312532989734,35.93951306912164,956000
2025-03-11,36.22966003417969,36.29736065371945,36.19097291175495,36.200646537064664,873000
2025-03-12,36.026554107666016,36.07491116053323,36.0072105486378,36.01688417285523,581000
2025-03-13,35.99754333496094,36.01688689545138,35.929842717947864,35.96852614952182,280000
2025-03-14,36.06523895263672,36.13293956026518,36.03622177121994,36.05556532902899,722000
2025-03-17,35.98786926269531,36.06524350369533,35.93951220677374,36.06524350369533,564000
2025-03-18,36.074913024902344,36.09425658493024,35.99754247419758,35.99754247419758,369000
2025-03-19,36.074913024902344,36.09425658493024,36.02655596953601,36.06524308959181,157000
2025-03-20,36.21998596191406,36.27801294951736,36.200642402910745,36.23932952091737,416000
2025-03-21,36.24922180175781,36.26871107634768,36.23947530586336,36.26871107634768,132000
2025-03-24,36.19075393676758,36.22973248590291,36.181011158083265,36.21998599001955,355000
2025-03-25,36.0640754699707,36.09331124038872,36.044589912624076,36.09331124038872,398000
2025-03-26,36.08356475830078,36.15177536063715,36.064075483747665,36.15177536063715,381000
2025-03-27,36.0543327331543,36.09331128229088,36.034843458586,36.083564786407216,877000
2025-03-28,36.09330749511719,36.13228604016386,36.07381822259385,36.07381822259385,692000
2025-03-31,36.51232147216797,36.522064250873846,36.463596427041416,36.473342922946344,951000
2025-04-01,36.68771743774414,36.68771743774414,36.60001756965173,36.60001756965173,1549000
2025-04-02,36.62925338745117,36.638996166153014,36.58053205954386,36.58053205954386,534000
2025-04-07,37.22365951538086,37.408802029719936,37.10672759670348,37.10672759670348,2085000
2025-04-08,36.41487121582031,36.609760223946346,36.35640711542156,36.43436048835278,1573000
2025-04-09,35.849700927734375,36.1225433373057,35.70353322706457,36.03484346034362,2862000
2025-04-10,36.103050231933594,36.17126082708877,35.97637181927456,35.99586109177584,1289000
2025-04-11,35.508644104003906,35.55736914889677,35.36248012092241,35.54762265303859,970000
2025-04-14,35.20656967163086,35.45992280617156,35.12861257349586,35.45992280617156,1463000
2025-04-15,35.45991897583008,35.489151025873575,35.27477646355688,35.27477646355688,544000
2025-04-16,35.596343994140625,35.60609049000248,35.53787988776562,35.576854719615945,367000
2025-04-17,35.70353317260742,35.7132796684767,35.65481184485815,35.67430111939767,341000
2025-04-18,35.693790435791016,35.703533214472685,35.56711200973513,35.66455466534794,229000
2025-04-21,35.47941207885742,35.645069053786166,35.47941207885742,35.645069053786166,625000
2025-04-22,35.32350540161133,35.40146250813268,35.30401612498099,35.40146250813268,551000
2025-04-23,35.528133392333984,35.5476226668589,35.45018001143335,35.47941206462121,542000
2025-04-24,35.58660125732422,35.606090531871814,35.54762270822902,35.54762270822902,307000
2025-04-25,35.7230224609375,35.7230224609375,35.654811858622374,35.68404391184342,600000
2025-04-28,35.8302116394043,35.927654295014044,35.81072236484253,35.8302116394043,424000
2025-04-29,35.7230224609375,35.89842221466183,35.7132796822635,35.869190161440784,345000
2025-04-30,35.518394470214844,35.76200485242866,35.518394470214844,35.752258355508424,578000
2025-05-02,34.74858093261719,35.50864405167822,34.56343840077384,35.498901273033425,1475000
2025-05-05,32.65353012084961,34.40752763837338,32.49761964342516,34.397781142609915,2153000
2025-05-06,33.014076232910156,33.121265383480484,32.64378745381238,32.64378745381238,1042000
2025-05-07,33.3064079284668,33.3843613088787,33.18947599924943,33.18947599924943,649000
2025-05-08,33.325897216796875,33.452575641868044,33.296661446581055,33.384361322830486,264000
2025-05-09,33.140750885009766,33.32589713284717,33.08228677912343,33.32589713284717,737000
2025-05-12,33.13100814819336,33.16024020117338,33.03356549346063,33.12126536959969,408000
2025-05-13,33.140750885009766,33.1992187080951,33.00432968167631,33.131008106428375,436000
2025-05-14,33.02381896972656,33.1407508987467,33.0043296953567,33.1407508987467,554000
2025-05-15,32.74123001098633,32.867908435573554,32.68276590517607,32.867908435573554,534000
2025-05-16,32.945865631103516,32.96535490549802,32.88739780792002,32.96535490549802,251000
2025-05-19,32.8094367980957,32.89713666381399,32.7996940206597,32.89713666381399,337000
2025-05-20,32.89714431762695,32.97510142404665,32.858169481616535,32.858169481616535,141000
2025-05-21,32.789955139160156,32.85816574091231,32.74123009459519,32.85816574091231,269000
2025-05-22,32.468387603759766,32.6437873555836,32.43915555085546,32.6437873555836,482000
2025-05-23,32.59506607055664,32.68276594658214,32.59506607055664,32.6048088491377,154000
2025-05-26,32.41967010498047,32.59506987751738,32.41967010498047,32.59506987751738,561000
2025-05-27,32.59506607055664,32.59506607055664,32.46838764580893,32.5171089731122,930000
2025-05-28,32.624298095703125,32.7119979716539,32.59506604278587,32.68276591873664,355000
2025-05-29,32.624298095703125,32.673019422964884,32.5463447155241,32.5463447155241,492000
2025-06-02,32.88739776611328,32.936119093438094,32.63404463370486,32.63404463370486,390000
2025-06-03,32.89714431762695,32.90689081452913,32.80944443150451,32.887401537924205,281000
2025-06-04,32.8581657409668,32.887397793946626,32.809440696401744,32.809440696401744,370000
2025-06-05,32.99458694458008,33.00432972317372,32.91662984703495,33.00432972317372,473000
2025-06-06,32.906883239746094,32.92637251186481,32.85816191804858,32.8776511901673,479000
2025-06-09,32.68276596069336,32.721744509432405,32.65353019053957,32.721744509432405,683000
2025-06-10,32.711997985839844,32.711997985839844,32.63404460562702,32.68276593290991,576000
2025-06-11,32.7022590637207,32.741233899823776,32.6730232901441,32.71200184344661,406000
2025-06-12,32.65353012084961,32.90688696991371,32.56583024497342,32.90688696991371,533000
2025-06-13,32.74123001098633,32.74123001098633,32.6145553035981,32.66327663083965,315000
2025-06-16,32.40991973876953,32.58531949036615,32.40991973876953,32.56583021605553,755000
2025-06-17,32.32221984863281,32.4196662201427,32.30273429152982,32.35145561868527,351000
2025-06-18,32.47813415527344,32.56583031413688,32.47813415527344,32.56583031413688,200000
2025-06-19,32.556087493896484,32.59506604258525,32.47813411371794,32.47813411371794,413000
2025-06-20,32.52659225463867,32.70357750642196,32.46759467012454,32.70357750642196,235000
2025-06-23,32.65441131591797,32.65441131591797,32.53641991009863,32.54625096438392,291000
2025-06-24,32.624916076660156,32.69374471282734,32.59541916141118,32.65441299190913,391000
2025-06-25,32.66424560546875,32.7134083778775,32.59541697392068,32.7134083778775,784000
2025-06-26,32.4380989074707,32.644584834297696,32.38893237651978,32.644584834297696,692000
2025-06-27,32.18244171142578,32.44792518577856,32.15294479790185,32.44792518577856,873000
2025-06-30,32.3889274597168,32.398762264765885,32.182441564235404,32.182441564235404,400000
2025-07-01,32.5855827331543,32.61507964693448,32.44792546767452,32.477422381454716,364000
2025-07-02,32.428260803222656,32.51675529870354,32.39876388835547,32.51675529870354,368000
2025-07-03,32.172611236572266,32.320099557727005,32.172611236572266,32.320099557727005,458000
2025-07-04,32.015289306640625,32.12344591251118,31.97595758584442,32.12344591251118,446000
2025-07-07,32.21194076538086,32.22177557112843,32.093949352565666,32.113615213181426,290000
2025-07-08,32.09394836425781,32.1431111388436,32.08411730969237,32.13328008427815,392000
2025-07-09,32.103782653808594,32.12344476262353,32.093947848521914,32.093947848521914,357000
2025-07-10,32.398765563964844,32.42826248035757,32.31027106390717,32.31027106390717,168000
2025-07-11,32.3692626953125,32.41842922046264,32.35943164081002,32.398763360578435,577000
2025-07-14,32.2807731628418,32.30043527258418,32.23160663584767,32.24144144159825,1896000
2025-07-15,32.32993698120117,32.39876562015657,32.28077420350153,32.28077420350153,246000
2025-07-16,32.27093505859375,32.290600917205424,32.24143814611574,32.28076986333909,347000
2025-07-17,32.359432220458984,32.398763940931936,32.32993530554393,32.3496011657804,392000
2025-07-18,32.44792556762695,32.44792556762695,32.349600020804,32.37909693467505,238000
2025-07-21,32.50692367553711,32.516754730027806,32.44792609595521,32.44792609595521,412000
2025-07-22,32.54624938964844,32.54624938964844,32.47742076034413,32.50692142353096,118000
2025-07-23,32.51675796508789,32.6347493851113,32.49709210327072,32.6347493851113,233000
2025-07-24,32.398765563964844,32.45775939675029,32.36926489669262,32.45775939675029,234000
2025-07-25,32.56591796875,32.58558382889114,32.44792655878245,32.44792655878245,312000
2025-07-28,32.65441131591797,32.65441131591797,32.565916823833675,32.565916823833675,452000
2025-07-29,32.83140182495117,32.86089874005621,32.71341041365169,32.71341041365169,752000
2025-07-30,33.057552337646484,33.07721819726293,32.93956093082701,32.96905784481208,430000
2025-07-31,33.195213317871094,33.24437984785242,33.03789017421785,33.057556036034455,492000
2025-08-01,33.214874267578125,33.323034616133945,33.1362145828242,33.16571149574704,411000
2025-08-04,33.40169906616211,33.47052769899174,33.40169906616211,33.41153012047527,879000
2025-08-05,33.57868576049805,33.62784853046889,33.51968818600568,33.62784853046889,282000
2025-08-06,33.58852005004883,33.59835110463855,33.55902313540038,33.5786889954591,426000
2025-08-07,33.460693359375,33.6081854322788,33.40169953091686,33.6081854322788,714000
2025-08-08,33.49019241333008,33.49019241333008,33.40169792402095,33.411528977997946,255000
2025-08-11,33.48036193847656,33.50002779985297,33.42136810522686,33.42136810522686,574000
2025-08-12,33.53935623168945,33.54918728597326,33.500024512795896,33.500024512795896,494000
2025-08-13,33.58852005004883,33.58852005004883,33.49019450063449,33.53935727534166,586000
2025-08-14,33.6573486328125,33.67701449284084,33.62785171820963,33.62785171820963,479000
2025-08-15,33.647518157958984,33.667184018326154,33.627852297591815,33.627852297591815,630000
2025-08-18,33.58852005004883,33.647517630225,33.568854189990105,33.647517630225,1347000
2025-08-19,33.598350524902344,33.61801638462174,33.578688416062164,33.588519470482254,616000
2025-08-20,33.77533721923828,33.80483788225483,33.67701167819368,33.67701167819368,991000
2025-08-21,34.12931823730469,34.139153042820865,33.863834751557306,33.863834751557306,595000
2025-08-22,34.16864776611328,34.26697330969292,34.07032222253364,34.09981913543172,685000
2025-08-25,34.16864776611328,34.32597088636813,34.129316048329805,34.31613983236179,844000
2025-08-26,34.148983001708984,34.21781163459652,34.13915194738755,34.16864886123102,875000
2025-08-27,34.35546875,34.35546875,34.29647492257128,34.29647492257128,398000
2025-08-28,34.384971618652344,34.56196061404174,34.35547095216785,34.56196061404174,280000
2025-08-29,34.44396209716797,34.512790727466516,34.43413104321633,34.47346276078094,395000
2025-09-01,34.493133544921875,34.53246151722318,34.44396701550599,34.44396701550599,494000
2025-09-02,34.5324592590332,34.5324592590332,34.493131289303676,34.512793398728775,345000
2025-09-03,34.542293548583984,34.58162151772597,34.53245874313903,34.552124603149664,495000
2025-09-04,34.64061737060547,34.67011428371109,34.591454598469745,34.591454598469745,569000
2025-09-05,34.709449768066406,34.85694185135691,34.67011804573834,34.85694185135691,457000
2025-09-08,34.709449768066406,34.90610462882725,34.68978390690238,34.72911562923044,710000
2025-09-09,34.67011642456055,34.768445725782826,34.67011642456055,34.768445725782826,1650000
2025-09-10,34.44396209716797,34.63078588016034,34.44396209716797,34.60128521654737,1012000
2025-09-11,34.64061737060547,34.65045217556006,34.47346319516819,34.47346319516819,413000
2025-09-12,34.611122131347656,34.66028490586097,34.58162146593626,34.65045385131001,707000
2025-09-15,34.58162307739258,34.630789605076245,34.522629245579274,34.630789605076245,459000
2025-09-16,34.42430114746094,34.6602877356224,34.40463903675376,34.58162428927539,885000
2025-09-17,34.39480209350586,34.404636899127965,34.32597345766847,34.404636899127965,318000
2025-09-18,34.36530303955078,34.41446581196348,34.29647440799719,34.33580237539988,513000
2025-09-19,34.27606964111328,34.325643761640286,34.20666511592288,34.325643761640286,434000
2025-09-22,34.35538864135742,34.4148760685508,34.325641145498075,34.34547154865008,357000
2025-09-23,34.30581283569336,34.33556033336791,34.246325404870056,34.33556033336791,509000
2025-09-24,34.46445083618164,34.50411164323468,34.42479381139133,34.46445083618164,1641000
2025-09-25,34.51403045654297,34.54377417218401,34.434708838482955,34.434708838482955,534000
2025-09-26,34.573516845703125,34.6230909643649,34.51402941621412,34.51402941621412,682000
2025-09-30,34.65283966064453,34.68258337641841,34.523943921852826,34.60326554026709,498000
2025-10-01,34.62309265136719,34.65284014982394,34.553688125406424,34.65284014982394,899000
2025-10-02,34.67266845703125,34.69249886071503,34.65283805334747,34.68258176774175,767000
2025-10-03,34.71232604980469,34.72224314294014,34.67266902405137,34.67266902405137,767000
2025-10-07,34.53385925292969,34.6726682958079,34.45453763856342,34.6726682958079,924000
2025-10-08,34.761905670166016,34.79164938651774,34.70241445519956,34.70241445519956,404000
2025-10-09,34.73215866088867,34.76190615992252,34.692501632615325,34.76190615992252,496000
2025-10-13,34.90071487426758,34.910628185673495,34.83131034763706,34.87096737552376,983000
2025-10-14,35.138671875,35.138671875,34.94037539044576,34.94037539044576,689000
2025-10-15,35.07918167114258,35.19816030892793,35.06926457834056,35.19816030892793,485000
2025-10-16,35.10892868041992,35.14858949082525,35.01969374813945,35.07918496374745,1184000
2025-10-17,35.34688949584961,35.34688949584961,35.208076660470624,35.23782415918335,521000
2025-10-20,35.07918167114258,35.20807361946725,35.05935126780123,35.20807361946725,741000
2025-10-21,35.257652282714844,35.257652282714844,35.15850026386027,35.15850026386027,311000
2025-10-22,35.41629409790039,35.446037814413486,35.27748504448855,35.27748504448855,336000
2025-10-23,35.47578048706055,35.485697580448466,35.416293055784756,35.416293055784756,425000
2025-10-27,35.28739547729492,35.446034922861976,35.24773467033748,35.446034922861976,627000
2025-10-28,35.237823486328125,35.346888820911815,35.217993081652644,35.346888820911815,404000
2025-10-29,35.19816207885742,35.277483696211455,35.178331674518915,35.277483696211455,319000
2025-10-30,35.12875747680664,35.12875747680664,34.98994842900817,35.089096668217685,846000
2025-10-31,35.08909606933594,35.12875687724799,35.06926566537991,35.12875687724799,326000
2025-11-03,35.18824768066406,35.198160991395596,35.14858687321238,35.14858687321238,476000
2025-11-04,35.27748489379883,35.27748489379883,35.19816327375201,35.19816327375201,462000
2025-11-05,35.406375885009766,35.49561081399134,35.34688845386399,35.34688845386399,998000
2025-11-06,35.20807647705078,35.2774847855102,35.18824985436296,35.2774847855102,343000
2025-11-07,35.37663269042969,35.436123904714506,35.29731107138326,35.29731107138326,392000
2025-11-10,35.34688949584961,35.42620733380315,35.33697240219102,35.37663321229931,384000
2025-11-11,35.38654327392578,35.406373677158776,35.34688624972248,35.396460366673615,268000
2025-11-12,35.52535629272461,35.555100006607,35.45594798989454,35.45594798989454,383000
2025-11-13,35.57493209838867,35.62450621796641,35.52535797881093,35.52535797881093,364000
2025-11-14,35.56501388549805,35.58484428915744,35.53527017114034,35.57493097845912,479000
2025-11-17,35.406375885009766,35.485697502888016,35.13867109806503,35.406375885009766,730000
2025-11-18,35.64433670043945,35.6839975090938,35.465866843757794,35.465866843757794,941000
2025-11-19,35.65425109863281,35.69391190849649,35.6443377872984,35.65425109863281,303000
2025-11-20,35.65425109863281,35.68399859716207,35.61459028876914,35.68399859716207,445000
2025-11-21,35.92195510864258,35.98144632214105,35.80297646390855,35.80297646390855,961000
2025-11-24,36.13016891479492,36.14008600823989,35.92195533960592,35.92195533960592,332000
2025-11-25,36.21940231323242,36.22931940625813,36.130167387315026,36.130167387315026,595000
2025-11-26,36.189659118652344,36.23923323770478,36.140084999599914,36.219402833631236,377000
2025-11-27,36.1995735168457,36.21940392151487,36.159916489770325,36.189660205642596,306000
2025-11-28,36.1995735168457,36.20949061031176,36.14008608510115,36.1995735168457,329000
2025-12-01,36.239234924316406,36.26898242294262,36.19957411432347,36.239234924316406,381000
2025-12-02,36.12025451660156,36.13016782748525,36.04093290048072,36.13016782748525,350000
2025-12-03,36.070682525634766,36.100426242303385,36.070682525634766,36.09051293083487,371000
2025-12-04,36.001277923583984,36.04093495163853,35.99136082987306,36.04093495163853,256000
2025-12-05,35.971527099609375,36.03101830958657,35.971527099609375,36.01118790626084,374000
2025-12-08,35.63441848754883,35.94178407156856,35.61458808384471,35.94178407156856,648000
2025-12-09,35.57493209838867,35.664167026533754,35.555101694105,35.63441952897681,492000
2025-12-10,35.63441848754883,35.63441848754883,35.50552653686619,35.51543984758687,446000
2025-12-11,35.793060302734375,35.812890707750334,35.644337938509196,35.65425124988567,637000
2025-12-12,35.723655700683594,35.812890631935,35.68399867299865,35.812890631935,426000
2025-12-15,35.75340270996094,35.76331602118075,35.71374190055577,35.72365521177558,317000
2025-12-16,35.99135971069336,36.011190115235514,35.88229437684297,35.95169890160905,340000
2025-12-17,36.11033630371094,36.13016670712623,36.07067927914307,36.13016670712623,390000
2025-12-18,36.14999771118164,36.23923263690175,36.11033690369208,36.11033690369208,721000
2025-12-19,36.16999816894531,36.2599983215332,36.16999816894531,36.2599983215332,138000
2025-12-22,36.119998931884766,36.16999816894531,36.08000183105469,36.16999816894531,172000
2025-12-23,36.060001373291016,36.18000030517578,36.060001373291016,36.18000030517578,370000
2025-12-24,35.970001220703125,36.08000183105469,35.970001220703125,36.060001373291016,303000
2025-12-26,36.02000045776367,36.06999969482422,36.0,36.06999969482422,399000
2025-12-29,36.02000045776367,36.06999969482422,36.02000045776367,36.02000045776367,394000
2025-12-30,36.02000045776367,36.150001525878906,36.02000045776367,36.06999969482422,333000
2025-12-31,36.02000045776367,36.040000915527344,35.95000076293945,36.02000045776367,506000
2026-01-02,35.90999984741211,36.02000045776367,35.900001525878906,36.02000045776367,532000
2026-01-05,35.91999816894531,35.970001220703125,35.91999816894531,35.93000030517578,478000
2026-01-06,36.040000915527344,36.189998626708984,36.0099983215332,36.11000061035156,354000
2026-01-07,36.11000061035156,36.22999954223633,36.099998474121094,36.22999954223633,523000
2026-01-08,36.31999969482422,36.34000015258789,36.119998931884766,36.119998931884766,644000
2026-01-09,36.27000045776367,36.290000915527344,36.209999084472656,36.279998779296875,384000
2026-01-12,36.220001220703125,36.279998779296875,36.189998626708984,36.27000045776367,669000
2026-01-13,36.2400016784668,36.25,36.189998626708984,36.220001220703125,670000
2026-01-14,36.25,36.27000045776367,36.189998626708984,36.2400016784668,578000
2026-01-15,36.27000045776367,36.279998779296875,36.22999954223633,36.25,276000
2026-01-16,36.130001068115234,36.22999954223633,36.119998931884766,36.22999954223633,689000
2026-01-19,35.90999984741211,36.060001373291016,35.88999938964844,36.060001373291016,1115000
2026-01-20,36.02000045776367,36.029998779296875,35.93000030517578,35.93000030517578,614000
2026-01-21,35.959999084472656,35.97999954223633,35.90999984741211,35.97999954223633,550000
2026-01-22,36.0,36.02000045776367,35.95000076293945,35.959999084472656,564000
2026-01-23,35.9900016784668,36.029998779296875,35.9900016784668,36.0,666000
2026-01-26,35.84000015258789,35.95000076293945,35.810001373291016,35.95000076293945,1098000
2026-01-27,35.86000061035156,35.91999816894531,35.84000015258789,35.84000015258789,503000
2026-01-28,35.650001525878906,35.77000045776367,35.63999938964844,35.77000045776367,564000
2026-01-29,35.619998931884766,35.70000076293945,35.61000061035156,35.630001068115234,569000
2026-01-30,35.790000915527344,35.79999923706055,35.66999816894531,35.66999816894531,448000
2026-02-02,36.20000076293945,36.20000076293945,35.939998626708984,36.0,928000
2026-02-03,36.0,36.11000061035156,35.9900016784668,36.11000061035156,571000
2026-02-04,35.9900016784668,36.06999969482422,35.959999084472656,36.029998779296875,416000
2026-02-05,36.130001068115234,36.130001068115234,35.9900016784668,35.9900016784668,620000
2026-02-06,36.310001373291016,36.38999938964844,36.2400016784668,36.2400016784668,344000
2026-02-09,36.16999816894531,36.20000076293945,36.130001068115234,36.130001068115234,560000
2026-02-10,36.209999084472656,36.220001220703125,36.11000061035156,36.16999816894531,547000
2026-02-11,36.209999084472656,36.310001373291016,36.209999084472656,36.209999084472656,669000
2026-02-23,36.40999984741211,36.45000076293945,36.290000915527344,36.290000915527344,902000
2026-02-24,36.5099983215332,36.560001373291016,36.41999816894531,36.41999816894531,661000
2026-02-25,36.36000061035156,36.5099983215332,36.36000061035156,36.5099983215332,1012000
2026-02-26,36.31999969482422,36.369998931884766,36.310001373291016,36.36000061035156,607000
2026-03-02,36.810001373291016,36.81999969482422,36.439998626708984,36.439998626708984,803000
2026-03-03,36.72999954223633,36.7400016784668,36.619998931884766,36.68000030517578,669000
2026-03-04,36.79999923706055,36.86000061035156,36.619998931884766,36.619998931884766,1014000
2026-03-05,36.65999984741211,36.709999084472656,36.58000183105469,36.709999084472656,442000
2026-03-06,36.59000015258789,36.75,36.56999969482422,36.65999984741211,642000
2026-03-09,36.58000183105469,36.59000015258789,36.36000061035156,36.36000061035156,941000
2026-03-10,36.72999954223633,36.77000045776367,36.68000030517578,36.689998626708984,440000
2026-03-11,36.63999938964844,36.9900016784668,36.560001373291016,36.9900016784668,698000
2026-03-12,36.540000915527344,36.59000015258789,36.459999084472656,36.459999084472656,488000
2026-03-13,36.56999969482422,36.619998931884766,36.529998779296875,36.529998779296875,576000
2026-03-16,36.72999954223633,36.7400016784668,36.61000061035156,36.61000061035156,811000
2026-03-17,36.619998931884766,36.83000183105469,36.58000183105469,36.83000183105469,230000
2026-03-18,36.689998626708984,36.709999084472656,36.619998931884766,36.619998931884766,559079
