Price,Close,High,Low,Open,Volume
Ticker,00717.TW,00717.TW,00717.TW,00717.TW,00717.TW
Date,,,,,
2021-03-18,13.837203979492188,13.837203979492188,13.788136317248583,13.820847572133365,1035677
2021-03-19,13.763601303100586,13.788135913420245,13.730890049173853,13.747244896220813,731480
2021-03-22,13.804490089416504,13.820846495501176,13.788135243164572,13.796313446206906,702532
2021-03-23,13.829025268554688,13.853559878692973,13.81266886179583,13.81266886179583,668288
2021-03-24,13.845381736755371,13.861738143586814,13.820847126508209,13.82902532992393,690638
2021-03-25,13.93533992767334,13.93533992767334,13.861737659335908,13.861737659335908,1447410
2021-03-26,14.000765800476074,14.017120649014885,13.95987477954666,13.95987477954666,865098
2021-03-29,14.017115592956543,14.033471995428457,13.984404347845109,14.017115592956543,930507
2021-03-30,13.984405517578125,14.000761921418178,13.968049113738072,14.000761921418178,732200
2021-03-31,13.968050003051758,13.984406407933186,13.959871800611044,13.976228205492472,708342
2021-04-01,14.000765800476074,14.000765800476074,13.951696575360776,13.951696575360776,588261
2021-04-07,14.115257263183594,14.164324927505705,14.082544447080235,14.164324927505705,629416
2021-04-08,14.098896980285645,14.123431585620237,14.098896980285645,14.115253383842038,663091
2021-04-09,14.107076644897461,14.107076644897461,14.090720239644988,14.107076644897461,642265
2021-04-12,14.066183090209961,14.107072531586025,14.049826689726654,14.107072531586025,1639660
2021-04-13,14.058008193969727,14.082541240628393,14.04982999180598,14.066186396133471,682227
2021-04-14,14.074362754821777,14.090719158819637,14.066186112655387,14.082540956820708,834113
2021-04-15,14.08254337310791,14.08254337310791,14.058010322734273,14.074365169705763,607925
2021-04-16,14.139789581298828,14.139789581298828,14.090720365104513,14.090720365104513,794274
2021-04-19,14.139789581298828,14.139789581298828,14.08254216240546,14.123433175900724,907779
2021-04-20,14.042375564575195,14.108418419290173,14.034120010912591,14.108418419290173,1289578
2021-04-21,13.984587669372559,14.034119414657917,13.968076562748841,14.034119414657917,898781
2021-04-22,13.96807861328125,14.017610365837935,13.96807861328125,13.992845276852606,900822
2021-04-23,14.009352684020996,14.009352684020996,13.968076492255806,13.968076492255806,840142
2021-04-26,14.017609596252441,14.050631812534618,13.992844508626748,14.03412070439353,815142
2021-04-27,13.976335525512695,14.017611727555304,13.968079970186938,14.017611727555304,645574
2021-04-28,13.926800727844238,13.976332474399541,13.918545174320716,13.976332474399541,1086115
2021-04-29,13.918547630310059,13.92680318529031,13.902036520349556,13.91854763031006,671444
2021-05-03,13.869012832641602,13.918546157280897,13.83599219080135,13.918546157280897,1184453
2021-05-04,13.852503776550293,13.860759330941434,13.827737113376866,13.860759330941434,734057
2021-05-05,13.852503776550293,13.869013310746578,13.84424822215915,13.84424822215915,678010
2021-05-06,13.869012832641602,13.87726838674815,13.852503299014447,13.852503299014447,974554
2021-05-07,13.860756874084473,13.869010852426577,13.85250132115665,13.869010852426577,626841
2021-05-10,13.827735900878906,13.86075811554789,13.811224793544413,13.86075811554789,827843
2021-05-11,13.745182037353516,13.81122489257919,13.745182037353516,13.81122489257919,1056862
2021-05-12,13.70390510559082,13.745181297415161,13.662627339180693,13.745181297415161,2328137
2021-05-13,13.604840278625488,13.621351385478178,13.505776786680975,13.571819639505922,1466470
2021-05-14,13.654375076293945,13.662629056027379,13.613097304696849,13.613097304696849,765047
2021-05-17,13.712162971496582,13.76169472495672,13.654375663362076,13.654375663362076,1668038
2021-05-18,13.720416069030762,13.745181154032716,13.720416069030762,13.736925600836807,632029
2021-05-19,13.687396049499512,13.728672247507332,13.687396049499512,13.720418267574585,587791
2021-05-20,13.70390510559082,13.712160658872845,13.695649552308794,13.70390510559082,907752
2021-05-21,13.76169490814209,13.786461572494861,13.736928243789317,13.786461572494861,688726
2021-05-24,13.802969932556152,13.81122548663769,13.761693736734408,13.761693736734408,658957
2021-05-25,13.811224937438965,13.819480491192222,13.77820429701181,13.802969383685706,589202
2021-05-26,13.811224937438965,13.844247152451995,13.811224937438963,13.82773604494548,740648
2021-05-27,13.769949913024902,13.794715001802608,13.753438804115756,13.769949913024902,631583
2021-05-28,13.769949913024902,13.786461021934047,13.76169435857033,13.769949913024902,556800
2021-05-31,13.745182037353516,13.83599155375852,13.736926483627073,13.769948698532845,804867
2021-06-01,13.745182037353516,13.75343759107996,13.72867092990063,13.745182037353516,571121
2021-06-02,13.76169490814209,13.769950462926346,13.703907599238361,13.745183798573574,1541886
2021-06-03,13.802969932556152,13.819481040719227,13.769949290815944,13.769949290815944,697760
2021-06-04,13.835990905761719,13.860757565781125,13.802968692402514,13.802968692402514,898926
2021-06-07,13.852503776550293,13.869013310746578,13.835992667768009,13.835992667768009,937104
2021-06-08,13.852503776550293,13.869013310746578,13.852503776550293,13.852503776550293,546780
2021-06-09,13.852503776550293,13.869013310746578,13.819481558985725,13.869013310746578,661100
2021-06-10,13.852503776550293,13.869013310746578,13.835992667768009,13.869013310746578,1028823
2021-06-11,13.844246864318848,13.869011950477322,13.844246864318848,13.869011950477322,659739
2021-06-15,13.869012832641602,13.87726838674815,13.852503299014447,13.869012832641602,603689
2021-06-16,13.910287857055664,13.910287857055664,13.877265647148594,13.877265647148594,963477
2021-06-17,13.902033805847168,13.918544912583723,13.902033805847168,13.910289359215446,565591
2021-06-18,13.976335525512695,13.99284663616421,13.918548212818573,13.918548212818573,1006320
2021-06-21,13.992843627929688,14.009353160445743,13.943310306624007,13.968076967276847,983000
2021-06-22,14.017609596252441,14.042376258464074,14.009354042181897,14.009354042181897,753338
2021-06-23,14.075397491455078,14.116675263541842,14.06714351162373,14.075397491455078,818138
2021-06-24,14.091907501220703,14.116674162541138,14.083651947447226,14.083651947447226,1145277
2021-06-25,14.067140579223633,14.100161215423642,14.067140579223633,14.091905662727221,623296
2021-06-28,14.083653450012207,14.10016455932071,14.067143915289755,14.067143915289755,710516
2021-06-29,14.083653450012207,14.10016455932071,14.075397895357955,14.083653450012207,618598
2021-06-30,14.075397491455078,14.116675263541842,14.075397491455078,14.083653045872431,716389
2021-07-01,14.083653450012207,14.10842011397496,14.083653450012207,14.10016455932071,752619
2021-07-02,14.133187294006348,14.149696829331642,14.083653964272148,14.083653964272148,1367883
2021-07-05,14.124932289123535,14.141441825091766,14.124932289123535,14.141441825091766,900414
2021-07-06,14.133187294006348,14.157952384287341,14.133187294006348,14.141441274375941,859038
2021-07-07,14.149696350097656,14.174463014125937,14.141440795421563,14.141440795421563,812128
2021-07-08,14.182717323303223,14.207482410570627,14.149695107498793,14.1579506614499,1536000
2021-07-09,14.182717323303223,14.199228431205436,14.174461769352115,14.182717323303223,970250
2021-07-12,14.190969467163086,14.240501204381331,14.190969467163086,14.240501204381331,835050
2021-07-13,14.182717323303223,14.215737964521734,14.182717323303223,14.207482410570627,918917
2021-07-14,14.166203498840332,14.190970155944312,14.149692394104346,14.190970155944312,711309
2021-07-15,14.157951354980469,14.174462463691484,14.141440246269454,14.174462463691484,1079835
2021-07-16,14.168785095214844,14.177119865446002,14.13544601429021,14.160450324983685,1094473
2021-07-19,14.160449981689453,14.185454291776743,14.152115211660355,14.16878475171855,657926
2021-07-20,14.127113342285156,14.14378129365259,14.093774260160421,14.14378129365259,870698
2021-07-21,14.143780708312988,14.160450248685487,14.127112757635356,14.160450248685487,618110
2021-07-22,14.160449981689453,14.16878475171855,14.143780441631257,14.160449981689453,646584
2021-07-23,14.135446548461914,14.14378131900804,14.127113367610724,14.14378131900804,728398
2021-07-26,14.143780708312988,14.168785018871738,14.135445938126738,14.135445938126738,962990
2021-07-27,14.135446548461914,14.14378131900804,14.127113367610724,14.135446548461914,590378
2021-07-28,14.11044692993164,14.135449657374112,14.07710784041463,14.135449657374112,806455
2021-07-29,14.11044692993164,14.127116474690144,14.102112157552387,14.11044692993164,597661
2021-07-30,14.127113342285156,14.14378129365259,14.127113342285156,14.135446523121407,514292
2021-08-02,14.152115821838379,14.16878536261529,14.135446281061466,14.16878536261529,653658
2021-08-03,14.143780708312988,14.152115478499237,14.135445938126738,14.143780708312988,522472
2021-08-04,14.143780708312988,14.168785018871738,14.143780708312988,14.143780708312988,596670
2021-08-05,14.152115821838379,14.160450592226836,14.135446281061466,14.143781051449922,560778
2021-08-06,14.160449981689453,14.16878475171855,14.152115211660355,14.152115211660355,782675
2021-08-09,14.152115821838379,14.16878536261529,14.143781051449922,14.16878536261529,618789
2021-08-10,14.135446548461914,14.152116089554164,14.135446548461914,14.135446548461914,578850
2021-08-11,14.11044692993164,14.127116474690144,14.093777385173135,14.118781702310892,961032
2021-08-12,14.093774795532227,14.110444337227811,14.085440024684436,14.102109566380019,614649
2021-08-13,14.093774795532227,14.152116601771777,14.093774795532227,14.152116601771777,665603
2021-08-16,14.102110862731934,14.143783131106668,14.085441319503985,14.09377609111796,1005034
2021-08-17,14.077109336853027,14.110448429914081,14.068774563587763,14.110448429914081,756499
2021-08-18,14.060436248779297,14.077104199531542,14.035431938108621,14.077104199531542,886250
2021-08-19,14.018762588500977,14.043766899512041,14.002093047826934,14.03543212917502,966475
2021-08-20,14.060436248779297,14.068769429307983,14.027097167885062,14.027097167885062,758755
2021-08-23,14.093774795532227,14.110444337227811,14.077105253836644,14.077105253836644,584243
2021-08-24,14.093774795532227,14.127113878923394,14.085440024684436,14.127113878923394,561661
2021-08-25,14.11044692993164,14.118781702310892,14.093777385173135,14.102112157552387,663315
2021-08-26,14.127113342285156,14.14378129365259,14.11044380122279,14.11044380122279,733504
2021-08-27,14.118778228759766,14.12711299908847,14.10210868810236,14.110443458431062,493435
2021-08-30,14.127113342285156,14.135446523121407,14.102109030691606,14.135446523121407,512999
2021-08-31,14.11044692993164,14.127116474690144,14.085442612793882,14.085442612793882,542001
2021-09-01,14.093774795532227,14.102109566380019,14.077105253836644,14.085440024684436,575148
2021-09-02,14.093774795532227,14.127113878923394,14.085440024684436,14.110444337227811,605806
2021-09-03,14.11044692993164,14.127116474690144,14.093777385173135,14.102112157552387,521613
2021-09-06,14.118778228759766,14.135446179722278,14.10210868810236,14.110443458431062,831822
2021-09-07,14.11044692993164,14.118781702310892,14.085442612793882,14.118781702310892,541711
2021-09-08,14.093774795532227,14.102109566380019,14.077105253836644,14.102109566380019,715000
2021-09-09,14.093774795532227,14.118779108075602,14.093774795532227,14.102109566380019,503587
2021-09-10,14.093774795532227,14.118779108075602,14.093774795532227,14.102109566380019,523839
2021-09-13,14.085440635681152,14.102110178099826,14.085440635681152,14.102110178099826,621506
2021-09-14,14.093774795532227,14.102109566380019,14.085440024684436,14.093774795532227,521823
2021-09-15,14.085440635681152,14.102110178099826,14.06877109326248,14.06877109326248,547011
2021-09-16,14.093774795532227,14.118779108075602,14.093774795532227,14.093774795532227,744061
2021-09-17,14.118778228759766,14.152115720379685,14.093773917773657,14.093773917773657,639782
2021-09-22,14.102110862731934,14.110445634345908,14.085441319503985,14.110445634345908,624801
2021-09-23,14.143780708312988,14.160450248685487,14.093773676890356,14.102108447076606,859707
2021-09-24,14.118778228759766,14.12711299908847,14.118778228759766,14.12711299908847,623063
2021-09-27,14.118778228759766,14.12711299908847,14.093773917773657,14.10210868810236,882889
2021-09-28,14.093774795532227,14.118779108075602,14.085440024684436,14.118779108075602,627440
2021-09-29,14.068769454956055,14.068769454956055,14.043766733934671,14.060436274412178,958607
2021-09-30,14.093774795532227,14.118779108075602,14.093774795532227,14.102109566380019,560584
2021-10-01,14.093774795532227,14.102109566380019,14.077105253836644,14.093774795532227,412432
2021-10-04,14.0437650680542,14.077102555359822,14.00209122180381,14.077102555359822,821242
2021-10-05,13.98542594909668,14.002093901091545,13.960421636561895,14.002093901091545,850344
2021-10-06,13.968753814697266,13.985423353293127,13.943749506803476,13.977088583995197,920555
2021-10-07,13.98542594909668,13.993760719941609,13.960421636561895,13.968756407406822,630703
2021-10-08,14.018762588500977,14.027097358837999,13.977090326510766,13.985425096847788,677706
2021-10-12,14.077109336853027,14.08544411011829,14.00209796716111,14.018767513691635,654670
2021-10-13,14.085440635681152,14.118779720518498,14.085440635681152,14.085440635681152,579364
2021-10-14,14.127113342285156,14.14378129365259,14.102109030691606,14.102109030691606,435766
2021-10-15,14.193790435791016,14.210458387767861,14.16878612328326,14.16878612328326,903996
2021-10-18,14.168785095214844,14.19378940590832,14.143780784521368,14.168785095214844,572614
2021-10-19,14.172986030578613,14.198188891204454,14.156183055214768,14.16458454289669,400012
2021-10-20,14.122578620910645,14.139381598078725,14.114177132326605,14.139381598078725,411064
2021-10-21,14.122578620910645,14.164586063830843,14.122578620910645,14.130980109494685,408000
2021-10-22,14.139382362365723,14.147783851403895,14.122579384289379,14.122579384289379,335005
2021-10-25,14.13097858428955,14.147781559644027,14.114175608935074,14.13097858428955,504086
2021-10-26,14.13097858428955,14.172986022675742,14.13097858428955,14.13097858428955,429646
2021-10-27,14.122578620910645,14.172987552414883,14.097375757578625,14.172987552414883,623456
2021-10-28,14.13097858428955,14.156183047321266,14.114175608935074,14.114175608935074,314511
2021-10-29,14.139382362365723,14.164586829480239,14.122579384289379,14.130980873327552,315428
2021-11-01,14.156181335449219,14.156181335449219,14.130976875465418,14.156181335449219,481977
2021-11-02,14.139382362365723,14.156185340442066,14.139382362365723,14.156185340442066,410111
2021-11-03,14.18979263305664,14.198194123834867,14.13938529080781,14.147786781586035,401464
2021-11-04,14.172986030578613,14.18138591584061,14.156183055214768,14.156183055214768,407011
2021-11-05,14.214994430541992,14.23179740893661,14.198191452147375,14.206592941344683,629189
2021-11-08,14.248597145080566,14.256998633310971,14.223394282809384,14.223394282809384,488761
2021-11-09,14.18138599395752,14.240196408054931,14.15618313319285,14.240196408054931,347683
2021-11-10,14.147782325744629,14.156183813876808,14.11417637321592,14.156183813876808,381000
2021-11-11,14.122578620910645,14.130980109494685,14.080572780410545,14.080572780410545,436050
2021-11-12,14.09737491607666,14.122577777904267,14.088973427994121,14.122577777904267,401738
2021-11-15,14.09737491607666,14.09737491607666,14.080571939911584,14.09737491607666,605913
2021-11-16,14.072169303894043,14.088972278688416,14.055366329099668,14.072169303894043,827760
2021-11-17,14.055367469787598,14.072170445945646,14.046965981708572,14.072170445945646,753680
2021-11-18,14.038569450378418,14.055372432469277,14.030169561753556,14.055372432469277,706113
2021-11-19,14.038569450378418,14.046970941423847,14.030169561753556,14.046970941423847,248871
2021-11-22,14.046966552734375,14.046966552734375,14.030165178313334,14.03856506431382,435578
2021-11-23,14.004961967468262,14.013363456641335,13.99656047829519,14.013363456641335,735559
2021-11-24,13.962955474853516,14.004961316345716,13.946152497288582,14.004961316345716,850210
2021-11-25,13.937749862670898,13.954552838854445,13.920946886487352,13.946151350762673,724539
2021-11-26,13.937749862670898,13.946151350762673,13.91254539839558,13.91254539839558,669084
2021-11-29,13.895744323730469,13.90414420958304,13.887342835457858,13.90414420958304,618880
2021-11-30,13.887343406677246,13.912546270111692,13.887343406677246,13.89574489529543,510840
2021-12-01,13.828533172607422,13.870540616264144,13.81173179756486,13.870540616264144,803947
2021-12-02,13.828533172607422,13.853737638801455,13.820133286296205,13.853737638801455,532200
2021-12-03,13.887343406677246,13.912546270111692,13.887343406677246,13.912546270111692,443569
2021-12-06,13.87894058227539,13.904143443284177,13.86213760665623,13.88734207008497,625945
2021-12-07,13.895744323730469,13.90414420958304,13.878941347185247,13.90414420958304,474925
2021-12-08,13.929348945617676,13.946151922490067,13.912545968745285,13.92094745718148,448832
2021-12-09,13.904143333435059,13.929347796664672,13.904143333435059,13.929347796664672,388195
2021-12-10,13.904143333435059,13.904143333435059,13.88734196036859,13.895743448111794,319987
2021-12-13,13.895744323730469,13.90414420958304,13.870539858912636,13.895744323730469,431039
2021-12-14,13.887343406677246,13.904144781493507,13.878941918059061,13.89574489529543,505220
2021-12-15,13.87894058227539,13.87894058227539,13.86213760665623,13.87894058227539,339000
2021-12-16,13.895744323730469,13.895744323730469,13.862138370640025,13.870539858912636,755735
2021-12-17,13.937749862670898,13.946151350762673,13.91254539839558,13.91254539839558,657321
2021-12-20,13.920947074890137,13.929348563095614,13.91254558668466,13.91254558668466,483440
2021-12-21,13.904143333435059,13.920946308921467,13.878940472625386,13.920946308921467,348360
2021-12-22,13.920947074890137,13.929348563095614,13.91254558668466,13.920947074890137,418534
2021-12-23,13.971354484558105,13.996558949324008,13.962954598722842,13.962954598722842,502600
2021-12-24,13.954553604125977,13.979756467363423,13.946152115573463,13.97135497881091,742546
2021-12-27,13.946149826049805,13.971352685149725,13.929346851703302,13.954551313223055,511212
2021-12-28,13.929348945617676,13.946151922490067,13.912545968745285,13.912545968745285,659862
2021-12-29,13.920947074890137,13.93775005130109,13.91254558668466,13.920947074890137,350697
2021-12-30,13.929348945617676,13.946151922490067,13.912545968745285,13.912545968745285,655806
2022-01-03,13.979754447937012,13.996557422614789,13.9629530756791,13.971352960598125,554924
2022-01-04,13.971354484558105,13.996558949324008,13.954553110467542,13.971354484558105,704171
2022-01-05,13.912546157836914,13.92934913493768,13.90414466928653,13.92934913493768,411465
2022-01-06,13.887343406677246,13.912546270111692,13.862138940822692,13.89574489529543,525232
2022-01-07,13.887343406677246,13.920947758729875,13.870540429440878,13.920947758729875,641544
2022-01-10,13.887343406677246,13.89574489529543,13.85373745220451,13.887343406677246,392502
2022-01-11,13.853738784790039,13.88734474249532,13.853738784790039,13.862140274216358,611546
2022-01-12,13.895744323730469,13.90414420958304,13.887342835457858,13.887342835457858,379914
2022-01-13,13.895744323730469,13.91254569785565,13.887342835457858,13.895744323730469,391357
2022-01-14,13.887343406677246,13.904144781493507,13.887343406677246,13.89574489529543,451236
2022-01-17,13.853738784790039,13.878943253068998,13.845337295363718,13.862140274216358,660600
2022-01-18,13.886780738830566,13.912199468115183,13.878307829069026,13.903726558353645,489177
2022-01-19,13.827470779418945,13.852889506484535,13.810524961375217,13.852889506484535,417742
2022-01-20,13.818998336791992,13.835944155407645,13.80205413421855,13.827471246099819,519877
2022-01-21,13.75121784210205,13.802055302251254,13.725800728069796,13.802055302251254,1030083
2022-01-24,13.708853721618652,13.734270833451243,13.700380812327055,13.734270833451243,838717
2022-01-25,13.649544715881348,13.674961827235858,13.624125988484659,13.674961827235858,563774
2022-01-26,13.632599830627441,13.666489853433603,13.615654011203215,13.624126920915328,718538
2022-02-07,13.378417015075684,13.556344063226373,13.352999096203035,13.556344063226373,1222391
2022-02-08,13.352999687194824,13.36994469785287,13.33605386851567,13.36994469785287,597459
2022-02-09,13.259801864624023,13.327583536405747,13.259801864624023,13.327583536405747,953818
2022-02-10,13.276745796203613,13.293690807725739,13.25979997666034,13.25979997666034,511700
2022-02-11,13.175074577331543,13.225910424836032,13.158128756149228,13.225910424836032,958484
2022-02-14,13.00561809539795,13.08187185310956,12.997145186311855,13.08187185310956,1063100
2022-02-15,12.920890808105469,12.963254546129706,12.895472888499365,12.95478163692064,965478
2022-02-16,12.971728324890137,12.988673336423073,12.929364584026073,12.929364584026073,734201
2022-02-17,13.056453704833984,13.056453704833984,13.031035786042667,13.039508694980128,495635
2022-02-18,13.07339859008789,13.07339859008789,13.031034856443762,13.047979865088807,503412
2022-02-21,13.09034538269043,13.09034538269043,13.073400371736113,13.073400371736113,502823
2022-02-22,13.039509773254395,13.073400603785704,13.022563953978171,13.073400603785704,375865
2022-02-23,13.014090538024902,13.022563447333376,13.005618436737537,13.014090538024902,421149
2022-02-24,12.937835693359375,12.988671528904957,12.895471958390695,12.988671528904957,468262
2022-02-25,12.988673210144043,13.022564040901567,12.971728198775851,12.997146119838709,567000
2022-03-01,13.132709503173828,13.141182412907401,12.997146179521224,12.997146179521224,712637
2022-03-02,13.132709503173828,13.149655322640976,13.10729158199425,13.132709503173828,419034
2022-03-03,13.166600227355957,13.192018148329492,13.141182306382422,13.141182306382422,340541
2022-03-04,13.141181945800781,13.158126956644468,13.132709036368379,13.158126956644468,405628
2022-03-07,13.00561809539795,13.13270849960505,12.988672277225758,13.13270849960505,789429
2022-03-08,12.954782485961914,12.98020040723388,12.92936456468995,12.963255395726286,398759
2022-03-09,12.971728324890137,13.022564167510092,12.94630959555901,12.980200426646029,368300
2022-03-10,13.07339859008789,13.081870690399906,13.022561948110734,13.022561948110734,330803
2022-03-11,13.00561809539795,13.022563105549057,12.997145186311855,13.00561809539795,306236
2022-03-14,12.946310043334961,12.997146695734362,12.920892121145851,12.997146695734362,1147150
2022-03-15,12.86158275604248,12.887000677024774,12.853109846374668,12.887000677024774,421017
2022-03-16,12.912418365478516,12.971727924063998,12.878527535438721,12.971727924063998,547458
2022-03-17,12.988673210144043,12.997146119838709,12.980200300449376,12.997146119838709,327053
2022-03-18,13.00561809539795,13.039508923721248,12.980199368139663,12.988672277225758,392552
2022-03-21,13.175074577331543,13.200492501083787,13.047983342527868,13.047983342527868,362019
2022-03-22,13.14965534210205,13.175073263319245,13.132709522609822,13.175073263319245,272339
2022-03-23,13.08187198638916,13.149654451747416,13.073399885237833,13.149654451747416,727247
2022-03-24,13.115764617919922,13.132710438594092,13.098819605266955,13.10729251560404,293742
2022-03-25,13.132709503173828,13.149655322640976,13.11576368370668,13.11576368370668,352252
2022-03-28,13.08187198638916,13.13270863340258,13.073399885237833,13.107290713906416,896510
2022-03-29,13.107291221618652,13.166599972080729,13.107291221618652,13.166599972080729,1327830
2022-03-30,13.208963394165039,13.268272143201989,13.200490484868016,13.251327132629047,642300
2022-03-31,13.242853164672852,13.251326073292534,13.192016520975802,13.192016520975802,831691
2022-04-01,13.276745796203613,13.293690807725739,13.251327874909851,13.268272886431976,322350
2022-04-06,13.251327514648438,13.268272525709882,13.208963774963136,13.259799616168596,490079
2022-04-07,13.115764617919922,13.166601271921229,13.10729251560404,13.166601271921229,385905
2022-04-08,13.158127784729004,13.166600694694635,13.115764042922018,13.115764042922018,673056
2022-04-11,13.132709503173828,13.16660033408698,13.10729158199425,13.132709503173828,710633
2022-04-12,13.07339859008789,13.107289415398991,13.047979865088807,13.107289415398991,342460
2022-04-13,13.098817825317383,13.141181563224952,13.047981178224079,13.090344916131649,345654
2022-04-14,13.039509773254395,13.098818524678903,13.022563953978171,13.098818524678903,310284
2022-04-15,13.014090538024902,13.039509265950318,13.014090538024902,13.039509265950318,310777
2022-04-18,13.09034538269043,13.09034538269043,13.014090813343199,13.014090813343199,336565
2022-04-19,13.09034538269043,13.115763303132466,13.073400371736113,13.115763303132466,245154
2022-04-20,13.075796127319336,13.195600837989124,13.075796127319336,13.195600837989124,353211
2022-04-21,13.092912673950195,13.118584822913402,13.084355018928159,13.092912673950195,193326
2022-04-22,13.01589584350586,13.058683303935062,13.007338188199432,13.058683303935062,177000
2022-04-25,12.92176342010498,12.964550062234803,12.904648110370744,12.964550062234803,581330
2022-04-26,12.947436332702637,12.955993988074791,12.938878677330484,12.955993988074791,386171
2022-04-27,12.887533187866211,12.904647680928024,12.861860224119201,12.904647680928024,512615
2022-04-28,12.853302955627441,12.853302955627441,12.827629992739332,12.836187647035368,342827
2022-04-29,12.938878059387207,12.990223173065019,12.930320404423757,12.930320404423757,276512
2022-05-03,12.71638298034668,12.913204949340145,12.71638298034668,12.913204949340145,621683
2022-05-04,12.690711975097656,12.716384124283486,12.673597481008072,12.707827285290149,488817
2022-05-05,12.887533187866211,12.896090026345687,12.836188076475052,12.836188076475052,520000
2022-05-06,12.801958084106445,12.819072576914065,12.78484277519598,12.819072576914065,399283
2022-05-09,12.64792537689209,12.724942645796444,12.64792537689209,12.716384990117525,473539
2022-05-10,12.502448081970215,12.570907692935327,12.476775931884033,12.511005737366588,451478
2022-05-11,12.485333442687988,12.51956324777413,12.468218132093455,12.502447937179594,529251
2022-05-12,12.476773262023926,12.519560713746921,12.459658770996386,12.485330915589078,448500
2022-05-13,12.6650390625,12.6650390625,12.630809260281197,12.64792375333917,436003
2022-05-16,12.71638298034668,12.742055943325937,12.673596340920255,12.682153179143839,384767
2022-05-17,12.75061321258545,12.776286176432585,12.73349871945689,12.7420563740726,379415
2022-05-18,12.733500480651855,12.750614976147556,12.699270673557482,12.750614976147556,150200
2022-05-19,12.656481742858887,12.716383694301314,12.59657979141646,12.59657979141646,163959
2022-05-20,12.656481742858887,12.68215389117666,12.656481742858887,12.68215389117666,162860
2022-05-23,12.622252464294434,12.673597579166676,12.605137153969382,12.673597579166676,235252
2022-05-24,12.553792953491211,12.605137252662544,12.553792953491211,12.570907447847349,271710
2022-05-25,12.656481742858887,12.68215389117666,12.647924088052003,12.647924088052003,239436
2022-05-26,12.853302955627441,12.870417448116683,12.836187647035368,12.836187647035368,646005
2022-05-27,12.947436332702637,12.973108482716162,12.930321021958331,12.96455082734401,273501
2022-05-30,13.033011436462402,13.127144020560907,13.007339284482354,13.101471868580859,534358
2022-05-31,13.033011436462402,13.075798900497814,13.024454596537717,13.050126748517766,329544
2022-06-01,13.0415678024292,13.075797607050946,13.024453308169784,13.024453308169784,704000
2022-06-02,13.067238807678223,13.092910953267571,13.024451354294111,13.041565845986078,508000
2022-06-06,13.101471900939941,13.118586396934578,13.067242092847668,13.067242092847668,421469
2022-06-07,13.092912673950195,13.110027167891365,13.092912673950195,13.101470328972232,209521
2022-06-08,13.178486824035645,13.19560213414228,13.152814674978593,13.152814674978593,245200
2022-06-09,13.127141952514648,13.169929409809336,13.110026643155626,13.161371755129824,613000
2022-06-10,12.998781204223633,13.041568666862624,12.998781204223633,13.041568666862624,147433
2022-06-13,12.836189270019531,12.8704190754288,12.82763161464148,12.8704190754288,293102
2022-06-14,12.5794677734375,12.673600368738882,12.570910116391358,12.673600368738882,685498
2022-06-15,12.502448081970215,12.53667788745277,12.502448081970215,12.53667788745277,230000
2022-06-16,12.630810737609863,12.647925232669586,12.570907964643448,12.647925232669586,446102
2022-06-17,12.493891716003418,12.493891716003418,12.45966190922408,12.493891716003418,213830
2022-06-20,12.43398666381836,12.511003918985963,12.43398666381836,12.493889426783618,307000
2022-06-21,12.442545890808105,12.442545890808105,12.42543139644235,12.433988235573768,480522
2022-06-22,12.493891716003418,12.519563867062182,12.476776404562266,12.476776404562266,420094
2022-06-23,12.562350273132324,12.647924374832842,12.553792618131402,12.647924374832842,265821
2022-06-24,12.596580505371094,12.622252655143923,12.588022850079174,12.622252655143923,443579
2022-06-27,12.69926929473877,12.733499098116654,12.665039491360885,12.673597146231078,296336
2022-06-28,12.71638298034668,12.7249406346731,12.682153179143839,12.7249406346731,221733
2022-06-29,12.707826614379883,12.71638345292146,12.690711305090993,12.71638345292146,156999
2022-06-30,12.682153701782227,12.724941159074781,12.665039208526926,12.70782666581948,988585
2022-07-01,12.682153701782227,12.70782666581948,12.67359686320601,12.70782666581948,505010
2022-07-04,12.759171485900879,12.8618608979603,12.759171485900879,12.767729140931555,309000
2022-07-05,12.810516357421875,12.819073196187631,12.767728899181547,12.784843392815947,467220
2022-07-06,12.827630996704102,12.853303961601526,12.784843537977956,12.784843537977956,283863
2022-07-07,12.810516357421875,12.819073196187631,12.784843392815947,12.801958702553232,166895
2022-07-08,12.844745635986328,12.861860128921467,12.836187981467333,12.853303290505325,260337
2022-07-11,12.896089553833008,12.913204862370575,12.887532715667053,12.90464720810179,266093
2022-07-12,12.930320739746094,12.93887839493147,12.90464859029288,12.913206245478255,851988
2022-07-13,12.92176342010498,12.938877913736333,12.913205765237862,12.930320258869214,124007
2022-07-14,12.9132080078125,12.921765664165786,12.896092695105928,12.9132080078125,329558
2022-07-15,12.896089553833008,12.94743466334288,12.896089553833008,12.92176251663936,1403000
2022-07-18,13.023123741149902,13.04904959797909,12.988556756186249,13.023123741149902,297341
2022-07-19,13.031767845153809,13.04040979885711,13.023125891450505,13.031767845153809,201775
2022-07-20,13.05769157409668,13.066333526934294,13.05769157409668,13.05769157409668,413922
2022-07-21,13.144108772277832,13.152750724667106,13.109541786862676,13.109541786862676,314364
2022-07-22,13.187317848205566,13.204600929023197,13.178675895725776,13.178675895725776,246148
2022-07-25,13.21324348449707,13.247810471851764,13.195960402890718,13.195960402890718,427770
2022-07-26,13.239166259765625,13.256450162564535,13.213241229709107,13.213241229709107,536380
2022-07-27,13.247810363769531,13.26509426937686,13.239168410965865,13.239168410965865,238728
2022-07-28,13.291019439697266,13.291019439697266,13.265094405162873,13.273735533913012,249018
2022-07-29,13.368796348571777,13.38607943148244,13.325587405082048,13.325587405082048,357432
2022-08-01,13.524348258972168,13.55891525115314,13.489781266791196,13.489781266791196,812003
2022-08-02,13.59347915649414,13.610763060730807,13.57619607639939,13.602121108612474,622491
2022-08-03,13.731749534606934,13.757674569872183,13.705823675199671,13.705823675199671,537101
2022-08-04,13.826807975769043,13.835449928547973,13.809524070211182,13.826807975769043,1250255
2022-08-05,13.800882339477539,13.82680737254131,13.800882339477539,13.82680737254131,525346
2022-08-08,13.705821990966797,13.714463943040588,13.67989695888733,13.697180863034914,401240
2022-08-09,13.749032020568848,13.809524041612127,13.740390067807814,13.800882912993071,349134
2022-08-10,13.59347915649414,13.645330045062225,13.59347915649414,13.645330045062225,315558
2022-08-11,13.671257019042969,13.697182879080291,13.671257019042969,13.697182879080291,230669
2022-08-12,13.671257019042969,13.688540925734516,13.671257019042969,13.688540925734516,312123
2022-08-15,13.705821990966797,13.740388975120055,13.671255006813537,13.671255006813537,295538
2022-08-16,13.731749534606934,13.740390663600675,13.714465628335425,13.731749534606934,310335
2022-08-17,13.697179794311523,13.723104824368189,13.679895891512517,13.723104824368189,306401
2022-08-18,13.59347915649414,13.610763060730807,13.567554124281056,13.610763060730807,202090
2022-08-19,13.567556381225586,13.602123371307176,13.567556381225586,13.602123371307176,208181
2022-08-22,13.46385383605957,13.49842082209772,13.46385383605957,13.49842082209772,259000
2022-08-23,13.368796348571777,13.394721385008795,13.351512441519066,13.394721385008795,258442
2022-08-24,13.230527877807617,13.26509486643615,13.230527877807617,13.26509486643615,318632
2022-08-25,13.282376289367676,13.299660193593745,13.256451257170486,13.256451257170486,319174
2022-08-26,13.42928695678711,13.446570862014573,13.368794936774911,13.368794936774911,303391
2022-08-29,13.34286880493164,13.360152709804172,13.291018738597941,13.360152709804172,319924
2022-08-30,13.334227561950684,13.342868690170683,13.316943657226812,13.316943657226812,455347
2022-08-31,13.308302879333496,13.334228738707283,13.29966175035091,13.316944832458091,288000
2022-09-01,13.230527877807617,13.27373599548677,13.230527877807617,13.27373599548677,263026
2022-09-02,13.195958137512207,13.230525118932713,13.195958137512207,13.230525118932713,227000
2022-09-05,13.21324348449707,13.247810471851764,13.2046015316229,13.221885437371242,345259
2022-09-06,13.256452560424805,13.291019548133342,13.247810607462172,13.247810607462172,419650
2022-09-07,13.230527877807617,13.247810960050876,13.213243971422342,13.239169006858237,260328
2022-09-08,13.282376289367676,13.29101824148071,13.26509320928352,13.273734337254641,234590
2022-09-12,13.334227561950684,13.351510642532618,13.282376671921003,13.342868690170683,829508
2022-09-13,13.412003517150879,13.420644645391642,13.386077660002776,13.420644645391642,725063
2022-09-14,13.351511001586914,13.377436035227971,13.351511001586914,13.368794906775593,452385
2022-09-15,13.386077880859375,13.41200373843523,13.386077880859375,13.39471983338466,336100
2022-09-16,13.403362274169922,13.429287308548224,13.394720321329826,13.429287308548224,380800
2022-09-19,13.334227561950684,13.403361532562299,13.299660576644877,13.394719580200363,2384078
2022-09-20,13.34286880493164,13.360152709804172,13.33422767663732,13.33422767663732,241776
2022-09-21,13.308302879333496,13.316944832458091,13.291019797226316,13.316944832458091,169019
2022-09-22,13.386077880859375,13.39471983338466,13.308301956415718,13.308301956415718,501000
2022-09-23,13.273735046386719,13.299660904110878,13.273735046386719,13.299660904110878,475027
2022-09-26,13.221884727478027,13.239167808156438,13.178675789569084,13.195959694389439,310825
2022-09-27,13.083617210388184,13.152751183630919,13.066333305006514,13.13546727824925,495962
2022-09-28,13.074975967407227,13.126826038082715,13.074975967407227,13.083617920567145,754194
2022-09-29,13.239166259765625,13.282375192621053,13.221883181108561,13.26509211396399,410816
2022-09-30,13.152750015258789,13.20460007851396,13.144108063335628,13.20460007851396,230880
2022-10-03,13.221884727478027,13.256451712976792,13.204600822657673,13.256451712976792,227000
2022-10-04,13.282376289367676,13.299660193593745,13.282376289367676,13.29101824148071,418432
2022-10-05,13.291019439697266,13.34286950876605,13.291019439697266,13.316944474231658,341000
2022-10-06,13.178675651550293,13.256451574143464,13.178675651550293,13.256451574143464,282000
2022-10-07,13.170035362243652,13.178677315654564,13.144110326152955,13.178677315654564,362119
2022-10-11,13.031767845153809,13.100901826496104,13.014484761889268,13.100901826496104,323000
2022-10-12,12.988556861877441,12.988556861877441,12.962631828979227,12.962631828979227,275629
2022-10-13,12.893497467041016,12.92806445123649,12.893497467041016,12.92806445123649,534000
2022-10-14,12.902141571044922,12.91942465395431,12.893499617519202,12.91942465395431,201296
2022-10-17,12.93670654296875,13.057690576887946,12.910780686435848,13.057690576887946,328124
2022-10-18,12.96263313293457,12.988558168440672,12.953991179718528,12.97127508615061,232978
2022-10-19,12.986226081848145,13.029921492078298,12.968748417808461,13.021182243348141,257000
2022-10-20,12.907576560974121,12.960010391459333,12.907576560974121,12.960010391459333,364767
2022-10-21,12.793968200683594,12.81144586552978,12.785228951550165,12.81144586552978,241102
2022-10-24,12.759013175964355,12.793969342196283,12.715317759819262,12.793969342196283,225594
2022-10-25,12.785228729248047,12.811445642771817,12.759011815724277,12.759011815724277,358971
2022-10-26,12.942533493041992,12.960011159766287,12.846403409085722,12.872620325882542,560000
2022-10-27,12.890098571777344,12.942533237757496,12.872620071977044,12.942533237757496,294062
2022-10-28,12.986226081848145,13.021182243348141,12.898836094808466,12.898836094808466,916011
2022-10-31,12.994967460632324,13.021184377699479,12.96875054356517,12.994967460632324,936435
2022-11-01,12.986226081848145,13.021182243348141,12.977487666538618,13.021182243348141,204948
2022-11-02,12.916316032409668,12.960011450331196,12.89009911502506,12.960011450331196,412005
2022-11-03,12.872618675231934,12.916314086570761,12.855141010748794,12.916314086570761,759226
2022-11-04,12.811446189880371,12.86388085258777,12.802706940525688,12.86388085258777,276149
2022-11-07,12.785228729248047,12.811445642771817,12.759011815724277,12.776489480266571,539136
2022-11-08,12.785228729248047,12.837662556295587,12.767750231285097,12.811445642771817,221337
2022-11-09,12.855142593383789,12.9075772601299,12.846403343355977,12.89009876007428,328129
2022-11-10,12.802708625793457,12.846404044897964,12.785230958204135,12.846404044897964,348233
2022-11-11,13.056139945983887,13.108574611133541,12.977489198390497,12.977489198390497,1709230
2022-11-14,13.0211820602417,13.056138221250135,12.994965147840526,13.056138221250135,695848
2022-11-15,12.96875,13.01244541556101,12.951271500407305,13.01244541556101,866104
2022-11-16,13.099836349487305,13.108575599908233,13.08235868206624,13.08235868206624,788830
2022-11-17,13.064879417419434,13.099835583638734,13.064879417419434,13.082357917239454,353204
2022-11-18,13.003706932067871,13.021184599269787,12.986228431445175,13.003706932067871,1072500
2022-11-21,13.047402381896973,13.056140798808766,13.00370696365487,13.00370696365487,882540
2022-11-22,12.986226081848145,13.047399989538613,12.977487666538618,13.047399989538613,683801
2022-11-23,13.047402381896973,13.064880049141342,13.021184630899242,13.056140798808766,874099
2022-11-24,13.003706932067871,13.099836185230362,13.003706932067871,13.06488001740575,876641
2022-11-25,12.986226081848145,13.038660740808455,12.986226081848145,13.021182243348141,283253
2022-11-28,13.126052856445312,13.126052856445312,12.977488947056038,12.986227363227805,447536
2022-11-29,13.047402381896973,13.09109696671829,13.021184630899242,13.09109696671829,186905
2022-11-30,12.89883804321289,12.951271876672845,12.89883804321289,12.951271876672845,774019
2022-12-01,12.977489471435547,13.003706387851611,12.968750221489945,12.99496713790601,560000
2022-12-02,13.038661003112793,13.047400252018761,13.029921754206825,13.029921754206825,253030
2022-12-05,13.0211820602417,13.073616718464663,13.012443645055054,13.073616718464663,327500
2022-12-06,12.951271057128906,13.0037057206916,12.933793391555144,12.951271057128906,290278
2022-12-07,12.907576560974121,12.951271141904895,12.898837311419683,12.933793476216726,215453
2022-12-08,12.925053596496582,12.933792845624936,12.91631434736823,12.933792845624936,185000
2022-12-09,12.916316032409668,12.93379453294659,12.89009911502506,12.93379453294659,475800
2022-12-12,12.802708625793457,12.828926377308642,12.802708625793457,12.802708625793457,298503
2022-12-13,12.811446189880371,12.828924688589733,12.75901236059366,12.802706940525688,486000
2022-12-14,12.916316032409668,12.93379453294659,12.837664446835072,12.837664446835072,460092
2022-12-15,12.872618675231934,12.916314086570761,12.846401761796898,12.916314086570761,434200
2022-12-16,12.881357192993164,12.89009644144899,12.846401032590466,12.846401032590466,318101
2022-12-19,12.86388111114502,12.89009802631532,12.855141861614683,12.89009802631532,162884
2022-12-20,12.820185661315918,12.872619491510926,12.820185661315918,12.872619491510926,489821
2022-12-21,12.776488304138184,12.785227552315174,12.767749055961193,12.776488304138184,207380
2022-12-22,12.802708625793457,12.802708625793457,12.776491707699073,12.776491707699073,117000
2022-12-23,12.7240571975708,12.7240571975708,12.70657869748644,12.715317947528622,208025
2022-12-26,12.715317726135254,12.715317726135254,12.69783922635522,12.715317726135254,334641
2022-12-27,12.706579208374023,12.706579208374023,12.689101541007702,12.697839957980468,234840
2022-12-28,12.610448837280273,12.645405002337307,12.584231088421962,12.645405002337307,229868
2022-12-29,12.549275398254395,12.584231564634239,12.531797731774846,12.584231564634239,256900
2022-12-30,12.54053783416748,12.549276251290875,12.531798583623281,12.54053783416748,235246
2023-01-03,12.523058891296387,12.523058891296387,12.496841974009465,12.514319641060489,222723
2023-01-04,12.627925872802734,12.645404371169208,12.592969709490463,12.592969709490463,161230
2023-01-05,12.802708625793457,12.828926377308642,12.793970208709196,12.802708625793457,271500
2023-01-06,12.907576560974121,12.925054226662288,12.881358812310808,12.881358812310808,406183
2023-01-09,12.986226081848145,13.099833815078293,12.977487666538618,13.012443828038615,345595
2023-01-10,12.986226081848145,13.003704579308458,12.977487666538618,12.986226081848145,124682
2023-01-11,13.012445449829102,13.02118386622773,12.986227700371014,12.986227700371014,201180
2023-01-12,13.064879417419434,13.064879417419434,13.038662501110144,13.038662501110144,373215
2023-01-13,13.134791374206543,13.134791374206543,13.10857445864705,13.10857445864705,338037
2023-01-16,13.152270317077637,13.195965733430867,13.134791817168045,13.187226483476072,461045
2023-01-17,13.169745445251465,13.18722394179228,13.161007030401644,13.18722394179228,154590
2023-01-30,13.440659523010254,13.458137190311549,13.309573267857004,13.309573267857004,1051228
2023-01-31,13.470671653747559,13.541291095975973,13.470671653747559,13.532463455234883,623198
2023-02-01,13.514809608459473,13.523636407737614,13.479499885796328,13.505981967331138,370010
2023-02-02,13.4353609085083,13.532462423708163,13.417705628371912,13.532462423708163,554755
2023-02-03,13.488326072692871,13.54129107520803,13.470671633087921,13.505981354147975,402000
2023-02-06,13.497153282165527,13.505980922611023,13.461843562233675,13.47067120267917,281572
2023-02-07,13.417704582214355,13.43535986097419,13.391222505924631,13.43535986097419,268678
2023-02-08,13.391222953796387,13.41770503097181,13.355913236945806,13.41770503097181,338223
2023-02-09,13.417704582214355,13.461841937263914,13.391222505924631,13.391222505924631,166000
2023-02-10,13.391222953796387,13.41770503097181,13.382395314121228,13.41770503097181,265217
2023-02-13,13.408878326416016,13.417705966706803,13.373568607102976,13.391223887684552,205250
2023-02-14,13.45301628112793,13.479499203171795,13.444188640446642,13.45301628112793,144269
2023-02-15,13.558944702148438,13.567772342346899,13.461843185515674,13.461843185515674,519135
2023-02-16,13.532464027404785,13.576601391126268,13.514809587026308,13.558946108897599,182230
2023-02-17,13.444189071655273,13.488326434627224,13.444189071655273,13.488326434627224,160585
2023-02-20,13.4353609085083,13.470670626930987,13.417705628371912,13.444187706726403,154982
2023-02-21,13.426533699035645,13.435361339386946,13.417706058684344,13.417706058684344,118423
2023-02-22,13.258811950683594,13.276466388482937,13.241156671034181,13.276466388482937,263577
2023-02-23,13.26763916015625,13.382395955886421,13.249984721809351,13.320604158897135,228050
2023-02-24,13.426533699035645,13.453015778239429,13.355914259925473,13.355914259925473,396820
2023-03-01,13.46184253692627,13.488324614395648,13.426532819683745,13.426532819683745,332901
2023-03-02,13.417704582214355,13.461841937263914,13.400050145304547,13.461841937263914,220569
2023-03-03,13.391222953796387,13.400050593471546,13.364740876620965,13.400050593471546,139000
2023-03-06,13.426533699035645,13.470671058942033,13.391223979480559,13.40005161983186,273714
2023-03-07,13.417704582214355,13.43535986097419,13.417704582214355,13.426532221594274,176217
2023-03-08,13.4353609085083,13.461842986862791,13.417705628371912,13.461842986862791,270310
2023-03-09,13.45301628112793,13.470671562490507,13.426534200934217,13.435361841615505,353025
2023-03-10,13.302949905395508,13.302949905395508,13.285295465686074,13.285295465686074,155380
2023-03-13,13.038125991821289,13.15288194201593,13.011643072376307,13.15288194201593,647402
2023-03-14,12.52613353729248,12.605580610092336,12.499651460309213,12.605580610092336,1479051
2023-03-15,12.70268440246582,12.737994123063947,12.64089176003149,12.64089176003149,293982
2023-03-16,12.561444282531738,12.59675484386771,12.552617484047863,12.59675484386771,465872
2023-03-17,12.720338821411133,12.720338821411133,12.711511180813243,12.720338821411133,628255
2023-03-20,12.552618026733398,12.667374830486219,12.490825383574094,12.499653024289731,299092
2023-03-21,12.490825653076172,12.534963015756512,12.47317121311414,12.534963015756512,829348
2023-03-22,12.596755981445312,12.623238062988696,12.570273058051734,12.596755981445312,240858
2023-03-23,12.543789863586426,12.596754863824176,12.526134582890469,12.596754863824176,269000
2023-03-24,12.402551651000977,12.47317109387435,12.393724010179264,12.47317109387435,1063597
2023-03-27,12.411377906799316,12.429032344622465,12.36724054946634,12.376068189302948,520100
2023-03-28,12.4819974899292,12.4819974899292,12.464342210046446,12.464342210046446,207281
2023-03-29,12.508479118347168,12.517306757971278,12.481997041324888,12.481997041324888,121042
2023-03-30,12.570270538330078,12.570270538330078,12.51730638586002,12.51730638586002,163556
2023-03-31,12.623237609863281,12.632065250677595,12.596755529270503,12.596755529270503,137523
2023-04-06,12.773303031921387,12.773303031921387,12.66737387685878,12.66737387685878,329135
2023-04-07,12.799787521362305,12.817442804790234,12.799787521362305,12.799787521362305,317413
2023-04-10,12.8174409866333,12.8174409866333,12.799785705709777,12.799785705709777,202660
2023-04-11,12.8174409866333,12.826267785244934,12.808613346171539,12.8174409866333,153500
2023-04-12,12.870405197143555,12.870405197143555,12.8527507579996,12.870405197143555,224401
2023-04-13,12.870405197143555,12.870405197143555,12.843923117502555,12.870405197143555,202071
2023-04-14,12.870405197143555,12.888060478137643,12.86157755664651,12.870405197143555,206770
2023-04-17,12.90571403503418,12.914541674927756,12.861576677416366,12.861576677416366,270136
2023-04-18,12.914542198181152,12.923369838432395,12.905714557929908,12.914542198181152,99414
2023-04-19,12.923371315002441,12.932198114412088,12.905716032482736,12.905716032482736,288008
2023-04-20,13.011642456054688,13.029297734848399,12.941023024579902,12.941023024579902,502562
2023-04-21,13.015210151672363,13.059782107889038,12.997380689061238,13.059782107889038,261100
2023-04-24,13.050867080688477,13.059780961055706,13.006294278230355,13.03303761964303,299880
2023-04-25,13.04195499420166,13.068698341036097,13.04195499420166,13.050869726531694,167142
2023-04-26,12.98846435546875,13.02412242613657,12.88149014346529,12.88149014346529,157475
2023-04-27,12.908235549926758,12.9706378211997,12.908235549926758,12.9706378211997,167583
2023-04-28,12.997379302978516,12.997379302978516,12.943892621160272,12.943892621160272,165122
2023-05-02,12.97955322265625,13.024125182808477,12.970638490563546,12.988467104593308,200686
2023-05-03,12.863663673400879,12.934979826601742,12.85474894171187,12.917150363223724,618188
2023-05-04,12.69428539276123,12.72102958407992,12.676456782037592,12.72102958407992,366449
2023-05-05,12.319877624511719,12.444681324599491,12.30204901030241,12.43576659241701,1817200
2023-05-08,12.498167991638184,12.51599660459802,12.373364300296943,12.373364300296943,362205
2023-05-09,12.462509155273438,12.480338618517436,12.44468054218504,12.480338618517436,202066
2023-05-10,12.462509155273438,12.480338618517436,12.45359527380704,12.462509155273438,124860
2023-05-11,12.471424102783203,12.51599691150918,12.45359548938618,12.507082179732862,327051
2023-05-12,12.507081985473633,12.515996717111488,12.471423909077812,12.471423909077812,364218
2023-05-15,12.515998840332031,12.524913573482186,12.507084107181875,12.507084107181875,122647
2023-05-16,12.578399658203125,12.58731439091821,12.515998229508929,12.515998229508929,398614
2023-05-17,12.498167991638184,12.533826067713454,12.489253260080467,12.533826067713454,190570
2023-05-18,12.614055633544922,12.614055633544922,12.569483677720228,12.569483677720228,247269
2023-05-19,12.622971534729004,12.6764590768939,12.61405680267558,12.622971534729004,290540
2023-05-22,12.59622573852539,12.605140468844732,12.569482397722837,12.605140468844732,123462
2023-05-23,12.63188362121582,12.64971223143308,12.614054160843098,12.614054160843098,201601
2023-05-24,12.6586275100708,12.667542240643403,12.631884168508492,12.631884168508492,147627
2023-05-25,12.622971534729004,12.658629612787054,12.6051429207778,12.658629612787054,640002
2023-05-26,12.605141639709473,12.658628326282843,12.596226908562059,12.658628326282843,290050
2023-05-29,12.622971534729004,12.658629612787054,12.61405680267558,12.649714880733631,227486
2023-05-30,12.605141639709473,12.622970251848745,12.587312177414645,12.622970251848745,178318
2023-05-31,12.703201293945312,12.721030756467625,12.62297041290603,12.62297041290603,753438
2023-06-01,12.738859176635742,12.77451725098681,12.738859176635742,12.747773907762397,378210
2023-06-02,12.783431053161621,12.819089124921474,12.756687711880605,12.756687711880605,251351
2023-06-05,12.961723327636719,12.988466672870263,12.934979982403174,12.934979982403174,726626
2023-06-06,12.934978485107422,12.979551288774191,12.917149023578506,12.961721827245276,551556
2023-06-07,13.006296157836914,13.015210889647951,12.970638080748383,12.970638080748383,2381436
2023-06-08,13.006296157836914,13.015210889647951,12.997381426025877,12.997381426025877,282000
2023-06-09,12.952807426452637,13.006294962246455,12.943893545616618,13.006294962246455,333800
2023-06-12,12.926065444946289,12.952808790581912,12.917150713015872,12.952808790581912,136474
2023-06-13,12.89040470123291,12.917148041337157,12.89040470123291,12.917148041337157,190921
2023-06-14,12.908235549926758,12.926065013192057,12.89040693681706,12.89040693681706,132963
2023-06-15,12.89040470123291,12.917148041337157,12.881489971146344,12.90823331125059,198688
2023-06-16,12.899320602416992,12.908234483157374,12.872576409729252,12.872576409729252,299925
2023-06-19,12.845832824707031,12.890405628189667,12.836918093979401,12.881490897462037,182702
2023-06-20,12.89040470123291,12.89040470123291,12.872575241059778,12.872575241059778,185450
2023-06-21,12.899320602416992,12.917149214053287,12.881491140625165,12.890405871521079,141203
2023-06-26,12.952807426452637,12.961722157444196,12.890406009822799,12.899320740814359,195898
2023-06-27,12.943894386291504,13.006295806974164,12.917150191579854,13.006295806974164,260808
2023-06-28,13.006296157836914,13.015210889647951,12.934980003659852,12.94389473547089,257048
2023-06-29,13.024125099182129,13.050869295288518,13.024125099182129,13.033039831217591,219332
2023-06-30,12.997379302978516,13.01520876368825,12.997379302978516,13.01520876368825,110730
2023-07-03,13.095439910888672,13.122184104249731,13.041953224477659,13.041953224477659,425810
2023-07-04,13.193500518798828,13.211329131243295,13.193500518798828,13.193500518798828,308590
2023-07-05,13.193500518798828,13.229158593843328,13.193500518798828,13.229158593843328,149148
2023-07-06,13.211331367492676,13.238075565919653,13.184588019221412,13.193502752030405,392449
2023-07-07,13.086526870727539,13.122184947344415,13.086526870727539,13.104355483958173,101675
2023-07-10,13.113269805908203,13.131098418581756,13.113269805908203,13.12218453732277,88203
2023-07-11,13.14892864227295,13.18458671983899,13.122185296637326,13.131099178412114,243324
2023-07-12,13.14892864227295,13.202416183699825,13.14892864227295,13.193501451769407,223100
2023-07-13,13.131099700927734,13.220245323467953,13.122185818798243,13.220245323467953,387280
2023-07-14,13.113269805908203,13.175671225499011,13.104355074493636,13.14892788141089,368600
2023-07-17,13.086526870727539,13.113270215651294,13.050868794110663,13.113270215651294,319816
2023-07-18,13.064900398254395,13.136982538605261,13.055889915888812,13.136982538605261,210560
2023-07-19,13.091930389404297,13.145992421847035,13.064899802826355,13.064899802826355,291020
2023-07-20,13.145995140075684,13.173025732242806,13.10995406409051,13.10995406409051,328900
2023-07-21,13.191044807434082,13.20906491319791,13.145993254094149,13.145993254094149,361051
2023-07-24,13.263127326965332,13.281147433242602,13.218075772341761,13.281147433242602,153809
2023-07-25,13.245105743408203,13.299167778291439,13.245105743408203,13.272136331206374,450922
2023-07-26,13.236095428466797,13.28114698155819,13.236095428466797,13.28114698155819,186000
2023-07-27,13.281148910522461,13.308180361875507,13.281148910522461,13.281148910522461,428290
2023-07-28,13.308178901672363,13.317188525181127,13.236095898593707,13.254116864185105,227640
2023-07-31,13.317187309265137,13.32619779123814,13.299167204605986,13.30817768657899,148227
2023-08-01,13.46135425567627,13.497395331435344,13.40729307168117,13.40729307168117,779857
2023-08-02,13.407291412353516,13.461352589657837,13.407291412353516,13.461352589657837,422200
2023-08-04,13.407291412353516,13.407291412353516,13.344219752402834,13.371250341054996,170043
2023-08-07,13.389269828796387,13.40729079325697,13.362239241392395,13.380260205852977,295491
2023-08-08,13.434321403503418,13.452342367994643,13.416301298299077,13.416301298299077,501821
2023-08-09,13.425311088562012,13.452342535635708,13.425311088562012,13.43432157091991,206212
2023-08-10,13.39828109741211,13.416302062930395,13.389270614652965,13.407291580171252,99188
2023-08-11,13.39828109741211,13.416302062930395,13.389270614652965,13.389270614652965,154182
2023-08-14,13.46135425567627,13.470364739437795,13.38927210415812,13.38927210415812,631661
2023-08-15,13.46135425567627,13.488385706960845,13.46135425567627,13.46135425567627,261621
2023-08-16,13.407291412353516,13.452342966298398,13.380260823701356,13.452342966298398,199020
2023-08-17,13.326199531555176,13.389271195029245,13.31718904840546,13.389271195029245,145040
2023-08-18,13.29015827178955,13.326199344595807,13.29015827178955,13.317188861572504,197170
2023-08-21,13.281148910522461,13.299169878091158,13.254118318456442,13.29015939430681,90493
2023-08-22,13.209065437316895,13.272137098923258,13.209065437316895,13.272137098923258,187623
2023-08-23,13.200054168701172,13.21807513339426,13.19104454564152,13.209064651047717,137398
2023-08-24,13.236095428466797,13.308178428985169,13.22708580527804,13.308178428985169,169777
2023-08-25,13.227087020874023,13.263128094802006,13.227087020874023,13.236096644890782,62340
2023-08-28,13.263127326965332,13.272136950460501,13.227086255123861,13.245106361401131,124425
2023-08-29,13.29015827178955,13.33520982761911,13.281147788766248,13.33520982761911,132632
2023-08-30,13.3622407913208,13.380261757871692,13.335210200781445,13.335210200781445,135495
2023-08-31,13.407291412353516,13.407291412353516,13.371250341054996,13.380260823701356,163000
2023-09-01,13.452342987060547,13.470363093094159,13.44333250440028,13.452342987060547,247202
2023-09-04,13.452342987060547,13.461352610433892,13.434322021740014,13.452342987060547,211688
2023-09-05,13.452342987060547,13.461352610433892,13.44333250440028,13.452342987060547,237295
2023-09-06,13.434321403503418,13.452342367994643,13.425310921257807,13.452342367994643,232318
2023-09-07,13.434321403503418,13.434321403503418,13.425310921257807,13.434321403503418,82582
2023-09-08,13.416302680969238,13.434322788030713,13.407292197795014,13.434322788030713,298002
2023-09-11,13.425311088562012,13.461352158706715,13.425311088562012,13.443332053277809,230569
2023-09-12,13.443331718444824,13.461351823424904,13.425310754177875,13.425310754177875,506833
2023-09-13,13.425311088562012,13.452342535635708,13.425311088562012,13.425311088562012,85970
2023-09-14,13.39828109741211,13.443332651920896,13.389270614652965,13.425311686402608,94039
2023-09-15,13.488383293151855,13.506403398163098,13.452342223842498,13.452342223842498,460133
2023-09-18,13.488383293151855,13.515413880312156,13.425310777395326,13.425310777395326,406082
2023-09-19,13.578486442565918,13.58749692531604,13.515414781888921,13.533435747389166,992000
2023-09-20,13.578486442565918,13.596507408066163,13.560466336352603,13.578486442565918,377885
2023-09-21,13.62353801727295,13.62353801727295,13.578486462742324,13.578486462742324,582000
2023-09-22,13.488383293151855,13.614526606091172,13.488383293151855,13.614526606091172,146706
2023-09-25,13.506403923034668,13.542444993744615,13.506403923034668,13.542444993744615,81252
2023-09-26,13.479373931884766,13.506404521292804,13.479373931884766,13.488384414783093,158938
2023-09-27,13.407291412353516,13.443332483652037,13.407291412353516,13.443332483652037,104787
2023-09-28,13.434321403503418,13.44333188574903,13.416301298299077,13.44333188574903,187535
2023-10-02,13.470365524291992,13.48838649286504,13.434324446432976,13.434324446432976,445130
2023-10-03,13.389269828796387,13.434321380660963,13.389269828796387,13.434321380660963,87864
2023-10-04,13.218074798583984,13.25411586777036,13.218074798583984,13.25411586777036,249224
2023-10-05,13.164013862609863,13.173024345479355,13.145993756157823,13.173024345479355,202328
2023-10-06,13.136983871459961,13.164014462012288,13.118963764187404,13.136983871459961,273445
2023-10-11,13.118962287902832,13.145992875413391,13.118962287902832,13.136982393147576,185405
2023-10-12,13.155004501342773,13.209065681063835,13.14599401829361,13.155004501342773,263317
2023-10-13,13.127972602844238,13.15500405106648,13.127972602844238,13.15500405106648,85560
2023-10-16,13.118962287902832,13.173023462923949,13.100941323371204,13.173023462923949,272734
2023-10-17,13.118962287902832,13.127971910881762,13.109951805637017,13.127971910881762,184589
2023-10-18,13.055891990661621,13.10094355036199,13.037871882353691,13.10094355036199,584000
2023-10-19,12.97927474975586,13.088728292462493,12.970154346074073,13.052244068177789,317200
2023-10-20,12.897185325622559,12.95191122469672,12.888064052492703,12.95191122469672,138025
2023-10-23,12.915425300598145,12.933667844454646,12.89718362659401,12.89718362659401,303087
2023-10-24,12.897185325622559,12.915427002029785,12.888064052492703,12.90630572889993,199495
2023-10-25,13.024877548217773,13.033998819861731,13.0066358747822,13.0066358747822,111972
2023-10-26,12.97927474975586,13.034001521109177,12.970154346074073,13.006638570358778,971135
2023-10-27,12.961030960083008,12.988393906373648,12.951909688035334,12.970152232130681,102139
2023-10-30,12.869819641113281,12.878940912921262,12.851577967349675,12.878940912921262,135483
2023-10-31,12.878942489624023,12.906305438545516,12.860700813627181,12.878942489624023,210825
2023-11-01,12.897185325622559,12.915427002029785,12.888064052492703,12.90630572889993,106000
2023-11-02,13.034000396728516,13.070484617865901,13.034000396728516,13.070484617865901,285178
2023-11-03,13.298510551452637,13.38060026236384,13.271147604433036,13.271147604433036,112843
2023-11-06,13.426206588745117,13.471812083181595,13.407964043029544,13.41708531588733,225212
2023-11-07,13.417085647583008,13.435327323897093,13.407964374499725,13.407964374499725,154661
2023-11-08,13.398841857910156,13.40796313014692,13.371478911052261,13.40796313014692,381002
2023-11-09,13.417085647583008,13.444448596980376,13.407964374499725,13.407964374499725,380533
2023-11-10,13.325874328613281,13.37147982305523,13.316753925606855,13.37147982305523,72877
2023-11-13,13.371479034423828,13.417084526176028,13.371479034423828,13.417084526176028,212976
2023-11-14,13.43532657623291,13.43532657623291,13.398842355782575,13.398842355782575,205016
2023-11-15,13.508296966552734,13.517417370004887,13.499175693248082,13.499175693248082,1012201
2023-11-16,13.499175071716309,13.535659293402604,13.490053798831621,13.517416747633227,172067
2023-11-17,13.453570365905762,13.508297136569974,13.453570365905762,13.499175863150521,113875
2023-11-20,13.353236198425293,13.407962087886999,13.334993655369837,13.407962087886999,139645
2023-11-21,13.289389610290527,13.371479323247142,13.26202666258913,13.353237648063685,532713
2023-11-22,13.252903938293457,13.252903938293457,13.198178048885564,13.22554099358951,769000
2023-11-23,13.289389610290527,13.298510882808467,13.26202666258913,13.27114793510707,392217
2023-11-24,13.271147727966309,13.298510675240614,13.271147727966309,13.298510675240614,203416
2023-11-27,13.307633399963379,13.325875076852943,13.271149176331745,13.271149176331745,205250
2023-11-28,13.316753387451172,13.34411633506957,13.316753387451172,13.34411633506957,228223
2023-11-29,13.289389610290527,13.344116375545745,13.26202666258913,13.316753427844347,395424
2023-11-30,13.417085647583008,13.426206920666289,13.362358878935794,13.362358878935794,195313
2023-12-01,13.499175071716309,13.526538020517917,13.453569577145325,13.453569577145325,317598
2023-12-04,13.590384483337402,13.6177483005666,13.544779860993566,13.553900263550885,409965
2023-12-05,13.590384483337402,13.590384483337402,13.553900263550885,13.581264080780084,139070
2023-12-06,13.599504470825195,13.617747013921049,13.590383199277268,13.590383199277268,331000
2023-12-07,13.599504470825195,13.608625742373121,13.590383199277268,13.599504470825195,184132
2023-12-08,13.563021659851074,13.581264204837174,13.553900387358023,13.581264204837174,83719
2023-12-11,13.553899765014648,13.572142309163121,13.526536818644322,13.544779362792795,158201
2023-12-12,13.535660743713379,13.535660743713379,13.517418195989361,13.517418195989361,138388
2023-12-13,13.535660743713379,13.572144969308866,13.52653946985137,13.535660743713379,222415
2023-12-14,13.608626365661621,13.672473529716713,13.57214214765123,13.57214214765123,363000
2023-12-15,13.745442390441895,13.754563662689412,13.70895817130422,13.70895817130422,643132
2023-12-18,13.772808074951172,13.80017102555209,13.754565527982216,13.754565527982216,321000
2023-12-19,13.681595802307129,13.71808002298585,13.681595802307129,13.708958750353062,215410
2023-12-20,13.75456428527832,13.772806830599091,13.736322609809989,13.763685557938706,191660
2023-12-21,13.818411827087402,13.827533099993927,13.736322980486074,13.736322980486074,1258000
2023-12-22,13.763687133789062,13.818413036312249,13.763687133789062,13.818413036312249,310190
2023-12-25,13.745442390441895,13.772806207184448,13.736321988046774,13.763684934936931,191454
2023-12-26,13.681595802307129,13.77280678893015,13.681595802307129,13.745442971031784,387300
2023-12-27,13.672473907470703,13.718079398706811,13.672473907470703,13.681595179688404,464452
2023-12-28,13.645112037658691,13.736323027330055,13.626869491783433,13.690717532494373,298405
2023-12-29,13.599504470825195,13.626867415616646,13.590383199277268,13.608625742373121,243267
2024-01-02,13.553899765014648,13.563021037088886,13.526536818644322,13.563021037088886,318270
2024-01-03,13.635991096496582,13.672475319282327,13.553901377765532,13.553901377765532,478399
2024-01-04,13.645112037658691,13.672474986619115,13.626869491783433,13.626869491783433,385117
2024-01-05,13.672473907470703,13.70895812648911,13.645110960669998,13.645110960669998,591030
2024-01-08,13.66335391998291,13.672475193058261,13.635990970609337,13.672475193058261,186152
2024-01-09,13.745442390441895,13.745442390441895,13.70895817130422,13.70895817130422,483340
2024-01-10,13.809289932250977,13.82753160624096,13.763684442497464,13.763684442497464,372527
2024-01-11,13.836653709411621,13.85489538449749,13.827532436942477,13.845774981880766,322774
2024-01-12,13.845775604248047,13.873138553033025,13.827533058489756,13.836654331368901,636125
2024-01-15,13.845775604248047,13.845775604248047,13.845775604248047,13.845775604248047,0
2024-01-16,13.99171257019043,14.000833843121262,13.964349621250395,13.964349621250395,820196
2024-01-17,14.018440246582031,14.036872978490956,13.99079070923717,14.036872978490956,367198
2024-01-18,13.981573104858398,14.018439445532556,13.981573104858398,14.018439445532556,317250
2024-01-19,13.917057991027832,13.944707528307829,13.898624380199205,13.944707528307829,148705
2024-01-22,13.963141441345215,13.972358247539198,13.917059168301337,13.972358247539198,126199
2024-01-23,14.036873817443848,14.036873817443848,14.009224278446435,14.027657890420041,405979
2024-01-24,14.027656555175781,14.064522896650816,14.00000613984732,14.018439750066294,248250
2024-01-25,14.036873817443848,14.036873817443848,13.990791545435828,14.018441084433238,276000
2024-01-26,14.129039764404297,14.156689302707035,14.036873464777871,14.036873464777871,352080
2024-01-29,14.138257026672363,14.175123371920723,14.119823414566682,14.129040220619522,569050
2024-01-30,14.156688690185547,14.1843391062549,14.129039153079129,14.147472763792031,549867
2024-01-31,14.248855590820312,14.276505129100709,14.16590609701615,14.16590609701615,486684
2024-02-01,14.248855590820312,14.26728832335292,14.211989246792127,14.239638785072524,364182
2024-02-02,14.304153442382812,14.313369367812081,14.27650302920647,14.27650302920647,778000
2024-02-05,14.267288208007812,14.304155430700918,14.258072281297503,14.304155430700918,415395
2024-02-15,14.248855590820312,14.276505129100709,14.221206052539916,14.248855590820312,697176
2024-02-16,14.313371658325195,14.331805270059283,14.258072581048904,14.258072581048904,703356
2024-02-19,14.276503562927246,14.31336990291109,14.230420418206721,14.285720367663926,481439
2024-02-20,14.313371658325195,14.331805270059283,14.276505313820007,14.276505313820007,417343
2024-02-21,14.313371658325195,14.341022075926325,14.304155731421137,14.313371658325195,411100
2024-02-22,14.313371658325195,14.331805270059283,14.294938925554094,14.313371658325195,217100
2024-02-23,14.359454154968262,14.405537303242511,14.359454154968262,14.405537303242511,668535
2024-02-26,14.497703552246094,14.516137164198108,14.451621280292052,14.451621280292052,594273
2024-02-27,14.497703552246094,14.525353970174114,14.47005401328107,14.497703552246094,241782
2024-02-29,14.460836410522461,14.470053215990628,14.433186873080908,14.470053215990628,221000
2024-03-01,14.516136169433594,14.553002511848241,14.479269827018946,14.479269827018946,673343
2024-03-04,14.47005558013916,14.534572349994267,14.47005558013916,14.534572349994267,162518
2024-03-05,14.387104034423828,14.433187183793779,14.36867130205363,14.36867130205363,365230
2024-03-06,14.451620101928711,14.479269638639233,14.39632014954474,14.39632014954474,573457
2024-03-07,14.488485336303711,14.497701261860765,14.460834922743977,14.488485336303711,417150
2024-03-08,14.479269981384277,14.525353129634619,14.479269981384277,14.516136324191962,1041070
2024-03-11,14.525354385375977,14.534571191615443,14.47927123314167,14.47927123314167,423495
2024-03-12,14.497703552246094,14.53457077615012,14.497703552246094,14.497703552246094,344374
2024-03-13,14.525354385375977,14.543787118891887,14.488488039381135,14.488488039381135,346278
2024-03-14,14.553003311157227,14.553003311157227,14.506920160867113,14.525353772568351,541200
2024-03-15,14.53456974029541,14.553002471970757,14.488486592662642,14.49770251901885,277000
2024-03-18,14.54378604888916,14.56221966001191,14.534570122290742,14.534570122290742,434000
2024-03-19,14.58986759185791,14.599084396404812,14.553001252633166,14.553001252633166,484583
2024-03-20,14.755768775939941,14.783419193737059,14.654385668609823,14.654385668609823,1363751
2024-03-21,14.764984130859375,14.764984130859375,14.718900984689274,14.755767325832773,386080
2024-03-22,14.89401626586914,14.912449876393257,14.764984508052045,14.764984508052045,1043485
2024-03-25,14.875581741333008,14.930882569507462,14.820282671084302,14.894015350724493,297844
2024-03-26,14.866365432739258,14.884799042745886,14.792632750638552,14.866365432739258,273026
2024-03-27,14.89401626586914,14.89401626586914,14.838717192222651,14.84793399748471,612662
2024-03-28,14.88479995727539,14.912450373984187,14.87558315170579,14.87558315170579,235345
2024-03-29,14.847933769226074,14.866365621540979,14.820283353864973,14.820283353864973,337000
2024-04-01,14.820281982421875,14.829498786689335,14.783416523277701,14.829498786689335,302200
2024-04-02,14.875581741333008,14.912448960115977,14.820282671084302,14.820282671084302,203350
2024-04-03,14.783418655395508,14.82028411985655,14.746551433008545,14.746551433008545,601692
2024-04-08,14.857151985168457,14.884800645229221,14.79263434319935,14.79263434319935,344975
2024-04-09,14.857151985168457,14.894017451224807,14.857151985168457,14.857151985168457,211050
2024-04-10,14.811067581176758,14.857151609990963,14.792633969651074,14.857151609990963,269712
2024-04-11,14.69124984741211,14.746549795890358,14.672817117227936,14.746549795890358,877626
2024-04-12,14.62673568725586,14.64516929856291,14.589869343604722,14.64516929856291,362165
2024-04-15,14.57143783569336,14.617520109907336,14.562221029265348,14.617520109907336,452944
2024-04-16,14.442403793334961,14.47927013653769,14.423970182252122,14.451620598876382,635673
2024-04-17,14.405535697937012,14.43318523223521,14.396318893516664,14.43318523223521,685541
2024-04-18,14.439072608947754,14.550858870925367,14.429756865016728,14.532228271461552,242052
2024-04-19,14.448389053344727,14.467019653711764,14.439073308962065,14.439073308962065,164064
2024-04-22,14.541543006896973,14.541543006896973,14.448388233550771,14.448388233550771,153027
2024-04-23,14.616066932678223,14.616066932678223,14.56017424729949,14.56017424729949,186439
2024-04-24,14.709222793579102,14.718538537402097,14.690592194331343,14.718538537402097,333328
2024-04-25,14.746484756469727,14.755800500214384,14.709222669889316,14.709222669889316,193000
2024-04-26,14.68127727508545,14.699907875379601,14.66264578639302,14.671961530739233,176008
2024-04-29,14.67196273803711,14.727856320315384,14.67196273803711,14.69990908497707,317472
2024-04-30,14.653328895568848,14.690591870038247,14.644014040349706,14.671960382803547,227058
2024-05-02,14.644014358520508,14.662644957761787,14.644014358520508,14.644014358520508,721500
2024-05-03,14.66264533996582,14.699907427817898,14.66264533996582,14.681276828090985,77699
2024-05-06,14.737170219421387,14.746485963928828,14.681277529173324,14.681277529173324,357121
2024-05-07,14.821008682250977,14.830324425840145,14.755800253923216,14.755800253923216,519316
2024-05-08,14.802379608154297,14.811694464304713,14.746486029260314,14.746486029260314,228020
2024-05-09,14.68127727508545,14.709223619725815,14.68127727508545,14.709223619725815,52456
2024-05-10,14.709222793579102,14.746484880472849,14.709222793579102,14.709222793579102,368506
2024-05-13,14.699907302856445,14.718538790823226,14.699907302856445,14.709223046839837,495847
2024-05-14,14.718539237976074,14.737169838110615,14.699907749443263,14.699907749443263,219316
2024-05-15,14.625384330749512,14.699908511949896,14.625384330749512,14.699908511949896,232332
2024-05-16,14.709222793579102,14.709222793579102,14.662644962862359,14.662644962862359,389800
2024-05-17,14.755800247192383,14.765115990777302,14.709222417665996,14.709222417665996,229120
2024-05-20,14.737170219421387,14.755801708436271,14.737170219421387,14.737170219421387,307249
2024-05-21,14.783747673034668,14.793063417302328,14.75580132862996,14.75580132862996,428001
2024-05-22,14.746484756469727,14.783746843050139,14.737169012725069,14.783746843050139,78000
2024-05-23,14.746484756469727,14.765116243959044,14.737169012725069,14.746484756469727,123543
2024-05-24,14.634700775146484,14.671962867528082,14.634700775146484,14.671962867528082,268145
2024-05-27,14.67196273803711,14.737171177029802,14.67196273803711,14.67196273803711,195044
2024-05-28,14.66264533996582,14.681276828090985,14.653329595903237,14.66264533996582,86517
2024-05-29,14.653328895568848,14.662644639186198,14.644014040349706,14.644014040349706,197513
2024-05-30,14.634700775146484,14.644016520341474,14.606754427959878,14.606754427959878,138567
2024-05-31,14.755800247192383,14.765115990777302,14.709222417665996,14.709222417665996,356366
2024-06-03,14.867587089538574,14.876902833489742,14.83964074608331,14.83964074608331,695278
2024-06-04,14.867587089538574,14.876902833489742,14.858271345587406,14.867587089538574,261353
2024-06-05,14.858270645141602,14.886216987279425,14.858270645141602,14.86758638865361,170475
2024-06-06,14.830326080322266,14.848956681180837,14.811694591065386,14.830326080322266,399100
2024-06-07,14.839641571044922,14.848956427115679,14.82101008210683,14.82101008210683,139314
2024-06-11,14.821008682250977,14.839640169429313,14.811692938661809,14.811692938661809,119501
2024-06-12,14.746484756469727,14.82100892963055,14.737169012725069,14.82100892963055,133470
2024-06-13,14.783747673034668,14.802379161569988,14.7464855843623,14.7464855843623,222851
2024-06-14,14.793063163757324,14.811693763575056,14.783747419649332,14.783747419649332,428687
2024-06-17,14.755800247192383,14.774430845964014,14.718538161250915,14.774430845964014,187010
2024-06-18,14.727855682373047,14.7558020281025,14.727855682373047,14.7558020281025,368516
2024-06-19,14.793063163757324,14.821009507683048,14.755801075723609,14.755801075723609,765066
2024-06-20,14.802379608154297,14.821010208853426,14.793063863605584,14.793063863605584,455952
2024-06-21,14.774431228637695,14.811693315544291,14.774431228637695,14.783746972463902,217794
2024-06-24,14.802379608154297,14.821010208853426,14.78374811905687,14.811694464304713,89824
2024-06-25,14.839641571044922,14.848956427115679,14.82101008210683,14.82101008210683,372046
2024-06-26,14.914164543151855,14.932796030582296,14.848955225543532,14.848955225543532,504000
2024-06-27,14.942112922668457,14.97005837916542,14.932797178237278,14.960742634734242,306000
2024-06-28,14.886218070983887,14.932796791934816,14.876903215191964,14.876903215191964,94500
2024-07-01,14.839641571044922,14.886218516593576,14.802379481567025,14.886218516593576,165505
2024-07-02,14.830326080322266,14.858272425809277,14.830326080322266,14.839641824950704,89013
2024-07-03,14.96074104309082,14.970056786530916,14.87690201732454,14.87690201732454,481521
2024-07-04,14.979373931884766,15.016636909132574,14.979373931884766,15.016636909132574,142383
2024-07-05,14.95142650604248,14.970057994425998,14.932796794455491,14.970057994425998,176175
2024-07-08,14.932798385620117,14.97937533474539,14.923482640435719,14.97937533474539,117144
2024-07-09,14.979373931884766,14.99800542050867,14.932796987121556,14.932796987121556,463000
2024-07-10,14.923480987548828,14.960742187362747,14.923480987548828,14.951426443210137,104422
2024-07-11,14.95142650604248,14.970057994425998,14.95142650604248,14.95142650604248,223436
2024-07-12,15.072528839111328,15.081844582954112,15.016636152851085,15.016636152851085,801180
2024-07-15,15.109789848327637,15.156368566957825,15.091160137671999,15.156368566957825,221678
2024-07-16,15.150280952453613,15.187943861464182,15.122032423731701,15.187943861464182,155050
2024-07-17,15.159696578979492,15.178528930777878,15.1502804030803,15.1502804030803,246944
2024-07-18,15.159696578979492,15.159696578979492,15.140864227181108,15.140864227181108,292254
2024-07-19,15.169112205505371,15.197358936228031,15.15027985438903,15.15027985438903,364495
2024-07-22,15.263270378112793,15.272686553676472,15.159696038816026,15.169112214379707,712840
2024-07-23,15.225606918334961,15.263269823268718,15.225606918334961,15.263269823268718,194263
2024-07-26,15.112615585327148,15.187943195999766,15.074952677966792,15.159696464467475,205357
2024-07-29,15.140863418579102,15.169111944768058,15.112614892390146,15.112614892390146,240473
2024-07-30,15.112615585327148,15.140864112811345,15.103201205450986,15.140864112811345,38461
2024-07-31,15.112615585327148,15.159696464467475,15.112615585327148,15.122031761155215,371003
2024-08-01,15.037286758422852,15.093782907472063,14.971374434869468,15.093782907472063,220417
2024-08-02,15.13144588470459,15.169110582908386,15.084366807901505,15.084366807901505,450311
2024-08-05,14.999625205993652,15.10320134510822,14.990209030078518,15.10320134510822,332239
2024-08-06,14.88663387298584,14.952545308811985,14.820721539183731,14.88663387298584,232000
2024-08-07,14.990208625793457,14.999624801454639,14.886633387448269,14.886633387448269,537659
2024-08-08,14.96196174621582,14.990209376638326,14.914881763527658,14.914881763527658,62101
2024-08-09,14.905465126037598,14.961961283109906,14.905465126037598,14.952545107268529,132100
2024-08-12,14.933712005615234,14.933712005615234,14.867800573987571,14.886632924724566,471204
2024-08-13,14.86780071258545,14.971375948676721,14.86780071258545,14.971375948676721,126120
2024-08-14,14.896048545837402,14.924297072594717,14.877217092641787,14.924297072594717,193030
2024-08-15,14.971375465393066,14.980791640545382,14.952544013064323,14.952544013064323,120100
2024-08-16,14.999625205993652,15.037289011678233,14.971376678248246,14.971376678248246,237178
2024-08-19,14.924296379089355,14.99962398432333,14.924296379089355,14.99962398432333,569387
2024-08-20,14.88663387298584,14.896049150978172,14.85838534508095,14.88663387298584,1365117
2024-08-21,14.924296379089355,14.943127831409905,14.905464028792919,14.924296379089355,44071
2024-08-22,14.999625205993652,15.009040483932827,14.90546524279422,14.90546524279422,316457
2024-08-23,14.990208625793457,14.999624801454639,14.980792450132276,14.980792450132276,55029
2024-08-26,15.009040832519531,15.018457008653359,14.971377025960205,14.990209378227858,252000
2024-08-27,15.037286758422852,15.046702034951199,15.009038234910333,15.009038234910333,194387
2024-08-28,15.074951171875,15.084367346762324,15.037287370301565,15.037287370301565,245405
2024-08-29,15.065536499023438,15.093785026501791,15.065536499023438,15.074952674849555,206082
2024-08-30,15.103201866149902,15.112616246437902,15.056120984949995,15.056120984949995,103500
2024-09-02,15.084367752075195,15.103200102355864,15.065535401794527,15.09378392721553,67093
2024-09-03,15.103201866149902,15.122032422677883,15.08436951366994,15.08436951366994,137401
2024-09-04,15.103201866149902,15.122032422677883,15.09378568990992,15.09378568990992,424312
2024-09-05,15.197359085083008,15.206775260733409,15.131447651482077,15.131447651482077,430310
2024-09-06,15.178526878356934,15.225605955535006,15.178526878356934,15.206773606283107,149370
2024-09-09,15.197359085083008,15.206775260733409,15.159696178433277,15.178528529734077,509000
2024-09-10,15.319767951965332,15.329184127848915,15.235024164965004,15.235024164965004,387506
2024-09-11,15.329183578491211,15.348014133631624,15.31976740294508,15.31976740294508,210500
2024-09-12,15.376261711120605,15.395094061050381,15.300934107353243,15.329182632247907,467506
2024-09-13,15.348013877868652,15.395094754814743,15.348013877868652,15.395094754814743,56160
2024-09-16,15.348013877868652,15.395094754814743,15.348013877868652,15.35743005325787,85024
2024-09-18,15.461004257202148,15.461004257202148,15.385676659440389,15.385676659440389,399753
2024-09-19,15.52691650390625,15.583411756234756,15.461005076864376,15.461005076864376,713314
2024-09-20,15.573995590209961,15.583409967891248,15.536330895678875,15.536330895678875,338178
2024-09-23,15.639908790588379,15.658739344046653,15.573997363605198,15.573997363605198,375656
2024-09-24,15.621077537536621,15.677572793779914,15.621077537536621,15.639909888268324,274471
2024-09-25,15.592829704284668,15.61166205585316,15.57399914866807,15.58341352850042,299130
2024-09-26,15.602246284484863,15.630494812569815,15.58341393242823,15.592830108456548,205302
2024-09-27,15.545751571655273,15.59283065750264,15.526919218935525,15.59283065750264,247527
2024-09-30,15.442173957824707,15.479838659679185,15.442173957824707,15.470422484215565,194387
2024-10-01,15.442173957824707,15.451590133288326,15.376262525531205,15.395094876458444,80592
2024-10-04,15.63049602508545,15.63049602508545,15.442176081814315,15.442176081814315,640302
2024-10-07,15.696405410766602,15.705821586292178,15.630493978039413,15.630493978039413,382162
2024-10-08,15.583412170410156,15.621076870264673,15.555165441471008,15.621076870264673,111000
2024-10-09,15.621077537536621,15.677572793779914,15.61166136217077,15.621077537536621,303000
2024-10-11,15.621077537536621,15.658740443048211,15.61166136217077,15.630493712902473,136722
2024-10-14,15.696405410766602,15.705821586292178,15.639910153564989,15.639910153564989,165216
2024-10-15,15.743485450744629,15.743485450744629,15.705822542301638,15.705822542301638,527785
2024-10-16,15.809396743774414,15.818811122766142,15.696404440404603,15.705820615348065,503769
2024-10-17,15.854096412658691,15.863607186030956,15.83507486591416,15.83507486591416,144084
2024-10-18,15.797032356262207,15.806543128893843,15.787521583630571,15.797032356262207,157048
2024-10-21,15.673395156860352,15.797033395208718,15.673395156860352,15.797033395208718,124183
2024-10-22,15.587800979614258,15.6829069040977,15.587800979614258,15.6829069040977,88000
2024-10-23,15.625843048095703,15.644864594541247,15.587799955204614,15.587799955204614,148866
2024-10-24,15.511714935302734,15.559268799429688,15.511714935302734,15.521225708128126,21000
2024-10-25,15.540249824523926,15.59731265692145,15.540249824523926,15.549760598922635,101000
2024-10-28,15.540249824523926,15.58780188252274,15.511717501327794,15.58780188252274,90001
2024-10-29,15.540249824523926,15.549760598922635,15.530739050125215,15.549760598922635,45000
2024-10-30,15.483185768127441,15.530737822367103,15.483185768127441,15.530737822367103,45183
2024-11-01,15.388079643249512,15.454653243907211,15.37856886972776,15.454653243907211,35000
2024-11-04,15.235910415649414,15.378568385999301,15.235910415649414,15.378568385999301,75542
2024-11-05,15.426119804382324,15.426119804382324,15.350035435721779,15.350035435721779,267016
2024-11-06,15.644865989685059,15.673396497903095,15.473675684398147,15.473675684398147,141111
2024-11-07,15.625843048095703,15.654373553769508,15.625843048095703,15.654373553769508,194000
2024-11-08,15.568780899047852,15.616332953232819,15.55927012541194,15.616332953232819,45304
2024-11-11,15.768503189086914,15.7875247381509,15.65437570869776,15.72095113042171,467358
2024-11-12,15.749480247497559,15.768501794879711,15.730460514110005,15.768501794879711,112010
2024-11-13,15.635353088378906,15.654372819938349,15.625842315601972,15.654372819938349,156812
2024-11-14,15.644865989685059,15.654374949761289,15.625844441543252,15.635355215614155,132000
2024-11-15,15.606822967529297,15.644866063993604,15.606822967529297,15.635355289877527,51101
2024-11-18,15.606822967529297,15.62584451576145,15.540249362711442,15.540249362711442,123770
2024-11-19,15.52122688293457,15.578289710211582,15.52122688293457,15.578289710211582,8000
2024-11-20,15.483185768127441,15.483185768127441,15.483185768127441,15.483185768127441,73
2024-11-21,15.473675727844238,15.502206236142381,15.454654179649024,15.454654179649024,35000
2024-11-22,15.559269905090332,15.568780678591569,15.540248358087856,15.540248358087856,83119
2024-11-25,15.559269905090332,15.625843505604431,15.549759131589093,15.597311185100718,50000
2024-11-26,15.635353088378906,15.692415911046089,15.635353088378906,15.64486386115584,99000
2024-11-27,15.559269905090332,15.58780041159948,15.530737584586618,15.530737584586618,40000
2024-11-28,15.587800979614258,15.597311753462064,15.559270472065466,15.568781245913273,138030
2024-11-29,15.568780899047852,15.597311405960996,15.568780899047852,15.587800632325084,267097
2024-12-02,15.682905197143555,15.692415969956194,15.654372878705638,15.663883651518278,339062
2024-12-03,15.682905197143555,15.711437515581471,15.654372878705638,15.711437515581471,147049
2024-12-04,15.530736923217773,15.578288974704417,15.530736923217773,15.578288974704417,108000
2024-12-05,15.52122688293457,15.549759203570362,15.502205335844042,15.549759203570362,86005
2024-12-06,15.530736923217773,15.578288974704417,15.521226150121548,15.521226150121548,141198
2024-12-09,15.568780899047852,15.587800632325084,15.540248578140115,15.549759351776027,95088
2024-12-10,15.473675727844238,15.530738558435202,15.473675727844238,15.530738558435202,139811
2024-12-11,15.52122688293457,15.530737656479834,15.473674829202825,15.473674829202825,251301
2024-12-12,15.52122688293457,15.549759203570362,15.52122688293457,15.530737656479834,947136
2024-12-13,15.464164733886719,15.50220601574162,15.45465395992433,15.50220601574162,71009
2024-12-16,15.407100677490234,15.435631183111328,15.388079131079833,15.435631183111328,88043
2024-12-17,15.35954761505127,15.369058388754059,15.35003684134848,15.35954761505127,53006
2024-12-18,15.369057655334473,15.378568428583401,15.369057655334473,15.369057655334473,102092
2024-12-19,15.283461570739746,15.302483116068508,15.216887976083486,15.216887976083486,248105
2024-12-20,15.207379341125488,15.245422437130742,15.207379341125488,15.226400889128115,115050
2024-12-23,15.283461570739746,15.292972343404127,15.216887976083486,15.216887976083486,95000
2024-12-24,15.226399421691895,15.24542096786133,15.216888648607178,15.24542096786133,11000
2024-12-25,15.188356399536133,15.216887810221083,15.178845626975418,15.216887810221083,35352
2024-12-26,15.207379341125488,15.245422437130742,15.207379341125488,15.207379341125488,100000
2024-12-27,15.169336318969727,15.197867732409302,15.169336318969727,15.18835786592763,28000
2024-12-30,15.093252182006836,15.131294369522399,15.093252182006836,15.131294369522399,328899
2024-12-31,15.226399421691895,15.226399421691895,15.178846463265549,15.188357236350267,114106
2025-01-02,15.283461570739746,15.292972343404127,15.235909521412248,15.235909521412248,218120
2025-01-03,15.502204895019531,15.511715668294345,15.445142069365174,15.454652842639987,276346
2025-01-06,15.635353088378906,15.64486386115584,15.6068207700481,15.6068207700481,318000
2025-01-07,15.52122688293457,15.625843577937902,15.52122688293457,15.625843577937902,65000
2025-01-08,15.407100677490234,15.407100677490234,15.359546811464233,15.359546811464233,80300
2025-01-09,15.35954761505127,15.388079936159636,15.35954761505127,15.388079936159636,22195
2025-01-10,15.378568649291992,15.388079422677418,15.350036329135715,15.359547102521141,56404
2025-01-13,15.25493335723877,15.25493335723877,15.23591180905396,15.23591180905396,29211
2025-01-14,15.159826278686523,15.188358600503328,15.159826278686523,15.188358600503328,54500
2025-01-15,15.216889381408691,15.216889381408691,15.178847194235061,15.178847194235061,96908
2025-01-16,15.464164733886719,15.483186281811497,15.416610864074775,15.483186281811497,168000
2025-01-17,15.451680183410645,15.461283684776564,15.432473180678803,15.461283684776564,168000
2025-01-20,15.403664588928223,15.451680264328678,15.39406108751201,15.451680264328678,144579
2025-01-21,15.374853134155273,15.394060135800258,15.365249633332782,15.394060135800258,101000
2025-01-22,15.538108825683594,15.547712326407757,15.48048965301909,15.48048965301909,197000
2025-02-03,15.586125373840332,15.60533237636843,15.52850619793661,15.538109699200659,234560
2025-02-04,15.413265228271484,15.490091402784671,15.40366355917776,15.490091402784671,42080
2025-02-05,15.394061088562012,15.422869761132008,15.36525058431141,15.422869761132008,38000
2025-02-06,15.509299278259277,15.51890277957463,15.461283603363105,15.490092275628573,394061
2025-02-07,15.480489730834961,15.499694900699351,15.442075727745213,15.499694900699351,142000
2025-02-10,15.461283683776855,15.480490686507455,15.432473179680958,15.432473179680958,164860
2025-02-11,15.461283683776855,15.490092356192157,15.461283683776855,15.461283683776855,111000
2025-02-12,15.470887184143066,15.470887184143066,15.461283682778387,15.461283682778387,136299
2025-02-13,15.413265228271484,15.45167923136832,15.365249556080926,15.365249556080926,213000
2025-02-14,15.461283683776855,15.470887185142155,15.422869678315658,15.422869678315658,188000
2025-02-17,15.499695777893066,15.509299279209007,15.461283604309893,15.461283604309893,120000
2025-02-18,15.518901824951172,15.528505325675777,15.49969482350196,15.49969482350196,222100
2025-02-19,15.499695777893066,15.518902780524945,15.480490606941773,15.518902780524945,46130
2025-02-20,15.4420747756958,15.480488776417213,15.4420747756958,15.461281776056506,46005
2025-02-21,15.432472229003906,15.451679230551308,15.422868728230206,15.442075729777606,70288
2025-02-24,15.432472229003906,15.442075729777606,15.422868728230206,15.432472229003906,133000
2025-02-25,15.461283683776855,15.490092356192157,15.432473179680958,15.432473179680958,245604
2025-02-26,15.538108825683594,15.586124497623933,15.528505324959431,15.528505324959431,215000
2025-02-27,15.547712326049805,15.557315826773745,15.528505324601921,15.557315826773745,66026
2025-03-03,15.557315826416016,15.557315826416016,15.518901823521132,15.557315826416016,204335
2025-03-04,15.518901824951172,15.538108826400384,15.49969482350196,15.528505325675777,151000
2025-03-05,15.432472229003906,15.47088623209871,15.394060057589586,15.47088623209871,29000
2025-03-06,15.432472229003906,15.451679230551308,15.413265227456504,15.413265227456504,74060
2025-03-07,15.384456634521484,15.403663636165899,15.36524963287707,15.403663636165899,13703
2025-03-10,15.307629585266113,15.317233086114344,15.29802700025813,15.317233086114344,40564
2025-03-11,15.192390441894531,15.25001053159609,15.192390441894531,15.25001053159609,45050
2025-03-12,15.182788848876953,15.19239143458778,15.173185347325811,15.19239143458778,51000
2025-03-13,15.221199989318848,15.23080257379953,15.211596488997968,15.211596488997968,97018
2025-03-14,15.259613990783691,15.288423577635546,15.230803488091583,15.259613990783691,66042
2025-03-17,15.326836585998535,15.336440086846164,15.269216496753018,15.317233085150908,113138
2025-03-18,15.413265228271484,15.422868729045694,15.40366355917776,15.40366355917776,90100
2025-03-19,15.384456634521484,15.413265305307615,15.384456634521484,15.413265305307615,33100
2025-03-20,15.422869682312012,15.461283687783164,15.422869682312012,15.451680186415375,77000
2025-03-21,15.403664588928223,15.451680264328678,15.403664588928223,15.413266258663828,73948
2025-03-24,15.422869682312012,15.422869682312012,15.384457508521457,15.384457508521457,21000
2025-03-25,15.413265228271484,15.44207573059411,15.413265228271484,15.432472229819902,58000
2025-03-26,15.451680183410645,15.461283684776564,15.432473180678803,15.451680183410645,160000
2025-03-27,15.33643913269043,15.365248717600677,15.326835632440282,15.365248717600677,119098
2025-03-28,15.307629585266113,15.317233086114344,15.288423499409898,15.288423499409898,57000
2025-03-31,15.211597442626953,15.221200943549885,15.192390440781088,15.201993941704021,131049
2025-04-01,15.153977394104004,15.153977394104004,15.134771308046211,15.134771308046211,71152
2025-04-02,15.134772300720215,15.153978388037714,15.125168799141306,15.153978388037714,42010
2025-04-07,14.395318031311035,14.45293812040928,14.308888355583791,14.414525032957199,705130
2025-04-08,14.424128532409668,14.596986968007483,14.222459594345343,14.222459594345343,257500
2025-04-09,14.174443244934082,14.424128775476559,14.174443244934082,14.424128775476559,296074
2025-04-10,14.587383270263672,14.5969867709562,14.462541424621751,14.5969867709562,168288
2025-04-11,14.270474433898926,14.299284934683948,14.212855264009265,14.299284934683948,80000
2025-04-14,14.174443244934082,14.193649331061824,14.136030156838336,14.184046745918083,138000
2025-04-15,14.232062339782715,14.241665840713155,14.212856253762089,14.212856253762089,41000
2025-04-16,14.31849193572998,14.328095436606265,14.280078848065095,14.280078848065095,226000
2025-04-17,14.337698936462402,14.347301521497752,14.3184919347112,14.347301521497752,96000
2025-04-18,14.395318031311035,14.414525032957199,14.318491856406872,14.318491856406872,128764
2025-04-21,14.289682388305664,14.404921651617775,14.289682388305664,14.395318150715037,168156
2025-04-22,14.270474433898926,14.289681434422274,14.270474433898926,14.289681434422274,88000
2025-04-23,14.506584167480469,14.535733105354076,14.438568743604678,14.438568743604678,610011
2025-04-24,14.584315299987793,14.623180859398614,14.584315299987793,14.584315299987793,59000
2025-04-25,14.700912475585938,14.720344792634773,14.652330293021757,14.652330293021757,89000
2025-04-28,14.700912475585938,14.730061414473221,14.671763536698654,14.730061414473221,57000
2025-04-29,14.652329444885254,14.720343940561314,14.652329444885254,14.710628245913309,41000
2025-04-30,14.496867179870605,14.574598296655864,14.496867179870605,14.574598296655864,236000
2025-05-02,14.253957748413086,14.496867729229086,14.215092188547649,14.496867729229086,217000
2025-05-05,13.476646423339844,14.253958593353866,13.476646423339844,14.253958593353866,684258
2025-05-06,13.632107734680176,13.70012315877081,13.476645496692495,13.476645496692495,246044
2025-05-07,13.690406799316406,13.777854541515506,13.661257860792723,13.661257860792723,89010
2025-05-08,13.738988876342773,13.797286752944888,13.738988876342773,13.797286752944888,35010
2025-05-09,13.68069076538086,13.79728745111314,13.68069076538086,13.748705267067667,95000
2025-05-12,13.719555854797363,13.738989098397518,13.719555854797363,13.72927247659744,173000
2025-05-13,13.826436042785645,13.836152664675724,13.73898922565912,13.78757048185339,343000
2025-05-14,13.826436042785645,13.836152664675724,13.81672034752363,13.836152664675724,258000
2025-05-15,13.7098388671875,13.719555488728314,13.700123172274717,13.719555488728314,28001
2025-05-16,13.74870491027832,13.74870491027832,13.738989215023826,13.74870491027832,99011
2025-05-19,13.76813793182373,13.777854553549462,13.738988993274587,13.74870468837227,90000
2025-05-20,13.797286987304688,13.816720230920845,13.768138048508508,13.797286987304688,84000
2025-05-21,13.758421897888184,13.807004081964326,13.729272958093732,13.807004081964326,27000
2025-05-22,13.534945487976074,13.72927330252777,13.496079925065736,13.72927330252777,117000
2025-05-23,13.534945487976074,13.583526746642914,13.534945487976074,13.583526746642914,29024
2025-05-26,13.515511512756348,13.583526012516545,13.466929330087037,13.583526012516545,123000
2025-05-27,13.496078491210938,13.515510807287518,13.476645248506346,13.515510807287518,85000
2025-05-28,13.554376602172852,13.593242161631023,13.5446599806513,13.593242161631023,30024
2025-05-29,13.583526611328125,13.593243233615944,13.554377671092771,13.554377671092771,129000
2025-06-02,13.554376602172852,13.564093223694401,13.505794421193128,13.51551104271468,33000
2025-06-03,13.525227546691895,13.564093105812296,13.496078609008599,13.554376484375188,51000
2025-06-04,13.593242645263672,13.60295926713093,13.57381032815722,13.583526023396415,69129
2025-06-05,13.583526611328125,13.593243233615944,13.56409429338059,13.573810915668409,34000
2025-06-06,13.622391700744629,13.632107395406033,13.602958458165805,13.622391700744629,117213
2025-06-09,13.602958679199219,13.622391922093811,13.583525436304626,13.602958679199219,18000
2025-06-10,13.632107734680176,13.641824356211414,13.602958796714493,13.622392039776969,59325
2025-06-11,13.66125774383545,13.670973438841466,13.632107878933276,13.641824500567335,88149
2025-06-12,13.534945487976074,13.632108931937866,13.51551224320685,13.632108931937866,158000
2025-06-13,13.44749641418457,13.466928730410144,13.408630855105402,13.466928730410144,143000
2025-06-16,13.389198303222656,13.418348169007373,13.360049364066008,13.408631547079134,195000
2025-06-17,13.3600492477417,13.369765869585336,13.340616004054423,13.3600492477417,60000
2025-06-18,13.3600492477417,13.38919818664455,13.3600492477417,13.3600492477417,18000
2025-06-19,13.37948226928711,13.408631207705996,13.3697656476048,13.398914586023686,106020
2025-06-20,13.37948226928711,13.437780146124885,13.3697656476048,13.37948226928711,72283
2025-06-23,13.437780380249023,13.457213623952228,13.41834806317388,13.41834806317388,122000
2025-06-24,13.437780380249023,13.486362562878972,13.437780380249023,13.486362562878972,35001
2025-06-25,13.457213401794434,13.505794656994318,13.447496780103238,13.457213401794434,101780
2025-06-26,13.389198303222656,13.389198303222656,13.311467181052882,13.369765985994247,270000
2025-06-27,13.340615272521973,13.40863069506975,13.330899577839155,13.40863069506975,83055
2025-06-30,13.408631324768066,13.428063641674294,13.360049142560417,13.360049142560417,148000
2025-07-01,13.369766235351562,13.408631797161325,13.369766235351562,13.369766235351562,109000
2025-07-02,13.44749641418457,13.476645351836941,13.369765296026234,13.369765296026234,24084
2025-07-03,13.437780380249023,13.47664594102737,13.428063758397421,13.447497002100626,41096
2025-07-04,13.437780380249023,13.457213623952228,13.437780380249023,13.437780380249023,32000
2025-07-07,13.554376602172852,13.564093223694401,13.457213166841436,13.486362104778058,93000
2025-07-08,13.525227546691895,13.534944168129,13.496078609008599,13.525227546691895,91000
2025-07-09,13.564092636108398,13.602958193882944,13.515510457233217,13.515510457233217,61000
2025-07-10,13.70012378692627,13.719556104251692,13.680690542972773,13.680690542972773,108214
2025-07-11,13.74870491027832,13.78757047118049,13.738989215023826,13.738989215023826,65005
2025-07-14,13.70012378692627,13.748705043553864,13.66125822564735,13.748705043553864,85072
2025-07-15,13.7098388671875,13.7098388671875,13.700123172274717,13.700123172274717,90000
2025-07-16,13.720635414123535,13.808965837679215,13.701006951100752,13.808965837679215,136000
2025-07-17,13.740263938903809,13.740263938903809,13.720634541148684,13.720634541148684,77000
2025-07-18,13.779521942138672,13.799151340098511,13.740264082200206,13.740264082200206,87000
2025-07-21,13.779521942138672,13.828594501057058,13.759893480160045,13.759893480160045,140000
2025-07-22,13.730449676513672,13.779522236480286,13.730449676513672,13.779522236480286,36173
2025-07-23,13.710820198059082,13.769706516870194,13.710820198059082,13.769706516870194,22000
2025-07-24,13.701005935668945,13.720634397236992,13.691191236894326,13.720634397236992,27240
2025-07-25,13.779521942138672,13.789336641118592,13.740264082200206,13.740264082200206,86000
2025-07-28,13.867852210998535,13.867852210998535,13.83840905035845,13.83840905035845,122000
2025-07-29,13.936553001403809,13.946367700115772,13.877666681094398,13.887480443825176,213441
2025-07-30,13.956183433532715,13.965997196991081,13.946368734093094,13.946368734093094,46310
2025-07-31,14.103400230407715,14.113214929881579,13.956183482224796,13.956183482224796,364331
2025-08-01,14.132843017578125,14.162287115217886,14.103399855919598,14.103399855919598,141194
2025-08-04,14.005255699157715,14.093585184306274,13.995440999925242,14.093585184306274,28029
2025-08-05,14.093584060668945,14.1328419184877,14.034697741931394,14.034697741931394,162020
2025-08-06,14.113214492797852,14.13284295515643,14.073956632099465,14.103399793627947,249000
2025-08-07,14.064142227172852,14.113214788067815,14.044513764403616,14.113214788067815,53100
2025-08-08,14.044512748718262,14.054326511402534,14.024883351387356,14.034698050052809,139098
2025-08-11,14.064142227172852,14.083771625923337,14.054327527797609,14.054327527797609,53150
2025-08-12,14.103400230407715,14.113214929881579,14.064142368493519,14.064142368493519,96000
2025-08-13,14.162286758422852,14.17210052140763,14.142657360490876,14.152472059456864,89247
2025-08-14,14.191729545593262,14.23098740444213,14.162286385451907,14.162286385451907,103000
2025-08-15,14.240802764892578,14.25061746405616,14.191730205055887,14.191730205055887,105704
2025-08-18,14.211359024047852,14.240803122277528,14.19173056120932,14.221173723457744,151000
2025-08-19,14.250617027282715,14.280060187889822,14.230987629557177,14.230987629557177,38000
2025-08-20,14.338947296142578,14.358576694945537,14.280060971696203,14.280060971696203,235398
2025-08-21,14.437091827392578,14.446906526392416,14.358576107356305,14.358576107356305,197000
2025-08-22,14.495979309082031,14.495979309082031,14.446906749306873,14.446906749306873,95000
2025-08-25,14.515607833862305,14.554865694655108,14.515607833862305,14.554865694655108,68000
2025-08-26,14.505792617797852,14.515607316641644,14.486164156091467,14.49597885493526,95047
2025-08-27,14.554865837097168,14.57449523567629,14.525422675209727,14.525422675209727,69000
2025-08-28,14.535237312316895,14.554865774830805,14.535237312316895,14.554865774830805,47000
2025-08-29,14.535237312316895,14.564680474078378,14.535237312316895,14.545051075583231,47000
2025-09-01,14.515607833862305,14.535237232249322,14.466535273875992,14.505793134668796,61023
2025-09-02,14.515607833862305,14.535237232249322,14.515607833862305,14.515607833862305,22202
2025-09-03,14.574494361877441,14.584308124597387,14.51560710565184,14.51560710565184,71118
2025-09-04,14.554865837097168,14.58430899898461,14.554865837097168,14.57449523567629,174005
2025-09-05,14.584308624267578,14.613752721379749,14.574494861211404,14.613752721379749,138000
2025-09-08,14.653011322021484,14.653011322021484,14.62356722342139,14.633381922954754,181096
2025-09-09,14.613752365112305,14.66282398714051,14.613752365112305,14.643195525525465,59067
2025-09-10,14.564680099487305,14.623566421495765,14.54505070149701,14.623566421495765,40235
2025-09-11,14.603938102722168,14.613752801813577,14.545050844154929,14.564680242337749,133928
2025-09-12,14.613752365112305,14.66282398714051,14.603937666314186,14.603937666314186,25331
2025-09-15,14.653011322021484,14.67263978510695,14.653011322021484,14.662825085573585,39000
2025-09-16,14.633380889892578,14.711896608654055,14.603937729352324,14.662824050432832,57435
2025-09-17,14.594123840332031,14.633381701891167,14.574495377543089,14.633381701891167,499000
2025-09-18,14.633380889892578,14.682453448113801,14.594123030511842,14.594123030511842,388691
2025-09-19,14.653011322021484,14.653011322021484,14.62356722342139,14.633381922954754,114656
2025-09-22,14.682453155517578,14.721711014115973,14.643195296919181,14.643195296919181,67510
2025-09-23,14.633380889892578,14.672638749273316,14.603937729352324,14.672638749273316,82000
2025-09-24,14.662824630737305,14.662824630737305,14.603938307326278,14.603938307326278,146000
2025-09-25,14.662824630737305,14.67263932996622,14.623566769802876,14.643196168260708,167331
2025-09-26,14.653011322021484,14.67263978510695,14.62356722342139,14.67263978510695,218000
2025-09-30,14.662824630737305,14.67263932996622,14.653010867489623,14.67263932996622,27550
2025-10-01,14.505792617797852,14.574494573723191,14.49597885493526,14.574494573723191,96050
2025-10-02,14.643195152282715,14.643195152282715,14.603937294072084,14.603937294072084,90044
2025-10-03,14.623566627502441,14.653010724902671,14.594123466083436,14.643196025769262,189018
2025-10-07,14.633380889892578,14.662824050432832,14.603937729352324,14.623566191052095,147433
2025-10-08,14.672638893127441,14.711896752893072,14.63338103336181,14.63338103336181,97000
2025-10-09,14.653011322021484,14.67263978510695,14.64319662248812,14.67263978510695,117000
2025-10-13,14.545050621032715,14.554865319973567,14.427277041686114,14.427277041686114,55201
2025-10-14,14.584308624267578,14.594123323304968,14.545050764099233,14.545050764099233,40292
2025-10-15,14.584308624267578,14.623566484435923,14.564680162174014,14.594123323304968,83035
2025-10-16,14.633380889892578,14.643195588733063,14.564679869971588,14.564679869971588,96000
2025-10-17,14.564680099487305,14.564680099487305,14.54505070149701,14.554865400492156,42000
2025-10-20,14.555761337280273,14.605304622776826,14.545853436148622,14.575579029462725,93000
2025-10-21,14.654848098754883,14.714300231115411,14.644939252534863,14.714300231115411,99776
2025-10-22,14.704391479492188,14.714300325775952,14.506219278614852,14.506219278614852,216000
2025-10-23,14.724207878112793,14.724207878112793,14.694482284925634,14.694482284925634,122069
2025-10-27,14.744026184082031,14.763842932045357,14.734117337620566,14.744026184082031,163279
2025-10-28,14.704391479492188,14.763842667275592,14.704391479492188,14.744025919667655,66000
2025-10-29,14.664756774902344,14.694482368258075,14.664756774902344,14.694482368258075,47712
2025-10-30,14.674666404724121,14.68457430639879,14.65484871145553,14.664757558089827,118000
2025-10-31,14.585488319396973,14.615213913615637,14.585488319396973,14.615213913615637,56000
2025-11-03,14.545853614807129,14.704391374375668,14.545853614807129,14.704391374375668,85228
2025-11-04,14.56567096710205,14.585488660350826,14.5458542188129,14.5458542188129,113000
2025-11-05,14.526036262512207,14.526036262512207,14.506219514581918,14.516127416067258,48961
2025-11-06,14.605304718017578,14.62512241032926,14.565670278353798,14.62512241032926,112000
2025-11-07,14.575579643249512,14.61521408432387,14.575579643249512,14.595396391306885,91081
2025-11-10,14.615213394165039,14.644938987327203,14.60530454812446,14.615213394165039,57220
2025-11-11,14.625123023986816,14.664757465313626,14.61521417741521,14.61521417741521,141000
2025-11-12,14.674666404724121,14.68457430639879,14.635031963146567,14.644939864821236,102930
2025-11-13,14.684574127197266,14.69448297371064,14.664757379130132,14.664757379130132,165000
2025-11-14,14.585488319396973,14.684573948445724,14.585488319396973,14.684573948445724,32069
2025-11-17,14.595396041870117,14.625122580683897,14.55576160174467,14.55576160174467,135000
2025-11-18,14.486401557922363,14.535944844285408,14.486401557922363,14.535944844285408,58600
2025-11-19,14.456676483154297,14.486402078055583,14.456676483154297,14.4665853297746,48035
2025-11-20,14.535944938659668,14.545853784988529,14.45667605794798,14.45667605794798,281640
2025-11-21,14.426950454711914,14.486401642727932,14.426950454711914,14.486401642727932,13000
2025-11-24,14.555761337280273,14.5656701833715,14.516126897874948,14.516126897874948,88000
2025-11-25,14.575579643249512,14.585488489758005,14.535945202175155,14.555761950232526,286065
2025-11-26,14.595396041870117,14.635031426955155,14.595396041870117,14.635031426955155,54000
2025-11-27,14.644939422607422,14.654848268942512,14.605304982226656,14.635031521231928,367100
2025-11-28,14.664756774902344,14.664756774902344,14.625122335441509,14.644939082692138,87607
2025-12-01,14.674666404724121,14.714300846301676,14.664757558089827,14.664757558089827,48193
2025-12-02,14.664756774902344,14.694482368258075,14.65484792879724,14.674665621007446,115000
2025-12-03,14.73411750793457,14.753935201086579,14.664757471821778,14.664757471821778,233067
2025-12-04,14.694482803344727,14.704391649743219,14.694482803344727,14.704391649743219,41000
2025-12-05,14.704391479492188,14.704391479492188,14.694482633208422,14.694482633208422,119000
2025-12-08,14.644939422607422,14.70439155565837,14.625122674896838,14.70439155565837,89002
2025-12-09,14.664756774902344,14.694482368258075,14.644939082692138,14.644939082692138,69000
2025-12-10,14.684574127197266,14.704391820224012,14.664757379130132,14.664757379130132,401201
2025-12-11,14.73411750793457,14.73411750793457,14.674666318397781,14.684574220014166,233601
2025-12-12,14.80347728729248,14.833203826504912,14.80347728729248,14.823294980100767,178004
2025-12-15,14.833203315734863,14.853020062901173,14.793568876442675,14.793568876442675,380978
2025-12-16,14.90256404876709,14.90256404876709,14.853020761083128,14.853020761083128,311000
2025-12-17,14.922381401062012,14.932289302404858,14.89265486215469,14.89265486215469,182389
2025-12-18,14.922381401062012,14.981832588957467,14.912472554759571,14.922381401062012,184000
2025-12-19,14.952107429504395,14.971924177725539,14.922381834692867,14.922381834692867,132000
2025-12-22,15.011558532714844,15.011558532714844,14.981832938074431,14.981832938074431,332500
2025-12-23,14.971923828125,15.001650367202021,14.971923828125,14.991741520843014,119000
2025-12-24,14.91247272491455,14.942198319201456,14.91247272491455,14.942198319201456,124500
2025-12-26,14.932289123535156,15.001650101861792,14.91247237612725,14.91247237612725,56000
2025-12-29,14.91247272491455,14.932289472785952,14.91247272491455,14.922381571330055,56000
2025-12-30,14.90256404876709,14.912472895295807,14.862929607611843,14.862929607611843,127000
2025-12-31,14.892654418945312,14.902563264952864,14.843111133867126,14.843111133867126,115066
2026-01-02,14.882746696472168,14.92238113601837,14.882746696472168,14.882746696472168,169200
2026-01-05,15.031375885009766,15.06110147897628,14.882746970217601,14.882746970217601,338107
2026-01-06,15.110644340515137,15.17009647173544,15.100735494485159,15.100735494485159,368700
2026-01-07,15.14037036895752,15.170096907902144,15.120553621287364,15.120553621287364,160191
2026-01-08,15.199822425842285,15.199822425842285,15.14037029321007,15.14037029321007,269300
2026-01-09,15.209731101989746,15.21963900318464,15.199822255835274,15.199822255835274,73091
2026-01-12,15.24936580657959,15.259273707946614,15.209731366232699,15.209731366232699,111157
2026-01-13,15.298908233642578,15.308817080024479,15.249365891652278,15.249365891652278,239819
2026-01-14,15.328634262084961,15.368268701332463,15.298907723929656,15.298907723929656,80061
2026-01-15,15.338542938232422,15.338542938232422,15.298908496982195,15.308817343534656,41999
2026-01-16,15.378177642822266,15.407903236202479,15.338542258369213,15.338542258369213,105090
2026-01-19,15.289000511169434,15.378178239731113,15.289000511169434,15.378178239731113,88000
2026-01-20,15.329999923706055,15.329999923706055,15.180000305175781,15.180000305175781,280159
2026-01-21,15.350000381469727,15.350000381469727,15.329999923706055,15.34000015258789,254032
2026-01-22,15.420000076293945,15.449999809265137,15.399999618530273,15.420000076293945,162034
2026-01-23,15.4399995803833,15.449999809265137,15.4399995803833,15.449999809265137,437000
2026-01-26,15.359999656677246,15.399999618530273,15.34000015258789,15.399999618530273,144100
2026-01-27,15.350000381469727,15.359999656677246,15.350000381469727,15.350000381469727,48000
2026-01-28,15.270000457763672,15.3100004196167,15.260000228881836,15.3100004196167,232058
2026-01-29,15.210000038146973,15.25,15.210000038146973,15.25,149000
2026-01-30,15.180000305175781,15.1899995803833,15.15999984741211,15.1899995803833,215004
2026-02-02,15.239999771118164,15.270000457763672,15.130000114440918,15.130000114440918,90500
2026-02-03,15.260000228881836,15.270000457763672,15.239999771118164,15.239999771118164,85016
2026-02-04,15.170000076293945,15.1899995803833,15.170000076293945,15.1899995803833,93200
2026-02-05,15.25,15.260000228881836,15.239999771118164,15.25,192628
2026-02-06,15.130000114440918,15.199999809265137,15.109999656677246,15.199999809265137,120000
2026-02-09,15.210000038146973,15.25,15.130000114440918,15.130000114440918,359249
2026-02-10,15.199999809265137,15.220000267028809,15.1899995803833,15.210000038146973,74152
2026-02-11,15.199999809265137,15.220000267028809,15.15999984741211,15.199999809265137,509501
2026-02-23,15.199999809265137,15.25,15.180000305175781,15.199999809265137,159000
2026-02-24,15.1899995803833,15.199999809265137,15.180000305175781,15.180000305175781,241000
2026-02-25,15.15999984741211,15.180000305175781,15.15999984741211,15.180000305175781,157000
2026-02-26,15.140000343322754,15.1899995803833,15.119999885559082,15.1899995803833,127000
2026-03-02,15.100000381469727,15.140000343322754,15.079999923706055,15.140000343322754,254000
2026-03-03,15.119999885559082,15.119999885559082,15.09000015258789,15.100000381469727,221012
2026-03-04,15.109999656677246,15.140000343322754,15.069999694824219,15.069999694824219,124000
2026-03-05,15.149999618530273,15.210000038146973,15.140000343322754,15.140000343322754,88000
2026-03-06,15.119999885559082,15.15999984741211,15.109999656677246,15.149999618530273,172000
2026-03-09,15.0,15.119999885559082,14.960000038146973,15.119999885559082,88000
2026-03-10,15.09000015258789,15.15999984741211,15.029999732971191,15.039999961853027,110000
2026-03-11,15.050000190734863,15.100000381469727,15.029999732971191,15.100000381469727,113000
2026-03-12,14.970000267028809,15.050000190734863,14.9399995803833,15.050000190734863,222000
2026-03-13,15.0,15.0,14.920000076293945,14.920000076293945,453000
2026-03-16,15.010000228881836,15.020000457763672,14.890000343322754,14.890000343322754,337000
2026-03-17,14.90999984741211,15.0,14.890000343322754,15.0,143130
2026-03-18,14.970000267028809,14.970000267028809,14.9399995803833,14.949999809265137,336705
