Price,Close,High,Low,Open,Volume
Ticker,00726B.TWO,00726B.TWO,00726B.TWO,00726B.TWO,00726B.TWO
Date,,,,,
2021-03-18,31.09473991394043,31.09473991394043,31.027628851932427,31.027628851932427,102000
2021-03-19,31.09473991394043,31.09473991394043,31.09473991394043,31.09473991394043,102000
2021-03-22,31.206594467163086,31.206594467163086,31.206594467163086,31.206594467163086,101000
2021-03-23,31.16930389404297,31.24387331478869,31.16930389404297,31.206587182149555,110000
2021-03-24,31.355722427368164,31.400464078742935,31.303525256363834,31.303525256363834,107000
2021-03-25,31.430295944213867,31.445206985417084,31.430295944213867,31.445206985417084,102000
2021-03-26,31.430295944213867,31.482493122023673,31.430295944213867,31.482493122023673,101000
2021-03-29,31.31097984313965,31.31097984313965,31.243868796440072,31.243868796440072,101000
2021-03-30,31.28860855102539,31.28860855102539,31.22895586577087,31.22895586577087,133000
2021-03-31,31.191673278808594,31.348264781199042,31.169301032372612,31.348264781199042,116000
2021-04-01,31.221506118774414,31.281161665024857,31.221506118774414,31.281161665024857,105000
2021-04-07,31.318437576293945,31.355720861644972,31.318437576293945,31.355720861644972,104000
2021-04-08,31.303531646728516,31.318445533564656,31.303531646728516,31.318445533564656,115000
2021-04-09,31.430295944213867,31.430295944213867,31.3184432234598,31.3184432234598,106000
2021-04-12,31.430295944213867,31.430295944213867,31.38555428700567,31.430295944213867,105000
2021-04-13,31.467567443847656,31.497395204141863,31.467567443847653,31.497395204141863,103000
2021-04-14,31.534692764282227,31.534692764282227,31.497409469294784,31.497409469294784,111000
2021-04-15,31.54214096069336,31.542140960693363,31.534685441240438,31.534685441240438,102000
2021-04-16,31.616716384887695,31.639085792028947,31.616716384887695,31.616716384887695,115000
2021-04-19,31.54214096069336,31.683821431090653,31.50485767436391,31.683821431090653,107000
2021-04-20,31.384103775024414,31.55720519875792,31.384103775024414,31.55720519875792,102000
2021-04-21,31.33140754699707,31.4066680049932,31.33140754699707,31.4066680049932,105000
2021-04-22,31.459354400634766,31.459354400634766,31.346463701077923,31.346463701077923,104000
2021-04-23,31.459354400634766,31.481934837348344,31.459354400634766,31.481934837348344,107000
2021-04-26,31.308828353881836,31.459352146843322,31.308828353881836,31.459352146843322,102000
2021-04-27,31.143260955810547,31.33893991585341,31.11315561703376,31.33893991585341,105000
2021-04-28,31.00778579711914,31.15830960055716,31.00778579711914,31.15830960055716,101000
2021-04-29,30.97016716003418,30.970167160034176,30.970167160034176,30.970167160034176,100000
2021-05-03,31.113157272338867,31.113157272338867,31.083051931960394,31.083051931960394,106000
2021-05-04,31.158309936523438,31.158309936523434,31.158309936523434,31.158309936523434,100000
2021-05-05,31.158309936523438,31.173359733127032,31.158309936523434,31.173359733127032,101000
2021-05-06,31.18089485168457,31.376573834682997,31.18089485168457,31.376573834682997,102000
2021-05-07,31.195945739746094,31.195945739746094,31.195945739746094,31.195945739746094,100000
2021-05-10,31.098102569580078,31.158313246401658,31.098102569580078,31.158313246401658,114000
2021-05-11,31.18089485168457,31.271208007606656,31.098106595837884,31.271208007606656,105000
2021-05-12,31.20347023010254,31.23357557029541,31.20347023010254,31.23357557029541,102000
2021-05-13,31.12067985534668,31.180890531621618,31.12067985534668,31.158312963520046,108000
2021-05-14,31.08304786682129,31.08304786682129,31.007787396721184,31.007787396721184,110000
2021-05-17,31.12067985534668,31.12067985534668,31.083049618176375,31.083049618176375,114000
2021-05-18,31.037891387939453,31.083046519641268,30.902420250828442,30.902420250828442,104000
2021-05-19,30.932525634765625,31.007788979710927,30.932525634765625,31.007788979710927,103000
2021-05-20,30.940048217773438,30.97015355070451,30.940048217773438,30.940048217773438,102000
2021-05-21,31.00778579711914,31.03036336278388,31.00778579711914,31.03036336278388,101000
2021-05-24,31.00778579711914,31.00778579711914,31.00778579711914,31.00778579711914,2000
2021-05-25,30.97016716003418,30.970167160034176,30.970167160034176,30.970167160034176,202000
2021-05-26,31.150789260864258,31.210999945000946,31.098106347746374,31.195947273966773,209000
2021-05-27,31.195945739746094,31.195945739746094,31.083052148043645,31.1206823882767,103000
2021-05-28,31.08304786682129,31.210994111194946,31.08304786682129,31.210994111194946,102000
2021-05-31,31.00778579711914,31.00778579711914,31.00778579711914,31.00778579711914,100000
2021-06-01,30.97016716003418,30.970167160034176,30.970167160034176,30.970167160034176,100000
2021-06-02,30.977680206298828,30.992732873618543,30.977680206298828,30.992732873618543,105000
2021-06-03,31.045421600341797,31.0454216003418,31.0454216003418,31.0454216003418,100000
2021-06-04,31.00778579711914,31.00778579711914,30.955102896566245,30.955102896566245,106000
2021-06-07,31.105627059936523,31.113151958244256,31.06799395538949,31.06799395538949,107000
2021-06-08,31.045421600341797,31.105632280921,31.0454216003418,31.105632280921,101000
2021-06-09,31.135732650756836,31.15078531988665,31.13573265075684,31.143260420823285,103000
2021-06-10,31.233579635620117,31.233579635620117,31.233579635620117,31.233579635620117,100000
2021-06-11,31.195945739746094,31.286258890506076,31.180893069452214,31.263681320566906,110000
2021-06-15,31.271198272705078,31.271198272705075,31.271198272705075,31.271198272705075,101000
2021-06-16,31.25615119934082,31.293784307747018,31.248626300261428,31.293784307747018,107000
2021-06-17,31.233579635620117,31.233579635620117,31.158319146345377,31.158319146345377,104000
2021-06-18,31.34646987915039,31.391625019471647,31.2335762863406,31.2335762863406,104000
2021-06-21,31.722774505615234,31.722774505615234,31.647511161762626,31.647511161762626,104000
2021-06-22,31.647510528564453,31.647510528564453,31.5948276244232,31.60988029289255,104000
2021-06-23,31.722774505615234,31.722774505615234,31.707721836844712,31.707721836844712,101000
2021-06-24,31.760398864746094,31.760398864746094,31.75287109625235,31.75287109625235,110000
2021-06-25,31.647510528564453,31.782981673785656,31.647510528564453,31.782981673785656,101000
2021-06-28,31.609882354736328,31.70019550044041,31.609882354736328,31.70019550044041,102000
2021-06-29,31.722774505615234,31.722774505615234,31.722774505615234,31.722774505615234,100000
2021-06-30,31.903398513793945,31.903398513793945,31.677614240343026,31.677614240343026,104000
2021-07-01,31.782976150512695,31.782976150512695,31.782976150512695,31.782976150512695,100000
2021-07-02,31.835662841796875,31.83566284179688,31.745349706908872,31.745349706908872,108000
2021-07-05,31.790510177612305,31.85824575178702,31.7905101776123,31.85824575178702,102000
2021-07-06,31.82060432434082,31.82060432434082,31.745343870936946,31.745343870936946,108000
2021-07-07,31.97113609313965,31.97113609313965,31.918453188388714,31.925978087209,107000
2021-07-08,32.16682052612305,32.1818703249855,31.971138688872497,31.971138688872497,110000
2021-07-09,32.16682052612305,32.16682052612305,32.16682052612305,32.16682052612305,100000
2021-07-12,32.00123596191406,32.00123596191406,31.9636057322371,31.9636057322371,112000
2021-07-13,31.986186981201172,31.98618698120117,31.95608164558995,31.95608164558995,102000
2021-07-14,31.910930633544922,31.925980432290952,31.865772624297247,31.865772624297247,116000
2021-07-15,32.00123596191406,32.09907685587616,32.00123596191406,32.09907685587616,111000
2021-07-16,32.115177154541016,32.22151834020559,32.03162253792457,32.03162253792457,103000
2021-07-19,32.22151565551758,32.22911310962059,32.13796394344262,32.13796394344262,104000
2021-07-20,32.373435974121094,32.373435974121094,32.32026538061119,32.32026538061119,101000
2021-07-21,32.32026290893555,32.3278603631874,32.26709231949184,32.26709231949184,103000
2021-07-22,32.28229904174805,32.28229904174805,32.28229904174805,32.28229904174805,100000
2021-07-23,32.274696350097656,32.30507748055614,32.274696350097656,32.30507748055614,101000
2021-07-26,32.35064697265625,32.35064697265625,32.35064697265625,32.35064697265625,100000
2021-07-27,32.274696350097656,32.28229090831718,32.274696350097656,32.28229090831718,101000
2021-07-28,32.25950241088867,32.27469442400149,32.25950241088867,32.27469442400149,101000
2021-07-29,32.137962341308594,32.16834346346686,32.137962341308594,32.16834346346686,101000
2021-07-30,32.107582092285156,32.107582092285156,32.039219488636235,32.039219488636235,101000
2021-08-02,32.137962341308594,32.137962341308594,32.137962341308594,32.137962341308594,100000
2021-08-03,32.14556884765625,32.14556884765625,32.07720622662184,32.12278227317167,113000
2021-08-04,32.069610595703125,32.069610595703125,32.069610595703125,32.069610595703125,101000
2021-08-05,32.046817779541016,32.06960724846589,32.03922322161958,32.06960724846589,103000
2021-08-06,32.0999870300293,32.0999870300293,32.0999870300293,32.0999870300293,100000
2021-08-09,32.08479690551758,32.130370044859774,32.08479690551758,32.130370044859774,104000
2021-08-10,32.039222717285156,32.039222717285156,31.978454664549098,31.978454664549098,102000
2021-08-11,32.02402877807617,32.05441280261681,32.02402877807617,32.05441280261681,101000
2021-08-12,32.00123977661133,32.00123977661133,32.00123977661133,32.00123977661133,100000
2021-08-13,32.06200408935547,32.06200408935547,32.06200408935547,32.06200408935547,100000
2021-08-16,32.19113540649414,32.19113540649414,31.970855592797495,31.970855592797495,102000
2021-08-17,32.07719421386719,32.0999807798183,32.07719421386719,32.07719421386719,107000
2021-08-18,32.12277603149414,32.12277603149414,32.12277603149414,32.12277603149414,100000
2021-08-19,32.16075134277344,32.16075134277344,32.122772764014876,32.122772764014876,142000
2021-08-20,32.28229904174805,32.677282813027404,32.206341850094034,32.297491059595075,141000
2021-08-23,32.25189971923828,32.282283740530865,32.23670770859199,32.282283740530865,103000
2021-08-24,32.25189971923828,32.25189971923828,32.25189971923828,32.25189971923828,100000
2021-08-25,32.274696350097656,32.28229090831718,32.274696350097656,32.28229090831718,124000
2021-08-26,32.25950241088867,32.27469442400149,32.25950241088867,32.27469442400149,101000
2021-08-27,32.24431228637695,32.27469631438222,32.24431228637695,32.26709885859071,120000
2021-08-30,32.20632553100586,32.26709067402288,32.20632553100586,32.26709067402288,102000
2021-08-31,32.22151565551758,32.22151565551758,32.22151565551758,32.22151565551758,100000
2021-09-01,32.03162384033203,32.09239189037119,32.03162384033203,32.09239189037119,110000
2021-09-02,32.06200408935547,32.12277213223787,32.04681207863487,32.04681207863487,115000
2021-09-03,32.0999870300293,32.0999870300293,32.05441388925349,32.06960590203881,165000
2021-09-06,31.978452682495117,32.03922073146472,31.978452682495117,32.03922073146472,101000
2021-09-07,32.0999870300293,32.0999870300293,32.0999870300293,32.0999870300293,100000
2021-09-08,32.0923957824707,32.0999903408566,32.0923957824707,32.0999903408566,130000
2021-09-09,32.1683464050293,32.36583965380522,32.09238924631848,32.36583965380522,122000
2021-09-10,32.1683464050293,32.1683464050293,32.122773268834756,32.122773268834756,104000
2021-09-13,32.115177154541016,32.2443078068337,32.115177154541016,32.2443078068337,101000
2021-09-14,32.0923957824707,32.0999903408566,32.07720376811846,32.07720376811846,113000
2021-09-15,32.130374908447266,32.130374908447266,32.130374908447266,32.130374908447266,100000
2021-09-16,32.0923957824707,32.15316383987968,32.0923957824707,32.15316383987968,101000
2021-09-17,32.107582092285156,32.107582092285156,32.06960351194241,32.09239008063207,112000
2021-09-22,32.12277603149414,32.12277603149414,32.12277603149414,32.12277603149414,100000
2021-09-23,32.130374908447266,32.18354551078166,32.130374908447266,32.175950952268394,103000
2021-09-24,32.01643753051758,32.01643753051758,31.993648060966144,31.993648060966144,102000
2021-09-27,31.8948974609375,31.963260059735195,31.8948974609375,31.963260059735195,102000
2021-09-28,31.88730239868164,31.89489985332889,31.88730239868164,31.89489985332889,102000
2021-09-29,31.750577926635742,31.750577926635742,31.6746207638827,31.6746207638827,101000
2021-09-30,31.818937301635742,31.818937301635742,31.750574703066704,31.750574703066704,101000
2021-10-01,31.803747177124023,31.818939188549137,31.803747177124023,31.818939188549137,102000
2021-10-04,31.72779083251953,31.826537460529146,31.727790832519528,31.826537460529146,104000
2021-10-05,31.682214736938477,31.71259876051145,31.682214736938477,31.71259876051145,8000
2021-10-06,31.560686111450195,31.63664618138463,31.560686111450195,31.63664618138463,14000
2021-10-07,31.553091049194336,31.705008289055975,31.553091049194336,31.705008289055975,303000
2021-10-08,31.53789520263672,31.58347123833044,31.53789520263672,31.58347123833044,104000
2021-10-12,31.583473205566406,31.644238359362912,31.583473205566406,31.644238359362912,101000
2021-10-13,31.780963897705078,31.78096389770508,31.659430691306945,31.68221726201278,138000
2021-10-14,31.856924057006836,31.856924057006836,31.83413748416096,31.83413748416096,102000
2021-10-15,31.849323272705078,31.84932327270508,31.84932327270508,31.84932327270508,101000
2021-10-18,31.818937301635742,31.97844906577025,31.72778813607027,31.97844906577025,125000
2021-10-19,31.765302658081055,31.818947083922723,31.73464786519954,31.818947083922723,104000
2021-10-20,31.619680404663086,31.62734556132419,31.527718988534843,31.550708611716725,122000
2021-10-21,31.581371307373047,31.757631950548557,31.497072103375753,31.757631950548557,104000
2021-10-22,31.650344848632812,31.650344848632812,31.52006637962192,31.52006637962192,103000
2021-10-25,31.612022399902344,31.650339418131097,31.612022399902344,31.650339418131097,105000
2021-10-26,31.558380126953125,31.5813697547671,31.558380126953125,31.5813697547671,101000
2021-10-27,31.703983306884766,31.70398330688477,31.62734927168769,31.62734927168769,101000
2021-10-28,31.703983306884766,31.70398330688477,31.650338897566602,31.70398330688477,102000
2021-10-29,31.680999755859375,31.680999755859375,31.680999755859375,31.680999755859375,100000
2021-11-01,31.757625579833984,31.757625579833984,31.67332931614832,31.73463595550161,102000
2021-11-02,31.650344848632812,31.650344848632812,31.581373034626573,31.581373034626573,104000
2021-11-03,31.696327209472656,31.69632720947266,31.62735539508119,31.62735539508119,102000
2021-11-04,31.558380126953125,31.596697147776847,31.558380126953125,31.596697147776847,101000
2021-11-05,31.742300033569336,31.742300033569336,31.642676373406385,31.642676373406385,101000
2021-11-08,31.834272384643555,31.834272384643555,31.834272384643555,31.834272384643555,100000
2021-11-09,31.79594612121582,31.834263136963358,31.795946121215824,31.834263136963358,101000
2021-11-10,31.880245208740234,31.880245208740234,31.86492073980533,31.86492073980533,102000
2021-11-11,31.841934204101562,31.849599363418026,31.795954941809665,31.795954941809665,104000
2021-11-12,31.818941116333008,31.956884735026758,31.795951487684516,31.795951487684516,113000
2021-11-15,31.80361557006836,31.80361557006836,31.79595333454094,31.79595333454094,102000
2021-11-16,31.757625579833984,31.795945518255753,31.757625579833984,31.795945518255753,102000
2021-11-17,31.703983306884766,31.70398330688477,31.70398330688477,31.70398330688477,100000
2021-11-18,31.72697639465332,31.726976394653324,31.726976394653324,31.726976394653324,100000
2021-11-19,31.696327209472656,31.69632720947266,31.69632720947266,31.69632720947266,100000
2021-11-22,31.74996566772461,31.74996566772461,31.74996566772461,31.74996566772461,100000
2021-11-23,31.58903694152832,31.58903694152832,31.481748106971597,31.481748106971597,107000
2021-11-24,31.389780044555664,31.389780044555664,31.389780044555664,31.389780044555664,100000
2021-11-25,31.42043113708496,31.42043113708496,31.14454395691765,31.15987134730481,116000
2021-11-26,31.42043113708496,31.48940293212679,31.31314232777563,31.31314232777563,110000
2021-11-29,31.267162322998047,31.658003496448583,31.182863131728283,31.182863131728283,121000
2021-11-30,31.343801498413086,31.420435537681094,31.343801498413086,31.420435537681094,113000
2021-12-01,31.451095581054688,31.451095581054688,31.382123764821603,31.382123764821603,101000
2021-12-02,31.558380126953125,31.558380126953125,31.37445433423743,31.37445433423743,103000
2021-12-03,31.42043113708496,31.527719946394296,31.42043113708496,31.527719946394296,120000
2021-12-06,31.57370948791504,31.57370948791504,31.566044329231755,31.566044329231755,102000
2021-12-07,31.4970760345459,31.604367804279985,31.4970760345459,31.55838561725109,105000
2021-12-08,31.612022399902344,31.612022399902344,31.512395813786707,31.512395813786707,101000
2021-12-09,31.512401580810547,31.635017815622977,31.512401580810547,31.635017815622977,106000
2021-12-10,31.581371307373047,31.581371307373047,31.581371307373047,31.581371307373047,101000
2021-12-13,31.642675399780273,31.719309431917026,31.64267539978027,31.703982040809485,102000
2021-12-14,31.887914657592773,31.887914657592773,31.688661453812564,31.688661453812564,130000
2021-12-15,31.93388557434082,31.93388557434082,31.887906326559126,31.887906326559126,102000
2021-12-16,31.80361557006836,31.80361557006836,31.80361557006836,31.80361557006836,100000
2021-12-17,31.887914657592773,31.887914657592773,31.726981401509843,31.80361545010127,106000
2021-12-20,31.93388557434082,31.956878121632464,31.93388557434082,31.956878121632464,104000
2021-12-21,31.84959602355957,31.880247887406004,31.84959602355957,31.880247887406004,101000
2021-12-22,31.757625579833984,31.82659737623197,31.757625579833984,31.82659737623197,102000
2021-12-23,31.90323829650879,31.90323829650879,31.65034070380405,31.757629528563193,102000
2021-12-24,31.703983306884766,31.72697585616473,31.70398330688477,31.72697585616473,101000
2021-12-27,31.757625579833984,31.82659737623197,31.703981174124536,31.703981174124536,102000
2021-12-28,31.757625579833984,31.757625579833984,31.757625579833984,31.757625579833984,100000
2021-12-29,31.642675399780273,31.703982040809485,31.64267539978027,31.703982040809485,120000
2021-12-30,31.60435676574707,31.703980417744496,31.566036828239525,31.573701985101348,224000
2022-01-03,31.841934204101562,31.841934204101562,31.841934204101562,31.841934204101562,100000
2022-01-04,31.58903694152832,31.58903694152832,31.5277273655522,31.5277273655522,102000
2022-01-05,31.481740951538086,31.48174095153809,31.48174095153809,31.48174095153809,100000
2022-01-06,31.320816040039062,31.366798228052566,31.320816040039062,31.366798228052566,111000
2022-01-07,31.251832962036133,31.297815133485724,31.251832962036136,31.297815133485724,101000
2022-01-10,31.1138916015625,31.15987377630843,31.1138916015625,31.15987377630843,110000
2022-01-11,31.03725814819336,31.098567715669223,31.03725814819336,31.098567715669223,101000
2022-01-12,31.106229782104492,31.10622978210449,31.05258537255303,31.10622978210449,102000
2022-01-13,30.861000061035156,30.960626654663997,30.861000061035156,30.960626654663997,122000
2022-01-14,30.94529914855957,30.94529914855957,30.79969037607948,30.860999948366107,117000
2022-01-17,30.508474349975586,30.508474349975586,30.508474349975586,30.508474349975586,102000
2022-01-18,30.485273361206055,30.485273361206055,30.485273361206055,30.485273361206055,100000
2022-01-19,30.338302612304688,30.338302612304688,30.291889053829433,30.315094357653543,111000
2022-01-20,30.431129455566406,30.431129455566406,30.400187080527456,30.400187080527456,127000
2022-01-21,30.438858032226562,30.52394807267857,30.361505059539333,30.52394807267857,115000
2022-01-24,30.49300193786621,30.49300193786621,30.49300193786621,30.49300193786621,100000
2022-01-25,30.322834014892578,30.322834014892578,30.322834014892578,30.322834014892578,100000
2022-01-26,30.40018081665039,30.40018081665039,30.40018081665039,30.40018081665039,100000
2022-02-07,30.291887283325195,30.36150614155547,30.291887283325195,30.36150614155547,101000
2022-02-08,30.230009078979492,30.230009078979492,30.199066704800835,30.230009078979492,104000
2022-02-09,30.067554473876953,30.13717332041553,30.067554473876953,30.13717332041553,102000
2022-02-10,30.067554473876953,30.183586868383376,30.067554473876953,30.183586868383376,101000
2022-02-11,29.920589447021484,29.990208309340655,29.912852378526555,29.959265937015015,105000
2022-02-14,29.858699798583984,29.92831864946944,29.858699798583984,29.92831864946944,24000
2022-02-15,29.820030212402344,29.820030212402344,29.820030212402344,29.820030212402344,100000
2022-02-16,29.78135108947754,29.82002757864913,29.78135108947754,29.82002757864913,101000
2022-02-17,29.920589447021484,30.067561289327717,29.920589447021484,30.067561289327717,105000
2022-02-18,29.78135108947754,29.82002757864913,29.77361697197401,29.82002757864913,106000
2022-02-21,29.696258544921875,29.696258544921875,29.696258544921875,29.696258544921875,101000
2022-02-22,29.487401962280273,29.67305322573435,29.487401962280273,29.67305322573435,114000
2022-02-23,29.37137222290039,29.37910633967455,29.37137222290039,29.37910633967455,2000
2022-02-24,29.046480178833008,29.154775507171088,29.046480178833008,29.154775507171088,110000
2022-02-25,28.60556983947754,28.752541690559397,28.566893347174652,28.752541690559397,19000
2022-03-01,28.0022029876709,28.47406377644621,27.917112950242345,28.47406377644621,117000
2022-03-02,27.654109954833984,27.855229456141718,27.654109954833984,27.855229456141718,22000
2022-03-03,27.437519073486328,27.599962086943854,27.437519073486328,27.460724375172614,110000
2022-03-04,27.073951721191406,27.36789830896721,27.073951721191406,27.36789830896721,185000
2022-03-07,27.08168601989746,27.166776055154784,27.073951903431603,27.166776055154784,109000
2022-03-08,26.818681716918945,26.872832335323235,26.818681716918945,26.872832335323235,110000
2022-03-09,26.602092742919922,26.857362864200955,26.57888744128592,26.64850629701468,394000
2022-03-10,26.687185287475586,26.841894198148097,26.64077172902572,26.687185287475582,433000
2022-03-11,26.749069213867188,26.78774570264551,26.749069213867188,26.749069213867188,105000
2022-03-14,26.663978576660156,26.663978576660156,26.663978576660156,26.663978576660156,100000
2022-03-15,26.578889846801758,26.72586168849667,26.532476288506352,26.532476288506352,118000
2022-03-16,26.679452896118164,26.78001118635898,26.578891655050125,26.578891655050125,223000
2022-03-17,27.3292179107666,27.344686141378613,27.15903786577307,27.228656706831682,156000
2022-03-18,27.70052146911621,27.70052146911621,27.375632512992347,27.375632512992347,104000
2022-03-21,27.592227935791016,27.72373154450963,27.499403768407163,27.72373154450963,139000
2022-03-22,27.344688415527344,27.53807377334812,27.344688415527344,27.53807377334812,15000
2022-03-23,27.3292179107666,27.3292179107666,27.23639082213769,27.23639082213769,108000
2022-03-24,27.460723876953125,27.49166624585796,27.45298976014027,27.460723876953125,112000
2022-03-25,27.398839950561523,27.445253505293316,27.398839950561523,27.445253505293316,104000
2022-03-28,27.375633239746094,27.40657560797487,27.375633239746094,27.40657560797487,103000
2022-03-29,27.553544998168945,27.553544998168945,27.483926151214046,27.491663218001474,108000
2022-03-30,27.715999603271484,27.715999603271484,27.669586040521168,27.669586040521168,101000
2022-03-31,27.723726272583008,27.754668639436,27.723726272583008,27.754668639436,112000
2022-04-01,27.83976173400879,27.847495851159188,27.72372932096489,27.72372932096489,120000
2022-04-06,27.770143508911133,27.847496485484495,27.770143508911133,27.808819997197812,10000
2022-04-07,27.615428924560547,27.770137796711214,27.607691857998546,27.770137796711214,136000
2022-04-08,27.615428924560547,27.654105404891638,27.54581007963406,27.654105404891638,103000
2022-04-11,27.213191986083984,27.344692633288666,27.20545491811498,27.344692633288666,48000
2022-04-12,27.050752639770508,27.066223826981304,27.012073196329897,27.058486757962285,209000
2022-04-13,27.11263084411621,27.11263084411621,27.050749054302447,27.0584831714691,112000
2022-04-14,27.073951721191406,27.16677587228977,27.073951721191406,27.081685837605203,107000
2022-04-15,27.08168601989746,27.08168601989746,27.073951903431603,27.073951903431603,104000
2022-04-18,27.035276412963867,27.10489526702131,27.035276412963867,27.073952898367626,106000
2022-04-19,27.043014526367188,27.073956899593806,27.035280408474097,27.066222781700713,110000
2022-04-20,26.941286087036133,27.348183588454244,26.839560965436693,27.348183588454244,108000
2022-04-21,27.003883361816406,27.019533609712713,27.003883361816406,27.019533609712713,102000
2022-04-22,26.753490447998047,26.800441200606556,26.683065811575347,26.800441200606556,109000
2022-04-25,26.636112213134766,26.745660960260242,26.636112213134766,26.745660960260242,105000
2022-04-26,26.73784065246582,26.745667270523924,26.69871651711586,26.745667270523924,104000
2022-04-27,26.831741333007812,26.831741333007812,26.761316697554506,26.761316697554506,105000
2022-04-28,26.81608772277832,26.81608772277832,26.81608772277832,26.81608772277832,100000
2022-04-29,26.87086296081543,26.87086296081543,26.83956246242678,26.83956246242678,105000
2022-05-03,26.448312759399414,26.518737381818582,26.448312759399414,26.518737381818582,113000
2022-05-04,26.46396827697754,26.46396827697754,26.432667775229522,26.432667775229522,109000
2022-05-05,26.542213439941406,26.542213439941406,26.518739558867782,26.518739558867782,106000
2022-05-06,26.448312759399414,26.573511756480208,26.448312759399414,26.4874368863035,105000
2022-05-09,26.315290451049805,26.323114082533976,26.291813586638128,26.323114082533976,105000
2022-05-10,26.119670867919922,26.221393017840832,26.119670867919922,26.19009550208519,107000
2022-05-11,26.08054542541504,26.143143438764348,26.05706855855164,26.143143438764348,108000
2022-05-12,26.158794403076172,26.19009490309599,26.080546138006607,26.080546138006607,146000
2022-05-13,26.197919845581055,26.19791984558105,26.166619343996125,26.166619343996125,105000
2022-05-16,26.237043380737305,26.237043380737305,26.16661874626999,26.19791924713992,136000
2022-05-17,26.119670867919922,26.15096838367556,26.119670867919922,26.15096838367556,201000
2022-05-18,26.01011848449707,26.104016988670665,25.556270241862038,26.104016988670665,336000
2022-05-19,26.03359603881836,26.057069921930083,25.5093230978095,26.041419671528917,108000
2022-05-20,25.994474411010742,25.994474411010742,25.955347288746196,25.986647792565698,227000
2022-05-23,26.05706787109375,26.127492499866158,26.05706787109375,26.119668867771363,107000
2022-05-24,26.135318756103516,26.135318756103516,26.01794338144344,26.01794338144344,101000
2022-05-25,26.143142700195312,26.143142700195312,26.127492451055147,26.135319068115134,114000
2022-05-26,26.158794403076172,26.338767800720152,26.080546138006607,26.315293918195277,107000
2022-05-27,26.1744441986084,26.26834271205747,26.1744441986084,26.26834271205747,103000
2022-05-30,26.221391677856445,26.221391677856445,26.197917795994282,26.213568045562354,124000
2022-05-31,26.119670867919922,26.135321118287763,26.057069866448554,26.080546734490337,106000
2022-06-01,26.135318756103516,26.15096602007707,26.135318756103516,26.15096602007707,102000
2022-06-02,26.330944061279297,26.330944061279297,26.21356867917162,26.21356867917162,106000
2022-06-06,26.260522842407227,26.354421369310515,26.260522842407227,26.354421369310515,103000
2022-06-07,26.182270050048828,26.252694687349408,26.182270050048828,26.252694687349408,105000
2022-06-08,26.260522842407227,26.260522842407227,26.15097107854298,26.15097107854298,101000
2022-06-09,26.244869232177734,26.44831651193215,26.244869232177734,26.362241629542982,104000
2022-06-10,26.27617073059082,26.27617073059082,26.27617073059082,26.27617073059082,100000
2022-06-13,26.002288818359375,26.276163652133427,25.9788149413139,25.9788149413139,119000
2022-06-14,25.626699447631836,25.924048246482773,25.626699447631836,25.924048246482773,110000
2022-06-15,25.56410026550293,25.564100265502933,25.548452998377922,25.548452998377922,110000
2022-06-16,25.689300537109375,25.720598054213532,25.603225648867557,25.70494780317137,113000
2022-06-17,25.712772369384766,25.71277236938477,25.70494575199814,25.71277236938477,106000
2022-06-20,25.626699447631836,25.71277433558712,25.626699447631836,25.71277433558712,109000
2022-06-21,25.634519577026367,25.642346193941776,25.540621068899757,25.540621068899757,104000
2022-06-22,25.595394134521484,25.595394134521484,25.587570502987127,25.587570502987127,101000
2022-06-23,25.650171279907227,25.650171279907227,25.611047148051625,25.6188737654107,116000
2022-06-24,25.650171279907227,25.650171279907227,25.5953968983134,25.5953968983134,104000
2022-06-27,25.603221893310547,25.626695773940487,25.603221893310547,25.626695773940487,105000
2022-06-28,25.603221893310547,25.618872142057086,25.57974502770087,25.57974502770087,105000
2022-06-29,25.517147064208984,25.556271193656784,25.44672243721105,25.44672243721105,102000
2022-06-30,25.611045837402344,25.611045837402344,25.524970960736958,25.524970960736958,104000
2022-07-01,25.57192039489746,25.626694770876536,25.57192039489746,25.626694770876536,104000
2022-07-04,25.595394134521484,25.68929562281135,25.587570502987127,25.587570502987127,108000
2022-07-05,25.712772369384766,25.71277236938477,25.70494575199814,25.70494575199814,102000
2022-07-06,25.689300537109375,25.69712417014037,25.689300537109375,25.689300537109375,111000
2022-07-07,25.704944610595703,25.845793867501417,25.704944610595703,25.704944610595703,105000
2022-07-08,25.689300537109375,25.7284246722247,25.579748779814224,25.7284246722247,105000
2022-07-11,25.57192039489746,25.689295763412407,25.57192039489746,25.689295763412407,101000
2022-07-12,25.64234733581543,25.673647834911385,25.61104683671947,25.618873453983404,120000
2022-07-13,25.54062271118164,25.564096593477746,25.54062271118164,25.564096593477746,143000
2022-07-14,25.4858455657959,25.49367218236594,25.470195317635437,25.49367218236594,109000
2022-07-15,25.415420532226562,25.478021523860168,25.391946652853747,25.478021523860168,161000
2022-07-18,25.439241409301758,25.447179914542176,25.40748133072448,25.40748133072448,110000
2022-07-19,25.439241409301758,25.447179914542176,25.439241409301758,25.447179914542176,104000
2022-07-20,25.42336654663086,25.42336654663086,25.42336654663086,25.42336654663086,100000
2022-07-21,25.66950225830078,25.685379271764432,25.542461920124623,25.542461920124623,104000
2022-07-22,25.70920181274414,25.7568389125365,25.69332176987719,25.69332176987719,114000
2022-07-25,25.97915267944336,26.0903099344255,25.860053889786474,25.860053889786474,106000
2022-07-26,26.018850326538086,26.050610406473755,26.010908792150204,26.010908792150204,104000
2022-07-27,26.13001251220703,26.41584722799261,26.122074005127875,26.41584722799261,107000
2022-07-28,26.137943267822266,26.137943267822266,26.090306181857585,26.090306181857585,109000
2022-07-29,26.368206024169922,26.368206024169922,26.296747348136602,26.296747348136602,104000
2022-08-01,26.598459243774414,26.83665379541974,26.590520737869728,26.83665379541974,108000
2022-08-02,26.820770263671875,26.820770263671875,26.781071681699704,26.78901321537873,109000
2022-08-03,26.717561721801758,26.72550022880219,26.677860100374183,26.72550022880219,109000
2022-08-04,26.74931526184082,26.74931526184082,26.741376755884072,26.741376755884072,110000
2022-08-05,26.836654663085938,26.844596198055438,26.820774621955085,26.820774621955085,103000
2022-08-08,26.789020538330078,26.796959045371494,26.773140495438767,26.78902053833008,112000
2022-08-09,26.84459686279297,26.852535369150896,26.820775286102734,26.852535369150896,106000
2022-08-10,26.88429832458496,26.88429832458496,26.88429832458496,26.88429832458496,100000
2022-08-11,27.098670959472656,27.098670959472656,26.91605502859552,26.963692123462845,133000
2022-08-12,27.003393173217773,27.0510333012352,27.003393173217773,27.0510333012352,106000
2022-08-15,27.066913604736328,27.074852111744843,27.02721501207681,27.02721501207681,104000
2022-08-16,27.130430221557617,27.14631026407543,27.0986731653304,27.0986731653304,104000
2022-08-17,27.14630699157715,27.15424852628291,27.09072836386903,27.09072836386903,102000
2022-08-18,27.019269943237305,27.019269943237305,26.995451396517787,26.995451396517787,105000
2022-08-19,27.043092727661133,27.043092727661133,27.003391109609733,27.003391109609733,113000
2022-08-22,26.74931526184082,26.86047554689177,26.74931526184082,26.836653971405386,17000
2022-08-23,26.717561721801758,26.74931877861196,26.701681678992422,26.717561721801758,109000
2022-08-24,26.765193939208984,26.78107397912166,26.677855234093236,26.677855234093236,103000
2022-08-25,26.741376876831055,26.749315382823706,26.725496836037667,26.749315382823706,103000
2022-08-26,26.812835693359375,26.812835693359375,26.773137105561766,26.781075611598048,103000
2022-08-29,26.812835693359375,26.90017440379897,26.812835693359375,26.90017440379897,90000
2022-08-30,26.88429832458496,26.89223683179106,26.876356788570313,26.89223683179106,103000
2022-08-31,26.812835693359375,26.82871573424004,26.773137105561766,26.812835693359375,141000
2022-09-01,26.701677322387695,26.725495868311267,26.68579728216932,26.725495868311267,30000
2022-09-02,26.61433982849121,26.61433982849121,26.566699705664977,26.574641240540075,106000
2022-09-05,26.741376876831055,26.741376876831055,26.630219620085427,26.630219620085427,130000
2022-09-06,26.79695701599121,26.884295730874875,26.757258426173617,26.757258426173617,108000
2022-09-07,26.72549819946289,26.757258282669934,26.717559693065247,26.757258282669934,123000
2022-09-08,26.717561721801758,26.733438735802626,26.717561721801758,26.733438735802626,101000
2022-09-12,26.70961570739746,26.74137578769069,26.68579716158152,26.693735667250845,119000
2022-09-13,26.836654663085938,26.86047623918629,26.70961736284727,26.70961736284727,107000
2022-09-14,26.836654663085938,26.86047623918629,26.757257486239826,26.757257486239826,106000
2022-09-15,26.717561721801758,26.717561721801758,26.709620185992854,26.709620185992854,102000
2022-09-16,26.812835693359375,26.820774199395654,26.74931552983672,26.74931552983672,122000
2022-09-19,26.73343276977539,26.73343276977539,26.66197713629264,26.66197713629264,111000
2022-09-20,26.75725746154785,26.765195967701878,26.725497379315456,26.725497379315456,108000
2022-09-21,26.701677322387695,26.74137590852964,26.701677322387695,26.709615828092893,25000
2022-09-22,26.789020538330078,26.812839088262805,26.701681816832103,26.78107900248018,319000
2022-09-23,26.6699161529541,26.67785465833515,26.646097608003096,26.646097608003096,115000
2022-09-26,26.57463836669922,26.63815549479053,26.56669683268294,26.56669683268294,131000
2022-09-27,26.169708251953125,26.376145759205404,26.169708251953125,26.376145759205404,17000
2022-09-28,25.661556243896484,25.83623364959285,25.62979616489572,25.83623364959285,295000
2022-09-29,25.81241226196289,25.83623383578906,25.7806552115411,25.804473756559407,117000
2022-09-30,25.70125389099121,25.74095247389055,25.70125389099121,25.717133929912492,114000
2022-10-03,25.740955352783203,25.740955352783203,25.613918056012707,25.645678137407348,157000
2022-10-04,26.09825325012207,26.09825325012207,25.78066146718589,25.80448001798374,236000
2022-10-05,26.20146942138672,26.20146942138672,26.16970933759832,26.20146942138672,103000
2022-10-06,25.899751663208008,25.899751663208008,25.867994611930644,25.867994611930644,17000
2022-10-07,25.899751663208008,25.955330288953316,25.899751663208008,25.955330288953316,125000
2022-10-11,25.67743682861328,25.740953959155647,25.566279578558213,25.566279578558213,127000
2022-10-12,25.637741088867188,25.645679595263086,25.61391951206301,25.61391951206301,127000
2022-10-13,25.51070213317871,25.57421926665819,25.51070213317871,25.53452067963251,122000
2022-10-14,25.518640518188477,25.526582052840823,25.50276047769181,25.526582052840823,106000
2022-10-17,25.534521102905273,25.534521102905273,25.486880980399924,25.49482251522153,110000
2022-10-18,25.471006393432617,25.494824942548977,25.415424730813807,25.415424730813807,112000
2022-10-19,25.592178344726562,25.592178344726562,25.52755169399022,25.52755169399022,105000
2022-10-20,25.471004486083984,25.50331704220741,25.46292596184789,25.46292596184789,113000
2022-10-21,25.29328155517578,25.34175270350645,25.285203030454003,25.30136007989756,111000
2022-10-24,25.236726760864258,25.236726760864258,25.123630526256992,25.180178643560623,115000
2022-10-25,25.34174919128418,25.374061744871916,25.33367066768204,25.33367066768204,132000
2022-10-26,25.66488265991211,25.697195213787715,25.487158220723337,25.487158220723337,143000
2022-10-27,25.73758888244629,25.810294057659373,25.721431834438736,25.810294057659373,137000
2022-10-28,25.93146514892578,25.93146514892578,25.915311183897092,25.915311183897092,104000
2022-10-31,26.036487579345703,26.036487579345703,25.931468304032084,25.939548369171092,185000
2022-11-01,26.076873779296875,26.076873779296875,26.076873779296875,26.076873779296875,100000
2022-11-02,26.084957122802734,26.10919115344716,26.084957122802734,26.101114170446262,104000
2022-11-03,25.947628021240234,25.963785071537988,25.93955103691248,25.93955103691248,106000
2022-11-04,25.8587589263916,25.899153082242567,25.818367852182064,25.842603421200216,107000
2022-11-07,25.761823654174805,25.7779807026468,25.753745129938807,25.7779807026468,105000
2022-11-08,25.69719696044922,25.761823613414002,25.689118436226003,25.761823613414002,151000
2022-11-09,25.8102970123291,25.8102970123291,25.721434778935837,25.745670353721568,158000
2022-11-10,25.850683212280273,25.850683212280273,25.8102921360894,25.8102921360894,103000
2022-11-11,25.988014221191406,26.157661676608043,25.866840989198575,25.891075019268808,167000
2022-11-14,25.753742218017578,25.899154097003183,25.7375867121932,25.899154097003183,127000
2022-11-15,25.866846084594727,25.866846084594727,25.866846084594727,25.866846084594727,116000
2022-11-16,26.11726951599121,26.165737574121334,26.11726951599121,26.157660591646824,111000
2022-11-17,26.335384368896484,26.351541416976666,26.303073354377947,26.311150337597127,119000
2022-11-18,26.278833389282227,26.31922754591944,26.26267634295564,26.31922754591944,106000
2022-11-21,26.278833389282227,26.383852649584295,26.278833389282227,26.383852649584295,115000
2022-11-22,26.351539611816406,26.391930688429035,26.311148535203777,26.311148535203777,103000
2022-11-23,26.593889236450195,26.593889236450195,26.42424486516071,26.42424486516071,145000
2022-11-24,26.795846939086914,26.795846939086914,26.521186392421683,26.561577468011183,226000
2022-11-25,26.755456924438477,26.812005048834408,26.75545692443848,26.779694036066488,114000
2022-11-28,26.755456924438477,26.771613971643266,26.69890880004255,26.69890880004255,125000
2022-11-29,26.682754516601562,26.739302646854668,26.674677532983395,26.715068614358188,155000
2022-11-30,26.715068817138672,26.747382915140577,26.690834784458243,26.731225866139624,389000
2022-12-01,26.763540267944336,26.82008839926857,26.73122616957562,26.739303153346782,160000
2022-12-02,27.02204704284668,27.02204704284668,26.868556615557246,26.868556615557246,157000
2022-12-05,26.989730834960938,27.022044930985057,26.95741673893682,27.022044930985057,160000
2022-12-06,26.98165512084961,26.989732104414635,26.908949942196585,26.908949942196585,136000
2022-12-07,27.02204704284668,27.038204092121465,27.01396697738826,27.01396697738826,140000
2022-12-08,27.15937614440918,27.175533192973173,27.07859398323112,27.07859398323112,149000
2022-12-09,27.24823570251465,27.272469732166662,27.18361059622874,27.18361059622874,195000
2022-12-12,27.280548095703125,27.280548095703125,27.199762865830188,27.199762865830188,133000
2022-12-13,27.224002838134766,27.240159885808218,27.199765725803715,27.199765725803715,108000
2022-12-14,27.207843780517578,27.30478297775529,27.18360975161853,27.18360975161853,178000
2022-12-15,27.34517478942871,27.35325485370697,27.304783712962223,27.32094075987714,113000
2022-12-16,27.490589141845703,27.506746191118488,27.377492878578252,27.377492878578252,150000
2022-12-19,27.450193405151367,27.458273469238765,27.401722265551562,27.4340363586181,144000
2022-12-20,27.224002838134766,27.385570233227543,27.175531695114408,27.329022107191335,195000
2022-12-21,27.086668014526367,27.151296201738546,27.0301198915365,27.086668014526367,172000
2022-12-22,27.224002838134766,27.240159885808218,27.143217599767503,27.143217599767503,142000
2022-12-23,27.29670524597168,27.304782228169124,27.288625182132805,27.288625182132805,115000
2022-12-26,27.07050895690918,27.15129418492363,27.07050895690918,27.11090311173708,262000
2022-12-27,27.07050895690918,27.08666600251207,27.062431974928412,27.08666600251207,117000
2022-12-28,26.98165512084961,26.997809087979658,26.925106990968587,26.925106990968587,150000
2022-12-29,27.00588035583496,27.00588035583496,26.933175200866142,26.965489287883607,127000
2022-12-30,26.97357177734375,26.989728824152063,26.900866607527124,26.981651841568695,150000
2023-01-03,26.97357177734375,26.981651841568695,26.96549479476038,26.97357177734375,121000
2023-01-04,27.00588035583496,27.022037399343695,26.973566268817496,26.973566268817496,137000
2023-01-05,27.02204704284668,27.038204092121465,26.973575895022325,26.98973294429711,67000
2023-01-06,26.98165512084961,27.005889153186633,26.98165512084961,26.989732104414635,314000
2023-01-09,26.97357177734375,26.997805806735432,26.908946671752073,26.989728824152063,226000
2023-01-10,27.030120849609375,27.038200914118082,27.01396380223365,27.030120849609375,210000
2023-01-11,26.941259384155273,26.973573479811442,26.917025353234035,26.973573479811442,256000
2023-01-12,27.086668014526367,27.086668014526367,27.02204290895577,27.02204290895577,269000
2023-01-13,27.24015998840332,27.24015998840332,27.135140718951213,27.135140718951213,301000
2023-01-16,27.19169044494629,27.27247260672865,27.18361346142483,27.27247260672865,298000
2023-01-17,27.3128662109375,27.33710024264843,27.118984712324416,27.118984712324416,357000
2023-01-30,27.2061710357666,27.731417854955094,27.124099263569654,27.731417854955094,809000
2023-01-31,27.238998413085938,27.25541276860951,27.206172832756994,27.25541276860951,101000
2023-02-01,27.29644775390625,27.30465649722617,27.27182778538304,27.28003652870296,259000
2023-02-02,27.263626098632812,27.296451684484417,27.181554307206987,27.296451684484417,147000
2023-02-03,27.460588455200195,27.509831523454075,27.44417409911557,27.50162278005261,504000
2023-02-06,27.4195556640625,27.45238437806803,27.41135005092036,27.42776127720464,183000
2023-02-07,27.35390281677246,27.362108430349576,27.312865356730956,27.33748845889959,349000
2023-02-08,27.304655075073242,27.3128606872475,27.21437768756584,27.23079204263247,340000
2023-02-09,27.2800350189209,27.34568930825532,27.271826276055283,27.337483696107803,387000
2023-02-10,27.238998413085938,27.238998413085938,27.165135378588968,27.165135378588968,292000
2023-02-13,27.115896224975586,27.124101837614987,27.042033188347812,27.042033188347812,413000
2023-02-14,27.099483489990234,27.12410346009942,27.06665477603233,27.12410346009942,170000
2023-02-15,27.222583770751953,27.222583770751953,27.181549447734454,27.189758190768853,196000
2023-02-16,27.074865341186523,27.140519642800367,27.05024223870248,27.124105284717235,332000
2023-02-17,27.025617599487305,27.03382321175238,26.918925855732446,26.918925855732446,251000
2023-02-20,27.017410278320312,27.06665334665667,27.000999052926506,27.06665334665667,269000
2023-02-21,27.042034149169922,27.050239762100873,27.00920543600931,27.025619792589616,705000
2023-02-22,26.976377487182617,26.984586231064554,26.8943088326742,26.8943088326742,205000
2023-02-23,26.762996673583984,26.9107227538814,26.754787929834997,26.9107227538814,295000
2023-02-24,27.025617599487305,27.025617599487305,26.927134598715668,26.927134598715668,134000
2023-03-01,27.107688903808594,27.156931974383387,27.09948329073869,27.09948329073869,301000
2023-03-02,27.017410278320312,27.017410278320312,26.935341628478035,26.992790309511292,135000
2023-03-03,26.918928146362305,26.92713689004404,26.86147946346382,26.86147946346382,209000
2023-03-06,27.00921058654785,27.025624946258304,26.98459061234167,27.017416201043577,214000
2023-03-07,27.074865341186523,27.09127656855097,27.05845098310339,27.05845098310339,178000
2023-03-08,27.15692901611328,27.165134628289326,27.04203166133994,27.04203166133994,158000
2023-03-09,27.124103546142578,27.173346617235644,27.124103546142578,27.124103546142578,541000
2023-03-10,27.32927894592285,27.353902047398922,27.214381574763067,27.214381574763067,413000
2023-03-13,27.263626098632812,27.411352192480575,27.230797382062484,27.411352192480575,743000
2023-03-14,27.181550979614258,27.26362276099277,27.165136623338555,27.26362276099277,391000
2023-03-15,27.181550979614258,27.181550979614258,27.08306797267838,27.14051665428417,225000
2023-03-16,27.386722564697266,27.386722564697266,27.296445180997168,27.296445180997168,283000
2023-03-17,27.33748435974121,27.34568997208792,27.247206970336507,27.247206970336507,350000
2023-03-20,27.2061710357666,27.2061710357666,27.083064942830177,27.083064942830177,692000
2023-03-21,27.32927894592285,27.33748768998773,27.255415902931766,27.255415902931766,158000
2023-03-22,27.312864303588867,27.337487404808073,27.296449946348908,27.321073047568113,278000
2023-03-23,27.288244247436523,27.353901676190283,27.239001175871206,27.337487319001845,240000
2023-03-24,27.271825790405273,27.2882401451261,27.255411435684444,27.255411435684444,173000
2023-03-27,27.32927894592285,27.411350732978814,27.247210289585453,27.247210289585453,319000
2023-03-28,27.2800350189209,27.312860598229058,27.271826276055283,27.312860598229058,351000
2023-03-29,27.288244247436523,27.288244247436523,27.222586818682768,27.222586818682768,297000
2023-03-30,27.32107162475586,27.32107162475586,27.288242911985574,27.296448524818963,187000
2023-03-31,27.312864303588867,27.32927866082883,27.304658690328154,27.312864303588867,195000
2023-04-06,27.641141891479492,27.649347503761906,27.567278858065137,27.57548447034755,574000
2023-04-07,27.665760040283203,27.70679436043397,27.65755442854023,27.70679436043397,237000
2023-04-10,27.723209381103516,27.75603809030051,27.70679502650502,27.75603809030051,289000
2023-04-11,27.723209381103516,27.731418123761777,27.673969448026046,27.673969448026046,232000
2023-04-12,27.79707145690918,27.79707145690918,27.76424587955741,27.76424587955741,244000
2023-04-13,27.854528427124023,27.862737171945373,27.82170283999518,27.82170283999518,217000
2023-04-14,27.764251708984375,27.797077293228256,27.73142299402192,27.73142299402192,318000
2023-04-17,27.747838973999023,27.780664560162307,27.70680151253709,27.70680151253709,165000
2023-04-18,27.690387725830078,27.70679895203571,27.682178982008793,27.70679895203571,219000
2023-04-19,27.706798553466797,27.715007297169997,27.665764227106063,27.665764227106063,240000
2023-04-20,27.7396297454834,27.747838489920078,27.641146727274123,27.657561085428785,367000
2023-04-21,27.764619827270508,27.989532930707345,27.706305374175344,27.989532930707345,205000
2023-04-24,28.03118896484375,28.0395177858696,27.939556044927198,27.939556044927198,305000
2023-04-25,27.906234741210938,27.906234741210938,27.856252281274994,27.88124510010621,299000
2023-04-26,27.939558029174805,27.939558029174805,27.89790756563469,27.922897208213424,315000
2023-04-27,27.95621681213379,28.014528092384406,27.94788481339716,27.94788481339716,160000
2023-04-28,27.94788360595703,27.95621560433369,27.92289396627967,27.92289396627967,148000
2023-05-02,27.94788360595703,28.097827799473805,27.94788360595703,28.056177340769437,554000
2023-05-03,28.0145263671875,28.031187185908298,27.9978655484667,28.031187185908298,165000
2023-05-04,28.122819900512695,28.164473540588975,28.11449107913339,28.11449107913339,275000
2023-05-05,28.0145263671875,28.014526367187496,27.981204729745897,28.014526367187496,129000
2023-05-08,28.03118896484375,28.0395177858696,28.014528145065608,28.014528145065608,194000
2023-05-09,27.964540481567383,27.972872478769105,27.939550845413933,27.939550845413933,220000
2023-05-10,27.981199264526367,27.981199264526367,27.956209630189203,27.964538449059717,129000
2023-05-11,28.03118896484375,28.0395177858696,27.972877684483482,27.972877684483482,292000
2023-05-12,28.139476776123047,28.164469592210388,28.139476776123047,28.139476776123047,159000
2023-05-15,28.072839736938477,28.097829378019764,28.047846918130706,28.047846918130706,192000
2023-05-16,28.056177139282227,28.06450595987276,28.03118749978433,28.03118749978433,144000
2023-05-17,28.047842025756836,28.05617402314824,28.03118438642589,28.05617402314824,65000
2023-05-18,27.922893524169922,27.989533621496523,27.914561525925187,27.989533621496523,214000
2023-05-19,27.781278610229492,27.806271427648287,27.756288970537007,27.789610608611195,192000
2023-05-22,27.706310272216797,27.706310272216797,27.631338165241896,27.64799898653929,334000
2023-05-23,27.664655685424805,27.681316504239508,27.6479948666101,27.6479948666101,130000
2023-05-24,27.72296905517578,27.73962987524818,27.714640234002832,27.714640234002832,116000
2023-05-25,27.639665603637695,27.656326422185707,27.639665603637695,27.656326422185707,119000
2023-05-26,27.55636215209961,27.59801260577267,27.539701335085198,27.59801260577267,166000
2023-05-29,27.448074340820312,27.556368085870126,27.431413520218292,27.556368085870126,205000
2023-05-30,27.506385803222656,27.506385803222656,27.439742520380513,27.46473534030963,130000
2023-05-31,27.664655685424805,27.67298768369529,27.53970431090393,27.53970431090393,118000
2023-06-01,27.681312561035156,27.722963013275674,27.656322925236008,27.722963013275674,290000
2023-06-02,27.67298698425293,27.67298698425293,27.656326165859333,27.656326165859333,184000
2023-06-05,27.647991180419922,27.647991180419922,27.573019094612604,27.573019094612604,197000
2023-06-06,27.731298446655273,27.731298446655273,27.697976809643517,27.714637628149397,250000
2023-06-07,27.814598083496094,27.822930081229316,27.789608445748545,27.797937265755706,218000
2023-06-08,27.706310272216797,27.714642271728863,27.68965262864614,27.68965262864614,234000
2023-06-09,27.697978973388672,27.706307794429147,27.656328512733378,27.664657333773857,200000
2023-06-12,27.731298446655273,27.73962726704511,27.697976809643517,27.697976809643517,143000
2023-06-13,27.75628662109375,27.789608256347414,27.71463616588969,27.722964985840086,269000
2023-06-14,27.764619827270508,27.77294864758343,27.739627010879385,27.739627010879385,174000
2023-06-15,27.74795913696289,27.789609594172052,27.731298318533987,27.756287957314246,382000
2023-06-16,27.789608001708984,27.79793682158306,27.69797509446407,27.706303914338147,291000
2023-06-19,27.931224822998047,27.931224822998047,27.85625272077451,27.85625272077451,181000
2023-06-20,27.95621681213379,27.95621681213379,27.84792307264274,27.84792307264274,165000
2023-06-21,28.072839736938477,28.106161376864517,28.064507738093724,28.072839736938477,175000
2023-06-26,28.24776840209961,28.25609722169119,28.22277876559896,28.22277876559896,129000
2023-06-27,28.297752380371094,28.347731656070327,28.297752380371094,28.33107083826189,190000
2023-06-28,28.30608558654785,28.322746406937945,28.272763945767664,28.272763945767664,321000
2023-06-29,28.314414978027344,28.35606543630355,28.314414978027344,28.322743798592075,279000
2023-06-30,28.272762298583984,28.297755116576315,28.23111183889861,28.23111183889861,274000
2023-07-03,28.314414978027344,28.314414978027344,28.25610052316913,28.28109334031587,199000
2023-07-04,28.347734451293945,28.356066449882775,28.314415990117787,28.322744810980232,209000
2023-07-05,28.41437530517578,28.422704125327723,28.356064030933837,28.356064030933837,209000
2023-07-06,28.397716522216797,28.397716522216797,28.34773406454489,28.34773406454489,204000
2023-07-07,28.297752380371094,28.31441319817953,28.239441106904607,28.239441106904607,190000
2023-07-10,28.20612144470215,28.214450265326047,28.139478168805773,28.156138987779865,211000
2023-07-11,28.28109359741211,28.289422418052556,28.18113186109524,28.20612150074288,271000
2023-07-12,28.28109359741211,28.3144152354265,28.27276159904536,28.306083237059752,261000
2023-07-13,28.32274627685547,28.397718379403265,28.239445353014162,28.31441745556196,276000
2023-07-14,28.24776840209961,28.40604139614688,28.239439582508027,28.40604139614688,613000
2023-07-17,28.372726440429688,28.381055261048804,28.239443066439744,28.24777188705886,300000
2023-07-18,28.36427116394043,28.423468846444607,28.338898424273108,28.423468846444607,238000
2023-07-19,28.51649284362793,28.51649284362793,28.431922426955335,28.440381081638364,187000
2023-07-20,28.49958038330078,28.533408551896283,28.482666299003032,28.52494989673155,276000
2023-07-21,28.49958038330078,28.5080358124338,28.448838130407534,28.465752214705283,299000
2023-07-24,28.617971420288086,28.651799583768735,28.567229175067116,28.567229175067116,393000
2023-07-25,28.634883880615234,28.66025338877359,28.617969799832647,28.634883880615234,241000
2023-07-26,28.609519958496094,28.634889471607874,28.575691790325934,28.626430816549494,208000
2023-07-27,28.609519958496094,28.66025898471965,28.584147219352637,28.66025898471965,175000
2023-07-28,28.66025733947754,28.68562685113298,28.61797374470797,28.634887827822094,357000
2023-07-31,28.685625076293945,28.6940837303434,28.643341484140553,28.660255566208168,133000
2023-08-01,28.804027557373047,28.82939707089962,28.787113473011424,28.787113473011424,169000
2023-08-02,28.812480926513672,28.8801372591229,28.80402549795327,28.80402549795327,269000
2023-08-04,28.601057052612305,28.753280560722153,28.491117135414928,28.753280560722153,185000
2023-08-07,28.66871452331543,28.66871452331543,28.609516848468637,28.651800441069014,366000
2023-08-08,28.787109375,28.795564802961266,28.702538965230964,28.702538965230964,152000
2023-08-09,28.90550994873047,28.94779354824418,28.888595863718614,28.930879463232326,134000
2023-08-10,28.871679306030273,28.89704881835939,28.863223877264428,28.888593389593545,210000
2023-08-11,28.795564651489258,28.829392815218927,28.761736487759592,28.761736487759592,157000
2023-08-14,28.854766845703125,28.871680930217902,28.778655078402494,28.812483247432056,287000
2023-08-15,28.73636817932129,28.77019634446517,28.702540014177412,28.702540014177412,279000
2023-08-16,28.558778762817383,28.626431875628953,28.54186467810654,28.626431875628953,270000
2023-08-17,28.431921005249023,28.491118680943956,28.415006922760274,28.44883508773777,354000
2023-08-18,28.406553268432617,28.4319227807343,28.364269672585955,28.4319227807343,287000
2023-08-21,28.25432777404785,28.30507002114752,28.22895826351369,28.30507002114752,286000
2023-08-22,28.17821502685547,28.186673680757373,28.127472781537758,28.186673680757373,184000
2023-08-23,28.26278305053711,28.279697132812892,28.24587219429266,28.26278305053711,191000
2023-08-24,28.26278305053711,28.406551136865605,28.254327622414884,28.406551136865605,341000
2023-08-25,28.321985244750977,28.364268839355518,28.305071161702866,28.33889610176761,210000
2023-08-28,28.34735679626465,28.34735679626465,28.271245030086664,28.32198728288256,162000
2023-08-29,28.491113662719727,28.491113662719727,28.4657441564707,28.474199583210105,181000
2023-08-30,28.57569122314453,28.57569122314453,28.47420672064836,28.550318484504682,309000
2023-08-31,28.677169799804688,28.694083881961674,28.609516697208036,28.609516697208036,196000
2023-09-01,28.651803970336914,28.651803970336914,28.57569220386842,28.57569220386842,85000
2023-09-04,28.643342971801758,28.668715709236622,28.609518031941036,28.668715709236622,189000
2023-09-05,28.634883880615234,28.634883880615234,28.62642522720842,28.634883880615234,117000
2023-09-06,28.51649284362793,28.51649284362793,28.448836510289855,28.448836510289855,127000
2023-09-07,28.49958038330078,28.516494467598534,28.465752214705283,28.465752214705283,136000
2023-09-08,28.57569122314453,28.592605306893894,28.533407626786936,28.533407626786936,149000
2023-09-11,28.491113662719727,28.516486394999564,28.4657441564707,28.4657441564707,196000
2023-09-12,28.51649284362793,28.533406926962446,28.423466998303844,28.440381081638364,191000
2023-09-13,28.5418643951416,28.5418643951416,28.4995807967996,28.52495031059845,161000
2023-09-14,28.491113662719727,28.558769980758214,28.4657441564707,28.558769980758214,231000
2023-09-15,28.50803565979004,28.55031925729215,28.499580230702296,28.516494314909483,200000
2023-09-18,28.45729637145996,28.516494052624775,28.347356438140302,28.364270522191916,155000
2023-09-19,28.55031967163086,28.55031967163086,28.4572970461889,28.474207904609802,161000
2023-09-20,28.491113662719727,28.499572315489942,28.474199583210105,28.474199583210105,123000
2023-09-21,28.51649284362793,28.52494827227942,28.398097486317834,28.398097486317834,136000
2023-09-22,28.271244049072266,28.271244049072266,28.220501798037134,28.220501798037134,399000
2023-09-25,28.34735679626465,28.37272630964674,28.288159114351963,28.37272630964674,149000
2023-09-26,28.296611785888672,28.296611785888672,28.220500027127983,28.245872764069144,43000
2023-09-27,28.288156509399414,28.296611937737577,28.288156509399414,28.296611937737577,119000
2023-09-28,28.203588485717773,28.203588485717773,28.152849459326546,28.152849459326546,222000
2023-10-02,28.10210418701172,28.16976051630516,28.076734676542348,28.16976051630516,189000
2023-10-03,27.916051864624023,28.017536356227165,27.899141008721436,28.017536356227165,574000
2023-10-04,27.77228546142578,27.780740888906447,27.738457299440945,27.780740888906447,196000
2023-10-05,27.73000717163086,27.772290769177467,27.67926491895591,27.772290769177467,346000
2023-10-06,27.62006378173828,27.65389194595613,27.54395202526377,27.65389194595613,255000
2023-10-11,27.594697952270508,27.907600447943413,27.54395569917555,27.907600447943413,309000
2023-10-12,27.738460540771484,27.738460540771484,27.696176946365007,27.730005112302774,766000
2023-10-13,27.755374908447266,27.763833563034208,27.67080771876684,27.721546742162495,273000
2023-10-16,27.704633712768555,27.780745476788454,27.628521948748656,27.780745476788454,345000
2023-10-17,27.62006378173828,27.636977863847203,27.611608353699467,27.636977863847203,236000
2023-10-18,27.54395294189453,27.58623653555834,27.50166934823072,27.58623653555834,346000
2023-10-19,27.414960861206055,27.475158202307373,27.414960861206055,27.466558582150043,678000
2023-10-20,27.22577476501465,27.311769328357418,27.174178683092936,27.311769328357418,362000
2023-10-23,27.113983154296875,27.174178856958996,27.096783913476305,27.174178856958996,172000
2023-10-24,27.208576202392578,27.21717582296216,27.165579739754577,27.17417936032416,408000
2023-10-25,27.449357986450195,27.4665572259156,27.38056266879833,27.38056266879833,319000
2023-10-26,27.268766403198242,27.285965640866515,27.18277349527603,27.225769949237137,317000
2023-10-27,27.328969955444336,27.35476717760893,27.311770713861304,27.346167556817413,243000
2023-10-30,27.311771392822266,27.320371013827565,27.294572150811668,27.320371013827565,223000
2023-10-31,27.328969955444336,27.328969955444336,27.268772609903728,27.311770713861304,183000
2023-11-01,27.311771392822266,27.320371013827565,27.268773287795767,27.311771392822266,204000
2023-11-02,27.61275291442871,27.62995215727848,27.543955943029626,27.543955943029626,506000
2023-11-03,27.776140213012695,27.853535163988592,27.724545765975485,27.801940716951382,198000
2023-11-06,27.810535430908203,27.836332651396248,27.741738469047153,27.836332651396248,441000
2023-11-07,27.862133026123047,27.870731006106894,27.83633252533215,27.862133026123047,196000
2023-11-08,27.913726806640625,27.93092604662119,27.86213236711852,27.92232806684071,237000
2023-11-09,28.128713607788086,28.154514109089614,28.05991992529675,28.154514109089614,178000
2023-11-10,27.95672607421875,28.09431672746263,27.913729610158775,28.09431672746263,242000
2023-11-13,27.9653263092041,27.99112353060957,27.93952908779863,27.982525550281018,184000
2023-11-14,27.939529418945312,27.939529418945312,27.887931695103013,27.922330177664545,243000
2023-11-15,28.128713607788086,28.128713607788086,28.06851790545076,28.06851790545076,260000
2023-11-16,27.99112319946289,28.13731510667727,27.97392395858945,28.13731510667727,958000
2023-11-17,27.973928451538086,28.16311685111211,27.973928451538086,28.16311685111211,681000
2023-11-20,27.8707332611084,28.042722398477952,27.8707332611084,28.034121137378502,160000
2023-11-21,27.793336868286133,27.870731812057524,27.75893838651667,27.870731812057524,313000
2023-11-22,27.887929916381836,27.93952763693318,27.82773421594842,27.844933456132203,628000
2023-11-23,28.059921264648438,28.111515708874702,27.896530110145534,27.896530110145534,269000
2023-11-24,28.0427188873291,28.08571534618304,28.008320408078138,28.08571534618304,211000
2023-11-27,28.016923904418945,28.102916828990796,27.99112340271155,28.102916828990796,173000
2023-11-28,28.051319122314453,28.068518363322788,27.98252543870091,28.068518363322788,436000
2023-11-29,27.99112319946289,28.20610878975127,27.948126737489172,28.20610878975127,673000
2023-11-30,28.145912170410156,28.197509891350347,28.120114950149894,28.120114950149894,309000
2023-12-01,28.266305923461914,28.326501629356233,28.197512236905524,28.326501629356233,214000
2023-12-04,28.378097534179688,28.395296774820466,28.309300571616568,28.317901832146823,326000
2023-12-05,28.498489379882812,28.498489379882812,28.45549291782442,28.498489379882812,215000
2023-12-06,28.79086685180664,28.79946811155522,28.558682044886496,28.558682044886496,249000
2023-12-07,29.02305793762207,29.048855161609954,28.919865761250385,28.988659452024795,452000
2023-12-08,28.937063217163086,29.014458164767685,28.808070544348773,29.014458164767685,237000
2023-12-11,28.98006248474121,29.023058953032024,28.790874087757334,28.885468286249274,187000
2023-12-12,28.971452713012695,28.997253210744976,28.851061324993022,28.980053972396554,308000
2023-12-13,28.928462982177734,28.98006070921762,28.911263739831107,28.98006070921762,274000
2023-12-14,29.07465171813965,29.238039581911,28.971456275360133,29.152046660014435,581000
2023-12-15,29.23804473876953,29.263841963804545,29.100454071215662,29.100454071215662,483000
2023-12-18,29.496021270751953,29.496021270751953,29.392829109642044,29.410028349896972,449000
2023-12-19,29.487422943115234,29.530419403035708,29.47882168287937,29.496020922931482,360000
2023-12-20,29.582015991210938,29.607813210092147,29.521820293541793,29.573414731304208,218000
2023-12-21,29.62501335144043,29.676607790773673,29.607814111522817,29.65081057110705,232000
2023-12-22,29.55622100830078,29.625017978716965,29.496025299396674,29.625017978716965,307000
2023-12-25,29.53041648864746,29.582014203711566,29.521818509679758,29.556213705969867,284000
2023-12-26,29.50462532043457,29.5562197656574,29.47022683667271,29.530422543045983,339000
2023-12-27,29.392833709716797,29.478826644029954,29.38423244803338,29.478826644029954,395000
2023-12-28,29.298236846923828,29.410030275691362,29.246639122780383,29.410030275691362,388000
2023-12-29,29.36703109741211,29.375629077097848,29.263835658665823,29.349831857621062,234000
2024-01-02,29.418628692626953,29.444429195291388,29.31543652322897,29.332635764865287,190000
2024-01-03,29.35843276977539,29.418628474846926,29.28103782319486,29.418628474846926,666000
2024-01-04,29.298236846923828,29.358432551547917,29.238041142299743,29.238041142299743,411000
2024-01-05,29.169240951538086,29.22083866997638,29.160642972008123,29.195041450966986,367000
2024-01-08,28.88546371459961,29.09185132231927,28.868264473921325,29.09185132231927,824000
2024-01-09,29.02305793762207,29.040257180420706,28.808072323269315,28.89406525684236,568000
2024-01-10,29.04025650024414,29.05745574263994,28.980060792068876,29.023057257848343,240000
2024-01-11,29.048851013183594,29.117647974553346,28.980057332233518,29.117647974553346,565000
2024-01-12,29.195043563842773,29.20364154399498,29.152047102242246,29.160645082394453,502000
2024-01-15,29.418628692626953,29.418628692626953,29.229443595467302,29.289639300984454,427086
2024-01-16,29.45302963256836,29.453029632568356,29.3928339220303,29.3928339220303,481000
2024-01-17,29.418031692504883,29.444273292625695,29.339303555214663,29.374294579994267,428000
2024-01-18,29.339309692382812,29.391792903602823,29.330560265893823,29.391792903602823,814000
2024-01-19,29.199344635009766,29.286818865549144,29.199344635009766,29.286818865549144,600000
2024-01-22,29.076879501342773,29.181849245822768,29.041888474206775,29.173099820574762,737000
2024-01-23,29.14685821533203,29.14685821533203,29.09437167463407,29.111867188200055,211000
2024-01-24,29.085628509521484,29.10312402484583,29.04189138967479,29.085628509521484,368000
2024-01-25,28.95441246032715,29.006899003848062,28.910675342523817,29.006899003848062,426000
2024-01-26,29.076879501342773,29.094371677982764,29.033139048958766,29.041888474206775,175000
2024-01-29,29.103124618530273,29.120620134211517,29.076883013472617,29.103124618530273,256000
2024-01-30,29.199344635009766,29.251827838562193,29.09437155404892,29.12061649275313,706000
2024-01-31,29.356801986694336,29.374297500823804,29.181850182327782,29.199345696457247,346000
2024-02-01,29.444276809692383,29.453022898468095,29.400539691957448,29.400539691957448,188000
2024-02-02,29.40053939819336,29.496763058405683,29.40053939819336,29.479267544100882,352000
2024-02-05,29.269323348999023,29.330555977755793,29.21684014545208,29.21684014545208,217000
2024-02-15,29.13811683654785,29.173104532406803,28.998156042326386,29.076884197633994,339000
2024-02-16,29.14685821533203,29.14685821533203,29.059383984430106,29.13811212701304,187000
2024-02-19,29.155611038208008,29.17310321688442,29.120620006998376,29.129366096336586,310000
2024-02-20,29.094375610351562,29.164357674082275,29.076883431347348,29.155611584580168,810000
2024-02-21,29.13811683654785,29.173104532406803,29.120621320154097,29.120621320154097,331000
2024-02-22,29.190593719482422,29.208089232082667,29.08562398080877,29.13811051860951,212000
2024-02-23,29.286819458007812,29.295568883395546,29.19059580031114,29.19059580031114,220000
2024-02-26,29.40053939819336,29.43553042680296,29.321811252285837,29.321811252285837,533000
2024-02-27,29.383045196533203,29.40928680069863,29.330558651274043,29.330558651274043,255000
2024-02-29,29.40053939819336,29.43553042680296,29.38304388388856,29.43553042680296,228000
2024-03-01,29.409284591674805,29.461771132991533,29.383042989480465,29.461771132991533,203000
2024-03-04,29.444276809692383,29.52300495638654,29.374298088702123,29.52300495638654,354000
2024-03-05,29.461772918701172,29.479268433533836,29.409286374203173,29.444277403868504,435000
2024-03-06,29.488014221191406,29.54050076515312,29.435531014157913,29.54050076515312,237000
2024-03-07,29.531749725341797,29.566740752737218,29.496762034874415,29.52300363695696,399000
2024-03-08,29.540504455566406,29.566746062361446,29.51426284877137,29.566746062361446,268000
2024-03-11,29.654220581054688,29.66296667010603,29.57549243187946,29.5842385209308,473000
2024-03-12,29.627973556518555,29.67171067255612,29.584236440480993,29.636722981882905,218000
2024-03-13,29.6367244720459,29.66296607560228,29.592987353809193,29.610479531561296,334000
2024-03-14,29.654220581054688,29.654220581054688,29.627975640044085,29.627975640044085,174000
2024-03-15,29.645471572875977,29.662967088153515,29.592988363971692,29.645471572875977,238000
2024-03-18,29.645471572875977,29.645471572875977,29.645471572875977,29.645471572875977,0
2024-03-19,29.645471572875977,29.67171317732812,29.601734453146292,29.645471572875977,412000
2024-03-20,29.645471572875977,29.645471572875977,29.645471572875977,29.645471572875977,0
2024-03-21,29.87290382385254,29.907891510322315,29.79417568967214,29.79417568967214,437000
2024-03-22,30.091594696044922,30.135331809707708,30.012866556680752,30.012866556680752,356000
2024-03-25,30.091594696044922,30.091594696044922,30.091594696044922,30.091594696044922,0
2024-03-26,30.091594696044922,30.091594696044922,30.091594696044922,30.091594696044922,0
2024-03-27,30.179073333740234,30.19656884914772,30.135336213685704,30.135336213685704,171000
2024-03-28,30.20531463623047,30.266547271079947,30.20531463623047,30.214064062310868,274000
2024-03-29,30.26654624938965,30.292791189816583,30.222809131249047,30.222809131249047,173000
2024-04-01,30.214065551757812,30.24030715743597,30.18782060915116,30.24030715743597,249000
2024-04-02,30.179073333740234,30.19656884914772,30.15283172909319,30.161577818332752,236000
2024-04-03,30.100341796875,30.13533282375382,30.03910916830106,30.07410019517988,246000
2024-04-08,30.030366897583008,30.08285010764505,29.99537586625604,30.08285010764505,223000
2024-04-09,30.056608200073242,30.07410371556062,30.02161716909848,30.03036659530636,251000
2024-04-10,30.117841720581055,30.135337236582398,30.056609083040595,30.10034620457971,197000
2024-04-11,30.030366897583008,30.030366897583008,29.95163874556153,29.977880350592553,213000
2024-04-12,29.92539405822754,29.96913117929419,29.85541533190659,29.960385089852238,334000
2024-04-15,29.977880477905273,30.00412208304774,29.977880477905273,29.99537599364306,242000
2024-04-16,29.951637268066406,29.986624960739046,29.829168664463314,29.829168664463314,555000
2024-04-17,29.724197387695312,29.91664470369911,29.706701873792415,29.91664470369911,714000
2024-04-18,29.741960525512695,29.83964700476977,29.715315678647535,29.83076764766442,390000
2024-04-19,29.839649200439453,29.972863281243793,29.83076984268074,29.89293551031615,593000
2024-04-22,29.78636932373047,29.83965225128007,29.75084511351397,29.83965225128007,312000
2024-04-23,29.901811599731445,29.972860005134603,29.79524237940114,29.79524237940114,275000
2024-04-24,29.85740852355957,29.892932726836197,29.804125606419117,29.892932726836197,223000
2024-04-25,29.795242309570312,29.884052816116117,29.795242309570312,29.804125054112106,178000
2024-04-26,29.733076095581055,29.750838196559684,29.68867253702166,29.750838196559684,174000
2024-04-29,29.813005447387695,29.866291753167783,29.80412609031162,29.848529651241087,163000
2024-04-30,29.901811599731445,29.901811599731445,29.8396459388909,29.857408040241687,130000
2024-05-02,29.848529815673828,29.884054019722917,29.82188835652429,29.866291917698373,143000
2024-05-03,29.848529815673828,29.89293337684791,29.79524350960019,29.884054019722917,230000
2024-05-06,29.999502182006836,30.035026385559508,29.93733651967691,29.93733651967691,243000
2024-05-07,30.186004638671875,30.186004638671875,30.0883147660517,30.132718329667757,422000
2024-05-08,30.23040771484375,30.30145273792894,30.203762866883945,30.274811277743833,262000
2024-05-09,30.15047836303711,30.177119821823034,30.132716261254988,30.177119821823034,195000
2024-05-10,30.248172760009766,30.27481422278648,30.19488644668132,30.19488644668132,270000
2024-05-13,30.23040771484375,30.25704917502886,30.186004151943667,30.194883509413806,220000
2024-05-14,30.23928451538086,30.283688074526324,30.23040515866153,30.23040515866153,154000
2024-05-15,30.203763961791992,30.26593301743541,30.186005246207948,30.26593301743541,265000
2024-05-16,30.310335159301758,30.37250082425256,30.28369031162666,30.310335159301758,258000
2024-05-17,30.372501373291016,30.39914283367305,30.345856525134266,30.381380730826788,309000
2024-05-20,30.310335159301758,30.336976619202197,30.274810954251397,30.336976619202197,255000
2024-05-21,30.399145126342773,30.399145126342773,30.328100097374303,30.328100097374303,231000
2024-05-22,30.399145126342773,30.461310797105796,30.39026576813733,30.461310797105796,258000
2024-05-23,30.345853805541992,30.434664311814114,30.33697444880199,30.434664311814114,242000
2024-05-24,30.28369140625,30.33697771575161,30.257049945386587,30.33697771575161,343000
2024-05-27,30.221525192260742,30.301452961179645,30.212645834725183,30.301452961179645,211000
2024-05-28,30.186004638671875,30.248170305289307,30.168242535670505,30.248170305289307,190000
2024-05-29,30.221525192260742,30.221525192260742,30.150480168652113,30.15935952618767,287000
2024-05-30,30.19488525390625,30.19488525390625,30.106078122975305,30.123836838941582,249000
2024-05-31,30.28369140625,30.310336254888192,30.177122175021566,30.177122175021566,144000
2024-06-03,30.310335159301758,30.399142284152997,30.248169494350957,30.399142284152997,259000
2024-06-04,30.443546295166016,30.452429040446823,30.32809770871319,30.32809770871319,252000
2024-06-05,30.50571060180664,30.550117550682643,30.496831244696175,30.514593346691665,273000
2024-06-06,30.523473739624023,30.567877302232315,30.514594382212234,30.550118587408733,166000
2024-06-07,30.532358169555664,30.558999631035753,30.434668293762194,30.523475423879063,139000
2024-06-11,30.425783157348633,30.461307361713974,30.416903800144595,30.461307361713974,190000
2024-06-12,30.461305618286133,30.479067719452203,30.434664160424227,30.461305618286133,152000
2024-06-13,30.56787872314453,30.585640826568433,30.523475158472195,30.523475158472195,504000
2024-06-14,30.718852996826172,30.76325655873542,30.656687332598295,30.656687332598295,162000
2024-06-17,30.66556739807129,30.71885370625777,30.638925937865398,30.71885370625777,238000
2024-06-18,30.656686782836914,30.656686782836914,30.630045323724044,30.630045323724044,200000
2024-06-19,30.727731704711914,30.745493806655162,30.67444878665672,30.67444878665672,241000
2024-06-20,30.69221305847168,30.736616622581757,30.68333031298479,30.736616622581757,173000
2024-06-21,30.68332862854004,30.70997347576317,30.6566871690915,30.665566526316148,173000
2024-06-24,30.70997428894043,30.745495106554174,30.68332944101176,30.745495106554174,245000
2024-06-25,30.807661056518555,30.825423159376754,30.754378135718675,30.754378135718675,251000
2024-06-26,30.89647674560547,30.91423885143861,30.816548963243967,30.843190428106038,126000
2024-06-27,30.807661056518555,30.852068007551413,30.763257493260415,30.852068007551413,177000
2024-06-28,30.77213478088379,30.8698212476163,30.763252037142756,30.8698212476163,126000
2024-07-01,30.585643768310547,30.64780944238591,30.559002304499717,30.64780944238591,292000
2024-07-02,30.594518661499023,30.603398017898353,30.558994460353144,30.576756560926086,257000
2024-07-03,30.74549674987793,30.75437949558716,30.66556897736922,30.66556897736922,257000
2024-07-04,30.781023025512695,30.852071444861185,30.763260920675574,30.825426593717953,253000
2024-07-05,30.736614227294922,30.789897144964794,30.67444856483039,30.772138430924517,261000
2024-07-08,30.84318733215332,30.896473644304017,30.81654586996544,30.834307974015676,226000
2024-07-09,31.020801544189453,31.056325748349728,30.949753135868896,31.029680901342235,258000
2024-07-10,31.047443389892578,31.074088237231738,31.011919185290104,31.02080193032803,292000
2024-07-11,31.07408905029297,31.091847765284253,31.04744420225664,31.065206305022624,301000
2024-07-12,31.171775817871094,31.180658563222377,31.100730793934513,31.100730793934513,199000
2024-07-15,31.225065231323242,31.233944589782652,31.12737534939437,31.180661663476045,380000
2024-07-16,31.27925682067871,31.297322065715534,31.234095430883237,31.252157230326883,312000
2024-07-17,31.333450317382812,31.35151556311564,31.315385071649988,31.342484663045884,268000
2024-07-18,31.261192321777344,31.333449858056095,31.243127076309342,31.333449858056095,303000
2024-07-19,31.297317504882812,31.3424788880971,31.297317504882812,31.3424788880971,213000
2024-07-22,31.351511001586914,31.36054534593552,31.279253474762122,31.29731871786652,209000
2024-07-23,31.34248161315918,31.405708244274933,31.3153820244003,31.351512512350155,154000
2024-07-26,31.252155303955078,31.34248152357153,31.206993916943336,31.34248152357153,282000
2024-07-29,31.414743423461914,31.441843015912887,31.37861637618303,31.414743423461914,333000
2024-07-30,31.414743423461914,31.459908262349053,31.414743423461914,31.43280866989808,191000
2024-07-31,31.532163619995117,31.586359355552442,31.505067475013057,31.505067475013057,224000
2024-08-01,31.56829261779785,31.622484905199727,31.54119302850387,31.55022737346621,220000
2024-08-02,31.676677703857422,31.776034815681072,31.568289693501043,31.568289693501043,307000
2024-08-05,31.640552520751953,31.902493414801658,31.613456375020363,31.902493414801658,471000
2024-08-06,31.640552520751953,31.68571735776234,31.613456375020363,31.640552520751953,419000
2024-08-07,31.631519317626953,31.631519317626953,31.586357929498053,31.613454073256783,431000
2024-08-08,31.496034622192383,31.613456998667864,31.47796937615051,31.613456998667864,174000
2024-08-09,31.360551834106445,31.468939869564394,31.324421340422624,31.468939869564394,497000
2024-08-12,31.405710220336914,31.432806365207718,31.34248358524291,31.34248358524291,299000
2024-08-13,31.42378044128418,31.52313758233421,31.405715193312016,31.405715193312016,160000
2024-08-14,31.477970123291016,31.48700446932307,31.45990832241381,31.45990832241381,166000
2024-08-15,31.56829261779785,31.613454005830427,31.559258272835507,31.613454005830427,193000
2024-08-16,31.577322006225586,31.622483392097237,31.568291107288406,31.61345249316006,326000
2024-08-19,31.378616333007812,31.568296251936395,31.36958198700544,31.568296251936395,285000
2024-08-20,31.360551834106445,31.405713228414466,31.297325192956517,31.405713228414466,304000
2024-08-21,31.477970123291016,31.477970123291016,31.45990832241381,31.468939222852413,160000
2024-08-22,31.550228118896484,31.559259018479153,31.514097629379556,31.514097629379556,152000
2024-08-23,31.550228118896484,31.568293363654945,31.52313197455535,31.559259018479153,136000
2024-08-26,31.541196823120117,31.541196823120117,31.441843135732753,31.523135022208567,280000
2024-08-27,31.667652130126953,31.694748275873987,31.613456393039584,31.631521638735375,145000
2024-08-28,31.69474983215332,31.72184597923083,31.68571893165864,31.72184597923083,177000
2024-08-29,31.61345863342285,31.676685275042214,31.61345863342285,31.676685275042214,152000
2024-08-30,31.61345863342285,31.61345863342285,31.541197645518697,31.577328139470772,132000
2024-09-02,31.667652130126953,31.667652130126953,31.58636024729255,31.613456393039584,205000
2024-09-03,31.73990821838379,31.7579734632549,31.68571592936361,31.68571592936361,61000
2024-09-04,31.748947143554688,31.776043291973526,31.73088189607758,31.73991279701931,300000
2024-09-05,31.83023452758789,31.88442681675253,31.7760387928301,31.794104037749364,252000
2024-09-06,31.73990821838379,31.821200097507205,31.73990821838379,31.821200097507205,377000
2024-09-09,31.776037216186523,31.794102460209437,31.739906728140696,31.748941072948643,259000
2024-09-10,31.96571922302246,31.974753568427595,31.848296851908202,31.848296851908202,414000
2024-09-11,32.00184631347656,32.0470076989245,31.96571582688107,32.019911556774304,313000
2024-09-12,32.02894973754883,32.05604933145308,31.983788341833247,32.02894973754883,261000
2024-09-13,32.01991653442383,32.037981780529904,31.992816942468025,31.992816942468025,264000
2024-09-16,31.95668601989746,32.01991265080342,31.93862077598248,32.01991265080342,152000
2024-09-18,32.209598541259766,32.21862944210241,32.056049107779465,32.06508000862211,231000
2024-09-19,32.146366119384766,32.20959275069741,32.1102356313224,32.20056185147831,171000
2024-09-20,32.1283073425293,32.14637259019687,32.074111599526574,32.14637259019687,185000
2024-09-23,32.1553955078125,32.164429852200115,32.110234122652905,32.110234122652905,151000
2024-09-24,32.11927032470703,32.21862399956728,32.110235979796904,32.173462611795706,299000
2024-09-25,31.992816925048828,32.1192736477225,31.929590286508684,32.1192736477225,317000
2024-09-26,31.95668601989746,31.992813062134466,31.929586431228504,31.992813062134466,226000
2024-09-27,31.82120132446289,31.9295893522756,31.794105178908033,31.9295893522756,187000
2024-09-30,31.730878829956055,31.821201613020154,31.667652192692522,31.821201613020154,403000
2024-10-01,32.00184631347656,32.0560420433698,31.83023167053725,31.83023167053725,226000
2024-10-04,32.11023712158203,32.11023712158203,32.00184909795756,32.00184909795756,326000
2024-10-07,32.11023712158203,32.137336711683005,32.101206221943805,32.11023712158203,341000
2024-10-08,32.00184631347656,32.00184631347656,31.87539305598519,31.95668492802862,313000
2024-10-09,32.00184631347656,32.065072942222244,31.983781070178814,32.065072942222244,266000
2024-10-11,31.983783721923828,31.983783721923828,31.929587987537275,31.974752822322635,319000
2024-10-14,31.983783721923828,32.00184896671934,31.929587987537275,31.938622332731597,369000
2024-10-15,32.07410430908203,32.155396182311634,31.992812435852436,32.02894292297512,333000
2024-10-16,32.02894973754883,32.200567865099124,31.89346555040208,32.15540302378991,542000
2024-10-17,32.03813934326172,32.07491279983661,32.00136939359667,32.03813934326172,441000
2024-10-18,31.835891723632812,32.038138717021766,31.76234481192063,32.038138717021766,552000
2024-10-21,31.57848358154297,31.71638229864894,31.550905240885793,31.688803957991766,517000
2024-10-22,31.440587997436523,31.57848320599251,31.40381453905759,31.57848320599251,425000
2024-10-23,31.367036819458008,31.422196999532883,31.330266872984293,31.422196999532883,272000
2024-10-24,31.219947814941406,31.27510799731688,31.192369477208512,31.27510799731688,542000
2024-10-25,31.339458465576172,31.339458465576172,31.265911558850267,31.293493402327247,284000
2024-10-28,31.19236946105957,31.35784650119063,31.155596006161627,31.33945977374166,394000
2024-10-29,31.21075439453125,31.21075439453125,31.16478933200571,31.16478933200571,132000
2024-10-30,31.27510643005371,31.27510643005371,31.238332976979528,31.238332976979528,187000
2024-11-01,31.256725311279297,31.265916922742154,31.155600050637183,31.265916922742154,188000
2024-11-04,30.990116119384766,31.238331656781128,30.990116119384766,31.238331656781128,445000
2024-11-05,31.155595779418945,31.256721026197482,31.05447053264041,31.256721026197482,278000
2024-11-06,31.155595779418945,31.19236923404926,30.962540402974277,31.155595779418945,253000
2024-11-07,31.18317413330078,31.219947587950394,31.155595795768402,31.155595795768402,149000
2024-11-08,31.550901412963867,31.550901412963867,31.210755727456807,31.210755727456807,136000
2024-11-11,31.57848358154297,31.58767869970206,31.357849842465473,31.550905240885793,190000
2024-11-12,31.77153968811035,31.77153968811035,31.67041443872879,31.67041443872879,213000
2024-11-13,31.587678909301758,31.652030709202204,31.569292179771622,31.652030709202204,203000
2024-11-14,31.44978141784668,31.477363266672636,31.38542961543646,31.38542961543646,125000
2024-11-15,31.431386947631836,31.514125459914958,31.403808612507245,31.514125459914958,163000
2024-11-18,31.376235961914062,31.394622690964756,31.275110705590247,31.275110705590247,138000
2024-11-19,31.348651885986328,31.385425341473113,31.32107354782611,31.376233731056285,165000
2024-11-20,31.357847213745117,31.357847213745117,31.19237016985387,31.330268875399828,209850
2024-11-21,31.468164443969727,31.468164443969727,31.35784758238195,31.35784758238195,126000
2024-11-22,31.48655128479004,31.48655128479004,31.468164556641277,31.468164556641277,133000
2024-11-25,31.477359771728516,31.53251644943594,31.440586315317017,31.53251644943594,124000
2024-11-26,31.56009292602539,31.606057985265025,31.514124359876526,31.532511084954226,123000
2024-11-27,31.50493812561035,31.54171158203939,31.449777940966793,31.449777940966793,154000
2024-11-28,31.670413970947266,31.75315249131831,31.514128540508764,31.514128540508764,162000
2024-11-29,31.6979923248291,31.716379052355283,31.661218869776743,31.716379052355283,152000
2024-12-02,31.762348175048828,31.845086706030845,31.624452961352233,31.716383103816632,211000
2024-12-03,31.82670021057129,31.863473670591954,31.789930257460792,31.789930257460792,237000
2024-12-04,31.6979923248291,31.83589102782061,31.6979923248291,31.808309183076496,214000
2024-12-05,31.799118041992188,31.799118041992188,31.697992792560846,31.71637952035834,211000
2024-12-06,31.799118041992188,31.81750476978968,31.707187909914467,31.707187909914467,165000
2024-12-09,31.90024757385254,31.90024757385254,31.826700652789302,31.826700652789302,262000
2024-12-10,31.854278564453125,31.891048513529757,31.82669671900842,31.82669671900842,156000
2024-12-11,31.854278564453125,31.863470174994838,31.808309991015214,31.808309991015214,154000
2024-12-12,31.799118041992188,31.86346983582854,31.789926431548313,31.826696380233553,140000
2024-12-13,31.688800811767578,31.771539332434454,31.679605694521424,31.716379149686635,209000
2024-12-16,31.587678909301758,31.652030709202204,31.514131991181205,31.652030709202204,168000
2024-12-17,31.587678909301758,31.587678909301758,31.54171383893145,31.587678909301758,151000
2024-12-18,31.56928825378418,31.587674981027725,31.532514799297083,31.541709916373676,190000
2024-12-19,31.477359771728516,31.504938110582227,31.36703940249402,31.36703940249402,211000
2024-12-20,31.339458465576172,31.477357162232472,31.321071738894695,31.477357162232472,157000
2024-12-23,31.348651885986328,31.376233731056285,31.30268682008272,31.311881937409282,53000
2024-12-24,31.33026885986328,31.339460470337233,31.256721948432638,31.339460470337233,310000
2024-12-25,31.3118839263916,31.40381406403838,31.284302079569603,31.3118839263916,166000
2024-12-26,31.302684783935547,31.311879900663996,31.26591133084077,31.311879900663996,129000
2024-12-27,31.3118839263916,31.35784899521499,31.30268880848095,31.35784899521499,88000
2024-12-30,31.201562881469727,31.30268813485095,31.192371270666836,31.30268813485095,313000
2024-12-31,31.357847213745117,31.367038824223627,31.29349541966627,31.367038824223627,159000
2025-01-02,31.348651885986328,31.357847003312894,31.256721754179107,31.357847003312894,140000
2025-01-03,31.45897674560547,31.4681683573351,31.403816554496988,31.413008166226618,210000
2025-01-06,31.413002014160156,31.43138874092871,31.3762320675326,31.43138874092871,225000
2025-01-07,31.348651885986328,31.458972252446678,31.348651885986328,31.41300367963333,296000
2025-01-08,31.256725311279297,31.37623730175726,31.11882659096548,31.348655453548417,611000
2025-01-09,31.18317413330078,31.256721042600006,31.146404185560826,31.256721042600006,440000
2025-01-10,31.21075439453125,31.21075439453125,31.1464026056136,31.183172551488344,223000
2025-01-13,31.164793014526367,31.164793014526367,31.09124610026741,31.164793014526367,325000
2025-01-14,31.146404266357422,31.173982603961342,31.100439201380997,31.173982603961342,170000
2025-01-15,31.072860717773438,31.08205583590908,31.008508918464084,31.054473988412187,250000
2025-01-16,31.238332748413086,31.256719474815643,31.201559295607968,31.238332748413086,108000
2025-01-17,31.247695922851562,31.44422145910878,31.22897869512047,31.44422145910878,126000
2025-01-20,31.219615936279297,31.257050384631064,31.182181487927526,31.257050384631064,501000
2025-01-21,31.275768280029297,31.285128678359303,31.210259771503125,31.21962016983313,221000
2025-01-22,31.46293830871582,31.631389786325016,31.29448683110662,31.303847229832755,244000
2025-02-03,31.734331130981445,31.79048281063048,31.50037115402937,31.50037115402937,266000
2025-02-04,31.650104522705078,31.76240430895691,31.56587879052974,31.76240430895691,302000
2025-02-05,31.687541961669922,31.687541961669922,31.650107506075425,31.678181562798212,162000
2025-02-06,31.893428802490234,31.949576917529047,31.86535117502455,31.86535117502455,295000
2025-02-07,31.85599136352539,31.912139473307708,31.809200082058148,31.912139473307708,243000
2025-02-10,31.790485382080078,31.846633496324852,31.73433369788908,31.846633496324852,177000
2025-02-11,31.76240348815918,31.799837939257696,31.734329434808163,31.79048111145594,137000
2025-02-12,31.781124114990234,31.818558570095064,31.687541547174288,31.76240688743782,202000
2025-02-13,31.537805557250977,31.72497425250581,31.49101427592375,31.72497425250581,240000
2025-02-14,31.6126708984375,31.650105351483635,31.537805562291158,31.631388124960566,157000
2025-02-17,31.734331130981445,31.762405185832993,31.63138816993118,31.63138816993118,136000
2025-02-18,31.771764755249023,31.771764755249023,31.724973475068442,31.73433030312622,126000
2025-02-19,31.781124114990234,31.79984134254265,31.743689659885405,31.753050058634674,135000
2025-02-20,31.799837112426758,31.83727156255194,31.79048028486829,31.83727156255194,139000
2025-02-21,31.724979400634766,31.799844748917817,31.678184541768037,31.799844748917817,526000
2025-02-24,31.668821334838867,31.818555571199624,31.63138688326223,31.818555571199624,552000
2025-02-25,31.846633911132812,31.84663391113281,31.76240816872237,31.77176856784924,583000
2025-02-26,32.04315948486328,32.04315948486328,32.005725032382244,32.005725032382244,261000
2025-02-27,32.16481399536133,32.16481399536133,32.0993054927799,32.1554571678264,389000
2025-03-03,32.31454849243164,32.38005699555411,32.220965936526866,32.323908889989525,234000
2025-03-04,32.42685317993164,32.45492723387101,32.38005833010492,32.38005833010492,314000
2025-03-05,32.22096633911133,32.2864748430523,32.18353188830343,32.2864748430523,395000
2025-03-06,32.20225143432617,32.24904271623515,32.10866887050821,32.14609975406781,146000
2025-03-07,32.277122497558594,32.34263101059655,32.21161041457442,32.21161041457442,135000
2025-03-10,32.24904251098633,32.33326824586483,32.239685682642474,32.2771201359098,242000
2025-03-11,32.295833587646484,32.42685417325065,32.26775953284713,32.39877654850536,246000
2025-03-12,32.22096633911133,32.23968356451528,32.19289228597826,32.23968356451528,194000
2025-03-13,32.192893981933594,32.21160763837768,32.1554595291536,32.21160763837768,165000
2025-03-14,32.20225143432617,32.20225143432617,32.14609975406781,32.14609975406781,171000
2025-03-17,32.20225143432617,32.21160826272958,32.15546015241719,32.20225143432617,151000
2025-03-18,32.33327102661133,32.35198825485472,32.20225399885384,32.20225399885384,180000
2025-03-19,32.286476135253906,32.29583296335751,32.2303244567947,32.2303244567947,125000
2025-03-20,32.39877700805664,32.41749423483701,32.36134612444188,32.37070295285908,290000
2025-03-21,32.38942337036133,32.4642887149119,32.38006297107605,32.4642887149119,155000
2025-03-24,32.39877700805664,32.426854633200186,32.36134612444188,32.36134612444188,166000
2025-03-25,32.342628479003906,32.38941976037616,32.31455085422381,32.31455085422381,229000
2025-03-26,32.351985931396484,32.37070315829564,32.32391187602075,32.32391187602075,113000
2025-03-27,32.30519485473633,32.351986137309034,32.29583445625417,32.351986137309034,173000
2025-03-28,32.33327102661133,32.36134865394955,32.29583657012454,32.36134865394955,171000
2025-03-31,32.45492935180664,32.4642861804151,32.41749489748071,32.42685529603522,215000
2025-04-01,32.60466003417969,32.60466003417969,32.473643028310335,32.473643028310335,224000
2025-04-02,32.61402130126953,32.66081615540328,32.58594724474621,32.66081615540328,170000
2025-04-07,31.87470817565918,32.529793247574894,31.83727372299374,32.529793247574894,490000
2025-04-08,31.846633911132812,31.902785596055196,31.696899654619394,31.87471153856714,360000
2025-04-09,30.81720733642578,31.678178306932075,30.639399045546213,31.678178306932075,1093000
2025-04-10,31.790485382080078,31.846633496324852,31.63139072851203,31.846633496324852,357000
2025-04-11,31.004377365112305,31.341280305503474,30.79849144155193,31.331919907189295,458000
2025-04-14,30.90143585205078,30.910792680857664,30.798492885444432,30.882718624490888,389000
2025-04-15,31.10732078552246,31.10732078552246,30.976300196814005,31.06988633160576,430000
2025-04-16,31.135393142700195,31.16346719663341,31.10731908876698,31.10731908876698,95000
2025-04-17,31.154109954833984,31.154109954833984,31.116675503456374,31.135392729145178,308000
2025-04-18,31.313201904296875,31.35999318486999,31.294484678078454,31.303845076160602,216000
2025-04-21,31.017974853515625,31.408437398069932,30.979880060651936,31.408437398069932,690000
2025-04-22,30.884645462036133,30.998926203084803,30.760839206697177,30.998926203084803,160000
2025-04-23,31.313201904296875,31.33224929942423,31.19891753353275,31.19891753353275,438000
2025-04-24,31.370344161987305,31.475103031101497,31.370344161987305,31.42748635411857,217000
2025-04-25,31.52271842956543,31.532243944327423,31.503674665880315,31.503674665880315,188000
2025-04-28,31.608430862426758,31.713189730489024,31.55129230378883,31.713189730489024,217000
2025-04-29,31.49414825439453,31.608428997848524,31.484626372823087,31.608428997848524,140000
2025-04-30,31.265588760375977,31.513197659128938,31.265588760375977,31.503675776950562,202000
2025-05-02,30.484657287597656,31.26558597466897,30.484657287597656,31.26558597466897,482000
2025-05-05,28.694244384765625,30.132290079934673,28.627580315529254,30.132290079934673,565000
2025-05-06,28.970426559448242,29.046614327649262,28.056171524576314,28.056171524576314,323000
2025-05-07,29.275177001953125,29.322795491340827,29.046613702271067,29.046613702271067,324000
2025-05-08,29.37041473388672,29.427555109691536,29.332319939043643,29.332319939043643,260000
2025-05-09,29.21803855895996,29.37993780064102,29.21803855895996,29.36089040362919,252000
2025-05-12,29.256128311157227,29.265652008613195,29.198987942880976,29.23708273270485,385000
2025-05-13,29.37041473388672,29.379938432597488,29.275179563238826,29.275179563238826,532000
2025-05-14,29.37041473388672,29.456126205823843,29.37041473388672,29.456126205823843,174000
2025-05-15,29.198989868164062,29.33231800841971,29.160896892288022,29.33231800841971,157000
2025-05-16,29.275177001953125,29.284700699830665,29.20851293326998,29.22756032902506,149000
2025-05-19,29.198989868164062,29.237084660499775,29.179942471996206,29.189466170080134,305000
2025-05-20,29.37041473388672,29.389462131308257,29.256132165817288,29.275179563238826,359000
2025-05-21,29.208513259887695,29.37041249269701,29.17041846795155,29.37041249269701,243000
2025-05-22,28.87519073486328,29.046613663510986,28.84662145772842,29.046613663510986,229000
2025-05-23,28.979948043823242,29.04661210884937,28.970424346468146,29.018041016784085,112000
2025-05-26,28.741863250732422,28.970426555302776,28.675199180623526,28.970426555302776,434000
2025-05-27,28.932331085205078,28.95137848092132,28.779955552394412,28.79900294811065,231000
2025-05-28,29.018043518066406,29.13232607971888,29.008519819890395,29.13232607971888,237000
2025-05-29,29.141849517822266,29.141849517822266,28.970426585103244,28.970426585103244,287000
2025-06-02,29.18946647644043,29.218037570992088,29.084709429337085,29.084709429337085,166000
2025-06-03,29.198989868164062,29.198989868164062,29.12280209995231,29.189466170080134,188000
2025-06-04,29.265653610229492,29.28470100618383,29.19898954084896,29.19898954084896,216000
2025-06-05,29.341842651367188,29.341842651367188,29.265654880702044,29.265654880702044,343000
2025-06-06,29.341842651367188,29.389461143320236,29.322797071045702,29.33231895297658,156000
2025-06-09,29.341842651367188,29.341842651367188,29.275178579092653,29.294225975873875,193000
2025-06-10,29.398983001708984,29.398983001708984,29.33231711714715,29.33231711714715,123000
2025-06-11,29.360889434814453,29.418029807504745,29.35136573662279,29.418029807504745,194000
2025-06-12,29.31327247619629,29.446600616667915,29.294225079997577,29.427553220469203,289000
2025-06-13,29.275177001953125,29.275177001953125,29.141848864586834,29.21803663114752,188000
2025-06-16,29.103755950927734,29.237085913356463,29.103755950927734,29.237085913356463,138000
2025-06-17,29.037092208862305,29.07518700326459,28.9989992309198,29.046615907462876,124000
2025-06-18,29.056137084960938,29.170417825332486,29.037089689412475,29.170417825332486,110000
2025-06-19,29.13232421875,29.227559377966834,29.08470754737137,29.15137161388528,353000
2025-06-20,29.113277435302734,29.141848528605955,29.08470815845913,29.094230039767254,117000
2025-06-23,29.227561950683594,29.237085649089547,29.132326783083812,29.14185048148976,163000
2025-06-24,29.227561950683594,29.275178626253616,29.198990855465738,29.275178626253616,123000
2025-06-25,29.227561950683594,29.313273419877426,29.14185048148976,29.256131229441714,305000
2025-06-26,29.037092208862305,29.16089847420995,28.960904436517517,29.16089847420995,180000
2025-06-27,28.86566734313965,29.03709027360542,28.856143645173812,29.03709027360542,19000
2025-06-30,28.99899673461914,29.046613407063266,28.865666782148278,28.970425641276893,154000
2025-07-01,29.179943084716797,29.246607156244433,28.9989982667017,28.9989982667017,133000
2025-07-02,29.13232421875,29.208511982831553,29.122800521182356,29.15137161388528,127000
2025-07-03,28.960905075073242,29.103756924311977,28.960905075073242,29.084711343150676,368000
2025-07-04,28.951379776000977,28.998998267421694,28.837099029510682,28.837099029510682,173000
2025-07-07,29.13232421875,29.13232421875,29.02756536196552,29.07518384980373,245000
2025-07-08,29.046613693237305,29.113277761899717,29.046613693237305,29.046613693237305,144000
2025-07-09,28.979948043823242,29.08470689826975,28.932329557047765,29.08470689826975,481000
2025-07-10,29.256128311157227,29.265652008613195,29.132323877148757,29.132323877148757,166000
2025-07-11,29.265653610229492,29.28470100618383,29.23708433275764,29.256129912252323,128000
2025-07-14,29.24660873413086,29.25613243292858,29.198992056602066,29.23708685179295,183000
2025-07-15,29.24660873413086,29.313274625714907,29.21803945419751,29.24660873413086,305000
2025-07-16,29.227561950683594,29.227561950683594,29.17041976024788,29.17041976024788,139000
2025-07-17,29.265653610229492,29.27517730820666,29.2180369368033,29.22756063478047,141000
2025-07-18,29.332317352294922,29.332317352294922,29.24660588791649,29.265653283658285,202000
2025-07-21,29.437076568603516,29.44660026658965,29.341841405201844,29.341841405201844,287000
2025-07-22,29.522789001464844,29.54183639806128,29.475172326433462,29.522789001464844,356000
2025-07-23,29.437076568603516,29.551359127977452,29.408505474645118,29.532311732005187,1014000
2025-07-24,29.41802978515625,29.465648276078397,29.35136571432494,29.465648276078397,522000
2025-07-25,29.541833877563477,29.627545338474864,29.475169811623413,29.503739087620833,1585000
2025-07-28,29.55154037475586,29.61947465245664,29.512719729743846,29.61947465245664,876000
2025-07-29,29.823278427124023,29.823278427124023,29.629180749146734,29.629180749146734,691000
2025-07-30,29.94944190979004,29.94944190979004,29.871802472964546,29.92032642682916,1110000
2025-07-31,30.192068099975586,30.201773261836472,30.007673726759453,30.007673726759453,599000
2025-08-01,30.162952423095703,30.26000219001871,30.124133626968703,30.133836937697698,519000
2025-08-04,30.12413215637207,30.23088522881261,30.017377232861275,30.23088522881261,297000
2025-08-05,30.29882049560547,30.327935980532093,30.230886215180327,30.230886215180327,439000
2025-08-06,30.3764591217041,30.3764591217041,30.31823000448531,30.3764591217041,405000
2025-08-07,30.250295639038086,30.37645903449497,30.240590477684442,30.250295639038086,363000
2025-08-08,30.3570499420166,30.3570499420166,30.298818975085627,30.298818975085627,227000
2025-08-11,30.395870208740234,30.415280531991304,30.3861650471147,30.3861650471147,154000
2025-08-12,30.4735107421875,30.512331390080135,30.46380558021434,30.512331390080135,131000
2025-08-13,30.570558547973633,30.580263709323642,30.52203459229384,30.541443063923605,234000
2025-08-14,30.648197174072266,30.677312657349354,30.59967321968066,30.61908169079518,152000
2025-08-15,30.735544204711914,30.754954528432435,30.725839042851653,30.735544204711914,202000
2025-08-18,30.68701934814453,30.764658789683438,30.68701934814453,30.764658789683438,206000
2025-08-19,30.735544204711914,30.754954528432435,30.687020246480962,30.69672355727087,210000
2025-08-20,30.949050903320312,30.958756064770057,30.852002990963417,30.86170630134289,214000
2025-08-21,31.162561416625977,31.162561416625977,30.987872208951423,31.055806489475902,148000
2025-08-22,31.24990463256836,31.33724923252642,31.201380677511764,31.24990463256836,202000
2025-08-25,31.191673278808594,31.366362476560635,31.162559646563395,31.366362476560635,269000
2025-08-26,31.191673278808594,31.28872488985996,31.181969968773668,31.220786911053796,621000
2025-08-27,31.24990463256836,31.26931495501909,31.22078729782203,31.24990463256836,232000
2025-08-28,31.220787048339844,31.249904382853497,31.15285277137537,31.249904382853497,630000
2025-08-29,31.317840576171875,31.346954210326576,31.298430252688522,31.346954210326576,173000
2025-09-01,31.308134078979492,31.346954726585544,31.28872745731719,31.346954726585544,260000
2025-09-02,31.317840576171875,31.327543886843223,31.27901992920517,31.298430252688522,171000
2025-09-03,31.337249755859375,31.36636338895144,31.308132420626787,31.327542743401672,154000
2025-09-04,31.482820510864258,31.482820510864258,31.434296556712138,31.453706878801064,180000
2025-09-05,31.550758361816406,31.60898933468078,31.521644726454625,31.57016868610453,202000
2025-09-08,31.56046485900879,31.618695830921066,31.54105453503803,31.60898881786531,386000
2025-09-09,31.521642684936523,31.589576964474745,31.50223236190552,31.560463330998527,404000
2025-09-10,31.366363525390625,31.492528772905914,31.337249892171922,31.492528772905914,490000
2025-09-11,31.570167541503906,31.570167541503906,31.43429897855387,31.43429897855387,93000
2025-09-12,31.589576721191406,31.735152291732504,31.541052765057888,31.735152291732504,231000
2025-09-15,31.64780616760254,31.64780616760254,31.579871891855085,31.579871891855085,147000
2025-09-16,31.56046485900879,31.657512776721834,31.54105453503803,31.657512776721834,396000
2025-09-17,31.521642684936523,31.541053007967527,31.4537084053983,31.541053007967527,222000
2025-09-18,31.599281311035156,31.599281311035156,31.541050346855084,31.541050346855084,139000
2025-09-19,31.57987403869629,31.62839799579457,31.570167025992262,31.570167025992262,116000
2025-09-22,31.667219161987305,31.676922472709943,31.608988191229432,31.608988191229432,383000
2025-09-23,31.64780616760254,31.64780616760254,31.579871891855085,31.618692535750878,433000
2025-09-24,31.822498321533203,31.832201632339086,31.70603637901835,31.725446702770828,372000
2025-09-25,31.86132049560547,31.86132049560547,31.812792832828826,31.812792832828826,312000
2025-09-26,31.90013313293457,31.948657087014457,31.841905868894866,31.841905868894866,456000
2025-09-30,31.948657989501953,31.987478634718624,31.929251369034112,31.929251369034112,435000
2025-10-01,31.90013313293457,31.929250467094814,31.88072281087454,31.90013313293457,186000
2025-10-02,31.909839630126953,31.929249951873775,31.88072229643656,31.929249951873775,191000
2025-10-03,31.92925262451172,31.968069569114203,31.91954561175562,31.91954561175562,182000
2025-10-07,31.890430450439453,31.95836472791602,31.861316817846774,31.94865771562482,216000
2025-10-08,32.03600311279297,32.03600311279297,31.997186169083545,31.997186169083545,209000
2025-10-09,31.98748016357422,32.0457111341824,31.977776852876527,32.0457111341824,248000
2025-10-13,32.123348236083984,32.133055248774255,31.977776364995513,32.045710645264926,184000
2025-10-14,32.22039794921875,32.22039794921875,32.10393971879834,32.15246367296181,268000
2025-10-15,32.171875,32.298036544337826,32.171875,32.25921960107877,372000
2025-10-16,32.239810943603516,32.249514254384344,32.17187666171564,32.239810943603516,347000
2025-10-17,32.375675201416016,32.40478883202708,32.336854559174455,32.356264880295235,283000
2025-10-20,32.288333892822266,32.385381806160694,32.26892356972646,32.385381806160694,394000
2025-10-21,32.38538360595703,32.39509061911468,32.34656665974878,32.36597328178251,328000
2025-10-22,32.61830139160156,32.61830139160156,32.433905176594635,32.433905176594635,327000
2025-10-23,32.72505569458008,32.734759004698155,32.65712141733219,32.66682472745027,574000
2025-10-27,32.61830139160156,32.76387325897803,32.598891068856595,32.76387325897803,460000
2025-10-28,32.52124786376953,32.676526734449475,32.52124786376953,32.64741310311583,691000
2025-10-29,32.501548767089844,32.52124933807299,32.481844437890175,32.52124933807299,239000
2025-10-30,32.51140213012695,32.51140213012695,32.46214318157316,32.481847512638055,570000
2025-10-31,32.501548767089844,32.56065799647233,32.501548767089844,32.54095366727266,290000
2025-11-03,32.58036422729492,32.61977288799443,32.540955566595414,32.540955566595414,396000
2025-11-04,32.6591796875,32.66902997300515,32.540953712138986,32.540953712138986,309000
2025-11-05,32.66903305053711,32.757700661302394,32.66903305053711,32.72814604378626,337000
2025-11-06,32.57051467895508,32.61977362683682,32.57051467895508,32.61977362683682,296000
2025-11-07,32.6591796875,32.6591796875,32.619771029046326,32.6591796875,256000
2025-11-10,32.56066131591797,32.609920264830656,32.56066131591797,32.609920264830656,461000
2025-11-11,32.619773864746094,32.659182526625635,32.58036520286655,32.58036520286655,372000
2025-11-12,32.73799514770508,32.777403808447716,32.68873620088515,32.68873620088515,523000
2025-11-13,32.7971076965332,32.8168120266388,32.747848750377564,32.747848750377564,282000
2025-11-14,32.73799514770508,32.7576994780764,32.72814486162779,32.74784919199911,291000
2025-11-17,32.68873596191406,32.79710789905569,32.22569359711501,32.32421524825136,475000
2025-11-18,32.816810607910156,32.84636522268251,32.71828896164144,32.71828896164144,252000
2025-11-19,32.80695724487305,32.83651561847522,32.7576982998249,32.7576982998249,255000
2025-11-20,32.86606979370117,32.935033067488305,32.80695680550511,32.836515178711416,185000
2025-11-21,32.97444152832031,33.00399614313263,32.88577392566682,32.88577392566682,244000
2025-11-24,33.15177917480469,33.161629461061956,33.003998573427985,33.003998573427985,197000
2025-11-25,33.191184997558594,33.20103904230566,33.161630379751216,33.18133471102844,213000
2025-11-26,33.102516174316406,33.17147945215407,33.102516174316406,33.17147945215407,180000
2025-11-27,33.14192581176758,33.16163014290407,33.072962531898305,33.08281657657499,231000
2025-11-28,33.12221908569336,33.19118236057617,33.12221908569336,33.19118236057617,123000
2025-12-01,33.191184997558594,33.28970665394471,33.161630379751216,33.28970665394471,1070000
2025-12-02,33.2010383605957,33.22074269146834,33.141925367977784,33.161629698850426,430000
2025-12-03,33.191184997558594,33.20103904230566,33.17148066628137,33.17148066628137,227000
2025-12-04,33.112369537353516,33.191183099739064,33.112369537353516,33.191183099739064,520000
2025-12-05,33.14192581176758,33.21088909163686,33.14192581176758,33.201038805177056,383000
2025-12-08,32.895626068115234,33.0532569530399,32.856217407329886,33.0532569530399,268000
2025-12-09,32.86606979370117,32.94488335307937,32.836515178711416,32.836515178711416,339000
2025-12-10,32.91532897949219,32.91532897949219,32.846365705199275,32.86607003474248,284000
2025-12-11,32.99414825439453,32.99414825439453,32.875922270123894,32.974443923682756,241000
2025-12-12,32.88577651977539,32.954739798588484,32.87592247524962,32.954739798588484,254000
2025-12-15,33.003997802734375,33.003997802734375,32.89562586535102,32.89562586535102,1232000
2025-12-16,33.21088790893555,33.21088790893555,33.0926656845436,33.0926656845436,193000
2025-12-17,33.289703369140625,33.31925798403175,33.24044442491656,33.31925798403175,266000
2025-12-18,33.299556732177734,33.457187623192596,33.270002114555226,33.457187623192596,156000
2025-12-19,33.289703369140625,33.31925798403175,33.26999903980769,33.27984932536589,212000
2025-12-22,33.279850006103516,33.28970405007982,33.230591060871866,33.28970405007982,174000
2025-12-23,33.279850006103516,33.378371654783436,33.279850006103516,33.3094083798158,137000
2025-12-24,33.25029754638672,33.3586694878526,33.25029754638672,33.299556494812066,384000
2025-12-26,33.21088790893555,33.28970523067468,33.20103762282653,33.28970523067468,143000
2025-12-29,33.2305908203125,33.250295149905845,33.210886490719155,33.2305908203125,172000
2025-12-30,33.220741271972656,33.28970454797173,33.220741271972656,33.24044560200335,296000
2025-12-31,33.21088790893555,33.279851186348914,33.18133329239175,33.279851186348914,148000
2026-01-02,33.191184997558594,33.230593660113044,33.18133471102844,33.18133471102844,30000
2026-01-05,33.220741271972656,33.26014617381736,33.15177799597358,33.16162828188059,358000
2026-01-06,33.240447998046875,33.31926156563401,33.23059395321289,33.27985290273197,219000
2026-01-07,33.26014709472656,33.27000113912309,33.25029680854682,33.25029680854682,166000
2026-01-08,33.35866928100586,33.35866928100586,33.24044705387471,33.24044705387471,312000
2026-01-09,33.3685188293457,33.39807720413739,33.348814498890164,33.35866854322631,165000
2026-01-12,33.37837219238281,33.43748142432617,33.329113246357785,33.3685181482478,207000
2026-01-13,33.407928466796875,33.417778753204196,33.34881547370234,33.37837384935804,191000
2026-01-14,33.407928466796875,33.4473371288599,33.37837384935804,33.407928466796875,359000
2026-01-15,33.388221740722656,33.407926070340714,33.35866712540387,33.407926070340714,356000
2026-01-16,33.388221740722656,33.398075784639985,33.34881308148654,33.35866712540387,214000
2026-01-19,33.25029754638672,33.39807814987962,33.20103859796137,33.39807814987962,339000
2026-01-20,33.3685188293457,33.3685188293457,33.250296604829224,33.250296604829224,178000
2026-01-21,33.279850006103516,33.35866732504745,33.18133211564022,33.35866732504745,487000
2026-01-22,33.3685188293457,33.38822315980124,33.30940959619584,33.338964212770776,592000
2026-01-23,33.39807891845703,33.41777949170704,33.36852054214811,33.36852054214811,330000
2026-01-26,33.27000045776367,33.39807672477803,33.25029612759095,33.39807672477803,759000
2026-01-27,33.25,33.349998474121094,33.20000076293945,33.349998474121094,922000
2026-01-28,33.02000045776367,33.099998474121094,33.02000045776367,33.099998474121094,498000
2026-01-29,33.0099983215332,33.02000045776367,32.97999954223633,33.0,311000
2026-01-30,33.04999923706055,33.06999969482422,33.0099983215332,33.0099983215332,301000
2026-02-02,33.41999816894531,33.41999816894531,33.0,33.0,304000
2026-02-03,33.349998474121094,33.40999984741211,33.29999923706055,33.40999984741211,220000
2026-02-04,33.31999969482422,33.34000015258789,33.27000045776367,33.27000045776367,184000
2026-02-05,33.40999984741211,33.41999816894531,33.31999969482422,33.31999969482422,183000
2026-02-06,33.4900016784668,33.540000915527344,33.45000076293945,33.45000076293945,380000
2026-02-09,33.43000030517578,33.459999084472656,33.36000061035156,33.459999084472656,181000
2026-02-10,33.439998626708984,33.47999954223633,33.380001068115234,33.40999984741211,313000
2026-02-11,33.470001220703125,33.529998779296875,33.439998626708984,33.439998626708984,294000
2026-02-23,33.70000076293945,33.790000915527344,33.650001525878906,33.650001525878906,460000
2026-02-24,33.7400016784668,33.849998474121094,33.70000076293945,33.70000076293945,227000
2026-02-25,33.65999984741211,33.7400016784668,33.63999938964844,33.7400016784668,161000
2026-02-26,33.61000061035156,33.650001525878906,33.5,33.630001068115234,318000
2026-03-02,33.849998474121094,33.849998474121094,33.66999816894531,33.66999816894531,492000
2026-03-03,33.75,33.779998779296875,33.689998626708984,33.70000076293945,396000
2026-03-04,33.70000076293945,33.77000045776367,33.65999984741211,33.70000076293945,322000
2026-03-05,33.65999984741211,33.970001220703125,33.599998474121094,33.970001220703125,163000
2026-03-06,33.66999816894531,33.79999923706055,33.65999984741211,33.70000076293945,190000
2026-03-09,33.43000030517578,33.65999984741211,33.400001525878906,33.43000030517578,339000
2026-03-10,33.65999984741211,33.709999084472656,33.58000183105469,33.58000183105469,427000
2026-03-11,33.59000015258789,33.619998931884766,33.58000183105469,33.619998931884766,34000
2026-03-12,33.45000076293945,33.54999923706055,33.45000076293945,33.54999923706055,238000
2026-03-13,33.5,33.529998779296875,33.38999938964844,33.45000076293945,184000
2026-03-16,33.58000183105469,33.599998474121094,33.5,33.599998474121094,188000
2026-03-17,33.36000061035156,33.540000915527344,33.34000015258789,33.540000915527344,196000
2026-03-18,33.43000030517578,33.63999938964844,33.400001525878906,33.63999938964844,236185
