Price,Close,High,Low,Open,Volume
Ticker,00720B.TWO,00720B.TWO,00720B.TWO,00720B.TWO,00720B.TWO
Date,,,,,
2021-03-18,32.02267837524414,32.02267837524414,31.945849705586063,31.999630360511894,206000
2021-03-19,32.19169998168945,32.222429686299705,32.022673417618655,32.022673417618655,273000
2021-03-22,32.368412017822266,32.368412017822266,32.29926504543264,32.29926504543264,194000
2021-03-23,32.48365020751953,32.56048179370013,32.38377354172277,32.56048179370013,162000
2021-03-24,32.72182846069336,32.729510155009685,32.53743555801825,32.53743555801825,171000
2021-03-25,32.875484466552734,32.890850784020955,32.83707013829486,32.844751831616286,243000
2021-03-26,32.8831672668457,32.91389990281672,32.844752937294665,32.85243463087468,166000
2021-03-29,32.875484466552734,32.89853247734238,32.77560486842197,32.85243352493771,254000
2021-03-30,32.62963104248047,32.73719233984568,32.62194641791122,32.66804537285011,197000
2021-03-31,32.7525634765625,32.81402582803087,32.737197155988916,32.737197155988916,152000
2021-04-01,33.036827087402344,33.05987509866895,32.78328724016793,32.78328724016793,309000
2021-04-07,33.26731491088867,33.31341386274846,33.26731491088867,33.26731491088867,313000
2021-04-08,33.26731491088867,33.26731491088867,33.221218889854235,33.25194859360208,182000
2021-04-09,33.336456298828125,33.35950430549131,33.25194303329662,33.2673093480137,534000
2021-04-12,33.367191314697266,33.413290262145516,33.34414330638567,33.34414330638567,473000
2021-04-13,33.32109832763672,33.413296239025335,33.313416633767126,33.413296239025335,373000
2021-04-14,33.27499771118164,33.459387646863895,33.27499771118164,33.459387646863895,468000
2021-04-15,33.336456298828125,33.390236934925476,33.274993970784664,33.382555242979365,311000
2021-04-16,33.497798919677734,33.689873461489704,33.47475091252427,33.689873461489704,386000
2021-04-19,33.38256072998047,33.4670740094032,33.32878008504334,33.38256072998047,399000
2021-04-20,32.986907958984375,33.01794056727624,32.93260237418983,32.99466463134114,379000
2021-04-21,33.0179443359375,33.04121731509656,32.97915209142872,32.97915209142872,137000
2021-04-22,33.087764739990234,33.12655402331616,33.048972497231695,33.06448880244859,161000
2021-04-23,33.14982986450195,33.27395735752509,33.14982986450195,33.27395735752509,220000
2021-04-26,33.05672836303711,33.258434389008876,32.963633501775696,33.258434389008876,271000
2021-04-27,33.05672836303711,33.08000133849439,33.01017945269027,33.01017945269027,175000
2021-04-28,32.8782958984375,32.95587445763247,32.81623068353566,32.95587445763247,223000
2021-04-29,32.723140716552734,32.74641369590679,32.68435143115172,32.738657022599696,543000
2021-05-03,32.831748962402344,32.85502193967446,32.74641076649458,32.74641076649458,163000
2021-05-04,32.86278533935547,32.948123545047046,32.83951235941517,32.83951235941517,235000
2021-05-05,32.93260192871094,32.93260192871094,32.87829634465098,32.87829634465098,132000
2021-05-06,32.994659423828125,33.01017572552514,32.97914312213111,33.01017572552514,140000
2021-05-07,33.04897689819336,33.05673653155143,33.03346355034326,33.05673653155143,107000
2021-05-10,32.81622314453125,33.01017245739423,32.78519054420957,33.01017245739423,123000
2021-05-11,32.723140716552734,32.738657022599696,32.637802513010826,32.66107549236488,194000
2021-05-12,32.583492279052734,32.62228155892704,32.56797597521654,32.62228155892704,345000
2021-05-13,32.32746887207031,32.381777400374446,32.27316330319772,32.381777400374446,157000
2021-05-14,32.46711730957031,32.46711730957031,32.35074948489493,32.35074948489493,126000
2021-05-17,32.70762252807617,32.77744442155264,32.61452765658508,32.61452765658508,216000
2021-05-18,32.73088836669922,32.761920970238165,32.67658279022205,32.72313169553046,180000
2021-05-19,32.48263168334961,32.498147984271725,32.48263168334961,32.498147984271725,126000
2021-05-20,32.36627197265625,32.436093864578794,32.35075566784762,32.412817927649584,164000
2021-05-21,32.63003921508789,32.65331218971702,32.575733634665134,32.575733634665134,120000
2021-05-24,32.68434524536133,32.808472710812076,32.66106931097966,32.808472710812076,112000
2021-05-25,32.83950424194336,32.83950424194336,32.80847163673855,32.816228308323694,124000
2021-05-26,32.94036102294922,33.07224813638658,32.94036102294922,33.01794254833372,190000
2021-05-27,32.8938102722168,32.97138882686008,32.87829396940171,32.9403562212299,124000
2021-05-28,32.8084716796875,32.847260956528224,32.78519574603737,32.847260956528224,130000
2021-05-31,32.66106414794922,32.87828939772343,32.66106414794922,32.87828939772343,174000
2021-06-01,32.56797409057617,32.661068948773774,32.505911838255166,32.661068948773774,204000
2021-06-02,32.61452102661133,32.66882660389445,32.58348842261182,32.58348842261182,126000
2021-06-03,32.723140716552734,32.76968963469363,32.68435143115172,32.738657022599696,130000
2021-06-04,32.63780212402344,32.72314032654826,32.63780212402344,32.72314032654826,114000
2021-06-07,32.87053680419922,32.91708571613654,32.85502050022011,32.91708571613654,128000
2021-06-08,32.90932846069336,32.92484476579284,32.87829880992699,32.87829880992699,150000
2021-06-09,33.11878967285156,33.11878967285156,33.0101785112388,33.0101785112388,160000
2021-06-10,33.20412826538086,33.235160871772884,33.18861196218485,33.21964456857687,166000
2021-06-11,33.3282585144043,33.42135634135397,33.3282585144043,33.34377481889591,141000
2021-06-15,33.351524353027344,33.39031362279592,33.3049754536461,33.39031362279592,173000
2021-06-16,33.26619338989258,33.320498971218406,33.25843375859905,33.27395006175389,171000
2021-06-17,33.351524353027344,33.359281023208425,33.26618618387753,33.26618618387753,172000
2021-06-18,33.972164154052734,34.06525900052612,33.90234227933975,34.04198602876573,276000
2021-06-21,34.57729721069336,34.6936680291337,34.25146365415296,34.25146365415296,409000
2021-06-22,34.096290588378906,34.2902399057651,34.08853095840169,34.2902399057651,669000
2021-06-23,34.1118049621582,34.15059423155816,34.10404533261928,34.1273212618045,337000
2021-06-24,34.12733459472656,34.158364246710306,34.11181828901834,34.14284794100208,97000
2021-06-25,34.14284133911133,34.15835764181931,34.11956836476543,34.15060097018139,386000
2021-06-28,33.83251953125,33.89458177415287,33.75493802833175,33.8014869300827,429000
2021-06-29,34.096290588378906,34.1816287615379,34.08853095840169,34.1350798599698,314000
2021-06-30,34.1661262512207,34.1661262512207,34.150609944435274,34.1661262512207,8000
2021-07-01,34.2126579284668,34.228174228774215,34.197144587591055,34.204901258028926,146000
2021-07-02,34.32903289794922,34.39885477815284,34.18163246615582,34.18163246615582,338000
2021-07-05,34.484195709228516,34.49195238123294,34.45316310234624,34.46867940578738,243000
2021-07-06,34.49971008300781,34.53849935972493,34.44540450371743,34.53849935972493,127000
2021-07-07,34.76347351074219,34.81777907785231,34.63158644816658,34.63158644816658,544000
2021-07-08,35.05051803588867,35.166888800667685,34.926390601192416,34.926390601192416,430000
2021-07-09,34.96518325805664,35.09707033488257,34.949666957287015,35.066037733343315,218000
2021-07-12,34.76347351074219,34.89535761388635,34.76347351074219,34.89535761388635,154000
2021-07-13,34.75572204589844,34.85657653397944,34.75572204589844,34.85657653397944,82000
2021-07-14,34.623836517333984,34.63935281944709,34.60832021522088,34.63159318867453,178000
2021-07-15,34.84882354736328,34.92640507584546,34.81003426283854,34.87985615875615,249000
2021-07-16,34.91144561767578,35.03671643966837,34.91144561767578,34.99756986780043,139000
2021-07-19,35.005409240722656,35.03672770296178,34.911456840698236,34.911456840698236,152000
2021-07-20,35.373390197753906,35.420367886454386,35.23246011834511,35.23246011834511,346000
2021-07-21,35.23246383666992,35.24029195893316,35.15417066726562,35.16982691179211,129000
2021-07-22,35.06021499633789,35.13068004290894,35.03672764304519,35.13068004290894,364000
2021-07-23,35.16981887817383,35.25594313686152,35.11501307477116,35.25594313686152,187000
2021-07-26,35.3342399597168,35.34206808034359,35.21679724346848,35.21679724346848,301000
2021-07-27,35.16981887817383,35.23245578874389,35.15416263722359,35.15416263722359,66000
2021-07-28,35.31858825683594,35.381222195272265,35.30292902555361,35.34990671940059,427000
2021-07-29,35.287269592285156,35.3420754081131,35.287269592285156,35.31858805467054,130000
2021-07-30,35.30292510986328,35.31075323128968,35.26377852934597,35.26377852934597,59000
2021-08-02,35.287269592285156,35.326416176920404,35.287269592285156,35.31858805467054,82000
2021-08-03,35.43602752685547,35.506492573315896,35.41254017359964,35.506492573315896,73000
2021-08-04,35.31858825683594,35.404712535542245,35.30292902555361,35.334247488118265,102000
2021-08-05,35.23246383666992,35.30292888381098,35.21680460545046,35.23246383666992,62000
2021-08-06,35.09153366088867,35.18548606129423,35.09153366088867,35.17765793904916,82000
2021-08-09,34.70789337158203,34.809673895467974,34.70789337158203,34.78618654175475,133000
2021-08-10,34.54347229003906,34.57479075220014,34.51215681457092,34.52781305895852,71000
2021-08-11,34.3712158203125,34.449508964190684,34.3712158203125,34.449508964190684,72000
2021-08-12,34.33990478515625,34.37122324414879,34.33990478515625,34.37122324414879,68000
2021-08-13,34.41036605834961,34.44168451391436,34.41036605834961,34.41819417889464,572000
2021-08-16,34.83315658569336,34.88796239011622,34.78617890189133,34.80966625044618,196000
2021-08-17,34.90361785888672,34.958423657406925,34.86446829992198,34.887958632639226,112000
2021-08-18,34.762691497802734,34.864471999172686,34.754860390502074,34.864471999172686,88000
2021-08-19,34.919281005859375,34.95059946454949,34.84881596715292,34.84881596715292,85000
2021-08-20,35.099361419677734,35.15416723024097,35.09153031148717,35.099361419677734,96000
2021-08-23,35.13850784301758,35.2011417747979,35.12284861339933,35.2011417747979,86000
2021-08-24,35.1071891784668,35.13850763752013,35.099361057049784,35.13850763752013,73000
2021-08-25,35.013240814208984,35.028900045536325,34.96626312022697,35.028900045536325,74000
2021-08-26,34.80183792114258,34.8566437252368,34.73137288920824,34.84881261797059,150000
2021-08-27,34.887969970703125,34.887969970703125,34.85665150803012,34.86447963035187,56000
2021-08-30,35.02888870239258,35.07586339447014,34.95059257110994,34.95059257110994,111000
2021-08-31,35.013240814208984,35.05238739918084,35.013240814208984,35.044556290170675,73000
2021-09-01,34.78618240356445,34.83316009209538,34.77052317405414,34.83316009209538,76000
2021-09-02,34.84882354736328,34.8801420128657,34.84882354736328,34.8801420128657,56000
2021-09-03,34.87230682373047,34.96625921450706,34.87230682373047,34.96625921450706,80000
2021-09-06,34.65308380126953,34.74703918742838,34.63742755693599,34.73920807856868,92000
2021-09-07,34.606101989746094,34.653076686488,34.606101989746094,34.645248565928455,85000
2021-09-08,34.54347229003906,34.54347229003906,34.41820142808769,34.41820142808769,108000
2021-09-09,34.68439865112305,34.68439865112305,34.65308019233175,34.65308019233175,54000
2021-09-10,34.89579391479492,35.021064763794726,34.89579391479492,34.966258954025605,94000
2021-09-13,34.919281005859375,34.919281005859375,34.85664707517176,34.85664707517176,87000
2021-09-14,35.02888870239258,35.060204168213616,35.02888870239258,35.03671682217483,103000
2021-09-15,35.20897674560547,35.24029222158481,35.201145636590894,35.23246409926322,139000
2021-09-16,35.16199493408203,35.185482284989384,35.16199493408203,35.185482284989384,68000
2021-09-17,35.12284851074219,35.1306766321821,35.10718928116971,35.115017402609624,81000
2021-09-22,35.216800689697266,35.23245991917557,35.138507528998375,35.216800689697266,76000
2021-09-23,35.38904571533203,35.428192291796655,35.373386487407714,35.40470494325635,180000
2021-09-24,35.005409240722656,35.09153351853377,35.005409240722656,35.01324034962891,82000
2021-09-27,34.919281005859375,34.919281005859375,34.840987845826696,34.90362476320693,107000
2021-09-28,34.89579391479492,34.95059972456405,34.8409881050258,34.8409881050258,50000
2021-09-29,34.54347229003906,34.54347229003906,34.37122672153902,34.37122672153902,134000
2021-09-30,34.59044647216797,34.598274593567176,34.4886629738225,34.4886629738225,71000
2021-10-01,34.441680908203125,34.441680908203125,34.40253134949961,34.40253134949961,86000
2021-10-04,34.58261489868164,34.590446006668095,34.566958656093924,34.590446006668095,119000
2021-10-05,34.59828567504883,34.6296041440619,34.59828567504883,34.606116785648894,58000
2021-10-06,34.2616081237793,34.371222728609055,34.2616081237793,34.2616081237793,228000
2021-10-07,34.394710540771484,34.44168822918616,34.347732852356806,34.44168822918616,87000
2021-10-08,34.27726745605469,34.27726745605469,34.1676558375881,34.21463352551347,134000
2021-10-12,34.18332290649414,34.198982139393884,34.12068896158846,34.12068896158846,100000
2021-10-13,34.386878967285156,34.43385665506402,34.37122272471812,34.410369304520884,58000
2021-10-14,34.64525604248047,34.660915273671186,34.613937580099034,34.63742792023159,92000
2021-10-15,34.85665512084961,34.88014247694229,34.778358956051854,34.80184929883783,103000
2021-10-18,34.70789337158203,34.77052731038161,34.63742832374938,34.75486807900847,83000
2021-10-19,34.81061553955078,34.88964258357856,34.81061553955078,34.826420948356336,97000
2021-10-20,34.37598419189453,34.447107038391756,34.31276254408629,34.447107038391756,278000
2021-10-21,34.26534652709961,34.26534652709961,34.186319473787115,34.25744231448144,110000
2021-10-22,34.19422149658203,34.20212269412036,34.09939205325382,34.1468052676311,126000
2021-10-25,34.33646011352539,34.39177752864822,34.29694810480523,34.39177752864822,73000
2021-10-26,34.28115463256836,34.39178950132891,34.28115463256836,34.39178950132891,62000
2021-10-27,34.5577392578125,34.5735446685527,34.48661641676852,34.48661641676852,61000
2021-10-28,35.047698974609375,35.12672603742479,35.047698974609375,35.06350438717246,159000
2021-10-29,34.834327697753906,34.98447457048478,34.834327697753906,34.98447457048478,126000
2021-11-01,34.95286560058594,35.00028183296661,34.905449368205275,34.93706018979238,94000
2021-11-02,34.81061553955078,34.850127554277925,34.78690893362919,34.850127554277925,80000
2021-11-03,34.99237060546875,34.99237060546875,34.94495739716673,34.96076280479183,86000
2021-11-04,34.76319885253906,34.8343216777674,34.76319885253906,34.76319885253906,86000
2021-11-05,35.02398681640625,35.10301085213265,35.02398681640625,35.10301085213265,80000
2021-11-08,35.42701721191406,35.474430427487505,35.36379557171784,35.466529229749845,194000
2021-11-09,35.33218765258789,35.4270201206685,35.33218765258789,35.4270201206685,155000
2021-11-10,35.498130798339844,35.55345123107874,35.482328405640956,35.5455470201561,115000
2021-11-11,35.13462829589844,35.15043370893813,35.03979883223458,35.03979883223458,98000
2021-11-12,35.14253234863281,35.150433547829294,35.126726935665566,35.126726935665566,66000
2021-11-15,34.84223175048828,34.850132948827365,34.78691431839284,34.8343305521492,154000
2021-11-16,34.565635681152344,34.57353687745499,34.51821945961692,34.51821945961692,173000
2021-11-17,34.38388442993164,34.4392048775053,34.3522766214847,34.4392048775053,119000
2021-11-18,34.53403854370117,34.53403854370117,34.48662230338696,34.48662230338696,105000
2021-11-19,34.6446647644043,34.676275583379905,34.61305394542869,34.676275583379905,102000
2021-11-22,34.889644622802734,34.95286324714646,34.881740410651226,34.95286324714646,98000
2021-11-23,34.54193115234375,34.65256600432031,34.52612574283658,34.6130539878392,177000
2021-11-24,34.33646011352539,34.35226551992806,34.24953188559722,34.24953188559722,134000
2021-11-25,34.36807632446289,34.415489536544975,34.360172112733544,34.40758833938913,69000
2021-11-26,34.692073822021484,34.692073822021484,34.54982818060702,34.628852197138166,149000
2021-11-29,34.80271911621094,34.96077021137237,34.779009492463686,34.96077021137237,201000
2021-11-30,34.723690032958984,34.779007460848035,34.61305517718089,34.62886058723115,282000
2021-12-01,34.80271911621094,35.00818342971907,34.80271911621094,35.00818342971907,360000
2021-12-02,34.95286560058594,34.992377620282895,34.92125477899883,34.992377620282895,88000
2021-12-03,34.95286560058594,34.97657220948934,34.93706018979238,34.93706018979238,75000
2021-12-06,35.37169647216797,35.50604094916896,35.37169647216797,35.50604094916896,247000
2021-12-07,35.150428771972656,35.205746202554955,35.07930593057057,35.205746202554955,94000
2021-12-08,35.213653564453125,35.213653564453125,35.15043191552,35.15043191552,103000
2021-12-09,34.739501953125,34.76321157993039,34.67628331565063,34.747406166918225,143000
2021-12-10,34.76319885253906,34.77900124519142,34.69997722363691,34.77900124519142,70000
2021-12-13,34.723690032958984,34.723690032958984,34.66047140733167,34.71578883522072,71000
2021-12-14,35.039794921875,35.15042978623196,35.039794921875,35.15042978623196,157000
2021-12-15,34.93706130981445,34.976573330778095,34.88174387755056,34.94496552275156,63000
2021-12-16,34.77900695800781,34.77900695800781,34.684177513651036,34.692081725848745,32000
2021-12-17,34.8580322265625,34.873837635576905,34.81852021131326,34.81852021131326,14000
2021-12-20,34.9765739440918,34.98447815716751,34.90545109928052,34.90545109928052,93000
2021-12-21,34.66838073730469,34.69209036522856,34.62096751060581,34.62096751060581,127000
2021-12-22,34.66838073730469,34.66838073730469,34.58935668309027,34.65257532354691,109000
2021-12-23,34.82642364501953,34.90544768059278,34.786911627232904,34.90544768059278,65000
2021-12-24,34.692073822021484,34.699975017845404,34.61304679091734,34.61304679091734,77000
2021-12-27,34.82642364501953,34.82642364501953,34.63676475381425,34.64466595154209,568000
2021-12-28,34.873836517333984,34.88173771430107,34.834324503351716,34.834324503351716,160000
2021-12-29,34.79481506347656,34.881743316943876,34.77110845419418,34.80271927628664,362000
2021-12-30,34.54193115234375,34.63676360938677,34.52612574283658,34.63676360938677,273000
2022-01-03,34.66838073730469,34.77901561903464,34.66838073730469,34.77111441944297,90000
2022-01-04,34.12310028076172,34.22583394108017,34.09148945996008,34.154711101563365,686000
2022-01-05,34.075687408447266,34.075687408447266,33.89392969278239,33.917636303433525,138000
2022-01-06,33.79909133911133,33.94133699472482,33.79909133911133,33.94133699472482,472000
2022-01-07,33.83860778808594,33.86231439560539,33.799095770695615,33.799095770695615,118000
2022-01-10,33.5936279296875,33.75167901134182,33.5936279296875,33.75167901134182,237000
2022-01-11,33.5936279296875,33.61733755140852,33.54621471539276,33.54621471539276,77000
2022-01-12,33.68056106567383,33.68056106567383,33.64895325641249,33.66475565375612,59000
2022-01-13,33.64104080200195,33.648945013311526,33.625235393956146,33.633139605265725,81000
2022-01-14,33.62523651123047,33.641041919801445,33.6094311026595,33.641041919801445,79000
2022-01-17,33.19060516357422,33.269629208134056,33.18270396494786,33.269629208134056,270000
2022-01-18,33.20656967163086,33.20656967163086,33.11878445466424,33.17464722104437,149000
2022-01-19,32.7357177734375,32.88734481760807,32.7357177734375,32.88734481760807,768000
2022-01-20,32.895320892333984,32.99906425088969,32.87935967310435,32.99906425088969,262000
2022-01-21,32.93523406982422,32.98311774445303,32.86341008002719,32.86341008002719,312000
2022-01-24,33.01503372192383,33.07887861479982,32.99907249870483,33.07887861479982,113000
2022-01-25,32.85543441772461,32.879377781901866,32.82351500597654,32.839476233997054,191000
2022-01-26,32.823509216308594,32.83947044151375,32.735723999826476,32.75966431548799,132000
2022-02-07,32.15315246582031,32.51227241647168,32.09728970064037,32.51227241647168,1166000
2022-02-08,31.97757911682129,32.04940310039564,31.961617893327865,32.04940310039564,191000
2022-02-09,32.00151824951172,32.033440695321076,31.985560070899027,32.033440695321076,87000
2022-02-10,32.12920379638672,32.1371859296889,31.98555888415816,31.98555888415816,90000
2022-02-11,31.698257446289062,31.77806049965036,31.698257446289062,31.77806049965036,434000
2022-02-14,31.60249900817871,31.762108204036625,31.586540828455902,31.762108204036625,298000
2022-02-15,31.402984619140625,31.442889196679385,31.3710652191182,31.442889196679385,62000
2022-02-16,31.019922256469727,31.115689582732344,30.995981947049888,31.099728361688573,694000
2022-02-17,30.964059829711914,31.059824112687267,30.812432794643296,30.94011952004099,429000
2022-02-18,30.916179656982422,30.932137834132455,30.844355682640426,30.932137834132455,144000
2022-02-21,30.995986938476562,31.13963490671115,30.995986938476562,31.0438706093188,272000
2022-02-22,31.06780242919922,31.12366517443053,31.019918771447536,31.051841209948655,165000
2022-02-23,30.988000869750977,30.988000869750977,30.80444836167451,30.84435293386853,183000
2022-02-24,30.916179656982422,30.98002149845769,30.77253170829843,30.88425721409893,431000
2022-02-25,30.884262084960938,30.892241174794364,30.668790127952136,30.668790127952136,330000
2022-03-01,31.554615020751953,31.586537465383138,31.14761146243403,31.155593595737766,156000
2022-03-02,31.690282821655273,31.690282821655273,31.626440972700678,31.650381285522144,127000
2022-03-03,31.235401153564453,31.522697107964316,31.211460838795237,31.522697107964316,117000
2022-03-04,31.347118377685547,31.570572418743705,31.291255628493886,31.570572418743705,306000
2022-03-07,31.458850860595703,31.594519741819308,31.41894932292718,31.442892680962043,307000
2022-03-08,30.924165725708008,31.458853065382478,30.88426418524299,31.458853065382478,624000
2022-03-09,30.8682918548584,30.884253074160593,30.796467890144186,30.868291854858402,161000
2022-03-10,30.812440872192383,30.89224395487712,30.788500556245452,30.89224395487712,214000
2022-03-11,30.429378509521484,30.469280048128443,30.413417285220252,30.469280048128443,290000
2022-03-14,30.421390533447266,30.45331297591971,30.405429312211044,30.45331297591971,158000
2022-03-15,29.886701583862305,29.950543420804035,29.870740363554,29.950543420804035,267000
2022-03-16,30.1021785736084,30.166020421328273,29.990453056879616,30.014393369238064,845000
2022-03-17,30.716663360595703,30.77252610332099,30.469269039747186,30.469269039747186,391000
2022-03-18,31.00396728515625,31.011949419432977,30.812438682606253,30.812438682606253,178000
2022-03-21,31.163572311401367,31.235396288815124,31.083769245071345,31.083769245071345,162000
2022-03-22,30.740610122680664,30.92415960794182,30.72464890079381,30.92415960794182,258000
2022-03-23,30.612924575805664,30.636864887415918,30.565040908293234,30.628885798309806,150000
2022-03-24,30.972047805786133,31.00396720993886,30.956086581563646,30.956086581563646,116000
2022-03-25,30.940120697021484,30.972043140658176,30.860314587929764,30.92415947520314,96000
2022-03-28,30.700712203979492,30.87627957681787,30.66080762241917,30.788497412544757,264000
2022-03-29,30.940120697021484,31.03588498363977,30.900219164621515,31.03588498363977,763000
2022-03-30,31.47481346130371,31.506735910551765,31.28328485440001,31.28328485440001,672000
2022-03-31,31.418943405151367,31.4907673771435,31.458844935304416,31.47480615622396,167000
2022-04-01,31.466835021972656,31.57058146202849,31.418951347110188,31.56259932740522,315000
2022-04-06,31.10771369934082,31.44289332001146,31.051850936611086,31.44289332001146,516000
2022-04-07,30.980024337768555,31.0598274079995,30.948101891959382,31.0598274079995,93000
2022-04-08,30.8682918548584,30.908193380968232,30.844351548050764,30.884253074160593,340000
2022-04-11,30.325632095336914,30.50120251848344,30.301691781014117,30.477259159868385,347000
2022-04-12,29.966506958007812,30.038330932802598,29.88670389458771,30.006408489717863,207000
2022-04-13,29.87872314453125,30.126117523450354,29.87074405553664,30.126117523450354,273000
2022-04-14,30.04631996154785,30.054299052004424,29.894689844241125,29.902671978990128,240000
2022-04-15,29.838823318481445,29.838823318481445,29.703157487766592,29.703157487766592,325000
2022-04-18,29.655275344848633,29.798923316701796,29.527588597011622,29.798923316701796,294000
2022-04-19,29.55950927734375,29.655273571421617,29.551527143666913,29.655273571421617,448000
2022-04-20,29.23653793334961,29.301132703509957,29.115427359371214,29.220389240809524,1361000
2022-04-21,29.50299072265625,29.640250007702704,29.478766140552075,29.50299072265625,167000
2022-04-22,29.23653793334961,29.309205509755916,29.163870356943306,29.309205509755916,840000
2022-04-25,29.276912689208984,29.325358774382423,29.123504706232737,29.123504706232737,318000
2022-04-26,29.38187599182129,29.51106246486944,29.309208408228677,29.47069226955098,921000
2022-04-27,29.607959747314453,29.721000637572068,29.511070635714397,29.511070635714397,387000
2022-04-28,29.349578857421875,29.398024940252167,29.22039238325626,29.398024940252167,350000
2022-04-29,29.349578857421875,29.36572755169864,29.325357356030977,29.349578857421875,136000
2022-05-03,28.72787094116211,28.768241136651486,28.6390546630564,28.6390546630564,1022000
2022-05-04,28.897432327270508,28.97009992303255,28.82476473150847,28.97009992303255,165000
2022-05-05,29.050830841064453,29.058906726872607,28.897422891237273,28.937793080134114,479000
2022-05-06,28.72787094116211,28.74401655531907,28.550238384950685,28.72787094116211,730000
2022-05-09,28.38875961303711,28.582540898198886,28.38068680451118,28.582540898198886,1133000
2022-05-10,28.57445526123047,28.81667947500927,28.542157878047163,28.7682364802823,341000
2022-05-11,28.687501907348633,28.744020805400318,28.574464111245263,28.574464111245263,157000
2022-05-12,29.099279403686523,29.099279403686523,28.937795554244715,28.937795554244715,514000
2022-05-13,28.897432327270508,29.099286417715177,28.81668884306325,28.937802529349646,459000
2022-05-16,28.808610916137695,28.82475961010995,28.727870526324857,28.8166837230996,479000
2022-05-17,28.57445526123047,28.74401190287083,28.558306569638816,28.74401190287083,488000
2022-05-18,28.33223533630371,28.453349001550944,28.32416252930984,28.453349001550944,657000
2022-05-19,28.461427688598633,28.61483569356348,28.461427688598636,28.50987378071605,356000
2022-05-20,28.663280487060547,28.679429183701384,28.558315498919576,28.558315498919576,246000
2022-05-23,28.800535202026367,28.8247597831544,28.727870698787648,28.727870698787648,465000
2022-05-24,28.56638526916504,28.69557173457476,28.48564180325378,28.663274348210255,744000
2022-05-25,29.066986083984375,29.066986083984375,28.82476181596091,28.82476181596091,797000
2022-05-26,29.406095504760742,29.422244197805956,29.107352383544985,29.147722576133884,1150000
2022-05-27,29.43839454650879,29.583729712041286,29.406097158601913,29.583729712041286,215000
2022-05-30,29.430320739746094,29.511061126721923,29.414172046341264,29.47876373991226,778000
2022-05-31,29.09120750427246,29.317286156495413,29.066986001553406,29.317286156495413,494000
2022-06-01,29.3092098236084,29.309209823608402,29.06698555995186,29.083134254868778,155000
2022-06-02,29.389955520629883,29.398028328674492,29.212322943160014,29.26076903157421,113000
2022-06-06,29.32535743713379,29.389952214419488,29.3011359356759,29.349578938591673,93000
2022-06-07,28.945865631103516,29.066979276775932,28.9135713282991,29.066979276775932,795000
2022-06-08,29.163869857788086,29.18001855005178,29.066980784254046,29.10735097488922,245000
2022-06-09,29.018543243408203,29.131584122505572,28.978173040897936,29.131584122505572,248000
2022-06-10,28.937795639038086,29.010463217497417,28.929722832564053,29.010463217497417,191000
2022-06-13,28.590608596801758,28.70364637625609,28.55023840128928,28.622905985231135,947000
2022-06-14,28.0092716217041,28.017347509901477,27.855863626491747,27.896233827331958,780000
2022-06-15,27.81549072265625,27.87200961435005,27.77512052573905,27.791266140467055,682000
2022-06-16,28.057716369628906,28.09001376077687,27.920457077323185,27.976975971807747,497000
2022-06-17,28.065786361694336,28.162678525417526,27.97697316502073,28.049640747788906,462000
2022-06-20,28.114229202270508,28.203045468752933,28.08193181808634,28.08193181808634,184000
2022-06-21,28.033491134643555,28.114231521717045,27.936598974097368,28.114231521717045,290000
2022-06-22,27.912378311157227,27.98504589372221,27.888156810318375,27.98504589372221,530000
2022-06-23,28.065786361694336,28.251494802139565,28.05771355474162,28.178827219371392,798000
2022-06-24,28.26763343811035,28.26763343811035,28.146522883425458,28.186893068320423,203000
2022-06-27,27.944673538208008,28.170749075352255,27.944673538208008,28.170749075352255,586000
2022-06-28,27.993118286132812,27.993118286132812,27.839710316344355,27.944675285172448,432000
2022-06-29,27.993118286132812,28.001194172991795,27.888156397353104,27.888156397353104,197000
2022-06-30,28.049638748168945,28.073860247348804,28.04156286174351,28.073860247348804,200000
2022-07-01,28.170751571655273,28.203048959837343,28.11423268236089,28.138454183473208,269000
2022-07-04,28.3483829498291,28.469493530411697,28.267639482725702,28.267639482725702,508000
2022-07-05,28.364538192749023,28.364538192749023,28.235351695602176,28.324167989899827,280000
2022-07-06,28.526018142700195,28.53409095013498,28.469496170462218,28.493720752863815,198000
2022-07-07,28.45334815979004,28.509867047220446,28.421050772673134,28.493718353661993,471000
2022-07-08,28.477567672729492,28.542159362407258,28.34838121332581,28.34838121332581,216000
2022-07-11,28.461427688598633,28.477576385971105,28.388760090447057,28.445278991226164,1589000
2022-07-12,28.792461395263672,28.816682895502208,28.606756039988735,28.606756039988735,303000
2022-07-13,28.82476234436035,28.832835152088027,28.73594605911226,28.832835152088027,454000
2022-07-14,28.962018966674805,28.986243547722545,28.905500077644163,28.905500077644163,698000
2022-07-15,28.994319915771484,29.010468611770534,28.897430819826013,28.905503627801124,508000
2022-07-18,29.341510772705078,29.37380816645674,29.22847297462325,29.26884317678833,654000
2022-07-19,29.063232421875,29.45609217364192,29.03049671101689,29.45609217364192,1636000
2022-07-20,29.063232421875,29.063232421875004,28.965019045006752,29.063232421875004,999000
2022-07-21,29.161447525024414,29.194183234315574,29.05504788392443,29.05504788392443,931000
2022-07-22,29.603410720825195,29.63614955387777,29.48064478009849,29.497014196624775,986000
2022-07-25,29.816205978393555,29.881680513490853,29.791653418000386,29.873497367408646,900000
2022-07-26,29.644338607788086,29.69344373983256,29.627969189724173,29.668891173810323,383000
2022-07-27,29.562482833862305,29.627960486884714,29.497008302986234,29.505191448540867,751000
2022-07-28,29.505199432373047,29.67707363484492,29.480646866919116,29.603412816335947,921000
2022-07-29,29.734365463256836,29.74254861028419,29.59522698661668,29.61977954984563,763000
2022-08-01,29.922609329223633,30.029005852248375,29.873501080187417,29.873501080187417,912000
2022-08-02,30.4464168548584,30.462786270500118,30.356386629902353,30.356386629902353,982000
2022-08-03,30.045373916625977,30.061743332234798,29.979899376337475,30.029004501017155,582000
2022-08-04,30.249982833862305,30.307274219664794,30.127216916633984,30.127216916633984,371000
2022-08-05,30.176326751708984,30.274543247420088,30.11903535695093,30.209065583612684,706000
2022-08-08,29.791658401489258,29.857132947539004,29.709811316243243,29.857132947539004,738000
2022-08-09,30.02900505065918,30.09448271429295,30.02082190377838,30.09448271429295,243000
2022-08-10,29.906238555908203,29.930791118238794,29.85713030910023,29.87349972470289,431000
2022-08-11,29.996267318725586,30.012633611383816,29.947159074310996,29.996267318725586,464000
2022-08-12,29.791658401489258,29.81621096598953,29.717997585841374,29.81621096598953,752000
2022-08-15,30.020824432373047,30.037193849660255,29.95534676322422,30.037193849660255,1193000
2022-08-16,30.143592834472656,30.151775981861775,30.061745749846278,30.069932019382435,267000
2022-08-17,29.98808479309082,30.012637357289226,29.963532228892415,29.996271062588306,1008000
2022-08-18,29.717994689941406,29.726177836595063,29.677069590232858,29.709808421140995,1212000
2022-08-19,29.595230102539062,29.693443487942126,29.595230102539062,29.693443487942126,1147000
2022-08-22,29.169628143310547,29.235105800510702,29.161444997233797,29.218736386210665,1311000
2022-08-23,29.030494689941406,29.09596922924631,28.989569590460757,29.09596922924631,1116000
2022-08-24,29.128707885742188,29.128707885742184,28.98956941706305,29.03049451629891,350000
2022-08-25,28.99775505065918,29.030493880472132,28.94864680593975,28.9813856357527,955000
2022-08-26,29.218740463256836,29.341506404417505,29.218740463256836,29.333323257198916,409000
2022-08-29,29.218740463256836,29.300584424030614,29.210554193891273,29.251479296425135,699000
2022-08-30,29.357873916625977,29.366060185460515,29.104155781397168,29.112338928084935,519000
2022-08-31,29.185998916625977,29.308767968519614,29.14507694004366,29.308767968519614,439000
2022-09-01,28.784957885742188,28.834066134055764,28.744035906554316,28.834066134055764,1994000
2022-09-02,28.580350875854492,28.588537146701125,28.482137480727673,28.588537146701125,1524000
2022-09-05,28.81769561767578,28.85861759530123,28.68674341598629,28.727665393611737,366000
2022-09-06,28.68674087524414,28.79314050536406,28.645818901243093,28.79314050536406,1167000
2022-09-07,28.30207061767578,28.30207061767578,28.154749013322565,28.20385413334264,1663000
2022-09-08,28.727663040161133,28.752218722442144,28.5394194607881,28.59671084919961,425000
2022-09-12,28.604900360107422,28.662191755013712,28.588530944113216,28.662191755013712,852000
2022-09-13,28.727663040161133,28.74403245429964,28.604897117342116,28.604897117342116,261000
2022-09-14,28.65399742126465,28.69492251080521,28.572153486475486,28.572153486475486,567000
2022-09-15,28.80950927734375,28.858614396192056,28.72766220901921,28.72766220901921,188000
2022-09-16,28.932279586791992,28.932279586791992,28.760405400449915,28.760405400449915,470000
2022-09-19,28.776779174804688,28.825887430688475,28.735857189308547,28.76040975617676,559000
2022-09-20,28.858617782592773,28.915912298216355,28.850434635873278,28.89135661376431,404000
2022-09-21,28.670373916625977,28.670373916625977,28.60489937704617,28.62126879247781,850000
2022-09-22,28.940465927124023,28.973204759502153,28.825883135947468,28.850435699157615,1230000
2022-09-23,28.449390411376953,28.498498655807374,28.43302411871345,28.43302411871345,1989000
2022-09-26,28.383920669555664,28.506689740299407,28.383920669555664,28.408473234845548,939000
2022-09-27,28.023801803588867,28.122015183230605,28.00743238662407,28.056537515371417,2080000
2022-09-28,27.18897819519043,27.549095974477225,27.090761700901187,27.508173996263448,4506000
2022-09-29,27.467254638671875,27.573651167749524,27.393593822000444,27.573651167749524,461000
2022-09-30,27.254453659057617,27.262639928265738,27.131687720257986,27.262639928265738,501000
2022-10-03,27.557281494140625,27.573650911265023,27.377224150066404,27.377224150066404,2321000
2022-10-04,28.11382484436035,28.17111623437102,27.958320088923763,27.982872649743594,1806000
2022-10-05,27.999244689941406,28.334809915248318,27.966505857680517,28.334809915248318,3206000
2022-10-06,27.786447525024414,27.86829148058572,27.737339278399567,27.82736950280507,2143000
2022-10-07,27.81100082397461,27.86829221881452,27.6636792023443,27.79463140799937,1929000
2022-10-11,27.262636184692383,27.66367590070802,27.229897356649253,27.66367590070802,5644000
2022-10-12,27.18897819519043,27.246269589119084,27.164422510544714,27.22990017340421,1778000
2022-10-13,27.00891876220703,27.139870970713673,27.000735615114646,27.131687823621288,2279000
2022-10-14,27.131685256958008,27.16442096437767,27.049838183042276,27.08257701260857,2851000
2022-10-17,27.000736236572266,27.000736236572266,26.951627986446887,26.967997403155344,1265000
2022-10-18,27.04166030883789,27.09895171067527,26.992552054914178,26.992552054914178,3092000
2022-10-19,27.14141082763672,27.27441607688699,27.099844110731095,27.19128581417102,1852000
2022-10-20,26.75901985168457,27.00840748635481,26.750708410373463,26.933591830172837,1841000
2022-10-21,26.418193817138672,26.642639187846555,26.39325473792772,26.642639187846555,2073000
2022-10-24,26.476381301879883,26.48469432761961,26.30181093244063,26.409878681509582,1456000
2022-10-25,26.54288673400879,26.551199760629142,26.434818973491936,26.47638410659369,1049000
2022-10-26,27.05828094482422,27.05828094482422,26.867086094536,26.867086094536,2511000
2022-10-27,27.074909210205078,27.291044742868838,27.04997171454987,27.266104076118047,2125000
2022-10-28,27.29104232788086,27.365854808226324,27.216226676440094,27.241164169888584,1088000
2022-10-31,27.324289321899414,27.332603933188715,27.2162247438991,27.324289321899414,1131000
2022-11-01,27.390796661376953,27.41573415590759,27.241165352002266,27.24947679314733,1190000
2022-11-02,27.53211212158203,27.673431983462606,27.482237134761483,27.482237134761483,2761000
2022-11-03,27.473922729492188,27.59030192774234,27.45729667672855,27.5487383813809,2037000
2022-11-04,27.29935646057129,27.390798173692936,27.24116685605672,27.390798173692936,1923000
2022-11-07,27.199596405029297,27.291038094951247,27.124780765192682,27.282723484361174,1669000
2022-11-08,27.008405685424805,27.09153277737494,26.975153580206634,27.09153277737494,2232000
2022-11-09,27.05828094482422,27.16634870232463,27.008405957589662,27.16634870232463,3615000
2022-11-10,26.883712768554688,27.033344075906758,26.850460662233026,27.033344075906758,3473000
2022-11-11,27.6069278717041,27.84800087918379,27.59030181900599,27.706684187892787,3370000
2022-11-14,27.34922981262207,27.67342988677366,27.291040218343323,27.67342988677366,4591000
2022-11-15,27.490549087524414,27.490549087524414,27.365855275960122,27.41573343480491,2463000
2022-11-16,27.939449310302734,28.014264979909548,27.764880471585524,27.764880471585524,3306000
2022-11-17,28.47146224975586,28.47146224975586,28.280267409340013,28.280267409340013,4268000
2022-11-18,28.33015251159668,28.380027508485195,28.28027434361223,28.380027508485195,2244000
2022-11-21,28.48809242248535,28.496403864099094,28.313523608736208,28.330149663059313,1792000
2022-11-22,28.479774475097656,28.52965263222676,28.463151593816534,28.5213411915862,2492000
2022-11-23,28.895414352416992,28.895414352416992,28.729160181883937,28.737471621972574,2685000
2022-11-24,29.119863510131836,29.32768441025232,29.11155206940894,29.17805310847795,5799000
2022-11-25,29.161428451538086,29.236240926775036,29.103235685639763,29.16973989175494,2014000
2022-11-28,29.452377319335938,29.518878356374117,29.24455642556196,29.28611997009772,3571000
2022-11-29,29.028425216674805,29.385877460559602,29.01180233327632,29.385877460559602,4550000
2022-11-30,28.787351608276367,28.84554120588606,28.745788062997335,28.8289151535554,3268000
2022-12-01,29.0367374420166,29.086615601397934,28.978547841619402,29.078300989286685,3931000
2022-12-02,29.32769203186035,29.37757020244578,29.26119097550921,29.294443089232832,2542000
2022-12-05,29.793203353881836,29.801514794321793,29.46068865657058,29.46068865657058,3794000
2022-12-06,29.809833526611328,29.868023131020347,29.59369799215302,29.676828263519912,2861000
2022-12-07,30.117403030395508,30.134029082144657,29.868018596348506,29.868018596348506,2886000
2022-12-08,30.815689086914062,30.848941198762734,30.50811498005365,30.50811498005365,3969000
2022-12-09,31.08169174194336,31.15650738904495,30.64942391103362,30.65773852243108,3021000
2022-12-12,30.599552154541016,30.840622001877517,30.41666873764844,30.65774175608039,3980000
2022-12-13,30.49979591369629,30.649427224073825,30.49979591369629,30.591237622382057,1853000
2022-12-14,30.799057006835938,30.84062055296918,30.724241355357986,30.749182019914173,2102000
2022-12-15,30.73255729675293,30.807372951467457,30.67436769543001,30.757494791292626,1873000
2022-12-16,30.74918556213379,30.882190827739173,30.707618840116876,30.72424489470451,2108000
2022-12-19,30.674367904663086,30.75749500109272,30.59123763713799,30.75749500109272,1988000
2022-12-20,29.685134887695312,30.508106999646728,29.660197395879997,30.508106999646728,6043000
2022-12-21,29.618637084960938,29.635263138350687,29.46900577554864,29.593696419328595,2905000
2022-12-22,29.90958023071289,29.934517721197018,29.69344791396232,29.85970207864972,2055000
2022-12-23,29.693456649780273,29.82646192331731,29.593700316305604,29.82646192331731,2624000
2022-12-26,29.685134887695312,29.701760939270553,29.552129646188476,29.56875569776372,1700000
2022-12-27,29.59369468688965,29.72669993512596,29.577071805568455,29.72669993512596,2018000
2022-12-28,29.153114318847656,29.252867458563035,29.119862215244147,29.252867458563035,3478000
2022-12-29,29.119863510131836,29.13648956267291,29.04504785924465,29.103237457590765,2048000
2022-12-30,29.178049087524414,29.252864728101443,29.144800158119498,29.178049087524414,2244000
2023-01-03,28.953609466552734,29.13648970319599,28.870479203446443,29.13648970319599,5456000
2023-01-04,29.161428451538086,29.161428451538086,29.011797158874018,29.011797158874018,2867000
2023-01-05,29.286121368408203,29.360937020582828,29.194679663406397,29.194679663406397,3326000
2023-01-06,28.687593460083008,28.79566120777511,28.629403866193805,28.754097665153544,26944000
2023-01-09,28.9619197845459,29.053361484870244,28.945293732569183,29.053361484870244,10917000
2023-01-10,29.244552612304688,29.252864051690022,29.178048412842948,29.178048412842948,6469000
2023-01-11,29.144807815551758,29.153119257313005,29.061677542460934,29.153119257313005,5678000
2023-01-12,29.568756103515625,29.585382155319014,29.32768310900919,29.335997720458455,5742000
2023-01-13,29.826457977294922,29.851395471816446,29.72670165701795,29.818143365057455,7553000
2023-01-16,29.75994873046875,29.80982688217133,29.73501124016491,29.80982688217133,8451000
2023-01-17,29.643571853637695,29.81814064153451,29.577070817289208,29.81814064153451,9732000
2023-01-30,29.809833526611328,29.959464843976125,29.701765759382177,29.959464843976125,13295000
2023-01-31,29.438997268676758,29.514849379271297,29.39685792168559,29.514849379271297,16297000
2023-02-01,29.464282989501953,29.472712788704236,29.40528725519155,29.439000021947894,6177000
2023-02-02,29.514842987060547,29.7339694729727,29.481130230758556,29.7339694729727,8600000
2023-02-03,29.725547790527344,29.76768713533719,29.632839302930122,29.632839302930122,5029000
2023-02-06,29.464282989501953,29.582274458122765,29.39686067101566,29.582274458122765,12054000
2023-02-07,29.363149642944336,29.37157622761919,29.287297520764316,29.37157622761919,11194000
2023-02-08,29.219863891601562,29.27043303072667,29.177724549843486,29.253576651018303,13379000
2023-02-09,29.144020080566406,29.177729630827603,29.08502113380024,29.160873248183876,11319000
2023-02-10,28.933320999145508,29.017599699898533,28.88275184967788,29.017599699898533,12553000
2023-02-13,28.688905715942383,28.697332299258157,28.629909987653765,28.655192952627154,14518000
2023-02-14,28.731050491333008,28.75633346108364,28.672054751897086,28.75633346108364,11166000
2023-02-15,28.84061050415039,28.84061050415039,28.688906281268537,28.688906281268537,7580000
2023-02-16,28.739473342895508,28.76475952438806,28.65519464465702,28.697333993776265,12961000
2023-02-17,28.629913330078125,28.646769713703655,28.452922909523306,28.511921859725874,13486000
2023-02-20,28.86589241027832,28.86589241027832,28.672048847048917,28.68047543022149,12688000
2023-02-21,28.773183822631836,28.924888039431647,28.73104447685989,28.924888039431647,13300000
2023-02-22,28.554059982299805,28.613055714936735,28.53720359939978,28.613055714936735,20005000
2023-02-23,28.292789459228516,28.629910670367728,28.233793729533076,28.596197906248577,28086000
2023-02-24,28.5961971282959,28.613053509896897,28.444492908912945,28.495062053715944,11499000
2023-03-01,28.469776153564453,28.55405806239767,28.444493188427533,28.55405806239767,8151000
2023-03-02,28.292789459228516,28.36864157098353,28.250650111592652,28.36864157098353,8942000
2023-03-03,28.259077072143555,28.275933454428028,28.183224959376517,28.259077072143555,7432000
2023-03-06,28.67205047607422,28.76475897136994,28.596198363107376,28.596198363107376,8128000
2023-03-07,28.655193328857422,28.680476294162766,28.613053981673147,28.672049710736353,5890000
2023-03-08,28.61305809020996,28.655197443445008,28.579345321611296,28.646770858808626,6379000
2023-03-09,28.56248664855957,28.62148238136654,28.554060064598424,28.62148238136654,5861000
2023-03-10,28.81532859802246,28.82375839778086,28.60462861443492,28.60462861443492,7147000
2023-03-13,28.739473342895508,28.874321189092846,28.714190376429215,28.8321818399736,10450000
2023-03-14,28.60462760925293,28.781618032667147,28.587771225355077,28.739475465409267,10337000
2023-03-15,28.520341873168945,28.55405463265285,28.427633392101047,28.55405463265285,11313000
2023-03-16,28.82375144958496,28.84060783001179,28.697330203896648,28.73946954745081,9879000
2023-03-17,28.87432098388672,28.89117736641987,28.680477407294813,28.747902937427423,5790000
2023-03-20,29.017597198486328,29.09344930863589,28.815323833078796,29.09344930863589,9210000
2023-03-21,29.017597198486328,29.04288016352749,28.95860147003956,28.975457851742362,7312000
2023-03-22,29.034452438354492,29.051308819394382,29.000739676274712,29.026022640321575,8979000
2023-03-23,29.101877212524414,29.186159124862858,29.068167662615256,29.160872943648215,13088000
2023-03-24,29.06817054748535,29.076597132042384,29.00917159547998,29.05974074790178,14330000
2023-03-27,29.144020080566406,29.21986897992379,29.08502113380024,29.08502113380024,9019000
2023-03-28,28.806903839111328,28.916468737728668,28.756334682435597,28.916468737728668,16937000
2023-03-29,28.764755249023438,28.773181831584328,28.688903145872352,28.74789886887589,9014000
2023-03-30,28.90803337097168,28.916463169641148,28.832181258077398,28.832181258077398,6807000
2023-03-31,29.051311492919922,29.059738076702374,29.000742345146488,29.00916892892894,4979000
2023-04-06,29.868825912475586,29.885682295496515,29.658125947253485,29.666555746277112,12668000
2023-04-07,29.868825912475586,29.9446780285566,29.843542945457358,29.885682295496515,8876000
2023-04-10,29.725547790527344,29.80982648014704,29.71711799254982,29.80982648014704,14861000
2023-04-11,29.691837310791016,29.691837310791016,29.632841580517617,29.666554344967036,10553000
2023-04-12,29.750831604003906,29.75926140222216,29.71711884118292,29.725548639401175,8942000
2023-04-13,29.691837310791016,29.742406457465144,29.649697962742326,29.742406457465144,16441000
2023-04-14,29.531705856323242,29.615984550577405,29.506419676026113,29.615984550577405,25530000
2023-04-17,29.455852508544922,29.472708889693124,29.40528336510031,29.422139746248515,21276000
2023-04-18,29.236726760864258,29.295722495425743,29.228300176652507,29.295722495425743,31093000
2023-04-19,29.337860107421875,29.337860107421875,29.287290965611508,29.31257392900376,18485000
2023-04-20,29.363149642944336,29.363149642944336,29.27887093608946,29.30415390514061,22350000
2023-04-21,29.414453506469727,29.44010460122956,29.380249872231218,29.44010460122956,18778000
2023-04-24,29.371692657470703,29.371692657470703,29.32893975239687,29.35459410491123,13523000
2023-04-25,29.679521560668945,29.68807409958381,29.551262833486838,29.551262833486838,15819000
2023-04-26,29.82488250732422,29.83343178358186,29.765027788008016,29.790678878618515,10890000
2023-04-27,29.602563858032227,29.688072934636168,29.594014581290708,29.65386930399459,13660000
2023-04-28,29.542709350585938,29.542709350585938,29.43154918110974,29.534160073782125,13340000
2023-05-02,29.32039451599121,29.4144528772159,29.294740159942098,29.363147426955702,27795000
2023-05-03,29.52560806274414,29.594015325748124,29.499956970036564,29.594015325748124,10286000
2023-05-04,29.534160614013672,29.5854627994505,29.49140770553704,29.5854627994505,10243000
2023-05-05,29.294740676879883,29.33749685043687,29.27764212166278,29.320395033381693,22246000
2023-05-08,29.28618812561035,29.30328994075386,29.25198449532333,29.294737402263248,17098000
2023-05-09,29.021116256713867,29.080970981629193,28.9698140706938,29.072421704571806,26709000
2023-05-10,29.012569427490234,29.01256942749023,28.952714697524875,28.986918332315977,15578000
2023-05-11,29.18358039855957,29.19212967518375,29.098071323129243,29.115173138215308,14529000
2023-05-12,29.431549072265625,29.448650887647776,29.36314507257478,29.371694349346978,12142000
2023-05-15,29.226337432861328,29.303293980698,29.21778489319161,29.303293980698,14429000
2023-05-16,29.021116256713867,29.021116256713867,28.961261531798545,29.004014440761225,25559000
2023-05-17,28.961261749267578,28.961261749267578,28.850104837497515,28.875755930700162,22111000
2023-05-18,28.952713012695312,28.969814829095668,28.875756469812696,28.884305747093897,10667000
2023-05-19,28.884305953979492,28.884305953979492,28.84155304359136,28.850105582771775,16827000
2023-05-22,28.841552734375,28.85010527346372,28.81590164078473,28.85010527346372,11844000
2023-05-23,28.815898895263672,28.82444817169989,28.747491636423398,28.77314598940732,9723000
2023-05-24,28.92706298828125,28.93561226587847,28.867204997748424,28.867204997748424,6017000
2023-05-25,28.83300018310547,28.918505993255724,28.8244476449879,28.901404178858158,11394000
2023-05-26,28.83300018310547,28.841549459385465,28.79024401619277,28.841549459385465,10835000
2023-05-29,28.918508529663086,28.952712161458173,28.875755620838152,28.952712161458173,9384000
2023-05-30,28.978361129760742,29.021114035451134,28.944157500473384,28.944157500473384,9128000
2023-05-31,29.08952522277832,29.08952522277832,29.038219771918104,29.046772311313838,8371000
2023-06-01,29.149377822875977,29.21778182385707,29.12372673023779,29.183581454285434,6828000
2023-06-02,29.23488426208496,29.269087894222746,29.209233168900568,29.269087894222746,6397000
2023-06-05,29.021116256713867,29.140828968382387,29.01256697965648,29.12372715242974,12812000
2023-06-06,28.986913681030273,29.02966658673988,28.969811866378905,29.021114048495384,9335000
2023-06-07,29.166475296020508,29.18357710917897,29.07241695456764,29.07241695456764,6025000
2023-06-08,28.83300018310547,28.89285490257816,28.807345830590336,28.89285490257816,27721000
2023-06-09,28.986913681030273,28.995462957437145,28.90995714601793,28.94415751348304,7042000
2023-06-12,28.978361129760742,29.012564759048104,28.969811853357715,29.012564759048104,6637000
2023-06-13,29.07242202758789,29.080971304740267,29.012567302007536,29.046770934292855,10058000
2023-06-14,29.00401496887207,29.04677114045113,28.995465691659017,29.04677114045113,7978000
2023-06-15,29.046772003173828,29.14083036450072,29.029670186401848,29.12372854772874,11080000
2023-06-16,29.32893943786621,29.3374919758918,29.24343362863553,29.277637257062818,15394000
2023-06-19,29.534160614013672,29.542709890973867,29.380247534027532,29.380247534027532,11378000
2023-06-20,29.46575355529785,29.491407910031985,29.311840474244466,29.448651739421045,11467000
2023-06-21,29.79068374633789,29.807785563485137,29.68807610529252,29.696625382947094,17873000
2023-06-26,29.82488250732422,29.85908287419236,29.77357706426566,29.782129602360868,10136000
2023-06-27,29.730825424194336,29.83343305283931,29.71372360911389,29.83343305283931,12145000
2023-06-28,29.77358055114746,29.77358055114746,29.688074731206893,29.73082764117718,10206000
2023-06-29,29.859086990356445,29.918944979761815,29.83343589620987,29.884741346341038,9326000
2023-06-30,29.696622848510742,29.713724664198445,29.653869940210395,29.670971755898098,13293000
2023-07-03,29.987346649169922,30.01299774131864,29.9189426494941,29.9189426494941,11421000
2023-07-04,30.047203063964844,30.064304880306203,30.004450154030412,30.01299943128212,8375000
2023-07-05,30.055753707885742,30.098506615124382,30.021550077359734,30.030099354072366,11021000
2023-07-06,29.79922866821289,29.86763592680272,29.74792648610814,29.841984835750342,23736000
2023-07-07,29.491411209106445,29.5170623048722,29.474309391316538,29.49996048708229,29366000
2023-07-10,29.42300033569336,29.440102151389496,29.397349243068064,29.440102151389496,13982000
2023-07-11,29.611116409301758,29.619665686046943,29.49140696384269,29.534159871244107,11507000
2023-07-12,29.688072204589844,29.782130555622356,29.6709703896896,29.756476202353156,13966000
2023-07-13,29.82488250732422,29.936039407861415,29.807780692971367,29.927490131603772,13805000
2023-07-14,29.82488250732422,29.944591945956624,29.81632996922901,29.927490131603772,21297000
2023-07-17,29.87618637084961,29.876186370849606,29.747927648737413,29.75647692547646,24554000
2023-07-18,29.78081703186035,29.867517177373035,29.763480310030197,29.867517177373035,27845000
2023-07-19,29.9715576171875,30.014906041474585,29.884860768613333,29.928209192900418,11646000
2023-07-20,30.153623580932617,30.21431203759139,30.1362835494197,30.205643675471357,15238000
2023-07-21,30.049583435058594,30.049583435058594,29.94554656455473,29.94554656455473,11834000
2023-07-24,30.205644607543945,30.240324671639915,30.127616116964486,30.136284479352003,17619000
2023-07-25,30.188302993774414,30.222983056053316,30.179634631841076,30.222983056053316,11856000
2023-07-26,30.11894416809082,30.18830098075098,30.110272499462955,30.170960950767803,15328000
2023-07-27,30.170961380004883,30.179633048756116,30.10160456635799,30.136281319545137,14847000
2023-07-28,29.9715576171875,30.014906041474585,29.884860768613333,29.902200799782722,30790000
2023-07-31,30.049583435058594,30.084263494317376,30.01490337579981,30.04091507388014,11791000
2023-08-01,30.30101203918457,30.301012039184567,30.188303488567207,30.21431188206628,13279000
2023-08-02,30.023576736450195,30.08426518993737,29.988896675236763,30.075593520997675,23934000
2023-08-04,29.61609649658203,29.7201333807173,29.356002632607403,29.477379548644034,47735000
2023-08-07,29.659446716308594,29.659446716308594,29.62476665040864,29.659446716308594,21063000
2023-08-08,29.61609649658203,29.624764858896253,29.48604791095826,29.50338794285962,16561000
2023-08-09,29.824172973632812,29.867521398879877,29.711464422172167,29.711464422172167,17330000
2023-08-10,29.789491653442383,29.824171715085715,29.76348326084624,29.806831684264047,9391000
2023-08-11,29.659446716308594,29.676786749258568,29.633438320520188,29.650778353470162,11662000
2023-08-14,29.633438110351562,29.65077814317856,29.572749649093623,29.59008968192062,7052000
2023-08-15,29.598751068115234,29.66811118307467,29.590082707381463,29.624759457588866,10008000
2023-08-16,29.477378845214844,29.52939893967756,29.477378845214844,29.52939893967756,13664000
2023-08-17,29.277971267700195,29.373339780156407,29.251962876038533,29.35599974995777,22144000
2023-08-18,29.130582809448242,29.165262870017905,29.11324608643602,29.15659450851179,18125000
2023-08-21,29.04388427734375,29.121912755454378,29.04388427734375,29.113244394452046,12198000
2023-08-22,28.896499633789062,28.91383635618033,28.879159604125306,28.905167994984694,11246000
2023-08-23,29.165264129638672,29.173935798791913,29.087235643623263,29.087235643623263,6968000
2023-08-24,29.460037231445312,29.598754168622648,29.451368869803517,29.5814141380664,9059000
2023-08-25,29.390676498413086,29.451364943633234,29.373336470168443,29.451364943633234,5576000
2023-08-28,29.538063049316406,29.538063049316406,29.425354514509767,29.451366211632752,5283000
2023-08-29,29.65077018737793,29.659438547829012,29.61609013102918,29.64209851965464,5689000
2023-08-30,29.85017967224121,29.858848033889238,29.780819549966346,29.80683124945575,10016000
2023-08-31,29.91086769104004,29.928207721356834,29.850179238567563,29.867519268884358,6180000
2023-09-01,29.884859085083008,29.910867476735547,29.858847386157876,29.910867476735547,6485000
2023-09-04,29.564071655273438,29.676780190903948,29.55540329435065,29.676780190903948,13454000
2023-09-05,29.529396057128906,29.581412839241104,29.520724388595195,29.5640728094462,9951000
2023-09-06,29.399349212646484,29.408017574416395,29.338660758438987,29.347329120208897,12871000
2023-09-07,29.399349212646484,29.41668924345901,29.356000789251517,29.364669151021427,5158000
2023-09-08,29.659446716308594,29.66811838642014,29.572749858831827,29.572749858831827,6720000
2023-09-11,29.520727157592773,29.650775739616652,29.512058795518502,29.650775739616652,8550000
2023-09-12,29.546741485595703,29.546741485595703,29.442701287816437,29.486049716587907,5945000
2023-09-13,29.520727157592773,29.546738858361245,29.512058795518502,29.546738858361245,6462000
2023-09-14,29.572742462158203,29.607422519384052,29.555402433545282,29.607422519384052,4367000
2023-09-15,29.529396057128906,29.5380644183901,29.47737596774419,29.50338435880029,8553000
2023-09-18,29.390676498413086,29.451364943633234,29.373336470168443,29.43402491538859,19022000
2023-09-19,29.55540657043457,29.57274660147459,29.5120581464709,29.538066539394553,4529000
2023-09-20,29.468708038330078,29.48604476110653,29.45136800828107,29.477376399718306,7162000
2023-09-21,29.494718551635742,29.503386913647574,29.408018395153416,29.408018395153416,8540000
2023-09-22,29.191268920898438,29.22594897868703,29.18260056008746,29.217280617876053,28997000
2023-09-25,29.338661193847656,29.34732955574621,29.31265280087923,29.34732955574621,8565000
2023-09-26,29.07856559753418,29.113245657592998,29.04388553747536,29.04388553747536,18401000
2023-09-27,29.01787757873535,29.052554332038653,28.965857487871485,28.965857487871485,10896000
2023-09-28,28.81847381591797,28.87049060244157,28.79246211538337,28.87049060244157,23343000
2023-10-02,28.67108154296875,28.72310163012303,28.636401484865896,28.72310163012303,20993000
2023-10-03,28.358970642089844,28.384982342061743,28.33296224939067,28.350302280281028,30387000
2023-10-04,27.743412017822266,27.847448886852817,27.656713524539327,27.83878052579712,48095000
2023-10-05,28.1248836517334,28.150895350286326,28.064195200564136,28.072866869172625,16246000
2023-10-06,27.925479888916016,27.951491588978513,27.890799827014504,27.951491588978513,18955000
2023-10-11,28.28093910217285,28.332959189225377,28.202910625230246,28.306950799335297,20072000
2023-10-12,28.610393524169922,28.627733553481505,28.56704510452718,28.58438513383876,23813000
2023-10-13,28.26360321044922,28.272274879863534,28.168237997801683,28.194246391498933,30102000
2023-10-16,28.341629028320312,28.367640726839458,28.289612245827097,28.35030069691754,21405000
2023-10-17,28.03818702697754,28.168235598934277,27.99483860541615,28.168235598934277,34721000
2023-10-18,27.93415069580078,27.95149072621631,27.873462242982743,27.93415069580078,32011000
2023-10-19,27.511571884155273,27.6348231888609,27.493964075147872,27.608413154522886,51429000
2023-10-20,27.33549690246582,27.353104711312213,27.21224559888723,27.24746121658001,26599000
2023-10-23,27.115406036376953,27.141817751309212,27.071388190663033,27.141817751309212,21214000
2023-10-24,27.59080696105957,27.59961086607877,27.423536124041114,27.50276959004074,22288000
2023-10-25,27.819704055786133,27.8725258078707,27.80209624536687,27.86372190266107,10754000
2023-10-26,27.449947357177734,27.476357392598487,27.39712560716307,27.43233954744846,12114000
2023-10-27,27.705251693725586,27.74046731040322,27.670037756220975,27.705251693725586,10854000
2023-10-30,27.555591583251953,27.626021144851595,27.54678935732855,27.626021144851595,10465000
2023-10-31,27.53798484802246,27.608414408076815,27.42353576345091,27.46755528796811,11128000
2023-11-01,27.423532485961914,27.44994419751567,27.40592467825941,27.44994419751567,13710000
2023-11-02,28.004581451416016,28.030993167444556,27.951759698532182,28.022189262101712,22035000
2023-11-03,28.462373733520508,28.47117595894793,28.38314027128885,28.391942496716272,14513000
2023-11-06,28.45356559753418,28.63844254004299,28.444763372896293,28.63844254004299,18077000
2023-11-07,28.37433433532715,28.400744369627823,28.33911871736213,28.391942144309656,11420000
2023-11-08,28.691268920898438,28.717678955880807,28.638445492587437,28.638445492587437,13293000
2023-11-09,29.078628540039062,29.157861997573747,29.034610698818906,29.043416282070545,17180000
2023-11-10,28.77930450439453,28.78811008825393,28.656053197132934,28.717678850763733,13862000
2023-11-13,28.7705020904541,28.796912125166834,28.726484246484137,28.796912125166834,11834000
2023-11-14,28.946575164794922,28.955377389745678,28.79691047386381,28.832126090358898,8295000
2023-11-15,29.377958297729492,29.474799575735805,29.351548261308295,29.457191765339523,19961000
2023-11-16,29.140254974365234,29.289919668560486,29.122650524079777,29.289919668560486,18231000
2023-11-17,29.219486236572266,29.298719690282475,29.219486236572266,29.298719690282475,15354000
2023-11-20,29.166671752929688,29.307530879990782,29.140258357742514,29.22829741112226,16209000
2023-11-21,29.333938598632812,29.36034863338636,29.2370973267415,29.36034863338636,15373000
2023-11-22,29.289920806884766,29.31633084168546,29.210687344136446,29.27231299756889,10668000
2023-11-23,29.650875091552734,29.694892939513604,29.518818189323603,29.580443848138124,18796000
2023-11-24,29.501205444335938,29.5892444838795,29.48360099477319,29.580438900752164,15524000
2023-11-27,29.351547241210938,29.395565086498596,29.333939431426607,29.395565086498596,17534000
2023-11-28,29.562841415405273,29.624467078430143,29.518820206090286,29.624467078430143,19026000
2023-11-29,29.571640014648438,29.668481289906882,29.554032204751778,29.62446344433841,21902000
2023-11-30,29.888568878173828,29.976604554589578,29.879763295524782,29.897371102477088,25177000
2023-12-01,29.92378807067871,29.92378807067871,29.826946800032623,29.844554609090654,17653000
2023-12-04,30.24952507019043,30.275935105414426,30.21430945099424,30.240719486218236,27003000
2023-12-05,30.407991409301758,30.425599218558837,30.302344553759305,30.31995236301638,27575000
2023-12-06,30.698514938354492,30.77774840876757,30.698514938354492,30.698514938354492,30786000
2023-12-07,30.892196655273438,31.06827140229719,30.892196655273438,30.980232349612077,35399000
2023-12-08,30.777740478515625,30.81295609148028,30.69850702851799,30.81295609148028,24437000
2023-12-11,30.795351028442383,30.804156611640853,30.64568969752835,30.69850976333519,15008000
2023-12-12,30.839370727539062,30.839370727539062,30.742529456596962,30.786550658549697,16974000
2023-12-13,30.989038467407227,31.006646278247295,30.88339496071333,30.88339496071333,19485000
2023-12-14,31.640506744384766,31.790171438751347,31.570078868123986,31.69333017033993,33292000
2023-12-15,32.089500427246094,32.089500427246094,31.966249113668468,31.966249113668468,37176000
2023-12-18,32.26557159423828,32.27437381922657,32.10710467768077,32.11590690266906,36858000
2023-12-19,32.036678314208984,32.14232182185726,32.027876087882696,32.14232182185726,31695000
2023-12-20,32.036678314208984,32.0895017472064,32.01026827688356,32.0895017472064,20328000
2023-12-21,32.04547882080078,32.0806910788726,32.01026320438294,32.0806910788726,15980000
2023-12-22,31.772563934326172,31.922225271779674,31.710938282628128,31.922225271779674,32573000
2023-12-25,31.640506744384766,31.7549558214479,31.631704519231956,31.746153596295095,17508000
2023-12-26,31.622901916503906,31.737351004355002,31.622901916503906,31.6669231214557,19455000
2023-12-27,31.622901916503906,31.64050972681534,31.59649188020997,31.614099690521403,17364000
2023-12-28,31.7109375,31.91342225891712,31.666919658208638,31.90462003389727,20278000
2023-12-29,31.69333267211914,31.69333267211914,31.64050924199425,31.67572486207751,21419000
2024-01-02,31.464431762695312,31.552467437502024,31.411608342803852,31.552467437502024,31332000
2024-01-03,31.358787536621094,31.420413185791343,31.34117972852302,31.34117972852302,24010000
2024-01-04,31.23553466796875,31.376393767325876,31.23553466796875,31.332375928466618,37224000
2024-01-05,31.00664520263672,31.085878669495187,30.989037392407457,31.050663049036665,28894000
2024-01-08,30.768943786621094,30.856979476515626,30.751335976972925,30.856979476515626,27088000
2024-01-09,31.24434471130371,31.24434471130371,30.989036507787127,30.989036507787127,20916000
2024-01-10,31.4204158782959,31.4204158782959,31.34998799821445,31.34998799821445,20622000
2024-01-11,31.534862518310547,31.543668101604922,31.47323686863405,31.47323686863405,15594000
2024-01-12,31.640506744384766,31.666920136535403,31.57888109327679,31.587686676775707,21674000
2024-01-15,31.913427352905273,31.913427352905273,31.675726939275147,31.693334750471443,23514688
2024-01-16,31.88701057434082,31.895812798904874,31.75495369745883,31.816579344444857,30184000
2024-01-17,31.619356155395508,31.646124291452136,31.583670979737054,31.619356155395508,21634000
2024-01-18,31.583663940429688,31.610428667070817,31.556895810339093,31.60150482255746,12837000
2024-01-19,31.226791381835938,31.36062184913816,31.226791381835938,31.36062184913816,31439000
2024-01-22,31.44091796875,31.44091796875,31.360620372838707,31.387385103659135,11668000
2024-01-23,31.48552131652832,31.49444175737831,31.378455605632062,31.476597472228935,10024000
2024-01-24,31.30708885192871,31.307088851928707,31.22679125256981,31.262479830829353,14053000
2024-01-25,31.208942413330078,31.208942413330078,31.092956252621846,31.11080053915001,21659000
2024-01-26,31.431989669799805,31.431989669799805,31.351692085264457,31.351692085264457,11714000
2024-01-29,31.3427734375,31.396302894620163,31.307084863786745,31.378458607763537,14347000
2024-01-30,31.53013038635254,31.539050827219132,31.43198851957303,31.512286101169956,14111000
2024-01-31,31.762104034423828,31.762104034423828,31.574744117175435,31.583667962825302,13638000
2024-02-01,31.851327896118164,31.887016474532118,31.779950739290257,31.806718874825805,19930000
2024-02-02,31.8424015045166,32.0029966910923,31.797792486789994,31.96731151898095,22232000
2024-02-05,31.63719940185547,31.66396753702954,31.556901803233494,31.583669938407564,19630000
2024-02-15,31.066194534301758,31.09295926496219,31.01266166953091,31.04835024604481,56449000
2024-02-16,31.05727195739746,31.05727195739746,30.994818654515413,31.05727195739746,22604000
2024-02-19,31.003734588623047,31.03049931355263,30.976969863693466,31.03049931355263,19302000
2024-02-20,30.98589515686035,30.98589515686035,30.9323622951682,30.95913042773917,15791000
2024-02-21,31.08403968811035,31.08403968811035,31.003742090443144,31.003742090443144,13335000
2024-02-22,31.09295654296875,31.110800829663546,31.030503241261815,31.066191814651404,14921000
2024-02-23,31.16433334350586,31.173253785029306,31.14648905700932,31.14648905700932,11496000
2024-02-26,31.48552131652832,31.512286042527688,31.39629989078144,31.40522373508082,14857000
2024-02-27,31.25355339050293,31.360619116395135,31.18217964335799,31.360619116395135,16560000
2024-02-29,31.217864990234375,31.262474003017918,31.217864990234375,31.244629717214597,13112000
2024-03-01,31.173254013061523,31.200022144726965,31.137568843257053,31.182177858099895,14314000
2024-03-04,31.208942413330078,31.25355142792566,31.182177685262662,31.22678669985824,16843000
2024-03-05,31.244632720947266,31.253553162981742,31.182179416356394,31.20894414590967,10326000
2024-03-06,31.405231475830078,31.43199620842641,31.324933874590858,31.324933874590858,13652000
2024-03-07,31.583663940429688,31.592584381493573,31.512286798120723,31.53905152476185,14846000
2024-03-08,31.583663940429688,31.619349108134703,31.53905152476185,31.592584381493573,14726000
2024-03-11,31.672887802124023,31.672887802124023,31.574745915086552,31.583669761244558,13068000
2024-03-12,31.65503692626953,31.65503692626953,31.56581890395514,31.65503692626953,10829000
2024-03-13,31.53013038635254,31.5747393975843,31.512286101169956,31.5747393975843,16162000
2024-03-14,31.458755493164062,31.521212197489966,31.44983505166016,31.51228835253642,11679000
2024-03-15,31.324928283691406,31.33384872514798,31.182177396238895,31.208942124058236,21924000
2024-03-18,31.324928283691406,31.324928283691406,31.324928283691406,31.324928283691406,0
2024-03-19,31.39630889892578,31.40523274578557,31.298170407620663,31.307090851030086,16810000
2024-03-20,31.39630889892578,31.39630889892578,31.39630889892578,31.39630889892578,0
2024-03-21,31.44983673095703,31.48552530577756,31.44091628897681,31.48552530577756,23121000
2024-03-22,31.833477020263672,31.842397461296358,31.610428556502548,31.610428556502548,27056000
2024-03-25,31.833477020263672,31.833477020263672,31.833477020263672,31.833477020263672,0
2024-03-26,31.833477020263672,31.833477020263672,31.833477020263672,31.833477020263672,0
2024-03-27,31.77102279663086,31.797787522398234,31.735334226641452,31.753178511636154,13660000
2024-03-28,31.949462890625,32.00299234324459,31.913774319912317,31.913774319912317,18416000
2024-03-29,32.08329391479492,32.10113820236999,32.011920167944524,32.02976445551958,11445000
2024-04-01,32.09221267700195,32.10113311765159,32.056524107504785,32.065444548154424,15804000
2024-04-02,31.753177642822266,31.851319505883147,31.74425720229367,31.851319505883147,40843000
2024-04-03,31.59259033203125,31.67288793052834,31.583669889287176,31.59259033203125,33359000
2024-04-08,31.44091796875,31.503371276297674,31.414149834479566,31.503371276297674,30861000
2024-04-09,31.60150718688965,31.655040047626542,31.47660058195328,31.47660058195328,17874000
2024-04-10,31.699649810791016,31.735338385457297,31.655040794183066,31.735338385457297,14793000
2024-04-11,31.369539260864258,31.396303990358437,31.28924166893189,31.30708595641129,40732000
2024-04-12,31.289241790771484,31.307086078320367,31.23570892812484,31.271397503222605,26917000
2024-04-15,31.289241790771484,31.39630411261493,31.28032134872197,31.32493036586925,28339000
2024-04-16,31.012659072875977,31.066191933164575,30.994818189562807,31.039427204745124,45663000
2024-04-17,30.74500274658203,30.81637989634569,30.73608230458649,30.789611763459405,48844000
2024-04-18,30.9351806640625,30.99857215163537,30.917068316959256,30.980459804532124,24895000
2024-04-19,31.107236862182617,31.324581531499348,30.935174779298436,30.935174779298436,34941000
2024-04-22,30.97140121459961,30.9895135592796,30.926122080187888,30.980455659651344,16861000
2024-04-23,31.17063331604004,31.188745662590566,31.098187384414818,31.10724183040164,16855000
2024-04-24,31.107236862182617,31.179686236813637,31.061957730326395,31.1706283376966,15511000
2024-04-25,30.953292846679688,31.01668433391569,30.953292846679688,31.01668433391569,16062000
2024-04-26,30.853673934936523,30.880840725754325,30.808394798714634,30.880840725754325,21012000
2024-04-29,31.098190307617188,31.14346945096126,31.06196561111105,31.098190307617188,12652000
2024-04-30,31.243080139160156,31.27024692946883,31.15252186841352,31.15252186841352,11349000
2024-05-02,31.18874740600586,31.206859753568846,31.143468264386932,31.179692959512902,23660000
2024-05-03,31.161577224731445,31.206856361428596,31.152522779222693,31.188744015834395,12023000
2024-05-06,31.415145874023438,31.424203774893176,31.36081228711298,31.36081228711298,16378000
2024-05-07,31.713993072509766,31.73210541890248,31.560039855460097,31.569097755944878,18824000
2024-05-08,31.695880889892578,31.768330275837798,31.695880889892578,31.713993236378883,12335000
2024-05-09,31.54192352294922,31.587202650961306,31.532865624601182,31.587202650961306,11507000
2024-05-10,31.695880889892578,31.759272375306214,31.695880889892578,31.732105582865188,10840000
2024-05-13,31.587207794189453,31.623429029751275,31.56003754929735,31.623429029751275,10748000
2024-05-14,31.550987243652344,31.59626638497785,31.550987243652344,31.587211938543565,10073000
2024-05-15,31.550987243652344,31.686828122205903,31.550987243652344,31.641545526303354,11728000
2024-05-16,31.90416717529297,31.9494463134861,31.84983013671513,31.85888803709984,19962000
2024-05-17,31.886049270629883,31.93132840092982,31.840770140329948,31.86793692759467,9803000
2024-05-20,31.795494079589844,31.822660869477268,31.78643617990968,31.804548524693473,10924000
2024-05-21,31.786439895629883,31.795497796368885,31.768331003305764,31.786439895629883,8132000
2024-05-22,31.82266616821289,31.87700321161184,31.81361172160162,31.87700321161184,8333000
2024-05-23,31.777387619018555,31.86794590512965,31.77738761901855,31.831724663431515,10410000
2024-05-24,31.668716430664062,31.713995572927363,31.632491735022576,31.704937671728434,13091000
2024-05-27,31.659652709960938,31.741156532884137,31.614373576020597,31.732102087926663,11846000
2024-05-28,31.596261978149414,31.632486667988267,31.578149633229987,31.623428768240274,13338000
2024-05-29,31.33363914489746,31.433255317801407,31.29741790849512,31.406088526855484,27142000
2024-05-30,31.2793025970459,31.2793025970459,31.107237058499493,31.197798777359797,18568000
2024-05-31,31.560039520263672,31.5872097668526,31.50570593623944,31.50570593623944,12286000
2024-06-03,31.74115753173828,31.768327776618683,31.65965370625026,31.74115753173828,16736000
2024-06-04,31.99472999572754,32.00378444184376,31.93133505460629,31.940392955299437,17964000
2024-06-05,32.175846099853516,32.23923758550178,32.175846099853516,32.19395844640686,19510000
2024-06-06,32.18490219116211,32.32073960081085,32.18490219116211,32.31168515533161,13117000
2024-06-07,32.19395446777344,32.212066812088395,32.139620889404995,32.166787678589216,13642000
2024-06-11,31.867942810058594,31.922279849194247,31.80455132502209,31.82266367140064,33272000
2024-06-12,32.012840270996094,32.03095261858796,31.98567347689683,32.012840270996094,12887000
2024-06-13,32.221126556396484,32.27546013787586,32.18490186569247,32.203014211044476,19326000
2024-06-14,32.43846893310547,32.529027208475966,32.42941448739913,32.43846893310547,24111000
2024-06-17,32.45657730102539,32.483744089391465,32.42941051265932,32.45657730102539,19841000
2024-06-18,32.375083923339844,32.420363070079375,32.35697157372854,32.41130862256245,18685000
2024-06-19,32.56525421142578,32.56525421142578,32.51997507052733,32.51997507052733,12759000
2024-06-20,32.46563720703125,32.519974247480384,32.45658276091152,32.51091980136066,14959000
2024-06-21,32.3479118347168,32.36602418136527,32.329799488068325,32.35696628075259,11567000
2024-06-24,32.3931884765625,32.43846761240425,32.366021685972775,32.37507613131047,10426000
2024-06-25,32.5833625793457,32.592420479165376,32.5471378892202,32.55619578903987,14875000
2024-06-26,32.51997375488281,32.53808610142483,32.4475278232916,32.501861408340794,13071000
2024-06-27,32.26640701293945,32.31168615088413,32.230182320753,32.2935738047909,16369000
2024-06-28,32.25735092163086,32.39319179765977,32.23923857452188,32.37507945055078,12901000
2024-07-01,31.97661590576172,31.99472825158372,31.867941830829718,31.88605417665172,25727000
2024-07-02,31.94038963317871,31.94944407835318,31.849827908551205,31.858885808302237,17147000
2024-07-03,32.15773010253906,32.166788002075855,32.021892700675465,32.04905949013288,13418000
2024-07-04,32.25735092163086,32.32980031006681,32.24829647536486,32.30263006211484,11138000
2024-07-05,32.221126556396484,32.248293347136176,32.17584396572814,32.248293347136176,10183000
2024-07-08,32.384132385253906,32.42941497820125,32.37507793941053,32.37507793941053,15108000
2024-07-09,32.57430648803711,32.61958562111762,32.501857111447165,32.501857111447165,18268000
2024-07-10,32.51091766357422,32.53808445472394,32.47469297232345,32.51091766357422,11733000
2024-07-11,32.55619812011719,32.60147725872783,32.538085773757565,32.57431046647682,11742000
2024-07-12,32.755428314208984,32.76448621503485,32.64675768633741,32.70109472756168,16841000
2024-07-15,32.782596588134766,32.782596588134766,32.692034858214065,32.75542634187018,22566000
2024-07-16,32.846920013427734,32.8652963333269,32.8101673736294,32.8652963333269,15209000
2024-07-17,33.04904556274414,33.05823196732262,33.02147933916164,33.02147933916164,12235000
2024-07-18,32.993919372558594,33.0214820935166,32.966356651600584,33.0214820935166,11295000
2024-07-19,32.94798278808594,33.012298145057066,32.92960647110503,32.99392182807616,11166000
2024-07-22,32.97554016113281,32.98473007059434,32.8928485005967,32.93878753313376,16909000
2024-07-23,32.856101989746094,32.902044535760254,32.837729177249436,32.892854624587756,10718000
2024-07-26,32.60802459716797,32.828533356676225,32.58964828305503,32.800970637968575,18151000
2024-07-29,32.874473571777344,32.902039796399905,32.7825955028319,32.819348132379545,9346000
2024-07-30,32.92959976196289,32.975538792593404,32.91122344872601,32.91122344872601,6213000
2024-07-31,33.00310516357422,33.03067138894293,32.94797972268433,32.94797972268433,10449000
2024-08-01,33.177677154541016,33.25117890792922,33.104171896229175,33.104171896229175,13390000
2024-08-02,33.315494537353516,33.44412874048367,33.297121727544294,33.306308132448905,22117000
2024-08-05,33.49007034301758,33.81164711319373,33.407378672840295,33.673829999514204,48403000
2024-08-06,33.297122955322266,33.33387208121943,33.01229532384556,33.26955672974466,35099000
2024-08-07,33.205238342285156,33.23280106041889,33.16848571482453,33.23280106041889,16667000
2024-08-08,32.92041778564453,33.1133638431982,32.92041778564453,33.07661121178116,19509000
2024-08-09,32.74584197998047,32.88366258456256,32.69990294676096,32.88366258456256,23400000
2024-08-12,33.00310516357422,33.01229507367171,32.883664371696945,32.883664371696945,9439000
2024-08-13,33.00310516357422,33.085796829832816,33.00310516357422,33.05823410938787,8909000
2024-08-14,33.205238342285156,33.25117737414921,33.14092299669079,33.205238342285156,9998000
2024-08-15,33.51762771606445,33.51762771606445,33.38899702852073,33.40737334173031,15916000
2024-08-16,33.554386138916016,33.62788789952822,33.49007078403384,33.62788789952822,13223000
2024-08-19,33.379817962646484,33.54519780804336,33.36144164539702,33.54519780804336,11267000
2024-08-20,33.35224914550781,33.480879851345584,33.32468642423511,33.480879851345584,7180000
2024-08-21,33.50844192504883,33.51762832936003,33.46249938872254,33.48087570226837,5886000
2024-08-22,33.554386138916016,33.56357254464605,33.48088087337983,33.517633506147924,5701000
2024-08-23,33.47169494628906,33.490071262935885,33.44413222378084,33.48088135215046,9103000
2024-08-26,33.536006927490234,33.572759557085604,33.48087798309718,33.563569647224924,10761000
2024-08-27,33.49007034301758,33.50844665915963,33.471694026875525,33.49925674862664,6398000
2024-08-28,33.51762771606445,33.51762771606445,33.48087508964528,33.49006499871176,5641000
2024-08-29,33.388999938964844,33.499254322909614,33.379813534020975,33.499254322909614,7147000
2024-08-30,33.3614387512207,33.3614387512207,33.23280454163377,33.30630980425487,5737000
2024-09-02,33.25117874145508,33.260368651159865,33.19605330292082,33.2419923366739,10101000
2024-09-03,33.30630874633789,33.324685061409475,33.1960543608321,33.26955611619472,6971000
2024-09-04,33.379817962646484,33.49007236121911,33.370628051559684,33.47169604396966,10996000
2024-09-05,33.60951232910156,33.655451363828604,33.572759699350456,33.600322419201945,11243000
2024-09-06,33.77489471435547,33.81164734689361,33.73814558674128,33.79327103062454,10203000
2024-09-09,33.72895431518555,33.76570694624072,33.673828873526595,33.73814422541125,8000000
2024-09-10,34.050537109375,34.05972351535941,33.93109280203328,33.967845435819044,14804000
2024-09-11,34.21591567993164,34.2710411179907,34.133224017919474,34.169973141650985,13804000
2024-09-12,34.16078567504883,34.169972079465246,34.02296507433823,34.1332229568761,9826000
2024-09-13,34.22510528564453,34.24348160169078,34.179166247990864,34.24348160169078,10922000
2024-09-16,34.16997528076172,34.234290632472614,34.142412560006704,34.22510422719554,9929000
2024-09-18,34.491554260253906,34.50993057504777,34.33535733696791,34.33535733696791,12238000
2024-09-19,34.29861068725586,34.41805148464918,34.28023437113598,34.28023437113598,13805000
2024-09-20,34.26185607910156,34.353734149478335,34.23428985404956,34.353734149478335,10550000
2024-09-23,34.206729888916016,34.206729888916016,34.160790850027716,34.206729888916016,9742000
2024-09-24,34.16997528076172,34.335358615139384,34.142412560006704,34.28941957890643,8376000
2024-09-25,34.14241027832031,34.19753922106995,34.08728133557067,34.18834931148323,8278000
2024-09-26,33.89433670043945,33.99540468054779,33.87596038542669,33.98621827550327,21556000
2024-09-27,33.77489471435547,33.83921357375918,33.71976927047221,33.82083725749011,16394000
2024-09-30,33.72895431518555,33.80245957729589,33.710577999657964,33.74733063071314,18939000
2024-10-01,33.940277099609375,34.0045924522771,33.81164639427392,33.81164639427392,11777000
2024-10-04,33.90352249145508,33.94946152094398,33.76570189806509,33.76570189806509,19470000
2024-10-07,33.921905517578125,33.931095429198145,33.81165111260827,33.875966474251044,18903000
2024-10-08,33.74732971191406,33.80245865699589,33.627885416698625,33.74732971191406,19588000
2024-10-09,33.68301010131836,33.802454381425655,33.637071072022714,33.76570175601983,15719000
2024-10-11,33.61870574951172,33.68302111253542,33.609519342618796,33.68302111253542,12459000
2024-10-14,33.45331573486328,33.52682099509003,33.4349394198066,33.51763108509982,17418000
2024-10-15,33.60032653808594,33.618702855214146,33.490072140240805,33.490072140240805,10016000
2024-10-16,33.830020904541016,33.85758362423508,33.784081870076356,33.79326827499982,9815000
2024-10-17,33.90456008911133,33.941828939533515,33.86729123868914,33.932509949851365,10693000
2024-10-18,33.541194915771484,33.615732610466594,33.52256049209771,33.615732610466594,16516000
2024-10-21,33.25236892700195,33.36417547659966,33.233734502069,33.36417547659966,19074000
2024-10-22,32.70266342163086,32.93558838490217,32.68403255222369,32.83310438655121,32040000
2024-10-23,32.65608215332031,32.75856971528173,32.63744772804067,32.72130086472245,15551000
2024-10-24,32.674713134765625,32.674713134765625,32.628128853552994,32.65607871145001,8238000
2024-10-25,32.954219818115234,32.963538806126074,32.84241684105309,32.84241684105309,7052000
2024-10-28,32.600181579589844,32.68403471408002,32.55359374053177,32.67471572460716,14861000
2024-10-29,32.65608215332031,32.72130086472245,32.63744772804067,32.646766717757096,6990000
2024-10-30,32.73061752319336,32.81447065390268,32.70266411018828,32.7678828169452,7362000
2024-11-01,32.68403244018555,32.68403244018555,32.637444604368675,32.67471345136102,10237000
2024-11-04,32.404518127441406,32.50700567480408,32.376568270579845,32.50700567480408,13631000
2024-11-05,32.674713134765625,32.674713134765625,32.58154457234037,32.609494430237376,6798000
2024-11-06,32.68403244018555,32.76788201468902,32.413838630720335,32.59086032270468,30714000
2024-11-07,32.758567810058594,32.87037080108082,32.55359269805701,32.60949597064462,13313000
2024-11-08,33.0660285949707,33.084659463952555,32.99149090243209,33.00080633692302,13779000
2024-11-11,33.40144348144531,33.429396898188564,33.215106325308604,33.215106325308604,14375000
2024-11-12,33.7275390625,33.75548892380493,33.47597964829579,33.47597964829579,22244000
2024-11-13,33.261688232421875,33.36417579344983,33.22441938220204,33.32690694323,10873000
2024-11-14,32.97285842895508,32.97285842895508,32.879689861925634,32.94490856967685,9118000
2024-11-15,32.954219818115234,33.15919490452297,32.954219818115234,33.0846572170465,10220000
2024-11-18,32.97285842895508,33.00080828823331,32.889005296967376,32.94490856967685,6802000
2024-11-19,33.02876281738281,33.0567126776052,33.0008094030073,33.02876281738281,4779000
2024-11-20,33.019447326660156,33.08466604352513,33.019447326660156,33.07535060718164,5289087
2024-11-21,33.07534408569336,33.09397850885969,33.01944081619436,33.01944081619436,5234000
2024-11-22,33.084659576416016,33.11261298828941,33.05670971869543,33.11261298828941,5053000
2024-11-25,33.21510314941406,33.261687433994034,33.14056545076363,33.168515310680995,6624000
2024-11-26,33.55982971191406,33.66231726618086,33.4666575925111,33.49461100540846,15041000
2024-11-27,33.55982971191406,33.56914514677789,33.47597658152786,33.53187985316964,8995000
2024-11-28,33.690269470214844,33.69958490572715,33.587781908813554,33.61573532365684,9080000
2024-11-29,33.83002471923828,33.83934015443042,33.699583747476936,33.72753716135948,17792000
2024-12-02,34.14680480957031,34.16543568103571,33.86729197944353,33.8766109693295,19235000
2024-12-03,34.286556243896484,34.33314052892826,34.19338767383293,34.20270310917804,17164000
2024-12-04,33.87660598754883,34.146799788055844,33.87660598754883,34.146799788055844,15345000
2024-12-05,34.13748550415039,34.15611992959683,34.05363236671807,34.100216653257526,11881000
2024-12-06,34.17475128173828,34.23065455305024,34.14680142315876,34.19338570550894,8037000
2024-12-09,34.3051872253418,34.32382164831469,34.193384241657185,34.193384241657185,12460000
2024-12-10,34.081581115722656,34.165430687521564,34.06294669282754,34.165430687521564,5311000
2024-12-11,34.02568054199219,34.08158381510529,33.98841169325012,34.08158381510529,6674000
2024-12-12,33.8113899230957,33.97909618793546,33.8113899230957,33.97909618793546,8062000
2024-12-13,33.550506591796875,33.6529941334443,33.53187572436326,33.62504427814137,7084000
2024-12-16,33.35485076904297,33.41075403425834,33.289632070034635,33.36416975698846,11410000
2024-12-17,33.298954010009766,33.373488149418684,33.28963502123812,33.36417271479989,8024000
2024-12-18,33.35485076904297,33.40143504631284,33.32690091351155,33.35485076904297,6669000
2024-12-19,32.97285842895508,33.1871489764452,32.935589580482095,33.1871489764452,27593000
2024-12-20,32.69334411621094,32.786512668827655,32.66539426125642,32.777197235226964,15175000
2024-12-23,32.79583740234375,32.833106251580844,32.665399984166996,32.70266527925101,6603000
2024-12-24,32.68403244018555,32.70266330952885,32.628129169697026,32.693347874857196,7866000
2024-12-25,32.8424186706543,32.8424186706543,32.70266227592658,32.70266227592658,3692000
2024-12-26,32.73061752319336,32.79583622995028,32.71198309924096,32.79583622995028,10865000
2024-12-27,32.8424186706543,32.89832193937593,32.80514982483987,32.81446881336986,5027000
2024-12-30,32.674713134765625,32.70266299266264,32.63744428813439,32.70266299266264,6761000
2024-12-31,33.01012420654297,33.028758629045925,32.870367814847135,32.870367814847135,10384000
2025-01-02,32.78651428222656,32.83310211497993,32.684030290966,32.83310211497993,6464000
2025-01-03,32.93558883666992,32.95422326048558,32.82378584792893,32.82378584792893,5397000
2025-01-06,32.69334411621094,32.72129397116546,32.64675983990258,32.72129397116546,12743000
2025-01-07,32.451107025146484,32.6374441492038,32.42315361321563,32.60949429142577,22416000
2025-01-08,32.19955062866211,32.22750048903203,32.15296278917471,32.2088660640677,14186000
2025-01-09,32.35793685913086,32.37657128349022,32.27408372659023,32.27408372659023,8693000
2025-01-10,32.30202865600586,32.33929749903649,32.26476336712772,32.33929749903649,5057000
2025-01-13,32.19022750854492,32.23681178790161,32.15295866339849,32.19954649690788,12332000
2025-01-14,32.30202865600586,32.30202865600586,32.19954466890036,32.19954466890036,6726000
2025-01-15,32.23681640625,32.24613539594802,32.143647834189,32.1902321202195,4730000
2025-01-16,32.674713134765625,32.674713134765625,32.55359116029052,32.609494430237376,9680000
2025-01-17,32.72197341918945,32.740877361058494,32.67471536729598,32.69361930916502,6483000
2025-01-20,32.636905670166016,32.731425374259445,32.59910139408669,32.721971601071075,6427000
2025-01-21,32.80704116821289,32.81649494244908,32.64636306178204,32.703071284965425,8803000
2025-01-22,32.88265609741211,32.90156003984173,32.73142816353348,32.797590159257986,11393000
2025-02-03,33.29853057861328,33.34578862987076,32.986624555867365,32.986624555867365,18028000
2025-02-04,33.11894607543945,33.166204123177906,33.00552243419766,33.15675395585338,8011000
2025-02-05,33.15675354003906,33.19455781442097,33.11894566009927,33.13784960006917,9034000
2025-02-06,33.47811508178711,33.525376742084326,33.402502915316795,33.44031080133119,12664000
2025-02-07,33.364688873291016,33.47810890484895,33.35523870631027,33.47810890484895,4528000
2025-02-10,33.23236846923828,33.270176352335,33.175656644593204,33.270176352335,7193000
2025-02-11,33.147300720214844,33.22291648226827,33.147300720214844,33.213462709232594,3273000
2025-02-12,33.005523681640625,33.081139445326386,32.99607351395893,33.081139445326386,5815000
2025-02-13,32.80704116821289,32.901560882782604,32.79759099953514,32.89210710854641,8055000
2025-02-14,33.175655364990234,33.194559305809456,33.07168909882157,33.08113926645216,11543000
2025-02-17,33.175655364990234,33.241817355078496,33.166205197359645,33.213463246628685,6324000
2025-02-18,33.18510818481445,33.20401212509059,33.166204244538314,33.18510818481445,5510000
2025-02-19,33.08114242553711,33.128400479319055,33.062238482912655,33.128400479319055,4418000
2025-02-20,33.12839889526367,33.17565694678595,33.0811408437414,33.0811408437414,6162000
2025-02-21,33.18510818481445,33.20401212509059,33.100042256350804,33.147300304262174,6378000
2025-02-24,33.27017593383789,33.32688415221147,33.25127199252732,33.28907987514847,7965000
2025-02-25,33.54427719116211,33.56317752664221,33.41194960389483,33.41194960389483,14036000
2025-02-26,33.75221252441406,33.90344044354541,33.71440464324172,33.80892434617257,13906000
2025-02-27,33.94124984741211,33.95070001535015,33.875087855171316,33.88453802310936,16590000
2025-03-03,33.89399337768555,33.979059315328726,33.837281550737316,33.95070159907545,14845000
2025-03-04,34.054664611816406,34.168088242840675,34.02631050683914,34.083022322351276,21569000
2025-03-05,33.667144775390625,33.827826458911815,33.5820788501283,33.77111464021767,14588000
2025-03-06,33.58208465576172,33.610442372790146,33.54428037565453,33.55373054429172,5287000
2025-03-07,33.69550704956055,33.752215270374634,33.63879522318817,33.63879522318817,10346000
2025-03-10,33.610435485839844,33.65769353045924,33.544273502261156,33.62933942479914,6431000
2025-03-11,33.7711181640625,33.93179986435001,33.752214222525254,33.78057193761021,11882000
2025-03-12,33.430850982666016,33.53482084762833,33.35523882986657,33.53482084762833,10817000
2025-03-13,33.29853057861328,33.37414634507181,33.27017646897043,33.37414634507181,12406000
2025-03-14,33.27017593383789,33.34578809352204,33.26072216040354,33.31743398433525,4326000
2025-03-17,33.40250015258789,33.44030803547518,33.33633816031422,33.33633816031422,5236000
2025-03-18,33.60098648071289,33.64824453203701,33.52537431970594,33.52537431970594,5013000
2025-03-19,33.610435485839844,33.66714369716004,33.600981713581355,33.619885652540646,3525000
2025-03-20,33.97905349731445,34.016861375473006,33.89398757423656,33.950695785916686,10544000
2025-03-21,33.875083923339844,33.931795741060135,33.86563375649867,33.931795741060135,4869000
2025-03-24,33.69550704956055,33.77111921249876,33.68605327571934,33.77111921249876,4334000
2025-03-25,33.563175201416016,33.62934079324481,33.53482109460213,33.61043685351627,6197000
2025-03-26,33.54427719116211,33.56317752664221,33.52537325012393,33.56317752664221,3971000
2025-03-27,33.364688873291016,33.459208570887455,33.345784933771725,33.459208570887455,8849000
2025-03-28,33.38359832763672,33.38359832763672,33.307986162626555,33.345790442352445,4693000
2025-03-31,33.67660140991211,33.68605157771868,33.619889586398386,33.648243695376195,16137000
2025-04-01,33.7900276184082,33.81838173256093,33.648249836527036,33.65770361161713,6765000
2025-04-02,33.78057098388672,33.83727920133924,33.76166704288318,33.76166704288318,4159000
2025-04-07,32.90156173706055,33.799475612657,32.80704202003666,33.09059395999125,71622000
2025-04-08,32.47623062133789,32.618004782411106,32.39116468247061,32.56129656020517,34496000
2025-04-09,30.822172164916992,31.663377742990715,30.463004482455123,31.653927574886186,64288000
2025-04-10,32.36280822753906,32.40061250441897,31.975286446444557,31.975286446444557,22342000
2025-04-11,31.313663482666016,31.389275643328094,31.001753855344717,31.294759541110952,16430000
2025-04-14,31.351469039916992,31.379826756186183,31.105725000786773,31.313664760821958,23472000
2025-04-15,31.786252975463867,31.786252975463864,31.540505327117273,31.540505327117273,12161000
2025-04-16,31.786252975463867,31.83351102920486,31.76734903285579,31.82405725512163,7233000
2025-04-17,32.0319938659668,32.041447639119674,31.84295806404754,31.84295806404754,5861000
2025-04-18,31.984739303588867,32.02254718920583,31.861865478112957,32.013093415022375,3470000
2025-04-21,31.531051635742188,31.85241141305833,31.531051635742188,31.842957640031337,20615000
2025-04-22,31.21914291381836,31.360920668791806,31.200238972784692,31.25695079588569,15712000
2025-04-23,31.83335304260254,31.890936551931823,31.67020525763526,31.67020525763526,12014000
2025-04-24,31.94852066040039,31.996505088586094,31.92932615693067,31.977310585116374,7091000
2025-04-25,32.26521682739258,32.274815908429645,32.13085898068767,32.13085898068767,6623000
2025-04-28,32.51474380493164,32.61071265571162,32.49554930258025,32.50514472326745,10817000
2025-04-29,32.3611946105957,32.505147900837954,32.33240102376538,32.49555247921274,6457000
2025-04-30,32.10206604003906,32.4379606252074,32.0828715407471,32.3899762074657,12463000
2025-05-02,31.08478355407715,31.87173982170111,30.988814706211542,31.76617189246282,29514000
2025-05-05,28.95424461364746,30.403396615077583,28.906260187506064,30.403396615077583,74745000
2025-05-06,29.29973793029785,29.510871965055724,28.59915323719194,28.695123918623153,28305000
2025-05-07,29.84676742553711,29.904349100253288,29.46288654328188,29.47248196366088,12725000
2025-05-08,29.89475440979004,30.000322347884996,29.865964485210387,29.942740668237107,10278000
2025-05-09,29.69321632385254,29.90435036036761,29.635632816221463,29.817976929409507,9793000
2025-05-12,29.70281219482422,29.760393869290937,29.61643876787992,29.69321494399836,7809000
2025-05-13,29.942739486694336,30.00032116407005,29.798782547522276,29.85636605538651,6019000
2025-05-14,29.942739486694336,30.03870833882435,29.904350481451516,30.03870833882435,5597000
2025-05-15,29.53966522216797,29.769993771033253,29.510873467126586,29.769993771033253,9297000
2025-05-16,29.76999282836914,29.779590079745702,29.70281389922172,29.75079832561601,6942000
2025-05-19,29.51087188720703,29.635632491396546,29.4532902106956,29.635632491396546,8907000
2025-05-20,29.84676742553711,29.904349100253288,29.702812323502453,29.702812323502453,6049000
2025-05-21,29.597244262695312,29.741199364089145,29.53006533741075,29.741199364089145,4136000
2025-05-22,29.021425247192383,29.117395935601124,28.963843566342593,29.117395935601124,14386000
2025-05-23,29.155780792236328,29.232556970755173,29.146185371598897,29.20376704786591,1913000
2025-05-26,28.867870330810547,29.136587868547316,28.839078577681743,29.136587868547316,6486000
2025-05-27,29.338125228881836,29.36691698257974,29.01182600892629,29.01182600892629,11450000
2025-05-28,29.491676330566406,29.539662584684198,29.453289157760597,29.491676330566406,7148000
2025-05-29,29.635631561279297,29.693215066471957,29.510870961005406,29.510870961005406,6564000
2025-06-02,29.741199493408203,29.76999124600753,29.58764714052199,29.693215069564424,6680000
2025-06-03,29.808378219604492,29.808378219604492,29.6452286169431,29.72200479287267,4450000
2025-06-04,29.875558853149414,29.904350607202602,29.817977175531563,29.817977175531563,3859000
2025-06-05,30.1154842376709,30.134678740113113,30.02911263765793,30.038708058390537,4642000
2025-06-06,30.077098846435547,30.115486023107312,30.04830709106527,30.115486023107312,2941000
2025-06-09,29.856365203857422,29.942738632701808,29.856365203857422,29.856365203857422,4124000
2025-06-10,30.096290588378906,30.105887839288357,30.009917160682306,30.009917160682306,4189000
2025-06-11,30.067501068115234,30.144277250602897,30.057903816493205,30.115485495736806,3163000
2025-06-12,30.009918212890625,30.182665074340683,29.942739284657492,30.153873320602834,9462000
2025-06-13,30.230649948120117,30.230649948120117,30.07709758688621,30.192260942567373,13005000
2025-06-16,29.798782348632812,30.01951546632873,29.76999242538137,30.01951546632873,5428000
2025-06-17,29.71240997314453,29.789187985844514,29.69321730045811,29.789187985844514,4936000
2025-06-18,29.83717155456543,30.019515668502795,29.827574303254146,29.875558729322048,2132000
2025-06-19,29.92354393005371,29.942738431999018,29.837170501788275,29.837170501788275,2214000
2025-06-20,29.83717155456543,29.933142237189756,29.798782549320293,29.923544985878472,2198000
2025-06-23,29.971529006958008,29.971529006958008,29.80837939784776,29.80837939784776,3596000
2025-06-24,29.98112678527832,30.019515790679698,29.95233503122729,30.019515790679698,3905000
2025-06-25,30.04830551147461,30.096291767902517,29.981126582964052,30.096291767902517,3405000
2025-06-26,29.808378219604492,30.009916825474882,29.76039379608167,30.009916825474882,4368000
2025-06-27,29.57805061340332,29.80837914836857,29.56845336230204,29.80837914836857,6103000
2025-06-30,29.71240997314453,29.76999348266952,29.606843866659197,29.606843866659197,4631000
2025-07-01,30.211454391479492,30.249843395693116,29.99072310871657,29.99072310871657,7715000
2025-07-02,30.144275665283203,30.240246345967726,30.09629124018518,30.230649094850424,2422000
2025-07-03,29.99072265625,30.048304331213235,29.97152815443277,30.048304331213235,3133000
2025-07-04,29.817975997924805,29.86596225278499,29.76039432258104,29.86596225278499,3055000
2025-07-07,29.952333450317383,29.961930701161176,29.82757285032493,29.82757285032493,2718000
2025-07-08,29.69321632385254,29.760395252266946,29.664424570037003,29.71240899590772,5482000
2025-07-09,29.606842041015625,29.683618218492793,29.606842041015625,29.683618218492793,3718000
2025-07-10,29.933141708374023,29.99072338473594,29.865962780870376,29.865962780870376,2834000
2025-07-11,29.9139461517334,30.02911133088657,29.894751650126466,29.990722327672703,2142000
2025-07-14,29.616439819335938,29.664424244680365,29.59724531700277,29.626037070502523,6307000
2025-07-15,29.674020767211914,29.750796944170883,29.635631763488206,29.702812520004695,4345000
2025-07-16,29.62603759765625,29.63563301850508,29.578051340969484,29.616440346318896,5551000
2025-07-17,29.635631561279297,29.67402056474107,29.616438890036846,29.62603614090229,9185000
2025-07-18,29.817975997924805,29.817975997924805,29.702812647237273,29.73160256966493,6749000
2025-07-21,29.837453842163086,29.847192137646655,29.76928763116803,29.798502517618743,3288000
2025-07-22,29.95431137084961,29.973787961712894,29.925096484554675,29.93483477998632,3655000
2025-07-23,29.886144638061523,30.02247705694273,29.86666804753852,30.003000466419728,2649000
2025-07-24,29.866668701171875,29.905620025680427,29.827715519273383,29.905620025680427,2490000
2025-07-25,30.09064292907715,30.1295961096865,30.022476720400668,30.06142990101002,4327000
2025-07-28,30.188024520874023,30.217239406812656,30.139334901699545,30.168547930248266,3733000
2025-07-29,30.35357093811035,30.382785823194006,30.217238522499677,30.226976817527564,5882000
2025-07-30,30.65545082092285,30.66518911600363,30.548333289814018,30.55806972750493,7520000
2025-07-31,30.80152130126953,30.830736186292686,30.58728438326928,30.65545059093346,6018000
2025-08-01,30.733356475830078,30.87942719273564,30.704143446882927,30.752833066721468,5123000
2025-08-04,30.723617553710938,30.811260353544604,30.684666230112587,30.723617553710938,6043000
2025-08-05,31.044973373413086,31.09366484887377,30.99628375534227,31.006022050434407,4603000
2025-08-06,31.113142013549805,31.14235504197575,31.064450537190048,31.064450537190048,5647000
2025-08-07,30.928117752075195,31.11314164527238,30.889164571448468,31.11314164527238,6511000
2025-08-08,31.044973373413086,31.044973373413086,30.947594137271455,31.015760345526544,3212000
2025-08-11,30.98654556274414,31.015760448117184,30.95733253476097,30.967068972495444,2530000
2025-08-12,31.044973373413086,31.044973373413086,30.99628375534227,30.99628375534227,5169000
2025-08-13,31.113142013549805,31.12287845143185,30.976807737132393,31.02549921349215,3716000
2025-08-14,31.278688430786133,31.33711820422943,31.25921183963837,31.298165021933897,3899000
2025-08-15,31.307905197143555,31.337118226495996,31.25921186184958,31.298165044172787,4399000
2025-08-18,31.210521697998047,31.24947487964313,31.19104510717551,31.24947487964313,3722000
2025-08-19,31.122879028320312,31.181308801035062,31.113142590257794,31.161832210130147,3214000
2025-08-20,31.317642211914062,31.39554857799479,31.239739560613327,31.239739560613327,4360000
2025-08-21,31.551355361938477,31.600044979902325,31.395546355586326,31.4052827932672,4668000
2025-08-22,31.600046157836914,31.716901988262055,31.54161638523441,31.570829414145724,5057000
2025-08-25,31.668212890625,31.736379102395237,31.658472737640718,31.736379102395237,3142000
2025-08-26,31.551355361938477,31.687687778149144,31.551355361938477,31.629258007724687,4099000
2025-08-27,31.658472061157227,31.697425242702128,31.62925903238848,31.62925903238848,3577000
2025-08-28,31.68768882751465,31.726642009087588,31.64873564594171,31.668212236728177,2834000
2025-08-29,31.726640701293945,31.794806908846805,31.707164111310313,31.716900548912278,3042000
2025-09-01,31.522138595581055,31.600044956088286,31.512402157907516,31.590304803635018,4763000
2025-09-02,31.531879425048828,31.551356015593814,31.473449653413873,31.512402834503842,2183000
2025-09-03,31.43449592590332,31.50266213423594,31.424759488189977,31.50266213423594,3659000
2025-09-04,31.82402229309082,31.843498884516748,31.77533267191599,31.804545701664892,3978000
2025-09-05,32.07720947265625,32.13563924496785,32.028519853119846,32.03826000589504,3902000
2025-09-08,32.262237548828125,32.28171414099998,32.233020803180274,32.25249739535214,4971000
2025-09-09,32.349876403808594,32.42777904819801,32.349876403808594,32.388825868613466,10092000
2025-09-10,32.12590408325195,32.28171310082625,32.08695090016338,32.26223650928197,7318000
2025-09-11,32.44725799560547,32.47647102502666,32.281712542512146,32.291448980725896,6147000
2025-09-12,32.583587646484375,32.65175385251965,32.53489802999913,32.53489802999913,4209000
2025-09-15,32.603065490722656,32.62254208102221,32.56411231012355,32.61280564326231,3257000
2025-09-16,32.583587646484375,32.661494004684464,32.54463446738433,32.65175385251965,4226000
2025-09-17,32.56411361694336,32.583590208024525,32.45699793816683,32.583590208024525,4934000
2025-09-18,32.54463577270508,32.554375925260565,32.43752009805312,32.47646956393575,7020000
2025-09-19,32.369354248046875,32.44725689545534,32.33040106695274,32.4083037143612,4423000
2025-09-22,32.38882827758789,32.456998204320925,32.37909183935742,32.38882827758789,2458000
2025-09-23,32.3109245300293,32.38882717756705,32.27197134887051,32.33040112060869,4117000
2025-09-24,32.56411361694336,32.56411361694336,32.44725778523629,32.44725778523629,4348000
2025-09-25,32.476470947265625,32.476470947265625,32.427781326753575,32.427781326753575,2604000
2025-09-26,32.40830612182617,32.476472336414766,32.398569683219264,32.418046275213165,3281000
2025-09-30,32.67123031616211,32.69070690563707,32.58358752091458,32.58358752091458,6328000
2025-10-01,32.583587646484375,32.661494004684464,32.55437461954915,32.661494004684464,3219000
2025-10-02,32.67123031616211,32.71991993245972,32.642017289339464,32.65175372668715,3615000
2025-10-03,32.76861572265625,32.80756518974953,32.73939897886143,32.78808859881295,4045000
2025-10-07,32.61280822753906,32.68097444159919,32.51542526832455,32.68097444159919,9158000
2025-10-08,32.797828674316406,32.797828674316406,32.74913905447973,32.768615645370375,3979000
2025-10-09,32.73939895629883,32.8562585018378,32.719922365375666,32.83678191091464,4488000
2025-10-13,32.875728607177734,32.93415837502269,32.77834937554904,32.895205196459386,8508000
2025-10-14,33.070491790771484,33.08996838064535,32.934159376434096,32.97311255618183,7226000
2025-10-15,33.12892532348633,33.22630456913723,33.10944873140013,33.10944873140013,7773000
2025-10-16,33.22629928588867,33.265252463867206,33.138656492826726,33.167873233700384,5051000
2025-10-17,33.391849517822266,33.45027557190534,33.28473013229712,33.28473013229712,7958000
2025-10-20,33.148399353027344,33.38211101043441,33.128922762446784,33.38211101043441,12733000
2025-10-21,33.42106628417969,33.42106628417969,33.32368703995954,33.32368703995954,6019000
2025-10-22,33.567138671875,33.58661526356282,33.460019274982024,33.47949586666984,5214000
2025-10-23,33.596744537353516,33.67570084895072,33.55726449904308,33.577004518198294,9155000
2025-10-27,33.428958892822266,33.60661531420326,33.428958892822266,33.60661531420326,9545000
2025-10-28,33.55726623535156,33.67570259138729,33.55726623535156,33.655962571210694,3890000
2025-10-29,33.50791931152344,33.527659332432954,33.43883112085212,33.527659332432954,4050000
2025-10-30,33.35987091064453,33.35987091064453,33.231562657731466,33.29078272023534,4121000
2025-10-31,33.044036865234375,33.13286507313919,33.02429684514176,33.13286507313919,10294000
2025-11-03,32.85651397705078,32.945342189430356,32.83677395596376,32.945342189430356,6694000
2025-11-04,32.708465576171875,32.787425660217636,32.69859744817818,32.7775537671999,4778000
2025-11-05,32.94533920288086,33.02429551504738,32.85651099855371,32.85651099855371,6466000
2025-11-06,32.74794387817383,32.836772085493514,32.73807198568062,32.807163938061564,3743000
2025-11-07,32.91572952270508,32.965081456806274,32.91572952270508,32.95520956397645,5590000
2025-11-10,32.678855895996094,32.787424123960015,32.678855895996094,32.75781221131831,5302000
2025-11-11,32.81703186035156,32.846640007598396,32.7972918405124,32.826899987759234,2608000
2025-11-12,33.044036865234375,33.09338503295397,32.88612046951735,32.88612046951735,5570000
2025-11-13,33.044036865234375,33.08351690541959,33.0341687377,33.053908757792605,2309000
2025-11-14,32.83677291870117,32.86638106688441,32.817032898237706,32.86638106688441,3473000
2025-11-17,32.659114837646484,32.71833489602338,32.224845704620456,32.31367390967393,12600000
2025-11-18,32.80716323852539,32.84663951258497,32.73807128761768,32.73807128761768,7680000
2025-11-19,32.76768493652344,32.80716497769969,32.72820489534718,32.76768493652344,5488000
2025-11-20,32.81703186035156,32.85651190002988,32.757811800834084,32.76768369326557,4665000
2025-11-21,32.98481750488281,33.01442941816202,32.935469336116064,32.98481750488281,7557000
2025-11-24,33.22169494628906,33.24143496737115,33.08351856373852,33.08351856373852,6804000
2025-11-25,33.45856857299805,33.45856857299805,33.369740368236954,33.37960849542208,6170000
2025-11-26,33.47830581665039,33.577005916536926,33.468437689173655,33.577005916536926,4200000
2025-11-27,33.616485595703125,33.68557378237029,33.54739740903595,33.55726553640678,6801000
2025-11-28,33.60661315917969,33.655961325282405,33.59674503196864,33.61648505141447,4296000
2025-12-01,33.53752517700195,33.63622527482964,33.53752517700195,33.63622527482964,7539000
2025-12-02,33.428958892822266,33.458570806401745,33.379610723555096,33.428958892822266,2861000
2025-12-03,33.409217834472656,33.44869787466979,33.409217834472656,33.42895785457122,3315000
2025-12-04,33.34012985229492,33.39934991295592,33.32038983207459,33.39934991295592,2349000
2025-12-05,33.34012985229492,33.409218040554144,33.3302617246967,33.36974176513736,1730000
2025-12-08,33.073646545410156,33.27104299045926,33.05391028942688,33.27104299045926,4634000
2025-12-09,33.05390930175781,33.122997490707,33.02429738861965,33.05390930175781,2971000
2025-12-10,33.10325622558594,33.11312435291166,33.02429614688501,33.05390805890975,3789000
2025-12-11,33.31052017211914,33.35000021074364,33.15260378264486,33.15260378264486,4796000
2025-12-12,33.10325622558594,33.221692578613556,33.09338433323643,33.221692578613556,2147000
2025-12-15,32.95520782470703,33.063776049961454,32.90585965823423,33.01442788348865,4705000
2025-12-16,33.08351516723633,33.08351516723633,32.994686963998475,33.00455509101439,4538000
2025-12-17,33.17234420776367,33.201952354582396,33.11312414910247,33.12299604139121,3745000
2025-12-18,33.21182632446289,33.32039079126413,33.18221441076801,33.30065453549953,4833000
2025-12-19,33.25130081176758,33.330260890673095,33.221692664689904,33.221692664689904,2442000
2025-12-22,33.22169494628906,33.24143496737115,33.17234677609588,33.21182681826004,3519000
2025-12-23,33.25130081176758,33.29078085122034,33.24143268441628,33.24143268441628,2610000
2025-12-24,33.23155975341797,33.31051982985566,33.2216916263751,33.31051982985566,4085000
2025-12-26,33.280914306640625,33.33026247579157,33.27104241379605,33.27104241379605,5374000
2025-12-29,33.2907829284668,33.350002991341086,33.2710429075087,33.28091480049976,4222000
2025-12-30,33.20195388793945,33.35000215891785,33.20195388793945,33.290782097521706,4151000
2025-12-31,33.25130081176758,33.271040831493956,33.17234449788585,33.221692664689904,4189000
2026-01-02,33.08351516723633,33.162471478434604,33.063775148180845,33.13286333236321,5589000
2026-01-05,33.063777923583984,33.09338607214072,33.0440379028715,33.063777923583984,7209000
2026-01-06,33.10325622558594,33.26117261796402,33.09338433323643,33.18221253926309,5082000
2026-01-07,33.22169494628906,33.28091500953531,33.21182681826004,33.22169494628906,5396000
2026-01-08,33.44869613647461,33.458568028522826,33.271039729843444,33.271039729843444,6878000
2026-01-09,33.409217834472656,33.42895785457122,33.35000153920081,33.35000153920081,2917000
2026-01-12,33.46843719482422,33.55726540089814,33.448697175138484,33.498045341840935,5944000
2026-01-13,33.55726623535156,33.58687438310453,33.49804617482176,33.51778619499836,7302000
2026-01-14,33.596744537353516,33.66583272188495,33.586872645264066,33.596744537353516,4432000
2026-01-15,33.73492431640625,33.764532465620086,33.66583612489126,33.69544427410509,7166000
2026-01-16,33.70531463623047,33.754662804353394,33.69544274359155,33.734922784099446,5410000
2026-01-19,33.36974334716797,33.695444283684964,33.35987145407784,33.695444283684964,11849000
2026-01-20,33.4388313293457,33.48817949941519,33.36974313824362,33.36974313824362,5266000
2026-01-21,33.35000228881836,33.389482329902904,33.24143405834784,33.24143405834784,11796000
2026-01-22,33.630001068115234,33.650001525878906,33.540000915527344,33.619998931884766,17023000
2026-01-23,33.709999084472656,33.790000915527344,33.689998626708984,33.689998626708984,7766000
2026-01-26,33.529998779296875,33.63999938964844,33.47999954223633,33.63999938964844,13926000
2026-01-27,33.54999923706055,33.58000183105469,33.529998779296875,33.540000915527344,6527000
2026-01-28,33.220001220703125,33.310001373291016,33.20000076293945,33.290000915527344,12365000
2026-01-29,33.130001068115234,33.220001220703125,33.11000061035156,33.220001220703125,9913000
2026-01-30,33.16999816894531,33.20000076293945,33.099998474121094,33.130001068115234,8810000
2026-02-02,33.58000183105469,33.58000183105469,33.380001068115234,33.45000076293945,15333000
2026-02-03,33.400001525878906,33.459999084472656,33.380001068115234,33.439998626708984,5913000
2026-02-04,33.400001525878906,33.43000030517578,33.380001068115234,33.38999938964844,4815000
2026-02-05,33.470001220703125,33.47999954223633,33.400001525878906,33.400001525878906,4571000
2026-02-06,33.599998474121094,33.709999084472656,33.59000015258789,33.630001068115234,5466000
2026-02-09,33.540000915527344,33.59000015258789,33.529998779296875,33.59000015258789,4430000
2026-02-10,33.529998779296875,33.56999969482422,33.4900016784668,33.529998779296875,6434000
2026-02-11,33.58000183105469,33.68000030517578,33.58000183105469,33.66999816894531,5170000
2026-02-23,33.84000015258789,33.91999816894531,33.84000015258789,33.90999984741211,12250000
2026-02-24,33.79999923706055,33.869998931884766,33.790000915527344,33.84000015258789,7812000
2026-02-25,33.70000076293945,33.84000015258789,33.689998626708984,33.77000045776367,9639000
2026-02-26,33.650001525878906,33.720001220703125,33.630001068115234,33.70000076293945,6383000
2026-03-02,33.79999923706055,33.900001525878906,33.65999984741211,33.88999938964844,11240000
2026-03-03,33.72999954223633,33.790000915527344,33.70000076293945,33.790000915527344,9872000
2026-03-04,33.849998474121094,33.90999984741211,33.77000045776367,33.77000045776367,25712000
2026-03-05,33.779998779296875,33.869998931884766,33.779998779296875,33.81999969482422,6611000
2026-03-06,33.81999969482422,33.869998931884766,33.779998779296875,33.849998474121094,10118000
2026-03-09,33.45000076293945,33.650001525878906,33.369998931884766,33.650001525878906,15272000
2026-03-10,33.93000030517578,33.95000076293945,33.75,33.75,19433000
2026-03-11,33.58000183105469,33.70000076293945,33.58000183105469,33.70000076293945,11487000
2026-03-12,33.119998931884766,33.20000076293945,33.08000183105469,33.099998474121094,15958000
2026-03-13,33.060001373291016,33.119998931884766,33.02000045776367,33.04999923706055,9207000
2026-03-16,33.11000061035156,33.15999984741211,33.02000045776367,33.04999923706055,8513000
2026-03-17,32.97999954223633,33.150001525878906,32.97999954223633,33.150001525878906,8496000
2026-03-18,33.36000061035156,33.369998931884766,33.220001220703125,33.2400016784668,7197909
