Price,Close,High,Low,Open,Volume
Ticker,00731.TW,00731.TW,00731.TW,00731.TW,00731.TW
Date,,,,,
2021-03-18,37.84113693237305,37.9121350629339,37.4506566933445,37.4506566933445,280200
2021-03-19,37.4151496887207,37.59264090858342,37.23765846885799,37.59264090858342,282119
2021-03-22,37.66364669799805,37.699144410097965,37.415160004996814,37.415160004996814,272663
2021-03-23,37.7701416015625,37.87663473520899,37.7701416015625,37.87663473520899,264161
2021-03-24,37.69913864135742,37.805634469662955,37.69913864135742,37.805634469662955,271119
2021-03-25,37.912132263183594,37.98312768019979,37.69914059553188,37.69914059553188,285056
2021-03-26,38.19611358642578,38.33810711740979,37.912129232759106,37.912129232759106,271020
2021-03-29,38.62209701538086,38.62209701538086,38.3381099325598,38.3381099325598,288176
2021-03-30,38.90608215332031,38.90608215332031,38.72859090014978,38.79958902639895,27001
2021-03-31,38.90608215332031,39.01257798854327,38.90608215332031,38.90608215332031,269061
2021-04-01,38.90608215332031,39.01257798854327,38.79958902639895,38.97708027956948,264000
2021-04-07,38.94158172607422,39.083575277066906,38.90608401540148,39.083575277066906,270301
2021-04-08,39.01258087158203,39.01258087158203,38.90608502848901,39.01258087158203,273344
2021-04-09,38.977081298828125,39.012579008730185,38.90608317072234,39.012579008730185,271019
2021-04-12,39.261070251464844,39.261070251464844,38.977085830926136,38.977085830926136,278174
2021-04-13,39.08357620239258,39.50955686545597,39.08357620239258,39.438558734127845,281229
2021-04-14,39.1900749206543,39.1900749206543,38.83509236287355,39.0480813558816,274010
2021-04-15,39.616050720214844,39.616050720214844,39.33206631464486,39.33206631464486,261020
2021-04-16,39.97102737426758,39.97102737426758,39.68704301050295,39.68704301050295,279149
2021-04-19,40.71649169921875,40.71649169921875,40.04202711532098,40.04202711532098,275620
2021-04-20,40.78749465942383,41.000483643182584,40.680998813393515,41.000483643182584,294339
2021-04-21,40.75199890136719,40.78749661564586,40.75199890136719,40.78749661564586,269078
2021-04-22,40.680999755859375,41.17797586834461,40.53900619396332,40.85849103115396,313199
2021-04-23,40.50350570678711,40.645499258959106,40.29051673267998,40.61000154799154,278211
2021-04-26,41.10697555541992,41.14247326459906,40.78749075620442,40.78749075620442,284051
2021-04-27,41.14248275756836,41.17798047493803,40.964991462417764,40.964991462417764,278051
2021-04-28,41.14248275756836,41.17798047493803,41.07148461452678,41.14248275756836,265069
2021-04-29,41.14248275756836,41.35547177008863,41.14248275756836,41.14248275756836,267066
2021-05-03,40.92948532104492,41.14247428972834,40.89398490267963,41.14247428972834,294074
2021-05-04,40.361515045166016,40.92948929453034,40.077530628785794,40.92948929453034,286874
2021-05-05,40.75199890136719,41.000485609619844,40.46801177053387,40.46801177053387,279018
2021-05-06,41.31996154785156,41.31996154785156,40.716489701989914,40.716489701989914,323298
2021-05-07,41.568450927734375,41.568450927734375,41.24896613054498,41.319964256754616,282183
2021-05-10,41.95893096923828,42.100924512768515,41.568450755756345,41.6039484645635,297225
2021-05-11,41.071475982666016,41.816941432268216,41.00048056284756,41.816941432268216,301118
2021-05-12,39.50954818725586,41.071468817176594,38.83508098344398,40.75198677542993,343050
2021-05-13,39.296566009521484,39.509557699701396,38.4801077942719,38.622101351624565,287091
2021-05-14,39.65155029296875,39.75804614274331,39.29656773812283,39.29656773812283,281242
2021-05-17,38.40911102294922,39.04808069953511,38.3026178823862,38.338115595907205,312039
2021-05-18,39.793540954589844,40.0065299303046,38.37361083875576,38.37361083875576,314000
2021-05-19,40.18402099609375,40.18402099609375,39.54505407210885,39.616049494228804,266200
2021-05-20,39.86453628540039,40.07752524615546,39.68704503338757,40.00652712036939,269098
2021-05-21,40.18402099609375,40.751995206260446,39.86453888825218,39.86453888825218,285008
2021-05-24,40.14851760864258,40.25501343506738,40.11301990260144,40.14851760864258,267002
2021-05-25,40.538997650146484,40.57449806436504,40.219515588590376,40.219515588590376,261202
2021-05-26,40.538997650146484,40.57449806436504,40.32600870634196,40.468002238312096,263448
2021-05-27,40.21951675415039,40.21951675415039,39.86453426808834,40.184016338903035,267219
2021-05-28,40.64550018310547,40.680997894880136,40.53900433947967,40.53900433947967,263052
2021-05-31,40.96498107910156,41.000478787473696,40.7519921205672,40.7519921205672,265000
2021-06-01,41.177974700927734,41.177974700927734,41.00048343066511,41.00048343066511,261052
2021-06-02,41.24897003173828,41.390963589285256,41.10697918249315,41.24897003173828,280949
2021-06-03,41.24897003173828,41.461961722209665,41.24897003173828,41.24897003173828,264018
2021-06-04,41.14248275756836,41.14248275756836,41.14248275756836,41.14248275756836,4018
2021-06-07,41.071475982666016,41.14247411078615,40.39701136948561,41.14247411078615,290066
2021-06-08,40.85849380493164,40.964989660658894,40.82299608912326,40.964989660658894,260051
2021-06-09,40.680999755859375,40.7874956043569,40.680999755859375,40.7874956043569,265401
2021-06-10,40.85849380493164,40.85849380493164,40.68100251758763,40.7520006575065,266100
2021-06-11,40.85849380493164,40.89399152074002,40.85849380493164,40.85849380493164,253018
2021-06-15,40.78749465942383,40.858490084576125,40.680998813393515,40.680998813393515,268371
2021-06-16,40.89398193359375,40.89398193359375,40.680992980374285,40.680992980374285,259066
2021-06-17,40.8229866027832,40.89398201790223,40.71649077180317,40.71649077180317,255283
2021-06-18,40.6099967956543,40.680992209281264,40.6099967956543,40.645494502467784,264155
2021-06-21,40.18402099609375,40.539003523297055,39.971032021432116,40.539003523297055,269268
2021-06-22,40.361515045166016,40.46801089399732,40.32601733165623,40.361515045166016,256097
2021-06-23,40.6099967956543,40.680992209281264,40.36150743135704,40.36150743135704,266001
2021-06-24,40.71649169921875,40.71649169921875,40.60999857411457,40.60999857411457,11000
2021-06-25,40.71649169921875,40.8939829493606,40.71649169921875,40.71649169921875,274312
2021-06-28,41.0004768371582,41.0004768371582,40.716489767086756,40.716489767086756,18101
2021-06-29,40.71649169921875,40.822987532624474,40.60999857411457,40.822987532624474,261000
2021-06-30,40.96498107910156,41.07147420421797,40.78748982893934,40.78748982893934,261000
2021-07-01,40.8229866027832,40.89398201790223,40.751991187664174,40.8229866027832,262070
2021-07-02,40.78749465942383,40.96498593060644,40.78749465942383,40.96498593060644,254010
2021-07-05,41.10697555541992,41.1779709737782,40.893983883741846,41.00047971958088,265248
2021-07-06,41.213470458984375,41.248968169693235,41.03597919713836,41.1069773268578,258000
2021-07-07,41.0004768371582,41.0004768371582,41.0004768371582,41.0004768371582,251187
2021-07-08,41.28446578979492,41.39095891470172,41.142472248284314,41.142472248284314,261051
2021-07-09,40.8229866027832,41.284464925961345,40.8229866027832,41.284464925961345,254066
2021-07-12,41.213470458984375,41.74594424452242,41.213470458984375,41.28446858870382,259357
2021-07-13,41.31996154785156,41.31996154785156,41.21346571966968,41.28446384122474,260035
2021-07-14,41.46196365356445,41.46196365356445,41.31997008940323,41.31997008940323,253000
2021-07-15,41.568450927734375,41.63944905394401,41.39095967466267,41.39095967466267,257000
2021-07-16,41.95893096923828,41.994431386347024,41.568450755756345,41.568450755756345,263047
2021-07-19,41.852439880371094,41.852439880371094,41.67494861939268,41.816942169835755,257018
2021-07-20,41.532958984375,41.532958984375,41.46196355661139,41.532958984375,256092
2021-07-21,41.49745559692383,41.53295330595236,41.49745559692383,41.53295330595236,254025
2021-07-22,41.781436920166016,41.781436920166016,41.74593921373497,41.74593921373497,268065
2021-07-23,41.852439880371094,41.852439880371094,41.816942169835755,41.852439880371094,256095
2021-07-26,41.63945388793945,41.9944364352934,41.60395346656253,41.9944364352934,256116
2021-07-27,41.46196365356445,41.46196365356445,41.31997008940323,41.39096551733285,269010
2021-07-28,41.31996154785156,41.31996154785156,40.92948135835368,41.14247030641603,269117
2021-07-29,41.710445404052734,41.710445404052734,41.248967052431915,41.248967052431915,255017
2021-07-30,41.603946685791016,41.603946685791016,41.603946685791016,41.603946685791016,251035
2021-08-02,41.852439880371094,41.852439880371094,41.60395049002029,41.67494861939268,256060
2021-08-03,41.81694030761719,41.81694030761719,41.63944905454292,41.63944905454292,253213
2021-08-04,41.781436920166016,41.781436920166016,41.74593921373497,41.74593921373497,252000
2021-08-05,41.781436920166016,41.781436920166016,41.74593921373497,41.74593921373497,251047
2021-08-06,41.781436920166016,41.781436920166016,41.67494380087289,41.781436920166016,264000
2021-08-09,41.710445404052734,41.710445404052734,41.532954147014216,41.532954147014216,283068
2021-08-10,41.710445404052734,41.710445404052734,41.42645830947044,41.42645830947044,255019
2021-08-11,41.710445404052734,41.710445404052734,41.710445404052734,41.710445404052734,250000
2021-08-12,41.532958984375,41.56845669825681,41.426463134427614,41.56845669825681,256255
2021-08-13,41.532958984375,41.532958984375,41.24897185671661,41.24897185671661,252104
2021-08-16,41.213470458984375,41.35546401012153,40.96498377572065,41.35546401012153,261000
2021-08-17,41.0004768371582,41.10697266551035,40.85848330212248,40.85848330212248,255018
2021-08-18,41.213470458984375,41.213470458984375,40.858487935292345,40.893985646001205,257000
2021-08-19,40.574501037597656,40.574501037597656,40.50350291225928,40.53900062077769,260000
2021-08-20,40.50350570678711,40.61000154799154,40.18402089147555,40.61000154799154,266050
2021-08-23,41.0004768371582,41.0004768371582,40.680992060403184,40.680992060403184,256061
2021-08-24,41.24897003173828,41.24897003173828,41.177974607115715,41.177974607115715,256000
2021-08-25,41.39095687866211,41.426454585218224,41.28446375899375,41.426454585218224,253150
2021-08-26,41.63945388793945,41.63945388793945,41.355466766735525,41.39096447981054,259000
2021-08-27,41.95893096923828,41.95893096923828,41.816940134009634,41.816940134009634,259200
2021-08-30,42.49140167236328,42.49140167236328,42.10092148694543,42.10092148694543,18334
2021-08-31,42.70439910888672,42.70439910888672,42.31391616229417,42.31391616229417,514190
2021-09-01,42.597900390625,42.668895807955415,42.491404556327815,42.491404556327815,270360
2021-09-02,42.20742416381836,42.49140856825464,42.029932895432495,42.49140856825464,255030
2021-09-03,42.70439910888672,42.70439910888672,42.20742302910673,42.20742302910673,277081
2021-09-06,42.633399963378906,42.704398092115184,42.526906832727015,42.526906832727015,256183
2021-09-07,42.597900390625,42.597900390625,42.31391330470021,42.562402681959796,257017
2021-09-08,42.27841567993164,42.56240276641998,42.27841567993164,42.56240276641998,254050
2021-09-09,42.27841567993164,42.27841567993164,42.24291797119599,42.24291797119599,254150
2021-09-10,42.384910583496094,42.455905999408046,42.31391245928263,42.31391245928263,255000
2021-09-13,42.775394439697266,42.95288570293252,42.49140733520015,42.49140733520015,257239
2021-09-14,43.130374908447266,43.130374908447266,43.023879072266254,43.023879072266254,253000
2021-09-15,43.130374908447266,43.130374908447266,42.95288365368,43.023879072266254,261000
2021-09-16,43.30786895751953,43.30786895751953,43.1658754028837,43.27237124593602,268000
2021-09-17,43.23687744140625,43.23687744140625,43.23687744140625,43.23687744140625,250008
2021-09-22,42.384910583496094,42.42040829145207,42.207419335414706,42.24291704337068,262000
2021-09-23,42.84638977050781,42.84638977050781,42.81089205959663,42.84638977050781,254248
2021-09-24,43.05937576293945,43.05937576293945,42.98837764219668,42.98837764219668,251050
2021-09-27,43.201377868652344,43.37886915440408,43.13038243767248,43.13038243767248,259098
2021-09-28,43.23687744140625,43.23687744140625,43.02388573605484,43.02388573605484,255000
2021-09-29,42.917388916015625,43.20137331832556,42.917388916015625,43.20137331832556,252000
2021-09-30,42.952884674072266,42.952884674072266,42.81089112522491,42.81089112522491,8000
2021-10-01,42.34941864013672,42.384916352924634,42.34941864013672,42.34941864013672,255055
2021-10-04,42.49140167236328,42.49140167236328,42.42040625985145,42.49140167236328,254213
2021-10-05,42.597900390625,42.597900390625,42.278415596035,42.491404556327815,258046
2021-10-06,42.952884674072266,42.952884674072266,42.63339986624114,42.70439799481566,259136
2021-10-07,43.27237319946289,43.27237319946289,43.27237319946289,43.27237319946289,250000
2021-10-08,43.09487533569336,43.27236658278576,43.09487533569336,43.27236658278576,256049
2021-10-12,42.84638977050781,42.84638977050781,42.70439892686311,42.70439892686311,253063
2021-10-13,42.810890197753906,43.02387916225982,42.704397069651755,43.02387916225982,256249
2021-10-14,42.739898681640625,42.98838537820348,42.739898681640625,42.98838537820348,252000
2021-10-15,43.02388381958008,43.16587738072198,42.95288839316009,42.95288839316009,258000
2021-10-18,43.37886047363281,43.485356307093255,43.165871515013485,43.485356307093255,257180
2021-10-19,43.23687744140625,43.23687744140625,43.23687744140625,43.23687744140625,250100
2021-10-20,43.130374908447266,43.23687074462828,43.130374908447266,43.23687074462828,252022
2021-10-21,43.201377868652344,43.27237600793429,43.201377868652344,43.27237600793429,252022
2021-10-22,43.201377868652344,43.201377868652344,43.201377868652344,43.201377868652344,256000
2021-10-25,43.23687744140625,43.4143687236644,43.16587930352177,43.16587930352177,265273
2021-10-26,43.6628532409668,43.698350953973865,43.520859680636605,43.55635739364367,1015000
2021-10-27,43.591854095458984,43.591854095458984,43.343364709008135,43.343364709008135,1010680
2021-10-28,43.37886047363281,43.37886047363281,43.34336276524652,43.34336276524652,1003017
2021-10-29,43.201377868652344,43.37886915440408,43.059387006692624,43.37886915440408,1009463
2021-11-01,43.201377868652344,43.201377868652344,43.0238865829006,43.16588015316241,1027364
2021-11-02,43.02388381958008,43.20137509393198,43.02388381958008,43.20137509393198,1027057
2021-11-03,43.165870666503906,43.27236649787096,43.059377543438345,43.27236649787096,1008192
2021-11-04,43.201377868652344,43.44986729368603,43.201377868652344,43.44986729368603,1016017
2021-11-05,43.23687744140625,43.307872870988696,43.02388573605484,43.307872870988696,1067017
2021-11-08,43.733848571777344,43.733848571777344,43.307870600015974,43.307870600015974,1107642
2021-11-09,43.6628532409668,43.80484680129698,43.62735552795972,43.80484680129698,1164254
2021-11-10,44.1953239440918,44.23082165459539,44.017832683272154,44.017832683272154,3029500
2021-11-11,44.0178337097168,44.51480979326105,43.80484473342691,44.4793120819297,3728232
2021-11-12,43.94683074951172,44.159819689270805,43.84033492548153,44.08882157048357,3752990
2021-11-15,44.86979293823242,44.97628607368624,44.23082329230228,44.23082329230228,3588070
2021-11-16,45.970237731933594,46.00573815164987,45.22477495902206,45.22477495902206,4137431
2021-11-17,47.30105972290039,47.64327053804611,46.00826492176773,46.76873211055728,2627620
2021-11-18,44.905582427978516,45.247793208908526,44.6013973234477,44.86755965253114,6660426
2021-11-19,44.487327575683594,45.13372348264182,44.37325634459595,44.94360669813035,2443864
2021-11-22,44.411277770996094,44.601394537308664,44.18313533065971,44.487323317140465,1530688
2021-11-23,44.107093811035156,44.41128182528512,44.069071034491884,44.41128182528512,1707943
2021-11-24,44.411277770996094,44.411277770996094,44.22116100468353,44.22116100468353,1312100
2021-11-25,44.335227966308594,44.56336749870748,44.22115965058493,44.4873219548917,1317243
2021-11-26,43.68883514404297,44.33523101376279,43.68883514404297,44.33523101376279,2105993
2021-11-29,43.498714447021484,43.65080843234056,43.11848093419953,43.34662046170241,1570300
2021-11-30,43.65081024169922,43.878949778658644,43.65081024169922,43.726855787035156,1366811
2021-12-01,43.95500183105469,43.993024609351515,43.49872268958867,43.57476824618232,1230501
2021-12-02,43.80290603637695,43.95500004433386,43.61278925166881,43.95500004433386,1157646
2021-12-03,43.95500183105469,43.993024609351515,43.8409334961642,43.8409334961642,1115947
2021-12-06,44.06907272338867,44.14511827938957,43.8029074754815,43.95500148843531,891676
2021-12-07,44.297210693359375,44.37325624661528,43.87895434854808,44.06907113263975,1247727
2021-12-08,44.44929885864258,44.52534440190346,44.33522764279973,44.48732163027302,1178313
2021-12-09,44.44929885864258,44.563367173533905,44.373250414430174,44.373250414430174,1202063
2021-12-10,44.52534866333008,44.60139711482092,44.373254661300194,44.41128033752152,1207389
2021-12-13,44.67744064331055,44.82953463845683,44.63941786976189,44.79151186490817,1375436
2021-12-14,44.335227966308594,44.677438715382685,44.29720519440071,44.677438715382685,1297618
2021-12-15,44.335227966308594,44.4873219548917,44.25918242249282,44.4873219548917,1100217
2021-12-16,44.44929885864258,44.563367173533905,44.29720487116929,44.563367173533905,1235949
2021-12-17,44.411277770996094,44.52534609021266,44.259183777755716,44.37325209697227,1175262
2021-12-20,44.145118713378906,44.41128396390275,43.993024698929865,44.41128396390275,1541301
2021-12-21,44.297210693359375,44.33523346998732,44.107093909267704,44.14511668589565,1142131
2021-12-22,44.259185791015625,44.41127979117445,44.259185791015625,44.297208565817385,1097699
2021-12-23,44.37325668334961,44.411282361303726,44.25918835234306,44.25918835234306,1148688
2021-12-24,44.52534866333008,44.639419890090444,44.41128033752152,44.41128033752152,1134057
2021-12-27,44.63942337036133,44.67744614859526,44.48732935647357,44.525352134707504,1249293
2021-12-28,44.8675537109375,44.8675537109375,44.67743695792505,44.67743695792505,1364261
2021-12-29,45.28580856323242,45.32383133244889,44.90557506916506,44.90557506916506,1282827
2021-12-30,45.1717529296875,45.28582126934173,45.09570446896586,45.28582126934173,1201467
2022-01-03,44.943603515625,45.36186273269437,44.867557967586045,45.247791509684234,1320216
2022-01-04,44.8675537109375,45.01964769353775,44.7915081701131,44.8675537109375,1307115
2022-01-05,44.943603515625,44.98162919059619,44.867557967586045,44.867557967586045,1177934
2022-01-06,45.019649505615234,45.133717821443184,44.867555516893084,44.943601060778384,1211800
2022-01-07,45.057682037353516,45.28582161937753,44.867565235508145,45.133727597710795,1560224
2022-01-10,45.133724212646484,45.17174989092534,44.905584647733114,45.095701435319576,1218445
2022-01-11,45.818138122558594,46.00825487825386,45.13371664167506,45.17174231357529,1728732
2022-01-12,46.16035079956055,46.16035079956055,45.818140044762046,45.89418558984989,1339203
2022-01-13,46.84477233886719,46.84477233886719,46.31244768804625,46.31244768804625,1587149
2022-01-14,46.61663055419922,47.07291253425851,46.38849101464539,47.07291253425851,1652589
2022-01-17,46.388492584228516,46.6926805812271,46.31244703545474,46.61663213150159,1065255
2022-01-18,46.50257110595703,46.57861666666459,46.38849986394351,46.38849986394351,1163414
2022-01-19,46.1983757019043,46.5025636981823,46.084304478062116,46.5025636981823,1401490
2022-01-20,46.31245040893555,46.35047318609208,46.0462851669359,46.08430794409244,1025346
2022-01-21,45.70407485961914,46.08430843715658,45.399889738160375,46.08430843715658,1556280
2022-01-24,45.856163024902344,45.856163024902344,45.20976718587455,45.62802348765439,1320651
2022-01-25,45.28580856323242,45.51394807948257,45.17174025558302,45.51394807948257,1213104
2022-01-26,45.43790817260742,45.81814171380079,45.24779140201074,45.285814175939734,1195030
2022-02-07,46.388492584228516,46.388492584228516,45.437908719797605,45.437908719797605,1297891
2022-02-08,46.61663055419922,46.654653327299584,46.27441979439266,46.27441979439266,1387169
2022-02-09,46.76873016357422,46.844775718906554,46.54059059662523,46.69268460824188,1324016
2022-02-10,46.76873016357422,46.80675294124038,46.54059059662523,46.80675294124038,1209384
2022-02-11,46.8067512512207,46.8067512512207,46.42651768638389,46.616634468802296,1172666
2022-02-14,46.50257110595703,46.54059388631081,46.23640584157621,46.38849986394351,1135707
2022-02-15,46.388492584228516,46.6926805812271,46.388492584228516,46.388492584228516,1080542
2022-02-16,46.73070526123047,46.768728037167875,46.54058848059157,46.69268248529306,1308097
2022-02-17,46.92082214355469,46.99686769559431,46.69268258648397,46.69268258648397,1222573
2022-02-18,46.99686813354492,47.03489090991905,46.730705797974096,46.88279980442252,1132791
2022-02-21,46.99686813354492,47.03489090991905,46.730705797974096,46.99686813354492,1112181
2022-02-22,46.61663055419922,46.99686408710615,46.23639702129229,46.95884131400578,1210290
2022-02-23,46.84477233886719,46.88279801474164,46.61663278837939,46.61663278837939,1062528
2022-02-24,46.0462760925293,46.654649109996754,45.9322077835393,46.654649109996754,1305500
2022-02-25,46.12232971191406,46.388492030396314,45.70407049579667,46.04628126309649,1154417
2022-03-01,46.61663055419922,46.692679001351586,46.08430302793919,46.122328701991194,1147640
2022-03-02,46.61663055419922,46.61663055419922,46.38849101464539,46.54058500799849,1048711
2022-03-03,46.76873016357422,46.76873016357422,46.57861337429139,46.73070738590805,1087964
2022-03-04,46.23639678955078,46.54058477473236,46.23639678955078,46.54058477473236,1111881
2022-03-07,45.24778747558594,46.00825449198234,44.90557673801727,45.58999821315461,1255738
2022-03-08,44.56337356567383,45.05767837062688,44.37325677929988,45.05767837062688,1281670
2022-03-09,44.943603515625,45.01965196461566,44.79151241954709,44.905580741605526,1093180
2022-03-10,45.78011703491211,45.78011703491211,45.62802304457321,45.62802304457321,1144488
2022-03-11,45.628028869628906,45.78012287938473,45.55198331522697,45.590006092427934,1057291
2022-03-14,45.818138122558594,45.932209336356344,45.70406690876084,45.932209336356344,1033993
2022-03-15,45.70407485961914,45.85616887082451,45.51395807085042,45.62802930449244,1048677
2022-03-16,46.08430862426758,46.19837985837275,45.8181462792915,45.97024029111439,1098550
2022-03-17,46.57860565185547,46.76872240961815,46.388488894092795,46.54058288049324,989694
2022-03-18,46.73070526123047,46.920822041869364,46.69268248529306,46.69268248529306,1475559
2022-03-21,46.92082214355469,46.99686769559431,46.76872813852359,46.76872813852359,1187324
2022-03-22,46.84477233886719,46.920820789664305,46.76872678902185,46.84477233886719,1075558
2022-03-23,47.30105972290039,47.30105972290039,46.95884890775467,46.95884890775467,1355092
2022-03-24,47.33907699584961,47.33907699584961,47.14896022076587,47.26303144619682,1455272
2022-03-25,47.11093521118164,47.339074750269724,47.03488676418453,47.339074750269724,1046108
2022-03-28,47.22500991821289,47.26303559733086,46.73070800015148,46.806753556483386,1188354
2022-03-29,47.072914123535156,47.26303089640735,47.072914123535156,47.14895967230334,1068162
2022-03-30,47.453147888183594,47.49117066274309,47.07291434068517,47.07291434068517,1294980
2022-03-31,47.56721878051758,47.71931278792046,47.37710199650196,47.45315045067935,1129058
2022-04-01,47.6052360534668,47.6052360534668,47.186979757177625,47.186979757177625,1164844
2022-04-06,48.061527252197266,48.061527252197266,47.41512839657527,47.6052451951196,1206631
2022-04-07,47.6052360534668,48.09954079514137,47.6052360534668,47.79535281550293,1242294
2022-04-08,47.871402740478516,47.90942551387062,47.529191978046256,47.681285972566336,1076411
2022-04-11,47.79535675048828,48.09954475517048,47.52919442210521,47.985473528176705,1237010
2022-04-12,47.64326477050781,47.68128754515396,47.567216320263775,47.60523909490992,1133556
2022-04-13,47.90943145751953,47.94745423562875,47.64326910980301,47.94745423562875,1155017
2022-04-14,47.64326477050781,47.90942709398257,47.491170770971486,47.90942709398257,1088435
2022-04-15,47.415122985839844,47.491171437150655,47.18698343381102,47.415122985839844,1071074
2022-04-18,46.958839416503906,47.3010501624825,46.692677114604734,47.3010501624825,1143826
2022-04-19,47.034889221191406,47.26303167314882,47.034889221191406,47.14896044717011,1036114
2022-04-20,47.22500991821289,47.301058375496815,46.88280201376731,46.99687034826516,1095905
2022-04-21,47.186981201171875,47.26302964888447,47.072912881030476,47.225003974552344,1067880
2022-04-22,47.33907699584961,47.33907699584961,46.844772220251194,47.03488899533493,1089231
2022-04-25,46.92082214355469,47.07291614858579,46.61663413349249,47.03489047161412,1066456
2022-04-26,47.22500991821289,47.301058375496815,46.920824791933256,46.920824791933256,1045626
2022-04-27,46.692684173583984,46.996869293033676,46.54059016338316,46.996869293033676,1170659
2022-04-28,46.61663055419922,46.654653327299584,46.38849101464539,46.61663055419922,1042450
2022-04-29,46.92082214355469,46.958844919574496,46.73070536250378,46.73070536250378,1028864
2022-05-03,46.6546516418457,46.9968623892895,46.502560554938704,46.9968623892895,1036376
2022-05-04,46.57860565185547,46.65465119457994,46.54058288049324,46.65465119457994,1073665
2022-05-05,46.540584564208984,46.730701328849584,46.46453611778178,46.730701328849584,1068859
2022-05-06,46.16035079956055,46.198373572104465,45.78011727221812,45.970234035889334,1049070
2022-05-09,45.24778747558594,45.66604375441367,45.17174193432688,45.66604375441367,1089447
2022-05-10,45.3238410949707,45.3238410949707,44.6394223988,44.829539186783855,1116386
2022-05-11,44.82953643798828,45.05767598938977,44.79151366291333,45.05767598938977,1076368
2022-05-12,43.84092712402344,44.94360203912133,43.84092712402344,44.94360203912133,1139611
2022-05-13,43.95500183105469,43.993024609351515,43.76488503861851,43.993024609351515,1040578
2022-05-16,43.91697311401367,44.14511265389614,43.57476235371414,44.14511265389614,1061059
2022-05-17,43.84092712402344,43.9930182151048,43.80290145030148,43.9930182151048,1025606
2022-05-18,44.37325668334961,44.411282361303726,43.802906325461045,44.25918835234306,1025051
2022-05-19,43.764888763427734,43.8789600089788,43.5747719548108,43.8789600089788,1042598
2022-05-20,43.95500183105469,44.03105028860038,43.76488503861851,43.76488503861851,1125457
2022-05-23,44.06907272338867,44.29721229234338,43.764884697481044,44.29721229234338,1078382
2022-05-24,43.84092712402344,44.107089434367424,43.80290145030148,44.069066661597084,1040649
2022-05-25,44.06907272338867,44.06907272338867,43.688839141480145,43.8029074754815,1014698
2022-05-26,44.145118713378906,44.2591899494537,44.031050378256154,44.10709593500466,1080932
2022-05-27,44.52534866333008,44.52534866333008,44.10709233346175,44.14511510873127,1070287
2022-05-30,45.057682037353516,45.057682037353516,44.8295424553295,44.867565235508145,1090537
2022-05-31,45.095699310302734,45.095699310302734,44.75348852858249,45.05767653476755,1162892
2022-06-01,44.943603515625,45.13372028667409,44.943603515625,45.09569751265462,1068219
2022-06-02,44.8675537109375,44.905576481349705,44.67743695792505,44.8675537109375,1020539
2022-06-06,44.943603515625,45.01965196461566,44.63941842251747,44.79151241954709,1021374
2022-06-07,44.82953643798828,44.86755921306323,44.67744243673669,44.75348798688659,1033745
2022-06-08,45.019649505615234,45.095695049500534,44.905578288835734,44.905578288835734,1083977
2022-06-09,44.7915153503418,44.82953812684918,44.71546689637514,44.82953812684918,1017503
2022-06-10,44.63942337036133,44.71546892682919,44.373258120819756,44.48732935647357,1033318
2022-06-13,44.06907272338867,44.5253518612981,43.87895593243441,44.5253518612981,1078834
2022-06-14,44.107093811035156,44.25918781816014,43.726860243698646,43.95499980391018,1040114
2022-06-15,44.335227966308594,44.335227966308594,44.14511120581761,44.14511120581761,1117379
2022-06-16,44.107093811035156,44.639421385496654,44.107093811035156,44.56337293145821,1133456
2022-06-17,43.764888763427734,43.8789600089788,43.5747719548108,43.8789600089788,1227055
2022-06-20,43.27058029174805,44.03104741180722,43.23255461498361,44.03104741180722,1038866
2022-06-21,44.183135986328125,44.25918443455268,43.61278567892655,43.61278567892655,1015522
2022-06-22,43.84092712402344,44.183134979908104,43.72685590476081,44.107089434367424,1018283
2022-06-23,44.03104019165039,44.259179710067734,43.76487500270402,44.18313126996104,1193707
2022-06-24,44.335227966308594,44.44929918298381,44.22115965058493,44.335227966308594,1029215
2022-06-27,44.67744064331055,44.7154634168592,44.44930110106695,44.44930110106695,1045361
2022-06-28,44.37325668334961,44.63942192426877,44.25918835234306,44.63942192426877,1108378
2022-06-29,44.22115707397461,44.37324815274436,44.031040324561054,44.37324815274436,1026213
2022-06-30,43.536739349365234,43.84092733489429,43.422668129553934,43.84092733489429,1044974
2022-07-01,43.11848831176758,43.53674466724504,43.11848831176758,43.53674466724504,1047958
2022-07-04,43.15651321411133,43.49872403124184,42.96639641581128,43.27058445347221,1211341
2022-07-05,43.34662628173828,43.53674306367573,42.966392717863386,43.53674306367573,1133652
2022-07-06,42.662200927734375,43.19452845020064,42.5861553820756,43.19452845020064,1118733
2022-07-07,42.92836380004883,43.00440934156347,42.47208184810656,42.47208184810656,1050276
2022-07-08,42.890342712402344,43.15650501909987,42.738248722453086,43.04243380140003,1040846
2022-07-11,42.73825454711914,42.89034855779683,42.586160536441454,42.89034855779683,1079835
2022-07-12,42.16790008544922,42.66220194593174,41.97778331581325,42.66220194593174,1092636
2022-07-13,43.00441360473633,43.00441360473633,42.73825128209803,42.81429683115133,1439867
2022-07-14,42.73825454711914,42.89034855779683,42.73825454711914,42.89034855779683,1030238
2022-07-15,42.35801696777344,42.62417928559122,42.35801696777344,42.62417928559122,1044638
2022-07-18,42.58615493774414,42.66220048260948,42.28196695637962,42.5101093928788,1048369
2022-07-19,42.662200927734375,42.70022660151538,42.54813260924622,42.5861553820756,1036579
2022-07-20,42.70022964477539,43.004414750041484,42.70022964477539,42.966391974502194,1113975
2022-07-21,42.890342712402344,42.890342712402344,42.54813196025441,42.58615473250383,1053193
2022-07-22,43.11848831176758,43.11848831176758,42.70023195629012,42.70023195629012,1170051
2022-07-25,43.34662628173828,43.49872028747861,43.0044154940605,43.118486723603716,1127204
2022-07-26,43.384647369384766,43.384647369384766,43.30860181995027,43.34662459466752,1037256
2022-07-27,43.498714447021484,43.57475998920528,43.34662046170241,43.42266600388621,1061468
2022-07-28,43.68883514404297,43.72685791856441,43.61278669404833,43.72685791856441,1021579
2022-07-29,43.80290603637695,43.91697726758261,43.764883259625705,43.91697726758261,1115851
2022-08-01,43.993019104003906,43.993019104003906,43.72685678828199,43.80290233535921,1017370
2022-08-02,43.72685623168945,43.802901777798695,43.53673946546471,43.612785011573955,1014985
2022-08-03,43.574771881103516,43.72686590793025,43.498726318166284,43.72686590793025,1035375
2022-08-04,43.574771881103516,43.574771881103516,43.308609509870934,43.5367490996349,1097248
2022-08-05,44.06907272338867,44.10709550138912,43.87895593243441,43.87895593243441,1071100
2022-08-08,44.183135986328125,44.183135986328125,43.84092812264852,44.14511321269169,1031421
2022-08-09,44.60139846801758,44.60139846801758,44.069070895238184,44.1070936716613,1048147
2022-08-10,44.67744064331055,44.7154634168592,44.487323874615605,44.487323874615605,1015083
2022-08-11,45.24778747558594,45.28581024621547,44.867553967387735,44.867553967387735,1091262
2022-08-12,45.133724212646484,45.17174989092534,45.057678657992675,45.17174989092534,1078743
2022-08-15,45.133724212646484,45.20977266825224,45.057678657992675,45.20977266825224,1227291
2022-08-16,45.133724212646484,45.133724212646484,44.905584647733114,45.133724212646484,1066533
2022-08-17,45.133724212646484,45.133724212646484,45.057678657992675,45.095701435319576,1030947
2022-08-18,45.019649505615234,45.019649505615234,44.981626733672584,44.981626733672584,1021369
2022-08-19,45.095699310302734,45.095699310302734,44.9436053072102,44.9436053072102,1028047
2022-08-22,44.943603515625,45.057674738635136,44.71546397055643,45.057674738635136,184000
2022-08-23,44.67744064331055,45.057674180700424,44.67744064331055,45.057674180700424,1025973
2022-08-24,44.56337356567383,44.753490352047784,44.48732801150503,44.67744479787898,1219532
2022-08-25,44.7154655456543,44.86755954804141,44.7154655456543,44.86755954804141,1051123
2022-08-26,44.943603515625,45.01965196461566,44.867557967586045,44.943603515625,1039853
2022-08-29,44.44929885864258,44.753483932637636,44.2211593279084,44.753483932637636,1118154
2022-08-30,44.52534866333008,44.639419890090444,44.259186335491634,44.449303112791036,1028700
2022-08-31,44.63942337036133,44.63942337036133,44.373258120819756,44.373258120819756,1015827
2022-09-01,44.183135986328125,44.33522998182555,43.95499644355783,44.33522998182555,1059625
2022-09-02,44.03104019165039,44.107085730805714,43.954991751543695,44.06906296122805,1012512
2022-09-05,44.297210693359375,44.41128192419514,44.06907113263975,44.183139462523606,1026899
2022-09-06,44.411277770996094,44.487323317140465,44.33522932390009,44.33522932390009,1086843
2022-09-07,43.91697311401367,44.031044334430725,43.87895034085853,43.99301866032395,1103529
2022-09-08,44.297210693359375,44.297210693359375,44.031048356011794,44.06907113263975,1027605
2022-09-12,44.63942337036133,44.71546892682919,44.525352134707504,44.63942337036133,1089647
2022-09-13,44.7154655456543,44.86755954804141,44.639419994936645,44.79151399732376,1075560
2022-09-14,44.183135986328125,44.33522998182555,43.993019217194266,44.183135986328125,1034087
2022-09-15,44.297210693359375,44.41128192419514,43.993022678431934,44.25918791673142,1034000
2022-09-16,44.107093811035156,44.41128182528512,43.95499980391018,44.41128182528512,1094193
2022-09-19,43.91697311401367,44.183135427051276,43.80290189359661,44.183135427051276,1154707
2022-09-20,44.03104019165039,44.06906296122805,43.87894621238837,44.06906296122805,1042953
2022-09-21,43.80290603637695,44.031048498788266,43.65081492937197,44.031048498788266,1116500
2022-09-22,43.15651321411133,43.42267557135055,42.96639641581128,43.34663001241138,733287
2022-09-23,43.19453430175781,43.42267387059179,43.00441751090417,43.42267387059179,1109499
2022-09-26,42.852317810058594,43.004411802743824,42.58615549857316,43.004411802743824,1134213
2022-09-27,42.662200927734375,43.04243445793148,42.472084162635824,42.852317692832926,1194049
2022-09-28,42.16790008544922,42.85231871556771,41.97778331581325,42.814295941830856,1160550
2022-09-29,42.20592498779297,42.31999621570828,42.05383098422317,42.31999621570828,1050868
2022-09-30,41.86371994018555,41.97779118372823,41.78767437845858,41.97779118372823,1122317
2022-10-03,41.483482360839844,41.63557637069488,41.407436806388304,41.63557637069488,1069933
2022-10-04,41.8256950378418,41.8256950378418,41.52150700445848,41.8256950378418,1020184
2022-10-05,42.015804290771484,42.167898280159164,41.90173307349284,41.90173307349284,1085101
2022-10-06,42.09185028076172,42.20592149924843,41.9777819632266,42.05382750825001,1040772
2022-10-07,41.78767013549805,41.863715689503636,41.74964735849525,41.82569291250084,578466
2022-10-11,41.065223693847656,41.445457246568466,40.951152467650694,41.445457246568466,1108356
2022-10-12,41.217323303222656,41.25534608347782,40.79906691851147,40.79906691851147,1571920
2022-10-13,40.608943939208984,41.14126858371313,40.49487271484281,41.14126858371313,1122797
2022-10-14,40.7230110168457,41.02719900521543,40.7230110168457,41.02719900521543,611508
2022-10-17,40.494873046875,40.57091859644148,40.22871072244057,40.57091859644148,1546560
2022-10-18,40.456851959228516,40.761037071131355,40.342780729170016,40.761037071131355,1038566
2022-10-19,40.380802154541016,40.76103570741222,40.30475660434749,40.45685060568633,1067966
2022-10-20,40.11464309692383,40.11464309692383,39.54429272113818,40.000571861385886,1039594
2022-10-21,40.11464309692383,40.22871433246176,40.000571861385886,40.11464309692383,1038389
2022-10-24,40.22871017456055,40.45684972110468,40.11463895081262,40.45684972110468,1009028
2022-10-25,40.11464309692383,40.494876680780926,39.848480748604665,40.494876680780926,1021110
2022-10-26,40.494873046875,40.57091859644148,40.11463949713909,40.11463949713909,1024949
2022-10-27,40.608943939208984,40.875106261461056,40.49487271484281,40.608943939208984,1035331
2022-10-28,40.456851959228516,40.761037071131355,40.304757952801154,40.60894596565588,1073836
2022-10-31,40.76102828979492,40.799053958923636,40.53288877977897,40.53288877977897,1076866
2022-11-01,40.76102828979492,40.91312226345598,40.646959985262576,40.646959985262576,1095619
2022-11-02,40.76102828979492,40.799053958923636,40.646959985262576,40.76102828979492,1084877
2022-11-03,40.418827056884766,40.646966604050036,40.30475583282626,40.646966604050036,1128230
2022-11-04,40.7990608215332,40.7990608215332,40.190684824557046,40.45685004847205,1177891
2022-11-07,41.17929458618164,41.17929458618164,40.761035360818376,40.989177811362616,1182730
2022-11-08,41.331390380859375,41.331390380859375,41.06522802625523,41.331390380859375,1316680
2022-11-09,41.55952453613281,41.59754730761291,41.36940777778079,41.445453320740995,1337567
2022-11-10,41.52150344848633,41.55952912511672,41.29336389346314,41.55952912511672,1412157
2022-11-11,42.35801696777344,42.35801696777344,41.825689431186184,42.05382897516595,1407471
2022-11-14,42.58615493774414,42.7382489284264,42.319992629763874,42.58615493774414,1327623
2022-11-15,42.814300537109375,42.814300537109375,42.319998623573206,42.586160969250216,1485121
2022-11-16,42.510108947753906,42.852316797016236,42.39603773069876,42.852316797016236,1696957
2022-11-17,42.3900260925293,42.43005383441909,42.10982579145887,42.43005383441909,1409337
2022-11-18,42.26993942260742,42.430053442609,42.10982540260585,42.39002570108884,1186239
2022-11-21,42.109825134277344,42.269939153258655,41.94971416921693,42.269939153258655,1113537
2022-11-22,42.14984893798828,42.14984893798828,41.8696486877681,41.90967642239373,1101680
2022-11-23,42.51010513305664,42.51010513305664,42.229907913492724,42.390021919209524,933290
2022-11-24,42.8303337097168,42.8303337097168,42.63019196340971,42.670219701886985,1126678
2022-11-25,42.8303337097168,42.95041997906932,42.75027823276224,42.870361448194075,1114762
2022-11-28,42.790313720703125,42.83034146642956,42.43005790132274,42.790313720703125,1045515
2022-11-29,43.230621337890625,43.230621337890625,42.590168299224594,42.590168299224594,1075900
2022-11-30,43.59087371826172,43.59087371826172,43.07050394720104,43.11053168637784,1160159
2022-12-01,43.51081466674805,44.03118443159886,43.470786928048916,44.03118443159886,1101181
2022-12-02,43.27064895629883,43.51081846337079,43.230621214107,43.51081846337079,852802
2022-12-05,43.31067657470703,43.39073511278285,43.23062109055217,43.2706488326296,1070490
2022-12-06,43.110538482666016,43.31068026402272,43.110538482666016,43.23062477304853,1079984
2022-12-07,43.19059753417969,43.27065302609292,43.1105389883452,43.1105389883452,1066488
2022-12-08,42.870361328125,43.150561604522565,42.67021958237846,43.150561604522565,1087283
2022-12-09,43.07050323486328,43.150561765813556,42.87036148836864,42.910389226883424,1047001
2022-12-12,43.110538482666016,43.150569282074336,42.79031346484802,43.07051073717892,1075462
2022-12-13,42.95042419433594,43.270649187502585,42.91039339800924,43.23062144509687,1112600
2022-12-14,43.31067657470703,43.31067657470703,43.030479326244055,43.030479326244055,1081315
2022-12-15,43.230621337890625,43.35070761873094,43.03047957243743,43.31067682250351,1087524
2022-12-16,42.95042419433594,43.19059370269117,42.83033791319783,43.19059370269117,1178010
2022-12-19,42.790313720703125,43.0705109947094,42.67022742960258,43.0705109947094,1046727
2022-12-20,42.63019943237305,42.75028572276512,42.47008539649069,42.75028572276512,1096320
2022-12-21,42.55013656616211,42.59016430471437,42.470078035136886,42.59016430471437,1069295
2022-12-22,42.790313720703125,42.87036921215599,42.55014419242328,42.55014419242328,1029272
2022-12-23,42.8303337097168,42.870361448194075,42.55013648645515,42.670219701886985,1010235
2022-12-26,42.95042419433594,42.99045193674164,42.83033791319783,42.99045193674164,1024805
2022-12-27,42.99045181274414,43.0304795550344,42.950424070453884,42.99045181274414,554523
2022-12-28,42.790313720703125,42.990455503256534,42.75028597497669,42.990455503256534,1526492
2022-12-29,42.63019943237305,42.790313468255405,42.51011314198097,42.790313468255405,1049900
2022-12-30,42.91039276123047,42.91039276123047,42.750281793983646,42.83033727760706,1047323
2023-01-03,42.870361328125,43.11053081223671,42.51010557499709,43.11053081223671,1072640
2023-01-04,42.91039276123047,42.950423556963116,42.87036501941876,42.87036501941876,1046804
2023-01-05,43.07050323486328,43.11053097337807,42.910389226883424,42.9904477578337,1080323
2023-01-06,43.110538482666016,43.23062477304853,43.03048299169183,43.07051073717892,1062007
2023-01-09,43.831050872802734,43.831050872802734,43.39073955701089,43.39073955701089,1258201
2023-01-10,43.831050872802734,43.831050872802734,43.63090908799542,43.831050872802734,1070107
2023-01-11,43.71095275878906,43.87106675411659,43.6709250234373,43.83103901876482,1010374
2023-01-12,43.470794677734375,43.63090871499567,43.470794677734375,43.63090871499567,1036054
2023-01-13,43.71095275878906,43.791011283413056,43.63089728808553,43.63089728808553,1103300
2023-01-16,43.91109848022461,44.11124022909331,43.750987524266236,43.750987524266236,1104147
2023-01-17,44.03118896484375,44.03118896484375,43.871074939641936,43.871074939641936,1066478
2023-01-30,44.55155563354492,44.67163885351582,44.1912998657906,44.59158337353522,1088302
2023-01-31,43.95112991333008,44.5115243751886,43.95112991333008,44.5115243751886,1068818
2023-02-01,44.111244201660156,44.151274998175566,43.87107469217269,43.95113323128251,1030932
2023-02-02,44.35141372680664,44.431469206511316,44.11124117985102,44.23132745332883,1056653
2023-02-03,44.31138610839844,44.35141690504019,44.111244340873746,44.35141690504019,1031956
2023-02-06,44.151275634765625,44.3514174045444,44.03118935132994,44.3113866074518,998949
2023-02-07,44.31138610839844,44.35141690504019,44.19130288023623,44.19130288023623,1057820
2023-02-08,44.271358489990234,44.35141702957752,44.271358489990234,44.31138623282337,1038436
2023-02-09,44.271358489990234,44.271358489990234,44.2313307471571,44.271358489990234,1031538
2023-02-10,44.31138610839844,44.39144464776092,44.111244340873746,44.2713583656777,1015389
2023-02-13,44.631614685058594,44.631614685058594,44.19130340208886,44.39144517197702,1098708
2023-02-14,44.71166229248047,44.831748554820514,44.63160682020078,44.67163455634063,1033296
2023-02-15,44.51152420043945,44.79172448418944,44.47149646102395,44.79172448418944,1044336
2023-02-16,44.791725158691406,44.87178063872792,44.59158340467931,44.791725158691406,1050838
2023-02-17,44.71166229248047,44.751693082540825,44.59157908406094,44.67163455634063,1046149
2023-02-20,45.071922302246094,45.111950042183985,44.67163879502558,44.71166653496347,1223360
2023-02-21,44.91181182861328,44.99187036872024,44.871784085520325,44.99187036872024,1054171
2023-02-22,44.87178421020508,44.951842750534496,44.591586953854744,44.63161469705893,1389248
2023-02-23,45.071922302246094,45.19200857598057,44.91180828857373,44.91180828857373,1128345
2023-02-24,44.99186706542969,45.192008820121174,44.911808531200606,45.192008820121174,1082055
2023-03-01,44.7516975402832,44.91180850079133,44.71166674623536,44.91180850079133,1021530
2023-03-02,44.87178421020508,44.951842750534496,44.591586953854744,44.751700980592524,1403739
2023-03-03,44.99186706542969,45.192008820121174,44.911808531200606,45.192008820121174,1164326
2023-03-06,45.35212326049805,45.472206482087984,45.11195070947648,45.11195070947648,1077153
2023-03-07,45.472206115722656,45.59229239026592,45.312092100971924,45.312092100971924,1399731
2023-03-08,45.43217468261719,45.47220241957106,45.35211920870944,45.47220241957106,1040030
2023-03-09,45.312095642089844,45.51223741268904,45.312095642089844,45.43218192601779,1013888
2023-03-10,44.951839447021484,45.232036682780105,44.87178091257557,45.232036682780105,1048694
2023-03-13,44.91181182861328,44.99187036872024,44.43147280365569,44.75170085624145,1094777
2023-03-14,44.51152420043945,44.67163821202219,44.47149646102395,44.51152420043945,1179003
2023-03-15,44.51152420043945,44.67163821202219,44.51152420043945,44.67163821202219,1119789
2023-03-16,44.111244201660156,44.391444507663024,44.031188716471334,44.27135822595879,809502
2023-03-17,44.31138610839844,44.39144464776092,44.19130288023623,44.23133062295697,1076174
2023-03-20,44.151275634765625,44.19130337793717,44.03118935132994,44.071217094501485,1152122
2023-03-21,44.35141372680664,44.431469206511316,44.151271973624155,44.151271973624155,1023801
2023-03-22,44.6716423034668,44.711670046548406,44.35141730489289,44.35141730489289,1051248
2023-03-23,44.83176040649414,44.9918744473016,44.63161861896515,44.63161861896515,1088525
2023-03-24,44.99186706542969,44.99186706542969,44.87178079104647,44.99186706542969,1158027
2023-03-27,44.951839447021484,45.03189492754657,44.83175317231303,45.03189492754657,1044932
2023-03-28,44.83176040649414,45.1119576874662,44.83176040649414,45.1119576874662,1053598
2023-03-29,45.031898498535156,45.07192624197186,44.951843011661744,44.99187075509845,1144868
2023-03-30,45.151981353759766,45.151981353759766,45.07192281904522,45.07192281904522,1053357
2023-03-31,45.23203659057617,45.392150605220785,45.192008850395226,45.272064330757125,1059218
2023-04-06,45.27206802368164,45.31209576712772,45.071926252530154,45.31209576712772,1092637
2023-04-07,45.27206802368164,45.31209576712772,45.111953995976236,45.27206802368164,1023840
2023-04-10,45.35212326049805,45.472206482087984,45.23203698498726,45.472206482087984,1053440
2023-04-11,45.552268981933594,45.552268981933594,45.39215495195653,45.39215495195653,1077865
2023-04-12,45.592288970947266,45.63231670815276,45.47220270541021,45.55226123374178,1119724
2023-04-13,45.512237548828125,45.672351576570634,45.512237548828125,45.672351576570634,1017933
2023-04-14,45.67235565185547,45.75241419983078,45.4722138627992,45.4722138627992,1100331
2023-04-17,45.712379455566406,45.79243799663558,45.63232396841832,45.712379455566406,1026239
2023-04-18,45.63231658935547,45.712372063558036,45.592288852254185,45.712372063558036,1030841
2023-04-19,45.552268981933594,45.83246624395263,45.51223818399849,45.712379957989555,1205711
2023-04-20,45.512237548828125,45.512237548828125,45.39215431846204,45.4321820619174,1040246
2023-04-21,45.392147064208984,45.632316540480026,45.392147064208984,45.632316540480026,1007346
2023-04-24,45.512237548828125,45.59229608965992,45.31209577763025,45.39215431846204,1017350
2023-04-25,45.151981353759766,45.63232034636368,45.07192281904522,45.51223407125228,1015826
2023-04-26,45.192012786865234,45.192012786865234,45.03189875827382,45.111954245608985,1037760
2023-04-27,45.27206802368164,45.352126564494874,45.15198479334339,45.15198479334339,1013024
2023-04-28,45.63231658935547,45.63231658935547,45.472202587029756,45.5522611151529,1073450
2023-05-02,45.83246612548828,45.87249386939881,45.632324352014535,45.632324352014535,1041525
2023-05-03,45.91252136230469,45.99257990360917,45.8324658749213,45.99257990360917,1035790
2023-05-04,46.03260803222656,46.03260803222656,45.872494002199815,45.95255254417375,1036630
2023-05-05,45.99258041381836,46.0326081579541,45.952552669682625,46.0326081579541,1021232
2023-05-08,46.15269088745117,46.31280185165491,46.072632351428425,46.072632351428425,1117192
2023-05-09,46.352840423583984,46.43289591911735,46.152698630829164,46.19272637859585,753826
2023-05-10,46.11266326904297,46.11266326904297,46.032607781426314,46.11266326904297,1005361
2023-05-11,46.0726318359375,46.19271811166758,46.03260409533442,46.15269037106451,1044099
2023-05-12,46.03260803222656,46.03260803222656,45.75241077012058,45.75241077012058,1008011
2023-05-15,46.11266326904297,46.11266326904297,45.71237972311752,45.99258003761799,1037010
2023-05-16,46.432891845703125,46.51294733421347,46.19272232625095,46.19272232625095,1059107
2023-05-17,46.95325469970703,46.95325469970703,46.512940416622044,46.512940416622044,1203758
2023-05-18,47.19343185424805,47.27348734386442,47.073345565902315,47.1133733107105,1319168
2023-05-19,47.51365280151367,47.59371133820166,47.23345555790801,47.23345555790801,1392510
2023-05-22,47.63373565673828,47.71379113375276,47.553680179723806,47.59370791823105,1108462
2023-05-23,47.673763275146484,47.833877282692775,47.63373553674008,47.63373553674008,1039812
2023-05-24,47.71379852294922,47.71379852294922,47.51365674549738,47.593715288830815,811056
2023-05-25,47.63373565673828,47.83387740319517,47.553680179723806,47.83387740319517,1402725
2023-05-26,47.873905181884766,48.0340191899688,47.63373569671906,47.63373569671906,1081924
2023-05-29,48.3142204284668,48.43430670798887,48.11407866521065,48.11407866521065,1132040
2023-05-30,48.3142204284668,48.51436219172295,48.274192686599754,48.43430670798887,1095815
2023-05-31,48.234161376953125,48.51435860321776,48.114075106313585,48.434303125405215,1030375
2023-06-01,48.27418899536133,48.31421673416769,48.15410577894225,48.23416125655497,1088269
2023-06-02,48.95468521118164,49.19485475897272,48.39428756372148,48.39428756372148,1245520
2023-06-05,49.19484329223633,49.31492651118114,49.154815552588055,49.234871031884595,1227130
2023-06-06,49.31492614746094,49.55509869142074,49.03472891806885,49.074756657421894,1078900
2023-06-07,49.755245208740234,49.755245208740234,49.314930871911606,49.314930871911606,1114992
2023-06-08,49.43501663208008,49.75524468203443,49.31493034986694,49.75524468203443,1152222
2023-06-09,50.035438537597656,50.07546627764357,49.4750410151924,49.4750410151924,1574203
2023-06-12,50.035438537597656,50.3556665658066,49.95538305750582,50.035438537597656,848245
2023-06-13,50.43572235107422,50.635864106435626,50.11549432092764,50.11549432092764,932723
2023-06-14,50.55580520629883,50.71591615662149,50.315632672973585,50.315632672973585,792288
2023-06-15,50.83600616455078,50.91606164560378,50.55580892694443,50.55580892694443,833685
2023-06-16,50.67589569091797,50.99612374535655,50.67589569091797,50.836009718137255,838433
2023-06-19,50.6358642578125,50.67589199822028,50.43572250185277,50.55580877699695,826411
2023-06-20,50.43572235107422,50.59583636614751,50.1955528554247,50.43572235107422,833972
2023-06-21,50.91606140136719,50.91606140136719,50.47575014984609,50.47575014984609,556073
2023-06-26,50.67589569091797,50.87603746146181,50.355670690400444,50.87603746146181,789109
2023-06-27,50.035438537597656,50.43572204589844,49.99541079755174,50.39569430585252,1071019
2023-06-28,50.31563949584961,50.4757535218046,50.235584009832635,50.27561175284112,997482
2023-06-29,50.31563949584961,50.63586754775959,50.19555626682415,50.43572577879611,588697
2023-06-30,50.35566329956055,50.4357187744597,50.275604770740784,50.31563250819036,638267
2023-07-03,51.076171875,51.196258141597525,50.63586065401012,50.63586065401012,692942
2023-07-04,51.5565185546875,51.67660483215598,51.27632131248891,51.27632131248891,1072297
2023-07-05,51.27632522583008,51.43643620277965,51.19626668343417,51.43643620277965,530330
2023-07-06,50.55580520629883,51.19625816935135,50.4357189396362,50.916057898445445,768721
2023-07-07,50.27560806274414,50.5157775570883,50.03543856839998,50.07546630847054,640470
2023-07-10,50.1555290222168,50.55581256412142,50.1555290222168,50.4357262799816,668601
2023-07-11,51.196266174316406,51.236293918155745,50.91606585959883,50.99612440119861,650841
2023-07-12,52.07688903808594,52.11691372587501,51.276321988202014,51.276321988202014,732571
2023-07-13,52.75736618041992,53.31776063365961,52.63727990962815,52.67731070250589,1335305
2023-07-14,53.7981071472168,53.91819343483515,52.837429061954545,53.15765712632273,896573
2023-07-17,54.478580474853516,54.59866062465374,53.798093717501395,53.798093717501395,652377
2023-07-18,54.67873001098633,55.5193217188471,54.19838491181827,54.6386992167751,866468
2023-07-19,53.67802810668945,55.07902057367255,53.63799730735296,55.07902057367255,614011
2023-07-20,54.198387145996094,54.278448737718854,53.71804813486906,53.71804813486906,624532
2023-07-21,54.958927154541016,55.038982634987214,53.59795955558907,53.59795955558907,647895
2023-07-24,55.79951095581055,55.83954174428326,54.95891936845053,55.31917203334186,747834
2023-07-25,55.919612884521484,56.60009372437283,55.919612884521484,56.31989645006257,659115
2023-07-26,56.43997573852539,56.60008670173912,55.87958125943559,55.91960594631816,560264
2023-07-27,56.31989288330078,57.000373680057,56.27986819398694,56.5600654505522,695078
2023-07-28,56.960350036621094,56.960350036621094,56.039696655708866,56.56006648908032,627154
2023-07-31,55.79951095581055,57.60078649594871,55.55934454849659,57.280564619530104,994328
2023-08-01,55.83955383300781,56.03969560301859,55.079017550103686,55.67944286013603,731168
2023-08-02,53.99824523925781,55.839551902846864,53.95822055134442,55.479299172416866,901263
2023-08-04,54.198387145996094,54.47859050134194,53.47788168322649,53.59796185512682,718925
2023-08-07,55.35919952392578,55.4792857743493,54.358490950130445,54.358490950130445,641488
2023-08-08,55.319183349609375,55.71946688485668,54.918899814362064,55.639411399375625,685442
2023-08-09,54.99894332885742,55.51931303298445,54.838832392744806,54.838832392744806,591474
2023-08-10,54.11833190917969,54.87887427912465,53.83813466039657,54.87887427912465,608451
2023-08-11,54.43856430053711,54.758792370932284,54.318478010658616,54.5186197911753,553100
2023-08-14,54.03827667236328,54.438560203269674,53.79810411068266,54.31847392242936,640344
2023-08-15,54.518611907958984,54.918895411112636,54.43855642889656,54.71875365953581,671266
2023-08-16,54.7587890625,54.7587890625,53.79810490935737,54.07830827142525,592307
2023-08-17,55.06038284301758,55.06038284301758,54.16376175563111,54.326786598229496,624685
2023-08-18,54.36753463745117,55.26415566699486,53.959981885390036,55.06037929096429,627300
2023-08-21,54.326786041259766,54.69358105051241,54.326786041259766,54.69358105051241,532707
2023-08-22,54.57131576538086,54.85660769167516,54.57131576538086,54.652831297900384,529375
2023-08-23,54.9381103515625,54.97886189412459,54.53055761337399,54.53055761337399,596621
2023-08-24,55.38642120361328,55.99775038342695,55.14189326294502,55.87548952247381,558204
2023-08-25,54.326786041259766,54.93811520252204,54.28602827633756,54.93811520252204,553619
2023-08-28,54.2860221862793,54.612065612794474,54.00073652011394,54.612065612794474,601227
2023-08-29,54.53055953979492,54.53055953979492,54.12300678720866,54.449050233029965,531025
2023-08-30,54.77508544921875,55.01961957929791,54.693576145446116,54.978861818030964,594665
2023-08-31,54.734336853027344,54.734336853027344,54.32678409346462,54.489802709785074,525215
2023-09-01,54.612064361572266,54.85659848054638,54.571306602156255,54.77508296171436,511515
2023-09-04,54.9381103515625,54.97886189412459,54.571309155936085,54.81584328635369,619787
2023-09-05,54.97886276245117,54.97886276245117,54.693577084965725,54.93811121924546,576717
2023-09-06,55.019622802734375,55.14188987493722,54.938113494186354,54.97886503907956,537826
2023-09-07,54.77508544921875,54.89735251425833,54.693576145446116,54.73433390671306,369714
2023-09-08,54.69357681274414,54.815843879275455,54.530558203209935,54.815843879275455,529536
2023-09-11,53.87846755981445,54.89734934505588,53.552424144785014,54.65282144785447,625296
2023-09-12,54.12300109863281,54.12300109863281,53.79695768708016,53.878466985278116,554160
2023-09-13,54.12300109863281,54.12300109863281,53.878466985278116,54.12300109863281,560592
2023-09-14,54.77508544921875,54.89735251425833,54.4897997766339,54.4897997766339,741156
2023-09-15,54.85660934448242,54.978870209421345,54.77509380950687,54.815851576994646,541454
2023-09-18,54.20451736450195,54.61207012664107,54.20451736450196,54.571312362922505,555127
2023-09-19,54.12300109863281,54.48979604990402,54.12300109863281,54.48979604990402,519707
2023-09-20,53.83771896362305,54.36753254591121,53.83771896362304,54.20451393886273,549009
2023-09-21,53.267147064208984,53.389414141874056,53.10412843983016,53.389414141874056,663967
2023-09-22,53.43016815185547,53.43016815185547,53.14487625110225,53.14487625110225,513675
2023-09-25,53.633949279785156,53.79696790715051,53.51168219988014,53.51168219988014,522127
2023-09-26,53.185638427734375,53.633948978614704,53.1448806617409,53.633948978614704,272704
2023-09-27,53.3894157409668,53.3894157409668,53.063372263681764,53.10413003037817,876163
2023-09-28,53.552425384521484,53.837717266002294,53.38940678261334,53.71545020519067,517634
2023-10-02,54.2860221862793,54.408289248567634,53.79696015588709,53.79696015588709,578894
2023-10-03,53.83771896362305,54.28602324238697,53.796961202480304,54.28602324238697,539615
2023-10-04,53.30790710449219,53.38941642015985,53.06337293872705,53.14488225439471,529431
2023-10-05,53.796966552734375,53.796966552734375,53.38941377581972,53.38941377581972,526295
2023-10-06,54.12300109863281,54.163752638351376,53.9192247437575,53.9192247437575,546087
2023-10-11,54.245269775390625,54.85659885827439,54.204512015693965,54.53055543698418,659689
2023-10-12,54.69357681274414,54.69357681274414,54.40829113667861,54.40829113667861,532187
2023-10-13,54.0007438659668,54.61207304180793,53.79696747401975,54.61207304180793,590923
2023-10-16,53.796966552734375,53.83772431793058,53.47092308745028,53.75620878753817,526961
2023-10-17,53.51167678833008,53.79696246674996,53.51167678833008,53.67469539920961,563159
2023-10-18,53.0633659362793,53.51167644143387,52.655813192961084,53.51167644143387,806843
2023-10-19,52.696571350097656,52.85958996114328,52.61506204457485,52.85958996114328,960620
2023-10-20,52.4520378112793,52.4520378112793,51.759199378313994,52.24826143577412,528117
2023-10-23,51.79995346069336,52.16675155443663,51.677689502366064,52.16675155443663,584699
2023-10-24,52.04448699951172,52.04448699951172,51.555424923828525,51.555424923828525,684471
2023-10-25,52.20751190185547,52.3297727568563,52.08524482809294,52.3297727568563,551818
2023-10-26,51.555423736572266,51.88146718577325,51.27013805055698,51.555423736572266,544033
2023-10-27,51.84070587158203,52.044482236029104,51.55542020510836,51.55542020510836,508694
2023-10-30,51.43315505981445,52.04448417594243,51.39240040728206,52.04448417594243,587835
2023-10-31,50.944091796875,51.555420898437504,50.944091796875,51.43315383437276,554269
2023-11-01,51.18862533569336,51.27013775220966,50.94409430490597,50.94409430490597,553985
2023-11-02,51.962982177734375,52.08524926190502,51.84071509356373,52.08524926190502,607252
2023-11-03,52.20751190185547,52.3297727568563,52.0444870639182,52.3297727568563,517304
2023-11-06,52.81884002685547,52.94110087948359,52.65581519208201,52.65581519208201,526600
2023-11-07,52.737327575683594,52.818843107205026,52.5743089501646,52.818843107205026,525667
2023-11-08,53.0633659362793,53.43016713652249,52.941098869531565,52.941098869531565,525276
2023-11-09,53.30790710449219,53.30790710449219,53.06337293872705,53.06337293872705,561449
2023-11-10,53.185638427734375,53.185638427734375,53.02261980128442,53.1448806617409,537058
2023-11-13,53.267147064208984,53.51168121953912,53.185637752019574,53.51168121953912,526044
2023-11-14,53.796966552734375,53.83772431793058,53.43017154101593,53.43017154101593,545771
2023-11-15,54.2860221862793,54.489798550506144,54.12300358240227,54.367531488217814,566063
2023-11-16,54.408294677734375,54.53056175222321,54.24527605759043,54.449052442151235,611192
2023-11-17,54.612064361572266,54.652822120988276,54.44904576143017,54.44904576143017,601350
2023-11-20,54.57131576538086,54.57131576538086,54.24527851035083,54.53056421788311,832560
2023-11-21,55.275726318359375,55.275726318359375,54.819933247386764,54.98567503271429,663352
2023-11-22,54.69562911987305,55.0271190457345,54.69562911987305,55.0271190457345,551512
2023-11-23,54.488441467285156,54.861363632680614,54.36413197127213,54.861363632680614,527536
2023-11-24,54.52988815307617,54.57132044279037,54.322707736571545,54.57132044279037,290090
2023-11-27,54.32270050048828,54.81993216933648,54.07408150474233,54.81993216933648,540676
2023-11-28,54.737060546875,54.737060546875,54.28126116831264,54.3226997745978,534419
2023-11-29,54.77849197387695,54.90280146814486,54.695621085246195,54.737059690883335,554160
2023-11-30,54.77849197387695,54.86136286250772,54.61275019661544,54.61275019661544,524300
2023-12-01,54.737060546875,54.737060546875,54.529880160736404,54.65418333430466,698324
2023-12-04,54.77849197387695,54.944240073782,54.737059690883335,54.86136286250772,540802
2023-12-05,54.77849197387695,54.77849197387696,54.40556981371678,54.61275019661544,520110
2023-12-06,54.98567199707031,55.027110602436366,54.77849161552698,54.77849161552698,535121
2023-12-07,54.81993103027344,54.902801919585606,54.695621534983395,54.902801919585606,531311
2023-12-08,55.0271110534668,55.10998194223468,54.94424016469891,54.98567244776109,535487
2023-12-11,54.902809143066406,55.027118654711664,54.77849963142115,55.027118654711664,533751
2023-12-12,55.068546295166016,55.15142351103013,54.902804508725524,54.902804508725524,525270
2023-12-13,55.358604431152344,55.40003671683402,55.192856320493846,55.192856320493846,534448
2023-12-14,56.270198822021484,56.270198822021484,55.77296711844287,55.93870891208769,707100
2023-12-15,55.9387092590332,56.35307006835937,55.9387092590332,56.35307006835937,583474
2023-12-18,56.14588928222656,56.14588928222656,55.897270269262364,55.93870887897111,654205
2023-12-19,55.69009017944336,56.06301870098858,55.607219282203594,56.06301870098858,534289
2023-12-20,56.35306930541992,56.39450791484919,55.89726989227432,55.89726989227432,1624069
2023-12-21,56.18732833862305,56.27019923605522,55.69009030874163,55.73152891877981,517404
2023-12-22,56.14588928222656,56.27019878870866,56.104450672517814,56.187327891935304,726489
2023-12-25,56.6016845703125,56.68455546104182,56.31162696879434,56.31162696879434,523131
2023-12-26,57.01604080200195,57.01604080200195,56.68455094286317,56.767421826987075,562120
2023-12-27,57.38896560668945,57.471836494661396,57.181785225437864,57.34752700138175,581541
2023-12-28,57.554710388183594,57.720458495426435,57.38896860358455,57.720458495426435,663085
2023-12-29,57.679019927978516,57.84476803533637,57.554710428121076,57.554710428121076,619057
2024-01-02,57.347530364990234,57.84476836727335,57.09891768649252,57.803329759535146,560308
2024-01-03,56.6016845703125,56.85029724250047,56.35306557548084,56.85029724250047,706224
2024-01-04,56.6016845703125,56.68455546104182,56.394504182167346,56.6016845703125,548856
2024-01-05,56.435935974121094,56.72598725046649,56.35306508411436,56.72598725046649,536689
2024-01-08,56.435935974121094,56.933167636805145,56.4359359741211,56.72598725046649,539283
2024-01-09,56.18732833862305,56.85030184072462,56.18732833862305,56.85030184072462,576436
2024-01-10,55.89726638793945,56.145885383640355,55.85583410375177,56.145885383640355,533624
2024-01-11,56.14588928222656,56.14588928222656,55.690089866006915,55.897270269262364,518304
2024-01-12,56.14588928222656,56.187327891935304,55.85583798219776,55.85583798219776,525164
2024-01-15,56.14588928222656,56.14588928222656,56.14588928222656,56.14588928222656,0
2024-01-16,55.56578826904297,55.73153006732301,55.358607859870766,55.690091456430835,571603
2024-01-17,55.068546295166016,55.31716529747062,54.94424311665758,55.275726689538565,542723
2024-01-18,55.068546295166016,55.19285579631832,54.861365900793466,55.10998490309807,753218
2024-01-19,55.89726638793945,55.89726638793945,55.19285433031182,55.27572522133089,784252
2024-01-22,56.80886459350586,56.93316776747946,56.56024560027139,56.56024560027139,871670
2024-01-23,56.974609375,56.974609375,56.684558082710616,56.89173848043789,581914
2024-01-24,57.098915100097656,57.18178598917645,56.97460560515769,57.016044211018865,547028
2024-01-25,57.181785583496094,57.30609507755413,57.098914695005234,57.30609507755413,529073
2024-01-26,56.933162689208984,57.05747217473818,56.85029180640388,56.85029180640388,520460
2024-01-29,57.38896560668945,57.38896560668945,57.016043449493985,57.016043449493985,548109
2024-01-30,57.347530364990234,57.51327847329922,57.26465947215767,57.38896897272844,536211
2024-01-31,56.974609375,57.05748026956211,56.89173848043789,56.89173848043789,624050
2024-02-01,57.22322463989258,57.264656923142674,56.97460564981777,56.97460564981777,558001
2024-02-02,57.4304084777832,57.4304084777832,57.30609897527016,57.4304084777832,564131
2024-02-05,57.22322463989258,57.306095529036334,56.97460564981777,57.22322463989258,1079492
2024-02-15,57.96906280517578,58.09337228700436,57.554702080842446,58.010501406666265,619936
2024-02-16,58.0105094909668,58.34199938115822,57.88619999181454,57.88619999181454,620589
2024-02-19,58.13481903076172,58.17625131541225,57.8862000322834,58.17625131541225,585180
2024-02-20,58.383426666259766,58.383426666259766,58.051943127097886,58.051943127097886,743332
2024-02-21,57.92763137817383,58.259121227043735,57.92763137817382,58.259121227043735,473315
2024-02-22,58.300559997558594,58.42486949505553,58.051947325208396,58.38343088834199,873142
2024-02-23,58.05194091796875,58.63204341206984,58.05194091796875,58.63204341206984,1011202
2024-02-26,58.093379974365234,58.17625086566944,58.01050908306104,58.051947690035,643768
2024-02-27,57.679019927978516,58.21769021226489,57.471839535764055,58.13481931990786,757674
2024-02-29,57.85612487792969,57.94046196736176,57.26575881739766,57.35009590682974,843446
2024-03-01,57.85612487792969,58.024805491301315,57.81395955046738,58.024805491301315,858752
2024-03-04,58.23565673828125,58.40433093251417,58.02481077823607,58.02481077823607,709479
2024-03-05,58.61517333984375,58.65734510309994,58.1934814453125,58.48866448458284,585056
2024-03-06,58.91036605834961,58.91036605834961,58.19349100676225,58.19349100676225,637318
2024-03-07,59.205543518066406,59.28988705041915,58.74168626266689,59.205543518066406,735930
2024-03-08,59.07903289794922,59.71157069585229,58.91035229113741,59.627227175192765,1002789
2024-03-11,59.28988265991211,59.458556843110784,59.07903671365994,59.07903671365994,610054
2024-03-12,60.512794494628906,60.512794494628906,59.4585646253845,59.4585646253845,668007
2024-03-13,60.723636627197266,60.93448258770837,60.386281803477885,60.63929952989444,641249
2024-03-14,60.38627624511719,60.72363103778415,60.30193915557732,60.72363103778415,625221
2024-03-15,61.06099319458008,61.31400449371357,60.55496416180484,60.55496416180484,725698
2024-03-18,61.609195709228516,61.609195709228516,60.807977153401566,61.06099489408553,573270
2024-03-19,62.07304382324219,62.15738091284904,61.31399714776557,61.356168909822735,683723
2024-03-20,62.030887603759766,62.705590854189516,62.030887603759766,62.24173357598939,593233
2024-03-21,63.00077438354492,63.12728325469832,62.32607112824092,62.4947453334398,606095
2024-03-22,63.04294204711914,63.25378800714295,62.83209608709533,63.085113812927126,549029
2024-03-25,62.747764587402344,63.04294767086587,62.705592817832425,63.04294767086587,525134
2024-03-26,62.41040802001953,63.000774170729855,61.98871607393832,62.78992819768924,555174
2024-03-27,63.12727355957031,63.12727355957031,62.410398645810474,62.49473573545737,655100
2024-03-28,63.548973083496094,63.67548195043171,63.08511581740982,63.295961784133105,415011
2024-03-29,63.506813049316406,63.675487262964445,63.21162352366913,63.675487262964445,597000
2024-04-01,63.29597091674805,63.675491137805466,63.25379914351536,63.63331936457278,755297
2024-04-02,63.801998138427734,63.844163475905766,63.54898037552357,63.54898037552357,573464
2024-04-03,63.59114074707031,63.759814935760986,63.50680365272497,63.67547784141565,685298
2024-04-08,63.759830474853516,63.80200224955791,63.548984470350355,63.591156245054755,569184
2024-04-09,64.13934326171875,64.2236803583647,63.844153771695886,63.844153771695886,549030
2024-04-10,64.05500030517578,64.35018979784667,64.05500030517578,64.26584626593608,510115
2024-04-11,63.338130950927734,63.59114870011533,63.085119636248784,63.59114870011533,543889
2024-04-12,63.380306243896484,63.50681512552283,63.1272884806438,63.169460252688914,518107
2024-04-15,62.747764587402344,63.211621880128284,62.747764587402344,63.08511944043579,539576
2024-04-16,61.27183151245117,62.283889451664834,60.97664848305614,62.283889451664834,757620
2024-04-17,61.988712310791016,61.988712310791016,61.22966556702258,61.35617443006866,639258
2024-04-18,62.41040802001953,62.41040802001954,61.862207203212265,61.862207203212265,523614
2024-04-19,61.103153228759766,61.271833848063594,60.30194119921661,61.14532499221264,1064340
2024-04-22,61.398353576660156,61.4405189130722,60.97666160548669,61.10316404923166,516283
2024-04-23,61.567020416259766,61.693529279359176,61.103156729731296,61.60919218212893,601331
2024-04-24,62.36823654174805,62.36823654174804,61.69353328558442,61.69353328558442,555119
2024-04-25,61.69353485107422,62.073055040139906,61.60919774622725,61.77787195592119,524453
2024-04-26,62.24172592163086,62.452571867931084,61.90437112064896,61.90437112064896,513170
2024-04-29,63.67548751831055,63.67548751831055,62.78993180683515,62.78993180683515,547247
2024-04-30,63.42245864868164,63.675476360340376,63.42245864868164,63.63330459689469,575424
2024-05-02,63.16944122314453,63.16944122314453,62.70557760842136,62.78991469259637,515032
2024-05-03,63.717655181884766,64.26584956035684,63.717655181884766,64.01283825517936,1657073
2024-05-06,64.8562240600586,65.02489826850004,64.51886920866711,64.64537808225249,1658602
2024-05-07,65.06705474853516,65.27790067679709,64.68752821695942,65.27790067679709,1441846
2024-05-08,64.7297134399414,64.8983876438317,64.47669569959754,64.8983876438317,1126638
2024-05-09,64.43453216552734,65.02489833014063,64.43453216552734,64.729715247834,2122302
2024-05-10,64.8562240600586,64.94056116427932,64.26585146149635,64.64537808225249,1098419
2024-05-13,64.77188873291016,65.0249000525139,64.60320808533221,64.982734716501,1949143
2024-05-14,64.68753814697266,64.9405558735299,64.5610357182021,64.9405558735299,1675438
2024-05-15,64.8562240600586,65.36225311989152,64.68754341710856,64.68754341710856,1911967
2024-05-16,65.32007598876953,65.78393967567044,65.23573889147157,65.36224775467255,1991396
2024-05-17,65.36224365234375,65.36224365234375,65.02488884981722,65.10922594182193,2526290
2024-05-20,65.32007598876953,65.82611144157346,64.94055583367467,65.78393967567044,4938553
2024-05-21,65.03788757324219,65.2583549887447,64.72923453716498,65.2583549887447,2241938
2024-05-22,65.39063262939453,65.43472207281508,65.0819796129261,65.0819796129261,1833116
2024-05-23,65.61111450195312,65.78748577079772,65.2583652361313,65.43473650497589,2458890
2024-05-24,65.39063262939453,65.56700385933902,65.2142546713189,65.2142546713189,744520
2024-05-27,66.36068725585938,66.40478342701603,65.47881765777487,65.47881765777487,1974864
2024-05-28,66.5811538696289,66.84571743718448,66.40478264334587,66.84571743718448,883856
2024-05-29,66.05203247070312,66.62524903971115,66.05203247070312,66.62524903971115,1209058
2024-05-30,65.34654235839844,65.74338775380396,65.25835673546335,65.34654235839844,1187013
2024-05-31,65.08197784423828,65.69928386039904,65.08197784423828,65.47881646489435,910110
2024-06-03,65.91974639892578,65.91974639892578,65.39062603432639,65.83156079284763,956518
2024-06-04,65.34654235839844,65.83157337673904,65.17017111252827,65.83157337673904,1117402
2024-06-05,65.47882080078125,65.74338438415818,65.03788598057398,65.17016777226243,823990
2024-06-06,65.69927978515625,66.05202894170937,65.69927978515625,66.05202894170937,923093
2024-06-07,65.96385192871094,65.96385192871094,65.61110272619985,65.78747396338969,1072077
2024-06-11,65.87566375732422,66.09613118185092,65.52292126058698,65.69929250895561,924736
2024-06-12,66.27249908447266,66.27249908447266,65.96384608267904,65.96384608267904,1163833
2024-06-13,66.93389892578125,67.15436630911509,66.6693353745284,66.71343154244741,1375904
2024-06-14,67.37483978271484,67.37483978271484,66.9339049761894,66.9339049761894,1651495
2024-06-17,67.63939666748047,67.72758901133972,67.33074364836672,67.55121105175243,1086178
2024-06-18,67.9039535522461,67.9039535522461,67.59530056354382,67.7275823381678,1396366
2024-06-19,68.78582763671875,69.0944806458727,68.25670723129326,68.25670723129326,2181346
2024-06-20,69.84407043457031,69.84407043457031,68.60945836283092,68.78582959361336,1499866
2024-06-21,69.66769409179688,69.84406530963776,69.22675931906399,69.53541231435086,903744
2024-06-24,68.87401580810547,69.22676500086992,68.60945895963057,69.22676500086992,911459
2024-06-25,68.8299331665039,68.8299331665039,68.03624908637751,68.60946574025391,1514451
2024-06-26,68.65354919433594,68.9622022185104,68.43308178733541,68.78583098416252,772492
2024-06-27,68.4330825805664,68.4330825805664,67.90396214325821,68.12442955281423,844457
2024-06-28,68.60945129394531,68.87400811286147,68.43307335320407,68.6976369002507,768118
2024-07-01,68.74173736572266,69.0503971294972,68.65355174527203,68.69764791956312,790924
2024-07-02,68.30079650878906,68.7417313002677,68.08032911304974,68.7417313002677,743852
2024-07-03,68.56535339355469,68.60944955965797,68.34488601929888,68.56535339355469,593476
2024-07-04,69.62359619140625,69.66769235883494,69.00629021618776,69.00629021618776,993555
2024-07-05,69.84407043457031,69.97635222172273,69.66769920378788,69.84407043457031,766799
2024-07-08,70.63774108886719,70.68183725230048,69.79996780867386,69.84405724397723,835693
2024-07-09,70.81414031982422,71.16688282089811,70.19682748668104,70.94641539366096,770555
2024-07-10,70.85821533203125,71.07868271435127,70.54956234240932,71.07868271435127,688603
2024-07-11,71.78418731689453,71.78418731689453,70.94640715381553,71.07868894042076,730300
2024-07-12,70.81414031982422,71.29916462286678,70.77004414312401,70.99051157036116,659939
2024-07-15,70.68184661865234,71.03459578847327,70.50546866967647,70.90231400877407,1203428
2024-07-16,70.3731918334961,70.77003043439936,70.3731918334961,70.77003043439936,814057
2024-07-17,70.46138763427734,70.99050808806517,70.32910583879749,70.37320201333463,654455
2024-07-18,70.06452178955078,70.41727089845325,69.31493413821407,69.88815059916438,2500951
2024-07-19,69.0503921508789,69.75588379174867,68.69764296637848,69.75588379174867,811785
2024-07-22,67.46302032470703,68.69763903575264,67.06618171993162,68.65354286716396,989229
2024-07-23,68.74173736572266,68.91811533475548,68.16852746872779,68.16852746872779,778918
2024-07-26,67.8157730102539,67.8157730102539,67.24255642949105,67.33074204311663,826846
2024-07-29,67.77166748046875,68.60944751454643,67.46301451133702,68.5212551849687,865621
2024-07-30,67.59529876708984,67.59529876708984,66.62524365917893,67.33073522487307,895538
2024-07-31,68.03623962402344,68.25670701961124,67.37483743726001,67.55120866247788,612176
2024-08-01,69.00630187988281,69.09448750151512,68.65355266522194,68.96220570500083,623381
2024-08-02,66.84571075439453,67.63938792145264,66.66933281761358,67.63938792145264,2343069
2024-08-05,62.56864547729492,63.93554604960795,62.171806848239456,63.93554604960795,2154417
2024-08-06,63.80326843261719,64.33238888197286,61.730876081230754,64.11192146739704,2642310
2024-08-07,65.25836181640625,65.25836181640625,64.06783899376043,64.06783899376043,1533862
2024-08-08,64.24419403076172,64.77331440409007,63.93554104033107,64.42057197395822,1283898
2024-08-09,65.83157348632812,66.2284121542625,65.17017122101632,65.61110606455752,1779525
2024-08-12,66.53705596923828,66.97799075161397,66.1843135258424,66.1843135258424,1825845
2024-08-13,67.0220947265625,67.15437652230703,66.71344168857965,67.15437652230703,1200372
2024-08-14,68.16852569580078,68.16852569580078,67.55121291243833,67.77168032189677,1823126
2024-08-15,67.37483978271484,68.30079883953957,67.28665416703599,68.25670939576574,2769362
2024-08-16,67.99214172363281,68.344890893224,67.94805228251566,68.12442350324586,2577311
2024-08-19,68.38899230957031,68.38899230957031,67.9480574957836,68.16852490267696,5071894
2024-08-20,67.81730651855469,68.5088493843398,67.77120084694056,68.5088493843398,2450367
2024-08-21,67.31017303466797,67.81730728923529,67.12576441559143,67.81730728923529,1881640
2024-08-22,67.17186737060547,67.67900165776992,67.07966305514057,67.63289598266829,1273078
2024-08-23,67.31017303466797,67.31017303466797,66.52642585148585,66.94134876177701,943628
2024-08-26,67.03356170654297,67.7712103473484,66.98746306320437,67.49459034836167,1422312
2024-08-27,67.12576293945312,67.12576293945312,66.75693867467284,66.84914298218348,876261
2024-08-28,67.54068756103516,67.54068756103516,66.9413489948429,67.1257646492994,729216
2024-08-29,67.31017303466797,67.40237734420624,66.94134876177701,67.12576441559143,1013390
2024-08-30,67.448486328125,67.67900063065808,67.448486328125,67.448486328125,860603
2024-09-02,67.26406860351562,67.7712028674393,67.12576565402556,67.6789985561999,826723
2024-09-03,67.12576293945312,67.35627722559859,67.03355159720475,67.26406588335021,1140903
2024-09-04,65.14334106445312,65.55826398086052,63.89856528049298,64.59010816433062,2455200
2024-09-05,64.95893859863281,65.74269298725685,64.77452993939153,65.41996728147546,1126255
2024-09-06,65.3277587890625,65.3738644683046,64.59011716436166,64.9589344593426,1227134
2024-09-09,64.63621520996094,64.68232088877583,64.22129223958248,64.31349656247338,1019949
2024-09-10,64.54400634765625,64.86672497244685,64.22128772286565,64.86672497244685,1050475
2024-09-11,64.45179748535156,64.5901074675747,64.40569181303121,64.54400179525435,509122
2024-09-12,65.55827331542969,65.7426889982207,65.23555466396915,65.37386466737767,986269
2024-09-13,65.78878784179688,65.88099216610169,65.65047783797014,65.88099216610169,677383
2024-09-16,66.34201049804688,66.34201049804688,65.83488327592134,65.83488327592134,818184
2024-09-18,65.74267578125,66.48031725990091,65.60436580564746,66.34200728429838,1040908
2024-09-19,66.29591369628906,66.29591369628906,65.83488509900575,65.92708941151479,940796
2024-09-20,66.5725326538086,67.03356129278161,66.48032833296173,66.8030469732951,835961
2024-09-23,66.94135284423828,66.98745851918815,66.57252854885434,66.57252854885434,703841
2024-09-24,67.12576293945312,67.12576293945312,66.61862869603802,66.94134728969412,962793
2024-09-25,67.81730651855469,67.95560946392146,67.58679222995964,67.58679222995964,847644
2024-09-26,68.00172424316406,68.41664720431159,67.86341424453529,68.23223856263242,785930
2024-09-27,68.32444763183594,68.5549619673244,68.27834898558179,68.32444763183594,1222176
2024-09-30,67.31017303466797,68.3244345090647,67.31017303466797,68.23223019952644,1224496
2024-10-01,67.31017303466797,67.63289163542085,67.26406736252989,67.63289163542085,765030
2024-10-04,67.07966613769531,67.58680044816442,67.03356046047497,67.17187045739733,1042519
2024-10-07,67.58679962158203,67.72510258207429,67.07966531731515,67.26407395446388,842538
2024-10-08,67.21797180175781,67.35628178976474,66.84914751198542,67.35628178976474,729941
2024-10-09,67.17186737060547,67.54069166720339,67.07966305514057,67.40238167663688,544288
2024-10-11,67.21797180175781,67.5867960915302,67.21797180175781,67.21797180175781,533510
2024-10-14,67.448486328125,67.448486328125,67.03355636272254,67.35628201405942,861220
2024-10-15,68.32444763183594,68.37055331282933,67.44849597087543,67.44849597087543,1121523
2024-10-16,67.8634033203125,68.18612190867124,67.725093343948,67.95560762630961,985183
2024-10-17,68.4166488647461,68.4166488647461,68.04783157243673,68.32444454166875,1048746
2024-10-18,68.46275329589844,68.92378193762165,68.41664761783059,68.64716193869221,1132286
2024-10-21,68.46275329589844,69.01598625901855,68.41664761783059,68.87767625955381,954305
2024-10-22,68.78546905517578,68.78546905517578,68.09392612157534,68.41664475030784,863391
2024-10-23,68.23224639892578,68.78547942223942,68.23224639892578,68.78547942223942,688426
2024-10-24,68.09392547607422,68.3244397850892,68.00172115941592,68.14003115177259,548639
2024-10-25,68.27835083007812,68.3705551598165,68.09393513586193,68.09393513586193,1054910
2024-10-28,68.46275329589844,68.83157761622478,68.27834465310467,68.46275329589844,909318
2024-10-29,67.63288879394531,68.18612166266972,67.35627587695191,68.18612166266972,1663935
2024-10-30,67.67899322509766,67.9556061370269,67.58678892112124,67.86340183305049,832241
2024-11-01,67.03356170654297,67.03356170654297,66.01930010148959,66.38812442189231,1702812
2024-11-04,66.98745727539062,67.17186590228941,66.71083730030426,67.1257672629338,1750128
2024-11-05,67.07966613769531,67.35628613154003,66.84915182107093,66.98746181799329,1534162
2024-11-06,67.35628509521484,67.63289805006501,67.12577078213708,67.31017941870387,1095663
2024-11-07,67.77120208740234,67.95561070775861,67.1257648814175,67.44848348440992,1346120
2024-11-08,67.67899322509766,68.23222608369362,67.58678892112124,68.23222608369362,1371996
2024-11-11,67.67899322509766,67.67899322509766,67.17185900112116,67.67899322509766,1499479
2024-11-12,66.80303955078125,67.26406813852918,66.71083524017925,67.21796950059718,2741340
2024-11-13,66.71084594726562,67.03356460353791,66.43423297106328,66.5725359417949,1935854
2024-11-14,66.01929473876953,66.75694331965607,65.83488611091701,66.75694331965607,3166524
2024-11-15,66.15760803222656,66.5264323410961,66.01929803705816,66.3881223459277,1678146
2024-11-18,65.88098907470703,66.20371474673885,65.83489043208726,66.20371474673885,3288876
2024-11-19,65.81421661376953,66.19574975971203,65.5757593071979,66.14805538754192,3486114
2024-11-20,65.8619155883789,65.8619155883789,65.8619155883789,65.8619155883789,5318
2024-11-21,65.52806854248047,65.57576291727626,65.28961122278129,65.38499997237287,1416999
2024-11-22,65.71884155273438,66.05268035904882,65.71884155273438,65.90960450573114,931305
2024-11-25,66.24343872070312,66.52959040750527,66.10037015444175,66.10037015444175,931819
2024-11-26,65.62345886230469,65.95729766244364,65.48038301163369,65.95729766244364,1310240
2024-11-27,65.05115509033203,65.6234584897671,65.00346799180578,65.57576411410083,1352122
2024-11-28,64.5742416381836,65.0511562951189,64.24040283375692,65.0511562951189,1670931
2024-11-29,64.38347625732422,64.66962795154605,63.71579867365977,63.906561618381076,953700
2024-12-02,65.14655303955078,65.24193452720998,64.95578278709135,64.95578278709135,959944
2024-12-03,65.28961181640625,65.81422083537025,65.19423034308733,65.52806913827354,868999
2024-12-04,65.62345886230469,65.62345886230469,65.14654421149474,65.3373071609627,963424
2024-12-05,65.43269348144531,65.67115082450972,65.38500637911679,65.67115082450972,778934
2024-12-06,65.57576751708984,65.67114899623208,65.4326916598063,65.4326916598063,693873
2024-12-09,65.52806854248047,65.76652586217966,65.43268707002878,65.76652586217966,843244
2024-12-10,65.38499450683594,65.6711389002722,65.33730013602693,65.52806306498442,814003
2024-12-11,65.05115509033203,65.38500116571582,65.00346799180578,65.33730679004957,1000828
2024-12-12,65.05115509033203,65.33730679004957,64.95577361613952,65.19423094019079,444491
2024-12-13,64.81269073486328,65.05114803304474,64.66962217766579,65.05114803304474,1384048
2024-12-16,64.5742416381836,65.09885067166849,64.52655453877416,64.90808771975043,649266
2024-12-17,64.4788589477539,64.86039212154394,64.43117184924266,64.62193479756766,823248
2024-12-18,64.9080810546875,64.95576814920021,64.3834720750719,64.57423500740153,1025495
2024-12-19,64.33577728271484,64.38347165405507,64.00193851475132,64.38347165405507,758154
2024-12-20,63.76348876953125,64.09732757706111,63.76348876953125,64.09732757706111,1070440
2024-12-23,64.62193298339844,64.71731445488324,64.28809419463173,64.38347566611652,600580
2024-12-24,64.81269073486328,65.05114803304474,64.81269073486328,64.86038510535526,641861
2024-12-25,64.95576477050781,65.19422206208614,64.81268894013301,65.19422206208614,723860
2024-12-26,65.05115509033203,65.14654384166455,64.95577361613952,65.05115509033203,673944
2024-12-27,65.0988540649414,65.14654844397705,64.90809110307984,65.0988540649414,738013
2024-12-30,64.86038970947266,65.09884702458102,64.7173138649797,65.09884702458102,589240
2024-12-31,64.52655029296875,64.52655029296875,64.28809298019144,64.52655029296875,668820
2025-01-02,63.85887145996094,64.57424346560863,63.76348998130265,64.47886198695033,1206937
2025-01-03,63.76348876953125,64.4788607615839,63.71580166967854,64.4788607615839,709458
2025-01-06,64.52655029296875,64.62193176265174,64.00194129400279,64.00194129400279,802415
2025-01-07,64.62193298339844,65.00346614647746,64.62193298339844,64.76500882919555,736033
2025-01-08,64.38347625732422,64.7650094239067,64.38347625732422,64.62193357679578,804134
2025-01-09,63.429656982421875,64.38348641072896,63.429656982421875,64.38348641072896,1033217
2025-01-10,63.28657913208008,63.42965499727653,63.048121782466254,63.381960616497445,1396563
2025-01-13,62.09428024291992,63.048109454876105,61.903517311384434,63.048109454876105,1435345
2025-01-14,62.952728271484375,62.952728271484375,62.33273782550399,62.42811929169957,857032
2025-01-15,62.80965042114258,63.04810771756084,62.76196332814243,63.04810771756084,591614
2025-01-16,63.47734832763672,63.85887425899273,63.47734832763672,63.47734832763672,1226246
2025-01-17,63.81118392944336,63.85887102988116,63.47734511781753,63.71580245142745,752990
2025-01-20,64.19271087646484,64.24039797226548,64.00194066184346,64.1450165035246,594779
2025-01-21,64.4788589477539,64.62193479756766,64.09732577396387,64.1927145252664,859252
2025-01-22,64.76500701904297,64.76500701904297,64.38347386662763,64.47885533544655,1017145
2025-02-03,63.3819580078125,63.62041534761185,62.80966184772215,63.42965238662857,1838560
2025-02-04,63.04811096191406,63.52502557929184,63.00042386646002,63.238881175148904,2609239
2025-02-05,63.429656982421875,63.90657169657542,63.33427549501937,63.33427549501937,2364690
2025-02-06,63.66810989379883,63.76349137454121,63.525034034114995,63.572728413056446,1737466
2025-02-07,63.76348876953125,63.81118314652418,63.620412915692675,63.66810729268561,819106
2025-02-10,63.66810989379883,63.71580427274028,63.38195817443116,63.71580427274028,1091516
2025-02-11,63.90656280517578,64.28809597884363,63.76348695540783,63.76348695540783,1198712
2025-02-12,63.95425796508789,64.24040239099278,63.90656358886702,63.90656358886702,993251
2025-02-13,64.9080810546875,64.9080810546875,63.954251838760506,64.00193893327321,1443117
2025-02-14,64.9080810546875,65.05114961536502,64.76500521687056,64.9080810546875,737152
2025-02-17,65.43269348144531,65.6234637221812,65.00347317478561,65.00347317478561,1458961
2025-02-18,65.2419204711914,65.48037777753557,65.19422609906678,65.48037777753557,798140
2025-02-19,65.4757308959961,65.71627361443726,65.18707669755422,65.18707669755422,1303658
2025-02-20,65.4757308959961,65.76437775365676,65.4757308959961,65.66816213443654,938302
2025-02-21,66.00492858886719,66.05304007478428,65.52384309282473,65.52384309282473,632228
2025-02-24,66.00492858886719,66.00492858886719,65.71628169571098,65.90871295781511,791550
2025-02-25,65.95681762695312,66.0530332480611,65.4757321806319,65.66816342284785,923900
2025-02-26,66.14925384521484,66.14925384521484,65.42762562144887,65.95682258852334,659452
2025-02-27,65.7162857055664,66.19737123096358,65.7162857055664,66.14925974211084,833272
2025-03-03,65.23519134521484,65.42762259299928,65.04275275664885,65.28329548677017,689250
2025-03-04,64.65789031982422,64.94654456531636,64.36924341511448,64.94654456531636,1262131
2025-03-05,65.18708038330078,65.37951163262149,64.70599491921737,64.70599491921737,1160054
2025-03-06,65.33140563964844,65.42762126158271,65.13896705499846,65.13896705499846,555399
2025-03-07,64.94654083251953,65.2351950614213,64.85032520314627,65.0427564618928,899483
2025-03-10,65.04275512695312,65.18708223844183,64.80221238806588,64.94653949955459,936810
2025-03-11,64.3692398071289,64.46545543663913,63.59950008948311,64.12869706296235,960910
2025-03-12,64.89842224121094,65.04274933985833,64.41733680624041,64.41733680624041,1542602
2025-03-13,64.3692398071289,65.23519515428494,64.3692398071289,65.23519515428494,989496
2025-03-14,64.51356506347656,64.60978069021532,64.27302232623882,64.36923795297756,683229
2025-03-17,64.80220794677734,65.04275066917873,64.65788084518024,64.70599232597306,830236
2025-03-18,65.09086608886719,65.23519319919806,64.85032335190965,64.94653897853631,1034287
2025-03-19,64.75410461425781,65.23519006505978,64.70599313286505,65.04275148027014,850572
2025-03-20,65.18708038330078,65.23519186602176,64.8984261685381,65.23519186602176,676453
2025-03-21,64.94654083251953,65.18708357634368,64.89842934744192,65.18708357634368,632277
2025-03-24,64.94654083251953,65.0427564618928,64.85032520314627,64.99465231759716,604943
2025-03-25,64.80220794677734,65.28329339158012,64.65788084518024,64.99464652916726,667071
2025-03-26,64.89842224121094,64.94653372102046,64.80220662237306,64.94653372102046,705873
2025-03-27,64.9946517944336,64.9946517944336,64.56167045456615,64.80221319645409,797143
2025-03-28,64.65789031982422,64.8022174425703,64.32113192727165,64.8022174425703,928784
2025-03-31,63.40706253051758,63.984363591001944,63.40706253051758,63.984363591001944,1208394
2025-04-01,64.32112884521484,64.41734447550776,63.98437046879863,63.98437046879863,306379
2025-04-02,64.27302551269531,64.32112965805865,64.08058690889554,64.27302551269531,1008378
2025-04-07,57.87458801269531,57.87458801269531,57.87458801269531,57.87458801269531,177163
2025-04-08,58.740535736083984,59.46216394824813,53.0637293359605,53.0637293359605,2631733
2025-04-09,56.671871185302734,58.88486366598578,56.38321696010808,58.40377818451595,929797
2025-04-10,61.7232666015625,61.771370743573186,60.616768564373956,60.95352692157526,3830419
2025-04-11,60.8573112487793,60.90541906114286,59.75081321246335,60.183790864517015,2402878
2025-04-14,60.7610969543457,61.530832980187576,60.66487765712116,61.09785531865437,912226
2025-04-15,61.33839797973633,61.38650579309324,60.85731250538546,60.85731250538546,629977
2025-04-16,61.14596176147461,61.14596176147461,60.616768484969704,61.09785394913613,621432
2025-04-17,60.712982177734375,61.14595981578479,60.6648743669267,61.14595981578479,1008104
2025-04-18,60.66487503051758,60.85730994624393,60.61676721918367,60.61676721918367,696889
2025-04-21,60.32811737060547,60.71298353606815,60.32811737060547,60.664875724184164,637564
2025-04-22,60.08757781982422,60.231901263111844,59.89514289171642,60.183793448682636,733407
2025-04-23,60.90542221069336,61.09785714048964,60.18379397675057,60.18379397675057,854793
2025-04-24,60.61677169799805,60.905422257719835,60.47244458294165,60.905422257719835,399213
2025-04-25,60.95352554321289,61.145960458858106,60.85730992058565,60.90541773189927,1071236
2025-04-28,61.33839797973633,61.33839797973633,61.001639615847076,61.145963055917804,737158
2025-04-29,61.81948471069336,61.81948471069336,61.38650704089825,61.43461485523305,686221
2025-04-30,61.81948471069336,62.06002745275831,61.72326908202376,61.7713732259676,601263
2025-05-02,62.396785736083984,62.396785736083984,62.01191588116282,62.156242994356,698061
2025-05-05,62.44489669799805,62.68543943771238,62.01191536204313,62.39678521374244,951192
2025-05-06,62.92597961425781,63.118410861878225,62.44489415442523,62.63732540204564,1584250
2025-05-07,63.0703125,63.50328651721357,62.92598538066807,63.21463227854971,649196
2025-05-08,62.97408676147461,63.16652535906152,62.97408676147461,63.022198246066814,748803
2025-05-09,63.551387786865234,63.551387786865234,62.82975964700279,62.92597526416157,789128
2025-05-12,63.74382019042969,63.936251428277004,63.69570871057727,63.69570871057727,420385
2025-05-13,63.695701599121094,64.08057137262722,63.695701599121094,63.791924548082896,542294
2025-05-14,64.0805892944336,64.17680492952425,63.74383090122512,64.03248514727947,1393162
2025-05-15,64.32112884521484,64.36924033075232,64.0324819543361,64.08058609909155,679109
2025-05-16,64.4654541015625,64.60978121322984,64.27302284652728,64.27302284652728,795404
2025-05-19,64.3692398071289,64.7059981808057,64.3692398071289,64.46545543663913,578466
2025-05-20,64.31389617919922,64.55659012704525,64.2653544270574,64.55659012704525,564825
2025-05-21,65.09052276611328,65.09052276611328,64.36244088911619,64.45951699142942,611972
2025-05-22,64.75074768066406,64.99344164859224,64.60513722505286,64.89636554270739,1081202
2025-05-23,64.55659484863281,64.75074705853709,64.50805309294073,64.70221270927705,411248
2025-05-26,64.508056640625,64.70221626763933,64.45952228869577,64.5565983989867,773517
2025-05-27,63.828514099121094,64.41097814573538,63.828514099121094,64.41097814573538,848085
2025-05-28,63.92559051513672,64.16828448626968,63.44020257287079,63.828514407969976,629608
2025-05-29,63.53728103637695,64.07121075524364,63.537281036376946,63.97413464447675,1008487
2025-06-02,62.8091926574707,63.0033522655339,62.61504045583925,63.0033522655339,649832
2025-06-03,63.100433349609375,63.29458556657371,62.76066326670564,63.00335724112721,733572
2025-06-04,63.197509765625,63.34312763227302,63.10043365667044,63.29458587457955,866348
2025-06-05,62.90627670288086,63.1975050078195,62.85773494884185,63.1975050078195,655641
2025-06-06,63.294586181640625,63.44020404899508,62.9062817439386,62.9062817439386,565394
2025-06-09,63.53728103637695,63.68289890574355,63.48874668420975,63.537281036376946,801968
2025-06-10,64.02266693115234,64.26536090345607,63.53727898654487,63.53727898654487,861345
2025-06-11,64.02266693115234,64.55659663279346,63.97413258055095,64.02266693115234,764326
2025-06-12,64.1197509765625,64.16828532756608,64.0712092191266,64.1197509765625,527423
2025-06-13,64.41098022460938,64.41098022460938,63.82851615919597,64.11975189511888,895723
2025-06-16,64.45951843261719,64.50805278164302,64.216824468192,64.45951843261719,814290
2025-06-17,64.36244201660156,64.75074643265675,64.31390026137868,64.65367032864296,363500
2025-06-18,64.508056640625,64.508056640625,64.26536266168144,64.36244617840484,1074428
2025-06-19,64.07121276855469,64.21683064249704,64.07121276855469,64.21683064249704,717337
2025-06-20,63.682899475097656,64.07121132806944,63.63436512249654,64.02266956903576,740444
2025-06-23,63.34312438964844,63.48874224884207,62.906278218499516,63.39166614485698,865567
2025-06-24,63.92559051513672,63.974132271936206,63.68289654400375,63.68289654400375,606148
2025-06-25,64.1197509765625,64.16828532756608,63.97413311068711,64.1197509765625,615500
2025-06-26,64.2653579711914,64.70221154526497,64.1197475195988,64.1197475195988,779500
2025-06-27,64.65367126464844,64.75074737006763,64.45951905381006,64.60513691515489,697189
2025-06-30,64.36244201660156,64.79928818787964,64.36244201660156,64.55659422462917,598764
2025-07-01,64.508056640625,65.18760422552644,64.36244617840484,64.5565983989867,784080
2025-07-02,64.7992935180664,64.84783527728219,64.5080577756369,64.5080577756369,439623
2025-07-03,65.38175201416016,65.38175201416016,64.99344019288596,64.99344019288596,954575
2025-07-04,65.1390609741211,65.72152502894856,65.1390609741211,65.38175494750189,607289
2025-07-07,65.38175201416016,65.43029376923141,64.99344019288596,65.13905805166777,908324
2025-07-08,65.18760681152344,65.43030080009468,65.04198893709413,65.38175903980733,454751
2025-07-09,64.94490814208984,65.13906035638034,64.8478320349446,65.13906035638034,568625
2025-07-10,65.18760681152344,65.18760681152344,64.75075318823554,64.84783670881023,694103
2025-07-11,65.5273666381836,65.5759083908586,65.23613093499681,65.23613093499681,707305
2025-07-14,65.62445068359375,65.72152679426713,65.28468059302067,65.38175670369405,627155
2025-07-15,65.57591247558594,65.72152292981782,65.33321850995672,65.62444682485254,378463
2025-07-16,65.67298889160156,65.8186067529552,65.23613530754066,65.47882927431935,838238
2025-07-17,65.86714172363281,65.91568348001918,65.67298951095168,65.67298951095168,702592
2025-07-18,65.86714172363281,66.25545355542725,65.72152386090589,66.01275958635975,649045
2025-07-21,65.67298889160156,66.01275896380533,65.624447135673,65.86714110245168,698338
2025-07-22,65.5273666381836,65.81860234137038,65.5273666381836,65.81860234137038,640045
2025-07-23,66.0613021850586,66.0613021850586,65.77006645589134,65.77006645589134,665076
2025-07-24,65.72152709960938,65.96422108063663,65.67299274726344,65.96422108063663,390163
2025-07-25,65.57591247558594,65.6729885805512,65.52737071988727,65.62444682485254,1122308
2025-07-28,65.47882843017578,65.81860590443127,65.33321797713143,65.57591194078134,780285
2025-07-29,64.7992935180664,65.2361397252781,64.7992935180664,65.2361397252781,659816
2025-07-30,65.18760681152344,65.23614116537803,64.79929494852288,64.79929494852288,664217
2025-07-31,64.84783172607422,64.89636607619956,64.7022138628338,64.89636607619956,137457
2025-08-01,64.84783172607422,64.84783172607422,64.21682592298724,64.31390202967012,1098571
2025-08-04,65.23613739013672,65.28467914761494,64.45952111551148,64.50805546655737,734100
2025-08-05,65.4302978515625,65.57591571942972,65.28467998369528,65.28467998369528,551230
2025-08-06,65.47882843017578,65.52737018547856,65.28467622182865,65.28467622182865,597432
2025-08-07,65.33322143554688,65.67299152135611,65.33322143554688,65.52737365417147,718533
2025-08-08,65.28468322753906,65.33322498805087,65.13906535243643,65.33322498805087,660275
2025-08-11,65.04198455810547,65.18760242273096,64.99344280108622,65.13906066571171,812845
2025-08-12,65.23613739013672,65.38175525613906,65.04198517308849,65.04198517308849,594115
2025-08-13,65.4302978515625,65.67299182919704,65.33322174179516,65.33322174179516,758183
2025-08-14,65.818603515625,65.91567961627531,65.47882605370133,65.47882605370133,675389
2025-08-15,65.5273666381836,66.01275453920718,65.4302905392652,66.01275453920718,737602
2025-08-18,65.67298889160156,65.67298889160156,65.28467706346923,65.52737103024793,623783
2025-08-19,65.52791595458984,65.67495092250624,65.33187431637407,65.67495092250624,743517
2025-08-20,65.23384857177734,65.67494596371229,65.13582028156198,65.52791100689778,706818
2025-08-21,65.62593841552734,65.72396671559683,65.38088262237227,65.38088262237227,727059
2025-08-22,65.33187103271484,65.7729684357848,65.2338502185336,65.7729684357848,607545
2025-08-25,65.42989349365234,65.92000505540254,65.38087934607374,65.8219842387543,732200
2025-08-26,64.8907699584961,65.28286071673509,64.8907699584961,65.28286071673509,586423
2025-08-27,64.93978118896484,65.08681615150955,64.93978118896484,64.9887953359827,605003
2025-08-28,65.03779602050781,65.135816827016,64.89076107149147,64.93977521399964,654600
2025-08-29,64.6947250366211,65.23385073666313,64.6947250366211,65.13582244319453,643072
2025-09-01,64.64571380615234,64.93978374280644,64.44967216738904,64.69472795509775,863640
2025-09-02,65.03779602050781,65.03779602050781,64.7927402649833,64.7927402649833,761100
2025-09-03,65.0868148803711,65.0868148803711,64.93977992069796,65.0868148803711,658200
2025-09-04,65.4789047241211,65.57692553640248,65.33186976644471,65.33186976644471,725160
2025-09-05,65.33187103271484,65.62593347525856,65.28285688636984,65.62593347525856,572926
2025-09-08,65.52791595458984,65.67495092250624,65.38088098667345,65.67495092250624,601144
2025-09-09,65.82198333740234,65.92000415270832,65.62593422828155,65.67494837518896,796515
2025-09-10,66.0670394897461,66.16506030560818,65.72396289497435,66.0180253425606,1178074
2025-09-11,65.72396087646484,66.2140724192319,65.72396087646484,66.2140724192319,624319
2025-09-12,65.9690170288086,66.01802369626311,65.77296792346444,65.77296792346444,467280
2025-09-15,65.9690170288086,66.36110028247953,65.92000288284538,65.9690170288086,962715
2025-09-16,65.9690170288086,66.16505865564406,65.92000288284538,66.01802369626311,610650
2025-09-17,65.87098693847656,66.11604270458474,65.87098693847656,66.0670360384682,598259
2025-09-18,66.0670394897461,66.16506030560818,65.87099037951305,65.96901867388401,648367
2025-09-19,66.31209564208984,66.41011645850394,66.11604653075275,66.21407482567575,675179
2025-09-22,66.3611068725586,66.45913517421985,66.26308604940677,66.3611068725586,640033
2025-09-23,66.60615539550781,66.65516954098551,66.26307881268976,66.36109962513655,522644
2025-09-24,66.9492416381836,66.99824830674942,66.60615756567852,66.6551717127532,869288
2025-09-25,66.70418548583984,67.2923178548943,66.70418548583984,66.9492412628216,672545
2025-09-26,66.55714416503906,66.65516497076504,66.26307426935304,66.65516497076504,646483
2025-09-30,66.9492416381836,67.29231823217982,66.75319252839371,66.90022749110891,765331
2025-10-01,66.70418548583984,67.0962687462036,66.65517133903997,66.9492412628216,632258
2025-10-02,66.80220794677734,67.14528454730264,66.7041871292714,66.94924291229076,752180
2025-10-03,66.31209564208984,66.65517223879361,66.31209564208984,66.65517223879361,562393
2025-10-07,66.75318908691406,66.94923818659657,66.1160426003357,66.31209170001823,768616
2025-10-08,66.9492416381836,67.0472624538241,66.75319252839371,66.75319252839371,594959
2025-10-09,67.0472640991211,67.43935484981365,67.0472640991211,67.19429906544444,781118
2025-10-13,66.50813293457031,66.50813293457031,65.92000059595861,66.26307717027306,687683
2025-10-14,66.55714416503906,67.24329728362899,66.55714416503906,66.94923486645106,1041157
2025-10-15,66.70418548583984,66.80220630093078,66.55715052394902,66.55715052394902,677060
2025-10-16,66.80220794677734,67.09627039929516,66.7041871292714,66.75319379876987,626178
2025-10-17,66.90023040771484,67.19430034596562,66.90023040771484,66.99825122762871,802219
2025-10-20,67.29231262207031,67.48835423700748,67.1452776716133,67.2432984790819,404102
2025-10-21,67.1452865600586,67.88045393115412,67.1452865600586,67.34132820094705,866843
2025-10-22,67.39033508300781,67.48835589288142,67.1942934632606,67.29231427313421,567069
2025-10-23,67.34132385253906,67.34132385253906,67.19429637062129,67.19429637062129,595252
2025-10-27,67.1452865600586,68.12550972151931,67.04726573961437,67.63539814078895,822568
2025-10-28,66.55714416503906,67.14527647790302,66.55714416503906,67.14527647790302,589002
2025-10-29,66.50813293457031,66.70418203311317,66.4101121245531,66.70418203311317,351029
2025-10-30,66.41011810302734,66.60615974071013,66.06704149782792,66.60615974071013,137078
2025-10-31,66.01802062988281,66.31209053498586,66.01802062988281,66.31209053498586,830620
2025-11-03,66.21407318115234,66.41011480911153,66.0180240746844,66.0180240746844,656148
2025-11-04,66.1650619506836,66.65517352068866,66.1650619506836,66.2630827689828,644501
2025-11-05,66.11604309082031,66.11604309082031,65.4789040780238,66.06703642441748,924352
2025-11-06,66.21407318115234,66.45912895535571,66.06703822092858,66.116044888664,660270
2025-11-07,65.92000579833984,66.01802661609283,65.7239641628339,65.82198498058688,688486
2025-11-10,65.92000579833984,65.96901994647085,65.82198498058688,65.92000579833984,648172
2025-11-11,66.11604309082031,66.26307804704587,66.01802227950613,66.11604309082031,626138
2025-11-12,66.41011810302734,66.50813892186873,66.2630831355107,66.2630831355107,634056
2025-11-13,66.11604309082031,66.36109885836007,66.11604309082031,66.36109885836007,588146
2025-11-14,65.82198333740234,66.0670391149217,65.62593422828155,65.8709900058009,870257
2025-11-17,65.62593841552734,65.9690225087519,65.47891092244174,65.821987537157,668491
2025-11-18,64.8907699584961,65.42989568588837,64.8907699584961,65.13582574758182,704625
2025-11-19,64.84325408935547,65.1897432494825,64.84325408935547,65.14024911397705,580660
2025-11-20,65.68473052978516,65.78372635460941,65.23924554162735,65.23924554162735,952208
2025-11-21,65.4372329711914,65.68472629373971,65.33823715275145,65.38773883841984,575418
2025-11-24,66.08071899414062,66.13022068121265,65.58573233500849,65.58573233500849,591200
2025-11-25,65.48673248291016,66.1302166107535,65.33823498373145,66.1302166107535,663399
2025-11-26,65.78372192382812,65.93221942751128,65.58573028751509,65.6847261056716,595046
2025-11-27,66.13021850585938,66.13021850585938,65.68472599555672,65.83322349899093,993184
2025-11-28,66.03121948242188,66.03121948242188,65.83322783340513,66.03121948242188,284392
2025-12-01,66.03121948242188,66.17971699563307,65.93222365791351,66.03121948242188,782194
2025-12-02,66.4767074584961,66.52620159090392,66.22921413776669,66.22921413776669,711207
2025-12-03,66.2787094116211,66.92219356717891,66.2787094116211,66.82319774776161,561688
2025-12-04,66.52620697021484,66.52620697021484,66.32821531878042,66.32821531878042,601971
2025-12-05,66.67469787597656,66.67469787597656,66.42720455976811,66.52620037567218,396044
2025-12-08,66.67469787597656,67.02118700808907,66.5757020600725,66.67469787597656,655200
2025-12-09,66.62520599365234,66.67470012682692,66.47670848833488,66.67470012682692,574378
2025-12-10,66.62520599365234,66.77369594607295,66.62520599365234,66.77369594607295,574318
2025-12-11,66.52620697021484,66.67470448523935,66.3777170080877,66.67470448523935,578584
2025-12-12,67.02118682861328,67.21918601278779,66.7736935130676,66.7736935130676,774200
2025-12-15,67.21919250488281,67.26868664103418,66.67470413693644,66.82320165118522,669100
2025-12-16,67.26868438720703,67.41718189648041,66.82319941228397,66.82319941228397,947543
2025-12-17,68.01116180419922,68.35765849700974,67.66467266428549,67.66467266428549,910195
2025-12-18,68.25865936279297,68.40715687565803,67.9616718899601,68.01116602565028,693374
2025-12-19,68.75364685058594,68.80314853975909,67.86267686864794,67.86267686864794,781389
2025-12-22,68.85264587402344,69.00113582635628,68.60515254960625,68.75364250193907,1125044
2025-12-23,68.55564880371094,68.65464461992397,68.4566529874979,68.4566529874979,586088
2025-12-24,68.55564880371094,68.70414630447881,68.5061471191561,68.55564880371094,983005
2025-12-26,68.80314636230469,68.80314636230469,68.40715552014366,68.65464885238217,830201
2025-12-29,68.65464782714844,68.9516428425584,68.60515369317811,68.80314533485343,663080
2025-12-30,68.70414733886719,68.70414733886719,68.50614815056348,68.6051515211637,667060
2025-12-31,68.30815887451172,68.60515389077709,68.30815887451172,68.60515389077709,552185
2026-01-02,68.35765838623047,68.40715251876834,68.15965919738865,68.30815670079582,722116
2026-01-05,68.45665740966797,68.75364487749191,68.25865821155489,68.30815989930744,744838
2026-01-06,68.55564880371094,68.85264380524667,68.55564880371094,68.65464461992397,531200
2026-01-07,69.29813385009766,69.34763553829231,68.75364549154516,68.75364549154516,924043
2026-01-08,69.0506362915039,69.79311625162761,69.00113460633698,69.59512461675331,1314050
2026-01-09,69.1496353149414,69.64462197797306,69.0011378054525,69.29813282443031,583090
2026-01-12,69.3476333618164,69.59512668922774,69.3476333618164,69.49612331594565,632509
2026-01-13,69.19913482666016,69.84261897894844,69.14963314075459,69.59512565521423,685200
2026-01-14,69.3476333618164,69.6941225096129,69.3476333618164,69.3971274955605,662123
2026-01-15,69.84262084960938,69.94161667117518,69.5456258320149,69.5456258320149,949990
2026-01-16,70.43659973144531,70.53559554795082,69.89211141132,69.89211141132,750599
2026-01-19,71.42657470703125,71.72356216363599,70.53559723142338,70.53559723142338,1058057
2026-01-20,71.72356414794922,72.11955498727457,71.27807917426885,71.27807917426885,991163
2026-01-21,71.3770751953125,72.02055936690203,71.27807937342881,71.82256772313467,848512
2026-01-22,71.42657470703125,72.1195529920058,71.37707302114872,72.02055717313756,701303
2026-01-23,70.93158721923828,71.77306299899195,70.88208553394234,71.67406718129682,614314
2026-01-26,72.11955261230469,72.1690542979266,71.27807682700963,71.27807682700963,990620
2026-01-27,72.8620376586914,73.10953099826094,72.41655266862517,72.51554849387352,983181
2026-01-28,72.71353912353516,73.25802748410291,72.61454329967663,73.15903166024438,729035
2026-01-29,72.07006072998047,72.26805237285687,71.92156322137464,72.26805237285687,658991
2026-01-30,70.53559875488281,71.67406957869892,70.53559875488281,71.57507375769252,707240
2026-02-02,69.84262084960938,70.28810582310403,69.39712832321767,70.28810582310403,680775
2026-02-03,70.43659973144531,70.73358718096185,70.23860054553762,70.68409304915741,613018
2026-02-04,71.03058624267578,71.12958206483877,70.38710206927074,70.38710206927074,688500
2026-02-05,71.08008575439453,71.17908157352718,70.83259243011446,70.83259243011446,594066
2026-02-06,71.12957763671875,71.12957763671875,70.4365993718216,70.73358681982182,644161
2026-02-09,71.77306365966797,72.26805030559672,71.62456615530999,71.62456615530999,1331042
2026-02-10,71.77306365966797,72.02055698263234,71.67406784106159,71.82256534541958,590529
2026-02-11,72.36705017089844,72.51554768356026,72.07006269847203,72.07006269847203,828553
2026-02-23,73.85200500488281,74.14900000934765,73.50551586827164,73.60451168546102,1193576
2026-02-24,74.49549102783203,74.59448684752219,73.95100269019078,73.95100269019078,891967
2026-02-25,74.44599151611328,74.9904798696591,74.39649738127092,74.74298653675594,869568
2026-02-26,75.03997802734375,75.18846797778264,74.44598801400113,74.44598801400113,879028
2026-03-02,74.24800109863281,74.44599274707026,74.05000945019536,74.39649861140953,550800
2026-03-03,73.4000015258789,74.0,73.25,74.0,655999
2026-03-04,70.9000015258789,72.69999694824219,70.9000015258789,72.69999694824219,838848
2026-03-05,71.6500015258789,72.30000305175781,71.19999694824219,72.1500015258789,722477
2026-03-06,71.9000015258789,72.05000305175781,71.1500015258789,71.1500015258789,567042
2026-03-09,70.75,70.75,69.75,69.94999694824219,783249
2026-03-10,70.9000015258789,71.5,70.69999694824219,71.5,665212
2026-03-11,71.5,71.8499984741211,71.44999694824219,71.55000305175781,481347
2026-03-12,71.3499984741211,71.4000015258789,71.05000305175781,71.3499984741211,675100
2026-03-13,71.05000305175781,71.25,70.9000015258789,70.9000015258789,607283
2026-03-16,71.44999694824219,71.5999984741211,71.0999984741211,71.0999984741211,573098
2026-03-17,71.69999694824219,71.94999694824219,71.55000305175781,71.94999694824219,350038
2026-03-18,71.94999694824219,72.19999694824219,71.75,72.1500015258789,606248
