Price,Close,High,Low,Open,Volume
Ticker,00733.TW,00733.TW,00733.TW,00733.TW,00733.TW
Date,,,,,
2021-03-18,24.61430549621582,24.66893434285599,24.419201621915533,24.419201621915533,309032
2021-03-19,24.676738739013672,24.778192098956286,24.34896416981721,24.372375682136962,248200
2021-03-22,25.628843307495117,25.628843307495117,25.105963411797756,25.223026919251264,309189
2021-03-23,25.137182235717773,25.948815060368386,24.97329569719664,25.948815060368386,426004
2021-03-24,25.605432510375977,25.605432510375977,24.95768624463336,24.95768624463336,315249
2021-03-25,25.137182235717773,25.839557368020962,25.051336055430845,25.60543331626951,292123
2021-03-26,26.10489845275879,26.128309964549224,25.38691466168112,25.38691466168112,425195
2021-03-29,26.93994140625,27.470624144799835,26.417061512216193,26.53412501929726,463406
2021-03-30,26.986772537231445,27.25211097992366,26.846297492836026,27.25211097992366,390000
2021-03-31,27.064809799194336,27.337954033587028,27.064809799194336,27.236502161983385,322340
2021-04-01,27.392581939697266,27.400387761582618,27.080417536404973,27.314541583136386,320350
2021-04-07,29.312402725219727,29.687001750127045,28.547596010569567,28.90658637064136,813750
2021-04-08,29.733835220336914,29.858701605868713,29.343627393418846,29.351433217104905,885420
2021-04-09,29.655792236328125,30.287929932050726,29.56214319968192,30.014782691012922,915027
2021-04-12,30.43620491027832,30.43620491027832,29.88991345750457,29.999171152649534,1432861
2021-04-13,29.81968116760254,30.748377693162602,29.65579459616821,30.58448814467884,887472
2021-04-14,29.226560592651367,30.280120309609572,28.05593736178722,30.186471284714113,1173489
2021-04-15,29.975759506225586,29.975759506225586,29.367036363392042,29.445076723276223,477053
2021-04-16,31.20882225036621,31.20882225036621,30.17086803691596,30.358169097398108,823471
2021-04-19,33.24570083618164,33.737363460295526,31.84095345861956,32.07507752537173,1538240
2021-04-20,33.089622497558594,34.02611883214766,32.87110410604513,33.31594075808971,1349406
2021-04-21,33.050601959228516,33.08181930007226,32.77745766946939,33.04279911254232,608839
2021-04-22,32.621368408203125,33.9246638853603,32.12970579299601,33.68273400043799,1267150
2021-04-23,32.89451599121094,33.03499102567546,31.98923408968901,32.62136876773036,866000
2021-04-26,33.557865142822266,33.57347380943687,33.24569776462767,33.40178145372497,771590
2021-04-27,33.51885223388672,33.940277392727296,33.2457049744681,33.84662537272979,505369
2021-04-28,33.901248931884766,34.08854996556322,33.55786717669803,33.79979705831417,961100
2021-04-29,34.392913818359375,34.455348492737144,33.8466223257504,34.260244600880306,561100
2021-05-03,33.909053802490234,34.588014448552,33.83101046687754,34.463148088620535,684075
2021-05-04,32.26237869262695,33.90905596600802,31.27125059497463,33.87003578423647,1283315
2021-05-05,32.395050048828125,33.10522812142152,31.786326837190717,32.363835687575644,664305
2021-05-06,32.18433380126953,33.081809763950965,31.716082754739173,32.73842804480093,720000
2021-05-07,33.019378662109375,33.019378662109375,32.129702551059395,32.73842862462503,690118
2021-05-10,33.62030029296875,33.76857816236761,33.237895398031235,33.550062780716914,994477
2021-05-11,32.09068298339844,33.47201870922504,31.606826230237584,32.95694462307349,1081487
2021-05-12,29.86650848388672,31.872176546884678,28.88318305819265,31.41173117578498,956316
2021-05-13,29.437274932861328,30.19427597741815,28.290063143755425,28.695879579201385,640176
2021-05-14,29.265579223632812,30.436202392578124,28.99243500836504,30.014777337266132,615098
2021-05-17,27.5096492767334,28.937811221360192,27.21309052187853,27.790599362695996,884362
2021-05-18,29.530921936035156,29.530921936035156,27.938873639445543,28.375907380778614,788135
2021-05-19,30.32694435119629,30.48302803397024,29.577746246339693,29.73382695206501,929179
2021-05-20,29.59335708618164,30.584485220702323,29.577751394531745,30.13964858245159,947145
2021-05-21,30.428401947021484,30.576679821707394,29.967956678519148,30.32694709747381,644485
2021-05-24,31.21661949157715,31.36489736242456,30.01477892665971,30.01477892665971,637349
2021-05-25,31.544389724731445,31.887774413507007,31.333680181953696,31.57560705590169,805012
2021-05-26,32.14531707763672,32.2467719379019,31.544396716141765,31.83315262789272,839004
2021-05-27,32.21554946899414,32.395044668845664,31.801930224860147,32.10629178013224,435149
2021-05-28,33.04279708862305,33.16766346730032,32.605763274727934,32.62917776745132,607380
2021-05-31,33.276912689208984,33.72174923585645,33.198872338833425,33.198872338833425,673315
2021-06-01,33.838809967041016,33.838809967041016,33.22228112760331,33.557859965421386,637283
2021-06-02,34.08855056762695,34.33828329890965,33.55786776938898,34.19780826543201,631524
2021-06-03,34.33828353881836,34.4085210560479,34.088550805790874,34.268046021588816,665050
2021-06-04,33.909053802490234,34.346084573725925,33.823207621840695,34.338281728689076,604881
2021-06-07,33.60469436645508,34.205614692045884,32.55893741934429,34.06513965608705,690185
2021-06-08,33.76858139038086,34.04172564355469,33.60469483847656,33.60469483847656,521124
2021-06-09,33.58908462524414,33.94027220392156,33.44080377144204,33.79199135011946,605621
2021-06-10,33.2222900390625,33.67493249132047,32.89451693395081,33.63590933181271,579056
2021-06-11,33.57347106933594,33.643708574844844,33.39397588349062,33.432996058318125,401787
2021-06-15,34.33828353881836,34.33828353881836,33.79199206892736,33.79199206892736,769587
2021-06-16,33.94807434082031,34.41632245125346,33.82320797956822,34.33828209186422,401043
2021-06-17,34.75970458984375,34.75970458984375,33.635904445185794,33.71394777581408,553254
2021-06-18,35.08747863769531,35.4308633480546,34.7753142375172,34.7753142375172,897563
2021-06-21,35.1499137878418,35.563533037869924,34.806529072755396,35.079676275851284,878400
2021-06-22,35.23575973510742,35.688399160589945,35.14991355689985,35.50890395935991,712879
2021-06-23,34.57240676879883,35.21234725385503,34.48656058569757,35.21234725385503,827220
2021-06-24,35.196739196777344,35.196739196777344,34.424129489562894,34.45534682524099,623545
2021-06-25,35.55573654174805,35.84448948613525,35.50891053304365,35.52451920261178,631607
2021-06-28,36.57027816772461,36.718556070834545,35.7586451698556,36.00057509529236,733712
2021-06-29,36.40638732910156,37.272646106268674,36.13324009488926,36.8200066262484,1110140
2021-06-30,37.13217544555664,37.13217544555664,36.406388703916186,36.406388703916186,618287
2021-07-01,37.28825759887695,38.15451941870006,36.91365845623305,37.459949988982245,999248
2021-07-02,37.561405181884766,37.756509089781666,37.264846408307655,37.69407441027096,958520
2021-07-05,38.123294830322266,38.16231798578027,37.225818818715034,37.85015060440893,910778
2021-07-06,38.97394943237305,38.97394943237305,38.232557080754155,38.35742344306303,1418730
2021-07-07,40.34748077392578,40.542584643260966,38.99736235537216,38.99736235537216,1358052
2021-07-08,38.90371322631836,39.879232645002865,38.12329769137076,39.41098451485391,3672020
2021-07-09,37.709678649902344,38.81006444208225,37.616029618687826,38.28718745933142,1593961
2021-07-12,37.88917541503906,38.63057080365026,37.45994744596389,38.334012052795956,1194168
2021-07-13,36.796592712402344,38.53691895310195,36.718549374695606,38.53691895310195,1480764
2021-07-14,36.039588928222656,37.4287276002596,35.508906136805386,36.937067966456,1465798
2021-07-15,37.49115753173828,37.49115753173828,36.367357420414805,36.46881225869786,1357820
2021-07-16,37.928192138671875,38.13890468108158,37.1711911274765,37.491161363643336,1352610
2021-07-19,37.61602783203125,37.85015188747181,37.45214129092774,37.83454322016926,656126
2021-07-20,37.15558624267578,37.85015563259554,37.07754289844092,37.61603155398932,606162
2021-07-21,36.71854782104492,38.04525473543392,36.42979492637017,37.77211050764007,1166428
2021-07-22,36.843414306640625,37.17119035817721,36.71854794820974,37.14777586925036,517585
2021-07-23,36.851219177246094,37.381901931138955,36.80439317765011,37.225818242867746,611000
2021-07-26,36.91365051269531,37.132168865001105,36.78878415868431,36.95267069012712,529723
2021-07-27,35.821075439453125,37.069739146189335,35.813269616695905,36.95267562122383,950349
2021-07-28,35.1499137878418,36.242493669079,34.33047813265169,35.71961672863203,959712
2021-07-29,36.47662353515625,36.47662353515625,35.25917422483501,35.46988677722036,545637
2021-07-30,35.74302673339844,36.585876841751066,35.508902695650036,36.2112777859439,609352
2021-08-02,36.07080841064453,36.14104593066157,35.50890825050824,35.74303232488199,557000
2021-08-03,36.02397918701172,36.242494573301194,35.89911282669647,36.10201954581543,525091
2021-08-04,35.821075439453125,36.42199280159866,35.64938306338348,36.164457214543305,1032391
2021-08-05,35.446475982666016,35.82107809955423,35.391847127505095,35.82107809955423,671463
2021-08-06,35.352821350097656,35.649380071955946,35.274780991368615,35.28258383642198,590116
2021-08-09,34.954811096191406,35.56353423591633,34.954811096191406,35.41525636207405,1171010
2021-08-10,34.502166748046875,35.24356202993958,34.338280216052866,35.048458165075644,820200
2021-08-11,33.88563919067383,34.861158554436415,33.573474780499104,34.53338547719563,1921135
2021-08-12,35.09528732299805,35.126501681628575,33.901249538172806,33.901249538172806,1528121
2021-08-13,34.06514358520508,35.11870349936632,33.870039676875265,35.11870349936632,1855240
2021-08-16,33.081809997558594,34.01050627569173,32.70721094391824,33.96368027759345,1300615
2021-08-17,31.606828689575195,33.448609800653585,31.606828689575195,33.440803978274175,1230635
2021-08-18,33.26131057739258,33.29252791451315,30.888849520162545,31.302468817338177,1608300
2021-08-19,31.981422424316406,33.08961382962462,31.98142242431641,32.9491388208243,1348045
2021-08-20,32.5199089050293,32.75403591110307,31.552195457845414,32.00483485035438,1268500
2021-08-23,33.6749382019043,33.6749382019043,32.88671668814713,32.88671668814713,1234201
2021-08-24,33.87783432006836,34.190001688627056,33.47982375335225,34.18219586703633,957368
2021-08-25,34.322669982910156,34.33827864863264,34.018308443943226,34.02611128828018,803357
2021-08-26,34.68947219848633,35.01724530433498,34.43973945773047,34.43973945773047,1430346
2021-08-27,34.416324615478516,34.689471844615085,34.14318036339102,34.54119098458267,763565
2021-08-30,34.43193817138672,34.65045658112464,34.283660267355216,34.5646103819829,700061
2021-08-31,34.790924072265625,34.790924072265625,34.26804414441111,34.455345172446016,890220
2021-09-01,35.00163650512695,35.07967984697725,34.74410091964371,34.806532616074854,737577
2021-09-02,34.34608459472656,35.11869724399597,34.31487023751125,35.11869724399597,806100
2021-09-03,34.49436950683594,34.7284935872955,34.431934830953814,34.5021723527966,551013
2021-09-06,34.244632720947266,34.79092416232699,34.190003874514176,34.61923180093794,709697
2021-09-07,33.909053802490234,34.447539421498,33.55786623485523,34.244632703002694,737381
2021-09-08,32.73062515258789,33.76857920146532,32.73062515258789,33.690535864868025,1049047
2021-09-09,33.40178298950195,33.40178298950195,32.65258481984613,32.65258481984613,506300
2021-09-10,33.651519775390625,33.71395445225732,33.30033216063862,33.425201514372,464428
2021-09-13,33.65932083129883,33.885639060263635,33.58908331829628,33.65151500927142,401168
2021-09-14,33.417396545410156,33.69834664439304,33.38617920617887,33.69834664439304,353067
2021-09-15,33.11302947998047,33.417391044762915,32.894514095428725,33.38617371067014,515171
2021-09-16,33.11302947998047,33.39397953271776,33.01938045475099,33.11302947998047,514047
2021-09-17,33.36276626586914,33.36276626586914,32.9803613192359,33.11303351677979,377443
2021-09-22,32.512115478515625,32.70721938872684,32.309208721797695,32.4340751052509,1026406
2021-09-23,33.120826721191406,33.144241206323855,32.878899865526655,32.878899865526655,390268
2021-09-24,33.37056350708008,33.60469052494669,33.308131818818026,33.308131818818026,339815
2021-09-27,33.136444091796875,33.47982884484187,33.12864124606818,33.38617683380281,425134
2021-09-28,32.6603889465332,33.081814049894035,32.46528506279753,33.081814049894035,610095
2021-09-29,31.645849227905273,32.15312051453633,31.54439437516926,32.09849166545902,1073000
2021-09-30,32.324806213378906,32.324806213378906,31.52878508148666,31.692671609991027,571699
2021-10-01,31.20882225036621,32.036060910118195,31.12297605502228,32.036060910118195,957696
2021-10-04,30.264509201049805,31.57560735200959,30.2645092010498,31.349286164475778,1332293
2021-10-05,31.068340301513672,31.16198932243823,29.421663216925953,29.850891121299608,1574270
2021-10-06,30.553266525268555,31.450742520255574,30.4752231928466,31.450742520255574,1076135
2021-10-07,31.66925811767578,31.762907131382722,30.623501370628148,30.623501370628148,863260
2021-10-08,31.645849227905273,31.97362529941816,31.528788684332028,31.90338778245461,892714
2021-10-12,31.138586044311523,31.638051590696254,31.068348515785576,31.599031403081728,863890
2021-10-13,30.498640060424805,31.48976515459128,30.397185208885706,31.450744973860537,953405
2021-10-14,30.709352493286133,31.060540106684485,30.28793033425735,30.826416023435332,703679
2021-10-15,31.318071365356445,31.35709154060682,31.216616528066638,31.240028037807154,532152
2021-10-18,31.32587432861328,31.599021510500844,31.208813802417374,31.450740676118052,1420333
2021-10-19,32.02566146850586,32.1079883876305,31.334104669918688,31.334104669918688,707400
2021-10-20,31.861007690429688,32.36321011302473,31.819844226732105,32.10799161318616,716112
2021-10-21,32.05036926269531,32.313819257626406,31.861014775124318,31.861014775124318,679030
2021-10-22,32.462005615234375,32.53610111196448,32.0668306795309,32.0668306795309,553500
2021-10-25,32.906578063964844,32.9230440785912,32.5361005862999,32.5361005862999,711460
2021-10-26,32.931278228759766,33.21942565703284,32.923046791054,33.046537200069,697899
2021-10-27,33.64753341674805,33.65576799521267,32.9312789783294,32.9312789783294,1157397
2021-10-28,33.79572677612305,33.94391779308773,33.6393043206922,33.85335626710135,1050711
2021-10-29,33.86158752441406,34.042707418047776,33.7051619437564,33.91921700973907,853473
2021-11-01,34.643699645996094,34.66016251829116,33.98507169364357,33.98507169364357,1332198
2021-11-02,34.141502380371094,35.096509286227636,33.95214791479115,34.98948175678808,1076553
2021-11-03,34.1579704284668,34.47904989532171,33.84512239948726,34.24029736950649,605630
2021-11-04,34.0838737487793,34.602539112454544,34.04270713910897,34.34732371969823,471058
2021-11-05,34.27322769165039,34.306156582079964,33.82865469485209,34.108570677217166,601470
2021-11-08,34.24852752685547,34.61900502882522,34.21559863601367,34.29792557397523,605000
2021-11-09,34.6766357421875,34.78366327778686,34.380253730110184,34.380253730110184,1011473
2021-11-10,34.76719665527344,34.8906902050095,34.610774214102996,34.67663513754318,499740
2021-11-11,34.83305740356445,35.047109310083975,34.54490686179952,34.74249589445465,438544
2021-11-12,35.137672424316406,35.38465637098943,34.98124999089012,34.98124999089012,546570
2021-11-15,35.12943649291992,35.442284488289914,35.02241210918034,35.26116460934615,523822
2021-11-16,35.00594711303711,35.392890614868435,34.93185161567731,35.27762850964222,467163
2021-11-17,35.154144287109375,35.154144287109375,34.907160299352576,35.03888530219432,566204
2021-11-18,35.23646545410156,35.442285933553755,35.12120648809974,35.21999943887683,538117
2021-11-19,35.06357955932617,35.598714101112584,35.005950072127206,35.3187981030441,558010
2021-11-22,34.9565544128418,35.244705009109055,34.85776144811357,35.137677465319975,568580
2021-11-23,34.454345703125,34.98948018572335,34.446114266109085,34.95654815651736,568800
2021-11-24,34.6601676940918,34.74249777071562,34.36378883995992,34.51197669674021,408338
2021-11-25,34.100337982177734,34.70133658913141,34.059174511439245,34.70133658913141,673900
2021-11-26,33.49111557006836,34.01801560356619,33.42525149559516,33.93568865104663,1032050
2021-11-29,33.43347930908203,33.50757480758331,32.71722491728381,33.15356333036288,680047
2021-11-30,33.729862213134766,34.042707090295295,33.729862213134766,33.85335262025454,433370
2021-12-01,33.97684860229492,33.97684860229492,33.42524802781083,33.71339861287827,163832
2021-12-02,33.54874038696289,33.943915356983695,33.50757691644288,33.943915356983695,478762
2021-12-03,33.92744827270508,33.97684632011705,33.688695754404286,33.71339634839597,385025
2021-12-06,33.62283706665039,33.86158960082093,33.581673594689995,33.86158960082093,425208
2021-12-07,33.803958892822266,33.88628583377393,33.70516279499448,33.75456084390837,289300
2021-12-08,33.96038055419922,34.19089849600851,33.92744852234892,34.07563952510387,279350
2021-12-09,33.853355407714844,34.10857396169109,33.82865795237159,34.009780999746454,273221
2021-12-10,33.53227233886719,33.845120348892,33.515806323542584,33.845120348892,335372
2021-12-13,33.52404022216797,33.62283317154236,33.48287361440501,33.53227165937782,270086
2021-12-14,32.92304992675781,33.507579417253744,32.8983493301451,33.507579417253744,619074
2021-12-15,33.30998992919922,33.38408543696406,32.890117478912906,32.931280951988555,292244
2021-12-16,33.76279067993164,33.85335219502477,33.50757529074703,33.58990222779277,390500
2021-12-17,33.59813690185547,33.86158686984034,33.54873885514405,33.573436308214085,203300
2021-12-20,33.50757598876953,33.79572341500361,33.49934141055061,33.688695882157496,222148
2021-12-21,33.9521484375,34.034475374907856,33.50757543812635,33.515806875638596,639725
2021-12-22,34.0838737487793,34.27322821909157,33.99331223241878,34.19089814032229,311080
2021-12-23,34.36378860473633,34.42964952501327,34.083872627273976,34.083872627273976,580101
2021-12-24,34.36378860473633,34.57784052135047,34.347322589524275,34.520211038393924,502960
2021-12-27,34.44612121582031,34.51198214694898,34.38849172336831,34.43788977714365,290359
2021-12-28,34.520206451416016,34.61076795276304,34.50374043839194,34.577835926714876,326301
2021-12-29,34.643699645996094,34.67662853115706,34.47904265790796,34.55313814551908,577385
2021-12-30,34.73426055908203,34.75896115048194,34.61077016436676,34.64370219251926,400247
2022-01-03,34.536678314208984,34.98948275706853,34.495514844962,34.874223786948434,536717
2022-01-04,34.34732437133789,34.69310128701482,34.33908979301904,34.56137629905626,538984
2022-01-05,34.32262420654297,34.49551580711683,34.25676328202508,34.34732480123722,402559
2022-01-06,34.0838737487793,34.36378973545209,33.91921673181212,34.31439168819052,574173
2022-01-07,33.47464370727539,34.19913269713588,33.458177691531816,34.17443210323483,749300
2022-01-10,33.581668853759766,33.66399578605796,33.26058942099719,33.40054583401835,468020
2022-01-11,33.28528594970703,33.56520190855958,33.07946548409696,33.56520190855958,850542
2022-01-12,33.408782958984375,33.44171185007176,33.16179586211491,33.42524583424237,413600
2022-01-13,33.27705001831055,33.50757106600219,33.211189105092174,33.449941589222014,303915
2022-01-14,33.08769989013672,33.277054358621996,32.73368840627297,33.277054358621996,797400
2022-01-17,33.73808670043945,33.75455271277759,33.02183243686959,33.25235032846202,709543
2022-01-18,33.78749084472656,34.10033571398735,33.74632737672607,33.75455881409765,746179
2022-01-19,33.449951171875,33.71340118136282,33.342923624091874,33.71340118136282,425600
2022-01-20,33.55697250366211,33.55697250366211,33.293522518318916,33.449948106259384,253010
2022-01-21,32.80778503417969,33.34291956741618,32.799553596384854,33.27705550277168,614158
2022-01-24,32.51963806152344,32.51963806152344,31.902176579342612,32.51963806152344,501182
2022-01-25,31.92687225341797,32.511404810790204,31.910406237942702,32.511404810790204,692718
2022-01-26,31.968040466308594,32.23149044598811,31.836312335897347,31.926873855269335,570856
2022-02-07,32.68429183959961,32.7336867433038,32.06683041872772,32.25618487759322,502449
2022-02-08,32.99714279174805,33.01360566740856,32.68429476448324,32.68429476448324,265086
2022-02-09,33.83688735961914,33.83688735961914,33.170030980805386,33.170030980805386,498822
2022-02-10,33.53227233886719,33.89451525429451,33.35938388881583,33.75455883489235,403105
2022-02-11,33.400550842285156,33.49111236573517,33.244128391235265,33.3429213529209,317254
2022-02-14,32.61843490600586,33.244131041224804,32.53610795480057,33.244131041224804,575333
2022-02-15,32.68429183959961,33.145327690551724,32.60196176580731,32.61842778056577,447647
2022-02-16,33.30998992919922,33.400551454308655,33.170033492627674,33.219428404089776,428245
2022-02-17,33.227657318115234,33.614600808314634,33.095932342387734,33.318218827784975,543577
2022-02-18,33.38407897949219,33.38407897949219,32.84894765187567,33.178258513354045,330451
2022-02-21,33.35115051269531,33.39231712277593,33.12063257098666,33.38408254453124,365520
2022-02-22,32.536102294921875,33.26882271113156,32.23148885976566,33.26882271113156,932250
2022-02-23,32.98890686035156,33.08769981312015,32.593731908705855,32.807783829799696,541300
2022-02-24,32.15739440917969,32.741923845606074,32.0503668752827,32.445541838242995,942870
2022-02-25,32.48670196533203,32.766617927865255,32.272650060134204,32.61019550255035,505377
2022-03-01,33.49111557006836,33.49111557006836,32.89012002307415,32.89012002307415,916662
2022-03-02,33.696929931640625,33.83688635345216,33.26059151002661,33.342918447495585,873928
2022-03-03,33.67223358154297,33.86981949416954,33.67223358154297,33.7463290839208,401100
2022-03-04,33.1370964050293,33.44170982802615,33.09593293823046,33.41701237606109,331500
2022-03-07,32.05036926269531,32.84071924748859,31.795150706105712,32.84071924748859,988475
2022-03-08,31.078889846801758,32.17385621510357,30.996562918005527,31.449367307526845,972945
2022-03-09,31.276487350463867,31.688128387165793,31.235320734336177,31.688128387165793,508500
2022-03-10,32.182090759277344,32.28088371148653,31.86101130916898,31.86101130916898,341768
2022-03-11,32.05036926269531,32.10799875280076,31.984505193676707,32.03390324544066,293200
2022-03-14,31.893943786621094,32.42907516410327,31.81984828628401,32.173859772275485,195100
2022-03-15,30.930702209472656,31.893943711588676,30.914236193817445,31.893943711588676,640979
2022-03-16,31.03772735595703,31.910404134625818,30.873070352628787,31.910404134625818,485000
2022-03-17,32.27265167236328,32.32204657726132,31.745751749642455,31.745751749642455,495600
2022-03-18,32.48670196533203,32.49493654278451,32.09976162048545,32.28088149701558,400061
2022-03-21,32.643123626708984,32.86540694220043,32.643123626708984,32.799546033313895,342310
2022-03-22,32.84894943237305,32.923044929821785,32.544332864766425,32.544332864766425,320491
2022-03-23,33.202964782714844,33.34292121614776,33.08770266388751,33.12063469783818,401953
2022-03-24,33.35115051269531,33.38408254453124,33.13709858690462,33.17826205641382,364612
2022-03-25,33.32645034790039,33.58990030001256,33.26058943015793,33.53227081927372,337324
2022-03-28,33.28528594970703,33.334683992059034,32.832481553479084,33.12886352644896,202026
2022-03-29,33.334686279296875,33.50757472853491,33.23589018781404,33.35114915397273,308500
2022-03-30,33.54874038696289,33.75456088013444,33.524042932765184,33.63106732800292,374811
2022-03-31,33.153568267822266,33.581675307300664,33.12887081150082,33.54874327182422,199501
2022-04-01,33.12063217163086,33.153564203069706,32.848950763688826,33.153564203069706,214110
2022-04-06,32.95597457885742,33.01360406258221,32.857181626839406,32.857181626839406,287748
2022-04-07,32.182090759277344,32.97244065809352,32.173859321831294,32.93127718972063,660212
2022-04-08,32.48670196533203,32.48670196533203,32.19855456591744,32.45376993666433,150234
2022-04-11,31.581098556518555,32.50317353275053,31.53993508393681,32.4867075156035,481568
2022-04-12,31.432907104492188,31.696357094027988,31.20238914879126,31.284716092806846,332916
2022-04-13,31.902172088623047,31.902172088623047,31.688120186782907,31.74574966576183,239000
2022-04-14,32.04212951660156,32.107993574998794,31.96803716176142,31.97626859877549,306048
2022-04-15,31.004798889160156,31.819849421957844,30.955400840315257,31.819849421957844,677260
2022-04-18,30.91423797607422,31.07889500154772,30.584927065698757,30.659022570133256,460000
2022-04-19,31.292945861816406,31.531698383526813,31.26001697030956,31.292945861816406,497078
2022-04-20,31.398990631103516,31.56468197810301,31.225009660178262,31.473553001397235,356689
2022-04-21,31.3741397857666,31.56468739580916,31.3741397857666,31.523264551949545,161221
2022-04-22,30.910194396972656,30.984756769254968,30.794206026475763,30.959900538254228,280106
2022-04-25,29.94917106628418,30.363405780006726,29.91603153069996,30.363405780006726,472855
2022-04-26,29.89118003845215,30.18942639338738,29.742055280804422,29.990595490097228,351024
2022-04-27,29.510082244873047,29.559791551827526,29.112417270318094,29.427236560309208,585450
2022-04-28,29.75033950805664,29.882894501149757,29.510082595462766,29.576361672189485,223500
2022-04-29,29.94917106628418,30.197711262445697,29.833182691739417,29.96573767371623,379514
2022-05-03,29.907745361328125,29.94917136139663,29.725484234539085,29.94917136139663,202630
2022-05-04,30.065153121948242,30.13142902579395,30.01544382379417,30.11485925974259,267377
2022-05-05,30.404827117919922,30.686506835756344,30.363404280665137,30.611944464553765,262672
2022-05-06,29.89946174621582,29.93260128178154,29.684061085758774,29.866322210650104,281176
2022-05-09,28.913583755493164,29.626064795419996,28.913583755493164,29.626064795419996,351462
2022-05-10,28.872156143188477,28.913582139779543,28.408215320822894,28.59876289577445,285500
2022-05-11,28.59047508239746,28.87215477997397,28.408213979513608,28.87215477997397,249705
2022-05-12,28.068544387817383,28.56562476776282,28.002265318299333,28.416500021707193,268800
2022-05-13,28.648475646972656,28.68161202373395,28.34193966913911,28.34193966913911,308510
2022-05-16,29.112417221069336,29.253258677021954,28.84730723848118,28.996431998732053,308150
2022-05-17,29.30296516418457,29.31953493333399,29.13727063305067,29.162126866954964,159000
2022-05-18,29.476943969726562,29.485227273505604,29.327819218823116,29.435517969751093,181000
2022-05-19,29.244972229003906,29.244972229003906,28.73132203249212,28.73132203249212,186113
2022-05-20,29.35266876220703,29.369238528133447,29.244966863865187,29.244966863865187,149515
2022-05-23,29.394092559814453,29.617779666609646,29.25325428536552,29.46037162569146,215140
2022-05-24,28.94672393798828,29.394098237999902,28.94672393798828,29.394098237999902,100958
2022-05-25,29.278108596801758,29.28639190020784,28.979859108423753,28.979859108423753,188076
2022-05-26,28.830738067626953,29.39409758240392,28.797598529025873,29.3443882745023,232226
2022-05-27,29.120704650878906,29.211833642621155,29.07927864693379,29.08756511186697,113200
2022-05-30,29.92431640625,29.96573924772606,29.162126009937783,29.162126009937783,266150
2022-05-31,30.139720916748047,30.14800422108557,29.824901625797082,29.932603544346676,183230
2022-06-01,29.957456588745117,30.1977134989848,29.957456588745117,30.164573960946164,153452
2022-06-02,29.758621215820312,29.874609593868918,29.74205460788781,29.824900288990946,164494
2022-06-06,30.00716209411621,30.023731861036264,29.783474981235358,29.907743492595905,150114
2022-06-07,29.94917106628418,30.00716367337653,29.824899388023393,29.907745066623878,92055
2022-06-08,30.139720916748047,30.18114375915626,30.073441840606666,30.18114375915626,157415
2022-06-09,30.19771385192871,30.22256692556802,30.032019320159215,30.156291009076423,158610
2022-06-10,30.15628433227539,30.172850937460083,29.866318175789115,30.090005270098082,154761
2022-06-13,29.58464241027832,29.667491248999994,29.452087428683697,29.667491248999994,201170
2022-06-14,29.576358795166016,29.61778163391067,29.12070124825478,29.576358795166016,247748
2022-06-15,29.725481033325195,29.866319305238587,29.667488431906772,29.69234150098331,190117
2022-06-16,29.03785514831543,30.239136547336475,29.03785514831543,30.239136547336475,258225
2022-06-17,28.83902359008789,28.89701620056459,28.557343841903823,28.79759758801004,243234
2022-06-20,28.00226593017578,28.905297729751428,28.00226593017578,28.905297729751428,409010
2022-06-21,28.89701271057129,28.91358247732919,28.300513748726235,28.300513748726235,268834
2022-06-22,28.19281578063965,28.897016744536163,28.002268176863502,28.897016744536163,240013
2022-06-23,28.076831817626953,28.499353047000216,27.878000900571667,28.499353047000216,279030
2022-06-24,28.32537078857422,28.56562769969679,28.250808407893434,28.350227022374686,257100
2022-06-27,28.9798583984375,29.079273838674577,28.77274105440033,28.822450354698802,294531
2022-06-28,28.640186309814453,28.996428397237878,28.4993480317149,28.996428397237878,213130
2022-06-29,28.573911666870117,28.573911666870117,28.242522634952124,28.43307022217896,259211
2022-06-30,27.629451751708984,28.35850566971169,27.588028915991057,28.35850566971169,274108
2022-07-01,26.643577575683594,27.679164395572354,26.61872450332152,27.637741554848837,318220
2022-07-04,26.759563446044922,26.95839751086808,26.511023235286164,26.552446077019248,432000
2022-07-05,26.842411041259766,27.206936456058862,26.469599162283362,27.17379692006983,262020
2022-07-06,25.79853630065918,26.76784713041084,25.7736832302727,26.684998295189374,397292
2022-07-07,26.212770462036133,26.221055345389612,25.54999559555706,25.79853577544173,599654
2022-07-08,26.577301025390625,26.759562152276306,26.436459577875226,26.494452185569774,195155
2022-07-11,26.386751174926758,26.8092707660565,26.386751174926758,26.8092707660565,98249
2022-07-12,25.657699584960938,26.262483514741664,25.566569015411087,26.262483514741664,313159
2022-07-13,26.17134666442871,26.303901632857066,25.815104594210055,25.815104594210055,246327
2022-07-14,26.527589797973633,26.535873101175046,25.831675395739953,26.17963259685679,158333
2022-07-15,26.94182777404785,26.94182777404785,26.469600424938214,26.82584255291359,158319
2022-07-18,27.331207275390625,27.463762254813542,27.016388014126193,27.016388014126193,302319
2022-07-19,27.43890380859375,27.52175263927063,27.17379387114722,27.17379387114722,231111
2022-07-20,27.364343643188477,27.76200858135859,27.339490572165342,27.76200858135859,285000
2022-07-21,27.43890380859375,27.463760037976684,27.17379387114722,27.447190271841308,260288
2022-07-22,27.488616943359375,27.662594771521857,27.45547740646361,27.56317932119475,241672
2022-07-25,27.621170043945312,27.704015720165845,27.306350785659347,27.480328601938446,218302
2022-07-26,27.24835968017578,27.621171564410325,27.14894423116662,27.538325883629376,139178
2022-07-27,27.496898651123047,27.505185115046025,27.15722631856096,27.240075155990738,207039
2022-07-28,27.563180923461914,27.80343783938223,27.463765467355717,27.770298300560043,197040
2022-07-29,27.712303161621094,27.977413127311145,27.67088032204954,27.977413127311145,203146
2022-08-01,27.753726959228516,27.836572641231392,27.530039825388528,27.712304118227078,125282
2022-08-02,27.414052963256836,27.629453619769425,27.414052963256836,27.414052963256836,236300
2022-08-03,27.12409019470215,27.6128872787966,27.08266419542429,27.6128872787966,239018
2022-08-04,27.347774505615234,27.554891863205157,26.883833647244245,27.28978189831886,368204
2022-08-05,27.894563674926758,27.91113344246334,27.70401608879613,27.75372539140586,161515
2022-08-08,28.01883316040039,28.01883316040039,27.720583688782966,27.894561493773207,377212
2022-08-09,28.457923889160156,28.457923889160156,27.927703955280226,28.018836098983357,373674
2022-08-10,28.399930953979492,28.61533477485979,28.209383364960804,28.375077882477942,248052
2022-08-11,28.457923889160156,28.971577215421423,28.267376297944562,28.75617339205764,361080
2022-08-12,28.366796493530273,28.457925481973874,28.2756643447264,28.457925481973874,134242
2022-08-15,28.698179244995117,28.805881150900078,28.341937153460186,28.64018664036012,165094
2022-08-16,28.905298233032227,29.02128344888268,28.82245255324193,28.83073585707692,246156
2022-08-17,29.05442237854004,29.070992146224288,28.830735255342756,28.90529762974185,234359
2022-08-18,29.410667419433594,29.410667419433594,28.93844005454194,28.988149362558033,212584
2022-08-19,29.50179672241211,29.974024041713328,29.493510258362587,29.493510258362587,318134
2022-08-22,29.14555549621582,29.493511148152063,29.14555549621582,29.47694454027332,240000
2022-08-23,28.93843650817871,28.996429113577065,28.640187017352893,28.640187017352893,300040
2022-08-24,29.046140670776367,29.22840180459709,28.996431364992418,29.095846816200105,535451
2022-08-25,29.659204483032227,29.69234401818355,29.360954987390336,29.360954987390336,224392
2022-08-26,29.708921432495117,29.97403146122197,29.700634966394436,29.940891917540903,326212
2022-08-29,28.863874435424805,29.021282485947555,28.681610153501616,28.830734900464225,360200
2022-08-30,29.49350929260254,29.576358128584648,29.046138219738932,29.05442152315717,296000
2022-08-31,29.534936904907227,29.626065888927982,29.34438615191443,29.34438615191443,493400
2022-09-01,28.805883407592773,29.162125527036206,28.764460566802644,29.162125527036206,472048
2022-09-02,28.94672393798828,29.062712325679026,28.70647017867278,28.938440633333435,312100
2022-09-05,28.61533546447754,29.145555405022417,28.61533546447754,28.94672134713802,599569
2022-09-06,28.134822845458984,28.905299716417055,28.05197716141715,28.50763474436777,445300
2022-09-07,27.94427490234375,28.17624534311399,27.753727303088162,27.969127975180495,302140
2022-09-08,28.441360473632812,28.515919697365177,28.358511624440546,28.366798089539998,1065710
2022-09-12,29.31953239440918,29.327818858446484,28.905297682625246,28.905297682625246,201180
2022-09-13,29.220115661621094,29.410663241406738,29.145553290369328,29.410663241406738,407161
2022-09-14,29.294675827026367,29.294675827026367,28.424783668163986,28.739599736090778,182738
2022-09-15,29.170406341552734,29.501795360312304,29.153836574578765,29.327817547625486,311000
2022-09-16,28.863874435424805,29.253256070311615,28.814165132983934,29.153837465429874,182300
2022-09-19,28.714752197265625,29.0378547904607,28.681612659409648,29.0378547904607,394156
2022-09-20,29.104127883911133,29.112411186492384,28.805878425232137,28.85558772179851,121228
2022-09-21,28.8555908203125,29.104131009113374,28.764458680334855,29.104131009113374,546222
2022-09-22,29.112417221069336,29.162126527939723,28.49935157146933,28.756175089398948,336129
2022-09-23,28.515918731689453,29.203549935077,28.44964281494049,29.13727085796769,367030
2022-09-26,27.513469696044922,28.499350364893193,27.414054246873384,28.499350364893193,416078
2022-09-27,27.87799835205078,27.87799835205078,27.372631480163644,27.513469770172765,352000
2022-09-28,26.53587532043457,28.035406154088886,26.53587532043457,28.035406154088886,382450
2022-09-29,26.93354034423828,27.29806892372237,26.57730138938995,26.57730138938995,300419
2022-09-30,27.032958984375,27.041242288299983,26.105072506950165,26.676716868758145,218212
2022-10-03,26.742992401123047,27.057811671919985,26.593867649711868,26.70985602553397,164080
2022-10-04,27.679162979125977,27.70401605021623,27.347773949575924,27.37263018102618,233161
2022-10-05,27.836572647094727,28.085116013876085,27.679164587112034,28.085116013876085,380450
2022-10-06,27.977415084838867,28.051977465428692,27.770297712129395,28.051977465428692,250200
2022-10-07,27.844858169555664,28.085115063791278,27.836571705417835,27.94427361668899,195000
2022-10-11,26.618724822998047,27.132375006930687,26.544162444656195,26.8921181033447,366054
2022-10-12,26.56901741027832,26.676719333414475,26.06365049443994,26.61872671950126,364100
2022-10-13,25.193754196166992,26.585583033735567,25.193754196166992,26.569013266578803,471891
2022-10-14,25.955949783325195,26.34532988563397,25.70740956145665,25.70740956145665,264030
2022-10-17,25.574851989746094,25.674267436407828,24.928645265724686,25.59970506132151,351000
2022-10-18,25.773685455322266,26.07193338696757,25.541713437215833,26.07193338696757,227027
2022-10-19,25.546113967895508,25.93965679431435,25.546113967895508,25.768551856138274,260824
2022-10-20,24.895912170410156,25.49478192297806,24.639252306343987,25.49478192297806,341567
2022-10-21,24.442480087280273,24.74191576967421,24.279929008530445,24.63925150104453,278519
2022-10-24,24.536588668823242,24.921576001584203,24.536588668823242,24.827468857198998,599290
2022-10-25,24.160152435302734,24.53658586521086,24.066043669877455,24.53658586521086,210020
2022-10-26,24.006160736083984,24.160156329128764,23.71528053406457,24.160156329128764,238521
2022-10-27,25.126901626586914,25.15256646672214,24.211483709329908,24.211483709329908,418010
2022-10-28,25.221012115478516,25.597445594874774,25.101238494131472,25.15256981302403,364130
2022-10-31,25.52044677734375,25.64022039388822,25.40067316079928,25.554668743095394,161151
2022-11-01,25.90543556213379,25.913991053515243,25.537557591696956,25.537557591696956,134033
2022-11-02,26.42730712890625,26.470084585241878,25.999542356308645,26.02520883011002,204060
2022-11-03,26.82085418701172,26.855074523628378,26.12787564464337,26.179206965464996,704326
2022-11-04,27.103174209594727,27.103174209594727,26.76951823429632,26.820849546236154,810100
2022-11-07,27.607938766479492,27.779045327934565,27.188729485886977,27.188729485886977,507663
2022-11-08,27.428279876708984,27.967261169538922,27.419722753186125,27.92448534268381,691035
2022-11-09,27.890262603759766,27.924484569731145,27.69349119480378,27.71060217778947,377285
2022-11-10,27.530941009521484,27.890261851773953,27.49671904447281,27.804710202738473,380055
2022-11-11,27.84748649597168,28.608907281396437,27.84748649597168,28.608907281396437,404216
2022-11-14,28.318029403686523,28.40358432470588,28.018595339085113,28.018595339085113,302842
2022-11-15,28.318029403686523,28.497693106033903,28.018595339085113,28.497693106033903,196000
2022-11-16,28.626018524169922,28.685905332763838,28.23247570667098,28.489133924014364,225659
2022-11-17,29.558544158935547,29.558544158935547,28.660238818823956,28.660238818823956,521800
2022-11-18,29.370330810546875,29.77242747696779,29.276222038537867,29.541434108469197,478030
2022-11-21,29.601322174072266,29.66976610702032,29.438772728700165,29.438772728700165,269761
2022-11-22,29.421659469604492,29.609877007066064,29.31043971896028,29.601319884316304,186777
2022-11-23,29.661211013793945,29.763876920243074,29.507218681293395,29.601324200158572,148000
2022-11-24,30.174528121948242,30.183081981612553,29.772428182413517,29.772428182413517,1326369
2022-11-25,29.832313537597656,30.28574640378899,29.832313537597656,30.165969529219307,160307
2022-11-28,30.003421783447266,30.07186571562489,29.592767981140458,29.644100930273677,276303
2022-11-29,30.003421783447266,30.10608441812739,29.883648165722736,30.003421783447266,191300
2022-11-30,30.354185104370117,30.422629028266783,30.011975275644552,30.011975275644552,204200
2022-12-01,30.918838500976562,30.970171450670886,30.670734139500187,30.670734139500187,318247
2022-12-02,31.149829864501953,31.149829864501953,30.799062889910306,30.799062889910306,253347
2022-12-05,31.346601486206055,31.5005970628363,31.226827874068345,31.226827874068345,337318
2022-12-06,30.722063064575195,31.38082114654918,30.722063064575195,31.312377222589635,441200
2022-12-07,30.191638946533203,30.73917734259387,30.071865330343215,30.696401517324055,511922
2022-12-08,30.7049560546875,30.73062089769863,30.285748388769466,30.32852421498346,509045
2022-12-09,30.99583625793457,31.14127798344071,30.884616498851802,31.055723067382292,212120
2022-12-12,30.722063064575195,30.876058629898253,30.568067499252138,30.858947648908366,195188
2022-12-13,30.533849716186523,30.97017163217958,30.533849716186523,30.97017163217958,175136
2022-12-14,31.286712646484375,31.30382362761842,30.662176521228528,30.662176521228528,261244
2022-12-15,31.39793586730957,31.5348204679469,31.226829300616327,31.27816224970019,230407
2022-12-16,30.83328628540039,31.30382689312089,30.730620387886386,31.30382689312089,483050
2022-12-19,30.533849716186523,30.83328702911215,30.37985412978737,30.83328702911215,510227
2022-12-20,29.421659469604492,30.790508650403584,29.421659469604492,30.533847185288312,596205
2022-12-21,29.507213592529297,29.755314664694502,29.47299162961478,29.507213592529293,125042
2022-12-22,29.644100189208984,29.9948671738848,29.601321100874234,29.986310050783356,210118
2022-12-23,29.575654983520508,29.58421210625299,29.096557281670297,29.3018858006307,168161
2022-12-26,29.481550216674805,29.64410293479525,29.344665606649787,29.64410293479525,88825
2022-12-27,29.472993850708008,29.71254108198994,29.472993850708008,29.481547710288254,128036
2022-12-28,28.925457000732422,29.43021959614563,28.857013066093,29.43021959614563,252197
2022-12-29,29.079450607299805,29.079450607299805,28.540466081317593,28.66879355463684,112487
2022-12-30,29.276220321655273,29.507213676607428,29.224887377137232,29.344660984093306,289205
2023-01-03,29.772430419921875,29.772430419921875,29.18211615113139,29.47299635537305,196110
2023-01-04,29.85798454284668,29.89220324674724,29.695431829076615,29.77242962412916,116028
2023-01-05,29.14789390563965,29.875092777537525,29.130782921601444,29.857985057085827,390300
2023-01-06,29.079450607299805,29.259111028098474,29.045228642313525,29.147891273686163,246090
2023-01-09,29.87509536743164,29.87509536743164,29.165007418013918,29.165007418013918,438200
2023-01-10,29.82376480102539,30.148866989240556,29.823764801025394,29.98631426333963,773092
2023-01-11,29.601322174072266,29.98631113793919,29.558546347772907,29.98631113793919,168378
2023-01-12,29.51577377319336,29.772432022851614,29.455886957059327,29.772432022851614,96000
2023-01-13,29.472993850708008,29.81520371488416,29.472993850708008,29.729652064736687,131000
2023-01-16,29.746761322021484,29.78953714461401,29.472992141126053,29.515767963718577,171330
2023-01-17,29.772430419921875,29.857985340926206,29.66976777830321,29.686878762504076,106072
2023-01-30,30.2001953125,30.414077720185674,29.9435370759945,29.9435370759945,424917
2023-01-31,30.123193740844727,30.260078334068872,30.011977252565575,30.260078334068872,247680
2023-02-01,30.234413146972656,30.371297738631494,30.07186371424844,30.19163732400166,228364
2023-02-02,30.174528121948242,30.28574787910203,30.05475450513014,30.28574787910203,464547
2023-02-03,29.94353675842285,30.14886530360153,29.85798510169053,30.10608621164886,293097
2023-02-06,30.05475616455078,30.14030782026264,29.943536401256193,29.943536401256193,282211
2023-02-07,30.285743713378906,30.30285143035441,30.123191029839067,30.14030201040041,325408
2023-02-08,30.576623916625977,30.602288755726168,30.371295413066907,30.371295413066907,292179
2023-02-09,30.405519485473633,30.6536238259555,30.405519485473633,30.4654062899229,178260
2023-02-10,30.114641189575195,30.456851055705904,30.114641189575195,30.30285547369189,281000
2023-02-13,30.131750106811523,30.277188555639984,30.088971020839807,30.200190769911373,112677
2023-02-14,30.3969669342041,30.45685374765978,30.13175483563941,30.13175483563941,106106
2023-02-15,30.319965362548828,30.559515850141906,30.114640102996084,30.114640102996084,356100
2023-02-16,30.739181518554688,30.79906833478539,30.422636452251453,30.422636452251453,261220
2023-02-17,30.636512756347656,30.713510542359714,30.542403988601137,30.662177597156322,227000
2023-02-20,30.918838500976562,30.970171450670886,30.781953898711382,30.953060467439446,137445
2023-02-21,30.773399353027344,30.92739493509179,30.653625736663056,30.92739493509179,106093
2023-02-22,30.65362548828125,30.764841980526185,30.456850818892896,30.585181557435515,273294
2023-02-23,31.055721282958984,31.098497106737174,30.739176270696987,30.739176270696987,179319
2023-02-24,30.858949661254883,31.22682761756237,30.85039580199509,31.22682761756237,110001
2023-03-01,30.841840744018555,30.970171486610113,30.713513265013354,30.858951727269854,166485
2023-03-02,31.107051849365234,31.192603490375294,30.893169483254184,30.893169483254184,172057
2023-03-03,31.03861427307129,31.303829636176342,31.038614273071286,31.303829636176342,55112
2023-03-06,31.252492904663086,31.312379711094145,31.098497327101462,31.2011632212,165653
2023-03-07,31.372268676757812,31.42360162734013,31.269606039179582,31.269606039179582,81160
2023-03-08,31.320938110351562,31.35516007644558,31.20971835233917,31.29527326757421,144050
2023-03-09,31.184051513671875,31.39793389269077,31.021498816922406,31.320936105700522,195276
2023-03-10,30.414073944091797,30.91028263483675,30.328522297073906,30.91028263483675,1067420
2023-03-13,30.285743713378906,30.405517313722466,29.934976770835977,30.405517313722466,368116
2023-03-14,29.883647918701172,30.285747857955133,29.883647918701172,30.285747857955133,217556
2023-03-15,29.98630714416504,30.21730049171998,29.98630714416504,29.98630714416504,1016000
2023-03-16,29.541433334350586,29.909311289698703,29.43021684633269,29.644099226717124,369000
2023-03-17,29.98630714416504,29.98630714416504,29.772424777568162,29.866533541044536,154473
2023-03-20,30.21730613708496,30.23441712123979,30.054756682993872,30.054756682993872,141451
2023-03-21,30.465412139892578,30.542409940910485,30.37130335380551,30.39696819961591,111085
2023-03-22,30.799062728881836,30.850395674987645,30.722064941516187,30.7648407648113,112434
2023-03-23,30.918838500976562,30.953060467439446,30.756289055657394,30.756289055657394,108772
2023-03-24,30.97872543334961,31.03005838324751,30.884616656996638,31.02150125980468,128534
2023-03-27,31.089946746826172,31.184055527882546,30.97872698161532,31.021502810208254,120180
2023-03-28,30.88461685180664,31.312381646228264,30.88461685180664,31.107056372514258,205196
2023-03-29,31.12416648864746,31.278162071435073,31.081390663114522,31.20116428004127,86127
2023-03-30,31.235382080078125,31.33804797469521,31.15838429090841,31.33804797469521,127146
2023-03-31,31.303823471069336,31.355156414214754,31.218271829412902,31.218271829412902,98407
2023-04-06,31.320938110351562,31.38937877895328,31.141277683737453,31.29527326757421,155046
2023-04-07,31.278160095214844,31.49204247295229,31.278160095214844,31.363711740875388,191300
2023-04-10,31.423599243164062,31.534818995860736,31.278160789595166,31.278160789595166,250120
2023-04-11,31.714479446411133,31.782923375398095,31.51770804595287,31.51770804595287,253179
2023-04-12,32.090911865234375,32.09946898831086,31.84281077698215,31.877029478529415,208562
2023-04-13,31.96258544921875,32.22779752881536,31.954028325859056,32.22779752881536,144795
2023-04-14,32.04813766479492,32.125135458454366,31.93692116785402,32.03958380487116,240005
2023-04-17,32.1080207824707,32.28768445607163,32.048133979132395,32.048133979132395,216107
2023-04-18,32.236358642578125,32.36468940016844,32.159360840741286,32.27913447391265,267762
2023-04-19,32.364681243896484,32.527230667438054,32.236350518646994,32.236350518646994,150400
2023-04-20,31.859922409057617,32.36468498251506,31.859922409057617,32.36468498251506,143078
2023-04-21,31.32271385192871,32.00923843231799,31.245479632034453,31.854769992529476,153225
2023-04-24,31.554414749145508,31.64881248747786,31.211150841320098,31.32271210240444,153030
2023-04-25,30.4731388092041,31.408529615227387,30.438815033840203,31.408529615227387,269000
2023-04-26,30.75633430480957,30.77349783055203,30.378746559298875,30.473141040470693,176300
2023-04-27,31.32271385192871,31.39994807182297,30.60186222411811,30.74775053885501,252027
2023-04-28,31.42569351196289,31.597325485245708,31.331295762976964,31.580161960556666,213030
2023-05-02,32.489810943603516,32.5498816465693,31.42569526865231,31.42569526865231,331473
2023-05-03,32.24094009399414,32.48122287129067,32.17228927488399,32.48122287129067,532326
2023-05-04,32.438316345214844,32.48122351721286,31.70030120186239,32.24094073513806,684105
2023-05-05,32.51555633544922,32.81591313996051,32.386834796608355,32.46406902935606,528314
2023-05-08,32.9017219543457,33.13342461354057,32.54129450439565,32.54129450439565,682483
2023-05-09,32.59278869628906,32.918889135117944,32.3696694109479,32.910305735523416,308218
2023-05-10,32.50697326660156,32.575624093047836,32.27527058933101,32.446902565858196,162245
2023-05-11,31.966333389282227,32.54129674065711,31.966333389282227,32.54129674065711,261023
2023-05-12,32.6185302734375,32.73009154581708,31.61448864284398,31.854771438485322,242425
2023-05-15,32.06930923461914,32.43831681160082,31.992075014469314,32.30959529375607,175000
2023-05-16,32.575618743896484,32.652852956970925,32.395406671258506,32.43831383994272,185300
2023-05-17,32.9617919921875,32.97895551551928,32.575620901240846,32.575620901240846,318719
2023-05-18,33.68264389038086,33.742714585749,33.330799843107165,33.330799843107165,564666
2023-05-19,34.412078857421875,34.42066225676858,33.69981057120665,33.69981057120665,878418
2023-05-22,34.31768035888672,34.592290180867096,34.28335331273735,34.32626048362041,317324
2023-05-23,34.46356964111328,34.83257724866885,34.326264713204765,34.326264713204765,451500
2023-05-24,34.73817443847656,34.755337961166795,34.41207405457658,34.62661317779366,365874
2023-05-25,36.10264587402344,36.300021488113764,35.35605059053266,35.35605059053266,1044615
2023-05-26,36.643287658691406,37.183927236015855,36.18846243235473,36.18846243235473,886217
2023-05-29,37.97343063354492,37.97343063354492,36.780593449285384,36.780593449285384,1068407
2023-05-30,37.758888244628906,38.19654664525892,37.647326976386964,38.05924172804093,570718
2023-05-31,37.39846420288086,38.05066174367709,37.261156011547484,37.758888384308584,331098
2023-06-01,37.913352966308594,37.913352966308594,37.080940145932054,37.3812968734858,455796
2023-06-02,38.32527160644531,39.11477733913764,38.23945726040825,38.34243513037422,882833
2023-06-05,38.50548553466797,38.771515257849046,38.21371216116885,38.325273435226414,325565
2023-06-06,38.273780822753906,38.617044752216586,37.973427339679645,38.522647007933976,485620
2023-06-07,38.814422607421875,38.92598388198101,38.27378303305891,38.3166934819254,410984
2023-06-08,37.93910217285156,38.814422290128896,37.80179724898106,38.814422290128896,540400
2023-06-09,39.03754425048828,39.25208339541079,37.95626512685857,37.95626512685857,650315
2023-06-12,38.9345588684082,39.45803484884969,38.87448817625333,39.037540003765585,492250
2023-06-13,39.90428161621094,40.00725949086845,39.04612502231393,39.04612502231393,556523
2023-06-14,40.616554260253906,40.805346489970006,39.72407059276936,39.904282696701515,473774
2023-06-15,41.80938720703125,41.87803802718477,40.8139257627499,40.8139257627499,728787
2023-06-16,42.229888916015625,42.65038712441415,41.66350564514913,41.800810581310465,790707
2023-06-19,42.229888916015625,42.28995962098571,41.63776199262135,42.21272538979447,400573
2023-06-20,41.8780403137207,42.22988437943749,41.44038189972471,42.05825240927155,445168
2023-06-21,42.6246337890625,42.693287883624,41.91236556282764,41.91236556282764,537775
2023-06-26,41.903785705566406,42.16981213967356,41.612012349030465,42.04967074703066,534595
2023-06-27,40.41917419433594,41.6978289574543,40.41917419433594,41.63775825787232,1135020
2023-06-28,40.299034118652344,41.31165919287264,40.299034118652344,40.76243947945303,486754
2023-06-29,41.13145065307617,41.36315335355822,40.685208778844974,40.71095243214031,302962
2023-06-30,42.4787483215332,42.4787483215332,41.14002295350744,41.14002295350744,771728
2023-07-03,44.06633758544922,44.15215520471572,43.251091480865895,43.251091480865895,748747
2023-07-04,45.954280853271484,46.04009846917816,44.19506064727613,44.70995324828691,949560
2023-07-05,45.139034271240234,45.9971908412152,44.452509669981765,45.9971908412152,1217459
2023-07-06,45.09613037109375,46.04010463075596,44.452512896890866,44.62414487806652,991121
2023-07-07,44.581233978271484,45.611022505721756,44.10924852465896,44.92449463834992,800600
2023-07-10,44.709957122802734,45.31066739177707,44.58123559819883,44.58123559819883,2057391
2023-07-11,46.21173095703125,46.340455754681734,45.482299166632075,45.482299166632075,730999
2023-07-12,48.01386260986328,48.0567697853072,46.55499572951635,46.55499572951635,1265979
2023-07-13,49.38691329956055,51.18904418299526,48.61457429832373,49.086559789125296,1936452
2023-07-14,51.18904113769531,51.2748554859694,49.00073924702313,50.588330878954075,2059883
2023-07-17,50.84577560424805,51.832656946516096,50.502511674692,51.146129087404006,1435810
2023-07-18,50.84577560424805,52.347549567242716,49.472726433238755,51.146129087404006,1971035
2023-07-19,49.68726348876953,51.489390859405816,49.2152747870058,51.317758901819666,1340122
2023-07-20,50.5454216003418,50.631235945042974,49.42981547758204,49.42981547758204,709666
2023-07-21,51.87556457519531,52.09010371465136,49.55854121434843,49.687266007465055,1390500
2023-07-24,52.64790725708008,52.776632059350845,51.40358277863196,52.30464657370421,1520562
2023-07-25,52.77662658691406,53.89222942102167,52.56208745444693,53.162797680076366,1122866
2023-07-26,51.44648361206055,52.776625552566365,51.36066599659118,52.776625552566365,1137452
2023-07-27,51.3177604675293,52.519180933680474,50.88868219727637,51.53229960265576,896255
2023-07-28,51.57521438598633,51.66103201686558,50.50251855205477,51.060321695142335,597132
2023-07-31,50.2021598815918,52.60499764855331,49.85889594047977,52.13301218472994,3217640
2023-08-01,49.81599044799805,50.931593383862825,49.51563694459095,50.37379355273427,3732192
2023-08-02,48.05677032470703,50.3737938343698,47.84223117147173,49.81599072651495,2300001
2023-08-04,49.04364776611328,49.51563321027489,47.799320123427286,47.92804164077641,1706672
2023-08-07,50.8028678894043,50.8028678894043,49.043647634816665,49.215276324156015,1718713
2023-08-08,50.50251388549805,51.618120068588425,49.987621242231405,51.532302445638926,1385463
2023-08-09,50.63124084472656,51.446490292710656,50.073437729366994,50.073437729366994,1187595
2023-08-10,48.357120513916016,50.416697553191504,48.14258137539179,50.416697553191504,2128582
2023-08-11,48.786197662353516,49.34400071905535,48.65747614638128,48.65747614638128,870436
2023-08-14,48.142581939697266,48.91492415688049,47.62768931064679,48.485845874802585,753530
2023-08-15,49.73017501831055,49.81598936782107,48.95783277828545,49.344003898298,700126
2023-08-16,50.15925216674805,50.15925216674805,48.40003185312645,49.34400277059925,661562
2023-08-17,51.3177604675293,51.3177604675293,49.60144738651756,49.73017217703641,1273456
2023-08-18,49.85889434814453,51.575207451675944,49.34400172652809,51.060314830059504,1382572
2023-08-21,49.94471740722656,50.71705642377072,49.85889977853868,50.245070923614655,480069
2023-08-22,50.58833312988281,51.14613296569877,50.459608328136525,50.84577945976769,995787
2023-08-23,50.88868713378906,51.017411936795,50.37379446898078,50.58833362491885,498094
2023-08-24,52.0042839050293,52.64790129629752,51.532298472820735,52.0042839050293,1636914
2023-08-25,51.01740646362305,51.83265582344892,50.8457745025638,51.31775994027119,805356
2023-08-28,50.28797912597656,51.48939976322837,49.9447184250531,51.3177677759627,667077
2023-08-29,50.63124084472656,50.88868717735109,50.28797688548872,50.33088733559924,434400
2023-08-30,51.01740646362305,51.5322990731934,51.01740646362305,51.23194559654525,415356
2023-08-31,50.8028678894043,50.93158940640881,50.330882446506266,50.75996071706946,418207
2023-09-01,49.98762130737305,50.88868507106769,49.944714132646176,50.67414592382575,655950
2023-09-04,49.7730827331543,50.03052905808701,49.043650933576984,50.03052905808701,701071
2023-09-05,50.03052520751953,50.03052520751953,49.47272542536395,49.68726455856395,309839
2023-09-06,50.33088302612305,50.67414368236219,50.07343344193438,50.07343344193438,668100
2023-09-07,50.03052520751953,50.24506434071954,49.730171730482475,50.24506434071954,399515
2023-09-08,49.81599044799805,50.416700728419904,49.77308327231241,50.03052960003388,243001
2023-09-11,48.05677032470703,49.9447155278992,47.97095597285598,49.9447155278992,1261804
2023-09-12,47.584781646728516,48.314213409300066,47.584781646728516,48.18549189016786,691351
2023-09-13,47.79932403564453,48.18549516651356,47.370245728813984,47.92804556352908,489849
2023-09-14,48.65747833251953,48.65747833251953,47.9709537290005,48.01386090291903,278320
2023-09-15,48.18549728393555,48.65748278746813,48.099679654633725,48.65748278746813,317101
2023-09-18,47.155704498291016,47.9709539000806,47.112797324219464,47.9709539000806,688581
2023-09-19,46.3404541015625,47.3702426252076,46.3404541015625,47.19861065899884,680863
2023-09-20,46.426273345947266,47.06989083192772,46.08301265092238,46.25464463523873,531791
2023-09-21,45.911376953125,46.21173044617906,45.39648431543017,46.21173044617906,475351
2023-09-22,46.984073638916016,46.984073638916016,45.267760446626845,45.39648524549158,449000
2023-09-25,47.584781646728516,47.79932078555632,47.241517715161045,47.241517715161045,524848
2023-09-26,47.413150787353516,48.013861044810724,46.898258151594504,46.898258151594504,509065
2023-09-27,47.88513946533203,47.88513946533203,47.24152199060013,47.413153971916856,259316
2023-09-28,48.48584747314453,48.61457227145433,48.14258352672348,48.314215499934,565747
2023-10-02,49.0865592956543,49.429819979328364,48.91492731701341,49.00074166953,556795
2023-10-03,48.57166290283203,49.1294660097659,48.48584855112267,49.1294660097659,406263
2023-10-04,48.314212799072266,48.314212799072266,47.5418738732116,47.970952145447775,513161
2023-10-05,48.957828521728516,49.08655330841013,48.5287502642662,48.5287502642662,310025
2023-10-06,48.9149284362793,49.301099578655695,48.65748209923096,49.00074279075948,248100
2023-10-11,48.18549728393555,49.77308577952912,48.18549728393555,49.77308577952912,742595
2023-10-12,49.000736236572266,49.000736236572266,48.35711884323582,48.35711884323582,485392
2023-10-13,48.27130126953125,48.82910428253313,47.88513020465358,48.82910428253313,696225
2023-10-16,47.24151611328125,47.84222633635153,47.11279459851378,47.84222633635153,544782
2023-10-17,46.769535064697266,47.885137998674935,46.769535064697266,47.413152519716036,576046
2023-10-18,45.353572845458984,46.8124396508585,45.267758498979745,46.51208616457367,1230864
2023-10-19,44.87062454223633,46.012149993919614,44.738912386040575,46.012149993919614,920619
2023-10-20,44.34376907348633,44.73891224011365,43.79935146039115,44.73891224011365,834088
2023-10-23,44.12424850463867,44.69501126794763,43.992532990132084,43.992532990132084,597131
2023-10-24,44.87062454223633,44.91453194396604,44.080341556068426,44.34376921812439,544220
2023-10-25,45.22186279296875,45.74871810700166,45.13405469051806,45.13405469051806,783614
2023-10-26,44.16815185546875,44.73891460967875,44.12424780122135,44.56329504302455,881216
2023-10-27,43.71154022216797,44.3437692918855,43.69397793137976,44.25596118760894,937000
2023-10-30,44.519386291503906,44.73890988924341,43.72909999977599,43.72909999977599,328500
2023-10-31,43.25493240356445,44.95843783038245,43.14956200437574,44.78281826529153,626212
2023-11-01,43.51836013793945,43.82569184137923,43.149558744147384,43.746663210542664,436538
2023-11-02,44.47548294067383,44.47548294067383,44.036435738296646,44.25595933948524,850200
2023-11-03,44.12424850463867,44.51939169849374,43.992532990132084,44.475487643546444,667197
2023-11-06,45.046241760253906,45.046241760253906,44.29986286492159,44.29986286492159,694714
2023-11-07,45.22186279296875,45.30967089541944,44.69500747893584,45.04624323840298,488838
2023-11-08,45.57310485839844,45.704817020618556,45.397485292440344,45.397485292440344,356698
2023-11-09,45.26576614379883,45.70481334858769,45.046242541404396,45.70481334858769,427500
2023-11-10,45.177955627441406,45.265763723839115,44.82671654252222,44.82671654252222,248625
2023-11-13,45.704811096191406,45.92433468776741,45.573098951044315,45.74871514457377,573809
2023-11-14,46.49509811401367,46.49509811401367,45.88043137777569,45.924335426864644,582976
2023-11-15,46.62681198120117,47.32929019119355,46.58290793049274,47.021955136905795,808063
2023-11-16,46.84633255004883,47.241475680159006,46.407285372074,47.1536675844297,444695
2023-11-17,46.934146881103516,47.065859032795565,46.714623278619094,46.84633543031114,1671895
2023-11-20,47.592716217041016,47.680524315454115,47.021953528363134,47.021953528363134,649842
2023-11-21,47.76833724975586,48.119573004000564,47.72442984951897,47.98786085228293,972485
2023-11-22,48.11957550048828,48.11957550048828,47.46100465873982,47.7244323255063,567998
2023-11-23,47.72442626953125,48.295188933152325,47.504902683471464,48.20738083859405,696830
2023-11-24,47.85615158081055,48.03177115562721,47.59272389341794,47.90005563709852,338772
2023-11-27,47.46099853515625,48.29518883034041,47.46099853515625,47.85614165915549,492610
2023-11-28,48.426910400390625,48.47081445308739,47.680528105887554,47.680528105887554,540638
2023-11-29,49.17328643798828,49.17328643798828,48.64643113744699,48.64643113744699,740603
2023-11-30,49.04157257080078,49.568431238547504,48.822048963322416,49.568431238547504,538071
2023-12-01,49.744049072265625,49.744049072265625,48.90985872279561,48.90985872279561,560808
2023-12-04,49.5245246887207,49.9635718815297,49.43671324036035,49.78795233447325,563173
2023-12-05,48.909854888916016,49.30499800765569,48.69033130624554,49.30499800765569,588212
2023-12-06,49.21718978881836,49.43671338586899,49.085477640386536,49.30500123743717,529773
2023-12-07,49.04157257080078,49.43671573419472,48.73424086019684,49.217192126716355,513838
2023-12-08,49.70014190673828,49.8757614574012,49.348906155076776,49.348906155076776,456299
2023-12-11,49.91967010498047,49.963577508938066,49.61233837526503,49.91967010498047,290174
2023-12-12,49.875762939453125,50.183097999661726,49.787954836344625,50.05138249533455,435125
2023-12-13,50.666046142578125,50.84166568763278,50.051379409718905,50.051379409718905,596294
2023-12-14,51.192901611328125,51.631948800704286,50.92947396763527,51.192901611328125,971249
2023-12-15,50.44652557373047,51.631951712021824,50.18309791518399,51.36852405347535,825896
2023-12-18,50.35871505737305,50.70995417507485,49.87576378278142,50.70995417507485,509177
2023-12-19,49.43671417236328,50.0513809238167,49.04157102145292,50.0513809238167,960180
2023-12-20,49.5245246887207,49.65623683676485,49.3050010923162,49.6123327874168,520595
2023-12-21,49.39280700683594,49.568426546126396,48.51471266004774,48.51471266004774,1518492
2023-12-22,49.612335205078125,49.70014330805321,49.43671564946355,49.56843115359059,1900505
2023-12-25,49.612335205078125,50.051382419282355,49.612335205078125,49.612335205078125,1550563
2023-12-26,50.35871505737305,50.35871505737305,49.787955678188204,49.787955678188204,1804284
2023-12-27,50.534332275390625,50.62214372558075,50.31480867441181,50.49042822512773,1606694
2023-12-28,50.27090072631836,50.885567431332795,50.226996679459624,50.79775598795127,2363626
2023-12-29,50.534332275390625,50.57823632565353,50.183096523623114,50.31480867441181,1707742
2024-01-02,50.3148078918457,50.88557058537906,50.09528429428122,50.88557058537906,2156812
2024-01-03,49.78794860839844,50.00747218837403,49.436709540571876,49.87575670052308,1717611
2024-01-04,49.56843185424805,50.05138312676641,49.48062040036732,49.70014401057244,1793203
2024-01-05,50.05138397216797,50.09528802501767,49.524528638642536,49.83186035825496,2409650
2024-01-08,50.05138397216797,50.490431199994006,49.875764411104655,50.490431199994006,2467629
2024-01-09,50.13918685913086,50.49042594469878,49.700139677003044,50.49042594469878,1703386
2024-01-10,50.183101654052734,50.183101654052734,49.70014700279339,49.96357803063109,1296792
2024-01-11,50.40262222290039,50.490430327081704,50.18309861278264,50.227002664873304,1899628
2024-01-12,50.13918685913086,50.49042594469878,50.09528281085091,50.226998305354925,2392000
2024-01-15,50.13918685913086,50.13918685913086,50.13918685913086,50.13918685913086,0
2024-01-16,50.534332275390625,51.412426679305895,50.44652417486483,51.36852262904299,3922490
2024-01-17,50.183101654052734,50.7538610651502,50.09529019488528,50.49043338697716,2779050
2024-01-18,49.612335205078125,50.40262153051151,49.43671564946355,50.13919052225744,2239119
2024-01-19,49.91967010498047,50.2709092386535,49.78795794210155,50.05138561752401,2231885
2024-01-22,50.79776382446289,50.79776382446289,50.31481253518438,50.31481253518438,2444147
2024-01-23,50.9733772277832,51.01728127610852,50.57823409352699,50.841665082807246,1672675
2024-01-24,50.666046142578125,51.10509333038267,50.57823469521868,51.01728188302324,1920106
2024-01-25,50.666046142578125,51.1929014280779,50.57823469521868,50.97337783417562,1440545
2024-01-26,49.91967010498047,50.666052426619515,49.78795794210155,50.666052426619515,2205387
2024-01-29,50.5782356262207,50.5782356262207,49.919664832391454,49.919664832391454,1091078
2024-01-30,51.36852264404297,51.36852264404297,50.753855891189936,50.88557139168142,3172529
2024-01-31,50.75385665893555,51.017284314239014,50.709952607995696,51.017284314239014,3256186
2024-02-01,51.192901611328125,51.28071305900189,50.75385442195196,50.79775847095673,1774240
2024-02-02,52.20271301269531,52.42223661380029,51.5441422093804,51.5441422093804,2758918
2024-02-05,52.07099533081055,52.24661487427034,51.85147173890184,52.15880677737253,2583490
2024-02-15,53.56376266479492,53.56376266479492,52.64176414131743,52.94909586592174,2768452
2024-02-16,53.91499710083008,54.00280520031448,53.43204250467308,53.56375800356395,1698459
2024-02-19,53.475948333740234,54.17842315797981,53.38813688717018,53.95889956605093,2347182
2024-02-20,53.475948333740234,53.563756430646116,52.99299375176536,53.432040935623114,2425782
2024-02-21,53.56376266479492,53.82719033583641,53.168619483400406,53.168619483400406,1146860
2024-02-22,54.266231536865234,54.705278723004376,54.00280389511459,54.44185108125373,1302062
2024-02-23,53.607666015625,54.61747598265529,53.607666015625,54.573571929668006,3053030
2024-02-26,53.95890426635742,54.046712370912175,53.388141537758095,53.651569201086836,1420758
2024-02-27,53.56376266479492,54.48576118827241,52.8612877587961,54.17842946366811,2922614
2024-02-29,54.002803802490234,54.13451929797174,53.21251752892958,53.21251752892958,1919730
2024-03-01,54.880897521972656,55.056517063975804,54.134518655539495,54.134518655539495,1681357
2024-03-04,55.978515625,56.76880189133625,55.451660347218606,55.451660347218606,3281194
2024-03-05,56.505374908447266,56.505374908447266,55.62728048345406,56.06632769595066,2564500
2024-03-06,57.20785140991211,57.47127570990073,56.0663260119756,56.28584961163042,2211913
2024-03-07,56.19804382324219,57.646900980425926,55.89071211094961,57.47127807388097,5357426
2024-03-08,54.9248046875,56.59318205706386,54.705281084952304,56.417565854757186,5073638
2024-03-11,55.53947067260742,56.1541374211304,54.83699582415157,54.83699582415157,1764966
2024-03-12,56.76880645751953,56.76880645751953,55.539472910929625,55.539472910929625,1376493
2024-03-13,56.022422790527344,57.69080016278006,55.802899187625854,57.03222935407559,3786499
2024-03-14,55.10042190551758,55.802896733981775,54.880898312268506,55.802896733981775,2575543
2024-03-15,55.363853454589844,55.715092568441484,54.441854967809824,54.5735704729203,3983147
2024-03-18,56.32975387573242,56.32975387573242,55.53946762110013,55.62727571620856,1164689
2024-03-19,55.978515625,56.505370902781394,55.84680013072257,56.3297547099637,1205694
2024-03-20,55.5833740234375,56.54927985887124,55.5833740234375,55.93461311807963,1283467
2024-03-21,56.19804382324219,56.37366003045827,55.80290065767713,56.28585192685023,1184578
2024-03-22,56.812705993652344,57.03222959749077,56.198042582636255,56.198042582636255,3012036
2024-03-25,56.812705993652344,57.16394509965957,56.46147358697385,56.85661339415152,1143653
2024-03-26,55.45166015625,56.81270239422065,54.88089748256566,56.76880169583158,2527504
2024-03-27,55.89071273803711,55.978520842630346,55.53947362033521,55.71509317918616,1015134
2024-03-28,56.285850524902344,56.46147342707295,55.5833756645417,55.978518820264675,859471
2024-03-29,56.285850524902344,56.59318222954001,56.15413837277092,56.46147342707295,2805000
2024-04-01,56.637088775634766,56.85661237554033,56.37365777601665,56.37365777601665,1141737
2024-04-02,57.07613754272461,57.38346925116583,56.72489843336516,57.207853046150504,7855171
2024-04-03,57.07613754272461,57.47127735367349,56.6370903308575,56.72489843336516,10843562
2024-04-08,57.77861022949219,57.95422641769333,57.339563059661174,57.471271851147954,9438332
2024-04-09,57.91032409667969,58.12984770083591,57.64689979128947,57.95423149724243,7740759
2024-04-10,57.91032409667969,58.437186106117615,57.866423395445686,58.12984770083591,7664332
2024-04-11,58.04203414916992,58.08594154560997,57.55908628496997,57.954226055617944,5885864
2024-04-12,58.48108673095703,58.52499413146242,58.12984762490016,58.21766242591093,6010898
2024-04-15,58.39327621459961,58.568892410701615,58.12984522111816,58.39327621459961,7835016
2024-04-16,56.98833084106445,57.95423339104949,56.02242494141495,57.95423339104949,10949188
2024-04-17,57.60299301147461,58.17375572829725,57.03223029465197,57.03223029465197,8146101
2024-04-18,56.319366455078125,57.177023258035554,55.509360079676185,57.177023258035554,11952338
2024-04-19,54.4134635925293,55.65230195710579,53.17462886316989,55.50935795035709,11040660
2024-04-22,52.984039306640625,55.0805308551517,52.984039306640625,54.508762085201944,6556220
2024-04-23,53.31757736206055,53.93699296131904,52.793455351851854,53.603461764427344,3567400
2024-04-24,55.03288650512695,55.03288650512695,53.984642501973376,53.984642501973376,3223138
2024-04-25,54.794647216796875,54.93759122884063,54.36581881588285,54.69935363224587,2682572
2024-04-26,55.03288650512695,55.36641769652563,54.88994248868903,55.03288650512695,2771772
2024-04-29,55.5570068359375,55.98583523713775,55.461713251322884,55.60465362824481,3889703
2024-04-30,55.509361267089844,55.795245662452,55.31877045844264,55.747598869094524,2248408
2024-05-02,55.652305603027344,55.74759919029133,55.3664175708007,55.50936158691402,1996071
2024-05-03,55.41407012939453,56.128782966995225,55.41407012939453,55.84289492378097,2702309
2024-05-06,55.699951171875,56.17642636815243,55.65230437929071,56.08112914776659,2606025
2024-05-07,55.46171569824219,56.033484501590266,55.223478090977586,56.033484501590266,2654054
2024-05-08,55.31876754760742,55.65230235399399,54.93758958558765,55.461711555375544,2243310
2024-05-09,54.98523712158203,55.60465268146472,54.98523712158203,55.36641508876742,2202265
2024-05-10,55.03288650512695,55.271124109045246,54.604058091030545,55.17583052156487,2405367
2024-05-13,54.50876235961914,55.22347514326305,54.31817155693732,55.22347514326305,2773483
2024-05-14,54.5564079284668,54.98523631608332,54.46111434687073,54.65170151006286,3342842
2024-05-15,54.8422966003418,55.17583143246416,54.65170578701722,54.65170578701722,2625144
2024-05-16,55.46171569824219,55.46171569824219,55.17583129656814,55.17583129656814,3127116
2024-05-17,55.27112579345703,55.50936340463573,55.128181772662835,55.50936340463573,1986148
2024-05-20,55.509361267089844,55.747598869094524,55.2234768717277,55.46171447373237,3349225
2024-05-21,55.5570068359375,55.60465362824481,55.175828862261795,55.50936004363019,1305616
2024-05-22,55.699951171875,55.985835562598005,55.60465395148916,55.60465395148916,1846334
2024-05-23,55.31876754760742,55.699949144844325,55.27112075675709,55.699949144844325,1970276
2024-05-24,55.31876754760742,55.461711555375544,54.651701570051415,55.12817674898898,1479515
2024-05-27,55.985836029052734,56.12878004321383,55.50936082880548,55.50936082880548,2086717
2024-05-28,56.12877655029297,56.271716920341525,55.79524174974554,56.17642334030915,2088246
2024-05-29,56.36701965332031,56.46231324268091,55.9381912307628,56.224075634062,2799647
2024-05-30,55.652305603027344,56.22407439704596,55.652305603027344,56.12878080978197,1728408
2024-05-31,55.747596740722656,56.60525352928218,55.747596740722656,55.842890323799416,2360377
2024-06-03,56.319366455078125,56.50995725964836,55.89054168881665,56.12877928572513,2016755
2024-06-04,56.2717170715332,56.50995465747129,55.98583269545091,56.3193638616774,2922186
2024-06-05,56.08113098144531,56.700550210945956,55.93819059901873,56.50995939915981,1695292
2024-06-06,56.033485412597656,56.70055145082735,55.74760100627563,56.31936981891968,2144722
2024-06-07,56.22407531738281,56.41466613024793,56.033484504517695,56.033484504517695,2208135
2024-06-11,56.2717170715332,56.462307867327084,56.081126275739315,56.224070281389,2384541
2024-06-12,56.12877655029297,56.319363710357706,55.98583254502735,56.319363710357706,1159291
2024-06-13,56.319366455078125,56.55760405198661,56.22407287040163,56.271719662739876,2059461
2024-06-14,57.31996536254883,57.367612153301295,56.31936458066133,56.31936458066133,2713888
2024-06-17,57.415260314941406,57.60585111771909,57.27231630405384,57.36761352305129,2120802
2024-06-18,57.510555267333984,57.74879286767127,57.1293772879247,57.605852488599275,1920373
2024-06-19,57.74879455566406,57.987032162965015,57.60585417241393,57.60585417241393,2448905
2024-06-20,58.1776237487793,58.1776237487793,57.74879532289682,57.74879532289682,1807176
2024-06-21,57.70114517211914,58.034679988504756,57.65349837984041,58.034679988504756,1343177
2024-06-24,57.081729888916016,57.701145462086814,56.98643266866241,57.653498669568634,2368806
2024-06-25,57.081729888916016,57.22467026647054,56.271719875238006,57.03407946118058,2194530
2024-06-26,57.12937927246094,57.41526367575315,56.84349486916872,57.081732477781806,1615725
2024-06-27,56.74819564819336,57.034080041428176,56.65290206218752,56.93878645542233,1267296
2024-06-28,57.177024841308594,57.3199688574988,56.748196427955314,56.748196427955314,1234533
2024-07-01,56.8434944152832,57.22467240489005,56.795843985767135,57.177025610591365,1726531
2024-07-02,56.605255126953125,56.9387863123528,56.41466432020305,56.79584229848592,1698530
2024-07-03,57.367618560791016,57.51055894901369,56.700552510099286,56.700552510099286,1808443
2024-07-04,57.84408950805664,57.98702988569321,57.55820511756625,57.55820511756625,2381695
2024-07-05,58.12997817993164,58.27292220331356,57.98703415654972,57.98703415654972,2405513
2024-07-08,58.08232498168945,58.41585615252674,57.89173418326081,58.36820936172386,3425679
2024-07-09,57.74879455566406,58.129976181432546,57.17702575222874,58.129976181432546,2241505
2024-07-10,57.987030029296875,58.12997404250469,57.60585205277146,57.60585205277146,1598438
2024-07-11,57.93938446044922,58.511156890140406,57.93938446044922,58.22526885768614,2407583
2024-07-12,57.74879455566406,58.08232938701583,57.367616565112975,57.9393853685483,2971974
2024-07-15,57.8917350769043,58.12997266981337,57.653497483995224,58.12997266981337,1185091
2024-07-16,57.93938446044922,58.36821287391327,57.93938446044922,57.93938446044922,1579180
2024-07-17,57.8917350769043,58.32056347118406,57.748791067071984,57.98702865998106,1908163
2024-07-18,56.74819564819336,57.081730469648384,56.22407365472666,57.081730469648384,2052638
2024-07-19,56.033485412597656,56.60525786045916,56.033485412597656,56.60525786045916,1630544
2024-07-22,54.4134635925293,56.03347991640717,53.93698841698975,55.9381863353861,4109810
2024-07-23,55.31876754760742,55.65230235399399,55.08052995813864,55.50935834622587,1397453
2024-07-26,53.746402740478516,54.27052472101514,52.74580193601555,53.2222771247247,3003081
2024-07-29,52.364627838134766,54.65170673192001,52.31698104278418,54.50876634586826,3092947
2024-07-30,52.93639373779297,52.98404053051984,51.649912158080966,52.17403414851114,3428689
2024-07-31,52.55521774291992,53.12698654764166,52.412273724130785,52.55521774291992,1289935
2024-08-01,53.88934326171875,54.079934064761346,53.365221279764505,53.79404967780605,1444239
2024-08-02,51.125789642333984,52.84109960939762,51.07813921487945,52.79345281716031,3117546
2024-08-05,46.18950653076172,48.60046985232313,46.10374085031952,48.60046985232313,6003805
2024-08-06,46.21809387207031,47.495047538892905,43.540301969979375,46.68504116223218,7949237
2024-08-07,48.79106140136719,49.26753660326488,46.59927619968126,46.64692299282757,3463600
2024-08-08,48.12399673461914,48.9340031463624,47.83811233254607,48.5051783608615,2627878
2024-08-09,49.8869514465332,50.458723861481545,49.55342026422627,50.029895459074595,1760917
2024-08-12,50.88755416870117,51.31637895194255,50.41107895601752,50.5063725444673,1671588
2024-08-13,51.173439025878906,51.36402983969645,50.50637299512621,51.078141801361426,1123933
2024-08-14,51.45932388305664,52.174036714765755,51.45932388305664,51.840505514055145,1341480
2024-08-15,51.55461883544922,51.98344727284932,51.17344082959612,51.98344727284932,770270
2024-08-16,52.698158264160156,53.31757750024138,52.698158264160156,52.79345548867433,1480067
2024-08-19,52.984039306640625,53.36522091008525,52.69815492166575,53.17463010836294,724564
2024-08-20,53.2222785949707,53.841697811490704,53.2222785949707,53.3652226096191,869746
2024-08-21,52.93639373779297,53.508166156167285,52.65050934621444,53.126984543917736,659574
2024-08-22,52.55521774291992,53.365224155478614,52.45992051865469,53.07933975311774,735380
2024-08-23,53.2222785949707,53.2222785949707,51.8405034177169,52.26932819122751,1174202
2024-08-26,53.2222785949707,54.0322886192828,53.07933821553961,53.5081666242675,1211959
2024-08-27,53.3652229309082,53.508166946417205,52.93639451959851,53.07933853510751,626833
2024-08-28,53.460514068603516,53.984639677980084,53.36522048610804,53.65110486881162,678602
2024-08-29,53.79405212402344,53.936992506392514,53.07933930652592,53.12698610064894,892135
2024-08-30,53.79405212402344,54.3658209239345,53.79405212402344,54.127583318102,848832
2024-09-02,53.88934326171875,54.318171659760296,53.8416964697624,54.318171659760296,650290
2024-09-03,52.984039306640625,54.079933690131035,52.93639251501435,54.03228689850475,1032545
2024-09-04,50.69696044921875,51.55461360173427,49.219888101649936,50.982844833390594,4037875
2024-09-05,50.506370544433594,51.697558528972124,50.36342653220208,50.982845738249004,1840660
2024-09-06,50.506370544433594,51.12578975048052,50.1728393628497,50.60166412910978,1126466
2024-09-09,50.93519973754883,50.93519973754883,49.26753653327597,49.553420926965,1480144
2024-09-10,50.26813507080078,51.45932310565388,49.791659856859546,51.221085498683266,1596095
2024-09-11,50.1728401184082,50.45872451195917,50.029896104024075,50.363427290630646,587700
2024-09-12,51.36402893066406,51.649913328722135,50.6493161179102,50.6493161179102,1243582
2024-09-13,52.07874298095703,52.17403657083505,51.55461733097561,51.983445755861574,974908
2024-09-16,52.269325256347656,52.412269262969865,51.93579408785196,52.12638488494254,954767
2024-09-18,51.64990997314453,52.4122695301764,51.459319175082285,52.4122695301764,1125487
2024-09-19,52.316978454589844,52.459918833570136,51.411674846845514,51.649912447029955,1182399
2024-09-20,52.316978454589844,53.22227842711688,52.221681233385695,52.98404082693244,1862666
2024-09-23,52.55521774291992,52.841102145280786,52.412273724130785,52.79345535075688,609142
2024-09-24,52.41227340698242,52.793455031301974,51.98344498842727,52.69815780761339,1092413
2024-09-25,53.31757736206055,53.603461764427344,52.984042529951445,52.984042529951445,1161969
2024-09-26,52.93639373779297,53.889344133199565,52.93639373779297,53.508166156167285,1110768
2024-09-27,53.31757736206055,53.98464339106135,53.31757736206055,53.36522415658545,1103781
2024-09-30,52.507568359375,53.5081692404008,52.41227476842848,53.5081692404008,1302646
2024-10-01,52.364627838134766,52.93639665277671,52.17403702151496,52.602865450105156,701007
2024-10-04,51.22108459472656,52.364625815047646,51.078140578979934,52.364625815047646,1836004
2024-10-07,52.45991897583008,52.65050978353793,51.50696857250813,51.50696857250813,1367680
2024-10-08,52.316978454589844,52.555216054774284,51.93579684020783,52.4122720405767,711049
2024-10-09,52.316978454589844,53.365222441314465,52.221681233385695,52.555216054774284,1106756
2024-10-11,52.269325256347656,52.60286006006045,51.98344087832033,52.60286006006045,1318282
2024-10-14,52.88874816894531,52.98404175660422,51.98344454531629,52.07874176819255,1304290
2024-10-15,52.93639373779297,53.508166156167285,52.93639373779297,53.07933775119086,1478420
2024-10-16,53.17463302612305,53.698755033205764,52.364626618378615,52.50756700110078,1829157
2024-10-17,53.78076171875,53.87836969361765,53.43914311512203,53.53674736662615,1175572
2024-10-18,53.09752655029297,54.17118825151813,52.902314316425574,54.1223861238922,1719208
2024-10-21,53.63435745239258,53.87837181412014,53.14632872893743,53.14632872893743,1128372
2024-10-22,53.92717361450195,53.92717361450195,53.2927347885153,53.63435712687875,1286655
2024-10-23,53.92717361450195,54.02477786925514,53.78076350900853,54.02477786925514,705290
2024-10-24,53.14632797241211,53.975975301130546,52.99991786811421,53.92717317415245,995609
2024-10-25,53.24393081665039,53.634355268865264,53.097524439592455,53.146326565278436,634503
2024-10-28,52.46308898925781,53.487948587631024,52.219074621865914,53.29273634904476,1809817
2024-10-29,51.6822395324707,52.316674601796706,51.438225185030674,52.21907035216608,1750552
2024-10-30,52.17027282714844,52.414287196102954,51.7798483474757,51.92625845819392,739042
2024-11-01,52.46308898925781,52.80470761426096,51.09660704251769,51.38942726207897,1187929
2024-11-04,52.75590515136719,52.75590515136719,52.219074291177364,52.560692914017146,879772
2024-11-05,52.853511810302734,53.29273467915441,52.60949745055686,52.7559038323862,585859
2024-11-06,53.390342712402344,53.68315919972813,52.99991824705886,52.99991824705886,1052533
2024-11-07,53.975975036621094,54.268791520418326,53.48794632250451,53.48794632250451,1331154
2024-11-08,53.09752655029297,54.464004740637385,52.902314316425574,54.17118825151813,1450711
2024-11-11,53.58555603027344,53.82957039521391,52.90231506376737,53.09752730039249,852251
2024-11-12,52.75590515136719,53.58555622926395,52.75590515136719,53.341541863417326,820642
2024-11-13,52.80470657348633,53.43914540554605,52.463087955216444,52.51189008306019,552803
2024-11-14,52.21907043457031,53.146325700978366,51.92625396185289,53.146325700978366,845683
2024-11-15,52.365482330322266,52.51188871002539,52.07266212418884,52.41428445688997,444521
2024-11-18,50.75498580932617,52.41428416699609,50.75498580932617,52.41428416699609,2011443
2024-11-19,52.12146759033203,52.26787396895711,51.04780219693028,51.29181655133564,1067491
2024-11-20,52.023860931396484,52.023860931396484,52.023860931396484,52.023860931396484,0
2024-11-21,52.21907043457031,52.36548053261075,51.77984386381245,51.77984386381245,403137
2024-11-22,52.70709991455078,52.99991639162558,52.36548131185743,52.36548131185743,580605
2024-11-25,53.53675079345703,53.731963032324146,52.999919929095306,53.04872205797114,1334596
2024-11-26,52.99991989135742,53.53675075533691,52.902315633675244,53.53675075533691,634953
2024-11-27,52.12146759033203,53.146327134161865,51.926255362135024,52.999917032173215,685352
2024-11-28,51.6822395324707,52.12146610253545,50.90139436533531,52.12146610253545,1236231
2024-11-29,51.97505569458008,52.31667428961223,51.047800435168405,51.047800435168405,988517
2024-12-02,52.51188659667969,52.8047030676651,52.3166743749016,52.70709881845777,529010
2024-12-03,53.0487174987793,53.34153769359585,52.70709890264457,52.99991537409768,1030804
2024-12-04,53.78076171875,53.78076171875,53.04871866237846,53.04871866237846,1704020
2024-12-05,53.487945556640625,53.975974263769395,53.34153917852012,53.78076203624518,829385
2024-12-06,53.24393081665039,53.87836962065868,53.19512869096442,53.48794516844381,674097
2024-12-09,52.6094970703125,53.48794652503033,52.414284839254,53.24393216704811,942310
2024-12-10,52.12146759033203,52.804704803976215,51.82864738635474,52.70710055155949,651190
2024-12-11,51.82864761352539,52.121467818786144,51.633439107836324,51.82864761352539,824666
2024-12-12,51.82864761352539,52.511888553527854,51.779845487103124,52.023859842578034,726674
2024-12-13,51.438228607177734,51.975059462588064,51.243016371565695,51.975059462588064,1540990
2024-12-16,50.608577728271484,51.9262575311187,50.608577728271484,51.53583305841648,1975772
2024-12-17,51.29181671142578,51.438226813871395,50.75498587473115,50.80378800109183,1030210
2024-12-18,51.438228607177734,51.5358328633019,50.852591900341615,51.38942647911565,608093
2024-12-19,51.243011474609375,51.53582793836305,50.559770576941915,50.90139288745732,921540
2024-12-20,51.04780197143555,51.77984503141798,50.90139559345719,51.24301419877023,796758
2024-12-23,51.34062194824219,52.17027304009221,51.29181981892485,52.17027304009221,558344
2024-12-24,51.243011474609375,51.87745024887845,51.243011474609375,51.63343590852317,601465
2024-12-25,51.77984619140625,51.92625629602808,51.48702970552622,51.48702970552622,628736
2024-12-26,51.535831451416016,52.02386016539413,51.535831451416016,51.828647935130164,436931
2024-12-27,51.487030029296875,51.77984651701825,51.43822790190392,51.53583215668983,511230
2024-12-30,51.243011474609375,51.73104015531994,51.194209351210986,51.73104015531994,436404
2024-12-31,51.487030029296875,51.53583215668983,50.99900130864003,51.1942135415755,463935
2025-01-02,50.608577728271484,51.77984742301444,50.608577728271484,51.34062082206537,959021
2025-01-03,49.68132400512695,50.70618354810789,49.583716029427514,50.608575572408455,1831693
2025-01-06,50.16935348510742,50.46216996998195,49.73012689611382,50.07174550790683,1567338
2025-01-07,50.950199127197266,51.04780338187963,50.413368279716956,50.60857678908169,1677696
2025-01-08,50.75498580932617,50.95019803788091,50.559773580771434,50.803787935623966,454607
2025-01-09,49.974143981933594,50.8037913549254,49.925341852351224,50.75498922534303,1115804
2025-01-10,49.92533874511719,50.266957354296096,49.82773076866351,50.120547251297374,824112
2025-01-13,48.305084228515625,49.974141553322234,48.2953215690553,49.974141553322234,2880469
2025-01-14,48.80287170410156,49.14449031668482,48.42220990054775,48.47101202757913,948904
2025-01-15,48.50028991699219,49.24209561156707,48.461250451512,48.802869045485025,981935
2025-01-16,49.38850402832031,49.681324233400495,48.99808329381936,48.99808329381936,1866436
2025-01-17,49.09568786621094,49.82773093694976,49.09568786621094,49.437310199907216,899413
2025-01-20,49.437313079833984,49.58371946849236,48.85167635510902,49.14449285578959,1516276
2025-01-21,48.998085021972656,49.437311621720795,48.998085021972656,49.437311621720795,980015
2025-01-22,49.193294525146484,49.43730887552248,49.09568655097799,49.09568655097799,1820213
2025-02-03,47.33878707885742,47.74872942717107,47.05572952024252,47.4754345282953,5225528
2025-02-04,47.08501434326172,47.52423722935596,46.62626613745402,47.44615456732109,2152263
2025-02-05,48.11962890625,48.6369418583195,47.10452832020951,47.10452832020951,1263442
2025-02-06,48.754066467285156,49.437307372234685,48.490530530089046,48.490530530089046,1115782
2025-02-07,49.778926849365234,49.87653109894018,48.80286946016199,48.80286946016199,1906838
2025-02-10,49.534915924072266,49.77893028823026,49.144491452074,49.77893028823026,905002
2025-02-11,50.120548248291016,50.218156226686304,49.63251952640555,49.77892963231666,1830733
2025-02-12,49.82773208618164,50.7061852806744,49.7789299583462,50.315760811263466,1431732
2025-02-13,49.730125427246094,50.169352003266354,49.68132330176907,49.876531803677175,1347632
2025-02-14,49.48611068725586,50.0717436351008,49.388502713706046,49.77892716117833,1638086
2025-02-17,50.21815490722656,50.41336713552436,49.7789283243974,49.7789283243974,1214893
2025-02-18,50.85258865356445,50.950196626820365,50.3645599573753,50.3645599573753,1294214
2025-02-19,51.09660720825195,51.487031686690855,50.9502008213602,50.9502008213602,2724514
2025-02-20,50.36456298828125,51.19421405574874,50.120548625502046,51.04780394873574,3479534
2025-02-21,50.4621696472168,50.60857602703581,50.07174518763891,50.315759544034194,992606
2025-02-24,50.120548248291016,50.364562609233744,49.73012750480085,50.120548248291016,1974428
2025-02-25,49.29090118408203,49.97414214318759,49.29090118408203,49.77892990867691,2301907
2025-02-26,49.82773208618164,50.120548576558,49.29090123326437,49.29090123326437,1715617
2025-02-27,49.48611068725586,50.315757983930105,49.14448836487674,50.022941510007634,2016326
2025-03-03,48.04154968261719,49.48611428593317,47.885380636944205,48.900477572136694,4434147
2025-03-04,47.943939208984375,48.246518348213925,46.99716604779381,47.602320602889364,3057143
2025-03-05,48.5783805847168,48.80287335534775,48.207477704674304,48.207477704674304,1045810
2025-03-06,48.353885650634766,48.949281274669,48.353885650634766,48.802871171808135,1155196
2025-03-07,47.60232162475586,48.36364523374705,47.387587797250184,48.29532151106136,2362165
2025-03-10,46.65554428100586,47.80729234310718,46.63602268565592,47.80729234310718,2879776
2025-03-11,45.523319244384766,45.85517892903204,44.57654231866911,45.72829041695299,3285732
2025-03-12,45.80637741088867,46.460334129229636,45.69901049334283,45.87470113598806,3279235
2025-03-13,45.81613540649414,46.93860296441526,45.81613540649414,46.733631793326126,1386930
2025-03-14,45.97230529785156,46.23584126126972,45.60140614047527,45.98206795762469,1029359
2025-03-17,46.05038833618164,46.66530553947239,46.05038833618164,46.31392428044911,864909
2025-03-18,46.72386932373047,46.831236239508144,46.43105283193189,46.51889815180784,692105
2025-03-19,45.90398025512695,46.72386865443672,45.82589759600222,46.68482918655618,1037038
2025-03-20,46.50914001464844,46.65554640138139,46.30416511584027,46.36272990455171,1042117
2025-03-21,46.42129135131836,46.645784106838306,46.33344603625721,46.645784106838306,493227
2025-03-24,46.2163200378418,46.95812580530487,46.00158992482989,46.850758887117024,987750
2025-03-25,46.58721923828125,46.74338827329001,46.38224807796291,46.74338827329001,735704
2025-03-26,46.58721923828125,46.948359433608346,46.53841711297167,46.72386667849348,529356
2025-03-27,45.95278549194336,46.09919187210764,45.767332197692895,45.962544427942206,1124028
2025-03-28,44.51797866821289,45.77709360947399,44.4106117583337,45.75757201464472,2737298
2025-03-31,41.68741226196289,43.15149841821096,41.589808007558474,42.927005654389895,4910602
2025-04-01,42.458499908447266,42.5073020372325,41.60933095282017,41.81430212773641,2908192
2025-04-02,42.341373443603516,42.67323312726285,42.077837483930196,42.438977699765324,1630988
2025-04-07,38.11503982543945,38.11503982543945,38.11503982543945,38.11503982543945,929656
2025-04-08,35.07950210571289,35.45040496543685,34.30841957869574,34.474347551799575,7646092
2025-04-09,31.97563934326172,33.94727577244368,31.799952433692777,33.77158513951118,6277785
2025-04-10,35.16735076904297,35.16735076904297,35.16735076904297,35.16735076904297,692433
2025-04-11,36.084842681884766,36.114123211931656,33.478767530172064,34.747641384837515,7019173
2025-04-14,36.91448974609375,38.0564788147503,36.74856177901222,37.27562993349029,2686385
2025-04-15,38.78852462768555,38.905650478921494,37.37324058319807,37.382999519399526,2430024
2025-04-16,37.578208923339844,38.80803957709653,37.46108308092573,38.67139214038616,2007660
2025-04-17,37.78318405151367,37.93935309894232,36.95353668517971,37.392763294623954,2084100
2025-04-18,37.65629959106445,37.91983183568209,37.50988947884237,37.78318438340218,1012429
2025-04-21,36.65095520019531,37.65629686985121,36.59239413822942,37.65629686985121,957015
2025-04-22,36.02627944946289,36.914491558305144,35.72370030695221,35.72370030695221,1746257
2025-04-23,37.41796112060547,37.41796112060547,36.84094586343908,36.84094586343908,2876136
2025-04-24,37.07566452026367,37.66245803724392,36.880065437689524,37.65267976194921,2462131
2025-04-25,37.23214340209961,37.95585889543638,37.21258312057783,37.8580574878275,1933219
2025-04-28,37.359283447265625,37.359283447265625,37.14412408080387,37.33972316570163,835559
2025-04-29,37.6820182800293,37.750477399248894,37.232143002088485,37.32016240261971,624308
2025-04-30,37.193023681640625,37.78959922397201,37.193023681640625,37.68201953853621,1078628
2025-05-02,37.70158004760742,37.71136205401996,37.457082117686824,37.457082117686824,881350
2025-05-05,36.899627685546875,38.05365823042075,36.57689235323056,37.93630026691867,3420163
2025-05-06,37.1636848449707,37.24192597224273,36.70402754910327,36.811607233731166,1588988
2025-05-07,37.065887451171875,37.24192625814307,36.968086041331034,37.20280569420673,912164
2025-05-08,37.55488204956055,37.584220606158404,37.15390560950695,37.15390560950695,845073
2025-05-09,37.86783981323242,37.906956645863545,37.417960795923015,37.72113956595336,660561
2025-05-12,38.28837585449219,38.35683497379408,38.09277677188298,38.13189733455326,986882
2025-05-13,38.43507385253906,38.78715146868245,38.40573529477456,38.76759118659201,965920
2025-05-14,38.94363021850586,38.94363021850586,38.5719923181359,38.5719923181359,1030144
2025-05-15,39.31526565551758,39.461962166734125,38.87516866038368,39.05120745843724,1637500
2025-05-16,39.18812561035156,39.442405531768074,38.97296625080561,39.31526557105982,1051500
2025-05-19,39.04142761230469,39.35438839451197,39.02187106098767,39.178349586720145,811536
2025-05-20,39.1001091003418,39.47174700408553,39.07077054214232,39.129447658541274,375574
2025-05-21,39.46196365356445,39.51086622322129,39.168566889334755,39.168566889334755,552230
2025-05-22,39.305484771728516,39.40328617940699,39.168566531720884,39.3641656163356,544238
2025-05-23,39.31526565551758,39.57932385259792,39.188125694536204,39.57932385259792,359355
2025-05-26,39.14900588989258,39.510865498859346,39.02186965719397,39.510865498859346,390104
2025-05-27,38.65023422241211,39.217467494706895,38.58177509869967,39.11966981247269,442113
2025-05-28,38.72846984863281,39.11966802114113,38.45463336632235,39.080547457741844,314241
2025-05-29,38.7578125,38.97296813922913,38.650232815014284,38.8751704605561,184285
2025-06-02,38.23947525024414,38.630673435559416,38.141677569286514,38.51331547226179,458109
2025-06-03,38.1807975769043,38.52309318600424,38.131898737138926,38.29815553848966,588552
2025-06-04,38.327491760253906,38.59154995578416,38.288374929271065,38.464413726291234,601200
2025-06-05,38.37639617919922,38.66001093853246,38.3079333275066,38.435073293875334,418542
2025-06-06,38.356834411621094,38.493752648218155,38.27859328742727,38.356834411621094,549000
2025-06-09,38.092777252197266,38.53287426093164,37.985197568868614,38.51331397934987,646402
2025-06-10,38.40573501586914,38.48397241292043,38.17101536323065,38.180797369576005,746105
2025-06-11,38.70891189575195,38.85560840707296,38.474192254599366,38.85560840707296,883216
2025-06-12,38.65023422241211,38.708915070198096,38.542654533509015,38.708915070198096,648212
2025-06-13,38.14167785644531,38.581774885552775,38.102557291470774,38.56221460306551,843457
2025-06-16,38.16123580932617,38.16123580932617,37.8971776079815,37.965636727136534,925625
2025-06-17,38.21991729736328,38.31771497473528,37.98519764863133,38.31771497473528,692325
2025-06-18,38.190574645996094,38.29815432852652,38.09277696955509,38.17101436455945,941427
2025-06-19,38.02431869506836,38.23947433416929,38.004758413196946,38.19057549486191,761211
2025-06-20,37.55488204956055,38.082994722033,37.408181805086855,38.02431760883728,788461
2025-06-23,37.281044006347656,37.457082817639474,36.948526666212274,37.457082817639474,1115633
2025-06-24,37.97541809082031,38.082994039999946,37.74069845001448,37.74069845001448,640592
2025-06-25,37.946075439453125,38.41551098581275,37.92651515867871,38.30793130692453,534811
2025-06-26,37.926517486572266,38.28837710699636,37.926517486572266,37.985198332497276,1137010
2025-06-27,37.86783981323242,38.249255979267275,37.789598686485654,38.1416762953616,724421
2025-06-30,37.73092269897461,37.877619219892395,37.69180213443292,37.86784094412816,647579
2025-07-01,38.02431869506836,38.14167665555453,37.730921928481784,37.730921928481784,1407842
2025-07-02,38.11233901977539,38.19057641841072,37.90695792053006,37.946078485218926,819860
2025-07-03,38.7578125,38.85561017867303,38.347054041940204,38.347054041940204,1224033
2025-07-04,38.2492561340332,38.924069066614386,38.19057528873569,38.855609945805085,637555
2025-07-07,38.11233901977539,38.28837783013288,37.92651820287449,38.28837783013288,621858
2025-07-08,37.81893539428711,38.034094751577115,37.73091972711438,38.034094751577115,468048
2025-07-09,38.200355529785156,38.200355529785156,37.75047653144394,37.80915737402986,606402
2025-07-10,38.16123580932617,38.31771432892944,38.09277669017113,38.219916653205715,661407
2025-07-11,38.298152923583984,38.4448531636061,38.141674408573365,38.190573245000046,617409
2025-07-14,38.259033203125,38.542651683672915,38.259033203125,38.386173165222715,215298
2025-07-15,38.47419357299805,38.61111181388629,38.337275332109805,38.39595244635205,583615
2025-07-16,38.327491760253906,38.640448792569295,38.327491760253906,38.55242939405921,594891
2025-07-17,38.816490173339844,38.95341214849113,38.43507399798856,38.43507399798856,1338177
2025-07-18,38.9338493347168,39.10010612619069,38.86539021696377,39.09032785111545,753611
2025-07-21,38.96318817138672,39.11966668891268,38.85560849107347,38.98274845242023,437516
2025-07-22,38.2492561340332,39.2468081196373,38.22969585226736,38.99252818742368,713157
2025-07-23,38.630672454833984,38.93385122729358,38.54265305190973,38.67957129407139,718769
2025-07-24,38.91429138183594,38.95341194596148,38.66001144576225,38.826271977924634,417154
2025-07-25,39.119667053222656,39.14900560967508,38.72846889039356,39.031647653123215,668063
2025-07-28,39.471744537353516,39.667343618191914,39.23702489419901,39.32504429403918,1275921
2025-07-29,39.43262481689453,39.88250010090783,39.129446048585265,39.510865943197146,1264374
2025-07-30,39.49130630493164,39.60866426555507,39.168567249789334,39.481524298613344,645130
2025-07-31,39.804264068603516,39.853162908846265,39.24680908220297,39.491307014159084,1388713
2025-08-01,40.43017578125,40.61599285545626,39.22724647501102,39.510864954648596,2078171
2025-08-04,40.21501922607422,40.4008400439884,39.93140445738938,40.2541397909764,698748
2025-08-05,40.57687759399414,40.76269467538989,40.46929790922839,40.57687759399414,749448
2025-08-06,40.56709671020508,40.75291379674244,40.45951702246256,40.57687871676843,745656
2025-08-07,41.2712516784668,41.42773020575774,41.153893715684184,41.183232273694244,1116745
2025-08-08,42.06342315673828,42.229683692764915,41.89716635145407,41.89716635145407,1147221
2025-08-11,42.73823928833008,42.73823928833008,42.01452376759944,42.102543172408005,1398528
2025-08-12,42.61109924316406,42.93383830380187,42.46439899183009,42.875157457119805,734174
2025-08-13,42.81647491455078,43.4032721659023,42.56219871715134,42.9044943157164,1132830
2025-08-14,43.21745300292969,43.40327381843325,42.80669826901259,42.91427795572679,947139
2025-08-15,43.41305160522461,43.608650694252745,43.22723452255616,43.5206312907272,791451
2025-08-18,43.97050476074219,44.00962532307415,43.364150967565415,43.50106920498512,1019623
2025-08-19,43.40327453613281,44.30302514763429,43.40327453613281,44.19544545914119,1336126
2025-08-20,42.04386520385742,43.109876315704945,42.0340831975535,43.06097374566992,1977339
2025-08-21,42.58176040649414,42.90449573427726,42.15144166179353,42.15144166179353,1157568
2025-08-22,42.513301849365234,42.77736006510108,42.229683351270175,42.640438088586556,731250
2025-08-25,43.90204620361328,43.97050532319884,43.56952888102247,43.57931088710167,1157771
2025-08-26,44.46928405761719,44.59642029323975,43.90204707748345,44.009626762042764,1400964
2025-08-27,45.623313903808594,45.65265246071804,44.88982013513478,44.95827925508495,1896110
2025-08-28,45.6917724609375,46.01450777519264,45.2027766211783,45.662430173647266,1176013
2025-08-29,46.65998458862305,46.79690283403837,46.06340903581995,46.06340903581995,1828596
2025-09-01,45.57441329956055,46.71866556801168,44.94849918689159,46.71866556801168,2135276
2025-09-02,44.40082550048828,46.01450959714235,43.9020476349691,45.90692991121694,2260672
2025-09-03,44.371482849121094,44.62576278299999,44.05852580030269,44.40082513733316,1053596
2025-09-04,44.00962829589844,45.09519972411605,44.00962829589844,44.82136323077914,1891262
2025-09-05,45.17343521118164,45.17343521118164,44.69422136812664,44.71378164978594,1242979
2025-09-08,45.67221450805664,45.67221450805664,45.241895759455616,45.505953974076505,1377769
2025-09-09,45.80913162231445,45.94604986412822,45.54507341421264,45.69177366229441,979783
2025-09-10,46.18077087402344,46.29812883749736,45.96561149870258,45.96561149870258,1315810
2025-09-11,45.67221450805664,46.60130739711331,45.63309394350339,46.29812861793917,1548333
2025-09-12,45.623313903808594,46.200329151061695,45.603753622288224,45.89715038360931,773071
2025-09-15,44.9484977722168,45.770010951924725,44.62576245022919,45.62331443492754,1457118
2025-09-16,45.36903381347656,45.408154376378214,44.96805737059024,44.96805737059024,980987
2025-09-17,44.85070037841797,45.593972435843376,44.82136182098108,45.457054193481504,561042
2025-09-18,45.80913162231445,45.80913162231445,44.98761844068956,44.98761844068956,1089136
2025-09-19,46.05363082885742,46.386148167109695,45.96561142370998,46.03407054651995,1075658
2025-09-22,46.56218719482422,46.60130775968184,46.09275160876001,46.09275160876001,989225
2025-09-23,46.65998458862305,47.09030333791965,46.513288067424796,46.738225717856025,1712469
2025-09-24,46.47416687011719,46.74800335721987,46.11231097919687,46.65998395340225,1176572
2025-09-25,46.092750549316406,46.767563489258904,45.97538885744111,46.35680875992234,919734
2025-09-26,44.39104080200195,45.96560796980111,44.25412256667022,45.96560796980111,1868121
2025-09-30,45.70155334472656,45.7113353512957,44.61598192158091,44.61598192158091,1028854
2025-10-01,46.131866455078125,46.52306462531299,45.946049376124805,45.96560965771077,1000911
2025-10-02,46.4350471496582,46.94360329976137,46.4350471496582,46.454607432055525,1551582
2025-10-03,46.69910430908203,46.74800314859753,46.425267823201395,46.43504609880757,1124732
2025-10-07,47.35435485839844,47.53039365741229,46.94360014786089,46.94360014786089,2154632
2025-10-08,47.276119232177734,47.28589750771421,46.71866425804133,47.19787810491676,708819
2025-10-09,47.383697509765625,47.8237945106845,47.27611782834744,47.432596347480576,1218300
2025-10-13,46.46438217163086,46.55240157034874,45.134316646521505,45.46683396048437,1197104
2025-10-14,45.6917724609375,47.67709437652237,45.672212179658075,47.05118029854934,1619391
2025-10-15,47.13920211791992,47.13920211791992,45.74067364598266,45.74067364598266,978940
2025-10-16,47.950931549072266,48.20521147865416,47.36413802513938,47.432597145240145,2002253
2025-10-17,47.23699951171875,47.77489421364123,47.15876211380355,47.77489421364123,1206072
2025-10-20,47.52000045776367,48.04999923706055,47.34000015258789,48.04999923706055,883286
2025-10-21,48.040000915527344,48.38999938964844,47.54999923706055,47.54999923706055,1694582
2025-10-22,48.13999938964844,48.150001525878906,47.66999816894531,48.0,1230354
2025-10-23,47.5099983215332,48.130001068115234,47.5,48.130001068115234,827357
2025-10-27,48.2599983215332,48.779998779296875,48.20000076293945,48.29999923706055,1141151
2025-10-28,48.20000076293945,48.369998931884766,48.0,48.2599983215332,916380
2025-10-29,48.189998626708984,48.7599983215332,48.11000061035156,48.31999969482422,1065410
2025-10-30,47.7400016784668,48.29999923706055,47.45000076293945,48.189998626708984,1036100
2025-10-31,47.5099983215332,47.900001525878906,47.45000076293945,47.65999984741211,753689
2025-11-03,47.220001220703125,47.619998931884766,47.130001068115234,47.5099983215332,1394150
2025-11-04,46.540000915527344,47.630001068115234,46.529998779296875,47.25,1223622
2025-11-05,46.63999938964844,46.650001525878906,45.65999984741211,46.06999969482422,1640556
2025-11-06,47.22999954223633,47.400001525878906,46.79999923706055,46.79999923706055,1022610
2025-11-07,46.41999816894531,47.0099983215332,46.41999816894531,46.5099983215332,813921
2025-11-10,46.4900016784668,46.5099983215332,46.04999923706055,46.5,615744
2025-11-11,46.09000015258789,46.790000915527344,46.04999923706055,46.599998474121094,616458
2025-11-12,46.4900016784668,46.599998474121094,46.27000045776367,46.29999923706055,509541
2025-11-13,47.09000015258789,47.279998779296875,46.5,46.5,1178616
2025-11-14,45.959999084472656,46.9900016784668,45.93000030517578,46.9900016784668,887989
2025-11-17,45.25,46.220001220703125,45.25,46.209999084472656,943395
2025-11-18,44.060001373291016,45.20000076293945,44.0,45.20000076293945,1204509
2025-11-19,43.7400016784668,44.15999984741211,43.59000015258789,43.97999954223633,1093356
2025-11-20,44.7599983215332,45.0,44.31999969482422,44.31999969482422,647360
2025-11-21,43.599998474121094,44.220001220703125,43.47999954223633,44.0,1078839
2025-11-24,44.20000076293945,44.27000045776367,43.810001373291016,43.810001373291016,575637
2025-11-25,44.56999969482422,44.79999923706055,44.40999984741211,44.5,403323
2025-11-26,45.36000061035156,45.369998931884766,44.9900016784668,45.0,664432
2025-11-27,45.79999923706055,45.79999923706055,45.380001068115234,45.380001068115234,466231
2025-11-28,45.9900016784668,46.04999923706055,45.75,45.869998931884766,412282
2025-12-01,45.400001525878906,46.0,45.400001525878906,45.95000076293945,487360
2025-12-02,45.66999816894531,45.79999923706055,45.56999969482422,45.720001220703125,396151
2025-12-03,45.93000030517578,46.11000061035156,45.900001525878906,45.900001525878906,390321
2025-12-04,46.099998474121094,46.290000915527344,45.97999954223633,46.0,420452
2025-12-05,45.970001220703125,46.22999954223633,45.83000183105469,46.22999954223633,418519
2025-12-08,46.22999954223633,46.290000915527344,45.91999816894531,45.91999816894531,814028
2025-12-09,46.029998779296875,46.349998474121094,45.9900016784668,46.220001220703125,303900
2025-12-10,45.91999816894531,46.290000915527344,45.88999938964844,46.20000076293945,485719
2025-12-11,45.7400016784668,46.20000076293945,45.4900016784668,45.959999084472656,518361
2025-12-12,46.189998626708984,46.40999984741211,46.0,46.0,772772
2025-12-15,45.689998626708984,46.13999938964844,45.5,46.13999938964844,330125
2025-12-16,45.130001068115234,45.61000061035156,44.849998474121094,45.61000061035156,562389
2025-12-17,45.09000015258789,45.61000061035156,45.0099983215332,45.130001068115234,643837
2025-12-18,45.09000015258789,45.189998626708984,44.900001525878906,45.0,539254
2025-12-19,45.380001068115234,45.45000076293945,45.150001525878906,45.150001525878906,566077
2025-12-22,45.9900016784668,46.20000076293945,45.349998474121094,45.349998474121094,485443
2025-12-23,45.47999954223633,46.0,45.43000030517578,46.0,461399
2025-12-24,45.56999969482422,45.900001525878906,45.5,45.709999084472656,567467
2025-12-26,46.02000045776367,46.130001068115234,45.65999984741211,45.65999984741211,1101734
2025-12-29,45.880001068115234,46.20000076293945,45.849998474121094,46.040000915527344,536592
2025-12-30,45.849998474121094,45.849998474121094,45.47999954223633,45.79999923706055,763460
2025-12-31,45.849998474121094,46.16999816894531,45.720001220703125,45.849998474121094,461714
2026-01-02,46.68000030517578,46.79999923706055,45.970001220703125,45.970001220703125,3872960
2026-01-05,47.099998474121094,47.380001068115234,46.939998626708984,46.939998626708984,2032602
2026-01-06,47.72999954223633,47.81999969482422,47.150001525878906,47.150001525878906,1488310
2026-01-07,48.560001373291016,48.720001220703125,47.810001373291016,47.810001373291016,2243871
2026-01-08,48.2599983215332,48.90999984741211,48.119998931884766,48.599998474121094,708862
2026-01-09,48.13999938964844,48.310001373291016,47.290000915527344,48.29999923706055,1099673
2026-01-12,48.88999938964844,49.04999923706055,48.31999969482422,48.31999969482422,2065890
2026-01-13,49.279998779296875,49.56999969482422,48.77000045776367,49.220001220703125,1965821
2026-01-14,50.20000076293945,50.400001525878906,49.279998779296875,49.400001525878906,2390401
2026-01-15,50.54999923706055,50.599998474121094,50.0,50.20000076293945,1427382
2026-01-16,51.0,51.099998474121094,50.599998474121094,50.650001525878906,1608637
2026-01-19,51.20000076293945,51.599998474121094,51.0,51.0,1206002
2026-01-20,51.04999923706055,51.349998474121094,50.70000076293945,50.70000076293945,847653
2026-01-21,49.9900016784668,51.0,49.779998779296875,50.79999923706055,1721655
2026-01-22,50.349998474121094,51.5,50.29999923706055,50.29999923706055,1128259
2026-01-23,50.400001525878906,51.0,50.0,50.70000076293945,1109344
2026-01-26,51.04999923706055,51.54999923706055,50.70000076293945,51.0,1190201
2026-01-27,50.400001525878906,51.20000076293945,50.25,51.150001525878906,1241039
2026-01-28,51.20000076293945,51.54999923706055,51.0,51.20000076293945,2189475
2026-01-29,51.25,52.400001525878906,50.599998474121094,51.54999923706055,2290248
2026-01-30,50.75,51.5,49.439998626708984,51.25,2306270
2026-02-02,49.15999984741211,50.20000076293945,48.650001525878906,50.20000076293945,2639534
2026-02-03,49.810001373291016,50.849998474121094,49.0,50.29999923706055,1733250
2026-02-04,51.29999923706055,51.29999923706055,50.0,50.0,1362833
2026-02-05,49.59000015258789,50.95000076293945,49.52000045776367,50.79999923706055,1241695
2026-02-06,48.47999954223633,49.11000061035156,47.349998474121094,48.900001525878906,2436807
2026-02-09,48.97999954223633,50.25,48.90999984741211,50.04999923706055,881978
2026-02-10,49.369998931884766,49.45000076293945,48.84000015258789,49.220001220703125,1071900
2026-02-11,49.90999984741211,49.9900016784668,49.119998931884766,49.5099983215332,1290295
2026-02-23,52.25,52.900001525878906,51.0,51.0,2700329
2026-02-24,54.54999923706055,54.650001525878906,52.400001525878906,52.400001525878906,3040181
2026-02-25,54.54999923706055,55.70000076293945,53.95000076293945,55.29999923706055,2666964
2026-02-26,56.75,56.95000076293945,54.45000076293945,54.5,5168677
2026-03-02,58.20000076293945,58.70000076293945,54.599998474121094,54.599998474121094,5615131
2026-03-03,56.04999923706055,59.79999923706055,55.79999923706055,59.25,4837071
2026-03-04,52.95000076293945,55.20000076293945,52.099998474121094,54.75,3070102
2026-03-05,54.70000076293945,56.25,53.5,55.599998474121094,1304899
2026-03-06,54.79999923706055,55.900001525878906,53.79999923706055,53.95000076293945,954547
2026-03-09,51.45000076293945,51.45000076293945,49.93000030517578,50.79999923706055,1594362
2026-03-10,52.75,53.70000076293945,51.54999923706055,53.20000076293945,1518056
2026-03-11,55.650001525878906,56.0,53.95000076293945,53.95000076293945,1961875
2026-03-12,55.849998474121094,56.79999923706055,55.0,55.400001525878906,1417026
2026-03-13,55.45000076293945,55.79999923706055,54.0,54.95000076293945,1270670
2026-03-16,55.349998474121094,56.20000076293945,54.45000076293945,56.20000076293945,849030
2026-03-17,56.70000076293945,57.29999923706055,56.150001525878906,56.150001525878906,1236682
2026-03-18,58.099998474121094,58.20000076293945,56.900001525878906,57.95000076293945,1673418
