Price,Close,High,Low,Open,Volume
Ticker,00739.TW,00739.TW,00739.TW,00739.TW,00739.TW
Date,,,,,
2021-03-18,26.229124069213867,26.313432110945154,25.966832185303506,25.966832185303506,278668
2021-03-19,25.573394775390625,26.135447780867647,25.573394775390625,26.135447780867647,437000
2021-03-22,25.80758285522461,25.994934448821923,25.573394256586575,25.573394256586575,184108
2021-03-23,25.51719093322754,25.976200398055695,25.46098616666338,25.966832639175447,306313
2021-03-24,25.273635864257812,25.760748630816334,25.273635864257812,25.62960357317266,457000
2021-03-25,25.311105728149414,25.386046012859367,25.06754935616274,25.273634692435778,272168
2021-03-26,25.816953659057617,25.826321418514265,25.292371636507234,25.292371636507234,431198
2021-03-29,25.919994354248047,26.041771640255867,25.81695079836027,25.835686315197545,521662
2021-03-30,25.985567092895508,26.088610649641534,25.67643820937467,25.85442204737674,325000
2021-03-31,25.648334503173828,25.854421613205073,25.507821701518022,25.80758282150833,174273
2021-04-01,25.882524490356445,25.948098802250588,25.760747198844793,25.760747198844793,260668
2021-04-07,25.89189338684082,26.135449767282854,25.7701160899785,26.088612757732125,426120
2021-04-08,26.088611602783203,26.135448610260447,25.704542423974438,25.80758419776783,431035
2021-04-09,25.72327423095703,26.088609651479942,25.676437226982973,26.088609651479942,402050
2021-04-12,25.386045455932617,25.723275836370476,25.292369655420934,25.723275836370476,985000
2021-04-13,25.254898071289062,25.545293225231532,25.254898071289062,25.4516174267571,232200
2021-04-14,25.46098518371582,25.60149798806024,25.311104620852813,25.357941626728536,599100
2021-04-15,25.123754501342773,25.535926966812884,25.039446456434856,25.517191448673934,612000
2021-04-16,25.292369842529297,25.33920684977299,25.10501824011994,25.217429558909014,462100
2021-04-19,25.779481887817383,25.807583376722782,25.3298401981585,25.348573928523017,366090
2021-04-20,26.013671875,26.041773365400275,25.704542973575574,25.788851018211083,360262
2021-04-21,25.938730239868164,25.9761994873582,25.667070602017077,25.667070602017077,116590
2021-04-22,25.966833114624023,26.023039668934633,25.854423579437505,25.93873162418607,121000
2021-04-23,26.163551330566406,26.275960860808997,25.919994966084438,25.96683197256597,205000
2021-04-26,26.219757080078125,26.463313453704135,26.182287830829612,26.36963765050685,1013711
2021-04-27,25.751380920410156,25.91062925644483,25.667072872702537,25.873160005640006,305035
2021-04-28,25.94809913635254,26.004303903411035,25.760747530534445,25.9387313773899,229119
2021-04-29,26.201019287109375,26.36026760270233,26.041770971516424,26.041770971516424,280000
2021-05-03,25.77011489868164,26.19165332530353,25.760747139861067,26.19165332530353,258453
2021-05-04,25.713909149169922,25.854421952670645,25.69517363224523,25.854421952670645,110000
2021-05-05,25.901260375976562,26.00430393798525,25.657704002776153,25.667071761751245,148000
2021-05-06,25.901260375976562,26.229124793235474,25.73264428785956,26.069876464093564,230468
2021-05-07,25.901260375976562,26.041773187168285,25.835687849868247,25.901260375976562,234118
2021-05-10,25.357942581176758,25.760747279051238,25.17995873605883,25.732644002437677,734185
2021-05-11,25.67643928527832,25.68580704416751,25.21742982001181,25.357942629915055,239362
2021-05-12,25.592130661010742,25.845054785125196,25.498454860962728,25.723275709047595,671280
2021-05-13,25.386045455932617,25.59213078768449,25.34857442104103,25.564029298233084,141000
2021-05-14,26.013671875,26.088612160596306,25.479722116786657,25.62023492894006,310241
2021-05-17,26.566356658935547,26.697501709619225,26.013671392886746,26.013671392886746,506064
2021-05-18,26.58509063720703,26.79117776073219,26.50078438006722,26.622561673017906,235065
2021-05-19,26.42584228515625,26.528885846828015,26.341536028090736,26.37900527715126,61000
2021-05-20,26.51951789855957,26.594458182862947,26.42584209650102,26.42584209650102,99000
2021-05-21,26.472681045532227,26.697501899755668,26.21038915557955,26.66939862295874,383068
2021-05-24,26.379005432128906,26.622561805963866,26.09797980901329,26.622561805963866,186069
2021-05-25,27.137775421142578,27.137775421142578,26.528885393886988,26.528885393886988,661879
2021-05-26,27.381330490112305,27.596783571780936,27.35322900180948,27.390698248452317,674212
2021-05-27,27.446903228759766,27.727930621030172,27.306390425983178,27.353229218053524,430766
2021-05-28,27.67172622680664,27.746666508402765,27.568682669593002,27.568682669593002,301000
2021-05-31,27.32512855529785,27.774770281858935,27.268923786157064,27.540581659268696,192000
2021-06-01,27.437538146972656,27.45627187769118,27.119041497433074,27.41880262953685,400000
2021-06-02,27.334495544433594,27.63425668702828,27.184614973136252,27.63425668702828,171000
2021-06-03,27.39069938659668,27.60615247721786,27.3063913447506,27.60615247721786,210279
2021-06-04,27.596784591674805,27.60615235036102,27.015997846867663,27.165878412412557,363855
2021-06-07,27.268922805786133,27.540580669131135,27.175247002774384,27.540580669131135,326260
2021-06-08,26.95042610168457,27.587419417018964,26.95042610168457,27.28765649054835,354594
2021-06-09,27.100305557250977,27.184613597679675,27.053466764392113,27.07220228153566,232000
2021-06-10,27.475006103515625,27.49374162007067,27.21271423189663,27.21271423189663,327034
2021-06-11,27.203350067138672,27.475007928361062,27.147143513740396,27.475007928361062,200124
2021-06-15,26.931692123413086,27.203351788543184,26.697503496252974,27.203351788543184,243000
2021-06-16,26.48204803466797,26.866117206141656,26.48204803466797,26.866117206141656,476000
2021-06-17,26.42584228515625,26.585090613777467,26.135448904747207,26.191653671696656,357401
2021-06-18,26.369638442993164,26.51015125865326,26.257228905152047,26.425843211913726,247000
2021-06-21,26.350900650024414,26.631928043805697,26.182286357816327,26.182286357816327,283168
2021-06-22,26.54762077331543,26.566356290786985,26.37900468950601,26.37900468950601,440256
2021-06-23,26.772441864013672,26.884853183138418,26.6038257786852,26.73497261545029,272000
2021-06-24,26.772441864013672,26.791177381654013,26.650664572786052,26.772441864013672,152000
2021-06-25,27.137775421142578,27.165878697496147,26.819278769338,26.969161123173063,282000
2021-06-28,27.278289794921875,27.297023525621665,27.14714295971967,27.259554277504808,426204
2021-06-29,27.10967445373535,27.32512754977788,27.015998650802896,27.315759790812898,544085
2021-06-30,27.250186920166016,27.250186920166016,27.053467557823858,27.06283531667037,222500
2021-07-01,27.14714241027832,27.41880204717576,26.94105708301344,27.41880204717576,197600
2021-07-02,26.556987762451172,27.10030524636035,26.556987762451172,27.10030524636035,483103
2021-07-05,26.416475296020508,26.631928383297257,26.416475296020508,26.631928383297257,247250
2021-07-06,26.500783920288086,26.69750149473022,26.39774036031328,26.6038256935456,585254
2021-07-07,26.819276809692383,26.92232036207559,26.416473931693915,26.500781967877057,326112
2021-07-08,26.753704071044922,26.997260419503668,26.70686706764473,26.95979117412694,180242
2021-07-09,26.510149002075195,26.763073120764567,26.154183113588743,26.763073120764567,385000
2021-07-12,26.912954330444336,27.025365648138777,26.603825440181225,26.772441523364247,443380
2021-07-13,26.90358543395996,27.09093702662162,26.884851704067557,27.06283375170721,390178
2021-07-14,26.819276809692383,26.828644567792416,26.65066252404327,26.819276809692383,272160
2021-07-15,26.959793090820312,26.959793090820312,26.753705973086632,26.781809249155028,311309
2021-07-16,26.8380126953125,27.072201290885413,26.706867653541167,26.97852549531281,975000
2021-07-19,26.716238021850586,26.716238021850586,26.41647687610642,26.697502503562234,358808
2021-07-20,26.60382652282715,26.744339335625423,26.53825399596911,26.650665318238143,201000
2021-07-21,26.912954330444336,26.978526854633895,26.697501240473713,26.753706005962293,289106
2021-07-22,27.025365829467773,27.137775361199154,26.98789479441245,27.025365829467773,555000
2021-07-23,26.70686912536621,27.184614101069716,26.697501366620973,27.184614101069716,162000
2021-07-26,25.52655792236328,26.697500946324897,25.52655792236328,26.697500946324897,1180280
2021-07-27,25.67643928527832,26.041772948370227,25.620234518660485,25.667071526389126,816205
2021-07-28,24.91766929626465,25.105019118511834,24.627275910415225,25.105019118511834,648000
2021-07-29,25.451618194580078,25.564029513484066,25.283002109582746,25.460985953381854,289000
2021-07-30,25.105018615722656,25.442250790418,25.076917125642925,25.442250790418,213080
2021-08-02,25.648334503173828,25.732642541510753,25.048812263193213,25.31110413654334,434000
2021-08-03,25.788848876953125,25.929361677439697,25.55466028056977,25.854421398065714,347000
2021-08-04,25.882524490356445,25.948098802250588,25.58276335428102,25.58276335428102,123977
2021-08-05,25.901260375976562,25.985568420035065,25.667071761751245,25.88252485802638,229792
2021-08-06,25.657703399658203,25.81695172505677,25.573395357581475,25.81695172505677,205000
2021-08-09,25.994935989379883,26.060508515009854,25.47972175652955,25.47972175652955,350202
2021-08-10,25.854421615600586,25.94809741228554,25.69517329725133,25.94809741228554,126000
2021-08-11,26.088611602783203,26.322800213604026,26.051140567427563,26.060508326266476,249000
2021-08-12,25.929363250732422,26.07924381857456,25.854422966811352,26.07924381857456,56700
2021-08-13,25.816953659057617,26.041774525864923,25.779484407948445,25.92936498581998,92000
2021-08-16,25.95746421813965,26.041772259193912,25.723275612259428,25.723275612259428,131300
2021-08-17,25.479721069335938,25.938730523083468,25.479721069335938,25.85442248191379,69564
2021-08-18,25.564027786254883,25.685805069015483,25.151855360411687,25.479719749452475,242000
2021-08-19,25.320472717285156,25.470353282148395,25.1518566351347,25.470353282148395,389353
2021-08-20,24.64600944519043,25.348575293122906,24.64600944519043,25.348575293122906,150080
2021-08-23,25.170591354370117,25.217428359385902,24.85209471745459,25.095651074314535,118372
2021-08-24,25.648334503173828,25.648334503173828,25.329839653222034,25.329839653222034,170252
2021-08-25,25.67643928527832,25.845055371849142,25.53592647537507,25.76074732856373,398300
2021-08-26,25.479721069335938,25.85442248191379,25.33920647624163,25.676438640920335,183905
2021-08-27,25.43288230895996,25.6014983915174,25.283001743734967,25.283001743734967,47522
2021-08-30,25.273635864257812,25.489088969448826,25.133123047251384,25.489088969448826,115100
2021-08-31,24.98324203491211,25.151858127064347,24.82399370195915,25.151858127064347,181000
2021-09-01,25.46098518371582,25.657702752454554,24.983240219571012,25.18932554682834,290366
2021-09-02,25.414146423339844,25.6108657790452,25.29236913587824,25.46098521599219,202148
2021-09-03,25.320472717285156,25.554661323223623,25.292369441354325,25.5359258059364,225095
2021-09-06,25.70454216003418,25.76074692577321,25.26426643271281,25.386045509650874,360068
2021-09-07,25.94809913635254,25.994936144448396,25.62960247849218,25.6670717276254,241497
2021-09-08,25.854421615600586,26.135447218938236,25.854421615600586,25.901258620584457,206000
2021-09-09,25.788848876953125,25.957463165506695,25.76074560216893,25.9106261609169,129074
2021-09-10,26.26659393310547,26.350900184361066,25.845053743241465,25.95746326939373,577035
2021-09-13,25.994935989379883,26.36026965315676,25.994935989379883,26.350901894250004,50304
2021-09-14,26.135448455810547,26.2384920157123,25.966832371141237,26.08861144861009,202938
2021-09-15,25.657703399658203,25.854422760076336,25.657703399658203,25.854422760076336,217187
2021-09-16,25.695175170898438,25.845055741836507,25.47972207351463,25.65770413480525,308563
2021-09-17,25.592130661010742,25.592130661010742,25.339206536896288,25.479721130326947,275001
2021-09-22,25.52655792236328,25.52655792236328,25.27363380037543,25.470353157493957,265109
2021-09-23,25.629602432250977,25.854423286796663,25.48908783478226,25.48908783478226,219770
2021-09-24,25.667072296142578,25.91999643358399,25.582764250328772,25.601499768669033,148144
2021-09-27,25.779481887817383,26.004302732646824,25.61086580751599,25.657702813503153,279072
2021-09-28,25.86379051208496,25.891892001625013,25.629601903425637,25.760746952525327,128123
2021-09-29,25.554662704467773,25.760748045614438,25.367311094903634,25.760748045614438,140005
2021-09-30,25.63896942138672,25.751378951925805,25.43288230420294,25.526558104130363,236000
2021-10-01,25.254898071289062,25.620233506667628,25.254898071289062,25.620233506667628,68370
2021-10-04,25.161224365234375,25.395412970907167,25.105017813436472,25.254898378129678,227000
2021-10-05,25.198694229125977,25.198694229125977,24.927036368996816,25.105018427223147,35446
2021-10-06,25.15185546875,25.292368268453526,24.87082808262576,25.292368268453526,171000
2021-10-07,25.592130661010742,25.770114502430243,25.40478084763199,25.479721130326947,131371
2021-10-08,25.985567092895508,26.17291868939424,25.620233445111946,25.620233445111946,262037
2021-10-12,26.004302978515625,26.210388308211822,25.985567461256714,25.99493521988617,87000
2021-10-13,26.10734748840332,26.17292001448252,25.835687838398236,26.17292001448252,74300
2021-10-14,26.135448455810547,26.285329022912755,26.097979207393642,26.22912425692875,80662
2021-10-15,26.210390090942383,26.285330378357905,25.957465950895983,26.172920840593317,85000
2021-10-18,25.938730239868164,26.397739688603945,25.854422199619016,26.397739688603945,194000
2021-10-19,26.247859954833984,26.332167997747884,26.041772833614537,26.041772833614537,197153
2021-10-20,26.238492965698242,26.575725147246626,26.229125206575524,26.416476815595153,87045
2021-10-21,26.304065704345703,26.463314037277662,26.229125417478745,26.229125417478745,141637
2021-10-22,26.58509063720703,26.622561673017906,26.360269782493766,26.360269782493766,130016
2021-10-25,26.463314056396484,26.585091352624254,26.3321690009639,26.585091352624254,93874
2021-10-26,26.58509063720703,26.800545519684906,26.51015035230261,26.58509063720703,139000
2021-10-27,26.229124069213867,26.463312676974706,26.1635515449156,26.435209400825183,141779
2021-10-28,26.135448455810547,26.21038873936165,26.08861144861009,26.135448455810547,70000
2021-10-29,26.144817352294922,26.172920629868496,25.994936778670606,25.994936778670606,18000
2021-11-01,26.27596092224121,26.332167474211182,25.929362785346076,26.144815874412487,153000
2021-11-02,25.74201202392578,26.266595805760122,25.74201202392578,26.266595805760122,222114
2021-11-03,25.873157501220703,26.060507310544924,25.807583191904126,25.807583191904126,86386
2021-11-04,26.088611602783203,26.20102113541551,25.86379075080129,25.86379075080129,34247
2021-11-05,26.163551330566406,26.30406413672828,26.088611048165593,26.163551330566406,32377
2021-11-08,26.088611602783203,26.163551886777174,25.85442299196238,26.163551886777174,86000
2021-11-09,25.882524490356445,26.06987609376224,25.807584206337587,26.06987609376224,64776
2021-11-10,25.5452938079834,25.88252418878028,25.460985766104855,25.88252418878028,100511
2021-11-11,26.069875717163086,26.069875717163086,25.667071026361565,25.760746826711244,275139
2021-11-12,26.11671257019043,26.294696411135032,26.00430303980657,26.229123887291564,661379
2021-11-15,26.05113983154297,26.397739751922753,26.004302825388763,26.397739751922753,27000
2021-11-16,26.11671257019043,26.32279968708963,26.04177228769543,26.172919122099632,300000
2021-11-17,26.10734748840332,26.16355225551159,25.94809915933211,25.94809915933211,85412
2021-11-18,26.088611602783203,26.088611602783203,25.85442299196238,26.060508326266476,268267
2021-11-19,26.05113983154297,26.17291890629151,25.938730302085975,26.06050759011726,33082
2021-11-22,26.350900650024414,26.407107200811012,26.088610559889233,26.088610559889233,136000
2021-11-23,26.444576263427734,26.54761981910025,26.444576263427734,26.500782813822138,99694
2021-11-24,26.341535568237305,26.57572417760859,26.341535568237305,26.435209582611982,57986
2021-11-25,26.313432693481445,26.453945503905214,26.313432693481445,26.41647625492696,15118
2021-11-26,26.126079559326172,26.350900400189314,26.097978070916543,26.350900400189314,139147
2021-11-29,26.032405853271484,26.30406370247063,25.938730055137658,25.938730055137658,134547
2021-11-30,26.05113983154297,26.257226946742882,26.05113983154297,26.219755912445716,101360
2021-12-01,26.154184341430664,26.182287618176794,25.948099005444327,25.948099005444327,73144
2021-12-02,26.201019287109375,26.21975480346553,26.004301725521294,26.004301725521294,13392
2021-12-03,26.27596092224121,26.294696439564536,25.985567550598777,26.294696439564536,58044
2021-12-06,26.472681045532227,26.585090579285286,26.14481662977071,26.229124673444165,448965
2021-12-07,26.36026954650879,26.603825916947105,26.19165346030401,26.472680866217747,303645
2021-12-08,26.660030364990234,26.706869158775028,26.229124182473893,26.369636990393687,158070
2021-12-09,27.29702377319336,27.456272099248196,26.69750150414799,26.69750150414799,575568
2021-12-10,27.025365829467773,27.137775361199154,26.8848530214449,27.137775361199154,148896
2021-12-13,27.278289794921875,27.475007367649262,27.025365669943284,27.025365669943284,149052
2021-12-14,27.072202682495117,27.1190414760477,27.034733434370334,27.1190414760477,117725
2021-12-15,26.884851455688477,27.12840602249444,26.884851455688477,26.987893222654943,60000
2021-12-16,26.847383499145508,26.997264074377455,26.70687068320523,26.88485453631219,170243
2021-12-17,26.650665283203125,26.856750622588518,26.613194246923587,26.856750622588518,77000
2021-12-20,26.341535568237305,26.603825667234073,26.285329015551746,26.603825667234073,52217
2021-12-21,26.257226943969727,26.341534984412196,26.163551144953956,26.247859185396425,142100
2021-12-22,26.294696807861328,26.453945133905552,26.24785980061427,26.453945133905552,77171
2021-12-23,26.32280158996582,26.519519175716937,26.31343383063709,26.35090308123461,53848
2021-12-24,26.463314056396484,26.603826871033874,26.32280124175909,26.388373769475383,64000
2021-12-27,26.313432693481445,26.58509055540509,26.247860167731506,26.463313262829107,86287
2021-12-28,26.38837432861328,26.463314617122276,26.313434040104287,26.313434040104287,102080
2021-12-29,26.060508728027344,26.603826242039,26.060508728027344,26.603826242039,117360
2021-12-30,26.313432693481445,26.369637460307487,25.92936351118839,26.06987632161216,90944
2022-01-03,26.257226943969727,26.594457319022347,26.22912366824982,26.46331227243062,84570
2022-01-04,26.144817352294922,26.5288865455469,25.891893214284877,26.5288865455469,403053
2022-01-05,25.816953659057617,26.06987780423487,25.816953659057617,26.02304079366905,169002
2022-01-06,25.582763671875,25.84505556255584,25.414147584059982,25.84505556255584,136000
2022-01-07,25.695175170898438,25.71391068894503,25.582763849336214,25.582763849336214,282527
2022-01-10,25.667072296142578,25.695175573652968,25.3204741404346,25.695175573652968,299000
2022-01-11,25.451618194580078,25.648335769265433,25.451618194580078,25.60149876197386,76891
2022-01-12,25.554662704467773,25.56403046361772,25.432883622235874,25.432883622235874,29036
2022-01-13,25.442251205444336,25.85442367160472,25.442251205444336,25.55466252774893,58456
2022-01-14,25.245532989501953,25.320473273580024,25.095652421345818,25.320473273580024,172619
2022-01-17,25.3673095703125,25.41414657652992,25.151856482964757,25.254898253986532,222000
2022-01-18,25.573394775390625,25.723275338622198,25.33920617200164,25.33920617200164,128595
2022-01-19,25.42351722717285,25.7607494277954,25.42351722717285,25.667073617987196,31000
2022-01-20,25.7982177734375,25.919995062774117,25.42351457331839,25.42351457331839,82962
2022-01-21,25.479721069335938,25.788849958052324,25.479721069335938,25.695174158228543,41070
2022-01-24,25.573394775390625,25.66707057408967,25.386044964709786,25.47972076340883,274366
2022-01-25,25.245532989501953,25.526558608115383,25.179958677555998,25.526558608115383,392000
2022-01-26,24.964506149291992,25.264267292389953,24.945770631169033,25.086285230373882,313035
2022-02-07,24.89893341064453,25.105018748090885,24.636641519307716,25.011344731708117,185875
2022-02-08,24.52423095703125,24.98324040759335,24.308777869633843,24.98324040759335,221143
2022-02-09,24.936403274536133,24.96450476344323,24.683479154068742,24.73031616005874,54500
2022-02-10,24.805255889892578,25.011342999785665,24.805255889892578,25.011342999785665,247887
2022-02-11,24.86146354675293,24.992608595820204,24.730316710968367,24.9364038300367,59110
2022-02-14,24.505496978759766,24.720950079687288,24.505496978759766,24.720950079687288,132746
2022-02-15,24.71158218383789,24.805257988376184,24.589804888640263,24.636641897550728,17679
2022-02-16,25.095651626586914,25.179957880127184,24.917667787519115,24.917667787519115,126650
2022-02-17,25.133121490478516,25.198694015238722,25.030077930588313,25.067548965718313,378419
2022-02-18,25.161224365234375,25.179958095783075,24.973872766009233,25.01134380054117,57000
2022-02-21,25.067548751831055,25.198693800232476,25.001976227630344,25.161224552139476,96299
2022-02-22,24.692846298217773,24.91766713746696,24.655375264984308,24.91766713746696,62425
2022-02-23,25.08628273010254,25.105016459641018,24.852094137058437,25.105016459641018,118526
2022-02-24,24.852096557617188,25.105018904834044,24.67411270928749,25.105018904834044,101888
2022-02-25,24.92703628540039,25.133121619521624,24.889565250077997,24.964505534005475,322000
2022-03-01,25.161224365234375,25.42351446008885,25.076916324254785,25.19869361304904,74074
2022-03-02,25.08628273010254,25.245531044841215,24.945768144902342,25.161223008407966,112461
2022-03-03,24.880197525024414,25.40478129994623,24.880197525024414,25.40478129994623,40000
2022-03-04,24.56170082092285,24.852095984319025,24.56170082092285,24.814624949022498,45113
2022-03-07,24.130794525146484,24.561700708785402,24.055854241612877,24.561700708785402,255217
2022-03-08,23.756093978881836,24.149530928544362,23.51253760178433,23.9621793194794,145826
2022-03-09,23.100364685058594,23.75609351732854,23.100364685058594,23.737357999442583,614818
2022-03-10,23.73735809326172,23.90597418146713,23.39075815787089,23.39075815787089,145882
2022-03-11,23.240877151489258,23.521904555463653,23.00668854153591,23.231509392685048,266000
2022-03-14,23.278348922729492,23.606213344374176,23.184673118442817,23.418861735800824,75804
2022-03-15,22.669458389282227,23.128467855064233,22.48210678472261,22.95048400940433,1354663
2022-03-16,22.856807708740234,22.856807708740234,22.01372908003962,22.44463525972674,280000
2022-03-17,23.512535095214844,23.774825175883343,23.372022296754267,23.606210889760952,1475497
2022-03-18,23.15656852722168,23.231508809055384,22.959850957427175,23.231508809055384,60000
2022-03-21,23.20340919494629,23.559375115739805,23.194041435620488,23.559375115739805,31093
2022-03-22,23.475067138671875,23.6062139829076,23.400126850558916,23.559375186138627,169828
2022-03-23,23.5031681060791,23.634313150704234,23.325184269289828,23.634313150704234,82000
2022-03-24,23.372024536132812,23.41886154453495,23.212776206161283,23.381390508439367,14684
2022-03-25,23.15656852722168,23.512536205969717,23.137834796801194,23.512536205969717,102000
2022-03-28,23.044160842895508,23.15657038128768,22.566415837935292,23.15657038128768,83584
2022-03-29,22.969221115112305,23.137837213529266,22.90364858499847,23.044161404773458,46244
2022-03-30,23.268980026245117,23.268980026245117,22.997320385764173,23.044159178976717,165694
2022-03-31,23.29708480834961,23.540639401931774,23.26898153060518,23.540639401931774,19001
2022-04-01,23.568740844726562,23.65304888467864,23.297082994549953,23.297082994549953,19198
2022-04-06,23.512535095214844,23.596843131634625,23.231507711576516,23.531270611467498,89000
2022-04-07,23.409494400024414,23.690521817966378,23.353289631122976,23.353289631122976,235297
2022-04-08,23.58747673034668,23.58747673034668,23.287715599929506,23.521904206407584,60080
2022-04-11,22.903648376464844,23.540639939426253,22.89428061700281,23.540639939426253,71073
2022-04-12,23.287715911865234,23.287715911865234,22.81933869263523,22.903646735034016,91683
2022-04-13,23.250244140625,23.372023214331094,23.147200583907114,23.334552180354684,76070
2022-04-14,23.194040298461914,23.30644983142553,23.175304780728876,23.278348341543282,45640
2022-04-15,23.4656982421875,23.47506600108734,23.231509629843444,23.278348424342646,42000
2022-04-18,23.268980026245117,23.306449274097883,23.016055903049192,23.250244508960098,77000
2022-04-19,23.250244140625,23.35328769734289,23.250244140625,23.35328769734289,36402
2022-04-20,23.100364685058594,23.109732444001573,22.884911589522048,23.044159918118044,31373
2022-04-21,22.454002380371094,22.838071542384554,22.294754060508154,22.838071542384554,223010
2022-04-22,22.15424156188965,22.276020636425955,21.92005295809226,22.02309651551263,126013
2022-04-25,21.432939529418945,22.004360275665846,21.36736700838416,22.004360275665846,127247
2022-04-26,21.123811721801758,21.31116332284334,20.711641058257936,21.1800182741446,996785
2022-04-27,21.236223220825195,21.24559097962887,20.608597674717384,20.608597674717384,169389
2022-04-28,21.28306007385254,21.67649700716849,21.23622306689097,21.5359841995665,199001
2022-04-29,21.639028549194336,21.742070325616304,21.17065131560449,21.742070325616304,993139
2022-05-03,21.76080322265625,21.76080322265625,21.461042115140124,21.63902594274675,65793
2022-05-04,21.545351028442383,21.760804109914677,21.545351028442383,21.760804109914677,33612
2022-05-05,21.8170108795166,21.901317131914094,21.52661572846935,21.8170108795166,201000
2022-05-06,21.123811721801758,21.54535193078667,20.983298914379212,21.35800032974509,253000
2022-05-09,20.758480072021484,21.030139741123214,20.758480072021484,21.00203646223486,37432
2022-05-10,21.151914596557617,21.151914596557617,20.533656826257733,20.61796486645474,340644
2022-05-11,21.76080322265625,21.76080322265625,20.964561664118328,21.12380997582591,451529
2022-05-12,21.339265823364258,21.56408666441188,21.339265823364258,21.56408666441188,29000
2022-05-13,21.386104583740234,21.854481821042224,21.339267574696983,21.854481821042224,37000
2022-05-16,21.44230842590332,21.807643870188883,21.3580003838926,21.78890835269377,62741
2022-05-17,21.648395538330078,21.68586478659162,21.44230841938109,21.44230841938109,15617
2022-05-18,21.667129516601562,21.779540836104815,21.498515217422646,21.704600552008415,20000
2022-05-19,21.639028549194336,21.639028549194336,21.442309181993576,21.545352745132895,11009
2022-05-20,22.210447311401367,22.210447311401367,21.966892724963287,21.994994215166038,56252
2022-05-23,22.15424156188965,22.482105964549447,22.116772314375037,22.247917360752055,25816
2022-05-24,21.891950607299805,22.238548726713507,21.891950607299805,22.238548726713507,13792
2022-05-25,21.76080322265625,21.891950047232406,21.64839370069627,21.891950047232406,28000
2022-05-26,21.639028549194336,21.87321716598926,21.311164128337975,21.863849406911378,594000
2022-05-27,21.5266170501709,21.854481468334388,21.5266170501709,21.854481468334388,14155
2022-05-30,21.704601287841797,21.873217379454477,21.57345623290632,21.873217379454477,19000
2022-05-31,21.97625732421875,22.00436059938304,21.69523171944473,21.69523171944473,17288
2022-06-01,22.013731002807617,22.07930353268587,21.985627724266607,22.004363243293948,22424
2022-06-02,22.172977447509766,22.21981445436075,21.84511303940102,21.920053322392967,30000
2022-06-06,22.706928253173828,22.781868539683945,22.33222682062324,22.763133021377072,80132
2022-06-07,22.913013458251953,23.044160298903428,22.809971681611152,22.809971681611152,66968
2022-06-08,22.89427947998047,23.222143897998848,22.87554396198688,22.997321255510506,31423
2022-06-09,22.95985221862793,23.231510085178495,22.95985221862793,23.231510085178495,21000
2022-06-10,23.044160842895508,23.109733371410506,22.875544748589856,22.9036480265466,66679
2022-06-13,22.922380447387695,23.165936815596694,22.90364671653877,23.165936815596694,45033
2022-06-14,22.613250732421875,22.7631312940689,22.55704596848355,22.73502980545835,46756
2022-06-15,23.690519332885742,23.784193342322823,23.062893821384424,23.062893821384424,178000
2022-06-16,23.60621452331543,23.737359583836003,23.55937572547419,23.727991824267757,171305
2022-06-17,23.65304946899414,23.65304946899414,23.2315092588202,23.41886086039024,52526
2022-06-20,23.96217918395996,24.140163032893337,23.681153558669237,23.887238898101277,151000
2022-06-21,23.86850357055664,24.11205994822159,23.86850357055664,23.962179375307368,32601
2022-06-22,23.727989196777344,23.88723751836849,23.67178443230907,23.868502001306652,31000
2022-06-23,23.709253311157227,23.727988827927824,23.484432470061705,23.643680789177353,175534
2022-06-24,24.12142562866211,24.12142562866211,23.709253195309007,23.709253195309007,26150
2022-06-27,24.374351501464844,24.636641607018117,24.34624822441956,24.355615983434653,100800
2022-06-28,24.45865821838379,24.45865821838379,24.308777655711765,24.308777655711765,147799
2022-06-29,24.39308738708496,24.73031778312352,24.36498410961618,24.45865991446142,92108
2022-06-30,24.823991775512695,24.823991775512695,24.355614572201134,24.355614572201134,181940
2022-07-01,24.589805603027344,24.9457715265536,24.53360083335844,24.82399422781808,91000
2022-07-04,24.87082862854004,24.96450442597097,24.54296601760763,24.96450442597097,136321
2022-07-05,24.758419036865234,24.870828564117396,24.66474323967695,24.842727075662967,77454
2022-07-06,24.468027114868164,24.78652198532108,24.449291596983485,24.78652198532108,58044
2022-07-07,24.599170684814453,24.608538443192497,24.243203013317732,24.430554607444133,67000
2022-07-08,24.55233383178711,24.82399348605125,24.40245325933702,24.730317681590602,50000
2022-07-11,24.05585289001465,24.711579887411823,23.990280368946653,24.711579887411823,42000
2022-07-12,23.92470932006836,24.093323618882827,23.887238284742494,24.055854370274268,64698
2022-07-13,23.943443298339844,23.980914334052766,23.699886926357813,23.86850301363132,56000
2022-07-14,23.980913162231445,24.01838240939612,23.718621285209778,23.831032600138276,82000
2022-07-15,23.821664810180664,24.336879018355283,23.79356153480638,23.8872373326701,26070
2022-07-18,23.8966064453125,23.934075694550973,23.418861457179947,23.606213063524322,116586
2022-07-19,23.55937385559082,23.89660602641218,23.55937385559082,23.877870508762705,14000
2022-07-20,23.793561935424805,23.868502217634127,23.78419417680898,23.84976670040248,83601
2022-07-21,23.643680572509766,23.859133653245603,23.643680572509766,23.784193373567174,43000
2022-07-22,23.437597274780273,23.690521410563317,23.437597274780273,23.493802042715163,81000
2022-07-25,23.36265754699707,23.41886231627526,23.325186509666676,23.41886231627526,29000
2022-07-26,23.65304946899414,23.671784986494604,23.278348052571356,23.512536661175258,55003
2022-07-27,23.484432220458984,23.653048296167803,23.428227457461777,23.653048296167803,11079
2022-07-28,23.709253311157227,23.849766113502273,23.596843783968076,23.596843783968076,38307
2022-07-29,23.29708480834961,23.69052176318467,23.287717049101467,23.69052176318467,44000
2022-08-01,23.40012550354004,23.41886102116913,23.02542408454479,23.231509418312854,251438
2022-08-02,22.856807708740234,22.978586785063833,22.763131908502995,22.978586785063833,64000
2022-08-03,22.866174697875977,23.212774611073787,22.735029653987887,23.212774611073787,92000
2022-08-04,22.78186798095703,22.791235739880722,22.735030973055903,22.744398731979594,69554
2022-08-05,22.99732208251953,22.99732208251953,22.772501218663724,22.800604496664725,10000
2022-08-08,23.15656852722168,23.18467180292829,22.959850957427175,23.165936285790547,49100
2022-08-09,23.231510162353516,23.231510162353516,23.044160340214248,23.156569876154336,7600
2022-08-10,23.0722599029541,23.203406732882232,22.94111485974318,23.203406732882232,29679
2022-08-11,23.29708480834961,23.418862105140693,23.100365437573387,23.100365437573387,477000
2022-08-12,23.49380111694336,23.49380111694336,23.409493075004498,23.41886083374407,15000
2022-08-15,23.372024536132812,23.69988716838243,23.353289018085025,23.69988716838243,144900
2022-08-16,23.325185775756836,23.512537383079117,23.325185775756836,23.428229338455825,51109
2022-08-17,23.437597274780273,23.50316980182387,23.194040898105936,23.26898118425824,59488
2022-08-18,23.250244140625,23.45633125406078,23.250244140625,23.259611899119104,33000
2022-08-19,23.250244140625,23.35328769734289,23.194039376377628,23.35328769734289,7000
2022-08-22,23.240877151489258,23.240877151489258,22.86617573290736,22.95048377542795,20000
2022-08-23,23.268980026245117,23.268980026245117,23.072260668186974,23.072260668186974,11043
2022-08-24,22.89427947998047,23.268980906265472,22.89427947998047,23.268980906265472,16000
2022-08-25,22.83807373046875,22.894280286429375,22.763133442571984,22.894280286429375,11063
2022-08-26,23.025423049926758,23.24087613282825,22.931747252707822,23.24087613282825,49050
2022-08-29,22.678823471069336,22.847439551209476,22.613250948063115,22.847439551209476,11801
2022-08-30,22.603883743286133,22.772499827557066,22.603883743286133,22.67882402666018,66057
2022-08-31,22.828706741333008,22.828706741333008,22.678824385496103,22.678824385496103,13280
2022-09-01,22.59451675415039,22.660089275811277,22.585148995810663,22.585148995810663,21443
2022-09-02,22.482107162475586,22.594518484443597,22.444636126247133,22.594518484443597,18610
2022-09-05,22.416534423828125,22.697560046014825,22.229182817892106,22.697560046014825,28000
2022-09-06,22.65072250366211,22.669458021157293,22.482106419640044,22.64135474491452,40752
2022-09-07,22.71629524230957,22.800603285115322,22.491474390400008,22.772500008607636,61000
2022-09-08,22.706928253173828,22.753767048941004,22.706928253173828,22.73503153063413,11000
2022-09-12,22.819339752197266,23.109733141322753,22.800604233745975,22.95048480792154,11007
2022-09-13,23.240877151489258,23.372023988030897,23.08162882525229,23.08162882525229,43861
2022-09-14,22.922380447387695,23.08162877326599,22.884911198972546,22.884911198972546,14040
2022-09-15,22.71629524230957,23.072261144487054,22.641354958339715,23.072261144487054,64000
2022-09-16,22.36969566345215,22.697560080986683,22.30412313728871,22.622619795840276,87486
2022-09-19,22.201080322265625,22.36032864408404,22.107404523539987,22.36032864408404,20586
2022-09-20,22.2479190826416,22.32285937018812,22.238551323358614,22.2479190826416,13666
2022-09-21,22.013731002807617,22.10740681122688,21.966893991956702,22.10740681122688,18000
2022-09-22,21.854482650756836,21.854482650756836,21.620294023214772,21.629661782722547,14000
2022-09-23,21.91068458557129,21.920052343866757,21.73270253810896,21.81701057605099,10632
2022-09-26,21.863849639892578,21.966893204129928,21.770173834832928,21.901318889886014,63000
2022-09-27,21.704601287841797,21.74207053780163,21.601557723696853,21.648396519543358,175000
2022-09-28,21.59218978881836,21.71396887031091,21.545352780070367,21.685865593031703,13086
2022-09-29,21.479778289794922,21.732702402037418,21.479778289794922,21.732702402037418,7211
2022-09-30,21.648395538330078,21.648395538330078,21.47977945435992,21.47977945435992,35009
2022-10-03,21.3486328125,21.63902616504989,21.273690748133934,21.63902616504989,24380
2022-10-04,21.610923767089844,21.620291525515402,21.357999649751463,21.357999649751463,68841
2022-10-05,22.285388946533203,22.285388946533203,21.87321649336796,22.013729301780547,210231
2022-10-06,22.482107162475586,22.57578296632937,22.472739403418473,22.482107162475586,38057
2022-10-07,22.0324649810791,22.322858358825584,22.0324649810791,22.294755082249868,10405
2022-10-11,21.123811721801758,21.807643814901425,20.983298914379212,21.807643814901425,40000
2022-10-12,20.795948028564453,20.983297833235735,20.795948028564453,20.96456231675345,92869
2022-10-13,21.123811721801758,21.226855281046355,21.076974714900004,21.226855281046355,33859
2022-10-14,21.6015567779541,21.6015567779541,21.311163403289026,21.311163403289026,36451
2022-10-17,21.62965965270996,21.910685263399056,21.507880577818696,21.910685263399056,111200
2022-10-18,21.76080322265625,21.873214531333364,21.69523070372674,21.69523070372674,34787
2022-10-19,21.411348342895508,21.987481360701448,21.411348342895508,21.987481360701448,9000
2022-10-20,21.411348342895508,21.84580800773496,21.061890167803824,21.090225198687424,45658
2022-10-21,21.137447357177734,21.354678979831206,21.043000862012615,21.354678979831206,17000
2022-10-24,20.750211715698242,21.156338144877907,20.750211715698242,21.156338144877907,51257
2022-10-25,20.51409149169922,20.740766326798212,20.306306676554673,20.740766326798212,91000
2022-10-26,20.806880950927734,21.05244580072085,20.306306241566606,20.740765882503442,93938
2022-10-27,20.806880950927734,20.872994217900608,20.806880950927734,20.872994217900608,39696
2022-10-28,20.429088592529297,20.702988482732195,20.192968742955003,20.192968742955003,46020
2022-10-31,20.060741424560547,20.174079740593154,19.852956613527425,20.174079740593154,32331
2022-11-01,19.975740432739258,20.079633750916933,19.871848916013207,19.871848916013207,61922
2022-11-02,20.740768432617188,20.740768432617188,20.400757046172924,20.400757046172924,30001
2022-11-03,20.400754928588867,20.731323071235845,20.315751640438172,20.731323071235845,13000
2022-11-04,21.373567581176758,21.373567581176758,20.7502113343641,20.7502113343641,92728
2022-11-07,21.430238723754883,21.458571953663288,20.967444020251644,20.967444020251644,56000
2022-11-08,21.080780029296875,21.307454870300425,21.071335019073622,21.27912164108217,28141
2022-11-09,20.87299346923828,21.250784839426707,20.87299346923828,21.250784839426707,6045
2022-11-10,20.63687515258789,20.665208381524796,20.589650101940578,20.665208381524796,50867
2022-11-11,21.014665603637695,21.250785441880815,20.684097469807046,20.684097469807046,26363
2022-11-14,21.505796432495117,21.798584542934787,21.156338260846606,21.156338260846606,118013
2022-11-15,21.628578186035156,21.68524644637893,21.298010031368698,21.39245833290933,28000
2022-11-16,21.571910858154297,21.826920742901557,21.553020836739332,21.826920742901557,41000
2022-11-17,21.137447357177734,21.401902227413768,21.137447357177734,21.401902227413768,18195
2022-11-18,21.35468101501465,21.35468101501465,21.298010950772994,21.31690097218688,5000
2022-11-21,20.967443466186523,21.298009816059654,20.702988584836522,21.298009816059654,15088
2022-11-22,21.175228118896484,21.175228118896484,20.967443300411684,20.967443300411684,5646
2022-11-23,20.90132713317871,21.17522700820014,20.77854561084415,21.17522700820014,20000
2022-11-24,20.778547286987305,20.920218840017366,20.778547286987305,20.844660558304565,13000
2022-11-25,20.778547286987305,20.778547286987305,20.570762462639983,20.60854070277062,16001
2022-11-28,20.306306838989258,20.504646645743144,20.013518733159078,20.37242010790722,50031
2022-11-29,21.014665603637695,21.09966888952133,20.542425927151456,20.56131594655924,231774
2022-11-30,21.052446365356445,21.137447852707478,21.014666325243574,21.052446365356445,85947
2022-12-01,21.458572387695312,21.72302728138254,21.439684167858182,21.48690741962838,223219
2022-12-02,21.203563690185547,21.335790232462468,21.203563690185547,21.335790232462468,15000
2022-12-05,21.67580223083496,21.874142033552367,21.49635064638724,21.58135393368082,373217
2022-12-06,21.864696502685547,22.034703073221685,21.656911695058817,21.7135799514204,158311
2022-12-07,22.119707107543945,22.119707107543945,21.90247728292552,21.940255521295423,172101
2022-12-08,21.978036880493164,22.03470514217563,21.883588576721355,21.883588576721355,49000
2022-12-09,22.01581382751465,22.11970713570418,21.91192232077657,22.11970713570418,59000
2022-12-12,21.996925354003906,22.072483631415345,21.95914531457247,21.987480344146046,138872
2022-12-13,21.845808029174805,21.959146351368922,21.798584779107305,21.959146351368922,71877
2022-12-14,21.89303207397461,21.89303207397461,21.789138766861676,21.81747379647014,14000
2022-12-15,21.760805130004883,21.959144929184717,21.723025091236494,21.959144929184717,14000
2022-12-16,21.83636474609375,22.006369526629754,21.751361455099993,21.930811245907694,118000
2022-12-19,21.628578186035156,21.96859135100083,21.590799946289813,21.96859135100083,19781
2022-12-20,21.19411849975586,21.628578164375565,21.19411849975586,21.628578164375565,14668
2022-12-21,21.231897354125977,21.28856741750511,21.17522909219841,21.231897354125977,58000
2022-12-22,21.28856658935547,21.49635140930786,21.2507865485724,21.2507865485724,190001
2022-12-23,21.19411849975586,21.24134174975313,21.080780177730297,21.080780177730297,12529
2022-12-26,21.298009872436523,21.373568152814887,21.118560082445097,21.279121653430558,36000
2022-12-27,21.49635124206543,21.81747438041718,21.47746122182086,21.723026080645816,23131
2022-12-28,21.553020477294922,21.553020477294922,21.43968395359845,21.468017183796785,87000
2022-12-29,21.486907958984375,21.553021233702836,21.345236398666014,21.553021233702836,8016
2022-12-30,21.571910858154297,21.609689099532634,21.571910858154297,21.609689099532634,9000
2023-01-03,21.798583984375,21.798583984375,21.48690586151872,21.581354159661842,70000
2023-01-04,21.760805130004883,21.89303166279144,21.74191511062069,21.836363406090257,101502
2023-01-05,22.195266723632812,22.21415674468215,22.006370116042547,22.006370116042547,101002
2023-01-06,22.44083023071289,22.582501777080044,22.261378644540393,22.261378644540393,140000
2023-01-09,22.667505264282227,22.695840294385107,22.55416694532217,22.573056965390755,49289
2023-01-10,22.667505264282227,22.705285304419398,22.591946985459344,22.667505264282227,14876
2023-01-11,22.74306297302246,22.74306297302246,22.66750469609354,22.66750469609354,17001
2023-01-12,22.6863956451416,22.752508914981615,22.62028237530159,22.743063904797115,68080
2023-01-13,22.913070678710938,22.950848918316478,22.771399127650024,22.771399127650024,98650
2023-01-16,23.54587173461914,23.61198500439922,23.092522054883034,23.139745304311234,161000
2023-01-17,23.139745712280273,23.281417264514133,23.139745712280273,23.243639024595815,69897
2023-01-30,23.564762115478516,24.06533505230088,23.385310522293306,23.385310522293306,101100
2023-01-31,23.234193801879883,23.56476195503833,23.186968750599245,23.56476195503833,68166
2023-02-01,23.168081283569336,23.356976090468855,23.12085623075578,23.356976090468855,16001
2023-02-02,23.224748611450195,23.271971860912977,22.903625471039096,23.271971860912977,28203
2023-02-03,22.761953353881836,23.05474145644694,22.6675050558588,23.05474145644694,78000
2023-02-06,22.554166793823242,22.92251497688059,22.525833565362145,22.705285151905393,53364
2023-02-07,22.639169692993164,22.733617989626858,22.60139145521054,22.60139145521054,226217
2023-02-08,22.6863956451416,22.81862218482163,22.6863956451416,22.81862218482163,7283
2023-02-09,22.790287017822266,22.790287017822266,22.45027566047335,22.62028223987355,63000
2023-02-10,22.667505264282227,22.81862182192799,22.620282015562225,22.81862182192799,11834
2023-02-13,22.8658447265625,22.8658447265625,22.667504923181355,22.771398230543728,19000
2023-02-14,22.875289916992188,23.04529649349001,22.875289916992188,23.007518255074636,44835
2023-02-15,22.799732208251953,23.045297069166242,22.799732208251953,23.045297069166242,37000
2023-02-16,23.045297622680664,23.073632653969167,22.799732755868263,23.016964392843704,118341
2023-02-17,22.554166793823242,22.85640170853609,22.535278575332995,22.85640170853609,78000
2023-02-20,22.620281219482422,22.620281219482422,22.346381342481717,22.554166151569166,14081
2023-02-21,22.799732208251953,22.94140555984014,22.771398979095515,22.771398979095515,23282
2023-02-22,22.837512969970703,22.837512969970703,22.78084470841749,22.799732927967522,28000
2023-02-23,22.64861488342285,22.81862145842901,22.64861488342285,22.77139821046127,63000
2023-02-24,22.403051376342773,22.66750626461922,22.384163156892097,22.66750626461922,26876
2023-03-01,22.80917739868164,22.86584565889378,22.40305096401636,22.40305096401636,158000
2023-03-02,22.837512969970703,22.9980745455811,22.80917793846832,22.80917793846832,49109
2023-03-03,22.799732208251953,23.045297069166242,22.743063948487578,23.0358520589636,44000
2023-03-06,22.771398544311523,22.950848330380985,22.573056936745985,22.799731772926986,78065
2023-03-07,22.60139274597168,22.7147292672436,22.573057714927934,22.67695102730347,44373
2023-03-08,22.214157104492188,22.384163693786768,22.19526708313688,22.384163693786768,78000
2023-03-09,22.2047119140625,22.39360672173165,22.14804365190691,22.2424901550157,70082
2023-03-10,22.01581382751465,22.100817115769456,22.006368817547287,22.100817115769456,35832
2023-03-13,22.29916000366211,22.29916000366211,22.15748664746149,22.19526668950207,42000
2023-03-14,21.98748016357422,22.204709984166684,21.968590144013636,22.204709984166684,39831
2023-03-15,22.176376342773438,22.195266363516286,22.034704790105128,22.034704790105128,8000
2023-03-16,21.940256118774414,22.063039450086002,21.893032869163186,22.025259409235822,69465
2023-03-17,22.148042678833008,22.148042678833008,21.82691953830726,21.893032808159354,36653
2023-03-20,21.779693603515625,22.01581344423464,21.760805385361184,22.01581344423464,65000
2023-03-21,21.855253219604492,21.930811501206133,21.826919989911087,21.855253219604492,20314
2023-03-22,22.025259017944336,22.148042347074608,22.025259017944336,22.148042347074608,9000
2023-03-23,22.176376342773438,22.20471137388771,21.987481539699537,22.01581476936228,20127
2023-03-24,22.091373443603516,22.17637673700592,22.081928433064185,22.17637673700592,6787
2023-03-27,21.95914649963379,22.21415637520371,21.87414320777715,22.09137304187677,46000
2023-03-28,21.978036880493164,21.99692690153784,21.921366817359143,21.987481891015502,13358
2023-03-29,22.129152297973633,22.166930536651634,21.978035740358695,22.166930536651634,15003
2023-03-30,22.00636863708496,22.12915196420234,21.89303212130893,22.12915196420234,18106
2023-03-31,22.280269622802734,22.516389477388223,22.063039788932453,22.063039788932453,65282
2023-04-06,22.346384048461914,22.582503915247393,22.195267477835333,22.280270773994236,80089
2023-04-07,22.582502365112305,22.714728904971203,22.488054064591022,22.488054064591022,61340
2023-04-10,22.506942749023438,22.582501024665195,22.40304944447175,22.582501024665195,52573
2023-04-11,22.336938858032227,22.516390459752895,22.336938858032227,22.506945448983217,12751
2023-04-12,22.469165802001953,22.469165802001953,22.33693746094841,22.33693746094841,15001
2023-04-13,22.365272521972656,22.46916583263103,22.308604262273313,22.46916583263103,18000
2023-04-14,22.469165802001953,22.469165802001953,22.403050730749435,22.45027578164409,7958
2023-04-17,22.69584083557129,22.724174064898314,22.421940942399985,22.469165993697544,42212
2023-04-18,22.74306297302246,22.846956279344013,22.66750469609354,22.69583972548617,51654
2023-04-19,22.65806007385254,22.93195995831196,22.65806007385254,22.74306336203295,15000
2023-04-20,22.478609085083008,22.58250239594341,22.478609085083008,22.58250239594341,8303
2023-04-21,22.195266723632812,22.47860983356665,22.119708440887017,22.47860983356665,8000
2023-04-24,21.864696502685547,22.195264634122328,21.864696502685547,22.195264634122328,32316
2023-04-25,21.486907958984375,21.864699386983887,21.486907958984375,21.864699386983887,49788
2023-04-26,21.70413589477539,21.7135809048256,21.486906067974985,21.486906067974985,43000
2023-04-27,21.741914749145508,21.741914749145508,21.694689701470175,21.704134711005242,14290
2023-04-28,22.01581382751465,22.110262125736817,21.996925609031376,22.006368817547287,14005
2023-05-02,22.072484970092773,22.1669314714966,21.88358836438204,22.1669314714966,31000
2023-05-03,21.817474365234375,22.01581417330988,21.817474365234375,22.01581417330988,44006
2023-05-04,22.0535945892334,22.0535945892334,21.98748131874932,21.98748131874932,11688
2023-05-05,22.0535945892334,22.0535945892334,22.006369537850833,22.006369537850833,8000
2023-05-08,22.214157104492188,22.270825367106518,22.05359552587526,22.05359552587526,66000
2023-05-09,22.336938858032227,22.336938858032227,22.19526729939027,22.214157320929626,13833
2023-05-10,21.855253219604492,22.33693794035928,21.81747497952944,22.33693794035928,12620
2023-05-11,21.92136573791504,21.92136573791504,21.798584210073738,21.855252468965766,23000
2023-05-12,21.628578186035156,21.81747478911642,21.628578186035156,21.81747478911642,52000
2023-05-15,21.628578186035156,21.628578186035156,21.439683384405406,21.628578186035156,56000
2023-05-16,21.845808029174805,22.044149642651636,21.817474799714912,21.864698049782408,50200
2023-05-17,21.515241622924805,21.845807975487947,21.515241622924805,21.845807975487947,80795
2023-05-18,21.486907958984375,21.571911255465718,21.439684706028796,21.534131211939954,44000
2023-05-19,21.28856658935547,21.46801637872056,21.175228268457758,21.46801637872056,44000
2023-05-22,21.420793533325195,21.420793533325195,21.222451918375093,21.288566990992813,13383
2023-05-23,21.22245216369629,21.47746204238641,21.184673923215282,21.47746204238641,186139
2023-05-24,20.986331939697266,21.0807802414287,20.92966367923901,21.071335231110407,53563
2023-05-25,20.70298957824707,20.85410614585495,20.69354456759013,20.84466113519801,128000
2023-05-26,20.778547286987305,20.787992297382846,20.56131745224444,20.787992297382846,164000
2023-05-29,20.646320343017578,20.9485534639938,20.58965028174591,20.778546883081802,28872
2023-05-30,20.306306838989258,20.646319995083314,20.306306838989258,20.646319995083314,137861
2023-05-31,20.400754928588867,20.4290881570048,20.344086670305554,20.344086670305554,40300
2023-06-01,20.58020782470703,20.58020782470703,20.306307922910555,20.40075622702836,76631
2023-06-02,20.75965690612793,20.75965690612793,20.580207116079723,20.589650324859942,29000
2023-06-05,20.684099197387695,21.12800568328969,20.684099197387695,20.825770751876,34000
2023-06-06,20.70298957824707,20.85410614585495,20.617986283786188,20.684099556933187,55643
2023-06-07,20.447978973388672,20.684098827126306,20.39131071289807,20.684098827126306,124100
2023-06-08,20.39130973815918,20.438532986068747,20.259083202851244,20.438532986068747,138000
2023-06-09,20.50464630126953,20.599094598759113,20.457423053250462,20.599094598759113,22000
2023-06-12,20.60854148864746,20.60854148864746,20.447979908703534,20.50464817178621,141548
2023-06-13,20.51409149169922,20.665208048431882,20.457423233287333,20.665208048431882,98100
2023-06-14,20.712434768676758,20.750213010180833,20.514093146062677,20.514093146062677,59863
2023-06-15,20.835214614868164,20.835214614868164,20.665208038264698,20.71243308812758,82000
2023-06-16,21.090225219726562,21.175228511010648,21.005221928442477,21.128005260942384,257000
2023-06-19,20.967443466186523,21.1657832761104,20.94855344577906,21.090224995932044,91746
2023-06-20,20.920217514038086,20.986330781164913,20.863549256708154,20.986330781164913,7375
2023-06-21,20.816326141357422,20.88243940890406,20.77854610192995,20.872994399047194,11000
2023-06-26,20.39130973815918,20.98633094849633,20.28741643101641,20.98633094849633,198001
2023-06-27,20.49520492553711,20.49520492553711,20.30630831366655,20.315753324405236,31768
2023-06-28,20.400754928588867,20.438533166960593,20.28741661057079,20.438533166960593,31000
2023-06-29,20.306306838989258,20.58964993476666,20.306306838989258,20.570761716112575,27100
2023-06-30,20.54242706298828,20.54242706298828,20.12685562029612,20.306307211689564,62843
2023-07-03,20.84465980529785,20.854104815352198,20.54242668936472,20.665208217168253,196000
2023-07-04,20.825769424438477,20.83521443432921,20.77854617643624,20.77854617643624,26628
2023-07-05,20.75965690612793,20.75965690612793,20.665208605262215,20.750211895896207,22726
2023-07-06,20.599096298217773,20.854106182042933,20.523538014282718,20.750212866087885,66000
2023-07-07,20.599096298217773,20.665209571479497,20.495204783714314,20.665209571479497,13059
2023-07-10,20.684099197387695,20.854105783354285,20.646320956868205,20.78799251135651,93382
2023-07-11,20.891883850097656,20.948552106244954,20.778545536351675,20.778545536351675,41588
2023-07-12,20.9107723236084,20.96744238190022,20.87299408619859,20.8918841056292,11000
2023-07-13,20.929662704467773,20.995775972165184,20.854104426891954,20.91077268471096,170000
2023-07-14,20.995777130126953,21.061890401470652,20.995777130126953,21.03355717172423,59861
2023-07-17,20.806880950927734,21.184672334666597,20.721877664405064,20.99577574207146,45000
2023-07-18,20.769102096557617,20.806882137812295,20.646320565382954,20.787992117184956,49206
2023-07-19,20.61798667907715,20.721879996843768,20.608541668239127,20.712434986005746,23394
2023-07-20,20.740768432617188,20.82577172959116,20.68410016845175,20.80688350917044,164225
2023-07-21,20.79743766784668,20.901329181093256,20.68409934258947,20.68409934258947,57000
2023-07-24,20.63687515258789,20.797436721885795,20.63687515258789,20.77854670162687,130000
2023-07-25,21.30745506286621,21.373568333574973,21.080780219814088,21.080780219814088,137498
2023-07-26,21.27912139892578,21.496351227234005,21.250786368578474,21.32634464805314,50010
2023-07-27,21.373567581176758,21.46801587948656,21.345234352699833,21.345234352699833,28188
2023-07-28,21.789138793945312,21.789138793945312,21.34523413823621,21.37356736642846,108266
2023-07-31,21.98748016357422,22.251933231616725,21.98748016357422,22.10081667803489,74000
2023-08-01,21.911922454833984,22.02525897223282,21.911922454833984,21.99692574360884,69588
2023-08-02,21.732471466064453,21.95914630855927,21.732471466064453,21.95914630855927,10000
2023-08-04,22.129152297973633,22.336937114331306,22.025258989069062,22.195265566748734,120000
2023-08-07,21.845808029174805,22.129152933934346,21.723026498128398,22.129152933934346,220777
2023-08-08,21.883586883544922,21.883586883544922,21.647467043110236,21.751360349365953,39237
2023-08-09,21.798583984375,21.874142262599207,21.732470716110253,21.874142262599207,13000
2023-08-10,21.628578186035156,21.723026487575787,21.468016613851535,21.628578186035156,44606
2023-08-11,21.411348342895508,21.723026476809054,21.345235072285288,21.723026476809054,31067
2023-08-14,20.816326141357422,21.080779211543977,20.816326141357422,21.080779211543977,257000
2023-08-15,20.835214614868164,21.024111211416784,20.835214614868164,20.920217903169895,96852
2023-08-16,20.70298957824707,20.872996167168832,20.684099556933187,20.85410614585495,69000
2023-08-17,20.523536682128906,20.684098250250525,20.523536682128906,20.684098250250525,50264
2023-08-18,20.66520881652832,20.872995440847454,20.599095545681877,20.599095545681877,117250
2023-08-21,20.419645309448242,20.52353681789551,20.268526948935747,20.52353681789551,174000
2023-08-22,20.18352508544922,20.438533148215974,20.18352508544922,20.306306611859032,123918
2023-08-23,20.315752029418945,20.391310309060543,20.145745449862485,20.22130372950408,36000
2023-08-24,20.277971267700195,20.277971267700195,20.051296436836946,20.11740970399063,133443
2023-08-25,20.02296257019043,20.183524128778377,20.02296257019043,20.14574409078057,64000
2023-08-28,20.372421264648438,21.1374491078467,20.372421264648438,20.778547712720222,118000
2023-08-29,20.684099197387695,20.778547500863752,20.400756088411082,20.54242764289939,68245
2023-08-30,20.63687515258789,20.702988422042647,20.589650101940578,20.68409840178372,21938
2023-08-31,20.400754928588867,20.63687477312936,20.400754928588867,20.63687477312936,21000
2023-09-01,20.63687515258789,20.68409840178372,20.495203603548912,20.495203603548912,16650
2023-09-04,20.967443466186523,20.967443466186523,20.636875314861896,20.636875314861896,92232
2023-09-05,20.84465980529785,20.84465980529785,20.712433267439973,20.731323287548662,16225
2023-09-06,20.684099197387695,20.79743752184927,20.589650893911642,20.79743752184927,34000
2023-09-07,20.447978973388672,20.599095535664635,20.447978973388672,20.561317295821407,15242
2023-09-08,20.2496395111084,20.30630777257893,20.164636218176827,20.30630777257893,60258
2023-09-11,20.61798667907715,20.61798667907715,20.287418505552864,20.296863516390886,8120
2023-09-12,20.570762634277344,20.60854087472319,20.495204351934103,20.551872613328648,26579
2023-09-13,20.353530883789062,20.693544053180382,20.325197653974147,20.63687579209901,71000
2023-09-14,20.344087600708008,20.381865840807457,20.344087600708008,20.35353080964422,23388
2023-09-15,20.344087600708008,20.495204164008868,20.325197579932517,20.495204164008868,59000
2023-09-18,20.33464241027832,20.45742394132884,20.24963911899276,20.30630737936596,39500
2023-09-19,20.344087600708008,20.438534101682393,20.192969235955616,20.438534101682393,47017
2023-09-20,20.192968368530273,20.296861676881015,20.192968368530273,20.20241337851229,79013
2023-09-21,20.164634704589844,20.22130296180677,20.05129638870457,20.05129638870457,31000
2023-09-22,20.268526077270508,20.37241938270124,20.051296258143893,20.051296258143893,21000
2023-09-25,20.277971267700195,20.636874434322245,20.277971267700195,20.636874434322245,13000
2023-09-26,20.353530883789062,20.4763142178255,20.259084382470622,20.438534176136894,120585
2023-09-27,20.353530883789062,20.447979186559046,20.353530883789062,20.353530883789062,12642
2023-09-28,20.325197219848633,20.419645520601293,20.25908394975722,20.419645520601293,11001
2023-10-02,20.429088592529297,20.589650162297875,20.429088592529297,20.589650162297875,15000
2023-10-03,20.14574432373047,20.50464568160286,20.098521077138525,20.50464568160286,25943
2023-10-04,19.93796157836914,20.060743113075198,19.890736525442527,20.060743113075198,107255
2023-10-05,19.93796157836914,20.079633134245842,19.928516567783817,20.079633134245842,44000
2023-10-06,20.20241355895996,20.259083619358243,20.079632030999957,20.136300289946767,32000
2023-10-11,20.14574432373047,20.249637627974412,20.07963105792119,20.20241257993108,66027
2023-10-12,20.325197219848633,20.38186547971963,20.2496389395368,20.38186547971963,22576
2023-10-13,20.107967376708984,20.32519720728983,20.06074232563608,20.32519720728983,27000
2023-10-16,19.985183715820312,20.306306852014803,19.947405477036444,20.230748572995598,40616
2023-10-17,19.975740432739258,20.04185370741537,19.928517179813927,19.985185443614647,45000
2023-10-18,19.909626007080078,20.07018757977635,19.843512736226,19.975739277934156,32000
2023-10-19,19.53183364868164,19.83406675867687,19.5034986190753,19.83406675867687,86300
2023-10-20,19.305158615112305,19.399606911364945,19.305158615112305,19.361826872283324,26186
2023-10-23,19.154043197631836,19.25793470836482,19.05014988544733,19.25793470836482,68511
2023-10-24,19.04070472717285,19.172931267870098,18.965146446567065,19.021814706658528,99155
2023-10-25,19.239046096801758,19.40905087493005,19.229601086663827,19.40905087493005,31000
2023-10-26,19.239046096801758,19.40905087493005,19.201266056250034,19.201266056250034,35000
2023-10-27,19.569612503051758,19.569612503051758,19.45627598395972,19.45627598395972,17572
2023-10-30,19.824623107910156,19.824623107910156,19.597948259873757,19.654616521519966,20000
2023-10-31,19.607393264770508,19.720729788030447,19.607393264770508,19.720729788030447,6892
2023-11-01,19.77739906311035,19.928515622403623,19.730174012424026,19.834067322482454,18000
2023-11-02,19.69239616394043,19.777399455410436,19.69239616394043,19.777399455410436,12000
2023-11-03,19.77739906311035,19.77739906311035,19.682950763189183,19.77739906311035,7000
2023-11-06,20.041851043701172,20.05129605332125,19.90017950230278,19.975737777812014,47085
2023-11-07,19.890735626220703,19.95684889587754,19.890735626220703,19.95684889587754,13000
2023-11-08,20.004072189331055,20.041850425194113,19.994627180002457,20.004072189331055,64079
2023-11-09,19.99462890625,20.032407145374663,19.99462890625,20.022963936682114,8000
2023-11-10,19.81517791748047,19.928516241195382,19.80573290704993,19.85295795920262,7278
2023-11-13,19.81517791748047,19.99462951275761,19.75850965634878,19.99462951275761,8000
2023-11-14,19.81517791748047,19.909626220334307,19.81517791748047,19.81517791748047,26755
2023-11-15,19.985183715820312,20.10796704513369,19.966293695702642,20.10796704513369,10087
2023-11-16,19.78684425354004,20.11741060409892,19.739619202423413,20.00407408432202,44220
2023-11-17,19.59794807434082,19.786844679975324,19.550724823657966,19.786844679975324,69000
2023-11-20,19.767953872680664,19.834067141587052,19.560167254458907,19.60739230471452,33003
2023-11-21,19.871849060058594,19.956850555650014,19.81517899439546,19.956850555650014,41190
2023-11-22,19.69239616394043,19.739619414111978,19.69239616394043,19.739619414111978,8047
2023-11-23,19.607393264770508,19.664061526400477,19.55072500314054,19.664061526400477,11000
2023-11-24,19.579057693481445,19.654615974055627,19.579057693481445,19.654615974055627,52752
2023-11-27,19.456275939941406,19.673505768919252,19.324047599364533,19.673505768919252,51000
2023-11-28,19.380718231201172,19.39960825204745,19.32404816866234,19.39016324162431,26610
2023-11-29,19.201265335083008,19.54127848147224,19.201265335083008,19.380716918060816,36264
2023-11-30,19.220155715942383,19.28626898421608,19.20126569602091,19.20126569602091,56000
2023-12-01,19.135154724121094,19.27682628763096,19.135154724121094,19.27682628763096,13000
2023-12-04,19.210710525512695,19.295713812909327,19.172930486024665,19.295713812909327,13000
2023-12-05,19.05014991760254,19.07848494864201,19.021814886563067,19.059594927949032,36000
2023-12-06,18.899032592773438,19.01236910945747,18.757361046192667,19.01236910945747,167000
2023-12-07,18.870698928833008,18.870698928833008,18.691249130851897,18.851808907534497,84000
2023-12-08,18.842365264892578,18.870698494736992,18.747916962024263,18.870698494736992,43000
2023-12-11,18.74791717529297,18.78569541599912,18.559020567407533,18.78569541599912,292000
2023-12-12,18.946256637573242,18.95570164793585,18.927368418299555,18.936811627210634,18000
2023-12-13,18.757362365722656,18.936812163338097,18.757362365722656,18.936812163338097,19000
2023-12-14,18.653467178344727,18.795138720674785,18.653467178344727,18.757360483397424,65000
2023-12-15,18.596799850463867,18.766806430330963,18.596799850463867,18.70069135925371,42000
2023-12-18,18.54957389831543,18.64402219381335,18.483460631902307,18.577908927400227,138000
2023-12-19,18.502351760864258,18.56846503124214,18.417348469963688,18.52124178138694,131000
2023-12-20,18.389013290405273,18.511796621357842,18.389013290405273,18.511796621357842,66000
2023-12-21,18.351234436035156,18.370124455771872,18.228451109197938,18.237896119066296,51144
2023-12-22,18.445682525634766,18.445682525634766,18.29456597234494,18.36067923922781,150473
2023-12-25,18.30401039123535,19.078485029881712,18.30401039123535,19.078485029881712,108000
2023-12-26,18.171783447265625,18.436238327896433,18.152893426909532,18.304009986855284,107000
2023-12-27,18.200119018554688,18.23789725893783,18.096225704960837,18.17178398717867,132000
2023-12-28,18.49290657043457,18.49290657043457,18.20011846099151,18.20011846099151,83000
2023-12-29,18.691247940063477,18.73847118884966,18.502351342015817,18.502351342015817,97000
2024-01-02,18.521240234375,18.672356783031237,18.511795224902567,18.672356783031237,32006
2024-01-03,18.483461380004883,18.577909679325515,18.46457135985046,18.46457135985046,30529
2024-01-04,18.30401039123535,18.47401697529305,18.275677161526755,18.47401697529305,82729
2024-01-05,18.31345558166504,18.379568853570444,18.27567734119833,18.27567734119833,80150
2024-01-08,18.01122283935547,18.256787712749,17.992332817990214,18.228452680701118,130100
2024-01-09,17.916772842407227,18.04900117802836,17.897884624276852,17.945107871779914,78000
2024-01-10,17.98288917541504,18.011222405328567,17.869550851406284,17.92621911268489,32000
2024-01-11,18.058446884155273,18.058446884155273,17.897885314421593,17.945108563745592,214000
2024-01-12,18.067890167236328,18.115115218206217,17.992331887135997,17.992331887135997,17000
2024-01-15,18.067890167236328,18.067890167236328,18.067890167236328,18.067890167236328,0
2024-01-16,18.0395565032959,18.190673059854173,17.869549926804975,17.982888244949407,195023
2024-01-17,17.97344398498535,18.07733549604723,17.97344398498535,18.07733549604723,34000
2024-01-18,17.586206436157227,17.80343625611873,17.501203149832914,17.80343625611873,75032
2024-01-19,17.793991088867188,17.935662631003268,17.642874537061846,17.642874537061846,109000
2024-01-22,17.680652618408203,17.81288095116065,17.680652618408203,17.756210893644724,79130
2024-01-23,17.671207427978516,17.671207427978516,17.3595293206361,17.54842590751996,150284
2024-01-24,17.64287567138672,17.93566378415256,17.61454064055718,17.90732875332302,385000
2024-01-25,18.31345558166504,18.3512356235833,17.98288922213802,18.143448995935973,188000
2024-01-26,18.219009399414062,18.407904207964755,18.19067436747825,18.37012596683525,136000
2024-01-29,18.171783447265625,18.407903297362296,18.134005208004933,18.228451706882407,221236
2024-01-30,17.7845458984375,18.049000762134654,17.765655879290982,18.049000762134654,115050
2024-01-31,17.64287567138672,17.708988941870793,17.501204120142052,17.708988941870793,196032
2024-02-01,17.623985290527344,17.765656838875664,17.47286873209561,17.557872021394893,34100
2024-02-02,17.265085220336914,17.567318360057644,17.23675018794374,17.567318360057644,235132
2024-02-05,17.368976593017578,17.652321510258552,16.849513613586517,17.652321510258552,627000
2024-02-15,18.237897872924805,18.25678789447809,17.482315025309436,17.482315025309436,362578
2024-02-16,18.577909469604492,18.577909469604492,18.237896316469122,18.237896316469122,220215
2024-02-19,18.464570999145508,18.719580861894162,18.417347751133434,18.625132564418575,248115
2024-02-20,18.540128707885742,18.62513199286009,18.540128707885742,18.61568698325723,175035
2024-02-21,19.097373962402344,19.125708994620656,18.67235928783729,18.67235928783729,300500
2024-02-22,19.031259536743164,19.09737280646588,18.861252956626757,19.09737280646588,244004
2024-02-23,19.04070472717285,19.135153028292958,19.03125971691569,19.08792797700715,83220
2024-02-26,19.021814346313477,19.0973726254879,18.88014279804286,19.04070436646995,282195
2024-02-27,19.059595108032227,19.059595108032227,18.842365272365036,18.88958852309215,137000
2024-02-29,19.154043197631836,19.305159760017563,18.85180827140886,18.984036614585012,134100
2024-03-01,19.276823043823242,19.32404628989615,19.20126476923577,19.20126476923577,72805
2024-03-04,19.248489379882812,19.36182770052454,19.210711140636565,19.36182770052454,231024
2024-03-05,19.390161514282227,19.427939751157826,19.17292989680486,19.17292989680486,105250
2024-03-06,19.484609603881836,19.56016788527611,19.39016310322764,19.39016310322764,91000
2024-03-07,19.276823043823242,19.48460784857594,19.276823043823242,19.456274621512744,65099
2024-03-08,19.2579345703125,19.305159621626704,19.17293127939844,19.27682459083818,92000
2024-03-11,19.44683074951172,19.560167267296638,19.267379161325554,19.267379161325554,141000
2024-03-12,19.701841354370117,19.74906460497336,19.560167999657313,19.597948041301137,77003
2024-03-13,19.569612503051758,19.701840843927787,19.51294424350574,19.701840843927787,74000
2024-03-14,19.50349998474121,19.645171539790113,19.50349998474121,19.52239000580148,45000
2024-03-15,19.44683074951172,19.484608988289537,19.399607500676584,19.484608988289537,102410
2024-03-18,19.739620208740234,19.805733482222436,19.456277093401773,19.456277093401773,93389
2024-03-19,19.834068298339844,19.90018157110206,19.815178277135903,19.815178277135903,170127
2024-03-20,19.862403869628906,19.862403869628906,19.739620529919954,19.739620529919954,43205
2024-03-21,19.80573272705078,19.890736018701553,19.80573272705078,19.881291008356854,79000
2024-03-22,19.569612503051758,19.80573235285357,19.418495943294715,19.80573235285357,63000
2024-03-25,19.626283645629883,19.626283645629883,19.531835340213927,19.55072536158744,40022
2024-03-26,19.465721130371094,19.56961264002404,19.39960786019608,19.456276120138735,70000
2024-03-27,19.456275939941406,19.46572095008629,19.409050889216992,19.46572095008629,46000
2024-03-28,19.522388458251953,19.569611705707654,19.2390453706149,19.36182689487058,134000
2024-03-29,19.427940368652344,19.512943656138397,19.427940368652344,19.49405363637451,26000
2024-04-01,19.84351348876953,19.909626762130884,19.74906518334549,19.74906518334549,73000
2024-04-02,19.77739906311035,19.86240235289425,19.77739906311035,19.86240235289425,23024
2024-04-03,19.758508682250977,19.862401990413396,19.711285433877944,19.862401990413396,16181
2024-04-08,19.739620208740234,19.79628847151761,19.69239695666769,19.75851023014989,74189
2024-04-09,19.59794807434082,19.786844679975324,19.569613043060183,19.786844679975324,22000
2024-04-10,19.50349998474121,19.616838309651268,19.50349998474121,19.616838309651268,23000
2024-04-11,19.588502883911133,19.588502883911133,19.361828040103614,19.475166362733134,72000
2024-04-12,19.569612503051758,19.58850252338426,19.550724284170744,19.58850252338426,46000
2024-04-15,19.862403869628906,19.8907371007528,19.399609146271857,19.399609146271857,68160
2024-04-16,19.862403869628906,19.909627122469814,19.71128729879606,19.862403869628906,100000
2024-04-17,19.80573272705078,19.84351276842958,19.74906446643411,19.767954487123507,96000
2024-04-18,20.08907699584961,20.14574525466887,19.90018039785011,19.90018039785011,169000
2024-04-19,19.975740432739258,20.022965487116213,19.909627158063145,19.975740432739258,68000
2024-04-22,20.004072189331055,20.05129543452271,19.919068906825007,19.919068906825007,21000
2024-04-23,19.81517791748047,20.07018779475037,19.786844687640397,20.07018779475037,58000
2024-04-24,19.739620208740234,19.83406851433692,19.701841967372516,19.83406851433692,33000
2024-04-25,19.85295867919922,19.88129191006684,19.749065362146997,19.749065362146997,8000
2024-04-26,20.14574432373047,20.14574432373047,19.852956231667356,19.852956231667356,96827
2024-04-29,20.51409149169922,20.54242652163089,20.20241336825667,20.20241336825667,146000
2024-04-30,20.381864547729492,20.45742282458631,20.296861261084146,20.296861261084146,98000
2024-05-02,20.532981872558594,20.532981872558594,20.21185873349449,20.21185873349449,39690
2024-05-03,20.646320343017578,20.702988602837745,20.636875332805634,20.665208561989967,52000
2024-05-06,20.646320343017578,21.005221723813968,20.561317052561577,20.759656862657913,121153
2024-05-07,20.646320343017578,20.6935435926258,20.636875332805634,20.646320343017578,79000
2024-05-08,20.485759735107422,20.617986281386028,20.485759735107422,20.617986281386028,15000
2024-05-09,20.684099197387695,20.712434228865977,20.53298263240663,20.53298263240663,16030
2024-05-10,20.61798667907715,20.684099953491682,20.589651646563084,20.684099953491682,13000
2024-05-13,20.60854148864746,20.60854148864746,20.466869930214962,20.60854148864746,65000
2024-05-14,20.476314544677734,20.589651068649612,20.476314544677734,20.589651068649612,12083
2024-05-15,20.438533782958984,20.476313823920815,20.36297550248683,20.36297550248683,94000
2024-05-16,20.429088592529297,20.466868633157898,20.30630706338932,20.438533602686448,75000
2024-05-17,20.287416458129883,20.381864755526678,20.259083229926848,20.381864755526678,188000
2024-05-20,20.51409149169922,20.580206561539782,20.306306676554673,20.306306676554673,829835
2024-05-21,20.55187225341797,20.561317263726913,20.514092212182188,20.523537222491132,27000
2024-05-22,20.485759735107422,20.542427997590885,20.438534681828216,20.542427997590885,16642
2024-05-23,20.268526077270508,20.391309402134354,20.23074783985568,20.391309402134354,14000
2024-05-24,20.070186614990234,20.16463491229224,20.070186614990234,20.16463491229224,30000
2024-05-27,20.041851043701172,20.18352438655095,20.004072806672248,20.08907609180156,30000
2024-05-28,20.070186614990234,20.11740986291552,20.070186614990234,20.098521644616266,10000
2024-05-29,20.05129623413086,20.117409500616183,20.05129623413086,20.070186253541355,22000
2024-05-30,20.041851043701172,20.155189357690716,20.041851043701172,20.070186072561405,15000
2024-05-31,20.098522186279297,20.16463545573705,20.098522186279297,20.16463545573705,38000
2024-06-03,19.909626007080078,20.117410829971686,19.909626007080078,20.117410829971686,21592
2024-06-04,20.107967376708984,20.117410585472065,20.0512973154215,20.0512973154215,10866
2024-06-05,20.070186614990234,20.098521644616266,20.051296595239545,20.098521644616266,41000
2024-06-06,20.08907699584961,20.174080284804237,20.00407370689498,20.126855234578628,54319
2024-06-07,19.81517791748047,19.99462951275761,19.81517791748047,19.99462951275761,56000
2024-06-11,19.673505783081055,19.758509072994702,19.626282533774134,19.758509072994702,25000
2024-06-12,19.673505783081055,19.720729032387975,19.65461576277769,19.682950793232738,71000
2024-06-13,19.682950973510742,19.758509253964753,19.673505963272554,19.673505963272554,34000
2024-06-14,19.682950973510742,19.682950973510742,19.569612652103974,19.569612652103974,74000
2024-06-17,19.758508682250977,19.796286920659114,19.68295040398325,19.73961866232118,78000
2024-06-18,19.78684425354004,19.834067503205166,19.75850922287006,19.824622492981838,18000
2024-06-19,19.739620208740234,19.767955240854718,19.673506935258033,19.75851023014989,42000
2024-06-20,19.56016731262207,19.645170601883468,19.56016731262207,19.645170601883468,69065
2024-06-21,19.390161514282227,19.54127806468738,19.36182648553699,19.54127806468738,45324
2024-06-24,19.456275939941406,19.456275939941406,19.220156090673797,19.220156090673797,22000
2024-06-25,19.399606704711914,19.399606704711914,19.305158409465378,19.399606704711914,11000
2024-06-26,19.314603805541992,19.409050301226625,19.22960051826468,19.22960051826468,92000
2024-06-27,19.390161514282227,19.43738476073957,19.31460323907965,19.31460323907965,33231
2024-06-28,19.390161514282227,19.456274779903058,19.19181991596835,19.19181991596835,45000
2024-07-01,19.324047088623047,19.324047088623047,19.2201555826782,19.25793382080775,52399
2024-07-02,19.427940368652344,19.56961191397862,19.324047061402407,19.324047061402407,19000
2024-07-03,19.40904998779297,19.56016654018974,19.40904998779297,19.56016654018974,7000
2024-07-04,19.305158615112305,19.46572017830637,19.286268595571496,19.46572017830637,29024
2024-07-05,19.031259536743164,19.182376096524084,18.955701256852706,19.182376096524084,86422
2024-07-08,19.0784854888916,19.182377002741866,18.993482194817656,18.993482194817656,88000
2024-07-09,19.10681915283203,19.135154185316818,18.96514759331133,18.984037614967853,60558
2024-07-10,19.324047088623047,19.371272138099286,19.295713860388744,19.295713860388744,25000
2024-07-11,19.43738555908203,19.550723877266677,19.361827280776083,19.361827280776083,107136
2024-07-12,19.522388458251953,19.522388458251953,19.484608419126257,19.49405342890768,40399
2024-07-15,19.616838455200195,19.616838455200195,19.56961340219913,19.597948433999772,32000
2024-07-16,19.682950973510742,19.71128600422531,19.61683770329492,19.61683770329492,35000
2024-07-17,19.607393264770508,19.711286578968416,19.607393264770508,19.645171505373302,23601
2024-07-18,19.767953872680664,19.767953872680664,19.60739230471452,19.664060563569787,32662
2024-07-19,19.85295867919922,19.890736920839913,19.720730329827774,19.76795538369315,47009
2024-07-22,19.78684425354004,20.022964104768672,19.78684425354004,20.022964104768672,23000
2024-07-23,19.59794807434082,19.692396377158072,19.59794807434082,19.692396377158072,29000
2024-07-26,19.276823043823242,19.390161356430127,19.16348653266772,19.361826327915566,45000
2024-07-29,19.276823043823242,19.29571306283295,19.19181975973092,19.276823043823242,25000
2024-07-30,19.012371063232422,19.106819371142574,18.984037831875522,19.03126108510478,13000
2024-07-31,19.569612503051758,19.569612503051758,19.02181452356961,19.02181452356961,60000
2024-08-01,19.456275939941406,19.55072423993875,19.38071766023383,19.55072423993875,9000
2024-08-02,19.305158615112305,19.37127188205373,19.191820299318852,19.191820299318852,44000
2024-08-05,19.361827850341797,19.53183443189411,18.946256406708525,18.946256406708525,127000
2024-08-06,19.125709533691406,19.56016923124143,19.106819511680104,19.36182940447772,79000
2024-08-07,19.182376861572266,19.182376861572266,19.04070530630882,19.059595327397695,38000
2024-08-08,19.125709533691406,19.17293278726801,18.9745929605043,19.05015124709785,208000
2024-08-09,19.059595108032227,19.11626336919507,18.96514680512646,19.11626336919507,21000
2024-08-12,18.946256637573242,18.95570164793585,18.917923407936946,18.936811627210634,10000
2024-08-13,18.851808547973633,18.92736863172652,18.851808547973633,18.89903360031919,20000
2024-08-14,18.823474884033203,18.870698133838456,18.823474884033203,18.85180811333575,18000
2024-08-15,18.908477783203125,19.05014933113602,18.823474494153093,18.823474494153093,20006
2024-08-16,18.984037399291992,19.031260651445187,18.917924125696878,18.955702367129117,63000
2024-08-19,18.95570182800293,19.11626340278944,18.908478577192827,19.01237008926536,76000
2024-08-20,18.729026794433594,18.842365117277964,18.729026794433594,18.842365117277964,31000
2024-08-21,18.76680564880371,18.80458388639455,18.710135590240327,18.729025609761454,13000
2024-08-22,18.70069122314453,18.766806293740576,18.70069122314453,18.71958124331483,22000
2024-08-23,18.814029693603516,18.889587973439212,18.634578103449424,18.634578103449424,15000
2024-08-26,18.6723575592041,18.8612523521507,18.577909262005086,18.842364133872042,48000
2024-08-27,18.634578704833984,18.644023715299696,18.58735545395697,18.615688683902558,10000
2024-08-28,18.49290657043457,18.625133109902112,18.417348290531475,18.61568809973279,78337
2024-08-29,18.511796951293945,18.559020201608753,18.464571899527613,18.483461920234145,10000
2024-08-30,19.002927780151367,19.059596044097333,18.74791789021707,18.74791789021707,40000
2024-09-02,18.6723575592041,19.01236890708855,18.577909262005086,19.01236890708855,12100
2024-09-03,18.58735466003418,18.606244680158753,18.511796380987352,18.511796380987352,26000
2024-09-04,18.577909469604492,18.577909469604492,18.48346117135006,18.48346117135006,5283
2024-09-05,18.530685424804688,18.57790867117665,18.511795405675354,18.57790867117665,29000
2024-09-06,18.49290657043457,18.691248181087378,18.49290657043457,18.559019840168343,32000
2024-09-09,18.190673828125,18.417348672535873,18.134005567385163,18.417348672535873,59000
2024-09-10,18.15289306640625,18.181228096377676,18.134004847876756,18.181228096377676,34000
2024-09-11,18.115116119384766,18.171784381916233,18.105671108720923,18.105671108720923,13000
2024-09-12,18.105670928955078,18.152894180353837,18.105670928955078,18.134005960665274,108000
2024-09-13,18.03011131286621,18.134004620004454,18.02066630299442,18.039556322738,43000
2024-09-16,17.954553604125977,17.992331843358475,17.850660293696496,17.992331843358475,65000
2024-09-18,17.954553604125977,17.963998614296976,17.90732855327099,17.94510859395498,37001
2024-09-19,18.209564208984375,18.285122491948975,17.90732927567441,18.124560915467754,54310
2024-09-20,18.115116119384766,18.20011941390776,18.086781087393238,18.086781087393238,38000
2024-09-23,18.417346954345703,18.43623697331387,18.15289209314543,18.15289209314543,33039
2024-09-24,19.069040298461914,19.135153570684537,18.45512902595698,18.45512902595698,81000
2024-09-25,19.56016731262207,19.805732170327047,19.361827505313133,19.361827505313133,239150
2024-09-26,19.90018081665039,19.90018081665039,19.40905109267702,19.626282725383533,111084
2024-09-27,21.024110794067383,21.628577008701388,20.306306263463796,20.306306263463796,456056
2024-09-30,22.573057174682617,22.66750547444979,21.26967640254041,21.26967640254041,517500
2024-10-01,22.459720611572266,22.60139216021626,22.421940571159745,22.60139216021626,269018
2024-10-04,24.972034454345703,25.009812691494062,23.460867137932016,23.460867137932016,805693
2024-10-07,25.774843215942383,26.067631320143015,25.32149174318966,25.500943330290706,1031851
2024-10-08,23.84810447692871,26.350974487484404,23.139744938010036,26.209302939990962,671050
2024-10-09,23.186969757080078,23.89532934397399,21.87414389916787,23.800882840216072,2399264
2024-10-11,22.214157104492188,22.856403418959893,22.08192875645663,22.667506808310005,533415
2024-10-14,22.506942749023438,22.535277777933366,21.94025478098457,22.214154656093054,358025
2024-10-15,21.9497013092041,22.667505878187555,21.9497013092041,22.667505878187555,463200
2024-10-16,21.515241622924805,21.723026444743283,21.241341729142185,21.656913174230652,304035
2024-10-17,21.54421043395996,21.998078898569467,21.534553462172624,21.998078898569467,1391003
2024-10-18,21.74700355529785,21.872540507070088,21.051716308931404,21.341419942210447,221111
2024-10-21,21.998079299926758,22.15258716758504,21.920825366097617,22.01739140197474,317214
2024-10-22,22.046361923217773,22.133272827454665,21.824257097669733,21.824257097669733,91033
2024-10-23,22.374691009521484,22.403661924133328,22.04636134476988,22.04636134476988,249136
2024-10-24,22.017391204833984,22.113959081725522,22.017391204833984,22.0849900079734,40000
2024-10-25,22.210525512695312,22.336062455166427,21.988420699619304,22.01738977148552,56015
2024-10-28,22.056018829345703,22.355377586448757,21.930480038319917,22.355377586448757,103431
2024-10-29,22.152585983276367,22.258808985438183,22.113958097487362,22.113958097487362,443000
2024-10-30,21.640777587890625,22.094644195477436,21.640777587890625,22.07533209442617,153885
2024-11-01,22.007736206054688,22.046362251914175,21.8918543847181,21.8918543847181,52000
2024-11-04,21.988422393798828,22.007736337783708,21.87254057176862,21.949794505829065,19530
2024-11-05,22.712677001953125,22.731990944480177,22.04636071980132,22.04636071980132,118691
2024-11-06,22.558170318603516,22.905812092774436,22.500228488009167,22.712678183097044,296124
2024-11-07,22.857528686523438,22.86718565812469,22.480916003469677,22.55816993440068,433493
2024-11-08,23.108604431152344,23.610755903330965,22.915468682813184,23.22448440665264,82100
2024-11-11,22.983064651489258,22.992721622677855,22.500227143332935,22.693362883347035,151298
2024-11-12,22.983064651489258,23.321051275574465,22.954095579802388,22.954095579802388,96000
2024-11-13,22.770618438720703,22.886500259388686,22.6933645055684,22.6933645055684,260716
2024-11-14,22.97340965270996,23.002378724561424,22.809244825328904,22.809244825328904,54025
2024-11-15,22.587139129638672,22.645080959559937,22.36503430724418,22.480916125207703,179148
2024-11-18,22.394004821777344,22.529198738751543,22.210526047398805,22.326407863290243,47026
2024-11-19,21.930479049682617,22.162242677762347,21.930479049682617,22.162242677762347,232455
2024-11-20,22.31675148010254,22.31675148010254,22.31675148010254,22.31675148010254,163
2024-11-21,22.336063385009766,22.336063385009766,22.29743734028718,22.316751283587976,19635
2024-11-22,21.978763580322266,22.326407175406597,21.978763580322266,22.326407175406597,129364
2024-11-25,21.56352424621582,21.737346053571205,21.476613342538126,21.737346053571205,86739
2024-11-26,21.495927810668945,21.57318174450373,21.264166009164583,21.42833084879839,62000
2024-11-27,21.631120681762695,21.640777653256986,21.331761932955644,21.351075875944222,38399
2024-11-28,21.7083740234375,21.89185279309789,21.640777066688653,21.804941893883964,53000
2024-11-29,22.046361923217773,22.229840703482214,21.727689221642184,21.727689221642184,111000
2024-12-02,21.988422393798828,22.075333299851714,21.949794505829065,21.949794505829065,24229
2024-12-03,22.11395835876465,22.181555317815093,21.91116748161331,21.940136554418363,32629
2024-12-04,21.998079299926758,22.036705345901794,21.9401374681456,22.036705345901794,9000
2024-12-05,21.8821964263916,21.8821964263916,21.74700250915899,21.824256439274624,29004
2024-12-06,22.171897888183594,22.278122731284835,21.862882172120667,21.949793072498235,131849
2024-12-09,22.046361923217773,22.239497675272872,22.046361923217773,22.123615855664006,16251
2024-12-10,22.529199600219727,23.407963777912023,22.529199600219727,23.031351085152195,416000
2024-12-11,22.345720291137695,22.50022815333302,22.345720291137695,22.432631193857443,157000
2024-12-12,22.46160125732422,22.645080027431096,22.40366127166692,22.40366127166692,91402
2024-12-13,22.162242889404297,22.336062849305595,22.123615003729142,22.336062849305595,28214
2024-12-16,21.92082405090332,22.113957952949086,21.862882222598525,22.104300981564954,49000
2024-12-17,21.930479049682617,22.036703892395916,21.930479049682617,21.930479049682617,11000
2024-12-18,22.11395835876465,22.142929273448694,22.0077353553478,22.0077353553478,27000
2024-12-19,22.007736206054688,22.007736206054688,21.8918543847181,21.940137402512224,19000
2024-12-20,22.142929077148438,22.142929077148438,22.00773516024606,22.00773516024606,11050
2024-12-23,22.133272171020508,22.133272171020508,21.978764310710474,21.978764310710474,19000
2024-12-24,22.210525512695312,22.210525512695312,22.13327158458718,22.13327158458718,52325
2024-12-25,22.200868606567383,22.307093448732246,22.200868606567383,22.307093448732246,17454
2024-12-26,22.31675148010254,22.403662383842438,22.210526632891767,22.239497548098075,44000
2024-12-27,22.32640838623047,22.3843483745938,22.22018353933185,22.229840511038905,29003
2024-12-30,22.403661727905273,22.45194474328979,22.36503384209448,22.403661727905273,17000
2024-12-31,22.26846694946289,22.384348770116155,22.22018393195348,22.374691798238462,40100
2025-01-02,21.56352424621582,21.756659997028255,21.56352424621582,21.756659997028255,53000
2025-01-03,21.341419219970703,21.698717961146972,21.26416528875321,21.698717961146972,85359
2025-01-06,20.993776321411133,21.244852066863185,20.955150275430316,21.244852066863185,78000
2025-01-07,20.86823844909668,20.97446145226758,20.86823844909668,20.97446145226758,113188
2025-01-08,20.926177978515625,21.07102886467265,20.858581021100942,21.07102886467265,79399
2025-01-09,21.128969192504883,21.128969192504883,21.06137223399687,21.06137223399687,32089
2025-01-10,21.013090133666992,21.100001038928056,20.984119217953616,21.100001038928056,64000
2025-01-13,20.83926773071289,21.02274650792343,20.83926773071289,21.02274650792343,112000
2025-01-14,21.293134689331055,21.293134689331055,21.080686835684688,21.080686835684688,16620
2025-01-15,21.331762313842773,21.38970230196407,21.312448370509337,21.312448370509337,6003
2025-01-16,21.206222534179688,21.55386613043802,21.186910433626725,21.331761318108054,36000
2025-01-17,21.351076126098633,21.351076126098633,21.244851280295872,21.244851280295872,46000
2025-01-20,21.53455352783203,21.621464432303995,21.53455352783203,21.573181415099146,71079
2025-01-21,21.447641372680664,21.65043408524944,21.43798624330595,21.43798624330595,23000
2025-01-22,21.341419219970703,21.563524041986113,21.29313436178539,21.457299195857438,597004
2025-02-03,21.38970184326172,21.563523645777018,21.177253996786895,21.34141882784257,75500
2025-02-04,21.55386734008789,21.756660063246063,21.55386734008789,21.747003091488146,20115
2025-02-05,21.418672561645508,21.544209505713937,21.399358618902994,21.544209505713937,65000
2025-02-06,21.53455352783203,21.611807460487217,21.399359606155222,21.437987493422334,31000
2025-02-07,22.007736206054688,22.007736206054688,21.669749555858626,21.72768954558739,36041
2025-02-10,21.949792861938477,22.065674675289923,21.85322499112543,22.00773468955367,111070
2025-02-11,21.8821964263916,22.104301245239174,21.872539454892276,21.949793385007908,10004
2025-02-12,21.814599990844727,21.87253997935099,21.804943019113846,21.862883007620106,19000
2025-02-13,22.09464454650879,22.11395848974588,22.007735485699875,22.11395848974588,36010
2025-02-14,22.123615264892578,22.20086919527588,21.89185347374266,21.89185347374266,153000
2025-02-17,22.249155044555664,22.394005940245304,22.162244138766066,22.210527156702923,85000
2025-02-18,22.28778076171875,22.307094705360186,22.16224381180752,22.249154716314926,47433
2025-02-19,22.046361923217773,22.15258677103598,21.940137075399566,22.15258677103598,64000
2025-02-20,22.123615264892578,22.20086919527588,22.04636133450927,22.20086919527588,62102
2025-02-21,22.44228744506836,22.500227431061948,22.171897773966712,22.171897773966712,122000
2025-02-24,22.403661727905273,22.5485126159378,22.316750826709963,22.50022775867431,99064
2025-02-25,22.30709457397461,22.374691534442444,22.142929737747423,22.374691534442444,35000
2025-02-26,22.32640838623047,22.374691402886743,22.16224355096852,22.26846655598812,28001
2025-02-27,22.28778076171875,22.509885587958102,22.28778076171875,22.509885587958102,8120
2025-03-03,22.09464454650879,22.287780295121713,22.065675473532153,22.287780295121713,29031
2025-03-04,21.853225708007812,21.949793581988715,21.72768876114794,21.72768876114794,271000
2025-03-05,22.075332641601562,22.12361565824497,21.930479907913305,21.930479907913305,121000
2025-03-06,22.403661727905273,22.422973828931696,22.210525982609255,22.210525982609255,93000
2025-03-07,22.500228881835938,22.53885676957495,22.11395921384115,22.11395921384115,23214
2025-03-10,22.152585983276367,22.43263078773076,22.142929011829118,22.394004743820727,54000
2025-03-11,22.210525512695312,22.374690340159958,22.01738977148552,22.374690340159958,39032
2025-03-12,22.480915069580078,22.567825968501925,22.316750242936465,22.316750242936465,34000
2025-03-13,22.30709457397461,22.480916381965635,22.29743760221077,22.413317579618766,198000
2025-03-14,22.876842498779297,22.98306550202703,22.45194496015139,22.45194496015139,119518
2025-03-17,22.886499404907227,23.166544211424043,22.886499404907227,23.012036350888078,92298
2025-03-18,23.02169418334961,23.176202049663708,22.934783278313045,23.166545077784196,509000
2025-03-19,23.060319900512695,23.14723080431128,22.983065968456067,23.031350827165852,274000
2025-03-20,22.97340965270996,23.050663580778757,22.934781767736094,22.983064782074493,32071
2025-03-21,22.558170318603516,22.857529075824846,22.461602442825303,22.857529075824846,93108
2025-03-24,22.480915069580078,22.480915069580078,22.355376285857886,22.47125809837999,258000
2025-03-25,22.480915069580078,22.509884141301413,22.422973242379562,22.480915069580078,20000
2025-03-26,22.509885787963867,22.60645366515002,22.19121308256491,22.19121308256491,16000
2025-03-27,22.548513412475586,22.596796429565728,22.345720688563116,22.51954249709408,22000
2025-03-28,22.43263053894043,22.548512353143277,22.326407537956687,22.548512353143277,55000
2025-03-31,22.26846694946289,22.50022874889037,22.26846694946289,22.29743786509597,82028
2025-04-01,22.394004821777344,22.394004821777344,22.394004821777344,22.394004821777344,1277
2025-04-02,22.27812385559082,22.45194566511819,22.239497810073097,22.45194566511819,125000
2025-04-07,20.32745933532715,20.762013850341717,19.796338787535127,20.35643025028779,1388775
2025-04-08,20.047414779663086,20.26951960488026,19.31350150157765,19.35212938868274,189000
2025-04-09,20.211578369140625,20.346772281909537,19.709426919029063,20.047413542830267,94791
2025-04-10,20.51093864440918,20.762014388269556,20.404713795346968,20.41437076725072,47729
2025-04-11,20.762014389038086,20.8972083119375,20.50128167326431,20.50128167326431,72000
2025-04-14,20.733043670654297,20.926179426816553,20.723386698658278,20.723386698658278,34000
2025-04-15,20.8102970123291,20.887550944218972,20.694417035433805,20.73304308043923,66000
2025-04-16,20.67510223388672,20.90686401993723,20.626819219164133,20.868237976534953,21578
2025-04-17,21.03240394592285,21.03240394592285,20.96480514301446,20.96480514301446,3044
2025-04-18,20.993776321411133,21.051716311321893,20.85858239765967,21.032404209271018,13000
2025-04-21,21.04206085205078,21.119314784682913,20.877896014972624,21.119314784682913,8112
2025-04-22,21.100000381469727,21.100000381469727,20.94549251957085,21.042060393727397,21000
2025-04-23,21.157939910888672,21.22553686877027,21.080685981612707,21.22553686877027,34000
2025-04-24,21.157939910888672,21.244850811559,21.148282939494305,21.235193840164637,7000
2025-04-25,21.24485206604004,21.24485206604004,21.186912076131524,21.24485206604004,39025
2025-04-28,21.157939910888672,21.244850811559,21.022745995125472,21.22553686877027,53000
2025-04-29,20.945491790771484,21.11931358982934,20.945491790771484,21.11931358982934,30000
2025-04-30,20.790985107421875,20.82961115279265,20.790985107421875,20.82961115279265,4000
2025-05-02,20.49162483215332,20.79098543745428,20.433684842237906,20.79098543745428,132000
2025-05-05,19.690113067626953,20.58819113089238,19.661143995830603,20.58819113089238,265050
2025-05-06,19.93153190612793,20.27917550417214,19.78668102090249,19.883248891679095,100000
2025-05-07,20.14398193359375,20.54956552426607,19.941189217318104,19.941189217318104,62150
2025-05-08,20.279176712036133,20.32745972936079,20.230893694711476,20.25986276835465,191000
2025-05-09,20.037757873535156,20.27917664309582,20.037757873535156,20.27917664309582,44000
2025-05-12,20.366086959838867,20.366086959838867,20.3274590737218,20.346773016780332,31138
2025-05-13,20.64613151550293,20.655788486914716,20.41436972725698,20.41436972725698,24000
2025-05-14,20.68475914001465,20.68475914001465,20.530251283134604,20.578534297705016,26000
2025-05-15,20.607505798339844,20.800641545878598,20.607505798339844,20.76201365961925,27003
2025-05-16,20.47231101989746,20.65578794628227,20.366086179027054,20.61716190352507,24000
2025-05-19,20.375743865966797,20.491623840188073,20.31780387885616,20.472311739070513,8000
2025-05-20,20.443340301513672,20.472311215267233,20.41436938776011,20.472311215267233,17000
2025-05-21,20.588191986083984,20.655788945588547,20.443341095448638,20.443341095448638,6000
2025-05-22,20.48196792602539,20.578535804114207,20.41437096392694,20.41437096392694,7000
2025-05-23,20.49162483215332,20.56887876600023,20.49162483215332,20.510938776084814,12018
2025-05-26,20.201921463012695,20.39505720348642,20.16329357816638,20.308146304461136,24000
2025-05-27,20.0956974029541,20.211579220120008,20.0956974029541,20.211579220120008,12000
2025-05-28,20.066728591918945,20.12466858031845,20.028100705066596,20.12466858031845,16000
2025-05-29,20.15363883972168,20.221235797634876,20.066727939010725,20.066727939010725,252000
2025-06-02,19.8349666595459,20.01844359519118,19.748055756606973,19.989474522130877,135000
2025-06-03,20.12466812133789,20.25986203847972,19.883249359653778,20.25986203847972,10000
2025-06-04,20.192264556884766,20.25986151370477,20.192264556884766,20.221235470612882,41000
2025-06-05,20.240549087524414,20.240549087524414,20.163295153674284,20.163295153674284,11004
2025-06-06,20.279176712036133,20.395058532245976,20.201922779189253,20.25020579651391,58000
2025-06-09,20.337116241455078,20.404713200933102,20.182608379254162,20.182608379254162,12020
2025-06-10,20.15363883972168,20.40471272857671,20.15363883972168,20.40471272857671,8000
2025-06-11,20.375743865966797,20.424026881579167,20.15363904714354,20.15363904714354,13000
2025-06-12,20.211578369140625,20.23089231150159,20.163293513238212,20.18260745559918,27046
2025-06-13,19.98947525024414,20.192266136568918,19.98947525024414,20.11501220246247,29000
2025-06-16,19.98947525024414,20.086041286467896,19.854279484148545,20.086041286467896,30000
2025-06-17,19.999130249023438,20.057072080632064,19.97016117509819,20.057072080632064,9350
2025-06-18,20.066728591918945,20.12466858031845,19.873592841415245,20.12466858031845,79000
2025-06-19,19.873592376708984,20.066728122696574,19.873592376708984,20.066728122696574,6000
2025-06-20,19.94118881225586,19.97015972595789,19.94118881225586,19.94118881225586,17050
2025-06-23,19.94118881225586,19.94118881225586,19.83496581243961,19.94118881225586,9687
2025-06-24,20.163293838500977,20.29848959532971,20.08603990968982,20.08603990968982,25000
2025-06-25,20.279176712036133,20.279176712036133,20.17295186366703,20.24054882467317,24702
2025-06-26,20.288833618164062,20.356430578951265,20.2791766463546,20.308147561782988,27000
2025-06-27,20.028100967407227,20.279176709599177,19.98947492192795,20.279176709599177,83003
2025-06-30,20.13432502746582,20.143981998927313,19.960503224916927,19.960503224916927,38000
2025-07-01,20.240549087524414,20.240549087524414,20.172952125640435,20.230893957437335,21000
2025-07-02,20.221235275268555,20.28883223143555,20.172950419521477,20.28883223143555,5039
2025-07-03,20.11501121520996,20.11501121520996,20.028100313370942,20.11501121520996,50000
2025-07-04,20.32745933532715,20.32745933532715,20.11501148458614,20.11501148458614,54000
2025-07-07,20.230894088745117,20.39505892947703,20.17295225657215,20.356431041361716,17000
2025-07-08,20.395057678222656,20.395057678222656,20.29848980573798,20.308146777174347,13000
2025-07-09,20.49162483215332,20.539909691982057,20.395058796253984,20.395058796253984,80000
2025-07-10,20.607505798339844,20.607505798339844,20.510937924570467,20.539908839264978,60000
2025-07-11,20.887550354003906,20.93583521124509,20.704073422124317,20.704073422124317,42030
2025-07-14,20.66544532775879,20.762013199387546,20.607505341533116,20.752356228036774,57000
2025-07-15,20.64613151550293,20.887550275160667,20.64613151550293,20.762013330565388,35000
2025-07-16,20.713729858398438,20.868237713820314,20.704072887199704,20.771669843711912,40000
2025-07-17,20.85858154296875,20.85858154296875,20.80064155543211,20.80064155543211,7036
2025-07-18,21.003433227539062,21.042061115277868,20.742700510939326,20.742700510939326,14000
2025-07-21,21.061372756958008,21.07102972868165,20.916521864861433,21.003432768495184,10000
2025-07-22,21.273822784423828,21.273822784423828,21.090344002558066,21.090344002558066,29036
2025-07-23,21.515241622924805,21.515241622924805,21.351076784295685,21.351076784295685,46013
2025-07-24,21.428329467773438,21.428329467773438,21.370387639722313,21.389701582406023,39000
2025-07-25,21.466955184936523,21.5538660838131,21.380044286059945,21.40901519964511,16004
2025-07-28,21.524898529052734,21.563524574676165,21.254508842172495,21.476613669674627,62000
2025-07-29,21.611806869506836,21.698717771602198,21.534552938964183,21.63112081261225,13100
2025-07-30,21.92082405090332,21.92082405090332,21.727688306978592,21.727688306978592,17200
2025-07-31,21.57318115234375,21.66009205575716,21.57318115234375,21.631121140659683,8000
2025-08-01,21.341419219970703,21.553867070349053,21.341419219970703,21.495927082405686,49000
2025-08-04,21.360733032226562,21.360733032226562,21.244851215171593,21.3414190890709,27284
2025-08-05,21.56352424621582,21.56352424621582,21.495927285995176,21.54421030275877,17100
2025-08-06,21.71803092956543,21.73734487197261,21.611806088204858,21.70837395836184,50000
2025-08-07,21.737346649169922,21.795286639249586,21.650435743110886,21.76631756514929,21000
2025-08-08,21.7083740234375,21.7083740234375,21.621463124223574,21.7083740234375,25000
2025-08-11,21.737346649169922,21.80494361124271,21.592495753031223,21.592495753031223,12000
2025-08-12,21.969106674194336,21.969106674194336,21.775970933713584,21.775970933713584,21010
2025-08-13,22.210525512695312,22.210525512695312,21.998077670867687,21.998077670867687,68000
2025-08-14,22.28778076171875,22.39400560986759,22.210526829032062,22.210526829032062,41000
2025-08-15,22.355377197265625,22.355377197265625,22.007735429284125,22.007735429284125,31000
2025-08-18,22.548513412475586,22.674050362037374,22.239497682588997,22.35537766035695,109000
2025-08-19,22.548513412475586,22.68370733383121,22.548513412475586,22.68370733383121,31000
2025-08-20,22.654735565185547,22.693363450906013,22.394004704088257,22.394004704088257,59844
2025-08-21,23.253456115722656,23.253456115722656,22.9154694655242,22.9154694655242,144000
2025-08-22,23.494874954223633,23.51418889814711,23.272770124740834,23.272770124740834,102121
2025-08-25,23.90045738220215,24.141876143638534,23.659038620765763,23.659038620765763,144716
2025-08-26,24.23844337463379,24.315697302572204,24.035650662621123,24.035650662621123,349010
2025-08-27,24.39295196533203,24.421922879886264,24.238444104800756,24.238444104800756,129959
2025-08-28,23.832860946655273,24.141876673373815,23.70732215650148,23.977711838319713,67644
2025-08-29,24.508832931518555,24.615057780636718,24.199817197951965,24.28672810325245,190000
2025-09-01,24.644027709960938,24.701967697215803,24.528145893572226,24.624713766916322,56037
2025-09-02,24.344667434692383,24.798535892742603,24.344667434692383,24.701968018143894,72000
2025-09-03,24.335012435913086,24.624714219389592,24.24810153249433,24.402609395932338,247022
2025-09-04,23.987367630004883,24.32535425518136,23.639724033608633,24.32535425518136,1281150
2025-09-05,24.04530906677246,24.083936953983073,23.784576353737958,23.784576353737958,32107
2025-09-08,24.315698623657227,24.44123557267304,24.151533787634065,24.151533787634065,81000
2025-09-09,24.06462287902832,24.383295579260324,24.06462287902832,24.383295579260324,41115
2025-09-10,24.141876220703125,24.325354995706586,23.997025331754703,24.10324833464809,81841
2025-09-11,24.663341522216797,24.663341522216797,24.006682197213962,24.006682197213962,126607
2025-09-12,24.711624145507812,24.77922110285372,24.663341130797576,24.769564131535887,46576
2025-09-15,24.80819320678711,24.846819252032294,24.441235646623166,24.711625330855597,45044
2025-09-16,24.499177932739258,24.817850639921925,24.43157912901524,24.711625790234677,42000
2025-09-17,24.672996520996094,24.672996520996094,24.36398080307523,24.36398080307523,63000
2025-09-18,24.58608627319336,24.779222022963783,24.58608627319336,24.730939006460684,91000
2025-09-19,24.470205307006836,24.51848832155687,24.40260834988521,24.508831350271073,44031
2025-09-22,24.576431274414062,24.576431274414062,24.402609467069833,24.56677430268616,27007
2025-09-23,24.306041717529297,24.721282294584224,24.209473841629237,24.672997435694676,114000
2025-09-24,24.78887939453125,24.78887939453125,24.306041854195136,24.306041854195136,223000
2025-09-25,25.10755157470703,25.13652248960044,24.76956493513325,24.76956493513325,151002
2025-09-26,25.039955139160156,25.184806032900386,24.943387262706985,25.126866043780105,82000
2025-09-30,25.300687789916992,25.32965686346536,24.94338720049513,25.107552037492358,179000
2025-10-01,25.262060165405273,25.397254088381107,25.262060165405273,25.358628042621895,140751
2025-10-02,25.426223754882812,25.51313465591981,25.30068680998436,25.310341939540496,66562
2025-10-03,25.31034278869629,25.561418528795695,25.300687658816223,25.561418528795695,33069
2025-10-07,25.223432540893555,25.445537355274745,25.223432540893555,25.445537355274745,61645
2025-10-08,25.088237762451172,25.213776552432492,24.982014757711998,25.213776552432492,51000
2025-10-09,25.561418533325195,25.571075505086004,24.88544708697996,24.88544708697996,77000
2025-10-13,24.721281051635742,25.088236751351147,24.595742266713856,25.088236751351147,237962
2025-10-14,24.91441535949707,25.21377594882191,24.885446287024905,24.982014159649726,159000
2025-10-15,24.76956558227539,25.068924343145817,24.68265467720348,24.914416476768885,68900
2025-10-16,25.13652229309082,25.310342255455403,25.010983504746466,25.03995441941339,246000
2025-10-17,24.904760360717773,25.155834252230306,24.788878544583618,25.136522151107098,120191
2025-10-20,24.75025177001953,25.001327514685908,24.740596639963844,24.914416609152198,424161
2025-10-21,25.175148010253906,25.184804981684042,24.78887836244321,24.78887836244321,159098
2025-10-22,25.31999969482422,25.31999969482422,25.068923955375617,25.223433661241625,322156
2025-10-23,25.100000381469727,25.399999618530273,25.059999465942383,25.399999618530273,285000
2025-10-27,25.799999237060547,25.8700008392334,25.3700008392334,25.3700008392334,661488
2025-10-28,25.799999237060547,25.899999618530273,25.690000534057617,25.799999237060547,169000
2025-10-29,25.770000457763672,25.81999969482422,25.709999084472656,25.790000915527344,118050
2025-10-30,26.0,26.1299991607666,25.770000457763672,25.770000457763672,243000
2025-10-31,25.520000457763672,25.860000610351562,25.520000457763672,25.860000610351562,73000
2025-11-03,25.540000915527344,25.829999923706055,25.290000915527344,25.829999923706055,74019
2025-11-04,25.440000534057617,25.670000076293945,25.440000534057617,25.649999618530273,45062
2025-11-05,25.440000534057617,25.440000534057617,25.200000762939453,25.209999084472656,59000
2025-11-06,25.790000915527344,25.809999465942383,25.43000030517578,25.43000030517578,146000
2025-11-07,25.8700008392334,25.8700008392334,25.799999237060547,25.81999969482422,78000
2025-11-10,25.889999389648438,25.899999618530273,25.739999771118164,25.899999618530273,46712
2025-11-11,25.649999618530273,25.950000762939453,25.649999618530273,25.889999389648438,128000
2025-11-12,25.6299991607666,25.81999969482422,25.6200008392334,25.799999237060547,145000
2025-11-13,26.0,26.059999465942383,25.649999618530273,25.65999984741211,223013
2025-11-14,25.920000076293945,26.049999237060547,25.920000076293945,25.959999084472656,28000
2025-11-17,25.56999969482422,25.68000030517578,25.459999084472656,25.639999389648438,205000
2025-11-18,25.440000534057617,25.6299991607666,25.440000534057617,25.5,24000
2025-11-19,25.450000762939453,25.600000381469727,25.450000762939453,25.469999313354492,19000
2025-11-20,25.540000915527344,25.700000762939453,25.270000457763672,25.5,35764
2025-11-21,25.049999237060547,25.350000381469727,24.829999923706055,25.260000228881836,189000
2025-11-24,24.90999984741211,25.030000686645508,24.719999313354492,25.030000686645508,55000
2025-11-25,25.190000534057617,25.260000228881836,25.040000915527344,25.040000915527344,51000
2025-11-26,25.399999618530273,25.420000076293945,25.170000076293945,25.280000686645508,69000
2025-11-27,25.399999618530273,25.5,25.350000381469727,25.360000610351562,97000
2025-11-28,25.440000534057617,25.469999313354492,25.200000762939453,25.3799991607666,50000
2025-12-01,25.600000381469727,25.670000076293945,25.440000534057617,25.56999969482422,124000
2025-12-02,25.600000381469727,25.799999237060547,25.600000381469727,25.799999237060547,28081
2025-12-03,25.530000686645508,25.90999984741211,25.5,25.90999984741211,62000
2025-12-04,25.420000076293945,25.5,25.350000381469727,25.40999984741211,14000
2025-12-05,25.549999237060547,25.549999237060547,25.420000076293945,25.420000076293945,34290
2025-12-08,25.860000610351562,25.8799991607666,25.549999237060547,25.549999237060547,66000
2025-12-09,25.65999984741211,25.84000015258789,25.65999984741211,25.81999969482422,81090
2025-12-10,25.510000228881836,25.739999771118164,25.450000762939453,25.739999771118164,56607
2025-12-11,25.6299991607666,25.729999542236328,25.610000610351562,25.649999618530273,56000
2025-12-12,25.700000762939453,25.700000762939453,25.540000915527344,25.56999969482422,40119
2025-12-15,25.68000030517578,25.81999969482422,25.360000610351562,25.360000610351562,43057
2025-12-16,25.43000030517578,25.700000762939453,25.399999618530273,25.670000076293945,22000
2025-12-17,25.75,25.75,25.43000030517578,25.43000030517578,60000
2025-12-18,25.969999313354492,25.989999771118164,25.809999465942383,25.950000762939453,55080
2025-12-19,25.989999771118164,26.09000015258789,25.90999984741211,25.959999084472656,47000
2025-12-22,26.25,26.25,26.0,26.09000015258789,132102
2025-12-23,26.3700008392334,26.450000762939453,26.219999313354492,26.280000686645508,350006
2025-12-24,26.350000381469727,26.350000381469727,26.18000030517578,26.329999923706055,12000
2025-12-26,26.549999237060547,26.700000762939453,26.40999984741211,26.5,92000
2025-12-29,26.520000457763672,26.6200008392334,26.420000076293945,26.530000686645508,115000
2025-12-30,26.479999542236328,26.540000915527344,26.260000228881836,26.3700008392334,90000
2025-12-31,26.389999389648438,26.6200008392334,26.329999923706055,26.549999237060547,52000
2026-01-02,26.690000534057617,26.690000534057617,26.389999389648438,26.389999389648438,95050
2026-01-05,26.790000915527344,26.899999618530273,26.700000762939453,26.770000457763672,101345
2026-01-06,27.399999618530273,27.399999618530273,26.790000915527344,26.790000915527344,197932
2026-01-07,27.450000762939453,27.540000915527344,27.350000381469727,27.350000381469727,50200
2026-01-08,27.360000610351562,27.40999984741211,27.0,27.0,205000
2026-01-09,27.440000534057617,27.549999237060547,27.209999084472656,27.299999237060547,146000
2026-01-12,27.709999084472656,27.709999084472656,27.43000030517578,27.59000015258789,115037
2026-01-13,27.700000762939453,28.0,27.700000762939453,27.799999237060547,122064
2026-01-14,27.540000915527344,27.950000762939453,27.5,27.639999389648438,61000
2026-01-15,27.5,27.649999618530273,27.31999969482422,27.40999984741211,271000
2026-01-16,27.440000534057617,27.75,27.399999618530273,27.690000534057617,99173
2026-01-19,27.420000076293945,27.600000381469727,27.299999237060547,27.440000534057617,83000
2026-01-20,27.40999984741211,27.559999465942383,27.229999542236328,27.5,53000
2026-01-21,27.450000762939453,27.649999618530273,27.34000015258789,27.34000015258789,35173
2026-01-22,27.31999969482422,27.600000381469727,27.25,27.450000762939453,144000
2026-01-23,27.290000915527344,27.420000076293945,27.170000076293945,27.170000076293945,150029
2026-01-26,27.360000610351562,27.5,27.290000915527344,27.360000610351562,78105
2026-01-27,27.3799991607666,27.479999542236328,27.229999542236328,27.479999542236328,57000
2026-01-28,27.190000534057617,27.31999969482422,27.1200008392334,27.260000228881836,129000
2026-01-29,27.18000030517578,27.31999969482422,27.149999618530273,27.31999969482422,53722
2026-01-30,27.25,27.350000381469727,26.950000762939453,27.299999237060547,128000
2026-02-02,26.8799991607666,27.25,26.8799991607666,27.049999237060547,98000
2026-02-03,26.770000457763672,27.270000457763672,26.600000381469727,27.270000457763672,153982
2026-02-04,27.059999465942383,27.059999465942383,27.020000457763672,27.059999465942383,103602
2026-02-05,27.020000457763672,27.290000915527344,26.959999084472656,27.059999465942383,126040
2026-02-06,27.170000076293945,27.489999771118164,26.739999771118164,27.489999771118164,270000
2026-02-09,27.450000762939453,27.450000762939453,27.18000030517578,27.18000030517578,100000
2026-02-10,27.43000030517578,27.530000686645508,27.399999618530273,27.5,82819
2026-02-11,27.440000534057617,27.489999771118164,27.389999389648438,27.450000762939453,87000
2026-02-23,27.510000228881836,27.75,27.489999771118164,27.59000015258789,179000
2026-02-24,27.510000228881836,27.709999084472656,27.25,27.350000381469727,56000
2026-02-25,27.75,27.799999237060547,27.329999923706055,27.540000915527344,99000
2026-02-26,27.670000076293945,27.75,27.549999237060547,27.75,54000
2026-03-02,27.809999465942383,27.809999465942383,27.459999084472656,27.510000228881836,114096
2026-03-03,27.75,27.899999618530273,27.459999084472656,27.8799991607666,170252
2026-03-04,26.860000610351562,27.25,26.81999969482422,27.209999084472656,203000
2026-03-05,27.520000457763672,27.520000457763672,27.280000686645508,27.299999237060547,83000
2026-03-06,27.329999923706055,27.420000076293945,27.25,27.3700008392334,121000
2026-03-09,27.239999771118164,27.3799991607666,26.209999084472656,27.1299991607666,161000
2026-03-10,27.600000381469727,27.670000076293945,27.270000457763672,27.270000457763672,30000
2026-03-11,27.850000381469727,27.90999984741211,27.229999542236328,27.229999542236328,92000
2026-03-12,27.610000610351562,27.8700008392334,27.610000610351562,27.850000381469727,34000
2026-03-13,27.860000610351562,27.90999984741211,27.690000534057617,27.719999313354492,97000
2026-03-16,27.760000228881836,27.770000457763672,27.469999313354492,27.770000457763672,94000
2026-03-17,27.75,27.969999313354492,27.6299991607666,27.6299991607666,48000
2026-03-18,27.299999237060547,27.579999923706055,27.209999084472656,27.579999923706055,39265
