Price,Close,High,Low,Open,Volume
Ticker,00737.TW,00737.TW,00737.TW,00737.TW,00737.TW
Date,,,,,
2021-03-18,33.63999938964844,33.689998626708984,33.560001373291016,33.56999969482422,635400
2021-03-19,32.81999969482422,32.91999816894531,32.79999923706055,32.86000061035156,733210
2021-03-22,33.189998626708984,33.25,33.040000915527344,33.04999923706055,919768
2021-03-23,33.29999923706055,33.349998474121094,33.209999084472656,33.29999923706055,1656164
2021-03-24,32.619998931884766,32.790000915527344,32.599998474121094,32.70000076293945,486100
2021-03-25,32.150001525878906,32.150001525878906,31.979999542236328,32.08000183105469,252000
2021-03-26,32.380001068115234,32.38999938964844,32.22999954223633,32.34000015258789,421600
2021-03-29,32.29999923706055,32.540000915527344,32.29999923706055,32.5,920204
2021-03-30,32.11000061035156,32.290000915527344,32.060001373291016,32.290000915527344,375906
2021-03-31,32.04999923706055,32.130001068115234,32.029998779296875,32.11000061035156,185500
2021-04-01,32.560001373291016,32.599998474121094,32.5,32.5,754665
2021-04-07,33.279998779296875,33.400001525878906,33.2599983215332,33.400001525878906,116030
2021-04-08,33.20000076293945,33.209999084472656,33.04999923706055,33.099998474121094,162801
2021-04-09,33.41999816894531,33.59000015258789,33.41999816894531,33.52000045776367,350000
2021-04-12,33.33000183105469,33.41999816894531,33.31999969482422,33.41999816894531,150731
2021-04-13,33.220001220703125,33.349998474121094,33.220001220703125,33.349998474121094,168855
2021-04-14,33.599998474121094,33.619998931884766,33.400001525878906,33.400001525878906,735490
2021-04-15,33.58000183105469,33.58000183105469,33.45000076293945,33.45000076293945,144240
2021-04-16,33.689998626708984,33.790000915527344,33.61000061035156,33.790000915527344,234546
2021-04-19,33.58000183105469,33.65999984741211,33.529998779296875,33.65999984741211,196298
2021-04-20,33.04999923706055,33.20000076293945,33.04999923706055,33.20000076293945,175020
2021-04-21,32.41999816894531,32.56999969482422,32.36000061035156,32.54999923706055,278416
2021-04-22,32.900001525878906,33.0,32.810001373291016,33.0,217101
2021-04-23,32.900001525878906,32.91999816894531,32.869998931884766,32.900001525878906,294687
2021-04-26,33.25,33.47999954223633,33.220001220703125,33.47999954223633,151299
2021-04-27,33.4900016784668,33.54999923706055,33.459999084472656,33.459999084472656,227190
2021-04-28,33.220001220703125,33.27000045776367,33.18000030517578,33.27000045776367,126330
2021-04-29,33.06999969482422,33.13999938964844,33.060001373291016,33.13999938964844,292600
2021-05-03,32.369998931884766,32.599998474121094,32.349998474121094,32.599998474121094,297070
2021-05-04,31.8799991607666,32.0,31.84000015258789,32.0,142351
2021-05-05,31.399999618530273,31.5,31.3799991607666,31.5,245050
2021-05-06,31.479999542236328,31.549999237060547,31.399999618530273,31.5,183000
2021-05-07,31.280000686645508,31.389999389648438,31.239999771118164,31.389999389648438,305030
2021-05-10,31.440000534057617,31.479999542236328,31.399999618530273,31.420000076293945,74150
2021-05-11,30.559999465942383,30.719999313354492,30.5,30.719999313354492,330556
2021-05-12,30.610000610351562,30.729999542236328,30.479999542236328,30.56999969482422,548465
2021-05-13,30.0,30.110000610351562,30.0,30.059999465942383,388000
2021-05-14,30.270000457763672,30.270000457763672,30.0,30.0,134145
2021-05-17,30.809999465942383,30.84000015258789,30.739999771118164,30.739999771118164,351424
2021-05-18,30.709999084472656,30.790000915527344,30.649999618530273,30.790000915527344,219030
2021-05-19,30.510000228881836,30.690000534057617,30.5,30.690000534057617,192284
2021-05-20,30.6299991607666,30.6299991607666,30.530000686645508,30.56999969482422,85100
2021-05-21,31.190000534057617,31.270000457763672,31.1200008392334,31.25,294690
2021-05-24,31.200000762939453,31.239999771118164,31.139999389648438,31.239999771118164,75361
2021-05-25,31.40999984741211,31.459999084472656,31.360000610351562,31.360000610351562,102035
2021-05-26,31.469999313354492,31.510000228881836,31.43000030517578,31.489999771118164,99165
2021-05-27,31.5,31.600000381469727,31.5,31.5,277343
2021-05-28,31.75,31.84000015258789,31.649999618530273,31.649999618530273,218580
2021-05-31,31.649999618530273,31.770000457763672,31.649999618530273,31.770000457763672,266000
2021-06-01,31.59000015258789,31.649999618530273,31.530000686645508,31.649999618530273,261095
2021-06-02,31.850000381469727,31.8700008392334,31.59000015258789,31.59000015258789,685281
2021-06-03,32.209999084472656,32.2599983215332,32.209999084472656,32.2400016784668,234800
2021-06-04,32.029998779296875,32.08000183105469,31.989999771118164,32.08000183105469,76060
2021-06-07,32.2599983215332,32.27000045776367,32.189998626708984,32.20000076293945,202640
2021-06-08,32.56999969482422,32.630001068115234,32.54999923706055,32.599998474121094,127045
2021-06-09,32.68000030517578,32.70000076293945,32.66999816894531,32.68000030517578,247255
2021-06-10,32.45000076293945,32.459999084472656,32.43000030517578,32.459999084472656,100092
2021-06-11,32.54999923706055,32.560001373291016,32.5,32.560001373291016,291520
2021-06-15,32.959999084472656,33.0,32.95000076293945,33.0,192711
2021-06-16,32.75,32.900001525878906,32.72999954223633,32.79999923706055,118580
2021-06-17,32.599998474121094,32.61000061035156,32.5,32.56999969482422,218000
2021-06-18,32.95000076293945,32.959999084472656,32.869998931884766,32.869998931884766,89117
2021-06-21,32.47999954223633,32.529998779296875,32.40999984741211,32.5,348410
2021-06-22,32.7599983215332,32.83000183105469,32.70000076293945,32.720001220703125,534317
2021-06-23,33.189998626708984,33.220001220703125,33.11000061035156,33.11000061035156,169967
2021-06-24,33.33000183105469,33.36000061035156,33.279998779296875,33.279998779296875,94000
2021-06-25,33.41999816894531,33.470001220703125,33.40999984741211,33.43000030517578,293089
2021-06-28,33.45000076293945,33.45000076293945,33.400001525878906,33.41999816894531,71299
2021-06-29,33.529998779296875,33.56999969482422,33.5099983215332,33.52000045776367,223220
2021-06-30,33.58000183105469,33.61000061035156,33.540000915527344,33.599998474121094,145005
2021-07-01,33.189998626708984,33.31999969482422,33.189998626708984,33.31999969482422,92270
2021-07-02,33.119998931884766,33.150001525878906,33.099998474121094,33.11000061035156,192179
2021-07-05,33.11000061035156,33.209999084472656,33.11000061035156,33.209999084472656,225657
2021-07-06,33.130001068115234,33.189998626708984,33.09000015258789,33.18000030517578,147104
2021-07-07,33.220001220703125,33.25,33.150001525878906,33.150001525878906,119406
2021-07-08,33.0099983215332,33.060001373291016,32.95000076293945,33.060001373291016,148298
2021-07-09,32.83000183105469,32.84000015258789,32.77000045776367,32.81999969482422,232194
2021-07-12,33.15999984741211,33.20000076293945,33.11000061035156,33.11000061035156,326931
2021-07-13,33.04999923706055,33.150001525878906,33.040000915527344,33.150001525878906,86575
2021-07-14,32.849998474121094,33.0,32.849998474121094,33.0,159000
2021-07-15,32.52000045776367,32.720001220703125,32.5,32.720001220703125,345000
2021-07-16,32.189998626708984,32.20000076293945,32.02000045776367,32.11000061035156,150100
2021-07-19,31.860000610351562,31.969999313354492,31.81999969482422,31.969999313354492,224600
2021-07-20,31.8799991607666,31.940000534057617,31.850000381469727,31.850000381469727,190000
2021-07-21,32.220001220703125,32.290000915527344,32.189998626708984,32.189998626708984,585900
2021-07-22,32.65999984741211,32.709999084472656,32.4900016784668,32.4900016784668,418053
2021-07-23,32.689998626708984,32.689998626708984,32.65999984741211,32.65999984741211,150624
2021-07-26,32.90999984741211,32.939998626708984,32.880001068115234,32.880001068115234,125934
2021-07-27,32.77000045776367,32.880001068115234,32.75,32.880001068115234,75587
2021-07-28,32.470001220703125,32.599998474121094,32.45000076293945,32.540000915527344,99253
2021-07-29,32.72999954223633,32.75,32.630001068115234,32.630001068115234,188000
2021-07-30,32.630001068115234,32.72999954223633,32.619998931884766,32.65999984741211,143000
2021-08-02,33.09000015258789,33.119998931884766,32.869998931884766,32.869998931884766,211100
2021-08-03,33.13999938964844,33.150001525878906,33.04999923706055,33.119998931884766,104521
2021-08-04,32.9900016784668,33.060001373291016,32.9900016784668,33.060001373291016,210242
2021-08-05,32.91999816894531,32.9900016784668,32.900001525878906,32.9900016784668,79000
2021-08-06,33.15999984741211,33.18000030517578,33.0099983215332,33.0099983215332,273090
2021-08-09,33.099998474121094,33.150001525878906,33.04999923706055,33.150001525878906,168452
2021-08-10,33.130001068115234,33.150001525878906,33.11000061035156,33.13999938964844,92417
2021-08-11,33.0099983215332,33.040000915527344,33.0,33.040000915527344,129090
2021-08-12,32.97999954223633,32.97999954223633,32.95000076293945,32.959999084472656,20735
2021-08-13,33.0,33.04999923706055,33.0,33.04999923706055,131654
2021-08-16,32.88999938964844,32.970001220703125,32.84000015258789,32.970001220703125,132153
2021-08-17,32.619998931884766,32.70000076293945,32.619998931884766,32.70000076293945,70180
2021-08-18,32.38999938964844,32.38999938964844,32.279998779296875,32.279998779296875,82280
2021-08-19,32.2400016784668,32.33000183105469,32.22999954223633,32.310001373291016,113000
2021-08-20,32.220001220703125,32.25,32.20000076293945,32.22999954223633,62496
2021-08-23,32.58000183105469,32.61000061035156,32.45000076293945,32.45000076293945,167055
2021-08-24,33.06999969482422,33.119998931884766,32.88999938964844,32.88999938964844,403000
2021-08-25,33.43000030517578,33.470001220703125,33.40999984741211,33.470001220703125,106476
2021-08-26,33.400001525878906,33.47999954223633,33.38999938964844,33.47999954223633,133178
2021-08-27,33.400001525878906,33.439998626708984,33.369998931884766,33.400001525878906,86197
2021-08-30,33.720001220703125,33.7400016784668,33.650001525878906,33.650001525878906,195426
2021-08-31,33.810001373291016,33.810001373291016,33.63999938964844,33.65999984741211,204068
2021-09-01,33.9900016784668,34.029998779296875,33.86000061035156,33.880001068115234,255263
2021-09-02,34.279998779296875,34.34000015258789,34.279998779296875,34.34000015258789,159200
2021-09-03,34.560001373291016,34.599998474121094,34.459999084472656,34.47999954223633,324658
2021-09-06,34.68000030517578,34.7400016784668,34.63999938964844,34.650001525878906,267402
2021-09-07,34.7400016784668,34.7400016784668,34.65999984741211,34.68000030517578,138731
2021-09-08,34.599998474121094,34.709999084472656,34.599998474121094,34.709999084472656,67070
2021-09-09,34.25,34.380001068115234,34.25,34.380001068115234,53469
2021-09-10,34.400001525878906,34.400001525878906,34.290000915527344,34.290000915527344,100032
2021-09-13,34.2400016784668,34.400001525878906,34.209999084472656,34.400001525878906,153496
2021-09-14,34.279998779296875,34.40999984741211,34.25,34.400001525878906,35628
2021-09-15,34.22999954223633,34.22999954223633,34.15999984741211,34.209999084472656,47553
2021-09-16,34.220001220703125,34.33000183105469,34.220001220703125,34.2400016784668,237232
2021-09-17,34.349998474121094,34.349998474121094,34.25,34.25,178301
2021-09-22,33.529998779296875,33.540000915527344,33.400001525878906,33.52000045776367,222921
2021-09-23,33.79999923706055,33.84000015258789,33.779998779296875,33.84000015258789,43875
2021-09-24,34.08000183105469,34.220001220703125,34.08000183105469,34.20000076293945,152374
2021-09-27,34.11000061035156,34.20000076293945,34.06999969482422,34.20000076293945,98263
2021-09-28,33.720001220703125,33.720001220703125,33.619998931884766,33.70000076293945,182448
2021-09-29,32.88999938964844,33.11000061035156,32.810001373291016,33.11000061035156,535000
2021-09-30,32.83000183105469,32.83000183105469,32.65999984741211,32.709999084472656,170003
2021-10-01,32.38999938964844,32.599998474121094,32.369998931884766,32.599998474121094,239400
2021-10-04,32.52000045776367,32.68000030517578,32.439998626708984,32.68000030517578,230000
2021-10-05,31.989999771118164,31.989999771118164,31.770000457763672,31.899999618530273,209000
2021-10-06,32.0099983215332,32.099998474121094,31.979999542236328,32.060001373291016,321000
2021-10-07,32.34000015258789,32.369998931884766,32.0099983215332,32.0099983215332,61422
2021-10-08,32.709999084472656,32.79999923706055,32.66999816894531,32.66999816894531,280000
2021-10-12,32.349998474121094,32.349998474121094,32.2599983215332,32.29999923706055,44000
2021-10-13,32.5,32.61000061035156,32.47999954223633,32.61000061035156,70485
2021-10-14,32.880001068115234,32.900001525878906,32.75,32.75,63000
2021-10-15,33.5,33.5,33.310001373291016,33.310001373291016,162743
2021-10-18,33.38999938964844,33.52000045776367,33.38999938964844,33.5,152094
2021-10-19,33.41999816894531,33.47999954223633,33.41999816894531,33.459999084472656,110674
2021-10-20,33.65999984741211,33.77000045776367,33.65999984741211,33.7599983215332,251070
2021-10-21,33.619998931884766,33.709999084472656,33.619998931884766,33.709999084472656,336214
2021-10-22,33.77000045776367,33.77000045776367,33.68000030517578,33.68000030517578,421567
2021-10-25,33.630001068115234,33.65999984741211,33.529998779296875,33.63999938964844,155364
2021-10-26,33.84000015258789,33.900001525878906,33.72999954223633,33.72999954223633,52852
2021-10-27,33.709999084472656,33.709999084472656,33.619998931884766,33.70000076293945,44988
2021-10-28,33.33000183105469,33.40999984741211,33.29999923706055,33.40999984741211,220100
2021-10-29,33.65999984741211,33.77000045776367,33.65999984741211,33.689998626708984,382000
2021-11-01,33.97999954223633,34.0099983215332,33.93000030517578,33.95000076293945,91393
2021-11-02,34.22999954223633,34.29999923706055,34.189998626708984,34.25,291000
2021-11-03,34.52000045776367,34.58000183105469,34.52000045776367,34.529998779296875,139210
2021-11-04,34.939998626708984,34.939998626708984,34.810001373291016,34.810001373291016,337923
2021-11-05,35.279998779296875,35.31999969482422,35.2400016784668,35.310001373291016,314006
2021-11-08,34.880001068115234,35.029998779296875,34.86000061035156,35.029998779296875,116555
2021-11-09,35.02000045776367,35.02000045776367,34.91999816894531,35.0,127305
2021-11-10,34.970001220703125,35.040000915527344,34.86000061035156,35.040000915527344,185234
2021-11-11,34.31999969482422,34.40999984741211,34.310001373291016,34.310001373291016,333195
2021-11-12,34.5099983215332,34.56999969482422,34.4900016784668,34.4900016784668,161259
2021-11-15,34.83000183105469,34.97999954223633,34.75,34.75,132406
2021-11-16,34.66999816894531,34.810001373291016,34.66999816894531,34.77000045776367,158574
2021-11-17,35.099998474121094,35.119998931884766,35.060001373291016,35.060001373291016,193569
2021-11-18,34.959999084472656,35.099998474121094,34.959999084472656,35.099998474121094,84000
2021-11-19,34.97999954223633,35.02000045776367,34.959999084472656,34.959999084472656,162029
2021-11-22,34.849998474121094,34.88999938964844,34.849998474121094,34.869998931884766,44625
2021-11-23,34.31999969482422,34.5099983215332,34.2599983215332,34.5099983215332,79994
2021-11-24,33.810001373291016,33.900001525878906,33.77000045776367,33.77000045776367,251768
2021-11-25,33.91999816894531,33.91999816894531,33.81999969482422,33.81999969482422,84002
2021-11-26,33.58000183105469,33.72999954223633,33.540000915527344,33.72999954223633,276000
2021-11-29,33.47999954223633,33.56999969482422,33.45000076293945,33.5099983215332,80178
2021-11-30,33.45000076293945,33.689998626708984,33.45000076293945,33.68000030517578,116047
2021-12-01,33.58000183105469,33.58000183105469,33.29999923706055,33.45000076293945,44398
2021-12-02,32.83000183105469,32.95000076293945,32.810001373291016,32.95000076293945,684118
2021-12-03,33.04999923706055,33.060001373291016,32.900001525878906,33.0,83648
2021-12-06,32.560001373291016,32.810001373291016,32.459999084472656,32.59000015258789,404103
2021-12-07,32.779998779296875,32.779998779296875,32.650001525878906,32.70000076293945,44243
2021-12-08,33.7599983215332,33.7599983215332,33.66999816894531,33.72999954223633,257338
2021-12-09,33.779998779296875,33.880001068115234,33.779998779296875,33.880001068115234,128000
2021-12-10,33.43000030517578,33.47999954223633,33.369998931884766,33.470001220703125,45800
2021-12-13,33.560001373291016,33.619998931884766,33.54999923706055,33.619998931884766,133549
2021-12-14,33.27000045776367,33.41999816894531,33.25,33.41999816894531,164860
2021-12-15,32.95000076293945,32.95000076293945,32.880001068115234,32.90999984741211,32000
2021-12-16,33.56999969482422,33.59000015258789,33.5,33.5,169237
2021-12-17,32.68000030517578,32.79999923706055,32.56999969482422,32.779998779296875,278587
2021-12-20,32.47999954223633,32.75,32.439998626708984,32.75,432692
2021-12-21,32.70000076293945,32.709999084472656,32.47999954223633,32.5,122988
2021-12-22,33.04999923706055,33.119998931884766,33.040000915527344,33.040000915527344,70002
2021-12-23,33.36000061035156,33.400001525878906,33.34000015258789,33.380001068115234,403717
2021-12-24,33.5099983215332,33.599998474121094,33.45000076293945,33.45000076293945,90901
2021-12-27,33.59000015258789,33.650001525878906,33.529998779296875,33.529998779296875,67356
2021-12-28,33.84000015258789,33.86000061035156,33.77000045776367,33.77000045776367,359320
2021-12-29,33.790000915527344,33.84000015258789,33.75,33.84000015258789,29004
2021-12-30,33.599998474121094,33.61000061035156,33.560001373291016,33.560001373291016,18697
2022-01-03,33.58000183105469,33.70000076293945,33.54999923706055,33.65999984741211,160011
2022-01-04,33.66999816894531,33.68000030517578,33.56999969482422,33.650001525878906,96608
2022-01-05,33.20000076293945,33.25,33.20000076293945,33.25,73084
2022-01-06,32.13999938964844,32.59000015258789,32.0,32.0,867050
2022-01-07,32.31999969482422,32.43000030517578,32.29999923706055,32.43000030517578,128206
2022-01-10,32.0099983215332,32.040000915527344,31.860000610351562,31.959999084472656,175577
2022-01-11,31.68000030517578,31.760000228881836,31.6200008392334,31.760000228881836,195041
2022-01-12,32.2599983215332,32.2599983215332,32.099998474121094,32.099998474121094,607314
2022-01-13,32.22999954223633,32.47999954223633,32.20000076293945,32.40999984741211,87000
2022-01-14,31.649999618530273,31.850000381469727,31.559999465942383,31.850000381469727,448291
2022-01-17,31.40999984741211,31.540000915527344,31.3799991607666,31.540000915527344,262000
2022-01-18,31.350000381469727,31.579999923706055,31.280000686645508,31.559999465942383,403836
2022-01-19,30.84000015258789,31.270000457763672,30.84000015258789,31.270000457763672,621131
2022-01-20,30.969999313354492,31.0,30.799999237060547,30.829999923706055,77988
2022-01-21,30.309999465942383,30.75,30.25,30.719999313354492,439365
2022-01-24,30.139999389648438,30.309999465942383,30.079999923706055,30.309999465942383,104300
2022-01-25,29.56999969482422,30.0,29.450000762939453,30.0,248585
2022-01-26,29.25,29.34000015258789,29.110000610351562,29.280000686645508,278000
2022-02-07,29.809999465942383,29.829999923706055,29.56999969482422,29.56999969482422,229794
2022-02-08,29.780000686645508,30.0,29.780000686645508,30.0,232132
2022-02-09,30.239999771118164,30.239999771118164,29.989999771118164,29.989999771118164,402000
2022-02-10,30.6299991607666,30.780000686645508,30.610000610351562,30.780000686645508,80161
2022-02-11,30.049999237060547,30.25,30.030000686645508,30.18000030517578,327326
2022-02-14,29.6200008392334,29.75,29.540000915527344,29.75,415192
2022-02-15,29.25,29.420000076293945,29.239999771118164,29.290000915527344,272128
2022-02-16,29.899999618530273,29.93000030517578,29.8700008392334,29.8700008392334,143166
2022-02-17,29.780000686645508,29.93000030517578,29.68000030517578,29.93000030517578,97775
2022-02-18,29.360000610351562,29.3700008392334,29.079999923706055,29.1200008392334,89046
2022-02-21,28.850000381469727,28.8799991607666,28.65999984741211,28.799999237060547,244242
2022-02-22,28.260000228881836,28.670000076293945,28.200000762939453,28.670000076293945,410030
2022-02-23,28.510000228881836,28.719999313354492,28.40999984741211,28.420000076293945,265000
2022-02-24,27.56999969482422,28.0,27.469999313354492,28.0,347400
2022-02-25,28.399999618530273,28.520000457763672,28.360000610351562,28.43000030517578,535000
2022-03-01,29.440000534057617,29.489999771118164,29.31999969482422,29.31999969482422,266079
2022-03-02,29.110000610351562,29.110000610351562,28.940000534057617,29.110000610351562,71271
2022-03-03,29.3799991607666,29.389999389648438,29.229999542236328,29.309999465942383,41269
2022-03-04,28.700000762939453,28.780000686645508,28.5,28.6299991607666,396688
2022-03-07,27.899999618530273,27.920000076293945,27.670000076293945,27.920000076293945,263000
2022-03-08,27.459999084472656,27.690000534057617,27.299999237060547,27.579999923706055,187000
2022-03-09,27.5,27.520000457763672,27.329999923706055,27.43000030517578,295000
2022-03-10,28.149999618530273,28.31999969482422,28.100000381469727,28.31999969482422,279392
2022-03-11,27.809999465942383,27.90999984741211,27.760000228881836,27.90999984741211,87108
2022-03-14,27.65999984741211,27.799999237060547,27.510000228881836,27.799999237060547,206021
2022-03-15,27.15999984741211,27.239999771118164,27.020000457763672,27.06999969482422,178142
2022-03-16,27.719999313354492,27.719999313354492,27.5,27.5,102000
2022-03-17,28.760000228881836,28.760000228881836,28.600000381469727,28.600000381469727,273118
2022-03-18,29.059999465942383,29.06999969482422,28.889999389648438,29.049999237060547,190259
2022-03-21,29.540000915527344,29.6200008392334,29.530000686645508,29.530000686645508,132169
2022-03-22,29.540000915527344,29.600000381469727,29.510000228881836,29.510000228881836,53649
2022-03-23,30.229999542236328,30.229999542236328,29.989999771118164,29.989999771118164,398578
2022-03-24,29.899999618530273,29.920000076293945,29.799999237060547,29.860000610351562,59502
2022-03-25,30.25,30.270000457763672,30.139999389648438,30.200000762939453,502150
2022-03-28,29.780000686645508,29.829999923706055,29.709999084472656,29.75,148000
2022-03-29,30.260000228881836,30.270000457763672,30.190000534057617,30.190000534057617,82197
2022-03-30,30.8799991607666,31.030000686645508,30.8700008392334,30.899999618530273,384578
2022-03-31,30.459999084472656,30.510000228881836,30.459999084472656,30.5,74108
2022-04-01,30.010000228881836,30.059999465942383,29.979999542236328,30.030000686645508,131336
2022-04-06,29.989999771118164,29.989999771118164,29.8700008392334,29.899999618530273,121574
2022-04-07,29.059999465942383,29.149999618530273,29.020000457763672,29.149999618530273,119079
2022-04-08,29.209999084472656,29.260000228881836,29.149999618530273,29.170000076293945,78000
2022-04-11,28.739999771118164,28.959999084472656,28.700000762939453,28.959999084472656,92386
2022-04-12,28.520000457763672,28.520000457763672,28.450000762939453,28.520000457763672,117322
2022-04-13,28.65999984741211,28.690000534057617,28.549999237060547,28.690000534057617,495839
2022-04-14,29.010000228881836,29.030000686645508,28.8700008392334,28.899999618530273,133466
2022-04-15,28.469999313354492,28.65999984741211,28.450000762939453,28.65999984741211,42362
2022-04-18,28.280000686645508,28.579999923706055,28.270000457763672,28.399999618530273,119042
2022-04-19,28.329999923706055,28.3799991607666,28.299999237060547,28.31999969482422,68066
2022-04-20,28.670000076293945,28.760000228881836,28.600000381469727,28.600000381469727,136304
2022-04-21,28.700000762939453,28.700000762939453,28.6299991607666,28.6299991607666,285358
2022-04-22,28.149999618530273,28.149999618530273,28.030000686645508,28.100000381469727,367188
2022-04-25,27.5,27.549999237060547,27.420000076293945,27.549999237060547,194136
2022-04-26,27.799999237060547,27.8700008392334,27.790000915527344,27.850000381469727,161319
2022-04-27,26.940000534057617,26.969999313354492,26.850000381469727,26.920000076293945,153583
2022-04-28,27.020000457763672,27.020000457763672,26.850000381469727,26.889999389648438,115394
2022-04-29,27.43000030517578,27.520000457763672,27.290000915527344,27.31999969482422,312001
2022-05-03,27.25,27.450000762939453,27.209999084472656,27.450000762939453,164612
2022-05-04,27.25,27.31999969482422,27.239999771118164,27.31999969482422,14968
2022-05-05,27.829999923706055,27.829999923706055,27.760000228881836,27.760000228881836,53155
2022-05-06,26.829999923706055,26.8799991607666,26.65999984741211,26.719999313354492,223250
2022-05-09,26.1299991607666,26.190000534057617,26.040000915527344,26.079999923706055,40383
2022-05-10,25.31999969482422,25.31999969482422,25.030000686645508,25.31999969482422,314485
2022-05-11,25.440000534057617,25.459999084472656,25.31999969482422,25.31999969482422,86117
2022-05-12,24.6200008392334,24.860000610351562,24.59000015258789,24.780000686645508,350528
2022-05-13,25.239999771118164,25.299999237060547,25.049999237060547,25.100000381469727,230056
2022-05-16,26.1299991607666,26.3799991607666,25.969999313354492,26.260000228881836,171802
2022-05-17,25.950000762939453,26.030000686645508,25.920000076293945,26.030000686645508,108769
2022-05-18,26.299999237060547,26.329999923706055,26.239999771118164,26.299999237060547,40000
2022-05-19,25.780000686645508,25.799999237060547,25.6299991607666,25.670000076293945,139000
2022-05-20,26.239999771118164,26.280000686645508,26.149999618530273,26.170000076293945,244711
2022-05-23,26.5,26.530000686645508,26.40999984741211,26.440000534057617,168172
2022-05-24,26.079999923706055,26.25,26.079999923706055,26.25,166812
2022-05-25,25.780000686645508,25.790000915527344,25.690000534057617,25.690000534057617,115004
2022-05-26,25.790000915527344,25.989999771118164,25.770000457763672,25.959999084472656,86232
2022-05-27,26.170000076293945,26.239999771118164,26.170000076293945,26.219999313354492,52420
2022-05-30,27.25,27.25,27.049999237060547,27.100000381469727,357096
2022-05-31,27.020000457763672,27.040000915527344,26.920000076293945,26.979999542236328,175975
2022-06-01,26.770000457763672,26.81999969482422,26.739999771118164,26.81999969482422,119249
2022-06-02,26.56999969482422,26.6200008392334,26.559999465942383,26.600000381469727,320001
2022-06-06,27.149999618530273,27.170000076293945,27.0,27.1200008392334,97024
2022-06-07,26.93000030517578,27.1299991607666,26.93000030517578,27.079999923706055,149315
2022-06-08,27.290000915527344,27.3799991607666,27.260000228881836,27.290000915527344,101000
2022-06-09,27.399999618530273,27.40999984741211,27.34000015258789,27.360000610351562,80000
2022-06-10,26.790000915527344,26.829999923706055,26.760000228881836,26.799999237060547,266400
2022-06-13,25.579999923706055,25.59000015258789,25.5,25.56999969482422,216584
2022-06-14,24.950000762939453,24.989999771118164,24.790000915527344,24.850000381469727,282295
2022-06-15,24.43000030517578,24.549999237060547,24.43000030517578,24.450000762939453,321000
2022-06-16,24.850000381469727,25.110000610351562,24.81999969482422,25.040000915527344,136321
2022-06-17,24.229999542236328,24.229999542236328,24.030000686645508,24.030000686645508,121186
2022-06-20,24.25,24.329999923706055,24.18000030517578,24.270000457763672,190000
2022-06-21,24.6200008392334,24.6200008392334,24.489999771118164,24.530000686645508,208589
2022-06-22,24.450000762939453,24.559999465942383,24.399999618530273,24.549999237060547,88000
2022-06-23,24.610000610351562,24.670000076293945,24.489999771118164,24.6299991607666,48000
2022-06-24,25.309999465942383,25.329999923706055,25.040000915527344,25.040000915527344,182353
2022-06-27,25.81999969482422,25.889999389648438,25.649999618530273,25.649999618530273,514000
2022-06-28,25.600000381469727,25.700000762939453,25.520000457763672,25.700000762939453,226384
2022-06-29,25.09000015258789,25.100000381469727,25.049999237060547,25.059999465942383,76000
2022-06-30,24.700000762939453,24.860000610351562,24.700000762939453,24.860000610351562,70888
2022-07-01,24.209999084472656,24.389999389648438,24.190000534057617,24.360000610351562,420480
2022-07-04,24.450000762939453,24.5,24.399999618530273,24.459999084472656,104018
2022-07-05,24.719999313354492,24.729999542236328,24.670000076293945,24.700000762939453,126292
2022-07-06,24.920000076293945,25.040000915527344,24.899999618530273,25.020000457763672,331122
2022-07-07,25.06999969482422,25.06999969482422,24.81999969482422,24.81999969482422,151407
2022-07-08,25.59000015258789,25.639999389648438,25.43000030517578,25.600000381469727,242000
2022-07-11,25.459999084472656,25.59000015258789,25.440000534057617,25.59000015258789,162000
2022-07-12,24.84000015258789,24.8799991607666,24.809999465942383,24.8799991607666,141356
2022-07-13,24.59000015258789,24.860000610351562,24.559999465942383,24.860000610351562,67000
2022-07-14,24.459999084472656,24.489999771118164,24.3799991607666,24.399999618530273,95212
2022-07-15,24.329999923706055,24.3799991607666,24.270000457763672,24.31999969482422,60000
2022-07-18,24.969999313354492,24.969999313354492,24.790000915527344,24.81999969482422,88200
2022-07-19,24.809999465942383,24.8799991607666,24.809999465942383,24.850000381469727,54192
2022-07-20,25.65999984741211,25.719999313354492,25.559999465942383,25.56999969482422,366599
2022-07-21,26.309999465942383,26.34000015258789,26.15999984741211,26.15999984741211,91188
2022-07-22,26.610000610351562,26.670000076293945,26.579999923706055,26.579999923706055,191187
2022-07-25,26.18000030517578,26.18000030517578,26.110000610351562,26.1200008392334,373447
2022-07-26,26.0,26.0,25.84000015258789,25.84000015258789,104658
2022-07-27,25.780000686645508,25.780000686645508,25.670000076293945,25.690000534057617,142283
2022-07-28,26.239999771118164,26.260000228881836,26.190000534057617,26.190000534057617,81300
2022-07-29,26.700000762939453,26.790000915527344,26.299999237060547,26.299999237060547,183200
2022-08-01,26.989999771118164,27.0,26.829999923706055,26.8799991607666,165974
2022-08-02,27.049999237060547,27.100000381469727,27.0,27.030000686645508,41000
2022-08-03,27.219999313354492,27.270000457763672,27.170000076293945,27.18000030517578,98390
2022-08-04,27.75,27.790000915527344,27.709999084472656,27.75,132333
2022-08-05,27.90999984741211,27.950000762939453,27.8799991607666,27.899999618530273,179178
2022-08-08,27.860000610351562,27.8700008392334,27.790000915527344,27.829999923706055,100072
2022-08-09,28.030000686645508,28.030000686645508,27.93000030517578,27.979999542236328,119599
2022-08-10,27.3799991607666,27.440000534057617,27.3700008392334,27.440000534057617,30769
2022-08-11,28.229999542236328,28.25,27.950000762939453,27.950000762939453,242039
2022-08-12,28.209999084472656,28.260000228881836,28.209999084472656,28.229999542236328,140110
2022-08-15,28.559999465942383,28.600000381469727,28.31999969482422,28.31999969482422,37264
2022-08-16,28.739999771118164,28.780000686645508,28.709999084472656,28.75,58242
2022-08-17,28.6299991607666,28.6299991607666,28.59000015258789,28.600000381469727,86797
2022-08-18,28.09000015258789,28.100000381469727,28.06999969482422,28.100000381469727,59050
2022-08-19,27.950000762939453,28.09000015258789,27.950000762939453,28.079999923706055,31000
2022-08-22,27.25,27.25,27.170000076293945,27.18000030517578,31000
2022-08-23,26.559999465942383,26.65999984741211,26.559999465942383,26.649999618530273,152402
2022-08-24,26.469999313354492,26.510000228881836,26.40999984741211,26.40999984741211,145664
2022-08-25,27.0,27.0,26.920000076293945,26.920000076293945,118204
2022-08-26,27.280000686645508,27.34000015258789,27.280000686645508,27.309999465942383,39000
2022-08-29,26.270000457763672,26.299999237060547,26.139999389648438,26.139999389648438,286000
2022-08-30,26.3799991607666,26.40999984741211,26.270000457763672,26.299999237060547,59974
2022-08-31,26.3700008392334,26.3700008392334,26.290000915527344,26.290000915527344,419000
2022-09-01,25.729999542236328,26.0,25.670000076293945,26.0,215610
2022-09-02,25.469999313354492,25.5,25.420000076293945,25.459999084472656,112000
2022-09-05,25.350000381469727,25.399999618530273,25.25,25.31999969482422,202000
2022-09-06,25.469999313354492,25.59000015258789,25.469999313354492,25.489999771118164,117228
2022-09-07,25.170000076293945,25.170000076293945,25.0,25.079999923706055,145030
2022-09-08,25.600000381469727,25.610000610351562,25.510000228881836,25.510000228881836,100000
2022-09-12,26.459999084472656,26.459999084472656,26.40999984741211,26.440000534057617,246400
2022-09-13,26.81999969482422,26.84000015258789,26.780000686645508,26.84000015258789,201756
2022-09-14,25.969999313354492,26.010000228881836,25.899999618530273,25.899999618530273,358243
2022-09-15,25.950000762939453,26.0,25.93000030517578,25.959999084472656,51000
2022-09-16,25.649999618530273,25.719999313354492,25.6200008392334,25.6299991607666,51050
2022-09-19,25.329999923706055,25.420000076293945,25.280000686645508,25.360000610351562,57585
2022-09-20,25.559999465942383,25.579999923706055,25.549999237060547,25.549999237060547,14607
2022-09-21,25.260000228881836,25.260000228881836,25.200000762939453,25.209999084472656,110543
2022-09-22,25.010000228881836,25.079999923706055,24.8799991607666,25.079999923706055,308020
2022-09-23,24.520000457763672,24.559999465942383,24.450000762939453,24.540000915527344,148000
2022-09-26,24.110000610351562,24.299999237060547,24.100000381469727,24.1200008392334,142669
2022-09-27,24.020000457763672,24.040000915527344,23.989999771118164,24.040000915527344,47445
2022-09-28,23.850000381469727,24.010000228881836,23.790000915527344,24.010000228881836,186100
2022-09-29,24.350000381469727,24.399999618530273,24.290000915527344,24.350000381469727,148100
2022-09-30,23.829999923706055,23.8700008392334,23.700000762939453,23.829999923706055,250972
2022-10-03,23.700000762939453,23.84000015258789,23.600000381469727,23.68000030517578,194663
2022-10-04,24.579999923706055,24.579999923706055,24.40999984741211,24.489999771118164,111445
2022-10-05,25.09000015258789,25.149999618530273,25.059999465942383,25.149999618530273,102000
2022-10-06,25.170000076293945,25.209999084472656,25.1299991607666,25.200000762939453,24000
2022-10-07,24.940000534057617,25.020000457763672,24.93000030517578,24.940000534057617,49586
2022-10-11,23.600000381469727,23.84000015258789,23.600000381469727,23.719999313354492,170300
2022-10-12,23.440000534057617,23.5,23.350000381469727,23.399999618530273,21790
2022-10-13,23.229999542236328,23.389999389648438,23.219999313354492,23.389999389648438,151062
2022-10-14,23.84000015258789,23.8799991607666,23.600000381469727,23.600000381469727,130446
2022-10-17,23.420000076293945,23.440000534057617,23.34000015258789,23.34000015258789,266000
2022-10-18,24.239999771118164,24.34000015258789,23.889999389648438,24.06999969482422,326643
2022-10-19,24.34000015258789,24.459999084472656,24.34000015258789,24.459999084472656,36091
2022-10-20,24.0,24.059999465942383,23.799999237060547,23.860000610351562,226592
2022-10-21,23.889999389648438,23.93000030517578,23.84000015258789,23.84000015258789,283332
2022-10-24,24.489999771118164,24.520000457763672,24.360000610351562,24.399999618530273,499995
2022-10-25,24.690000534057617,24.739999771118164,24.579999923706055,24.68000030517578,86613
2022-10-26,24.969999313354492,25.149999618530273,24.969999313354492,24.979999542236328,261150
2022-10-27,25.190000534057617,25.329999923706055,25.149999618530273,25.329999923706055,227749
2022-10-28,25.049999237060547,25.18000030517578,25.0,25.1299991607666,272000
2022-10-31,25.510000228881836,25.520000457763672,25.31999969482422,25.31999969482422,73117
2022-11-01,25.489999771118164,25.489999771118164,25.399999618530273,25.469999313354492,116973
2022-11-02,25.399999618530273,25.40999984741211,25.3700008392334,25.3799991607666,59002
2022-11-03,24.700000762939453,24.700000762939453,24.559999465942383,24.579999923706055,206246
2022-11-04,24.329999923706055,24.329999923706055,24.229999542236328,24.25,243154
2022-11-07,24.420000076293945,24.440000534057617,24.229999542236328,24.229999542236328,137238
2022-11-08,24.399999618530273,24.510000228881836,24.389999389648438,24.510000228881836,132000
2022-11-09,24.690000534057617,24.760000228881836,24.610000610351562,24.700000762939453,162000
2022-11-10,24.219999313354492,24.260000228881836,24.190000534057617,24.260000228881836,250799
2022-11-11,25.65999984741211,25.809999465942383,25.510000228881836,25.809999465942383,148218
2022-11-14,26.18000030517578,26.450000762939453,26.170000076293945,26.450000762939453,217001
2022-11-15,26.229999542236328,26.229999542236328,26.06999969482422,26.100000381469727,172397
2022-11-16,26.469999313354492,26.59000015258789,26.280000686645508,26.280000686645508,194077
2022-11-17,26.049999237060547,26.079999923706055,26.0,26.0,80172
2022-11-18,25.81999969482422,25.889999389648438,25.809999465942383,25.809999465942383,79000
2022-11-21,25.65999984741211,25.700000762939453,25.65999984741211,25.670000076293945,106309
2022-11-22,25.440000534057617,25.530000686645508,25.440000534057617,25.530000686645508,31000
2022-11-23,25.520000457763672,25.530000686645508,25.469999313354492,25.530000686645508,295687
2022-11-24,25.799999237060547,25.8700008392334,25.799999237060547,25.8700008392334,112497
2022-11-25,25.780000686645508,25.809999465942383,25.760000228881836,25.809999465942383,162000
2022-11-28,25.540000915527344,25.610000610351562,25.540000915527344,25.610000610351562,94000
2022-11-29,25.450000762939453,25.469999313354492,25.399999618530273,25.40999984741211,206923
2022-11-30,25.079999923706055,25.1299991607666,25.079999923706055,25.100000381469727,237947
2022-12-01,25.649999618530273,25.799999237060547,25.579999923706055,25.799999237060547,206387
2022-12-02,25.84000015258789,25.84000015258789,25.799999237060547,25.809999465942383,44000
2022-12-05,25.850000381469727,25.950000762939453,25.84000015258789,25.950000762939453,176081
2022-12-06,25.360000610351562,25.459999084472656,25.350000381469727,25.43000030517578,115181
2022-12-07,24.940000534057617,24.959999084472656,24.860000610351562,24.90999984741211,119573
2022-12-08,24.739999771118164,24.739999771118164,24.639999389648438,24.690000534057617,108000
2022-12-09,25.209999084472656,25.239999771118164,25.079999923706055,25.15999984741211,195750
2022-12-12,25.110000610351562,25.139999389648438,25.040000915527344,25.049999237060547,66605
2022-12-13,25.399999618530273,25.450000762939453,25.3799991607666,25.440000534057617,107050
2022-12-14,25.780000686645508,25.780000686645508,25.75,25.780000686645508,97410
2022-12-15,25.670000076293945,25.670000076293945,25.600000381469727,25.6299991607666,91000
2022-12-16,25.010000228881836,25.110000610351562,25.010000228881836,25.030000686645508,104000
2022-12-19,24.770000457763672,24.809999465942383,24.75,24.760000228881836,96000
2022-12-20,24.079999923706055,24.43000030517578,24.079999923706055,24.43000030517578,464196
2022-12-21,24.290000915527344,24.329999923706055,24.219999313354492,24.31999969482422,23122
2022-12-22,24.540000915527344,24.579999923706055,24.5,24.5,43040
2022-12-23,24.020000457763672,24.06999969482422,23.93000030517578,23.950000762939453,55500
2022-12-26,24.010000228881836,24.149999618530273,24.0,24.149999618530273,29000
2022-12-27,24.079999923706055,24.110000610351562,24.049999237060547,24.049999237060547,26055
2022-12-28,23.709999084472656,23.760000228881836,23.65999984741211,23.68000030517578,69000
2022-12-29,23.559999465942383,23.56999969482422,23.549999237060547,23.56999969482422,92900
2022-12-30,24.030000686645508,24.040000915527344,23.950000762939453,23.959999084472656,156963
2023-01-03,24.170000076293945,24.229999542236328,24.059999465942383,24.100000381469727,238967
2023-01-04,24.239999771118164,24.25,24.15999984741211,24.15999984741211,107145
2023-01-05,24.469999313354492,24.479999542236328,24.3700008392334,24.43000030517578,288000
2023-01-06,24.190000534057617,24.25,24.110000610351562,24.149999618530273,102082
2023-01-09,24.3700008392334,24.3799991607666,24.309999465942383,24.3799991607666,115685
2023-01-10,24.510000228881836,24.600000381469727,24.459999084472656,24.600000381469727,134632
2023-01-11,24.809999465942383,24.81999969482422,24.75,24.780000686645508,31000
2023-01-12,25.190000534057617,25.209999084472656,25.110000610351562,25.110000610351562,255000
2023-01-13,25.25,25.450000762939453,25.229999542236328,25.360000610351562,285282
2023-01-16,25.639999389648438,25.68000030517578,25.579999923706055,25.600000381469727,77007
2023-01-17,25.459999084472656,25.520000457763672,25.459999084472656,25.520000457763672,70739
2023-01-30,26.360000610351562,26.5,26.219999313354492,26.219999313354492,156000
2023-01-31,26.100000381469727,26.360000610351562,26.09000015258789,26.360000610351562,43519
2023-02-01,26.610000610351562,26.610000610351562,26.540000915527344,26.549999237060547,85120
2023-02-02,27.270000457763672,27.299999237060547,27.100000381469727,27.100000381469727,328000
2023-02-03,27.760000228881836,27.799999237060547,27.399999618530273,27.399999618530273,353388
2023-02-06,27.639999389648438,27.760000228881836,27.639999389648438,27.729999542236328,67084
2023-02-07,27.549999237060547,27.6200008392334,27.530000686645508,27.6200008392334,70824
2023-02-08,27.739999771118164,27.75,27.649999618530273,27.700000762939453,92050
2023-02-09,27.610000610351562,27.729999542236328,27.549999237060547,27.729999542236328,130001
2023-02-10,27.149999618530273,27.450000762939453,27.1299991607666,27.450000762939453,221856
2023-02-13,26.81999969482422,26.989999771118164,26.75,26.989999771118164,203581
2023-02-14,27.15999984741211,27.239999771118164,27.1299991607666,27.239999771118164,79402
2023-02-15,27.3700008392334,27.450000762939453,27.360000610351562,27.3700008392334,73000
2023-02-16,27.950000762939453,27.959999084472656,27.850000381469727,27.850000381469727,253274
2023-02-17,27.559999465942383,27.780000686645508,27.549999237060547,27.780000686645508,171815
2023-02-20,27.520000457763672,27.520000457763672,27.459999084472656,27.469999313354492,111000
2023-02-21,27.360000610351562,27.459999084472656,27.34000015258789,27.459999084472656,46961
2023-02-22,26.93000030517578,27.0,26.8799991607666,27.0,75298
2023-02-23,27.15999984741211,27.260000228881836,27.149999618530273,27.149999618530273,79550
2023-02-24,27.139999389648438,27.31999969482422,27.09000015258789,27.31999969482422,61330
2023-03-01,27.309999465942383,27.309999465942383,27.139999389648438,27.200000762939453,47145
2023-03-02,26.969999313354492,27.299999237060547,26.93000030517578,27.299999237060547,106080
2023-03-03,27.360000610351562,27.3700008392334,27.280000686645508,27.280000686645508,75294
2023-03-06,28.079999923706055,28.139999389648438,27.899999618530273,27.899999618530273,315765
2023-03-07,28.149999618530273,28.209999084472656,27.770000457763672,27.770000457763672,170307
2023-03-08,27.770000457763672,27.799999237060547,27.719999313354492,27.799999237060547,146614
2023-03-09,27.850000381469727,27.920000076293945,27.799999237060547,27.799999237060547,133000
2023-03-10,27.25,27.34000015258789,27.190000534057617,27.34000015258789,186903
2023-03-13,27.239999771118164,27.309999465942383,27.100000381469727,27.25,315000
2023-03-14,26.6299991607666,26.920000076293945,26.6299991607666,26.920000076293945,535224
2023-03-15,26.8700008392334,26.899999618530273,26.799999237060547,26.799999237060547,79000
2023-03-16,26.770000457763672,27.1200008392334,26.729999542236328,26.799999237060547,42860
2023-03-17,27.079999923706055,27.110000610351562,27.030000686645508,27.110000610351562,78680
2023-03-20,26.84000015258789,27.420000076293945,26.770000457763672,27.420000076293945,226214
2023-03-21,26.81999969482422,26.950000762939453,26.799999237060547,26.950000762939453,30891
2023-03-22,27.219999313354492,27.219999313354492,27.170000076293945,27.170000076293945,45294
2023-03-23,26.8700008392334,27.049999237060547,26.799999237060547,27.049999237060547,80580
2023-03-24,27.020000457763672,27.040000915527344,26.979999542236328,26.979999542236328,169586
2023-03-27,26.93000030517578,27.079999923706055,26.889999389648438,27.0,96100
2023-03-28,26.809999465942383,26.950000762939453,26.809999465942383,26.950000762939453,86969
2023-03-29,26.889999389648438,26.899999618530273,26.860000610351562,26.899999618530273,18832
2023-03-30,27.149999618530273,27.170000076293945,27.079999923706055,27.079999923706055,35593
2023-03-31,27.520000457763672,27.540000915527344,27.5,27.5,237000
2023-04-06,27.209999084472656,27.3700008392334,27.18000030517578,27.3700008392334,107294
2023-04-07,27.290000915527344,27.309999465942383,27.290000915527344,27.309999465942383,53251
2023-04-10,27.270000457763672,27.290000915527344,27.229999542236328,27.270000457763672,24000
2023-04-11,27.420000076293945,27.459999084472656,27.420000076293945,27.440000534057617,31653
2023-04-12,27.5,27.520000457763672,27.399999618530273,27.399999618530273,77001
2023-04-13,27.3799991607666,27.389999389648438,27.290000915527344,27.389999389648438,121000
2023-04-14,27.65999984741211,27.690000534057617,27.6299991607666,27.6299991607666,56446
2023-04-17,27.68000030517578,27.719999313354492,27.65999984741211,27.690000534057617,28072
2023-04-18,27.68000030517578,27.700000762939453,27.649999618530273,27.68000030517578,25726
2023-04-19,27.709999084472656,27.709999084472656,27.670000076293945,27.68000030517578,68088
2023-04-20,27.530000686645508,27.6299991607666,27.530000686645508,27.6299991607666,28774
2023-04-21,27.40999984741211,27.43000030517578,27.399999618530273,27.40999984741211,150217
2023-04-24,27.350000381469727,27.530000686645508,27.350000381469727,27.510000228881836,17000
2023-04-25,27.200000762939453,27.260000228881836,27.149999618530273,27.149999618530273,44538
2023-04-26,26.989999771118164,27.1200008392334,26.969999313354492,27.1200008392334,406004
2023-04-27,26.81999969482422,26.8799991607666,26.809999465942383,26.8799991607666,264512
2023-04-28,26.950000762939453,27.149999618530273,26.940000534057617,27.149999618530273,55000
2023-05-02,27.229999542236328,27.239999771118164,27.139999389648438,27.18000030517578,76831
2023-05-03,26.989999771118164,27.09000015258789,26.959999084472656,27.030000686645508,150855
2023-05-04,26.940000534057617,26.959999084472656,26.850000381469727,26.850000381469727,64893
2023-05-05,26.829999923706055,26.860000610351562,26.809999465942383,26.860000610351562,267000
2023-05-08,27.149999618530273,27.15999984741211,27.110000610351562,27.110000610351562,83183
2023-05-09,27.25,27.270000457763672,27.170000076293945,27.229999542236328,100073
2023-05-10,27.229999542236328,27.239999771118164,27.219999313354492,27.229999542236328,23763
2023-05-11,27.56999969482422,27.56999969482422,27.549999237060547,27.549999237060547,78000
2023-05-12,27.479999542236328,27.5,27.479999542236328,27.489999771118164,53102
2023-05-15,27.31999969482422,27.31999969482422,27.229999542236328,27.260000228881836,63500
2023-05-16,27.59000015258789,27.690000534057617,27.59000015258789,27.690000534057617,67144
2023-05-17,27.600000381469727,27.6200008392334,27.600000381469727,27.6200008392334,97145
2023-05-18,27.989999771118164,28.010000228881836,27.700000762939453,27.700000762939453,102100
2023-05-19,28.489999771118164,28.56999969482422,28.450000762939453,28.479999542236328,294803
2023-05-22,28.450000762939453,28.520000457763672,28.309999465942383,28.520000457763672,106945
2023-05-23,28.739999771118164,28.81999969482422,28.610000610351562,28.6200008392334,391500
2023-05-24,28.510000228881836,28.600000381469727,28.479999542236328,28.600000381469727,77379
2023-05-25,28.489999771118164,28.5,28.43000030517578,28.43000030517578,83002
2023-05-26,28.600000381469727,28.719999313354492,28.530000686645508,28.600000381469727,178067
2023-05-29,29.239999771118164,29.290000915527344,28.950000762939453,28.950000762939453,382271
2023-05-30,29.170000076293945,29.239999771118164,29.110000610351562,29.239999771118164,194377
2023-05-31,29.520000457763672,29.549999237060547,29.420000076293945,29.420000076293945,500008
2023-06-01,29.270000457763672,29.3799991607666,29.239999771118164,29.3799991607666,159101
2023-06-02,29.579999923706055,29.59000015258789,29.440000534057617,29.440000534057617,186036
2023-06-05,29.829999923706055,29.950000762939453,29.790000915527344,29.790000915527344,203100
2023-06-06,30.010000228881836,30.030000686645508,29.8700008392334,29.8700008392334,274868
2023-06-07,30.260000228881836,30.299999237060547,30.139999389648438,30.139999389648438,234712
2023-06-08,29.829999923706055,30.100000381469727,29.81999969482422,30.100000381469727,66000
2023-06-09,30.059999465942383,30.100000381469727,29.950000762939453,30.100000381469727,110010
2023-06-12,30.209999084472656,30.239999771118164,30.1200008392334,30.1200008392334,83437
2023-06-13,30.739999771118164,30.799999237060547,30.600000381469727,30.600000381469727,177559
2023-06-14,31.170000076293945,31.200000762939453,30.93000030517578,30.93000030517578,171134
2023-06-15,31.270000457763672,31.270000457763672,31.18000030517578,31.18000030517578,208357
2023-06-16,31.389999389648438,31.5,31.270000457763672,31.270000457763672,171000
2023-06-19,31.350000381469727,31.530000686645508,31.350000381469727,31.389999389648438,571856
2023-06-20,31.200000762939453,31.350000381469727,31.200000762939453,31.350000381469727,166612
2023-06-21,31.040000915527344,31.219999313354492,30.959999084472656,31.219999313354492,94300
2023-06-26,30.489999771118164,30.65999984741211,30.25,30.6299991607666,237036
2023-06-27,29.959999084472656,30.1299991607666,29.950000762939453,30.1299991607666,58826
2023-06-28,30.290000915527344,30.290000915527344,30.170000076293945,30.219999313354492,163035
2023-06-29,30.600000381469727,30.75,30.350000381469727,30.350000381469727,255849
2023-06-30,30.729999542236328,30.729999542236328,30.6200008392334,30.6200008392334,200422
2023-07-03,31.170000076293945,31.200000762939453,31.0,31.0,213637
2023-07-04,31.1200008392334,31.239999771118164,31.110000610351562,31.170000076293945,106980
2023-07-05,31.110000610351562,31.1200008392334,31.06999969482422,31.110000610351562,56224
2023-07-06,30.969999313354492,31.110000610351562,30.93000030517578,31.110000610351562,182399
2023-07-07,30.59000015258789,30.799999237060547,30.510000228881836,30.799999237060547,533825
2023-07-10,30.739999771118164,30.760000228881836,30.600000381469727,30.600000381469727,140000
2023-07-11,31.299999237060547,31.31999969482422,31.049999237060547,31.049999237060547,155715
2023-07-12,31.43000030517578,31.450000762939453,31.399999618530273,31.399999618530273,179000
2023-07-13,31.68000030517578,31.75,31.6299991607666,31.709999084472656,475672
2023-07-14,31.770000457763672,31.84000015258789,31.770000457763672,31.809999465942383,105682
2023-07-17,31.520000457763672,31.600000381469727,31.420000076293945,31.600000381469727,115063
2023-07-18,31.760000228881836,31.8799991607666,31.739999771118164,31.809999465942383,250693
2023-07-19,31.979999542236328,32.0,31.8700008392334,31.8700008392334,386827
2023-07-20,32.09000015258789,32.16999816894531,32.09000015258789,32.16999816894531,118148
2023-07-21,31.540000915527344,31.59000015258789,31.5,31.530000686645508,269000
2023-07-24,31.760000228881836,31.940000534057617,31.6200008392334,31.65999984741211,250000
2023-07-25,31.719999313354492,31.760000228881836,31.719999313354492,31.760000228881836,172845
2023-07-26,31.790000915527344,31.81999969482422,31.729999542236328,31.75,109501
2023-07-27,31.950000762939453,31.959999084472656,31.829999923706055,31.959999084472656,68621
2023-07-28,31.799999237060547,31.850000381469727,31.700000762939453,31.790000915527344,125000
2023-07-31,31.780000686645508,31.8700008392334,31.75,31.8700008392334,44858
2023-08-01,32.130001068115234,32.150001525878906,31.850000381469727,31.850000381469727,136769
2023-08-02,31.93000030517578,32.130001068115234,31.8799991607666,32.130001068115234,87000
2023-08-04,31.049999237060547,31.360000610351562,31.020000457763672,31.360000610351562,333126
2023-08-07,31.149999618530273,31.270000457763672,31.100000381469727,31.15999984741211,44617
2023-08-08,31.059999465942383,31.100000381469727,31.059999465942383,31.09000015258789,18536
2023-08-09,30.75,30.829999923706055,30.729999542236328,30.829999923706055,123076
2023-08-10,30.399999618530273,30.489999771118164,30.389999389648438,30.489999771118164,72692
2023-08-11,30.350000381469727,30.399999618530273,30.309999465942383,30.399999618530273,78021
2023-08-14,30.149999618530273,30.299999237060547,30.0,30.200000762939453,97024
2023-08-15,30.25,30.399999618530273,30.229999542236328,30.239999771118164,114230
2023-08-16,29.850000381469727,30.010000228881836,29.829999923706055,30.010000228881836,68368
2023-08-17,29.440000534057617,29.5,29.350000381469727,29.5,63499
2023-08-18,28.989999771118164,29.059999465942383,28.959999084472656,29.030000686645508,171083
2023-08-21,29.0,29.1299991607666,29.0,29.1299991607666,37000
2023-08-22,29.229999542236328,29.25,29.15999984741211,29.15999984741211,259702
2023-08-23,29.389999389648438,29.459999084472656,29.239999771118164,29.239999771118164,295105
2023-08-24,29.799999237060547,30.149999618530273,29.739999771118164,29.799999237060547,45040
2023-08-25,29.059999465942383,29.09000015258789,29.030000686645508,29.09000015258789,47157
2023-08-28,29.309999465942383,29.479999542236328,29.290000915527344,29.399999618530273,39000
2023-08-29,29.559999465942383,29.559999465942383,29.5,29.520000457763672,235360
2023-08-30,29.93000030517578,29.959999084472656,29.920000076293945,29.920000076293945,255498
2023-08-31,30.059999465942383,30.079999923706055,30.040000915527344,30.040000915527344,176102
2023-09-01,30.219999313354492,30.360000610351562,30.100000381469727,30.100000381469727,57132
2023-09-04,30.3799991607666,30.40999984741211,30.3799991607666,30.40999984741211,41600
2023-09-05,30.260000228881836,30.3700008392334,30.25,30.309999465942383,144231
2023-09-06,30.200000762939453,30.290000915527344,30.200000762939453,30.260000228881836,67000
2023-09-07,30.18000030517578,30.18000030517578,30.110000610351562,30.110000610351562,20025
2023-09-08,29.90999984741211,29.90999984741211,29.8799991607666,29.8799991607666,24000
2023-09-11,29.829999923706055,29.899999618530273,29.760000228881836,29.899999618530273,114073
2023-09-12,29.829999923706055,29.860000610351562,29.799999237060547,29.81999969482422,11692
2023-09-13,29.610000610351562,29.709999084472656,29.600000381469727,29.6299991607666,146141
2023-09-14,29.530000686645508,29.6200008392334,29.520000457763672,29.549999237060547,177847
2023-09-15,29.600000381469727,29.600000381469727,29.5,29.5,34000
2023-09-18,29.469999313354492,29.5,29.40999984741211,29.5,402000
2023-09-19,29.360000610351562,29.489999771118164,29.360000610351562,29.469999313354492,31685
2023-09-20,29.200000762939453,29.299999237060547,29.170000076293945,29.299999237060547,36468
2023-09-21,28.829999923706055,28.950000762939453,28.799999237060547,28.950000762939453,82098
2023-09-22,28.6299991607666,28.6299991607666,28.3700008392334,28.559999465942383,28080
2023-09-25,28.56999969482422,28.59000015258789,28.540000915527344,28.549999237060547,108017
2023-09-26,28.440000534057617,28.510000228881836,28.360000610351562,28.510000228881836,37331
2023-09-27,28.170000076293945,28.209999084472656,28.110000610351562,28.200000762939453,25359
2023-09-28,28.389999389648438,28.420000076293945,28.299999237060547,28.420000076293945,755000
2023-10-02,28.760000228881836,28.799999237060547,28.649999618530273,28.649999618530273,31200
2023-10-03,28.520000457763672,28.65999984741211,28.520000457763672,28.65999984741211,28969
2023-10-04,27.940000534057617,28.049999237060547,27.93000030517578,28.0,249000
2023-10-05,28.030000686645508,28.059999465942383,28.0,28.040000915527344,427000
2023-10-06,27.81999969482422,27.90999984741211,27.81999969482422,27.90999984741211,117000
2023-10-11,28.489999771118164,28.6200008392334,28.440000534057617,28.450000762939453,82512
2023-10-12,28.549999237060547,28.549999237060547,28.510000228881836,28.549999237060547,19638
2023-10-13,28.229999542236328,28.31999969482422,28.219999313354492,28.309999465942383,75096
2023-10-16,27.93000030517578,28.110000610351562,27.920000076293945,27.979999542236328,235004
2023-10-17,27.979999542236328,28.149999618530273,27.979999542236328,28.149999618530273,63487
2023-10-18,28.100000381469727,28.18000030517578,28.059999465942383,28.149999618530273,122071
2023-10-19,27.56999969482422,27.75,27.549999237060547,27.75,150227
2023-10-20,27.299999237060547,27.309999465942383,27.190000534057617,27.299999237060547,102066
2023-10-23,26.959999084472656,27.059999465942383,26.950000762939453,27.059999465942383,142220
2023-10-24,26.829999923706055,26.829999923706055,26.739999771118164,26.829999923706055,56246
2023-10-25,26.989999771118164,27.0,26.8700008392334,26.8700008392334,89001
2023-10-26,26.270000457763672,26.40999984741211,26.229999542236328,26.40999984741211,175185
2023-10-27,26.420000076293945,26.440000534057617,26.31999969482422,26.31999969482422,62232
2023-10-30,26.299999237060547,26.31999969482422,26.229999542236328,26.229999542236328,154000
2023-10-31,26.020000457763672,26.299999237060547,26.0,26.299999237060547,61928
2023-11-01,26.350000381469727,26.350000381469727,26.1200008392334,26.1200008392334,151000
2023-11-02,26.670000076293945,26.670000076293945,26.559999465942383,26.56999969482422,283002
2023-11-03,27.15999984741211,27.209999084472656,27.079999923706055,27.110000610351562,355468
2023-11-06,27.729999542236328,27.729999542236328,27.610000610351562,27.610000610351562,37119
2023-11-07,27.709999084472656,27.709999084472656,27.65999984741211,27.670000076293945,173518
2023-11-08,27.75,27.799999237060547,27.729999542236328,27.739999771118164,32000
2023-11-09,27.739999771118164,27.760000228881836,27.709999084472656,27.719999313354492,17000
2023-11-10,27.559999465942383,27.579999923706055,27.530000686645508,27.540000915527344,45481
2023-11-13,27.8799991607666,27.8799991607666,27.75,27.75,498500
2023-11-14,27.8700008392334,27.899999618530273,27.829999923706055,27.899999618530273,35725
2023-11-15,28.739999771118164,28.93000030517578,28.600000381469727,28.600000381469727,361000
2023-11-16,28.68000030517578,28.829999923706055,28.649999618530273,28.829999923706055,130000
2023-11-17,28.520000457763672,28.540000915527344,28.479999542236328,28.5,65757
2023-11-20,28.549999237060547,28.670000076293945,28.520000457763672,28.670000076293945,42000
2023-11-21,28.770000457763672,28.809999465942383,28.760000228881836,28.809999465942383,48492
2023-11-22,28.540000915527344,28.559999465942383,28.479999542236328,28.489999771118164,183200
2023-11-23,28.700000762939453,28.8799991607666,28.690000534057617,28.8799991607666,202453
2023-11-24,28.690000534057617,28.719999313354492,28.690000534057617,28.719999313354492,74312
2023-11-27,28.790000915527344,28.93000030517578,28.760000228881836,28.93000030517578,34061
2023-11-28,28.670000076293945,28.739999771118164,28.649999618530273,28.739999771118164,73636
2023-11-29,28.68000030517578,28.81999969482422,28.670000076293945,28.81999969482422,65000
2023-11-30,29.0,29.0,28.920000076293945,28.920000076293945,63447
2023-12-01,29.030000686645508,29.059999465942383,28.959999084472656,28.959999084472656,259022
2023-12-04,29.3700008392334,29.450000762939453,29.350000381469727,29.450000762939453,108870
2023-12-05,29.290000915527344,29.350000381469727,29.219999313354492,29.290000915527344,116000
2023-12-06,29.440000534057617,29.489999771118164,29.360000610351562,29.399999618530273,113825
2023-12-07,29.329999923706055,29.360000610351562,29.25,29.299999237060547,26000
2023-12-08,29.280000686645508,29.329999923706055,29.260000228881836,29.329999923706055,115170
2023-12-11,29.649999618530273,29.649999618530273,29.510000228881836,29.520000457763672,184134
2023-12-12,29.8799991607666,29.899999618530273,29.790000915527344,29.790000915527344,158000
2023-12-13,30.0,30.010000228881836,29.889999389648438,29.889999389648438,100735
2023-12-14,30.469999313354492,30.56999969482422,30.389999389648438,30.389999389648438,279000
2023-12-15,30.790000915527344,30.829999923706055,30.6299991607666,30.6299991607666,259370
2023-12-18,30.979999542236328,31.06999969482422,30.829999923706055,30.829999923706055,51003
2023-12-19,30.860000610351562,30.950000762939453,30.850000381469727,30.940000534057617,134280
2023-12-20,31.280000686645508,31.299999237060547,31.270000457763672,31.270000457763672,245134
2023-12-21,30.8799991607666,30.979999542236328,30.850000381469727,30.8700008392334,130096
2023-12-22,30.790000915527344,30.8700008392334,30.790000915527344,30.8700008392334,246000
2023-12-25,30.969999313354492,31.229999542236328,30.81999969482422,31.229999542236328,67951
2023-12-26,30.899999618530273,31.0,30.8799991607666,31.0,186014
2023-12-27,30.959999084472656,31.030000686645508,30.940000534057617,31.030000686645508,414010
2023-12-28,30.959999084472656,31.0,30.93000030517578,31.0,308000
2023-12-29,30.899999618530273,30.959999084472656,30.84000015258789,30.959999084472656,165000
2024-01-02,30.709999084472656,30.709999084472656,30.579999923706055,30.600000381469727,214000
2024-01-03,30.1200008392334,30.229999542236328,30.059999465942383,30.229999542236328,139350
2024-01-04,29.489999771118164,29.56999969482422,29.489999771118164,29.56999969482422,176000
2024-01-05,29.239999771118164,29.309999465942383,29.219999313354492,29.260000228881836,42017
2024-01-08,29.1299991607666,29.270000457763672,29.09000015258789,29.270000457763672,69450
2024-01-09,29.709999084472656,29.709999084472656,29.549999237060547,29.610000610351562,313134
2024-01-10,29.780000686645508,29.84000015258789,29.729999542236328,29.739999771118164,24000
2024-01-11,30.06999969482422,30.1200008392334,30.0,30.0,426000
2024-01-12,30.0,30.020000457763672,29.940000534057617,29.959999084472656,48000
2024-01-15,30.0,30.0,30.0,30.0,0
2024-01-16,30.0,30.040000915527344,29.989999771118164,30.010000228881836,66033
2024-01-17,29.889999389648438,29.989999771118164,29.860000610351562,29.899999618530273,59033
2024-01-18,29.68000030517578,29.799999237060547,29.639999389648438,29.799999237060547,68150
2024-01-19,29.889999389648438,29.920000076293945,29.860000610351562,29.920000076293945,53081
2024-01-22,30.200000762939453,30.25,30.1299991607666,30.18000030517578,140547
2024-01-23,30.579999923706055,30.59000015258789,30.559999465942383,30.59000015258789,146859
2024-01-24,30.739999771118164,30.739999771118164,30.700000762939453,30.719999313354492,93000
2024-01-25,30.56999969482422,30.719999313354492,30.5,30.719999313354492,72008
2024-01-26,30.399999618530273,30.489999771118164,30.399999618530273,30.40999984741211,41000
2024-01-29,30.399999618530273,30.399999618530273,30.329999923706055,30.360000610351562,111001
2024-01-30,30.729999542236328,30.799999237060547,30.670000076293945,30.799999237060547,138000
2024-01-31,30.40999984741211,30.43000030517578,30.329999923706055,30.399999618530273,222122
2024-02-01,30.219999313354492,30.219999313354492,30.110000610351562,30.110000610351562,115062
2024-02-02,30.299999237060547,30.299999237060547,30.209999084472656,30.209999084472656,18359
2024-02-05,30.299999237060547,30.450000762939453,30.290000915527344,30.450000762939453,97914
2024-02-15,31.0,31.25,30.389999389648438,30.389999389648438,370219
2024-02-16,31.329999923706055,31.329999923706055,31.260000228881836,31.260000228881836,228221
2024-02-19,31.190000534057617,31.329999923706055,31.149999618530273,31.329999923706055,58235
2024-02-20,31.149999618530273,31.149999618530273,31.06999969482422,31.079999923706055,180100
2024-02-21,30.829999923706055,31.0,30.799999237060547,31.0,32000
2024-02-22,30.90999984741211,30.920000076293945,30.829999923706055,30.829999923706055,70150
2024-02-23,31.049999237060547,31.06999969482422,30.989999771118164,31.0,452852
2024-02-26,30.889999389648438,30.969999313354492,30.889999389648438,30.969999313354492,84500
2024-02-27,31.200000762939453,31.299999237060547,31.190000534057617,31.280000686645508,94000
2024-02-29,31.399999618530273,31.40999984741211,31.299999237060547,31.299999237060547,102000
2024-03-01,31.610000610351562,31.610000610351562,31.469999313354492,31.469999313354492,461132
2024-03-04,31.579999923706055,31.950000762939453,31.459999084472656,31.8799991607666,3915095
2024-03-05,31.59000015258789,31.639999389648438,31.56999969482422,31.579999923706055,250270
2024-03-06,31.389999389648438,31.389999389648438,31.31999969482422,31.350000381469727,155000
2024-03-07,31.549999237060547,31.559999465942383,31.489999771118164,31.540000915527344,193290
2024-03-08,31.700000762939453,31.799999237060547,31.690000534057617,31.75,147017
2024-03-11,31.520000457763672,31.649999618530273,31.520000457763672,31.649999618530273,58042
2024-03-12,31.350000381469727,31.360000610351562,31.299999237060547,31.299999237060547,251104
2024-03-13,31.420000076293945,31.479999542236328,31.399999618530273,31.479999542236328,89020
2024-03-14,31.200000762939453,31.290000915527344,31.200000762939453,31.290000915527344,60000
2024-03-15,30.81999969482422,30.8799991607666,30.739999771118164,30.8799991607666,51079
2024-03-18,30.530000686645508,30.579999923706055,30.5,30.520000457763672,108000
2024-03-19,30.790000915527344,30.799999237060547,30.59000015258789,30.59000015258789,32103
2024-03-20,30.809999465942383,30.829999923706055,30.770000457763672,30.790000915527344,84019
2024-03-21,31.700000762939453,31.739999771118164,31.299999237060547,31.459999084472656,434216
2024-03-22,31.639999389648438,32.0,31.6299991607666,32.0,313050
2024-03-25,31.459999084472656,31.559999465942383,31.450000762939453,31.479999542236328,83173
2024-03-26,31.3799991607666,31.469999313354492,31.3700008392334,31.459999084472656,196100
2024-03-27,31.450000762939453,31.450000762939453,31.3799991607666,31.3799991607666,130000
2024-03-28,31.489999771118164,31.6200008392334,31.43000030517578,31.549999237060547,1614000
2024-03-29,31.579999923706055,31.579999923706055,31.489999771118164,31.489999771118164,9000
2024-04-01,31.709999084472656,31.729999542236328,31.670000076293945,31.670000076293945,35016
2024-04-02,31.389999389648438,31.510000228881836,31.34000015258789,31.510000228881836,1354000
2024-04-03,31.100000381469727,31.329999923706055,31.079999923706055,31.329999923706055,121779
2024-04-08,30.950000762939453,31.100000381469727,30.889999389648438,31.100000381469727,346472
2024-04-09,31.030000686645508,31.030000686645508,31.0,31.0,138160
2024-04-10,31.239999771118164,31.299999237060547,31.200000762939453,31.270000457763672,135655
2024-04-11,30.93000030517578,31.030000686645508,30.860000610351562,31.030000686645508,156000
2024-04-12,31.1299991607666,31.15999984741211,30.979999542236328,30.979999542236328,206090
2024-04-15,30.709999084472656,30.799999237060547,30.65999984741211,30.799999237060547,342067
2024-04-16,29.979999542236328,30.100000381469727,29.799999237060547,30.100000381469727,243196
2024-04-17,29.799999237060547,29.84000015258789,29.700000762939453,29.829999923706055,231000
2024-04-18,29.489999771118164,29.700000762939453,29.459999084472656,29.65999984741211,90000
2024-04-19,29.1200008392334,29.450000762939453,29.0,29.450000762939453,118000
2024-04-22,29.290000915527344,29.290000915527344,29.09000015258789,29.110000610351562,253056
2024-04-23,29.40999984741211,29.450000762939453,29.389999389648438,29.40999984741211,89000
2024-04-24,30.010000228881836,30.010000228881836,29.940000534057617,29.950000762939453,19020
2024-04-25,29.8799991607666,30.020000457763672,29.81999969482422,29.979999542236328,343000
2024-04-26,29.889999389648438,29.920000076293945,29.829999923706055,29.920000076293945,60100
2024-04-29,30.3799991607666,30.3799991607666,30.290000915527344,30.309999465942383,155065
2024-04-30,30.360000610351562,30.40999984741211,30.360000610351562,30.3799991607666,131000
2024-05-02,30.15999984741211,30.15999984741211,30.0,30.0,339150
2024-05-03,30.149999618530273,30.15999984741211,30.100000381469727,30.15999984741211,62000
2024-05-06,30.440000534057617,30.440000534057617,30.31999969482422,30.31999969482422,20330
2024-05-07,30.770000457763672,30.780000686645508,30.670000076293945,30.670000076293945,65188
2024-05-08,30.65999984741211,30.75,30.639999389648438,30.75,173071
2024-05-09,30.649999618530273,30.65999984741211,30.600000381469727,30.600000381469727,71065
2024-05-10,30.709999084472656,30.719999313354492,30.68000030517578,30.719999313354492,40348
2024-05-13,30.649999618530273,30.709999084472656,30.600000381469727,30.709999084472656,45173
2024-05-14,30.809999465942383,30.81999969482422,30.649999618530273,30.649999618530273,155387
2024-05-15,30.989999771118164,31.100000381469727,30.8700008392334,30.8700008392334,45000
2024-05-16,31.209999084472656,31.299999237060547,31.200000762939453,31.25,51000
2024-05-17,31.049999237060547,31.1200008392334,31.0,31.1200008392334,32096
2024-05-20,31.020000457763672,31.200000762939453,30.959999084472656,31.200000762939453,30000
2024-05-21,31.09000015258789,31.1200008392334,31.06999969482422,31.1200008392334,21000
2024-05-22,30.8700008392334,30.950000762939453,30.860000610351562,30.899999618530273,257000
2024-05-23,30.959999084472656,31.0,30.899999618530273,31.0,117552
2024-05-24,30.729999542236328,30.760000228881836,30.729999542236328,30.729999542236328,53045
2024-05-27,30.65999984741211,31.1299991607666,30.59000015258789,31.1299991607666,201000
2024-05-28,30.670000076293945,30.729999542236328,30.65999984741211,30.65999984741211,66142
2024-05-29,30.670000076293945,30.690000534057617,30.639999389648438,30.690000534057617,93000
2024-05-30,30.25,30.34000015258789,30.219999313354492,30.260000228881836,251000
2024-05-31,30.209999084472656,30.260000228881836,30.200000762939453,30.260000228881836,88000
2024-06-03,30.3799991607666,30.399999618530273,30.329999923706055,30.399999618530273,72737
2024-06-04,30.3799991607666,30.399999618530273,30.34000015258789,30.389999389648438,86035
2024-06-05,30.280000686645508,30.329999923706055,30.219999313354492,30.329999923706055,65000
2024-06-06,30.579999923706055,30.649999618530273,30.559999465942383,30.600000381469727,250000
2024-06-07,30.690000534057617,30.709999084472656,30.600000381469727,30.600000381469727,235727
2024-06-11,30.540000915527344,30.65999984741211,30.5,30.65999984741211,78000
2024-06-12,30.530000686645508,30.579999923706055,30.510000228881836,30.549999237060547,47000
2024-06-13,30.700000762939453,30.709999084472656,30.600000381469727,30.600000381469727,72571
2024-06-14,30.530000686645508,30.600000381469727,30.520000457763672,30.600000381469727,40000
2024-06-17,30.149999618530273,30.25,30.1299991607666,30.25,844005
2024-06-18,30.299999237060547,30.299999237060547,30.15999984741211,30.15999984741211,110000
2024-06-19,30.329999923706055,30.389999389648438,30.299999237060547,30.299999237060547,210163
2024-06-20,30.440000534057617,30.440000534057617,30.389999389648438,30.399999618530273,135100
2024-06-21,30.260000228881836,30.299999237060547,30.229999542236328,30.299999237060547,70000
2024-06-24,30.139999389648438,30.5,30.100000381469727,30.5,449020
2024-06-25,30.1299991607666,30.1299991607666,30.049999237060547,30.06999969482422,54000
2024-06-26,30.06999969482422,30.100000381469727,30.030000686645508,30.100000381469727,119020
2024-06-27,30.100000381469727,30.110000610351562,30.049999237060547,30.049999237060547,94000
2024-06-28,30.43000030517578,30.5,30.43000030517578,30.469999313354492,60000
2024-07-01,30.479999542236328,30.489999771118164,30.459999084472656,30.459999084472656,105328
2024-07-02,30.280000686645508,30.299999237060547,30.219999313354492,30.260000228881836,73029
2024-07-03,30.520000457763672,30.520000457763672,30.280000686645508,30.280000686645508,392131
2024-07-04,30.6299991607666,30.700000762939453,30.600000381469727,30.600000381469727,74060
2024-07-05,30.600000381469727,30.6299991607666,30.59000015258789,30.6299991607666,60014
2024-07-08,30.8799991607666,30.959999084472656,30.799999237060547,30.799999237060547,86309
2024-07-09,31.149999618530273,31.170000076293945,31.049999237060547,31.049999237060547,249643
2024-07-10,30.84000015258789,30.90999984741211,30.829999923706055,30.90999984741211,56000
2024-07-11,31.1200008392334,31.15999984741211,31.1200008392334,31.1299991607666,67000
2024-07-12,31.360000610351562,31.389999389648438,31.209999084472656,31.209999084472656,290000
2024-07-15,31.780000686645508,31.790000915527344,31.670000076293945,31.670000076293945,118129
2024-07-16,31.889999389648438,31.93000030517578,31.84000015258789,31.84000015258789,69048
2024-07-17,32.22999954223633,32.22999954223633,32.16999816894531,32.16999816894531,110045
2024-07-18,31.68000030517578,31.719999313354492,31.469999313354492,31.719999313354492,122163
2024-07-19,31.209999084472656,31.3799991607666,31.209999084472656,31.3799991607666,48287
2024-07-22,31.059999465942383,31.06999969482422,30.959999084472656,30.989999771118164,100000
2024-07-23,31.3799991607666,31.450000762939453,31.31999969482422,31.31999969482422,127095
2024-07-26,30.739999771118164,31.1299991607666,30.68000030517578,31.1299991607666,49577
2024-07-29,31.010000228881836,31.059999465942383,30.969999313354492,30.969999313354492,281100
2024-07-30,30.65999984741211,30.75,30.6299991607666,30.75,271000
2024-07-31,30.59000015258789,30.610000610351562,30.510000228881836,30.530000686645508,389500
2024-08-01,31.020000457763672,31.020000457763672,30.899999618530273,30.899999618530273,44128
2024-08-02,29.43000030517578,29.68000030517578,29.40999984741211,29.59000015258789,541046
2024-08-05,27.84000015258789,28.579999923706055,27.84000015258789,28.579999923706055,121047
2024-08-06,28.049999237060547,28.440000534057617,27.969999313354492,28.0,474059
2024-08-07,28.40999984741211,28.40999984741211,28.1200008392334,28.1299991607666,53260
2024-08-08,27.959999084472656,28.079999923706055,27.75,27.75,331000
2024-08-09,28.56999969482422,28.68000030517578,28.5,28.5,271000
2024-08-12,28.709999084472656,28.709999084472656,28.520000457763672,28.520000457763672,133000
2024-08-13,28.5,28.65999984741211,28.5,28.65999984741211,55699
2024-08-14,28.959999084472656,29.0,28.950000762939453,28.950000762939453,24000
2024-08-15,29.15999984741211,29.219999313354492,29.030000686645508,29.030000686645508,152002
2024-08-16,29.719999313354492,29.75,29.700000762939453,29.709999084472656,39020
2024-08-19,29.670000076293945,29.790000915527344,29.670000076293945,29.790000915527344,212050
2024-08-20,30.06999969482422,30.260000228881836,30.0,30.010000228881836,134000
2024-08-21,30.0,30.010000228881836,29.920000076293945,29.989999771118164,25000
2024-08-22,30.260000228881836,30.290000915527344,30.209999084472656,30.260000228881836,154000
2024-08-23,30.059999465942383,30.149999618530273,29.969999313354492,30.149999618530273,65061
2024-08-26,30.309999465942383,30.34000015258789,30.18000030517578,30.18000030517578,98003
2024-08-27,30.200000762939453,30.200000762939453,30.139999389648438,30.170000076293945,121000
2024-08-28,30.280000686645508,30.290000915527344,30.239999771118164,30.25,76000
2024-08-29,29.920000076293945,30.010000228881836,29.90999984741211,30.010000228881836,123000
2024-08-30,30.329999923706055,30.34000015258789,30.229999542236328,30.229999542236328,227003
2024-09-02,30.40999984741211,30.489999771118164,30.329999923706055,30.329999923706055,47088
2024-09-03,30.420000076293945,30.489999771118164,30.389999389648438,30.489999771118164,45000
2024-09-04,29.389999389648438,29.459999084472656,29.290000915527344,29.299999237060547,425203
2024-09-05,29.270000457763672,29.420000076293945,29.270000457763672,29.40999984741211,307000
2024-09-06,28.950000762939453,29.239999771118164,28.90999984741211,29.239999771118164,83299
2024-09-09,28.559999465942383,28.579999923706055,28.43000030517578,28.450000762939453,104000
2024-09-10,28.690000534057617,28.729999542236328,28.670000076293945,28.709999084472656,8022
2024-09-11,28.520000457763672,28.65999984741211,28.5,28.65999984741211,314000
2024-09-12,29.100000381469727,29.100000381469727,28.979999542236328,28.989999771118164,242000
2024-09-13,29.239999771118164,29.3799991607666,29.239999771118164,29.3799991607666,10010
2024-09-16,29.450000762939453,29.56999969482422,29.360000610351562,29.360000610351562,140000
2024-09-18,29.540000915527344,29.649999618530273,29.489999771118164,29.649999618530273,196000
2024-09-19,29.799999237060547,29.799999237060547,29.610000610351562,29.610000610351562,107000
2024-09-20,30.110000610351562,30.1200008392334,30.059999465942383,30.059999465942383,63000
2024-09-23,30.09000015258789,30.139999389648438,30.079999923706055,30.110000610351562,40000
2024-09-24,30.059999465942383,30.09000015258789,30.020000457763672,30.09000015258789,86000
2024-09-25,30.06999969482422,30.110000610351562,30.06999969482422,30.06999969482422,174000
2024-09-26,30.299999237060547,30.299999237060547,30.190000534057617,30.229999542236328,352098
2024-09-27,30.670000076293945,30.690000534057617,30.59000015258789,30.6299991607666,219000
2024-09-30,30.700000762939453,30.739999771118164,30.610000610351562,30.690000534057617,260000
2024-10-01,30.760000228881836,30.84000015258789,30.700000762939453,30.700000762939453,217131
2024-10-04,30.3799991607666,30.389999389648438,30.0,30.0,520100
2024-10-07,31.0,31.1200008392334,31.0,31.040000915527344,259904
2024-10-08,30.780000686645508,30.920000076293945,30.729999542236328,30.920000076293945,40178
2024-10-09,30.850000381469727,30.90999984741211,30.780000686645508,30.780000686645508,74009
2024-10-11,31.1200008392334,31.139999389648438,31.010000228881836,31.010000228881836,52000
2024-10-14,31.59000015258789,31.59000015258789,31.149999618530273,31.149999618530273,113072
2024-10-15,31.780000686645508,31.799999237060547,31.639999389648438,31.639999389648438,134391
2024-10-16,31.209999084472656,31.229999542236328,31.170000076293945,31.219999313354492,67051
2024-10-17,31.079999923706055,31.100000381469727,31.040000915527344,31.040000915527344,24488
2024-10-18,31.020000457763672,31.1299991607666,30.989999771118164,31.079999923706055,96000
2024-10-21,31.15999984741211,31.190000534057617,31.1200008392334,31.190000534057617,52096
2024-10-22,30.940000534057617,30.969999313354492,30.940000534057617,30.969999313354492,116000
2024-10-23,30.81999969482422,30.84000015258789,30.81999969482422,30.829999923706055,45075
2024-10-24,30.450000762939453,30.489999771118164,30.43000030517578,30.43000030517578,22231
2024-10-25,30.600000381469727,30.6299991607666,30.59000015258789,30.600000381469727,28165
2024-10-28,30.959999084472656,30.959999084472656,30.799999237060547,30.799999237060547,118000
2024-10-29,31.139999389648438,31.18000030517578,31.09000015258789,31.139999389648438,182100
2024-10-30,31.3799991607666,31.5,31.229999542236328,31.229999542236328,97373
2024-11-01,30.5,30.549999237060547,30.479999542236328,30.540000915527344,254260
2024-11-04,30.809999465942383,30.829999923706055,30.65999984741211,30.75,69000
2024-11-05,30.969999313354492,30.979999542236328,30.809999465942383,30.809999465942383,79000
2024-11-06,31.829999923706055,32.0,31.3799991607666,31.3799991607666,730001
2024-11-07,32.720001220703125,32.72999954223633,32.209999084472656,32.209999084472656,269137
2024-11-08,33.099998474121094,33.29999923706055,33.0,33.0,77222
2024-11-11,33.560001373291016,33.56999969482422,33.5099983215332,33.540000915527344,154038
2024-11-12,33.7599983215332,33.900001525878906,33.75,33.75,210033
2024-11-13,33.349998474121094,33.5,33.349998474121094,33.5,125100
2024-11-14,33.310001373291016,33.33000183105469,32.349998474121094,32.349998474121094,85019
2024-11-15,32.56999969482422,32.84000015258789,32.5,32.84000015258789,38050
2024-11-18,32.22999954223633,32.38999938964844,32.099998474121094,32.38999938964844,176000
2024-11-19,32.22999954223633,32.2400016784668,32.15999984741211,32.18000030517578,47050
2024-11-20,32.63999938964844,32.63999938964844,32.63999938964844,32.63999938964844,0
2024-11-21,32.59000015258789,32.59000015258789,32.5,32.529998779296875,92000
2024-11-22,32.970001220703125,33.02000045776367,32.880001068115234,32.880001068115234,117241
2024-11-25,33.790000915527344,33.810001373291016,33.7400016784668,33.790000915527344,111344
2024-11-26,33.900001525878906,33.95000076293945,33.779998779296875,33.779998779296875,115000
2024-11-27,33.91999816894531,33.95000076293945,33.900001525878906,33.900001525878906,62080
2024-11-28,33.5099983215332,33.689998626708984,33.400001525878906,33.689998626708984,42002
2024-11-29,33.56999969482422,33.58000183105469,33.5,33.529998779296875,85000
2024-12-02,33.66999816894531,33.66999816894531,33.56999969482422,33.56999969482422,38117
2024-12-03,33.79999923706055,33.810001373291016,33.66999816894531,33.66999816894531,86000
2024-12-04,33.79999923706055,33.90999984741211,33.79999923706055,33.88999938964844,53158
2024-12-05,34.060001373291016,34.060001373291016,33.95000076293945,33.970001220703125,114000
2024-12-06,33.810001373291016,33.939998626708984,33.66999816894531,33.939998626708984,163180
2024-12-09,34.40999984741211,34.40999984741211,34.08000183105469,34.08000183105469,165000
2024-12-10,34.15999984741211,34.290000915527344,34.11000061035156,34.290000915527344,142000
2024-12-11,33.880001068115234,33.9900016784668,33.83000183105469,33.9900016784668,60002
2024-12-12,33.93000030517578,33.93000030517578,33.849998474121094,33.88999938964844,68100
2024-12-13,33.959999084472656,34.06999969482422,33.939998626708984,33.95000076293945,360000
2024-12-16,34.02000045776367,34.150001525878906,34.0,34.150001525878906,61000
2024-12-17,34.22999954223633,34.22999954223633,34.13999938964844,34.20000076293945,102519
2024-12-18,34.13999938964844,34.20000076293945,34.08000183105469,34.20000076293945,51676
2024-12-19,32.88999938964844,33.619998931884766,32.84000015258789,33.619998931884766,116300
2024-12-20,32.369998931884766,32.439998626708984,32.36000061035156,32.439998626708984,158000
2024-12-23,32.90999984741211,32.90999984741211,32.45000076293945,32.4900016784668,71021
2024-12-24,32.95000076293945,32.9900016784668,32.95000076293945,32.9900016784668,83000
2024-12-25,33.310001373291016,33.310001373291016,33.20000076293945,33.220001220703125,89100
2024-12-26,33.310001373291016,33.34000015258789,33.2599983215332,33.310001373291016,64000
2024-12-27,33.439998626708984,33.79999923706055,33.380001068115234,33.79999923706055,41084
2024-12-30,33.22999954223633,33.34000015258789,33.099998474121094,33.34000015258789,50017
2024-12-31,32.880001068115234,32.880001068115234,32.810001373291016,32.880001068115234,92192
2025-01-02,32.88999938964844,32.88999938964844,32.84000015258789,32.880001068115234,24000
2025-01-03,32.79999923706055,32.88999938964844,32.66999816894531,32.88999938964844,106264
2025-01-06,33.400001525878906,33.75,33.400001525878906,33.720001220703125,127234
2025-01-07,33.43000030517578,33.5099983215332,33.41999816894531,33.459999084472656,54000
2025-01-08,33.13999938964844,33.20000076293945,33.04999923706055,33.20000076293945,30000
2025-01-09,32.75,33.02000045776367,32.75,33.02000045776367,95254
2025-01-10,32.66999816894531,32.66999816894531,32.599998474121094,32.63999938964844,53018
2025-01-13,32.18000030517578,32.66999816894531,32.13999938964844,32.66999816894531,48009
2025-01-14,32.18000030517578,32.18000030517578,32.119998931884766,32.18000030517578,156124
2025-01-15,32.220001220703125,32.380001068115234,32.18000030517578,32.380001068115234,155000
2025-01-16,32.779998779296875,33.119998931884766,32.779998779296875,33.119998931884766,105100
2025-01-17,33.040000915527344,33.060001373291016,32.900001525878906,32.900001525878906,102021
2025-01-20,33.16999816894531,33.29999923706055,33.11000061035156,33.15999984741211,254000
2025-01-21,33.22999954223633,33.22999954223633,33.04999923706055,33.18000030517578,160285
2025-01-22,33.939998626708984,33.95000076293945,33.63999938964844,33.70000076293945,758065
2025-02-03,33.83000183105469,34.02000045776367,33.68000030517578,33.939998626708984,150000
2025-02-04,33.58000183105469,33.900001525878906,33.58000183105469,33.84000015258789,79000
2025-02-05,34.0099983215332,34.11000061035156,33.97999954223633,34.060001373291016,233115
2025-02-06,34.529998779296875,34.54999923706055,34.29999923706055,34.31999969482422,251080
2025-02-07,34.540000915527344,34.56999969482422,34.5,34.5,101209
2025-02-10,34.56999969482422,34.56999969482422,34.400001525878906,34.470001220703125,78000
2025-02-11,34.810001373291016,34.869998931884766,34.75,34.79999923706055,127657
2025-02-12,34.75,34.810001373291016,34.70000076293945,34.810001373291016,115037
2025-02-13,34.880001068115234,34.880001068115234,34.79999923706055,34.849998474121094,131000
2025-02-14,35.040000915527344,35.04999923706055,34.900001525878906,34.970001220703125,225000
2025-02-17,35.04999923706055,35.04999923706055,34.95000076293945,35.029998779296875,202000
2025-02-18,35.060001373291016,35.060001373291016,34.95000076293945,35.060001373291016,56028
2025-02-19,35.279998779296875,35.290000915527344,35.060001373291016,35.060001373291016,85000
2025-02-20,34.849998474121094,35.279998779296875,34.84000015258789,35.279998779296875,158058
2025-02-21,34.47999954223633,34.560001373291016,34.41999816894531,34.560001373291016,81000
2025-02-24,33.86000061035156,33.900001525878906,33.77000045776367,33.900001525878906,223101
2025-02-25,33.400001525878906,33.400001525878906,33.29999923706055,33.369998931884766,200000
2025-02-26,33.040000915527344,33.150001525878906,32.86000061035156,33.150001525878906,140048
2025-02-27,33.31999969482422,33.31999969482422,33.099998474121094,33.099998474121094,180100
2025-03-03,32.189998626708984,32.209999084472656,32.0,32.209999084472656,250029
2025-03-04,31.56999969482422,31.639999389648438,31.459999084472656,31.5,232000
2025-03-05,31.260000228881836,31.459999084472656,31.219999313354492,31.459999084472656,738031
2025-03-06,31.809999465942383,31.829999923706055,31.649999618530273,31.649999618530273,169030
2025-03-07,31.440000534057617,31.6200008392334,31.399999618530273,31.6200008392334,450030
2025-03-10,31.43000030517578,31.520000457763672,31.360000610351562,31.450000762939453,50327
2025-03-11,30.719999313354492,30.799999237060547,30.309999465942383,30.579999923706055,320030
2025-03-12,30.610000610351562,30.700000762939453,30.559999465942383,30.700000762939453,81000
2025-03-13,30.5,30.760000228881836,30.459999084472656,30.760000228881836,295044
2025-03-14,30.3799991607666,30.420000076293945,30.329999923706055,30.420000076293945,132000
2025-03-17,30.729999542236328,30.75,30.600000381469727,30.600000381469727,108000
2025-03-18,31.010000228881836,31.149999618530273,30.969999313354492,31.149999618530273,219000
2025-03-19,30.920000076293945,30.979999542236328,30.899999618530273,30.950000762939453,39000
2025-03-20,31.270000457763672,31.290000915527344,30.989999771118164,30.989999771118164,53000
2025-03-21,30.920000076293945,31.040000915527344,30.920000076293945,31.040000915527344,76317
2025-03-24,31.15999984741211,31.18000030517578,31.059999465942383,31.059999465942383,70000
2025-03-25,31.489999771118164,31.530000686645508,31.479999542236328,31.489999771118164,94005
2025-03-26,31.68000030517578,31.709999084472656,31.649999618530273,31.65999984741211,82070
2025-03-27,31.360000610351562,31.530000686645508,31.0,31.530000686645508,123000
2025-03-28,30.8799991607666,30.93000030517578,30.860000610351562,30.93000030517578,62000
2025-03-31,29.780000686645508,29.969999313354492,29.739999771118164,29.969999313354492,461000
2025-04-01,29.729999542236328,29.739999771118164,29.649999618530273,29.670000076293945,85071
2025-04-02,29.860000610351562,29.889999389648438,29.770000457763672,29.770000457763672,47000
2025-04-07,25.610000610351562,25.969999313354492,24.270000457763672,24.5,451650
2025-04-08,26.600000381469727,26.850000381469727,25.610000610351562,25.610000610351562,354000
2025-04-09,25.479999542236328,26.200000762939453,25.399999618530273,26.200000762939453,745000
2025-04-10,28.989999771118164,28.989999771118164,28.229999542236328,28.260000228881836,284041
2025-04-11,28.0,28.020000457763672,27.09000015258789,27.239999771118164,80000
2025-04-14,27.829999923706055,28.0,27.719999313354492,28.0,352108
2025-04-15,27.790000915527344,27.829999923706055,27.670000076293945,27.829999923706055,108000
2025-04-16,27.420000076293945,27.75,27.420000076293945,27.75,317244
2025-04-17,27.610000610351562,27.6200008392334,27.329999923706055,27.420000076293945,399200
2025-04-18,27.65999984741211,27.65999984741211,27.520000457763672,27.610000610351562,43029
2025-04-21,27.149999618530273,27.65999984741211,27.1200008392334,27.65999984741211,167000
2025-04-22,26.959999084472656,27.079999923706055,26.93000030517578,27.079999923706055,220051
2025-04-23,27.829999923706055,27.8799991607666,27.739999771118164,27.84000015258789,253097
2025-04-24,28.219999313354492,28.3700008392334,28.190000534057617,28.34000015258789,78124
2025-04-25,29.229999542236328,29.309999465942383,29.15999984741211,29.229999542236328,173018
2025-04-28,29.280000686645508,29.360000610351562,29.25,29.25,120000
2025-04-29,29.3700008392334,29.469999313354492,29.350000381469727,29.440000534057617,123999
2025-04-30,29.15999984741211,29.389999389648438,29.15999984741211,29.389999389648438,123000
2025-05-02,29.040000915527344,29.450000762939453,28.950000762939453,29.450000762939453,515060
2025-05-05,27.6200008392334,28.790000915527344,27.5,28.790000915527344,469115
2025-05-06,27.93000030517578,28.020000457763672,27.0,27.31999969482422,1009080
2025-05-07,27.959999084472656,28.31999969482422,27.950000762939453,28.31999969482422,36115
2025-05-08,28.389999389648438,28.440000534057617,28.200000762939453,28.440000534057617,187009
2025-05-09,28.610000610351562,28.700000762939453,28.59000015258789,28.600000381469727,242003
2025-05-12,29.170000076293945,29.229999542236328,29.1200008392334,29.170000076293945,289185
2025-05-13,29.649999618530273,29.799999237060547,29.610000610351562,29.799999237060547,84008
2025-05-14,30.079999923706055,30.079999923706055,29.860000610351562,29.860000610351562,80005
2025-05-15,30.020000457763672,30.139999389648438,30.020000457763672,30.100000381469727,137000
2025-05-16,29.8700008392334,29.920000076293945,29.790000915527344,29.829999923706055,279622
2025-05-19,29.709999084472656,30.149999618530273,29.670000076293945,30.149999618530273,254000
2025-05-20,29.920000076293945,29.93000030517578,29.850000381469727,29.889999389648438,151000
2025-05-21,29.90999984741211,29.93000030517578,29.8700008392334,29.93000030517578,29050
2025-05-22,29.350000381469727,29.43000030517578,29.299999237060547,29.43000030517578,175000
2025-05-23,29.420000076293945,29.489999771118164,29.389999389648438,29.389999389648438,88279
2025-05-26,29.3799991607666,29.43000030517578,29.360000610351562,29.420000076293945,209000
2025-05-27,29.360000610351562,29.420000076293945,29.299999237060547,29.399999618530273,330000
2025-05-28,29.799999237060547,29.860000610351562,29.360000610351562,29.600000381469727,80584
2025-05-29,30.030000686645508,30.049999237060547,29.899999618530273,29.899999618530273,251090
2025-06-02,29.350000381469727,29.389999389648438,29.219999313354492,29.389999389648438,342788
2025-06-03,29.350000381469727,29.729999542236328,29.350000381469727,29.729999542236328,80012
2025-06-04,29.770000457763672,29.860000610351562,29.739999771118164,29.860000610351562,215000
2025-06-05,29.969999313354492,30.040000915527344,29.93000030517578,30.040000915527344,42056
2025-06-06,29.979999542236328,29.979999542236328,29.889999389648438,29.889999389648438,82090
2025-06-09,30.229999542236328,30.31999969482422,30.219999313354492,30.31999969482422,73090
2025-06-10,30.399999618530273,30.649999618530273,30.399999618530273,30.479999542236328,202537
2025-06-11,30.450000762939453,30.5,30.43000030517578,30.5,278000
2025-06-12,30.260000228881836,30.450000762939453,30.18000030517578,30.450000762939453,370000
2025-06-13,29.649999618530273,29.8700008392334,29.43000030517578,29.8700008392334,144663
2025-06-16,29.700000762939453,29.760000228881836,29.649999618530273,29.649999618530273,121000
2025-06-17,29.850000381469727,29.8700008392334,29.770000457763672,29.829999923706055,212140
2025-06-18,29.790000915527344,29.950000762939453,29.770000457763672,29.899999618530273,35000
2025-06-19,29.850000381469727,29.889999389648438,29.729999542236328,29.799999237060547,206000
2025-06-20,29.809999465942383,29.81999969482422,29.709999084472656,29.799999237060547,145200
2025-06-23,29.579999923706055,29.809999465942383,29.43000030517578,29.809999465942383,39104
2025-06-24,29.950000762939453,29.989999771118164,29.799999237060547,29.799999237060547,30126
2025-06-25,30.25,30.270000457763672,30.139999389648438,30.15999984741211,51344
2025-06-26,30.139999389648438,30.270000457763672,30.09000015258789,30.25,217030
2025-06-27,30.450000762939453,30.610000610351562,30.3799991607666,30.479999542236328,230531
2025-06-30,30.799999237060547,30.8700008392334,30.600000381469727,30.6299991607666,173072
2025-07-01,30.81999969482422,31.010000228881836,30.799999237060547,30.799999237060547,302000
2025-07-02,30.719999313354492,30.739999771118164,30.68000030517578,30.700000762939453,140152
2025-07-03,30.719999313354492,30.90999984741211,30.68000030517578,30.90999984741211,62006
2025-07-04,30.899999618530273,30.93000030517578,30.889999389648438,30.90999984741211,81031
2025-07-07,31.020000457763672,31.079999923706055,30.8700008392334,30.899999618530273,154573
2025-07-08,30.860000610351562,30.959999084472656,30.829999923706055,30.959999084472656,111009
2025-07-09,30.989999771118164,31.0,30.950000762939453,30.959999084472656,52031
2025-07-10,31.290000915527344,31.31999969482422,31.110000610351562,31.110000610351562,50010
2025-07-11,31.329999923706055,31.329999923706055,31.209999084472656,31.209999084472656,300013
2025-07-14,30.790000915527344,30.979999542236328,30.68000030517578,30.979999542236328,134544
2025-07-15,31.110000610351562,31.149999618530273,30.920000076293945,30.920000076293945,122343
2025-07-16,30.979999542236328,31.100000381469727,30.979999542236328,31.100000381469727,64010
2025-07-17,31.239999771118164,31.270000457763672,31.149999618530273,31.270000457763672,51000
2025-07-18,31.780000686645508,31.8799991607666,31.59000015258789,31.59000015258789,182331
2025-07-21,32.029998779296875,32.040000915527344,31.950000762939453,31.959999084472656,257341
2025-07-22,31.84000015258789,32.0099983215332,31.809999465942383,32.0099983215332,233000
2025-07-23,32.130001068115234,32.16999816894531,31.959999084472656,31.959999084472656,238101
2025-07-24,32.849998474121094,32.86000061035156,32.72999954223633,32.72999954223633,634120
2025-07-25,32.810001373291016,32.90999984741211,32.790000915527344,32.849998474121094,388051
2025-07-28,33.189998626708984,33.189998626708984,33.0,33.0,247604
2025-07-29,33.27000045776367,33.279998779296875,33.18000030517578,33.189998626708984,167653
2025-07-30,33.0,33.040000915527344,32.900001525878906,33.0,176210
2025-07-31,33.22999954223633,33.2599983215332,32.959999084472656,33.0,173366
2025-08-01,32.869998931884766,33.0,32.720001220703125,32.880001068115234,358000
2025-08-04,32.15999984741211,32.38999938964844,32.0099983215332,32.38999938964844,204433
2025-08-05,32.81999969482422,32.86000061035156,32.689998626708984,32.689998626708984,163567
2025-08-06,32.810001373291016,32.84000015258789,32.68000030517578,32.79999923706055,66000
2025-08-07,32.58000183105469,32.81999969482422,32.560001373291016,32.810001373291016,316012
2025-08-08,32.599998474121094,32.720001220703125,32.59000015258789,32.66999816894531,240500
2025-08-11,32.65999984741211,32.689998626708984,32.58000183105469,32.599998474121094,73103
2025-08-12,32.34000015258789,32.45000076293945,32.31999969482422,32.45000076293945,152000
2025-08-13,32.88999938964844,32.90999984741211,32.790000915527344,32.83000183105469,342211
2025-08-14,33.349998474121094,33.369998931884766,33.220001220703125,33.220001220703125,157092
2025-08-15,33.29999923706055,33.33000183105469,33.189998626708984,33.33000183105469,110375
2025-08-18,33.279998779296875,33.349998474121094,33.279998779296875,33.29999923706055,78300
2025-08-19,33.27000045776367,33.290000915527344,33.25,33.279998779296875,65000
2025-08-20,32.79999923706055,32.849998474121094,32.75,32.81999969482422,184000
2025-08-21,32.88999938964844,32.939998626708984,32.709999084472656,32.779998779296875,85373
2025-08-22,32.86000061035156,32.95000076293945,32.81999969482422,32.88999938964844,178000
2025-08-25,33.72999954223633,33.75,33.650001525878906,33.650001525878906,264880
2025-08-26,33.439998626708984,33.59000015258789,33.33000183105469,33.59000015258789,363595
2025-08-27,33.630001068115234,33.630001068115234,33.439998626708984,33.439998626708984,163033
2025-08-28,33.650001525878906,33.65999984741211,33.61000061035156,33.630001068115234,222856
2025-08-29,34.06999969482422,34.209999084472656,34.029998779296875,34.029998779296875,203000
2025-09-01,33.95000076293945,34.150001525878906,33.939998626708984,34.150001525878906,121000
2025-09-02,33.84000015258789,33.93000030517578,33.79999923706055,33.93000030517578,227000
2025-09-03,33.5099983215332,33.529998779296875,33.349998474121094,33.349998474121094,248600
2025-09-04,33.400001525878906,33.52000045776367,33.38999938964844,33.5099983215332,194055
2025-09-05,33.52000045776367,33.599998474121094,33.470001220703125,33.470001220703125,240601
2025-09-08,33.81999969482422,33.91999816894531,33.7400016784668,33.7400016784668,217039
2025-09-09,34.060001373291016,34.11000061035156,34.04999923706055,34.06999969482422,214300
2025-09-10,33.970001220703125,34.06999969482422,33.959999084472656,34.060001373291016,223200
2025-09-11,33.689998626708984,33.900001525878906,33.5,33.900001525878906,180000
2025-09-12,34.11000061035156,34.11000061035156,34.0099983215332,34.08000183105469,161300
2025-09-15,33.9900016784668,34.08000183105469,33.97999954223633,34.08000183105469,96000
2025-09-16,34.13999938964844,34.189998626708984,34.06999969482422,34.09000015258789,192300
2025-09-17,34.04999923706055,34.220001220703125,34.029998779296875,34.13999938964844,93000
2025-09-18,34.470001220703125,34.4900016784668,34.20000076293945,34.20000076293945,209543
2025-09-19,34.849998474121094,34.95000076293945,34.81999969482422,34.81999969482422,253000
2025-09-22,35.18000030517578,35.20000076293945,34.849998474121094,34.849998474121094,193339
2025-09-23,35.77000045776367,35.810001373291016,35.47999954223633,35.47999954223633,1040492
2025-09-24,35.630001068115234,35.79999923706055,35.5099983215332,35.779998779296875,776300
2025-09-25,35.380001068115234,35.540000915527344,35.369998931884766,35.540000915527344,584132
2025-09-26,34.869998931884766,35.279998779296875,34.869998931884766,35.279998779296875,726640
2025-09-30,35.09000015258789,35.09000015258789,34.959999084472656,34.959999084472656,142903
2025-10-01,35.0099983215332,35.130001068115234,35.0,35.099998474121094,300011
2025-10-02,35.56999969482422,35.810001373291016,35.5,35.810001373291016,271000
2025-10-03,36.06999969482422,36.099998474121094,35.84000015258789,35.84000015258789,380526
2025-10-07,36.75,36.9900016784668,36.380001068115234,36.380001068115234,342307
2025-10-08,36.459999084472656,36.72999954223633,36.38999938964844,36.72999954223633,181838
2025-10-09,37.02000045776367,37.150001525878906,36.97999954223633,37.099998474121094,157199
2025-10-13,36.27000045776367,36.650001525878906,35.77000045776367,36.0,525322
2025-10-14,36.400001525878906,36.9900016784668,36.36000061035156,36.9900016784668,408453
2025-10-15,36.650001525878906,36.650001525878906,36.06999969482422,36.099998474121094,713238
2025-10-16,36.81999969482422,36.86000061035156,36.65999984741211,36.70000076293945,510656
2025-10-17,36.209999084472656,36.5,36.20000076293945,36.5,281320
2025-10-20,36.290000915527344,36.29999923706055,36.18000030517578,36.209999084472656,128016
2025-10-21,36.790000915527344,36.93000030517578,36.790000915527344,36.79999923706055,167312
2025-10-22,37.119998931884766,37.130001068115234,36.810001373291016,36.810001373291016,191015
2025-10-23,36.560001373291016,36.619998931884766,36.5,36.529998779296875,182000
2025-10-27,37.650001525878906,37.65999984741211,37.220001220703125,37.220001220703125,550100
2025-10-28,37.61000061035156,37.72999954223633,37.599998474121094,37.70000076293945,367100
2025-10-29,37.34000015258789,37.52000045776367,37.34000015258789,37.40999984741211,393329
2025-10-30,37.41999816894531,37.540000915527344,37.33000183105469,37.369998931884766,937010
2025-10-31,37.15999984741211,37.400001525878906,37.09000015258789,37.38999938964844,210041
2025-11-03,37.599998474121094,37.599998474121094,37.380001068115234,37.380001068115234,211000
2025-11-04,37.27000045776367,37.599998474121094,37.25,37.599998474121094,453247
2025-11-05,36.130001068115234,36.150001525878906,35.810001373291016,36.0099983215332,489207
2025-11-06,36.380001068115234,36.38999938964844,36.20000076293945,36.2400016784668,153275
2025-11-07,35.84000015258789,36.04999923706055,35.68000030517578,36.04999923706055,197000
2025-11-10,36.2599983215332,36.2599983215332,35.84000015258789,35.84000015258789,192512
2025-11-11,36.33000183105469,36.5099983215332,36.31999969482422,36.439998626708984,1118000
2025-11-12,36.36000061035156,36.400001525878906,36.29999923706055,36.33000183105469,103537
2025-11-13,36.369998931884766,36.380001068115234,36.22999954223633,36.36000061035156,138000
2025-11-14,35.380001068115234,35.54999923706055,35.279998779296875,35.279998779296875,418724
2025-11-17,35.470001220703125,35.5,35.02000045776367,35.369998931884766,79000
2025-11-18,34.38999938964844,34.72999954223633,34.20000076293945,34.72999954223633,225598
2025-11-19,34.060001373291016,34.20000076293945,34.0,34.130001068115234,296046
2025-11-20,34.83000183105469,34.880001068115234,34.650001525878906,34.869998931884766,93000
2025-11-21,33.47999954223633,33.900001525878906,33.27000045776367,33.900001525878906,313183
2025-11-24,34.15999984741211,34.18000030517578,34.040000915527344,34.060001373291016,145230
2025-11-25,34.61000061035156,34.72999954223633,34.61000061035156,34.619998931884766,82895
2025-11-26,35.130001068115234,35.150001525878906,34.95000076293945,34.95000076293945,240500
2025-11-27,35.31999969482422,35.36000061035156,35.130001068115234,35.130001068115234,110000
2025-11-28,35.369998931884766,35.40999984741211,35.34000015258789,35.40999984741211,118300
2025-12-01,35.31999969482422,35.540000915527344,35.29999923706055,35.540000915527344,168000
2025-12-02,35.41999816894531,35.630001068115234,35.400001525878906,35.630001068115234,178025
2025-12-03,35.459999084472656,35.4900016784668,35.43000030517578,35.43000030517578,55500
2025-12-04,35.900001525878906,35.900001525878906,35.689998626708984,35.689998626708984,252083
2025-12-05,36.599998474121094,36.599998474121094,36.279998779296875,36.279998779296875,192058
2025-12-08,36.63999938964844,36.70000076293945,36.599998474121094,36.599998474121094,112238
2025-12-09,36.59000015258789,36.72999954223633,36.59000015258789,36.63999938964844,76000
2025-12-10,36.70000076293945,36.70000076293945,36.52000045776367,36.59000015258789,121040
2025-12-11,36.349998474121094,36.75,36.189998626708984,36.70000076293945,249246
2025-12-12,36.66999816894531,36.72999954223633,36.61000061035156,36.72999954223633,474000
2025-12-15,36.290000915527344,36.380001068115234,36.0,36.0,122000
2025-12-16,35.52000045776367,35.93000030517578,35.470001220703125,35.93000030517578,586020
2025-12-17,35.619998931884766,35.790000915527344,35.52000045776367,35.52000045776367,135000
2025-12-18,35.209999084472656,35.31999969482422,35.060001373291016,35.29999923706055,165066
2025-12-19,35.40999984741211,35.439998626708984,35.29999923706055,35.439998626708984,32002
2025-12-22,35.939998626708984,36.099998474121094,35.779998779296875,35.779998779296875,103482
2025-12-23,36.18000030517578,36.25,36.060001373291016,36.060001373291016,106026
2025-12-24,36.04999923706055,36.20000076293945,36.04999923706055,36.189998626708984,64318
2025-12-26,36.130001068115234,36.20000076293945,36.08000183105469,36.099998474121094,179097
2025-12-29,35.9900016784668,36.130001068115234,35.97999954223633,36.130001068115234,123206
2025-12-30,35.880001068115234,35.9900016784668,35.84000015258789,35.9900016784668,49281
2025-12-31,35.72999954223633,35.72999954223633,35.66999816894531,35.66999816894531,33000
2026-01-02,35.709999084472656,35.72999954223633,35.52000045776367,35.70000076293945,102103
2026-01-05,35.869998931884766,35.95000076293945,35.720001220703125,35.720001220703125,310350
2026-01-06,36.75,36.81999969482422,36.040000915527344,36.040000915527344,501168
2026-01-07,37.529998779296875,37.58000183105469,37.400001525878906,37.5,619955
2026-01-08,37.72999954223633,37.77000045776367,37.15999984741211,37.15999984741211,291140
2026-01-09,37.7400016784668,37.810001373291016,37.630001068115234,37.72999954223633,550097
2026-01-12,37.63999938964844,37.7599983215332,37.630001068115234,37.7400016784668,570000
2026-01-13,37.97999954223633,38.0099983215332,37.75,37.810001373291016,548780
2026-01-14,37.849998474121094,37.97999954223633,37.84000015258789,37.97999954223633,268241
2026-01-15,37.61000061035156,37.61000061035156,37.41999816894531,37.45000076293945,268565
2026-01-16,37.61000061035156,37.619998931884766,37.54999923706055,37.61000061035156,381077
2026-01-19,37.0099983215332,37.13999938964844,36.97999954223633,37.02000045776367,729036
2026-01-20,37.06999969482422,37.369998931884766,36.97999954223633,37.0099983215332,343132
2026-01-21,36.66999816894531,36.79999923706055,36.63999938964844,36.70000076293945,568913
2026-01-22,37.040000915527344,37.13999938964844,36.77000045776367,36.77000045776367,225000
2026-01-23,37.29999923706055,37.38999938964844,37.060001373291016,37.060001373291016,569173
2026-01-26,36.7400016784668,37.27000045776367,36.720001220703125,37.27000045776367,558400
2026-01-27,37.13999938964844,37.150001525878906,36.75,37.0,166111
2026-01-28,37.189998626708984,37.220001220703125,37.13999938964844,37.13999938964844,328128
2026-01-29,36.90999984741211,37.13999938964844,36.849998474121094,37.13999938964844,406000
2026-01-30,36.13999938964844,36.70000076293945,35.97999954223633,36.70000076293945,354005
2026-02-02,35.36000061035156,35.849998474121094,35.29999923706055,35.849998474121094,442000
2026-02-03,35.900001525878906,35.93000030517578,35.58000183105469,35.58000183105469,361028
2026-02-04,35.290000915527344,35.31999969482422,35.22999954223633,35.31999969482422,383166
2026-02-05,34.849998474121094,35.15999984741211,34.83000183105469,35.15999984741211,626129
2026-02-06,33.65999984741211,34.11000061035156,33.59000015258789,34.11000061035156,690130
2026-02-09,35.029998779296875,35.09000015258789,34.77000045776367,34.77000045776367,443000
2026-02-10,35.439998626708984,35.470001220703125,35.130001068115234,35.130001068115234,357080
2026-02-11,35.56999969482422,35.630001068115234,35.5,35.5,231309
2026-02-23,34.849998474121094,35.45000076293945,34.61000061035156,35.45000076293945,427000
2026-02-24,34.38999938964844,34.810001373291016,34.25,34.810001373291016,403080
2026-02-25,34.810001373291016,34.93000030517578,34.560001373291016,34.560001373291016,271288
2026-02-26,34.88999938964844,34.91999816894531,34.849998474121094,34.849998474121094,188100
2026-03-02,34.83000183105469,34.83000183105469,34.7400016784668,34.790000915527344,193132
2026-03-03,34.63999938964844,34.83000183105469,34.56999969482422,34.83000183105469,96050
2026-03-04,33.97999954223633,34.029998779296875,33.95000076293945,34.0,148100
2026-03-05,34.54999923706055,34.79999923706055,34.400001525878906,34.79999923706055,98100
2026-03-06,34.5,34.54999923706055,34.43000030517578,34.54999923706055,91050
2026-03-09,33.5,33.79999923706055,33.38999938964844,33.79999923706055,227062
2026-03-10,34.18000030517578,34.310001373291016,33.779998779296875,33.779998779296875,162106
2026-03-11,34.209999084472656,34.36000061035156,34.20000076293945,34.20000076293945,129050
2026-03-12,33.810001373291016,34.209999084472656,33.720001220703125,34.209999084472656,139137
2026-03-13,33.63999938964844,33.790000915527344,33.599998474121094,33.790000915527344,98160
2026-03-16,33.619998931884766,33.63999938964844,33.459999084472656,33.63999938964844,101003
2026-03-17,33.77000045776367,33.83000183105469,33.7400016784668,33.83000183105469,304310
2026-03-18,34.2400016784668,34.2400016784668,33.77000045776367,33.77000045776367,178464
