Price,Close,High,Low,Open,Volume
Ticker,00749B.TWO,00749B.TWO,00749B.TWO,00749B.TWO,00749B.TWO
Date,,,,,
2021-03-18,32.63238525390625,32.670996681110225,32.63238525390625,32.63238525390625,160000
2021-03-19,32.53972625732422,32.53972625732422,32.53972625732422,32.53972625732422,100000
2021-03-22,32.732765197753906,32.732765197753906,32.732765197753906,32.732765197753906,100000
2021-03-23,32.856319427490234,32.856319427490234,32.856319427490234,32.856319427490234,100000
2021-03-24,33.16518783569336,33.16518783569336,33.126579359341825,33.126579359341825,101000
2021-03-25,33.026206970214844,33.026206970214844,33.026206970214844,33.026206970214844,100000
2021-03-26,32.94898223876953,32.98759366916447,32.94898223876953,32.98759366916447,121000
2021-03-29,32.83315658569336,32.94898203926113,32.83315658569336,32.94898203926113,102000
2021-03-30,32.74049377441406,32.74049377441406,32.74049377441406,32.74049377441406,100000
2021-03-31,32.59377670288086,32.59377670288086,32.59377670288086,32.59377670288086,100000
2021-04-01,32.83315658569336,32.83315658569336,32.83315658569336,32.83315658569336,100000
2021-04-07,32.93354034423828,32.948981381228094,32.93354034423828,32.948981381228094,101000
2021-04-08,32.817718505859375,32.894935488794,32.817718505859375,32.894935488794,102000
2021-04-09,32.972145080566406,32.972145080566406,32.972145080566406,32.972145080566406,100000
2021-04-12,33.0648078918457,33.0648078918457,33.0648078918457,33.0648078918457,100000
2021-04-13,33.0648078918457,33.0648078918457,33.041643392043966,33.041643392043966,101000
2021-04-14,33.0648078918457,33.0648078918457,33.0648078918457,33.0648078918457,100000
2021-04-15,33.11112976074219,33.11112976074219,33.11112976074219,33.11112976074219,100000
2021-04-16,33.157474517822266,33.180641967231786,33.157474517822266,33.180641967231786,101000
2021-04-19,33.23469543457031,33.39685285709651,33.23469543457031,33.39685285709651,101000
2021-04-20,33.01949691772461,33.04288937570825,33.01949691772461,33.04288937570825,102000
2021-04-21,32.82456970214844,32.82456970214844,32.82456970214844,32.82456970214844,100000
2021-04-22,33.01949691772461,33.01949691772461,33.01949691772461,33.01949691772461,100000
2021-04-23,32.9415283203125,32.9415283203125,32.9415283203125,32.9415283203125,100000
2021-04-26,32.66863250732422,32.66863250732422,32.66863250732422,32.66863250732422,100000
2021-04-27,32.48152160644531,32.48152160644531,32.48152160644531,32.48152160644531,100000
2021-04-28,32.24760055541992,32.255396055281366,32.24760055541992,32.255396055281366,110000
2021-04-29,32.26320266723633,32.26320266723633,32.26320266723633,32.26320266723633,100000
2021-05-03,32.46591567993164,32.46591567993164,32.46591567993164,32.46591567993164,100000
2021-05-04,32.45812225341797,32.45812225341797,32.45812225341797,32.45812225341797,100000
2021-05-05,32.47372055053711,32.47372055053711,32.47372055053711,32.47372055053711,100000
2021-05-06,32.56728744506836,32.56728744506836,32.56728744506836,32.56728744506836,100000
2021-05-07,32.6296501159668,32.6296501159668,32.6296501159668,32.6296501159668,100000
2021-05-10,32.56728744506836,32.56728744506836,32.56728744506836,32.56728744506836,100000
2021-05-11,32.74660873413086,32.74660873413086,32.74660873413086,32.74660873413086,101000
2021-05-12,32.785587310791016,32.785587310791016,32.785587310791016,32.785587310791016,100000
2021-05-13,32.45812225341797,32.45812225341797,32.45812225341797,32.45812225341797,100000
2021-05-14,32.49711227416992,32.49711227416992,32.37236340259768,32.37236340259768,118000
2021-05-17,32.84797286987305,32.84797286987305,32.84797286987305,32.84797286987305,100000
2021-05-18,32.614070892333984,32.62186639682871,32.57508444711581,32.62186639682871,141000
2021-05-19,32.5127067565918,32.5127067565918,32.5127067565918,32.5127067565918,100000
2021-05-20,32.551692962646484,32.551692962646484,32.551692962646484,32.551692962646484,100000
2021-05-21,32.52829360961914,32.52829360961914,32.52829360961914,32.52829360961914,100000
2021-05-24,32.520503997802734,32.520503997802734,32.520503997802734,32.520503997802734,100000
2021-05-25,32.48152160644531,32.48152160644531,32.46592762412728,32.46592762412728,111000
2021-05-26,32.48931121826172,32.48931121826172,32.48931121826172,32.48931121826172,100000
2021-05-27,32.43472671508789,32.46591466727712,32.43472671508789,32.46591466727712,101000
2021-05-28,32.41135787963867,32.44254585169034,32.41135787963867,32.434747371553065,102000
2021-05-31,32.37236404418945,32.37236404418945,32.37236404418945,32.37236404418945,100000
2021-06-01,32.2787971496582,32.29438815355735,32.2787971496582,32.29438815355735,110000
2021-06-02,32.395751953125,32.41134593340317,32.395751953125,32.41134593340317,101000
2021-06-03,32.43472671508789,32.45811916635322,32.43472671508789,32.45811916635322,101000
2021-06-04,32.41135787963867,32.41915635977595,32.41135787963867,32.41915635977595,123000
2021-06-07,32.62185287475586,32.62185287475586,32.62185287475586,32.62185287475586,100000
2021-06-08,32.590667724609375,32.590667724609375,32.590667724609375,32.590667724609375,100000
2021-06-09,32.74660873413086,32.74660873413086,32.74660873413086,32.74660873413086,101000
2021-06-10,32.93373489379883,32.93373489379883,32.93373489379883,32.93373489379883,100000
2021-06-11,33.01949691772461,33.089668343180186,33.01949691772461,33.089668343180186,101000
2021-06-15,32.93373489379883,32.96491988108375,32.93373489379883,32.96491988108375,105000
2021-06-16,32.785587310791016,32.785587310791016,32.785587310791016,32.785587310791016,101000
2021-06-17,32.785587310791016,32.785587310791016,32.77779180901847,32.77779180901847,102000
2021-06-18,33.01949691772461,33.03509089829781,33.01949691772461,33.02729539513505,102000
2021-06-21,33.729007720947266,33.76019568306041,33.5574798778205,33.580869362281476,106000
2021-06-22,33.37814712524414,33.37814712524414,33.37814712524414,33.37814712524414,100000
2021-06-23,33.4951057434082,33.4951057434082,33.448326771986615,33.448326771986615,101000
2021-06-24,33.46391296386719,33.46391296386719,33.46391296386719,33.46391296386719,100000
2021-06-25,33.323577880859375,33.323577880859375,33.323577880859375,33.323577880859375,112000
2021-06-28,33.323577880859375,33.323577880859375,33.323577880859375,33.323577880859375,100000
2021-06-29,33.44831466674805,33.44831466674805,33.40932823900902,33.40932823900902,101000
2021-06-30,33.471710205078125,33.471710205078125,33.471710205078125,33.471710205078125,100000
2021-07-01,33.370357513427734,33.370357513427734,33.370357513427734,33.370357513427734,100000
2021-07-02,33.64323806762695,33.64323806762695,33.5262847219214,33.5262847219214,101000
2021-07-05,33.52629852294922,33.52629852294922,33.52629852294922,33.52629852294922,100000
2021-07-06,33.47950744628906,33.47950744628906,33.47950744628906,33.47950744628906,101000
2021-07-07,33.83816146850586,33.83816146850586,33.83816146850586,33.83816146850586,100000
2021-07-08,34.02528762817383,34.02528762817383,34.02528762817383,34.02528762817383,100000
2021-07-09,33.96290969848633,34.00968866084648,33.96290969848633,33.99409468197731,119000
2021-07-12,33.93952560424805,33.93952560424805,33.877152647652814,33.877152647652814,120000
2021-07-13,33.80697250366211,33.86154994196644,33.76019056758098,33.853751465495925,113000
2021-07-14,33.760189056396484,33.760189056396484,33.760189056396484,33.760189056396484,100000
2021-07-15,33.94730758666992,33.98629103737968,33.94730758666992,33.98629103737968,106000
2021-07-16,33.892215728759766,33.96305419810134,33.892215728759766,33.96305419810134,105000
2021-07-19,34.15983200073242,34.15983200073242,34.15983200073242,34.15983200073242,100000
2021-07-20,34.33298873901367,34.33298873901367,34.33298873901367,34.33298873901367,100000
2021-07-21,34.14409637451172,34.14409637451172,34.14409637451172,34.14409637451172,100000
2021-07-22,33.93157958984375,33.93157958984375,33.90796776073453,33.90796776073453,101000
2021-07-23,33.96305847167969,33.96305847167969,33.96305847167969,33.96305847167969,100000
2021-07-26,34.08112335205078,34.08112335205078,34.08112335205078,34.08112335205078,100000
2021-07-27,33.845001220703125,33.845001220703125,33.845001220703125,33.845001220703125,100000
2021-07-28,33.78989791870117,33.844994180654034,33.77415570064019,33.844994180654034,121000
2021-07-29,33.75054168701172,33.75054168701172,33.75054168701172,33.75054168701172,100000
2021-07-30,33.60886764526367,33.60886764526367,33.60886764526367,33.60886764526367,101000
2021-08-02,33.64035415649414,33.64035415649414,33.56951567057241,33.56951567057241,101000
2021-08-03,33.80564498901367,33.80564498901367,33.80564498901367,33.80564498901367,100000
2021-08-04,33.76627731323242,33.76627731323242,33.76627731323242,33.76627731323242,100000
2021-08-05,33.78202438354492,33.78202438354492,33.78202438354492,33.78202438354492,100000
2021-08-06,33.64822769165039,33.679712134072346,33.616743249228435,33.63248547043941,133000
2021-08-09,33.530155181884766,33.530155181884766,33.530155181884766,33.530155181884766,100000
2021-08-10,33.435707092285156,33.47506113802925,33.435707092285156,33.47506113802925,101000
2021-08-11,33.372737884521484,33.372737884521484,33.372737884521484,33.372737884521484,100000
2021-08-12,33.372737884521484,33.372737884521484,33.372737884521484,33.372737884521484,100000
2021-08-13,33.5144157409668,33.5144157409668,33.5144157409668,33.5144157409668,100000
2021-08-16,33.75054168701172,33.75054168701172,33.75054168701172,33.75054168701172,100000
2021-08-17,33.632484436035156,33.632484436035156,33.632484436035156,33.632484436035156,100000
2021-08-18,33.68758010864258,33.68758010864258,33.68758010864258,33.68758010864258,100000
2021-08-19,33.900089263916016,33.900089263916016,33.900089263916016,33.900089263916016,100000
2021-08-20,34.01028060913086,34.01028060913086,34.01028060913086,34.01028060913086,100000
2021-08-23,33.93157958984375,33.93157958984375,33.93157958984375,33.93157958984375,100000
2021-08-24,33.93944549560547,33.93944549560547,33.93944549560547,33.93944549560547,100000
2021-08-25,33.91584014892578,33.91584014892578,33.91584014892578,33.91584014892578,100000
2021-08-26,33.91584014892578,33.91584014892578,33.91584014892578,33.91584014892578,100000
2021-08-27,33.93157958984375,33.93157958984375,33.93157958984375,33.93157958984375,100000
2021-08-30,33.93157958984375,33.93157958984375,33.93157958984375,33.93157958984375,100000
2021-08-31,33.96305847167969,33.96305847167969,33.96305847167969,33.96305847167969,100000
2021-09-01,33.73480224609375,33.782025898580585,33.73480224609375,33.782025898580585,101000
2021-09-02,33.7741584777832,33.7741584777832,33.7741584777832,33.7741584777832,100000
2021-09-03,33.845001220703125,33.845001220703125,33.845001220703125,33.845001220703125,100000
2021-09-06,33.68758010864258,33.68758010864258,33.68758010864258,33.68758010864258,100000
2021-09-07,33.663963317871094,33.663963317871094,33.663963317871094,33.663963317871094,100000
2021-09-08,33.726924896240234,33.726924896240234,33.726924896240234,33.726924896240234,100000
2021-09-09,33.82137680053711,33.82137680053711,33.82137680053711,33.82137680053711,100000
2021-09-10,33.907958984375,33.907958984375,33.907958984375,33.907958984375,100000
2021-09-13,33.845001220703125,33.845001220703125,33.845001220703125,33.845001220703125,100000
2021-09-14,33.83712387084961,33.83712387084961,33.83712387084961,33.83712387084961,101000
2021-09-15,33.900089263916016,33.900089263916016,33.900089263916016,33.900089263916016,100000
2021-09-16,33.94731521606445,33.94731521606445,33.94731521606445,33.94731521606445,100000
2021-09-17,33.892215728759766,33.93943937330706,33.892215728759766,33.93943937330706,101000
2021-09-22,33.907958984375,33.963055239717015,33.907958984375,33.963055239717015,157000
2021-09-23,33.96305847167969,33.96305847167969,33.947316254009536,33.947316254009536,106000
2021-09-24,33.380615234375,33.380615234375,33.341261183435705,33.37274562519579,113000
2021-09-27,33.27828598022461,33.27828598022461,33.27828598022461,33.27828598022461,100000
2021-09-28,33.191707611083984,33.191707611083984,33.191707611083984,33.191707611083984,100000
2021-09-29,32.97918701171875,32.97918701171875,32.97918701171875,32.97918701171875,100000
2021-09-30,33.07364273071289,33.07364273071289,32.99493164226451,32.99493164226451,102000
2021-10-01,33.07364273071289,33.08151233829722,33.07364273071289,33.08151233829722,101000
2021-10-04,32.931968688964844,32.931968688964844,32.931968688964844,32.931968688964844,101000
2021-10-05,32.8375129699707,32.8375129699707,32.8375129699707,32.8375129699707,100000
2021-10-06,32.61712646484375,32.61712646484375,32.56203020581274,32.593514640265006,112000
2021-10-07,32.562034606933594,32.562034606933594,32.562034606933594,32.562034606933594,100000
2021-10-08,32.711578369140625,32.711578369140625,32.711578369140625,32.711578369140625,100000
2021-10-12,32.695838928222656,32.743062579369344,32.695838928222656,32.743062579369344,101000
2021-10-13,32.85325241088867,32.85325241088867,32.80602576540565,32.80602576540565,102000
2021-10-14,33.01854705810547,33.01854705810547,33.01067444785991,33.01067444785991,101000
2021-10-15,33.20744705200195,33.20744705200195,33.20744705200195,33.20744705200195,100000
2021-10-18,33.191707611083984,33.191707611083984,33.191707611083984,33.191707611083984,100000
2021-10-19,33.191707611083984,33.191707611083984,33.191707611083984,33.191707611083984,100000
2021-10-20,33.032745361328125,33.032745361328125,33.032745361328125,33.032745361328125,100000
2021-10-21,32.897621154785156,32.897621154785156,32.897621154785156,32.897621154785156,100000
2021-10-22,33.04864501953125,33.04864501953125,33.02479833759491,33.02479833759491,101000
2021-10-25,33.10427474975586,33.10427474975586,33.08042807320363,33.08042807320363,102000
2021-10-26,32.99300003051758,32.99300003051758,32.99300003051758,32.99300003051758,101000
2021-10-27,33.08837890625,33.08837890625,33.08837890625,33.08837890625,100000
2021-10-28,33.334774017333984,33.334774017333984,33.334774017333984,33.334774017333984,100000
2021-10-29,33.159915924072266,33.20760321890463,33.159915924072266,33.199656347099214,104000
2021-11-01,33.41426086425781,33.41426086425781,33.31093333076505,33.31093333076505,101000
2021-11-02,33.175811767578125,33.175811767578125,33.175811767578125,33.175811767578125,100000
2021-11-03,33.199649810791016,33.199649810791016,33.199649810791016,33.199649810791016,100000
2021-11-04,32.897621154785156,32.897621154785156,32.897621154785156,32.897621154785156,100000
2021-11-05,33.32682800292969,33.32682800292969,33.32682800292969,33.32682800292969,100000
2021-11-08,33.549381256103516,33.549381256103516,33.47784727131863,33.47784727131863,101000
2021-11-09,33.605010986328125,33.605010986328125,33.605010986328125,33.605010986328125,100000
2021-11-10,33.605010986328125,33.605010986328125,33.605010986328125,33.605010986328125,100000
2021-11-11,33.454002380371094,33.47784603041546,33.454002380371094,33.47784603041546,101000
2021-11-12,33.39041519165039,33.39041519165039,33.39041519165039,33.39041519165039,100000
2021-11-15,33.34272384643555,33.358620621832166,33.34272384643555,33.358620621832166,110000
2021-11-16,33.13606643676758,33.13606643676758,33.13606643676758,33.13606643676758,100000
2021-11-17,33.04069519042969,33.04069519042969,33.04069519042969,33.04069519042969,100000
2021-11-18,33.23939514160156,33.23939514160156,33.23939514160156,33.23939514160156,100000
2021-11-19,33.12811279296875,33.12811279296875,33.10426915244759,33.10426915244759,102000
2021-11-22,33.24734878540039,33.24734878540039,33.24734878540039,33.24734878540039,100000
2021-11-23,33.08837890625,33.14401609977003,33.08837890625,33.14401609977003,101000
2021-11-24,32.84199142456055,32.96916261660917,32.826094646554424,32.96916261660917,102000
2021-11-25,32.8817253112793,32.8817253112793,32.8817253112793,32.8817253112793,100000
2021-11-26,33.144020080566406,33.144020080566406,33.144020080566406,33.144020080566406,100000
2021-11-29,32.68302536010742,32.77840602430248,32.68302536010742,32.77840602430248,112000
2021-11-30,32.79429244995117,32.79429244995117,32.79429244995117,32.79429244995117,100000
2021-12-01,32.786354064941406,32.83404439873782,32.786354064941406,32.83404439873782,103000
2021-12-02,33.08837890625,33.08837890625,33.08837890625,33.08837890625,100000
2021-12-03,33.24734878540039,33.24734878540039,33.24734878540039,33.24734878540039,100000
2021-12-06,33.31887435913086,33.31887435913086,33.31887435913086,33.31887435913086,100000
2021-12-07,33.279136657714844,33.279136657714844,33.279136657714844,33.279136657714844,100000
2021-12-08,33.422203063964844,33.422203063964844,33.422203063964844,33.422203063964844,100000
2021-12-09,33.3109245300293,33.3109245300293,33.3109245300293,33.3109245300293,105000
2021-12-10,33.39041519165039,33.39041519165039,33.39041519165039,33.39041519165039,100000
2021-12-13,33.39041519165039,33.42220874630092,33.39041519165039,33.42220874630092,106000
2021-12-14,33.72423553466797,33.77987272954489,33.72423553466797,33.77987272954489,130000
2021-12-15,33.74013137817383,33.75602815227139,33.74013137817383,33.75602815227139,102000
2021-12-16,33.549381256103516,33.549381256103516,33.549381256103516,33.549381256103516,100000
2021-12-17,33.70038986206055,33.70038986206055,33.70038986206055,33.70038986206055,100000
2021-12-20,33.76398468017578,33.795778237464205,33.76398468017578,33.795778237464205,101000
2021-12-21,33.54142379760742,33.54142379760742,33.54142379760742,33.54142379760742,100000
2021-12-22,33.63680648803711,33.63680648803711,33.63680648803711,33.63680648803711,100000
2021-12-23,33.58116912841797,33.5891160000489,33.58116912841797,33.5891160000489,102000
2021-12-24,33.461944580078125,33.52553168065017,33.461944580078125,33.52553168065017,102000
2021-12-27,33.48579406738281,33.48579406738281,33.430156865715674,33.48579406738281,102000
2021-12-28,33.40631103515625,33.40631103515625,33.40631103515625,33.40631103515625,100000
2021-12-29,33.38246536254883,33.38246536254883,33.38246536254883,33.38246536254883,100000
2021-12-30,33.32682800292969,33.32682800292969,33.30298435516798,33.30298435516798,101000
2022-01-03,33.525535583496094,33.525535583496094,33.525535583496094,33.525535583496094,100000
2022-01-04,33.06453323364258,33.06453323364258,33.03274271637926,33.03274271637926,103000
2022-01-05,33.00890350341797,33.00890350341797,33.00890350341797,33.00890350341797,101000
2022-01-06,32.58763885498047,32.643276044611945,32.58763885498047,32.58763885498047,117000
2022-01-07,32.444576263427734,32.53995388533298,32.444576263427734,32.50021346220579,102000
2022-01-10,32.22202682495117,32.22202682495117,32.22202682495117,32.22202682495117,100000
2022-01-11,32.26970291137695,32.26970291137695,32.245859272657825,32.245859272657825,101000
2022-01-12,32.25382995605469,32.25382995605469,32.22998326997132,32.22998326997132,105000
2022-01-13,32.10280227661133,32.142542698636376,32.10280227661133,32.10280227661133,107000
2022-01-14,32.071006774902344,32.08690354914513,32.007422709930864,32.08690354914513,114000
2022-01-17,31.610013961791992,31.657704286801415,31.610013961791992,31.64975438329994,116000
2022-01-18,31.529739379882812,31.52973937988281,31.52973937988281,31.52973937988281,100000
2022-01-19,31.27288246154785,31.28893667046773,31.22472289681547,31.28893667046773,102000
2022-01-20,31.369211196899414,31.36921119689941,31.36921119689941,31.36921119689941,100000
2022-01-21,31.73041534423828,31.75449818760374,31.73041534423828,31.75449818760374,111000
2022-01-24,31.690282821655273,31.690282821655273,31.690282821655273,31.690282821655273,100000
2022-01-25,31.361181259155273,31.361181259155273,31.361181259155273,31.361181259155273,100000
2022-01-26,31.489608764648438,31.48960876464844,31.48960876464844,31.48960876464844,100000
2022-02-07,31.184589385986328,31.21669780747352,31.21669780747352,31.21669780747352,100000
2022-02-08,30.93575668334961,30.94378225768395,30.935756683349613,30.94378225768395,101000
2022-02-09,30.831398010253906,30.87153199578233,30.82337243795895,30.82337243795895,102000
2022-02-10,30.983911514282227,30.999965722522937,30.975885941175434,30.975885941175434,122000
2022-02-11,30.839426040649414,30.839426040649414,30.791266478987406,30.82337489478012,102000
2022-02-14,30.735074996948242,30.735074996948242,30.735074996948242,30.735074996948242,100000
2022-02-15,30.357816696166992,30.357816696166992,30.357816696166992,30.357816696166992,100000
2022-02-16,30.38991928100586,30.38991928100586,30.38991928100586,30.38991928100586,100000
2022-02-17,30.614675521850586,30.678892358192694,30.50229912027919,30.50229912027919,107000
2022-02-18,30.51032829284668,30.51032829284668,30.51032829284668,30.51032829284668,100000
2022-02-21,30.42203140258789,30.42203140258789,30.42203140258789,30.42203140258789,100000
2022-02-22,30.518354415893555,30.574542618679693,30.518354415893555,30.574542618679693,110000
2022-02-23,30.149110794067383,30.149110794067383,30.149110794067383,30.149110794067383,100000
2022-02-24,29.67552947998047,29.71566347468902,29.539070223538374,29.547098859696597,107000
2022-02-25,28.72032356262207,28.67216399429987,28.399248546373265,28.407274120417803,137000
2022-03-01,28.752422332763672,29.065471669900102,28.752422332763672,29.057446098549164,109000
2022-03-02,27.716955184936523,27.95776524676314,27.620632997422156,27.636687205679074,107000
2022-03-03,27.54838752746582,27.556416161714935,27.52430774877206,27.52430774877206,105000
2022-03-04,27.64471435546875,27.64471435546875,27.5885261543785,27.5885261543785,103000
2022-03-07,27.291532516479492,27.37180050495226,27.27547830637944,27.30758672657954,110000
2022-03-08,27.0025634765625,27.050726107964632,26.890187065318415,27.050726107964632,109000
2022-03-09,27.04269790649414,27.04269790649414,27.04269790649414,27.04269790649414,102000
2022-03-10,26.94637680053711,26.94637680053711,26.94637680053711,26.94637680053711,100000
2022-03-11,27.050722122192383,27.050722122192383,27.050722122192383,27.050722122192383,101000
2022-03-14,26.777807235717773,26.906237841034255,26.777807235717773,26.906237841034255,241000
2022-03-15,26.705568313598633,26.74570230886693,26.6895141030858,26.74570230886693,136000
2022-03-16,26.809917449951172,26.809917449951172,26.761754821468372,26.761754821468372,103000
2022-03-17,27.41996192932129,27.45207034810926,27.10691250120694,27.10691250120694,107000
2022-03-18,27.676822662353516,27.676822662353516,27.524312268869494,27.524312268869494,103000
2022-03-21,27.86946678161621,27.86946678161621,27.58852274881772,27.74103618611679,104000
2022-03-22,27.355745315551758,27.50022706105262,27.323636900095106,27.50022706105262,107000
2022-03-23,27.074806213378906,27.074806213378906,27.074806213378906,27.074806213378906,100000
2022-03-24,27.516279220581055,27.516279220581055,27.516279220581055,27.516279220581055,102000
2022-03-25,27.46009635925293,27.46009635925293,27.339694379920964,27.339694379920964,104000
2022-03-28,27.43601417541504,27.43601417541504,27.43601417541504,27.43601417541504,102000
2022-03-29,27.741039276123047,27.741039276123047,27.741039276123047,27.741039276123047,102000
2022-03-30,28.375158309936523,28.391212515871803,28.351078532046948,28.383186943917508,117000
2022-03-31,28.3189754486084,28.3189754486084,28.302921239652395,28.302921239652395,107000
2022-04-01,28.375158309936523,28.375158309936523,28.375158309936523,28.375158309936523,102000
2022-04-06,27.797225952148438,28.198571968532796,27.797225952148438,28.198571968532796,138000
2022-04-07,27.765125274658203,27.765125274658203,27.75709969938555,27.75709969938555,104000
2022-04-08,27.64471435546875,27.64471435546875,27.64471435546875,27.64471435546875,103000
2022-04-11,27.139020919799805,27.371799300942552,27.139020919799805,27.371799300942552,106000
2022-04-12,26.882164001464844,26.94637778730334,26.882164001464844,26.94637778730334,104000
2022-04-13,26.882164001464844,26.898215151403587,26.882164001464844,26.898215151403587,103000
2022-04-14,27.090858459472656,27.090858459472656,27.050724466752982,27.050724466752982,104000
2022-04-15,26.890178680419922,26.890178680419922,26.890178680419922,26.890178680419922,102000
2022-04-18,26.930315017700195,26.930315017700195,26.930315017700195,26.930315017700195,102000
2022-04-19,26.954404830932617,27.002564401957653,26.954404830932617,27.002564401957653,103000
2022-04-20,26.66185760498047,26.66185760498047,26.645604958390713,26.645604958390713,103000
2022-04-21,26.726871490478516,26.726871490478516,26.726871490478516,26.726871490478516,102000
2022-04-22,26.57246971130371,26.57246971130371,26.523711771327786,26.53996441798643,106000
2022-04-25,26.361196517944336,26.442459776248377,26.361196517944336,26.442459776248377,104000
2022-04-26,26.35306167602539,26.35306167602539,26.29617896687811,26.29617896687811,105000
2022-04-27,26.564348220825195,26.564348220825195,26.564348220825195,26.564348220825195,102000
2022-04-28,26.450578689575195,26.450578689575195,26.401823845275246,26.401823845275246,103000
2022-04-29,26.434328079223633,26.434328079223633,26.409950655194507,26.434328079223633,105000
2022-05-03,25.922380447387695,25.922380447387695,25.889876700681555,25.889876700681555,103000
2022-05-04,25.914257049560547,25.914257049560547,25.914257049560547,25.914257049560547,102000
2022-05-05,26.344938278198242,26.344938278198242,26.206795418197682,26.206795418197682,113000
2022-05-06,26.255552291870117,26.296182360808526,26.247424418157102,26.247424418157102,103000
2022-05-09,25.89800453186035,25.89800453186035,25.865499233324858,25.865499233324858,101000
2022-05-10,25.597333908081055,25.597333908081055,25.597333908081055,25.597333908081055,104000
2022-05-11,25.58108139038086,25.58108139038086,25.58108139038086,25.58108139038086,100000
2022-05-12,25.922380447387695,25.922380447387695,25.922380447387695,25.922380447387695,100000
2022-05-13,25.80861473083496,25.881750097557816,25.727353040038697,25.727353040038697,502000
2022-05-16,25.914257049560547,25.914257049560547,25.792365273256802,25.792365273256802,101000
2022-05-17,25.80861473083496,25.80861473083496,25.792362082688143,25.792362082688143,101000
2022-05-18,25.81673812866211,25.81673812866211,25.808611805509795,25.808611805509795,101000
2022-05-19,25.6054630279541,25.849246567058216,25.581084054068512,25.849246567058216,112000
2022-05-20,25.58108139038086,25.58108139038086,25.491694928650485,25.524198673842136,75000
2022-05-23,25.776111602783203,25.784237927540186,25.759860503207204,25.759860503207204,102000
2022-05-24,25.702974319458008,25.75985858852879,25.702974319458008,25.75985858852879,12000
2022-05-25,25.954885482788086,25.954885482788086,25.954885482788086,25.954885482788086,200000
2022-05-26,26.247425079345703,26.247425079345707,26.076776925580337,26.076776925580337,102000
2022-05-27,26.288057327270508,26.288057327270508,26.288057327270508,26.288057327270508,100000
2022-05-30,26.35306167602539,26.35306167602539,26.255548903183644,26.263673675972473,115000
2022-05-31,26.158037185668945,26.158037185668945,26.1174071155204,26.141784537634397,102000
2022-06-01,26.247425079345703,26.247425079345707,26.247425079345707,26.247425079345707,100000
2022-06-02,26.41806983947754,26.41806983947754,26.41806983947754,26.41806983947754,100000
2022-06-06,26.288057327270508,26.336815275189764,26.288057327270508,26.336815275189764,101000
2022-06-07,26.068653106689453,26.068653106689453,26.068653106689453,26.068653106689453,100000
2022-06-08,26.08490562438965,26.08490562438965,26.08490562438965,26.08490562438965,100000
2022-06-09,26.060523986816406,26.060523986816406,26.060523986816406,26.060523986816406,100000
2022-06-10,26.10927963256836,26.10927963256836,26.0442690471751,26.0442690471751,101000
2022-06-13,25.6054630279541,25.670472075044394,25.581084054068512,25.670472075044394,111000
2022-06-14,24.947246551513672,25.11789472108166,24.947246551513672,25.11789472108166,107000
2022-06-15,24.7928466796875,24.7928466796875,24.7928466796875,24.7928466796875,100000
2022-06-16,25.231658935546875,25.231658935546875,25.231658935546875,25.231658935546875,100000
2022-06-17,25.085391998291016,25.085391998291016,25.0610130230963,25.0610130230963,101000
2022-06-20,24.987876892089844,24.987876892089844,24.987876892089844,24.987876892089844,100000
2022-06-21,24.92286491394043,24.92286491394043,24.92286491394043,24.92286491394043,100000
2022-06-22,25.117895126342773,25.117895126342773,25.117895126342773,25.117895126342773,100000
2022-06-23,25.174776077270508,25.174776077270508,25.174776077270508,25.174776077270508,100000
2022-06-24,25.25603675842285,25.25603675842285,25.25603675842285,25.25603675842285,100000
2022-06-27,25.101638793945312,25.13414408863078,25.061008725526232,25.13414408863078,111000
2022-06-28,25.174776077270508,25.174776077270508,25.174776077270508,25.174776077270508,102000
2022-06-29,24.947246551513672,25.004129274703,24.947246551513672,25.004129274703,103000
2022-06-30,24.96349334716797,24.96349334716797,24.906610633785597,24.906610633785597,205000
2022-07-01,25.012252807617188,25.012252807617188,24.87410840246052,24.87410840246052,106000
2022-07-04,25.288541793823242,25.288541793823242,25.288541793823242,25.288541793823242,100000
2022-07-05,25.231658935546875,25.231658935546875,25.142272467729843,25.150398792065552,120000
2022-07-06,25.280418395996094,25.280418395996094,25.280418395996094,25.280418395996094,100000
2022-07-07,25.321046829223633,25.321046829223633,25.321046829223633,25.321046829223633,100000
2022-07-08,25.394182205200195,25.394182205200195,25.329173160752397,25.329173160752397,104000
2022-07-11,25.2641658782959,25.353553901872488,25.215409479044116,25.353553901872488,144000
2022-07-12,25.174776077270508,25.304794166054073,25.174776077270508,25.304794166054073,117000
2022-07-13,25.02850341796875,25.02850341796875,24.955368054901818,24.955368054901818,106000
2022-07-14,24.971622467041016,24.987875115524005,24.93099239577141,24.971622467041016,110000
2022-07-15,24.898487091064453,24.906613415303422,24.84160437132954,24.906613415303422,105000
2022-07-18,24.900959014892578,24.92570225306926,24.85971766260356,24.92570225306926,104000
2022-07-19,24.917457580566406,24.917457580566406,24.892714338816926,24.892714338816926,103000
2022-07-20,25.016435623168945,25.016435623168945,25.016435623168945,25.016435623168945,102000
2022-07-21,25.346359252929688,25.346359252929688,25.346359252929688,25.346359252929688,102000
2022-07-22,25.453584671020508,25.453584671020508,25.453584671020508,25.453584671020508,102000
2022-07-25,25.750516891479492,25.750516891479492,25.684532284432155,25.725773647084946,119000
2022-07-26,25.956714630126953,25.956714630126953,25.956714630126953,25.956714630126953,102000
2022-07-27,25.882482528686523,25.882482528686523,25.882482528686523,25.882482528686523,102000
2022-07-28,25.890729904174805,25.890729904174805,25.816497037424384,25.882481633069553,109000
2022-07-29,26.37736701965332,26.393863561946784,26.278390912286262,26.278390912286262,104000
2022-08-01,26.641305923461914,26.641305923461914,26.48459348820638,26.48459348820638,111000
2022-08-02,26.8804988861084,26.8804988861084,26.831009262286287,26.831009262286287,101000
2022-08-03,26.723787307739258,26.723787307739258,26.68254438005463,26.68254438005463,101000
2022-08-04,26.781522750854492,26.781522750854492,26.72378642966543,26.72378642966543,101000
2022-08-05,26.92999267578125,26.92999267578125,26.92999267578125,26.92999267578125,100000
2022-08-08,26.888742446899414,26.888742446899414,26.7732698178449,26.7732698178449,101000
2022-08-09,27.185680389404297,27.185680389404297,27.05371118931569,27.05371118931569,115000
2022-08-10,26.897001266479492,26.97948084436172,26.897001266479492,26.962984299506434,126000
2022-08-11,27.276405334472656,27.276405334472656,27.127939615403665,27.127939615403665,114000
2022-08-12,27.210424423217773,27.24341436059007,27.12794171380291,27.12794171380291,116000
2022-08-15,27.24341583251953,27.350641787355322,27.21867259155505,27.21867259155505,109000
2022-08-16,27.441370010375977,27.441370010375977,27.17743163021194,27.17743163021194,107000
2022-08-17,27.226919174194336,27.268162104151862,27.226919174194336,27.268162104151862,107000
2022-08-18,26.971229553222656,27.020716032969133,26.96297970900246,27.020716032969133,112000
2022-08-19,26.8804988861084,26.88874558354865,26.847505803560324,26.88874558354865,105000
2022-08-22,26.542325973510742,26.542325973510742,26.542325973510742,26.542325973510742,1000
2022-08-23,26.327880859375,26.360872373137692,26.2453997151728,26.2453997151728,108000
2022-08-24,26.426856994628906,26.435103692687402,26.426856994628906,26.435103692687402,101000
2022-08-25,26.47634506225586,26.47634506225586,26.47634506225586,26.47634506225586,100000
2022-08-26,26.61656379699707,26.624810495453108,26.616563796997067,26.616563796997067,102000
2022-08-29,26.435102462768555,26.748530463102853,26.410359223350508,26.748530463102853,275000
2022-08-30,26.426856994628906,26.426856994628906,26.195910119068962,26.195910119068962,106000
2022-08-31,26.41036033630371,26.41036033630371,26.336127468527717,26.336127468527717,102000
2022-09-01,26.113431930541992,26.138176747104303,26.080440414989305,26.12168020272943,108000
2022-09-02,25.956714630126953,25.956714630126953,25.83299370932077,25.84124198046743,109000
2022-09-05,26.113431930541992,26.113431930541992,26.113431930541992,26.113431930541992,100000
2022-09-06,26.162918090820312,26.162918090820312,26.162918090820312,26.162918090820312,100000
2022-09-07,25.9072265625,25.9072265625,25.865986779985757,25.865986779985757,101000
2022-09-08,26.195911407470703,26.253647735901133,25.882483377138435,25.882483377138435,105000
2022-09-12,26.253646850585938,26.253646850585938,26.253646850585938,26.253646850585938,100000
2022-09-13,26.484594345092773,26.484594345092773,26.484594345092773,26.484594345092773,100000
2022-09-14,26.311384201049805,26.327880744457634,26.311384201049805,26.327880744457634,104000
2022-09-15,26.237150192260742,26.253646734953907,26.113429268455818,26.113429268455818,122000
2022-09-16,26.06393814086914,26.237147099136877,26.039193329746585,26.237147099136877,184000
2022-09-19,25.7752628326416,25.83299916967517,25.7752628326416,25.83299916967517,218000
2022-09-20,25.89897918701172,25.89897918701172,25.89897918701172,25.89897918701172,100000
2022-09-21,25.874235153198242,25.874235153198242,25.874235153198242,25.874235153198242,100000
2022-09-22,25.816499710083008,25.95671718699464,25.750515107606766,25.95671718699464,209000
2022-09-23,25.750516891479492,25.80000652666284,25.717525374554388,25.80000652666284,107000
2022-09-26,25.70102882385254,25.750516885827896,25.70102882385254,25.750516885827896,106000
2022-09-27,25.272123336791992,25.280371607768892,25.263875065815093,25.263875065815093,109000
2022-09-28,24.381332397460938,24.909210768191965,24.381332397460938,24.909210768191965,300000
2022-09-29,24.818479537963867,24.818479537963867,24.686510348235124,24.686510348235124,101000
2022-09-30,24.546293258666992,24.661765908126515,24.529796716402245,24.661765908126515,108000
2022-10-03,24.79373550415039,24.85147182982163,24.744247449746027,24.744247449746027,102000
2022-10-04,25.15665054321289,25.21438686651861,25.123657459497153,25.123657459497153,104000
2022-10-05,25.197895050048828,25.239136412427538,25.156655260867236,25.239136412427538,104000
2022-10-06,24.983444213867188,24.983444213867188,24.958699398465036,24.958699398465036,102000
2022-10-07,24.909210205078125,24.909210205078125,24.851472305105762,24.89271366222888,108000
2022-10-11,24.414325714111328,24.678264115367078,24.38958089904474,24.678264115367078,118000
2022-10-12,24.488557815551758,24.488557815551758,24.356588619076454,24.356588619076454,106000
2022-10-13,24.340089797973633,24.43081920200693,24.340089797973633,24.43081920200693,111000
2022-10-14,24.364837646484375,24.364837646484375,24.282356502828904,24.282356502828904,103000
2022-10-17,24.224618911743164,24.290603508589307,24.224618911743164,24.290603508589307,104000
2022-10-18,24.21636962890625,24.21636962890625,24.19162481617377,24.19162481617377,103000
2022-10-19,24.28755760192871,24.295932813480437,24.28755760192871,24.295932813480437,101000
2022-10-20,24.061429977416992,24.10330603220855,24.044679555500366,24.078180399333615,108000
2022-10-21,23.776681900024414,23.860432421729385,23.776681900024414,23.860432421729385,113000
2022-10-24,23.793432235717773,23.793432235717773,23.74318256184425,23.74318256184425,101000
2022-10-25,23.977680206298828,23.977680206298828,23.935805747621245,23.935805747621245,101000
2022-10-26,24.36293601989746,24.36293601989746,24.295935916335278,24.295935916335278,102000
2022-10-27,24.47180938720703,24.49693502383696,24.47180938720703,24.47180938720703,108000
2022-10-28,24.689559936523438,24.689559936523438,24.547184524785067,24.6225598367294,107000
2022-10-31,24.873811721801758,24.873811721801758,24.790061196653955,24.790061196653955,101000
2022-11-01,24.840309143066406,24.840309143066406,24.664434490170315,24.664434490170315,114000
2022-11-02,25.0078125,25.0078125,24.97431165020466,24.97431165020466,109000
2022-11-03,24.882179260253906,24.965929764949273,24.882179260253906,24.965929764949273,108000
2022-11-04,24.70631217956543,24.739813030632785,24.69793696679859,24.739813030632785,104000
2022-11-07,24.6644344329834,24.706308893840152,24.630933586371366,24.706308893840152,122000
2022-11-08,24.723060607910156,24.723060607910156,24.723060607910156,24.723060607910156,100000
2022-11-09,24.781681060791016,24.781681060791016,24.781681060791016,24.781681060791016,100000
2022-11-10,24.723060607910156,24.87381123071825,24.723060607910156,24.87381123071825,107000
2022-11-11,25.342811584472656,25.342811584472656,25.108310441329664,25.125060865284524,108000
2022-11-14,25.133438110351562,25.259063105358347,25.06643800652071,25.259063105358347,107000
2022-11-15,25.166934967041016,25.36793685680164,25.166934967041016,25.36793685680164,113000
2022-11-16,25.468433380126953,25.468433380126953,25.468433380126953,25.468433380126953,100000
2022-11-17,25.66943359375,25.736433683623936,25.65268317192948,25.736433683623936,126000
2022-11-18,25.543811798095703,25.602436684342063,25.543811798095703,25.602436684342063,101000
2022-11-21,25.585691452026367,25.585691452026367,25.53544176753453,25.53544176753453,101000
2022-11-22,25.594058990478516,25.594058990478516,25.594058990478516,25.594058990478516,100000
2022-11-23,25.82855987548828,25.82855987548828,25.686184482243437,25.69455969330586,126000
2022-11-24,26.16356086730957,26.18031128977781,26.0379358936142,26.05468631608244,127000
2022-11-25,26.046314239501953,26.130064764514245,26.046314239501953,26.130064764514245,105000
2022-11-28,26.272441864013672,26.272441864013672,26.012815060071524,26.20544175918536,109000
2022-11-29,26.272441864013672,26.297565904943973,26.213815374556457,26.213815374556457,114000
2022-11-30,26.247310638427734,26.264061060421287,26.247310638427734,26.264061060421287,102000
2022-12-01,26.481813430786133,26.481813430786133,26.41481333597803,26.431562161623862,103000
2022-12-02,26.883811950683594,26.95081364177459,26.883811950683594,26.883811950683594,115000
2022-12-05,26.917312622070312,27.034562385904465,26.908939008146355,27.034562385904465,107000
2022-12-06,26.8251895904541,26.858690439149306,26.8251895904541,26.858690439149306,111000
2022-12-07,26.666065216064453,26.666065216064453,26.640939579670547,26.640939579670547,112000
2022-12-08,26.75819206237793,26.75819206237793,26.649315897561788,26.67444153499823,113000
2022-12-09,26.984315872192383,26.984315872192383,26.950815024927575,26.950815024927575,102000
2022-12-12,26.934062957763672,26.934062957763672,26.892188498646185,26.892188498646185,103000
2022-12-13,26.900564193725586,26.900564193725586,26.883813769819394,26.883813769819394,103000
2022-12-14,27.084815979003906,27.084815979003906,27.084815979003906,27.084815979003906,100000
2022-12-15,27.068063735961914,27.068063735961914,27.01781246703178,27.01781246703178,108000
2022-12-16,27.1015625,27.1015625,27.1015625,27.1015625,100000
2022-12-19,26.8251895904541,26.8251895904541,26.81681597568869,26.81681597568869,101000
2022-12-20,26.481813430786133,26.82518751894542,26.481813430786133,26.716312963910354,115000
2022-12-21,26.37293815612793,26.37293815612793,26.37293815612793,26.37293815612793,100000
2022-12-22,26.640941619873047,26.640941619873047,26.54881747419048,26.54881747419048,102000
2022-12-23,26.50693702697754,26.50693702697754,26.473437778834928,26.473437778834928,102000
2022-12-26,26.39806365966797,26.465063756371357,26.39806365966797,26.465063756371357,105000
2022-12-27,26.47344207763672,26.49019090572361,26.47344207763672,26.49019090572361,101000
2022-12-28,26.289188385009766,26.314314021143527,26.289188385009766,26.314314021143527,101000
2022-12-29,26.180313110351562,26.197063533984622,26.146812263085444,26.197063533984622,171000
2022-12-30,26.213815689086914,26.213815689086914,26.213815689086914,26.213815689086914,100000
2023-01-03,26.104934692382812,26.12168511402094,26.104934692382812,26.12168511402094,102000
2023-01-04,26.230560302734375,26.230560302734375,26.222185091710042,26.222185091710042,101000
2023-01-05,26.20543670654297,26.20543670654297,26.18031107304861,26.18031107304861,115000
2023-01-06,26.213815689086914,26.213815689086914,26.155190796334786,26.155190796334786,107000
2023-01-09,26.272441864013672,26.372941222551887,26.247316225674865,26.28081547938477,131000
2023-01-10,26.29755973815918,26.347809405644725,26.27243570312047,26.347809405644725,178000
2023-01-11,26.03793716430664,26.23893745151,26.012811529378112,26.23893745151,241000
2023-01-12,26.289188385009766,26.314314021143527,26.255689134239773,26.314314021143527,172000
2023-01-13,26.599063873291016,26.624189508510653,26.55718781459162,26.5655630263315,197000
2023-01-16,26.51531410217285,26.53206452612569,26.498563678220012,26.53206452612569,202000
2023-01-17,26.532060623168945,26.557184657994025,26.498559780191353,26.498559780191353,131000
2023-01-30,26.893417358398438,26.893417358398438,26.67235369861344,26.67235369861344,194000
2023-01-31,26.723369598388672,26.918926795810314,26.60433506460574,26.910424097436692,179000
2023-02-01,26.8169002532959,26.825401330768102,26.723372183861148,26.723372183861148,291000
2023-02-02,26.782886505126953,26.842403771218084,26.74887571208981,26.782886505126953,220000
2023-02-03,27.122987747192383,27.13149044589692,27.054967779280055,27.06347047798459,225000
2023-02-06,26.995447158813477,26.995447158813477,26.969939065866487,26.995447158813477,153000
2023-02-07,26.850906372070312,26.96994090382075,26.82539827738499,26.96994090382075,150000
2023-02-08,26.714868545532227,26.825400387749806,26.689360448840173,26.825400387749806,139000
2023-02-09,26.799896240234375,26.799896240234375,26.774388141327055,26.78289084096283,120000
2023-02-10,26.68085289001465,26.68935558736323,26.63834102499544,26.68935558736323,123000
2023-02-13,26.493803024291992,26.50230572312032,26.408777657732724,26.408777657732724,123000
2023-02-14,26.493803024291992,26.493803024291992,26.434285754217697,26.442788453046024,213000
2023-02-15,26.55331802368164,26.55331802368164,26.55331802368164,26.55331802368164,100000
2023-02-16,26.39177131652832,26.451288580817558,26.366263222522726,26.417277788810093,332000
2023-02-17,26.383272171020508,26.400275947589964,26.306749500423802,26.306749500423802,111000
2023-02-20,26.29824447631836,26.349259044964754,26.29824447631836,26.32375094977961,189000
2023-02-21,26.332252502441406,26.332252502441406,26.29824333206487,26.29824333206487,105000
2023-02-22,26.111186981201172,26.11968967914884,26.077177811134312,26.077177811134312,109000
2023-02-23,26.03466796875,26.111189012785115,26.02616527014078,26.111189012785115,136000
2023-02-24,26.36626434326172,26.391772438351573,26.255730886262892,26.255730886262892,111000
2023-03-01,26.32375144958496,26.32375144958496,26.264234181413475,26.272736879969962,122000
2023-03-02,26.289743423461914,26.349260694228686,26.21322075484064,26.349260694228686,167000
2023-03-03,26.179210662841797,26.187711739746945,26.145199868325424,26.187711739746945,133000
2023-03-06,26.417280197143555,26.468294768081673,26.400274799589525,26.400274799589525,118000
2023-03-07,26.451290130615234,26.451290130615234,26.40027393961497,26.40027393961497,101000
2023-03-08,26.47679328918457,26.47679328918457,26.44278412116666,26.45978951603747,106000
2023-03-09,26.44278907775879,26.476798252151575,26.44278907775879,26.44278907775879,104000
2023-03-10,26.51080894470215,26.53631541996609,26.493803546710176,26.519311643698135,117000
2023-03-13,26.595836639404297,26.595836639404297,26.527816663210388,26.527816663210388,109000
2023-03-14,26.621339797973633,26.621339797973633,26.578827926299024,26.621339797973633,126000
2023-03-15,26.621339797973633,26.63834519533306,26.61283709929392,26.621339797973633,114000
2023-03-16,26.73187255859375,26.782887127611268,26.697861764766134,26.774384429154363,122000
2023-03-17,26.66385269165039,26.689359165391885,26.66385269165039,26.66385269165039,116000
2023-03-20,26.714868545532227,26.76588311719234,26.578828606622594,26.578828606622594,109000
2023-03-21,26.73187255859375,26.740375257050655,26.697861764766134,26.697861764766134,161000
2023-03-22,26.689361572265625,26.697864271520878,26.66385509622393,26.680858873010372,141000
2023-03-23,26.689361572265625,26.74037776779714,26.612838900692417,26.66385509622393,136000
2023-03-24,26.748876571655273,26.80839546138289,26.68085660511906,26.71486739924913,128000
2023-03-27,26.740373611450195,26.85940813907366,26.740373611450195,26.79138817732828,131000
2023-03-28,26.67235565185547,26.67235565185547,26.638344857567862,26.638344857567862,104000
2023-03-29,26.6468448638916,26.6468448638916,26.54481411306134,26.578824903912682,168000
2023-03-30,26.706363677978516,26.731871772599217,26.655349110460975,26.655349110460975,132000
2023-03-31,26.782886505126953,26.82539837469951,26.782886505126953,26.816897298164097,133000
2023-04-06,27.35255241394043,27.35255241394043,27.105980653832088,27.122986050177175,163000
2023-04-07,27.361059188842773,27.39506998458461,27.293037597359103,27.293037597359103,163000
2023-04-10,27.293039321899414,27.327050119790258,27.208015570620507,27.310044720844836,124000
2023-04-11,27.310041427612305,27.310041427612305,27.24202308348094,27.24202308348094,116000
2023-04-12,27.318546295166016,27.318546295166016,27.259029026565592,27.259029026565592,104000
2023-04-13,27.335554122924805,27.335554122924805,27.27603684903244,27.27603684903244,109000
2023-04-14,27.284534454345703,27.293035530913517,27.25052366117894,27.293035530913517,114000
2023-04-17,27.242023468017578,27.242023468017578,27.208012673747906,27.216513750591393,114000
2023-04-18,27.122987747192383,27.191007715104707,27.114485048487847,27.191007715104707,116000
2023-04-19,27.105979919433594,27.20801067301588,27.09747884321523,27.165498805028818,120000
2023-04-20,27.148496627807617,27.148496627807617,27.09748205583021,27.10598313305644,112000
2023-04-21,27.247591018676758,27.247591018676758,27.1441838807088,27.21312142482054,159000
2023-04-24,27.187273025512695,27.204507824847255,27.187273025512695,27.204507824847255,115000
2023-04-25,27.333763122558594,27.402700670217474,27.325145723651136,27.325145723651136,190000
2023-04-26,27.445789337158203,27.51472688901778,27.445789337158203,27.488874690720106,112000
2023-04-27,27.471637725830078,27.661215567596265,27.471637725830078,27.626749259785328,114000
2023-04-28,27.497493743896484,27.497493743896484,27.46302578769418,27.46302578769418,101000
2023-05-02,27.411319732666016,27.49749208336945,27.411319732666016,27.49749208336945,118000
2023-05-03,27.506107330322266,27.506107330322266,27.497489931566186,27.506107330322266,116000
2023-05-04,27.62674903869629,27.62674903869629,27.575044646591397,27.575044646591397,102000
2023-05-05,27.471637725830078,27.514724719595634,27.471637725830078,27.514724719595634,101000
2023-05-08,27.5491943359375,27.5491943359375,27.480256785347137,27.480256785347137,108000
2023-05-09,27.471637725830078,27.531959517101857,27.471637725830078,27.531959517101857,110000
2023-05-10,27.4027042388916,27.4027042388916,27.368236282373765,27.37685368240347,106000
2023-05-11,27.445789337158203,27.445789337158203,27.402702339995415,27.41993713886053,116000
2023-05-12,27.66983413696289,27.6870689341745,27.635364542539666,27.6870689341745,103000
2023-05-15,27.514724731445312,27.540575284115025,27.514724731445312,27.540575284115025,101000
2023-05-16,27.45440673828125,27.45440673828125,27.376851786984343,27.376851786984343,102000
2023-05-17,27.428552627563477,27.463022222892484,27.402700431066723,27.454404824060234,239000
2023-05-18,27.213123321533203,27.368233217495714,27.083865622764716,27.368233217495714,422000
2023-05-19,27.066633224487305,27.12695337968747,27.066633224487305,27.12695337968747,254000
2023-05-22,27.032163619995117,27.066631573606777,26.97184182487321,27.066631573606777,112000
2023-05-23,26.963224411010742,26.980457564956353,26.945989613464373,26.980457564956353,105000
2023-05-24,26.989072799682617,26.989072799682617,26.971838003518172,26.971838003518172,101000
2023-05-25,26.928752899169922,26.98907304268796,26.928752899169922,26.98907304268796,104000
2023-05-26,26.8512020111084,26.8512020111084,26.842584611648245,26.842584611648245,101000
2023-05-29,26.782264709472656,26.808116908094867,26.76502991039118,26.799499508554128,130000
2023-05-30,26.90290641784668,26.90290641784668,26.825351461539288,26.833968861529108,132000
2023-05-31,27.014930725097656,27.08386828077978,26.928758369594757,27.08386828077978,118000
2023-06-01,27.109716415405273,27.109716415405273,27.075248462443458,27.109716415405273,103000
2023-06-02,27.152803421020508,27.187271373994907,27.126951223589092,27.126951223589092,113000
2023-06-05,27.058015823364258,27.06663322319258,27.049398423535937,27.058015823364258,111000
2023-06-06,27.058015823364258,27.08386802284922,27.058015823364258,27.058015823364258,105000
2023-06-07,27.17003631591797,27.17003631591797,27.092481372657634,27.092481372657634,102000
2023-06-08,27.083864212036133,27.083864212036133,27.03216146394196,27.0666294148045,105000
2023-06-09,27.118331909179688,27.135566706250074,27.118331909179688,27.118331909179688,124000
2023-06-12,27.118331909179688,27.195886852395702,27.118331909179688,27.195886852395702,113000
2023-06-13,27.17865562438965,27.17865562438965,27.16142082609827,27.17865562438965,111000
2023-06-14,27.14418601989746,27.178655616470174,27.14418601989746,27.178655616470174,106000
2023-06-15,27.17003631591797,27.17003631591797,27.152801518837737,27.152801518837737,101000
2023-06-16,27.290681838989258,27.290681838989258,27.27344703860569,27.290681838989258,105000
2023-06-19,27.385465621948242,27.40269877497048,27.29067588412291,27.29067588412291,103000
2023-06-20,27.4027042388916,27.4027042388916,27.37685368240347,27.37685368240347,105000
2023-06-21,27.652603149414062,27.687072748586115,27.57504819487789,27.57504819487789,118000
2023-06-26,27.859416961669922,27.919737115547065,27.824947363111026,27.833563119149826,363000
2023-06-27,27.936965942382812,28.005905132874314,27.91973443196147,28.005905132874314,104000
2023-06-28,27.962820053100586,27.962820053100586,27.876646064152037,27.876646064152037,101000
2023-06-29,27.980051040649414,27.980051040649414,27.91111185887851,27.92834665432124,107000
2023-06-30,27.859416961669922,27.859416961669922,27.824947363111026,27.824947363111026,102000
2023-07-03,27.945587158203125,27.971437713047145,27.945587158203125,27.971437713047145,113000
2023-07-04,28.04899024963379,28.05760929197418,27.954200507098502,27.954200507098502,116000
2023-07-05,28.074846267700195,28.074846267700195,28.0489924258746,28.0489924258746,102000
2023-07-06,27.945587158203125,28.02314210993697,27.945587158203125,28.02314210993697,120000
2023-07-07,27.721532821655273,27.721532821655273,27.67844747598778,27.67844747598778,109000
2023-07-10,27.575048446655273,27.592283246398665,27.53196309089776,27.592283246398665,107000
2023-07-11,27.695688247680664,27.695688247680664,27.67845344825463,27.67845344825463,106000
2023-07-12,27.721532821655273,27.721532821655273,27.70430131314921,27.70430131314921,110000
2023-07-13,27.790475845336914,27.790475845336914,27.76462529180391,27.76462529180391,102000
2023-07-14,27.87664794921875,27.902501791252377,27.87664794921875,27.902501791252377,102000
2023-07-17,27.997295379638672,27.997295379638672,27.936971931425887,27.936971931425887,101000
2023-07-18,28.01474380493164,28.01474380493164,27.988562865479565,27.99729206477297,108000
2023-07-19,28.163110733032227,28.163110733032227,28.136929793112518,28.136929793112518,112000
2023-07-20,28.17183494567871,28.17183494567871,28.09328880132699,28.14565400729945,106000
2023-07-21,28.12820053100586,28.13692973043574,28.04965438220757,28.058383581637447,118000
2023-07-24,28.24165153503418,28.24165153503418,28.24165153503418,28.24165153503418,100000
2023-07-25,28.276565551757812,28.276565551757812,28.276565551757812,28.276565551757812,110000
2023-07-26,28.224201202392578,28.232927072439203,28.224201202392578,28.232927072439203,109000
2023-07-27,28.224201202392578,28.224201202392578,28.224201202392578,28.224201202392578,100000
2023-07-28,28.198015213012695,28.21547027919395,28.163105080650187,28.21547027919395,134000
2023-07-31,28.250381469726562,28.250381469726562,28.232926400834472,28.232926400834472,101000
2023-08-01,28.50347328186035,28.50347328186035,28.50347328186035,28.50347328186035,100000
2023-08-02,28.390016555786133,28.390016555786133,28.37256148820724,28.38129068660355,113000
2023-08-04,27.901288986206055,27.927471590080284,27.770379296048958,27.927471590080284,130000
2023-08-07,27.988561630249023,27.988561630249023,27.971106561646632,27.971106561646632,119000
2023-08-08,28.102018356323242,28.102018356323242,28.102018356323242,28.102018356323242,100000
2023-08-09,28.136926651000977,28.2067435927283,28.075832249320648,28.2067435927283,147000
2023-08-10,28.12820053100586,28.12820053100586,28.119474660790104,28.119474660790104,103000
2023-08-11,27.979835510253906,28.06710752327121,27.979835510253906,28.06710752327121,101000
2023-08-14,28.04965591430664,28.04965591430664,27.97983896112476,27.997294031723808,103000
2023-08-15,27.910017013549805,27.910017013549805,27.910017013549805,27.910017013549805,101000
2023-08-16,27.630741119384766,27.79656094232832,27.630741119384766,27.79656094232832,105000
2023-08-17,27.517284393310547,27.517284393310547,27.447465788676165,27.491101792345088,103000
2023-08-18,27.307828903198242,27.325282306108654,27.25546370064643,27.2729187681637,114000
2023-08-21,27.229284286499023,27.272920293125242,27.229284286499023,27.272920293125242,136000
2023-08-22,27.037282943725586,27.037282943725586,26.967464331566852,26.967464331566852,103000
2023-08-23,27.150737762451172,27.150737762451172,27.150737762451172,27.150737762451172,100000
2023-08-24,27.38637351989746,27.38637351989746,27.368920116896497,27.368920116896497,105000
2023-08-25,27.438737869262695,27.438737869262695,27.438737869262695,27.438737869262695,100000
2023-08-28,27.526012420654297,27.526012420654297,27.491102285407564,27.491102285407564,101000
2023-08-29,27.569650650024414,27.604559123481454,27.569650650024414,27.604559123481454,103000
2023-08-30,27.77037811279297,27.77037811279297,27.700559503376923,27.77037811279297,326000
2023-08-31,27.936195373535156,27.936195373535156,27.84892336302015,27.86637843096591,115000
2023-09-01,28.01474380493164,28.01474380493164,28.01474380493164,28.01474380493164,100000
2023-09-04,27.883838653564453,27.883838653564453,27.883838653564453,27.883838653564453,100000
2023-09-05,27.883838653564453,27.883838653564453,27.840200975633117,27.840200975633117,105000
2023-09-06,27.683103561401367,27.683103561401367,27.65692262407577,27.665650158053268,104000
2023-09-07,27.508560180664062,27.508560180664062,27.508560180664062,27.508560180664062,101000
2023-09-08,27.622013092041016,27.622013092041016,27.622013092041016,27.622013092041016,100000
2023-09-11,27.5958309173584,27.5958309173584,27.587103383581244,27.587103383581244,103000
2023-09-12,27.517284393310547,27.517284393310547,27.517284393310547,27.517284393310547,100000
2023-09-13,27.464920043945312,27.464920043945312,27.464920043945312,27.464920043945312,100000
2023-09-14,27.447467803955078,27.447467803955078,27.447467803955078,27.447467803955078,100000
2023-09-15,27.482378005981445,27.482378005981445,27.482378005981445,27.482378005981445,100000
2023-09-18,27.34273910522461,27.42128524941975,27.290375563963504,27.42128524941975,104000
2023-09-19,27.377647399902344,27.377647399902344,27.377647399902344,27.377647399902344,100000
2023-09-20,27.368919372558594,27.368919372558594,27.31655417115925,27.31655417115925,101000
2023-09-21,27.38637351989746,27.38637351989746,27.36019258309258,27.36019258309258,101000
2023-09-22,27.16819190979004,27.16819190979004,27.14201097130726,27.159466040033763,110000
2023-09-25,27.18564796447754,27.264194111988505,27.18564796447754,27.264194111988505,103000
2023-09-26,26.923828125,26.923828125,26.888917986874112,26.906373055937056,115000
2023-09-27,26.854005813598633,26.862733346927687,26.862733346927687,26.862733346927687,100000
2023-09-28,26.679462432861328,26.679462432861328,26.670734898237956,26.670734898237956,110000
2023-10-02,26.522369384765625,26.522369384765625,26.470005843121246,26.5136418503904,125000
2023-10-03,26.42637062072754,26.44382402538939,26.4176430860931,26.44382402538939,116000
2023-10-04,25.832910537719727,26.059821435217412,25.832910537719727,26.059821435217412,92000
2023-10-05,25.972551345825195,25.981278881312626,25.972551345825195,25.981278881312626,201000
2023-10-06,25.972551345825195,25.990006416800057,25.981278881312626,25.981278881312626,105000
2023-10-11,26.22563934326172,26.23436687746018,26.112184727895645,26.12963979629256,110000
2023-10-12,26.408912658691406,26.522367267297508,26.408912658691406,26.443821128798344,114000
2023-10-13,26.321643829345703,26.391462447012117,26.269280282247678,26.391462447012117,114000
2023-10-16,26.312915802001953,26.32164333712294,26.312915802001953,26.312915802001953,106000
2023-10-17,26.12091064453125,26.164546648214397,26.094728043557257,26.164546648214397,104000
2023-10-18,25.96381950378418,25.998729639943445,25.920183498192014,25.998729639943445,110000
2023-10-19,25.751365661621094,25.875297440800544,25.70710479432668,25.875297440800544,109000
2023-10-20,25.574316024780273,25.574316024780273,25.54776018267905,25.54776018267905,105000
2023-10-23,25.521203994750977,25.521203994750977,25.47694312995802,25.47694312995802,101000
2023-10-24,25.822185516357422,25.822185516357422,25.72480957669402,25.72480957669402,102000
2023-10-25,26.061195373535156,26.061195373535156,26.061195373535156,26.061195373535156,100000
2023-10-26,25.777921676635742,25.786772498818188,25.777921676635742,25.786772498818188,108000
2023-10-27,25.91956329345703,25.91956329345703,25.777926473966343,25.777926473966343,118000
2023-10-30,25.901853561401367,25.901853561401367,25.89300105073658,25.89300105073658,101000
2023-10-31,25.813331604003906,25.813331604003906,25.813331604003906,25.813331604003906,100000
2023-11-01,25.813331604003906,25.822184115169666,25.813331604003906,25.813331604003906,103000
2023-11-02,26.09660530090332,26.132015345693052,26.09660530090332,26.132015345693052,147000
2023-11-03,26.548072814941406,26.548072814941406,26.548072814941406,26.548072814941406,100000
2023-11-06,26.707412719726562,26.707412719726562,26.574628440317912,26.574628440317912,102000
2023-11-07,26.503812789916992,26.503812789916992,26.49496027858056,26.49496027858056,133000
2023-11-08,26.601186752319336,26.601186752319336,26.592335929521763,26.592335929521763,101000
2023-11-09,26.813642501831055,26.813642501831055,26.813642501831055,26.813642501831055,100000
2023-11-10,26.55692481994629,26.72511914990355,26.55692481994629,26.72511914990355,101000
2023-11-13,26.565778732299805,26.60118708927024,26.565778732299805,26.60118708927024,107000
2023-11-14,26.574630737304688,26.574630737304688,26.574630737304688,26.574630737304688,101000
2023-11-15,26.831344604492188,26.840197114950126,26.831344604492188,26.840197114950126,121000
2023-11-16,26.645450592041016,26.733974020275827,26.645450592041016,26.733974020275827,101000
2023-11-17,26.716266632080078,26.760527498057638,26.716266632080078,26.760527498057638,110000
2023-11-20,26.627744674682617,26.716268099945268,26.627744674682617,26.716268099945268,107000
2023-11-21,26.53921890258789,26.636594830610356,26.53921890258789,26.636594830610356,107000
2023-11-22,26.74282455444336,26.74282455444336,26.67200615030976,26.67200615030976,102000
2023-11-23,26.93757438659668,26.955279408396603,26.928721875696716,26.955279408396603,103000
2023-11-24,26.86675453186035,26.86675453186035,26.79593613694229,26.79593613694229,116000
2023-11-27,26.849050521850586,26.8667555433576,26.787084635019816,26.8667555433576,103000
2023-11-28,27.008394241333008,27.008394241333008,26.884462458940177,26.884462458940177,132000
2023-11-29,27.026098251342773,27.026098251342773,26.972983185070017,26.999540718206394,123000
2023-11-30,27.220848083496094,27.26510894971775,27.220848083496094,27.26510894971775,116000
2023-12-01,27.21199607849121,27.229701100686572,27.21199607849121,27.229701100686572,115000
2023-12-04,27.42445182800293,27.42445182800293,27.36248593752367,27.36248593752367,102000
2023-12-05,27.628053665161133,27.628053665161133,27.61035033160458,27.61035033160458,102000
2023-12-06,27.858213424682617,27.929031823068023,27.849360913828967,27.875918446389917,275000
2023-12-07,28.22115707397461,28.26541962690424,28.159191188316882,28.159191188316882,117000
2023-12-08,28.070669174194336,28.070669174194336,27.99985077441037,27.99985077441037,104000
2023-12-11,27.99100112915039,27.99100112915039,27.99100112915039,27.99100112915039,100000
2023-12-12,27.973295211791992,27.973295211791992,27.973295211791992,27.973295211791992,100000
2023-12-13,27.99985122680664,27.99985122680664,27.991000404078996,27.991000404078996,110000
2023-12-14,28.345090866088867,28.345090866088867,28.247714936945673,28.247714936945673,110000
2023-12-15,28.716888427734375,28.716888427734375,28.59295664528433,28.646071713571978,131000
2023-12-18,28.955900192260742,28.95590019226074,28.77000252486084,28.77000252486084,143000
2023-12-19,28.93819808959961,28.955903113550722,28.823120499249406,28.955903113550722,106000
2023-12-20,28.991310119628906,28.991310119628906,28.991310119628906,28.991310119628906,104000
2023-12-21,29.0621337890625,29.0621337890625,29.0621337890625,29.0621337890625,100000
2023-12-22,28.876230239868164,28.929345308126674,28.876230239868164,28.91164028537384,107000
2023-12-25,28.752296447753906,28.761150646955333,28.67262553937889,28.761150646955333,109000
2023-12-26,28.734590530395508,28.82311563521205,28.734590530395508,28.82311563521205,114000
2023-12-27,28.637216567993164,28.637216567993164,28.619514922703022,28.637216567993164,116000
2023-12-28,28.522138595581055,28.619514527771578,28.522138595581055,28.619514527771578,113000
2023-12-29,28.610660552978516,28.610660552978516,28.610660552978516,28.610660552978516,100000
2024-01-02,28.557546615600586,28.557546615600586,28.469024878626534,28.469024878626534,102000
2024-01-03,28.353944778442383,28.55754748116403,28.300831396959335,28.55754748116403,204000
2024-01-04,28.123783111572266,28.23000986276272,28.123783111572266,28.23000986276272,147000
2024-01-05,27.929031372070312,28.008702280022845,27.911328039092684,28.008702280022845,133000
2024-01-08,27.760839462280273,27.778542795722398,27.743134440394332,27.778542795722398,125000
2024-01-09,27.867063522338867,27.893621052600025,27.787392619999054,27.80509764017316,166000
2024-01-10,27.929031372070312,27.929031372070312,27.88477050696058,27.88477050696058,143000
2024-01-11,28.141489028930664,28.150339851441867,28.08837396320051,28.150339851441867,507000
2024-01-12,28.309680938720703,28.309680938720703,28.194601676172766,28.194601676172766,504000
2024-01-15,28.530988693237305,28.539842892422932,28.398206097440905,28.398206097440905,516035
2024-01-16,28.548694610595703,28.548694610595703,28.522138765980596,28.522138765980596,504000
2024-01-17,28.40068244934082,28.40068244934082,28.382740988427205,28.382740988427205,542000
2024-01-18,28.13156509399414,28.203329220826095,28.122594364266178,28.122594364266178,568000
2024-01-19,27.970096588134766,28.095683387763398,27.961125858019606,28.095683387763398,613000
2024-01-22,27.9521541595459,28.023918286989222,27.93421269993713,27.93421269993713,597000
2024-01-23,27.907302856445312,27.907302856445312,27.835538727369258,27.835538727369258,529000
2024-01-24,27.77274513244629,27.8086280544378,27.754805382442424,27.799657323939922,542000
2024-01-25,27.683040618896484,27.718921829078813,27.59333502695288,27.718921829078813,531000
2024-01-26,27.72789192199707,27.72789192199707,27.692010712639537,27.700979731735057,540000
2024-01-29,27.745832443237305,27.76377390280483,27.692009775526483,27.692009775526483,585000
2024-01-30,27.961124420166016,27.961124420166016,27.835537626995475,27.835537626995475,712000
2024-01-31,28.158475875854492,28.1674466056792,27.988037142160387,27.988037142160387,509000
2024-02-01,28.337886810302734,28.346857540051445,28.25715195355609,28.337886810302734,602000
2024-02-02,28.38273811340332,28.400679572499563,28.33788617665443,28.33788617665443,662000
2024-02-05,28.140539169311523,28.29303817083379,28.131568438517043,28.29303817083379,616000
2024-02-15,27.77274513244629,27.77274513244629,27.683041249451293,27.754805382442424,514000
2024-02-16,27.871421813964844,27.871421813964844,27.84451133311838,27.862451083352052,506000
2024-02-19,27.808626174926758,27.826567634709896,27.799655445035185,27.808626174926758,541000
2024-02-20,27.826568603515625,27.844510063923412,27.781714952496152,27.781714952496152,507000
2024-02-21,27.826568603515625,27.826568603515625,27.763775203080204,27.763775203080204,529000
2024-02-22,27.817596435546875,27.826567165287113,27.736861578876486,27.7637737680972,510000
2024-02-23,27.961124420166016,27.970095149819873,27.925241501550584,27.925241501550584,512000
2024-02-26,28.185386657714844,28.185386657714844,28.077739616186175,28.077739616186175,515000
2024-02-27,28.167448043823242,28.22127071452773,28.10465464283603,28.22127071452773,503000
2024-02-29,28.122594833374023,28.140536293129227,28.122594833374023,28.140536293129227,501000
2024-03-01,28.17641830444336,28.17641830444336,28.113624904502828,28.113624904502828,542000
2024-03-04,28.230239868164062,28.26612278729091,28.176417200465544,28.176417200465544,834000
2024-03-05,28.14950180053711,28.21229690184702,28.140532782770112,28.1943554443299,548000
2024-03-06,28.3199462890625,28.3199462890625,28.284065079870643,28.284065079870643,507000
2024-03-07,28.391712188720703,28.436565841747,28.337889516081056,28.337889516081056,526000
2024-03-08,28.427595138549805,28.427595138549805,28.373770754866353,28.39171221609417,512000
2024-03-11,28.454504013061523,28.454504013061523,28.4186228036234,28.43656426383837,510000
2024-03-12,28.41861915588379,28.454500360716295,28.39170696901571,28.454500360716295,580000
2024-03-13,28.499357223510742,28.499357223510742,28.43656382471982,28.43656382471982,507000
2024-03-14,28.508325576782227,28.517296306003306,28.499354847561143,28.499354847561143,508000
2024-03-15,28.43656349182129,28.499356889877106,28.427592761957346,28.499356889877106,506000
2024-03-18,28.43656349182129,28.43656349182129,28.43656349182129,28.43656349182129,0
2024-03-19,28.409650802612305,28.409650802612305,28.364798865073144,28.382738613493764,505000
2024-03-20,28.409650802612305,28.409650802612305,28.409650802612305,28.409650802612305,0
2024-03-21,28.6697940826416,28.68773554140471,28.6070006879624,28.6070006879624,584000
2024-03-22,28.965824127197266,28.974793145930203,28.840237333035187,28.840237333035187,527000
2024-03-25,28.965824127197266,28.965824127197266,28.965824127197266,28.965824127197266,0
2024-03-26,28.965824127197266,28.965824127197266,28.965824127197266,28.965824127197266,0
2024-03-27,29.037588119506836,29.037588119506836,28.938911798169773,28.938911798169773,503000
2024-03-28,29.100379943847656,29.11832140329934,29.07346946566188,29.091410925113564,513000
2024-03-29,29.046560287475586,29.046560287475586,29.046560287475586,29.046560287475586,500000
2024-04-01,29.06450080871582,29.06450080871582,29.04655934904081,29.04655934904081,103000
2024-04-02,28.87611961364746,28.947885458363253,28.87611961364746,28.947885458363253,168000
2024-04-03,28.759504318237305,28.849208199245204,28.759504318237305,28.849208199245204,106000
2024-04-08,28.768470764160156,28.804353682147017,28.750529305166726,28.750529305166726,156000
2024-04-09,28.849205017089844,28.885087934328492,28.840235998771846,28.87611549402716,105000
2024-04-10,28.974794387817383,29.001708289136737,28.95685292759903,28.95685292759903,105000
2024-04-11,28.6877384185791,28.6877384185791,28.651857208445936,28.66082793872719,133000
2024-04-12,28.62494468688965,28.62494468688965,28.52626836592774,28.52626836592774,108000
2024-04-15,28.6697940826416,28.69670627078626,28.6697940826416,28.69670627078626,117000
2024-04-16,28.427595138549805,28.660829001535696,28.418624407935898,28.660829001535696,158000
2024-04-17,28.284061431884766,28.293032160773667,28.22126632966246,28.22126632966246,124000
2024-04-18,28.36138153076172,28.36138153076172,28.288613463524637,28.32499662967939,108000
2024-04-19,28.3886661529541,28.516011561413524,28.352282989771002,28.352282989771002,206000
2024-04-22,28.324993133544922,28.37047425428413,28.3068024201766,28.37047425428413,120000
2024-04-23,28.44324493408203,28.461437384054467,28.425052484109596,28.425052484109596,110000
2024-04-24,28.44324493408203,28.44324493408203,28.388667584164725,28.388667584164725,106000
2024-04-25,28.34318733215332,28.388666720773713,28.34318733215332,28.388666720773713,103000
2024-04-26,28.252225875854492,28.252225875854492,28.206746488753925,28.206746488753925,105000
2024-04-29,28.4068603515625,28.4068603515625,28.4068603515625,28.4068603515625,200000
2024-04-30,28.488723754882812,28.488723754882812,28.434148140983446,28.44324436578792,104000
2024-05-02,28.425052642822266,28.425052642822266,28.370477027527755,28.379573252564764,105000
2024-05-03,28.39776611328125,28.425054790454045,28.39776611328125,28.425054790454045,103000
2024-05-06,28.67064666748047,28.67064666748047,28.625165540465694,28.625165540465694,108000
2024-05-07,28.879854202270508,28.879854202270508,28.807086135094963,28.807086135094963,110000
2024-05-08,29.079965591430664,29.079965591430664,28.970814359489292,28.970814359489292,191000
2024-05-09,28.870756149291992,28.916237272727177,28.870756149291992,28.916237272727177,102000
2024-05-10,28.86166000366211,28.979909189990032,28.86166000366211,28.934428066430268,134000
2024-05-13,28.961719512939453,28.961719512939453,28.934430836191375,28.934430836191375,102000
2024-05-14,28.870756149291992,28.925331762486753,28.870756149291992,28.925331762486753,102000
2024-05-15,28.843469619750977,28.87985452120435,28.843469619750977,28.87985452120435,102000
2024-05-16,29.21640396118164,29.22550192078008,29.079964060971893,29.079964060971893,154000
2024-05-17,29.23459815979004,29.27098306065106,29.23459815979004,29.252790610220547,103000
2024-05-20,29.20730972290039,29.20730972290039,29.18002278357999,29.18002278357999,128000
2024-05-21,29.198211669921875,29.216404119362327,29.198211669921875,29.198211669921875,102000
2024-05-22,29.21640396118164,29.280075798951028,29.207309471438123,29.252788859865554,105000
2024-05-23,29.134538650512695,29.216402934747972,29.134538650512695,29.198210486045156,111000
2024-05-24,29.043581008911133,29.061773458323053,28.979909170896878,29.061773458323053,119000
2024-05-27,28.943523406982422,28.943523406982422,28.943523406982422,28.943523406982422,101000
2024-05-28,28.943523406982422,28.943523406982422,28.943523406982422,28.943523406982422,103000
2024-05-29,28.734315872192383,28.770699035536158,28.734315872192383,28.770699035536158,131000
2024-05-30,28.734315872192383,28.734315872192383,28.734315872192383,28.734315872192383,100000
2024-05-31,29.0071964263916,29.025388876001898,28.998100201586453,28.998100201586453,124000
2024-06-03,29.03448486328125,29.03448486328125,29.01629241381978,29.01629241381978,103000
2024-06-04,29.252788543701172,29.270980992846503,29.23459609455584,29.23459609455584,122000
2024-06-05,29.343748092651367,29.43471034077448,29.343748092651367,29.398325441525234,166000
2024-06-06,29.38922882080078,29.416515758331812,29.38922882080078,29.416515758331812,111000
2024-06-07,29.38922882080078,29.38922882080078,29.361938413415025,29.361938413415025,113000
2024-06-11,29.17092514038086,29.216404529693257,29.17092514038086,29.216404529693257,110000
2024-06-12,29.198211669921875,29.243694528450472,29.198211669921875,29.243694528450472,144000
2024-06-13,29.425613403320312,29.452903813632837,29.39832646286288,29.40742442291875,130000
2024-06-14,29.571147918701172,29.571147918701172,29.543860979735665,29.543860979735665,107000
2024-06-17,29.480192184448242,29.51657708672692,29.480192184448242,29.51657708672692,107000
2024-06-18,29.38013458251953,29.41651948373863,29.38013458251953,29.41651948373863,115000
2024-06-19,29.580249786376953,29.589344277282045,29.56205733471141,29.56205733471141,114000
2024-06-20,29.562053680419922,29.571148170200804,29.562053680419922,29.571148170200804,105000
2024-06-21,29.507476806640625,29.543861706059076,29.507476806640625,29.507476806640625,102000
2024-06-24,29.552959442138672,29.598438831139983,29.54386148242543,29.598438831139983,127000
2024-06-25,29.72578239440918,29.734876884232616,29.689397495405533,29.689397495405533,133000
2024-06-26,29.72578239440918,29.72578239440918,29.72578239440918,29.72578239440918,105000
2024-06-27,29.562053680419922,29.571148170200804,29.562053680419922,29.571148170200804,104000
2024-06-28,29.607532501220703,29.63482290974984,29.607532501220703,29.63482290974984,104000
2024-07-01,29.361940383911133,29.389230793128363,29.361940383911133,29.389230793128363,111000
2024-07-02,29.252788543701172,29.261883033346397,29.21640364541051,29.261883033346397,138000
2024-07-03,29.361940383911133,29.37103834360186,29.234596707080584,29.234596707080584,112000
2024-07-04,29.54386329650879,29.562055747197377,29.489285944443022,29.489285944443022,138000
2024-07-05,29.443805694580078,29.46199814473849,29.443805694580078,29.46199814473849,102000
2024-07-08,29.62572479248047,29.65301173100939,29.607532343509575,29.607532343509575,110000
2024-07-09,29.853130340576172,29.880417283803933,29.81674543636886,29.81674543636886,107000
2024-07-10,29.734880447387695,29.825842705796894,29.734880447387695,29.825842705796894,125000
2024-07-11,29.753070831298828,29.862225533803862,29.753070831298828,29.862225533803862,110000
2024-07-12,30.025949478149414,30.035047437931308,29.980470088804925,29.980470088804925,181000
2024-07-15,30.03504753112793,30.0623344708483,29.998662631597444,30.0623344708483,104000
2024-07-16,30.085739135742188,30.1410450701287,30.085739135742188,30.1410450701287,105000
2024-07-17,30.205568313598633,30.205568313598633,30.159481790877745,30.159481790877745,101000
2024-07-18,30.10417938232422,30.141050011292936,30.10417938232422,30.141050011292936,122000
2024-07-19,30.085739135742188,30.094958549561337,30.058087926636993,30.076523238099167,137000
2024-07-22,30.094961166381836,30.1041770648262,30.01200401567683,30.03043932874199,113000
2024-07-23,30.05809211730957,30.07652743134198,30.05809211730957,30.07652743134198,110000
2024-07-26,29.975135803222656,29.993571117772277,29.975135803222656,29.993571117772277,110000
2024-07-29,30.205568313598633,30.205568313598633,30.205568313598633,30.205568313598633,100000
2024-07-30,30.242441177368164,30.242441177368168,30.242441177368168,30.242441177368168,101000
2024-07-31,30.353046417236328,30.38069762683305,30.270089272269974,30.270089272269974,106000
2024-08-01,30.353046417236328,30.49130949757232,30.343827003253292,30.49130949757232,156000
2024-08-02,30.583484649658203,30.611135861161998,30.583484649658203,30.592700548100655,139000
2024-08-05,30.53740119934082,30.74018263107705,30.528181783793798,30.583487728545563,149000
2024-08-06,30.528175354003906,30.54661066503835,30.454437626042186,30.454437626042186,146000
2024-08-07,30.528175354003906,30.57426187350199,30.528175354003906,30.528175354003906,199000
2024-08-08,30.417572021484375,30.472877963710662,30.417572021484375,30.472877963710662,109000
2024-08-09,30.19635009765625,30.214785410711446,30.19635009765625,30.214785410711446,101000
2024-08-12,30.32539939880371,30.37148592655976,30.32539939880371,30.37148592655976,120000
2024-08-13,30.362262725830078,30.426784559879508,30.362262725830078,30.362262725830078,119000
2024-08-14,30.399137496948242,30.445224025245476,30.399137496948242,30.399137496948242,103000
2024-08-15,30.583484649658203,30.583484649658203,30.500527498970374,30.500527498970374,102000
2024-08-16,30.611135482788086,30.611135482788086,30.583484271626077,30.583484271626077,102000
2024-08-19,30.436002731323242,30.518959874024933,30.436002731323242,30.518959874024933,128000
2024-08-20,30.353046417236328,30.445219460009525,30.353046417236328,30.445219460009525,102000
2024-08-21,30.592702865600586,30.648008808974225,30.565051652002115,30.63879290983364,137000
2024-08-22,30.70331573486328,30.70331573486328,30.638793890284333,30.638793890284333,117000
2024-08-23,30.60192108154297,30.694094134043148,30.60192108154297,30.61113698032236,102000
2024-08-26,30.638790130615234,30.638790130615234,30.62957071613423,30.62957071613423,104000
2024-08-27,30.72174835205078,30.76783487753478,30.72174835205078,30.730964250676976,105000
2024-08-28,30.795486450195312,30.795486450195312,30.795486450195312,30.795486450195312,100000
2024-08-29,30.694095611572266,30.694095611572266,30.694095611572266,30.694095611572266,100000
2024-08-30,30.6203556060791,30.6203556060791,30.6203556060791,30.6203556060791,100000
2024-09-02,30.583484649658203,30.583484649658203,30.583484649658203,30.583484649658203,100000
2024-09-03,30.694095611572266,30.694095611572266,30.694095611572266,30.694095611572266,100000
2024-09-04,30.694095611572266,30.694095611572266,30.694095611572266,30.694095611572266,100000
2024-09-05,30.74940299987793,30.74940299987793,30.70331646924447,30.70331646924447,110000
2024-09-06,30.7309627532959,30.77704927653431,30.7309627532959,30.77704927653431,110000
2024-09-09,30.83235740661621,30.83235740661621,30.83235740661621,30.83235740661621,100000
2024-09-10,30.96139907836914,30.97061497660365,30.906093140433022,30.906093140433022,104000
2024-09-11,31.06279182434082,31.090443035473964,31.044356511526594,31.044356511526594,118000
2024-09-12,31.06279182434082,31.072007722659738,31.06279182434082,31.072007722659738,102000
2024-09-13,31.108875274658203,31.108875274658203,31.06278875526429,31.06278875526429,102000
2024-09-16,31.044355392456055,31.044355392456055,31.044355392456055,31.044355392456055,100000
2024-09-18,31.265575408935547,31.302446037130085,31.21948888178069,31.25635950997523,127000
2024-09-19,31.265575408935547,31.339316665324624,31.25635950997523,31.265575408935547,110000
2024-09-20,31.182619094848633,31.228705618050082,31.182619094848633,31.228705618050082,111000
2024-09-23,31.15496826171875,31.228709520998283,31.15496826171875,31.228709520998283,103000
2024-09-24,31.173402786254883,31.173402786254883,31.173402786254883,31.173402786254883,100000
2024-09-25,30.970617294311523,30.970617294311523,30.970617294311523,30.970617294311523,100000
2024-09-26,30.96139907836914,30.96139907836914,30.96139907836914,30.96139907836914,100000
2024-09-27,30.804698944091797,30.83235366959056,30.804698944091797,30.83235366959056,122000
2024-09-30,30.804698944091797,30.804698944091797,30.804698944091797,30.804698944091797,101000
2024-10-01,31.108875274658203,31.108875274658203,31.007482822285965,31.007482822285965,141000
2024-10-04,31.127317428588867,31.15496864306877,31.127317428588867,31.127317428588867,120000
2024-10-07,31.15496826171875,31.15496826171875,31.15496826171875,31.15496826171875,101000
2024-10-08,30.906091690063477,30.906091690063477,30.906091690063477,30.906091690063477,100000
2024-10-09,30.75861167907715,30.82313351005314,30.75861167907715,30.82313351005314,108000
2024-10-11,30.675657272338867,30.712527897948984,30.648006061219476,30.712527897948984,116000
2024-10-14,30.417572021484375,30.46365854858463,30.417572021484375,30.46365854858463,107000
2024-10-15,30.62957000732422,30.62957000732422,30.55583227406448,30.55583227406448,107000
2024-10-16,30.675657272338867,30.68487668682959,30.629570748414416,30.648006061219476,107000
2024-10-17,30.786266326904297,30.786266326904297,30.767831015789255,30.786266326904297,104000
2024-10-18,30.528175354003906,30.5558300786436,30.482088834505824,30.5558300786436,119000
2024-10-21,30.318025588989258,30.32736770330635,30.29934492332773,30.32736770330635,102000
2024-10-22,29.888381958007812,29.99112384106411,29.888381958007812,29.99112384106411,108000
2024-10-23,29.73893928527832,29.785639168071285,29.73893928527832,29.73893928527832,105000
2024-10-24,29.73893928527832,29.73893928527832,29.70157795385488,29.71091828671074,115000
2024-10-25,29.90706443786621,29.90706443786621,29.88838377045292,29.88838377045292,103000
2024-10-28,29.73893928527832,29.74827961813418,29.73893928527832,29.74827961813418,107000
2024-10-29,29.692241668701172,29.692241668701172,29.682901335132424,29.682901335132424,102000
2024-10-30,29.785640716552734,29.794981049894176,29.785640716552734,29.794981049894176,103000
2024-11-01,29.654878616333008,29.720259166039863,29.636197950277804,29.720259166039863,116000
2024-11-04,29.43071746826172,29.43071746826172,29.402696467750634,29.43071746826172,118000
2024-11-05,29.533456802368164,29.533456802368164,29.533456802368164,29.533456802368164,100000
2024-11-06,29.234575271606445,29.32797682913123,29.001072268537747,29.32797682913123,193000
2024-11-07,29.570816040039062,29.617515921542083,29.514775825938184,29.514775825938184,171000
2024-11-08,29.794981002807617,29.823002002787653,29.794981002807617,29.823002002787653,101000
2024-11-11,30.01914405822754,30.04716327709454,29.907063619786637,29.907063619786637,143000
2024-11-12,30.243309020996094,30.243309020996094,30.121886465518163,30.121886465518163,107000
2024-11-13,29.925743103027344,29.935081654622675,29.925743103027344,29.935081654622675,105000
2024-11-14,29.869701385498047,29.869701385498047,29.869701385498047,29.869701385498047,100000
2024-11-15,29.8043212890625,29.8043212890625,29.8043212890625,29.8043212890625,100000
2024-11-18,29.701580047607422,29.748281715178862,29.701580047607422,29.720260714635998,102000
2024-11-19,29.62685775756836,29.66421908985572,29.62685775756836,29.66421908985572,102000
2024-11-20,29.673559188842773,29.729599405345354,29.664218855844613,29.729599405345354,106000
2024-11-21,29.8043212890625,29.81366162237443,29.785640622438645,29.785640622438645,103000
2024-11-22,29.85102081298828,29.85102081298828,29.794980595281128,29.794980595281128,101000
2024-11-25,29.925743103027344,29.925743103027344,29.879041437618795,29.879041437618795,120000
2024-11-26,30.01914405822754,30.01914405822754,30.01914405822754,30.01914405822754,100000
2024-11-27,30.084524154663086,30.084524154663086,30.084524154663086,30.084524154663086,100000
2024-11-28,30.299346923828125,30.299346923828125,30.2619891530112,30.2619891530112,108000
2024-11-29,30.308687210083008,30.33670642724838,30.280664429944956,30.299345095712763,110000
2024-12-02,30.355384826660156,30.411426819779447,30.318023497913966,30.318023497913966,107000
2024-12-03,30.467470169067383,30.467470169067383,30.37407039509441,30.37407039509441,102000
2024-12-04,30.318025588989258,30.318025588989258,30.318025588989258,30.318025588989258,100000
2024-12-05,30.318025588989258,30.346048368967878,30.318025588989258,30.346048368967878,138000
2024-12-06,30.430112838745117,30.430112838745117,30.430112838745117,30.430112838745117,100000
2024-12-09,30.644933700561523,30.654272252456597,30.44878848103627,30.44878848103627,107000
2024-12-10,30.44878578186035,30.476808561007196,30.44878578186035,30.476808561007196,115000
2024-12-11,30.42076873779297,30.42076873779297,30.355388186736285,30.355388186736285,101000
2024-12-12,30.327367782592773,30.402086882461564,30.327367782592773,30.402086882461564,101000
2024-12-13,30.1685848236084,30.1685848236084,30.1685848236084,30.1685848236084,100000
2024-12-16,29.935081481933594,29.935081481933594,29.935081481933594,29.935081481933594,111000
2024-12-17,29.785640716552734,29.879042268480713,29.76696183135628,29.879042268480713,109000
2024-12-18,29.83234214782715,29.83234214782715,29.83234214782715,29.83234214782715,100000
2024-12-19,29.468074798583984,29.598837676288344,29.468074798583984,29.598837676288344,232000
2024-12-20,29.243915557861328,29.27193655951907,29.234575223975412,29.27193655951907,115000
2024-12-23,29.458738327026367,29.458738327026367,29.281275554282978,29.281275554282978,110000
2024-12-24,29.271934509277344,29.30929406071776,29.25325384281393,29.30929406071776,123000
2024-12-25,29.309293746948242,29.309293746948242,29.309293746948242,29.309293746948242,100000
2024-12-26,29.281274795532227,29.281274795532227,29.281274795532227,29.281274795532227,100000
2024-12-27,29.346654891967773,29.346654891967773,29.346654891967773,29.346654891967773,104000
2024-12-30,29.206554412841797,29.262594631618082,29.206554412841797,29.262594631618082,116000
2024-12-31,29.384016036987305,29.412037037723675,29.346656484158615,29.412037037723675,107000
2025-01-02,29.355995178222656,29.355995178222656,29.243912963023373,29.243912963023373,105000
2025-01-03,29.477415084838867,29.477415084838867,29.44939586797143,29.458736200756015,102000
2025-01-06,29.309293746948242,29.40269529677899,29.309293746948242,29.40269529677899,103000
2025-01-07,29.150510787963867,29.206552785103256,29.150510787963867,29.15985112082043,115000
2025-01-08,29.029090881347656,29.038431214480145,29.01975054821517,29.01975054821517,109000
2025-01-09,29.12249183654785,29.12249183654785,29.057111287441803,29.057111287441803,130000
2025-01-10,29.150510787963867,29.150510787963867,29.150510787963867,29.150510787963867,100000
2025-01-13,29.066452026367188,29.066452026367188,29.066452026367188,29.066452026367188,100000
2025-01-14,29.047771453857422,29.047771453857422,28.991731236729763,29.01041012144806,109000
2025-01-15,29.047771453857422,29.047771453857422,29.047771453857422,29.047771453857422,100000
2025-01-16,29.253253936767578,29.318634488113098,29.253253936767578,29.318634488113098,145000
2025-01-17,29.329038619995117,29.329038619995117,29.329038619995117,29.329038619995117,100000
2025-01-20,29.243783950805664,29.300622673561797,29.243783950805664,29.300622673561797,101000
2025-01-21,29.433242797851562,29.433242797851562,29.34798382234522,29.34798382234522,102000
2025-01-22,29.385879516601562,29.385879516601562,29.319567377080347,29.319567377080347,106000
2025-02-03,29.887956619262695,29.887956619262695,29.887956619262695,29.887956619262695,100000
2025-02-04,29.670074462890625,29.70796814596356,29.651127621354156,29.651127621354156,121000
2025-02-05,29.821645736694336,29.821645736694336,29.755333597841734,29.821645736694336,121000
2025-02-06,30.058473587036133,30.058473587036133,30.020581713471906,30.020581713471906,126000
2025-02-07,29.982688903808594,29.982688903808594,29.982688903808594,29.982688903808594,100000
2025-02-10,29.916379928588867,29.925853349973433,29.869014628536412,29.925853349973433,166000
2025-02-11,29.906904220581055,29.906904220581055,29.906904220581055,29.906904220581055,100000
2025-02-12,29.736387252807617,29.736387252807617,29.736387252807617,29.736387252807617,100000
2025-02-13,29.556396484375,29.60376178047567,29.556396484375,29.60376178047567,108000
2025-02-14,29.793228149414062,29.831120026918335,29.6606020609733,29.6606020609733,159000
2025-02-17,29.944799423217773,29.944799423217773,29.944799423217773,29.944799423217773,100000
2025-02-18,29.92584991455078,29.92584991455078,29.92584991455078,29.92584991455078,100000
2025-02-19,29.859539031982422,29.92585116997339,29.859539031982422,29.92585116997339,134000
2025-02-20,29.906904220581055,29.906904220581055,29.906904220581055,29.906904220581055,101000
2025-02-21,30.001638412475586,30.001638412475586,29.87848755027637,29.87848755027637,121000
2025-02-24,30.020584106445312,30.020584106445312,30.020584106445312,30.020584106445312,100000
2025-02-25,30.200572967529297,30.200572967529297,30.15320767120187,30.172154512480933,104000
2025-02-26,30.380563735961914,30.418457417759218,30.34267005416461,30.36161689506326,174000
2025-02-27,30.5131893157959,30.551082999216693,30.5131893157959,30.551082999216693,102000
2025-03-03,30.69318199157715,30.69318199157715,30.664759922616874,30.68370676401023,157000
2025-03-04,30.69318199157715,30.80685942619678,30.25741367388125,30.25741367388125,150000
2025-03-05,30.617395401000977,30.617395401000977,30.560554875382152,30.570030103188913,108000
2025-03-06,30.427928924560547,30.427928924560547,30.399510470182495,30.418457311014656,174000
2025-03-07,30.50371551513672,30.50371551513672,30.418456540422046,30.42792815372799,104000
2025-03-10,30.588973999023438,30.588973999023438,30.588973999023438,30.588973999023438,100000
2025-03-11,30.7310733795166,30.7310733795166,30.7310733795166,30.7310733795166,100000
2025-03-12,30.579500198364258,30.579500198364258,30.494241221041143,30.494241221041143,101000
2025-03-13,30.52266502380371,30.54161186581224,30.52266502380371,30.54161186581224,100000
2025-03-14,30.427928924560547,30.427928924560547,30.427928924560547,30.427928924560547,100000
2025-03-17,30.427928924560547,30.427928924560547,30.427928924560547,30.427928924560547,100000
2025-03-18,30.579500198364258,30.579500198364258,30.579500198364258,30.579500198364258,100000
2025-03-19,30.532136917114258,30.532136917114258,30.532136917114258,30.532136917114258,100000
2025-03-20,30.712121963500977,30.712121963500977,30.693178737856247,30.693178737856247,101000
2025-03-21,30.702653884887695,30.702653884887695,30.702653884887695,30.702653884887695,100000
2025-03-24,30.598447799682617,30.598447799682617,30.598447799682617,30.598447799682617,100000
2025-03-25,30.5131893157959,30.532136157506297,30.5131893157959,30.532136157506297,102000
2025-03-26,30.45635223388672,30.45635223388672,30.45635223388672,30.45635223388672,100000
2025-03-27,30.37109375,30.399512206000754,30.37109375,30.399512206000754,110000
2025-03-28,30.418458938598633,30.418458938598633,30.418458938598633,30.418458938598633,100000
2025-03-31,30.5605525970459,30.5605525970459,30.494240462304564,30.494240462304564,114000
2025-04-01,30.674236297607422,30.674236297607422,30.64581422758397,30.64581422758397,101000
2025-04-02,30.702653884887695,30.750019181931997,30.702653884887695,30.731072340366172,110000
2025-04-07,30.153207778930664,30.46582343367118,30.153207778930664,30.46582343367118,67000
2025-04-08,29.802698135375977,29.82164497652812,29.70796754335571,29.70796754335571,220000
2025-04-09,28.533292770385742,29.120630437978075,28.533292770385742,29.120630437978075,66000
2025-04-10,29.584815979003906,29.584815979003906,29.18694133441676,29.18694133441676,234000
2025-04-11,28.779592514038086,28.779592514038086,28.779592514038086,28.779592514038086,109000
2025-04-14,28.656442642211914,28.656442642211914,28.48592467788628,28.561710239045418,113000
2025-04-15,28.93116569519043,28.93116569519043,28.86485174985057,28.86485174985057,122000
2025-04-16,28.959585189819336,28.988005453127705,28.959585189819336,28.988005453127705,105000
2025-04-17,28.969057083129883,28.969057083129883,28.969057083129883,28.969057083129883,100000
2025-04-18,29.025896072387695,29.025896072387695,29.025896072387695,29.025896072387695,100000
2025-04-21,28.74717140197754,28.9393966190313,28.708727458484105,28.9393966190313,126000
2025-04-22,28.62222671508789,28.641447770519534,28.57416949351989,28.641447770519534,122000
2025-04-23,29.17006492614746,29.17006492614746,29.064340876541518,29.064340876541518,125000
2025-04-24,29.227731704711914,29.23734314858599,29.227731704711914,29.23734314858599,110000
2025-04-25,29.439176559448242,29.439176559448242,29.343065791704667,29.343065791704667,115000
2025-04-28,29.70829200744629,29.70829200744629,29.68906912027518,29.68906912027518,101000
2025-04-29,29.544902801513672,29.592960022155605,29.544902801513672,29.592960022155605,101000
2025-04-30,29.362289428710938,29.516068870465055,29.362289428710938,29.516068870465055,103000
2025-05-02,28.61261558532715,29.20851047375688,28.61261558532715,29.160455084856142,144000
2025-05-05,26.949871063232422,27.13248298637123,26.767257306898248,26.767257306898248,27000
2025-05-06,26.997928619384766,27.094041226937822,26.997928619384766,27.06520689471325,269000
2025-05-07,27.478490829467773,27.478490829467773,27.247821662816936,27.247821662816936,140000
2025-05-08,27.593822479248047,27.593822479248047,27.51693276265129,27.574601424995443,125000
2025-05-09,27.420822143554688,27.57460157759925,27.420822143554688,27.555378690044815,54000
2025-05-12,27.382375717163086,27.382375717163086,27.24781917387335,27.24781917387335,222000
2025-05-13,27.613046646118164,27.613046646118164,27.47849009413816,27.47849009413816,169000
2025-05-14,27.574602127075195,27.574602127075195,27.574602127075195,27.574602127075195,100000
2025-05-15,27.30548667907715,27.30548667907715,27.2478198495509,27.286263791503245,192000
2025-05-16,27.411212921142578,27.411212921142578,27.39199003203035,27.411212921142578,120000
2025-05-19,27.276653289794922,27.276653289794922,27.276653289794922,27.276653289794922,102000
2025-05-20,27.51693344116211,27.51693344116211,27.46887805455248,27.46887805455248,129000
2025-05-21,27.267044067382812,27.32471089972241,27.267044067382812,27.305488011210695,111000
2025-05-22,26.901817321777344,26.978707044924718,26.901817321777344,26.978707044924718,103000
2025-05-23,26.969093322753906,26.969093322753906,26.969093322753906,26.969093322753906,100000
2025-05-26,26.748035430908203,26.748035430908203,26.699980045781352,26.699980045781352,101000
2025-05-27,26.959482192993164,26.959482192993164,26.872981031600826,26.872981031600826,120000
2025-05-28,27.103652954101562,27.103652954101562,27.103652954101562,27.103652954101562,100000
2025-05-29,27.209375381469727,27.209375381469727,27.209375381469727,27.209375381469727,100000
2025-06-02,27.315099716186523,27.315099716186523,27.315099716186523,27.315099716186523,100000
2025-06-03,27.315099716186523,27.32471116053412,27.315099716186523,27.32471116053412,101000
2025-06-04,27.420822143554688,27.420822143554688,27.420822143554688,27.420822143554688,100000
2025-06-05,27.507322311401367,27.507322311401367,27.47848798111057,27.47848798111057,102000
2025-06-06,27.545766830444336,27.545766830444336,27.545766830444336,27.545766830444336,100000
2025-06-09,27.43043327331543,27.43043327331543,27.43043327331543,27.43043327331543,1000
2025-06-10,27.51693344116211,27.51693344116211,27.51693344116211,27.51693344116211,201000
2025-06-11,27.603435516357422,27.603435516357422,27.53615723960111,27.584214460995298,172000
2025-06-12,27.593822479248047,27.622656810420125,27.593822479248047,27.622656810420125,110000
2025-06-13,27.622657775878906,27.622657775878906,27.613046331818943,27.622657775878906,112000
2025-06-16,27.459266662597656,27.459266662597656,27.459266662597656,27.459266662597656,100000
2025-06-17,27.411212921142578,27.411212921142578,27.411212921142578,27.411212921142578,100000
2025-06-18,27.43043327331543,27.43043327331543,27.43043327331543,27.43043327331543,100000
2025-06-19,27.52654457092285,27.52654457092285,27.52654457092285,27.52654457092285,100000
2025-06-20,27.440044403076172,27.459267291474873,27.440044403076172,27.459267291474873,103000
2025-06-23,27.564990997314453,27.564990997314453,27.564990997314453,27.564990997314453,100000
2025-06-24,27.574602127075195,27.574602127075195,27.507323852489485,27.507323852489485,107000
2025-06-25,27.584213256835938,27.60343431135899,27.584213256835938,27.60343431135899,200000
2025-06-26,27.411212921142578,27.440045421615316,27.401601476586464,27.440045421615316,102000
2025-06-27,27.411212921142578,27.411212921142578,27.411212921142578,27.411212921142578,0
2025-06-30,27.420822143554688,27.430433587331905,27.295875207646322,27.295875207646322,110000
2025-07-01,27.68032455444336,27.68032455444336,27.68032455444336,27.68032455444336,100000
2025-07-02,27.63226890563965,27.66110323749156,27.63226890563965,27.651491793540924,115000
2025-07-03,27.51693344116211,27.51693344116211,27.51693344116211,27.51693344116211,100000
2025-07-04,27.51693344116211,27.51693344116211,27.420822667942854,27.420822667942854,120000
2025-07-07,27.574602127075195,27.574602127075195,27.574602127075195,27.574602127075195,100000
2025-07-08,27.401599884033203,27.48810104681527,27.401599884033203,27.430434216025724,131000
2025-07-09,27.411212921142578,27.411212921142578,27.411212921142578,27.411212921142578,109000
2025-07-10,27.699546813964844,27.699546813964844,27.66110287186594,27.67071431568953,152000
2025-07-11,27.68032455444336,27.68032455444336,27.68032455444336,27.68032455444336,100000
2025-07-14,27.536157608032227,27.536157608032227,27.536157608032227,27.536157608032227,100000
2025-07-15,27.545766830444336,27.545766830444336,27.51693249954796,27.51693249954796,102000
2025-07-16,27.531145095825195,27.531145095825195,27.531145095825195,27.531145095825195,102000
2025-07-17,27.462900161743164,27.462900161743164,27.462900161743164,27.462900161743164,100000
2025-07-18,27.599388122558594,27.599388122558594,27.472652080125226,27.472652080125226,102000
2025-07-21,27.599388122558594,27.599388122558594,27.492150504952555,27.589638910144927,102000
2025-07-22,27.696876525878906,27.70662573763738,27.648132326558528,27.648132326558528,105000
2025-07-23,27.638383865356445,27.735874126116684,27.628634653333215,27.696877278023766,117000
2025-07-24,27.696876525878906,27.72612416115434,27.63838311480005,27.63838311480005,102000
2025-07-25,27.872360229492188,27.89185865413607,27.755371541101013,27.755371541101013,108000
2025-07-28,27.98934555053711,27.98934555053711,27.911353715635368,27.911353715635368,115000
2025-07-29,28.174577713012695,28.18432692510606,28.057590886836476,28.057590886836476,103000
2025-07-30,28.408552169799805,28.408552169799805,28.242819289311754,28.242819289311754,125000
2025-07-31,28.642526626586914,28.642526626586914,28.408551131999207,28.408551131999207,115000
2025-08-01,28.65227699279785,28.65227699279785,28.564535946357047,28.632780428733685,106000
2025-08-04,28.50604248046875,28.564535891492934,28.428050645945838,28.564535891492934,104000
2025-08-05,28.798513412475586,28.8082607648064,28.691273942116435,28.691273942116435,102000
2025-08-06,28.847257614135742,28.857006825939294,28.798513414590015,28.798513414590015,102000
2025-08-07,28.70102310180664,28.847257559639587,28.70102310180664,28.847257559639587,107000
2025-08-08,28.8277587890625,28.8277587890625,28.701022756325372,28.701022756325372,103000
2025-08-11,28.866756439208984,28.944748275250035,28.72052011959397,28.944748275250035,109000
2025-08-12,28.954496383666992,28.983742158897734,28.94474717209942,28.983742158897734,111000
2025-08-13,29.061735153198242,29.061735153198242,28.983743317013285,28.983743317013285,101000
2025-08-14,29.17872428894043,29.207970065792523,29.17872428894043,29.207970065792523,102000
2025-08-15,29.295711517333984,29.295711517333984,29.295711517333984,29.295711517333984,103000
2025-08-18,29.246965408325195,29.256714619931273,29.246965408325195,29.256714619931273,105000
2025-08-19,29.30545997619629,29.30545997619629,29.29571076420507,29.29571076420507,102000
2025-08-20,29.529687881469727,29.529687881469727,29.344456574158745,29.344456574158745,108000
2025-08-21,29.675922393798828,29.724666593954076,29.529687933861045,29.529687933861045,107000
2025-08-22,29.714916229248047,29.714916229248047,29.675921242531057,29.675921242531057,101000
2025-08-25,29.685670852661133,29.73441505157984,29.685670852661133,29.73441505157984,105000
2025-08-26,29.60767936706543,29.60767936706543,29.60767936706543,29.60767936706543,100000
2025-08-27,29.675922393798828,29.675922393798828,29.675922393798828,29.675922393798828,100000
2025-08-28,29.636926651000977,29.675923500156664,29.636926651000977,29.675923500156664,105000
2025-08-29,29.744165420532227,29.773413056704605,29.714917784359848,29.714917784359848,102000
2025-09-01,29.695419311523438,29.744165371730755,29.695419311523438,29.744165371730755,108000
2025-09-02,29.744165420532227,29.744165420532227,29.646675159429698,29.646675159429698,105000
2025-09-03,29.66617202758789,29.66617202758789,29.646673604495643,29.646673604495643,101000
2025-09-04,29.831905364990234,29.831905364990234,29.831905364990234,29.831905364990234,100000
2025-09-05,29.948894500732422,29.98789135053184,29.948894500732422,29.98789135053184,101000
2025-09-08,30.056133270263672,30.075631694704114,29.987890644194227,30.075631694704114,106000
2025-09-09,30.075632095336914,30.13412550996532,30.075632095336914,30.124376297615232,142000
2025-09-10,29.851404190063477,30.017137072189655,29.851404190063477,30.017137072189655,108000
2025-09-11,30.14387321472168,30.14387321472168,30.14387321472168,30.14387321472168,100000
2025-09-12,30.29010772705078,30.29010772705078,30.27060930329145,30.280358515171116,142000
2025-09-15,30.280357360839844,30.33885262988791,30.280357360839844,30.33885262988791,102000
2025-09-16,30.221866607666016,30.280360022383498,30.221866607666016,30.280360022383498,101000
2025-09-17,30.319355010986328,30.319355010986328,30.260861599858895,30.260861599858895,163000
2025-09-18,30.35835075378418,30.35835075378418,30.35835075378418,30.35835075378418,100000
2025-09-19,30.251113891601562,30.29985809338506,30.251113891601562,30.280359668882816,102000
2025-09-22,30.319355010986328,30.319355010986328,30.319355010986328,30.319355010986328,100000
2025-09-23,30.280357360839844,30.280357360839844,30.280357360839844,30.280357360839844,100000
2025-09-24,30.533832550048828,30.533832550048828,30.52408333813582,30.52408333813582,105000
2025-09-25,30.57282829284668,30.57282829284668,30.524082235043252,30.533831446603937,102000
2025-09-26,30.563079833984375,30.563079833984375,30.563079833984375,30.563079833984375,101000
2025-09-30,30.631322860717773,30.631322860717773,30.631322860717773,30.631322860717773,100000
2025-10-01,30.61182403564453,30.61182403564453,30.582578259712157,30.582578259712157,101000
2025-10-02,30.59232521057129,30.59232521057129,30.59232521057129,30.59232521057129,100000
2025-10-03,30.670318603515625,30.670318603515625,30.660571250818624,30.670318603515625,110000
2025-10-07,30.650821685791016,30.67031825043266,30.592326413449868,30.67031825043266,127000
2025-10-08,30.787307739257812,30.787307739257812,30.77755852694648,30.77755852694648,118000
2025-10-09,30.777557373046875,30.806805008884336,30.777557373046875,30.806805008884336,119000
2025-10-13,30.81655502319336,30.96278948724403,30.680067911870246,30.96278948724403,113000
2025-10-14,30.982288360595703,30.992037572936635,30.8750488843176,30.8750488843176,128000
2025-10-15,30.894546508789062,30.894546508789062,30.87504808461224,30.87504808461224,104000
2025-10-16,31.00178337097168,31.00178337097168,31.00178337097168,31.00178337097168,100000
2025-10-17,31.19676399230957,31.206511344721775,31.19676399230957,31.206511344721775,101000
2025-10-20,31.04867935180664,31.04867935180664,31.04867935180664,31.04867935180664,100000
2025-10-21,31.22637939453125,31.22637939453125,31.088166489942008,31.088166489942008,103000
2025-10-22,31.522552490234375,31.522552490234375,31.423828179435922,31.423828179435922,132000
2025-10-23,31.571914672851562,31.571914672851562,31.571914672851562,31.571914672851562,100000
2025-10-27,31.404083251953125,31.404083251953125,31.384339896005425,31.384339896005425,110000
2025-10-28,31.532424926757812,31.532424926757812,31.4040827585612,31.4040827585612,107000
2025-10-29,31.492935180664062,31.492935180664062,31.44357396590982,31.492935180664062,103000
2025-10-30,31.473190307617188,31.473190307617188,31.473190307617188,31.473190307617188,100000
2025-10-31,31.492935180664062,31.492935180664062,31.492935180664062,31.492935180664062,100000
2025-11-03,31.581787109375,31.631150207507357,31.552169250495584,31.552169250495584,150000
2025-11-04,31.522552490234375,31.581786323509604,31.522552490234375,31.581786323509604,103000
2025-11-05,31.552169799804688,31.552169799804688,31.502808583822627,31.502808583822627,104000
2025-11-06,31.344850540161133,31.344850540161133,31.344850540161133,31.344850540161133,100000
2025-11-07,31.443574905395508,31.453447525243263,31.443574905395508,31.453447525243263,102000
2025-11-10,31.384340286254883,31.384340286254883,31.384340286254883,31.384340286254883,100000
2025-11-11,31.413955688476562,31.42382830789773,31.413955688476562,31.413955688476562,102000
2025-11-12,31.571914672851562,31.59165991221902,31.552169433484103,31.552169433484103,107000
2025-11-13,31.621274948120117,31.621274948120117,31.621274948120117,31.621274948120117,100000
2025-11-14,31.542299270629883,31.542299270629883,31.52255403090322,31.542299270629883,103000
2025-11-17,31.423828125,31.423828125,31.38433953055479,31.38433953055479,101000
2025-11-18,31.542299270629883,31.58178786707351,31.542299270629883,31.58178786707351,111000
2025-11-19,31.542299270629883,31.542299270629883,31.542299270629883,31.542299270629883,101000
2025-11-20,31.562042236328125,31.562042236328125,31.492935781150653,31.492935781150653,104000
2025-11-21,31.680511474609375,31.729872689813067,31.680511474609375,31.729872689813067,101000
2025-11-24,31.828598022460938,31.828598022460938,31.81872352007659,31.81872352007659,105000
2025-11-25,31.88783073425293,31.88783073425293,31.84834025581083,31.84834025581083,142000
2025-11-26,31.907575607299805,31.907575607299805,31.907575607299805,31.907575607299805,100000
2025-11-27,31.917449951171875,31.917449951171875,31.858214234482926,31.858214234482926,105000
2025-11-28,31.897705078125,31.897705078125,31.897705078125,31.897705078125,100000
2025-12-01,31.917449951171875,31.947065926506728,31.917449951171875,31.947065926506728,112000
2025-12-02,31.897705078125,31.897705078125,31.897705078125,31.897705078125,100000
2025-12-03,31.88783073425293,31.88783073425293,31.87795999765206,31.87795999765206,101000
2025-12-04,31.877960205078125,31.877960205078125,31.877960205078125,31.877960205078125,100000
2025-12-05,31.877960205078125,31.877960205078125,31.868085702393692,31.868085702393692,101000
2025-12-08,31.571914672851562,31.58178729253529,31.571914672851562,31.58178729253529,105000
2025-12-09,31.512680053710938,31.562041267891786,31.512680053710938,31.562041267891786,102000
2025-12-10,31.532424926757812,31.532424926757812,31.532424926757812,31.532424926757812,101000
2025-12-11,31.650896072387695,31.650896072387695,31.552169874171508,31.552169874171508,115000
2025-12-12,31.581787109375,31.581787109375,31.581787109375,31.581787109375,100000
2025-12-15,31.73974609375,31.73974609375,31.70025561654634,31.70025561654634,102000
2025-12-16,31.897705078125,31.897705078125,31.8285986242049,31.8285986242049,107000
2025-12-17,31.966812133789062,31.966812133789062,31.966812133789062,31.966812133789062,100000
2025-12-18,31.947067260742188,32.01617371675583,31.90757678130028,32.01617371675583,105000
2025-12-19,31.956937789916992,31.956937789916992,31.956937789916992,31.956937789916992,100000
2025-12-22,31.986557006835938,31.986557006835938,31.88783081049463,31.88783081049463,106000
2025-12-23,31.986557006835938,31.986557006835938,31.986557006835938,31.986557006835938,100000
2025-12-24,31.907575607299805,31.907575607299805,31.907575607299805,31.907575607299805,100000
2025-12-26,31.877960205078125,31.877960205078125,31.858214965728592,31.858214965728592,105000
2025-12-29,31.92732048034668,31.92732048034668,31.92732048034668,31.92732048034668,100000
2025-12-30,31.937191009521484,31.937191009521484,31.897704298260614,31.897704298260614,105000
2025-12-31,31.88783073425293,31.88783073425293,31.87795999765206,31.87795999765206,125000
2026-01-02,31.84834098815918,31.88783146750936,31.84834098815918,31.88783146750936,2000
2026-01-05,31.897705078125,31.90757581467675,31.868085336431182,31.90757581467675,208000
2026-01-06,31.818723678588867,31.907575370394575,31.798978439741017,31.907575370394575,114000
2026-01-07,31.828598022460938,31.83846875882607,31.80885278371145,31.83846875882607,120000
2026-01-08,31.92732048034668,31.92732048034668,31.92732048034668,31.92732048034668,100000
2026-01-09,31.937191009521484,31.937191009521484,31.907575034571032,31.907575034571032,110000
2026-01-12,31.907575607299805,31.92732084629426,31.88783036830535,31.88783036830535,104000
2026-01-13,31.947067260742188,31.947067260742188,31.927322021021233,31.927322021021233,102000
2026-01-14,31.877960205078125,31.927321420442286,31.877960205078125,31.897705444427654,134000
2026-01-15,31.897705078125,31.897705078125,31.897705078125,31.897705078125,100000
2026-01-16,31.917449951171875,31.917449951171875,31.907575448714095,31.907575448714095,102000
2026-01-19,31.720001220703125,31.84833962406527,31.720001220703125,31.84833962406527,127000
2026-01-20,31.799999237060547,31.799999237060547,31.799999237060547,31.799999237060547,100000
2026-01-21,31.739999771118164,31.739999771118164,31.739999771118164,31.739999771118164,100000
2026-01-22,31.84000015258789,31.84000015258789,31.829999923706055,31.829999923706055,102000
2026-01-23,31.899999618530273,31.899999618530273,31.899999618530273,31.899999618530273,100000
2026-01-26,31.760000228881836,31.760000228881836,31.760000228881836,31.760000228881836,100000
2026-01-27,31.809999465942383,31.809999465942383,31.809999465942383,31.809999465942383,100000
2026-01-28,31.639999389648438,31.639999389648438,31.639999389648438,31.639999389648438,100000
2026-01-29,31.549999237060547,31.6200008392334,31.549999237060547,31.6200008392334,109000
2026-01-30,31.59000015258789,31.59000015258789,31.59000015258789,31.59000015258789,100000
2026-02-02,31.920000076293945,31.93000030517578,31.920000076293945,31.93000030517578,101000
2026-02-03,31.799999237060547,31.809999465942383,31.799999237060547,31.809999465942383,102000
2026-02-04,31.729999542236328,31.760000228881836,31.729999542236328,31.760000228881836,102000
2026-02-05,31.889999389648438,31.899999618530273,31.84000015258789,31.84000015258789,123000
2026-02-06,32.04999923706055,32.04999923706055,32.04999923706055,32.04999923706055,100000
2026-02-09,31.90999984741211,31.979999542236328,31.90999984741211,31.979999542236328,105000
2026-02-10,32.04999923706055,32.06999969482422,31.959999084472656,31.959999084472656,104000
2026-02-11,32.13999938964844,32.13999938964844,32.11000061035156,32.11000061035156,102000
2026-02-23,32.41999816894531,32.439998626708984,32.36000061035156,32.36000061035156,164000
2026-02-24,32.5,32.5,32.5,32.5,100000
2026-02-25,32.34000015258789,32.34000015258789,32.34000015258789,32.34000015258789,100000
2026-02-26,32.33000183105469,32.34000015258789,32.31999969482422,32.31999969482422,115000
2026-03-02,32.47999954223633,32.47999954223633,32.459999084472656,32.459999084472656,106000
2026-03-03,32.459999084472656,32.47999954223633,32.459999084472656,32.47999954223633,102000
2026-03-04,32.439998626708984,32.5099983215332,32.400001525878906,32.400001525878906,146000
2026-03-05,32.400001525878906,32.400001525878906,32.36000061035156,32.36000061035156,101000
2026-03-06,32.369998931884766,32.369998931884766,32.369998931884766,32.369998931884766,102000
2026-03-09,32.16999816894531,32.18000030517578,32.150001525878906,32.150001525878906,102000
2026-03-10,32.459999084472656,32.459999084472656,32.16999816894531,32.16999816894531,132000
2026-03-11,32.349998474121094,32.41999816894531,32.349998474121094,32.349998474121094,103000
2026-03-12,32.189998626708984,32.189998626708984,32.189998626708984,32.189998626708984,100000
2026-03-13,32.16999816894531,32.189998626708984,32.150001525878906,32.150001525878906,102000
2026-03-16,32.22999954223633,32.22999954223633,32.16999816894531,32.16999816894531,101000
2026-03-17,32.0099983215332,32.0099983215332,32.0099983215332,32.0099983215332,100000
2026-03-18,32.150001525878906,32.150001525878906,32.06999969482422,32.06999969482422,101000
