Price,Close,High,Low,Open,Volume
Ticker,00758B.TWO,00758B.TWO,00758B.TWO,00758B.TWO,00758B.TWO
Date,,,,,
2021-03-18,47.241004943847656,47.28134677537531,47.241004943847656,47.28134677537531,101000
2021-03-19,47.362022399902344,47.362022399902344,47.362022399902344,47.362022399902344,110000
2021-03-22,47.68476486206055,47.68476486206055,47.68476486206055,47.68476486206055,100000
2021-03-23,47.84613800048828,47.88647982893848,47.84613800048828,47.88647982893848,104000
2021-03-24,48.168880462646484,48.168880462646484,48.128538632790296,48.128538632790296,102000
2021-03-25,48.2092170715332,48.289900722507696,48.2092170715332,48.289900722507696,102000
2021-03-26,47.92683029174805,48.12854253526907,47.92683029174805,48.12854253526907,102000
2021-03-29,48.0478515625,48.0478515625,47.88648116630827,48.00750973292314,104000
2021-03-30,47.80579376220703,47.80579376220703,47.80579376220703,47.80579376220703,100000
2021-03-31,48.2092170715332,48.2092170715332,48.2092170715332,48.2092170715332,100000
2021-04-01,48.77401351928711,48.77401351928711,48.69332678768699,48.69332678768699,102000
2021-04-07,49.33881378173828,49.33881378173828,49.258127041220895,49.258127041220895,101000
2021-04-08,48.97572326660156,48.97572326660156,48.97572326660156,48.97572326660156,100000
2021-04-09,49.0564079284668,49.0564079284668,48.97572427714664,48.97572427714664,101000
2021-04-12,49.2177848815918,49.2177848815918,49.2177848815918,49.2177848815918,100000
2021-04-13,49.0564079284668,49.21777830899111,49.0564079284668,49.21777830899111,101000
2021-04-14,49.459835052490234,49.459835052490234,49.33880956887473,49.33880956887473,101000
2021-04-15,49.37915802001953,49.37915802001953,49.37915802001953,49.37915802001953,101000
2021-04-16,49.459835052490234,49.580863613989905,49.459835052490234,49.580863613989905,101000
2021-04-19,49.016075134277344,49.016075134277344,49.016075134277344,49.016075134277344,100000
2021-04-20,48.57229995727539,48.57229995727539,48.57229995727539,48.57229995727539,100000
2021-04-21,48.612648010253906,48.652989841158565,48.612648010253906,48.652989841158565,101000
2021-04-22,48.77401351928711,48.77401351928711,48.77401351928711,48.77401351928711,100000
2021-04-23,48.89504623413086,48.89504623413086,48.89504623413086,48.89504623413086,100000
2021-04-26,48.652984619140625,48.652984619140625,48.652984619140625,48.652984619140625,100000
2021-04-27,48.49161148071289,48.652981855730154,48.49161148071289,48.652981855730154,101000
2021-04-28,48.168880462646484,48.24956412235887,48.168880462646484,48.24956412235887,101000
2021-04-29,48.1285400390625,48.168881870097444,48.1285400390625,48.168881870097444,101000
2021-05-03,48.2092170715332,48.2092170715332,48.2092170715332,48.2092170715332,100000
2021-05-04,48.3705940246582,48.3705940246582,48.3705940246582,48.3705940246582,100000
2021-05-05,48.69332504272461,48.69332504272461,48.69332504272461,48.69332504272461,100000
2021-05-06,48.89504623413086,48.89504623413086,48.89504623413086,48.89504623413086,101000
2021-05-07,49.016075134277344,49.016075134277344,49.016075134277344,49.016075134277344,100000
2021-05-10,48.854705810546875,48.854705810546875,48.65299356270987,48.65299356270987,101000
2021-05-11,48.57229995727539,48.6933254344861,48.57229995727539,48.652983608749196,141000
2021-05-12,48.612648010253906,48.652989841158565,48.57230617934925,48.57230617934925,109000
2021-05-13,48.45127487182617,48.45127487182617,48.45127487182617,48.45127487182617,100000
2021-05-14,48.531959533691406,48.531959533691406,48.49161462890488,48.49161462890488,110000
2021-05-17,48.77401351928711,48.77401351928711,48.69332678768699,48.69332678768699,107000
2021-05-18,48.57229995727539,48.652983608749196,48.57229995727539,48.57229995727539,117000
2021-05-19,48.425804138183594,48.466497470300446,48.425804138183594,48.466497470300446,101000
2021-05-20,48.547889709472656,48.547889709472656,48.547889709472656,48.547889709472656,100000
2021-05-21,48.83274841308594,48.83274841308594,48.83274841308594,48.83274841308594,100000
2021-05-24,48.91412353515625,48.91412353515625,48.91412353515625,48.91412353515625,100000
2021-05-25,49.158294677734375,49.158294677734375,49.158294677734375,49.158294677734375,100000
2021-05-26,49.158294677734375,49.158294677734375,49.158294677734375,49.158294677734375,0
2021-05-27,49.239681243896484,49.239681243896484,49.239681243896484,49.239681243896484,100000
2021-05-28,48.75135803222656,48.75135803222656,48.75135803222656,48.75135803222656,100000
2021-05-31,48.58858108520508,48.66996775029949,48.58858108520508,48.66996775029949,101000
2021-06-01,48.669960021972656,48.669960021972656,48.62926669588716,48.62926669588716,101000
2021-06-02,48.58858108520508,48.58858108520508,48.58858108520508,48.58858108520508,100000
2021-06-03,48.710655212402344,48.710655212402344,48.710655212402344,48.710655212402344,100000
2021-06-04,48.6292724609375,48.6292724609375,48.6292724609375,48.6292724609375,100000
2021-06-07,49.11759567260742,49.11759567260742,49.11759567260742,49.11759567260742,100000
2021-06-08,49.03621292114258,49.03621292114258,49.03621292114258,49.03621292114258,100000
2021-06-09,49.36176681518555,49.36176681518555,49.36176681518555,49.36176681518555,100000
2021-06-10,49.76870346069336,49.76870346069336,49.687313695633655,49.687313695633655,101000
2021-06-11,50.01286697387695,50.053560304403526,50.01286697387695,50.053560304403526,105000
2021-06-15,50.01286697387695,50.01286697387695,50.01286697387695,50.01286697387695,100000
2021-06-16,49.64662551879883,49.687318853201624,49.60593218439603,49.60593218439603,103000
2021-06-17,49.93147659301758,49.93147659301758,49.93147659301758,49.93147659301758,100000
2021-06-18,50.54188537597656,50.54188537597656,50.54188537597656,50.54188537597656,100000
2021-06-21,51.39646530151367,51.47785196788236,51.07091242663428,51.07091242663428,128000
2021-06-22,50.7453498840332,50.7453498840332,50.58257658230648,50.58257658230648,119000
2021-06-23,50.82674789428711,50.82674789428711,50.82674789428711,50.82674789428711,100000
2021-06-24,50.70465850830078,50.786048266995465,50.70465850830078,50.786048266995465,101000
2021-06-25,50.70465850830078,50.70465850830078,50.70465850830078,50.70465850830078,100000
2021-06-28,50.46050262451172,50.46050262451172,50.46050262451172,50.46050262451172,100000
2021-06-29,50.78605651855469,50.78605651855469,50.78605651855469,50.78605651855469,100000
2021-06-30,50.86744689941406,50.86744689941406,50.86744689941406,50.86744689941406,100000
2021-07-01,50.82674789428711,50.82674789428711,50.82674789428711,50.82674789428711,100000
2021-07-02,51.19298553466797,51.19298553466797,51.19298553466797,51.19298553466797,100000
2021-07-05,51.23368453979492,51.27437786954463,51.23368453979492,51.27437786954463,103000
2021-07-06,51.23368453979492,51.23368453979492,51.23368453979492,51.23368453979492,100000
2021-07-07,51.68132019042969,51.7627068543605,51.68132019042969,51.7627068543605,101000
2021-07-08,51.966182708740234,52.04757248691123,51.92548937200603,51.92548937200603,104000
2021-07-09,51.84409713745117,51.84409713745117,51.84409713745117,51.84409713745117,100000
2021-07-12,51.477848052978516,51.477848052978516,51.477848052978516,51.477848052978516,100000
2021-07-13,51.39646530151367,51.39646530151367,51.39646530151367,51.39646530151367,100000
2021-07-14,51.15229415893555,51.15229415893555,51.15229415893555,51.15229415893555,100000
2021-07-15,51.64061737060547,51.64061737060547,51.64061737060547,51.64061737060547,100000
2021-07-16,51.722007751464844,51.722007751464844,51.722007751464844,51.722007751464844,100000
2021-07-19,51.84409713745117,51.84409713745117,51.84409713745117,51.84409713745117,100000
2021-07-20,52.29172134399414,52.29172134399414,52.12894804147072,52.16963826239984,116000
2021-07-21,51.88479995727539,51.88479995727539,51.88479995727539,51.88479995727539,100000
2021-07-22,51.64061737060547,51.64061737060547,51.559227616926066,51.559227616926066,101000
2021-07-23,51.84409713745117,51.84409713745117,51.84409713745117,51.84409713745117,100000
2021-07-26,51.88479995727539,51.88479995727539,51.88479995727539,51.88479995727539,100000
2021-07-27,51.722007751464844,51.722007751464844,51.722007751464844,51.722007751464844,100000
2021-07-28,52.006874084472656,52.006874084472656,52.006874084472656,52.006874084472656,100000
2021-07-29,51.966182708740234,51.966182708740234,51.966182708740234,51.966182708740234,100000
2021-07-30,51.84409713745117,51.84409713745117,51.84409713745117,51.84409713745117,100000
2021-08-02,51.966182708740234,52.088265823645436,51.966182708740234,52.088265823645436,102000
2021-08-03,52.21033477783203,52.21033477783203,52.21033477783203,52.21033477783203,100000
2021-08-04,52.04756546020508,52.04756546020508,52.006872128964694,52.006872128964694,101000
2021-08-05,51.92548370361328,51.92548370361328,51.92548370361328,51.92548370361328,100000
2021-08-06,51.722007751464844,51.722007751464844,51.722007751464844,51.722007751464844,100000
2021-08-09,51.11159896850586,51.396458472350986,51.11159896850586,51.396458472350986,101000
2021-08-10,50.78605651855469,50.78605651855469,50.78605651855469,50.78605651855469,100000
2021-08-11,50.58258819580078,50.58258819580078,50.58258819580078,50.58258819580078,100000
2021-08-12,50.58258819580078,50.58258819580078,50.58258819580078,50.58258819580078,100000
2021-08-13,50.70465850830078,50.7453518352972,50.70465850830078,50.7453518352972,101000
2021-08-16,51.27437973022461,51.27437973022461,51.27437973022461,51.27437973022461,100000
2021-08-17,51.23368453979492,51.27437786954463,51.23368453979492,51.27437786954463,101000
2021-08-18,51.24188995361328,51.24188995361328,51.24188995361328,51.24188995361328,100000
2021-08-19,51.406002044677734,51.406002044677734,51.36497320320452,51.36497320320452,102000
2021-08-20,51.57009506225586,51.57009506225586,51.57009506225586,51.57009506225586,100000
2021-08-23,51.406002044677734,51.406002044677734,51.406002044677734,51.406002044677734,100000
2021-08-24,51.447025299072266,51.447025299072266,51.447025299072266,51.447025299072266,100000
2021-08-25,51.28291702270508,51.28291702270508,51.28291702270508,51.28291702270508,100000
2021-08-26,51.20086669921875,51.20086669921875,51.20086669921875,51.20086669921875,100000
2021-08-27,51.28291702270508,51.28291702270508,51.28291702270508,51.28291702270508,100000
2021-08-30,51.32394027709961,51.44702052409538,51.32394027709961,51.44702052409538,101000
2021-08-31,51.48805236816406,51.48805236816406,51.48805236816406,51.48805236816406,100000
2021-09-01,51.24188995361328,51.24188995361328,51.24188995361328,51.24188995361328,100000
2021-09-02,51.28291702270508,51.28291702270508,51.28291702270508,51.28291702270508,100000
2021-09-03,51.48805236816406,51.48805236816406,51.48805236816406,51.48805236816406,100000
2021-09-06,51.0367546081543,51.0367546081543,51.0367546081543,51.0367546081543,100000
2021-09-07,51.0367546081543,51.0367546081543,51.0367546081543,51.0367546081543,100000
2021-09-08,50.91367721557617,50.91367721557617,50.91367721557617,50.91367721557617,100000
2021-09-09,51.11880874633789,51.11880874633789,51.11880874633789,51.11880874633789,100000
2021-09-10,51.52907180786133,51.52907180786133,51.52907180786133,51.52907180786133,100000
2021-09-13,51.406002044677734,51.406002044677734,51.406002044677734,51.406002044677734,100000
2021-09-14,51.61112594604492,51.61112594604492,51.61112594604492,51.61112594604492,100000
2021-09-15,51.98036193847656,51.98036193847656,51.98036193847656,51.98036193847656,100000
2021-09-16,51.939334869384766,51.939334869384766,51.939334869384766,51.939334869384766,100000
2021-09-17,51.8572883605957,51.8572883605957,51.8572883605957,51.8572883605957,100000
2021-09-22,51.939334869384766,51.939334869384766,51.898309164041926,51.898309164041926,103000
2021-09-23,52.43165588378906,52.43165588378906,52.43165588378906,52.43165588378906,100000
2021-09-24,51.65215301513672,51.65215301513672,51.65215301513672,51.65215301513672,100000
2021-09-27,51.52907180786133,51.52907180786133,51.52907180786133,51.52907180786133,100000
2021-09-28,51.61112594604492,51.61112594604492,51.61112594604492,51.61112594604492,100000
2021-09-29,50.95470428466797,50.95470428466797,50.95470428466797,50.95470428466797,100000
2021-09-30,51.24188995361328,51.24188995361328,51.24188995361328,51.24188995361328,100000
2021-10-01,50.99573516845703,50.99573516845703,50.99573516845703,50.99573516845703,100000
2021-10-04,51.32394027709961,51.32394027709961,51.32394027709961,51.32394027709961,100000
2021-10-05,51.406002044677734,51.406002044677734,51.406002044677734,51.406002044677734,100000
2021-10-06,50.99573516845703,50.99573516845703,50.99573516845703,50.99573516845703,100000
2021-10-07,51.15983581542969,51.15983581542969,51.15983581542969,51.15983581542969,100000
2021-10-08,50.95470428466797,50.95470428466797,50.95470428466797,50.95470428466797,100000
2021-10-12,50.95470428466797,50.95470428466797,50.95470428466797,50.95470428466797,100000
2021-10-13,51.364967346191406,51.364967346191406,51.364967346191406,51.364967346191406,100000
2021-10-14,51.69318389892578,51.734209609341285,51.69318389892578,51.69318389892578,109000
2021-10-15,51.816261291503906,51.816261291503906,51.816261291503906,51.816261291503906,100000
2021-10-18,51.65215301513672,51.65215301513672,51.65215301513672,51.65215301513672,100000
2021-10-19,51.69318389892578,51.69318389892578,51.69318389892578,51.69318389892578,100000
2021-10-20,51.07777786254883,51.07777786254883,51.07777786254883,51.07777786254883,100000
2021-10-21,50.831626892089844,50.831626892089844,50.831626892089844,50.831626892089844,100000
2021-10-22,50.831626892089844,50.831626892089844,50.626495228384925,50.626495228384925,102000
2021-10-25,51.0367546081543,51.0367546081543,51.0367546081543,51.0367546081543,100000
2021-10-26,50.91367721557617,50.91367721557617,50.91367721557617,50.91367721557617,100000
2021-10-27,51.24188995361328,51.24188995361328,51.24188995361328,51.24188995361328,100000
2021-10-28,51.898311614990234,51.898311614990234,51.898311614990234,51.898311614990234,100000
2021-10-29,51.65215301513672,51.65215301513672,51.65215301513672,51.65215301513672,100000
2021-11-01,51.73420715332031,51.73420715332031,51.73420715332031,51.73420715332031,100000
2021-11-02,51.447025299072266,51.447025299072266,51.447025299072266,51.447025299072266,100000
2021-11-03,51.816261291503906,51.816261291503906,51.61112962072212,51.61112962072212,110000
2021-11-04,51.48805236816406,51.48805236816406,51.48805236816406,51.48805236816406,100000
2021-11-05,51.98036193847656,51.98036193847656,51.98036193847656,51.98036193847656,100000
2021-11-08,52.47268295288086,52.47268295288086,52.47268295288086,52.47268295288086,100000
2021-11-09,52.267547607421875,52.267547607421875,52.267547607421875,52.267547607421875,100000
2021-11-10,52.59575653076172,52.67780794298514,52.59575653076172,52.67780794298514,103000
2021-11-11,51.98036193847656,51.98036193847656,51.98036193847656,51.98036193847656,100000
2021-11-12,51.939334869384766,51.939334869384766,51.939334869384766,51.939334869384766,100000
2021-11-15,51.57009506225586,51.57009506225586,51.57009506225586,51.57009506225586,100000
2021-11-16,51.0367546081543,51.0367546081543,51.0367546081543,51.0367546081543,100000
2021-11-17,50.87957000732422,50.87957000732422,50.87957000732422,50.87957000732422,100000
2021-11-18,50.96229934692383,50.96229934692383,50.96229934692383,50.96229934692383,101000
2021-11-19,51.16912841796875,51.16912841796875,51.16912841796875,51.16912841796875,100000
2021-11-22,51.417327880859375,51.417327880859375,51.417327880859375,51.417327880859375,100000
2021-11-23,50.920936584472656,50.920936584472656,50.920936584472656,50.920936584472656,100000
2021-11-24,50.176353454589844,50.176353454589844,50.176353454589844,50.176353454589844,100000
2021-11-25,50.59001159667969,50.59001159667969,50.59001159667969,50.59001159667969,100000
2021-11-26,50.7140998840332,50.7140998840332,50.7140998840332,50.7140998840332,100000
2021-11-29,51.12775802612305,51.12775802612305,51.12775802612305,51.12775802612305,100000
2021-11-30,50.83821105957031,50.83821105957031,50.83821105957031,50.83821105957031,100000
2021-12-01,51.12775802612305,51.12775802612305,51.12775802612305,51.12775802612305,100000
2021-12-02,51.3345832824707,51.3345832824707,51.3345832824707,51.3345832824707,100000
2021-12-03,51.251853942871094,51.251853942871094,51.251853942871094,51.251853942871094,100000
2021-12-06,51.83097457885742,51.83097457885742,51.83097457885742,51.83097457885742,100000
2021-12-07,51.54142379760742,51.54142379760742,51.50005891962262,51.50005891962262,110000
2021-12-08,51.58278274536133,51.58278274536133,51.58278274536133,51.58278274536133,100000
2021-12-09,51.04503631591797,51.04503631591797,51.04503631591797,51.04503631591797,100000
2021-12-10,51.16912841796875,51.16912841796875,51.16912841796875,51.16912841796875,100000
2021-12-13,51.251853942871094,51.251853942871094,51.251853942871094,51.251853942871094,100000
2021-12-14,51.74823760986328,51.74823760986328,51.665507875849535,51.665507875849535,107000
2021-12-15,51.54142379760742,51.54142379760742,51.54142379760742,51.54142379760742,100000
2021-12-16,51.12775802612305,51.12775802612305,51.12775802612305,51.12775802612305,100000
2021-12-17,51.210487365722656,51.210487365722656,51.210487365722656,51.210487365722656,100000
2021-12-20,51.458683013916016,51.458683013916016,51.251855512377716,51.251855512377716,102000
2021-12-21,51.086387634277344,51.086387634277344,51.086387634277344,51.086387634277344,100000
2021-12-22,51.086387634277344,51.086387634277344,51.086387634277344,51.086387634277344,100000
2021-12-23,51.29322052001953,51.29322052001953,51.29322052001953,51.29322052001953,100000
2021-12-24,50.96229934692383,50.96229934692383,50.96229934692383,50.96229934692383,100000
2021-12-27,50.96229934692383,50.96229934692383,50.96229934692383,50.96229934692383,100000
2021-12-28,51.12775802612305,51.12775802612305,51.12775802612305,51.12775802612305,100000
2021-12-29,51.003665924072266,51.003665924072266,51.003665924072266,51.003665924072266,100000
2021-12-30,50.548641204833984,50.67273897081088,50.548641204833984,50.67273897081088,101000
2022-01-03,50.920936584472656,50.920936584472656,50.87957171020472,50.87957171020472,101000
2022-01-04,50.05225372314453,50.05225372314453,50.05225372314453,50.05225372314453,101000
2022-01-05,50.05225372314453,50.05225372314453,50.05225372314453,50.05225372314453,100000
2022-01-06,50.05225372314453,50.05225372314453,50.05225372314453,50.05225372314453,100000
2022-01-07,49.96952819824219,49.96952819824219,49.96952819824219,49.96952819824219,100000
2022-01-10,49.7626953125,49.7626953125,49.7626953125,49.7626953125,100000
2022-01-11,49.55587387084961,49.55587387084961,49.55587387084961,49.55587387084961,100000
2022-01-12,49.80406951904297,49.80406951904297,49.76270464450969,49.76270464450969,101000
2022-01-13,49.721336364746094,49.721336364746094,49.721336364746094,49.721336364746094,100000
2022-01-14,49.845428466796875,49.845428466796875,49.845428466796875,49.845428466796875,101000
2022-01-17,49.1835823059082,49.1835823059082,49.1835823059082,49.1835823059082,100000
2022-01-18,49.1835823059082,49.1835823059082,49.1835823059082,49.1835823059082,100000
2022-01-19,48.68719482421875,48.811292593186536,48.68719482421875,48.811292593186536,102000
2022-01-20,49.01811981201172,49.01811981201172,49.01811981201172,49.01811981201172,100000
2022-01-21,49.390411376953125,49.390411376953125,49.390411376953125,49.390411376953125,100000
2022-01-24,49.390411376953125,49.390411376953125,49.390411376953125,49.390411376953125,100000
2022-01-25,48.97675323486328,48.97675323486328,48.97675323486328,48.97675323486328,100000
2022-01-26,48.97675323486328,48.97675323486328,48.97675323486328,48.97675323486328,100000
2022-02-07,48.72856521606445,48.72856521606445,48.72856521606445,48.72856521606445,100000
2022-02-08,48.066715240478516,48.232177890608725,48.066715240478516,48.232177890608725,101000
2022-02-09,47.9012565612793,47.9012565612793,47.9012565612793,47.9012565612793,100000
2022-02-10,48.19081115722656,48.19081115722656,48.19081115722656,48.19081115722656,100000
2022-02-11,47.48759460449219,47.48759460449219,47.48759460449219,47.48759460449219,100000
2022-02-14,47.9012565612793,47.9012565612793,47.69442903408195,47.69442903408195,103000
2022-02-15,47.19804000854492,47.19804000854492,47.073945388593685,47.073945388593685,102000
2022-02-16,46.825748443603516,46.825748443603516,46.825748443603516,46.825748443603516,100000
2022-02-17,47.15666198730469,47.15666198730469,47.15666198730469,47.15666198730469,100000
2022-02-18,46.908485412597656,46.908485412597656,46.908485412597656,46.908485412597656,100000
2022-02-21,46.9912109375,47.07394383734536,46.9912109375,47.07394383734536,101000
2022-02-22,47.032569885253906,47.032569885253906,47.032569885253906,47.032569885253906,100000
2022-02-23,47.065956115722656,47.065956115722656,47.065956115722656,47.065956115722656,100000
2022-02-24,46.815608978271484,46.815608978271484,46.56525875798609,46.648710953665066,103000
2022-02-25,46.64870834350586,46.64870834350586,46.64870834350586,46.64870834350586,100000
2022-03-01,46.98250961303711,46.98250961303711,46.98250961303711,46.98250961303711,100000
2022-03-02,48.10908889770508,48.10908889770508,47.90046319248238,47.90046319248238,101000
2022-03-03,46.94077682495117,46.94077682495117,46.64870215361265,46.64870215361265,101000
2022-03-04,47.316314697265625,47.316314697265625,47.316314697265625,47.316314697265625,100000
2022-03-07,48.025638580322266,48.025638580322266,48.025638580322266,48.025638580322266,100000
2022-03-08,47.566654205322266,47.858728878846975,47.566654205322266,47.858728878846975,102000
2022-03-09,46.899051666259766,46.899051666259766,46.44007582488725,46.44007582488725,102000
2022-03-10,46.77387619018555,46.77387619018555,46.77387619018555,46.77387619018555,100000
2022-03-11,46.398353576660156,46.398353576660156,46.398353576660156,46.398353576660156,100000
2022-03-14,46.48180389404297,46.48180389404297,46.48180389404297,46.48180389404297,100000
2022-03-15,45.73075485229492,45.73075485229492,45.73075485229492,45.73075485229492,100000
2022-03-16,46.064552307128906,46.064552307128906,46.064552307128906,46.064552307128906,100000
2022-03-17,46.398353576660156,46.398353576660156,46.398353576660156,46.398353576660156,100000
2022-03-18,46.815608978271484,46.815608978271484,46.815608978271484,46.815608978271484,100000
2022-03-21,47.44147872924805,47.44147872924805,47.44147872924805,47.44147872924805,100000
2022-03-22,46.857337951660156,46.857337951660156,46.857337951660156,46.857337951660156,100000
2022-03-23,46.690433502197266,46.690433502197266,46.690433502197266,46.690433502197266,100000
2022-03-24,47.316314697265625,47.316314697265625,46.815611051149176,46.899063250523206,112000
2022-03-25,47.1494026184082,47.1494026184082,47.1494026184082,47.1494026184082,100000
2022-03-28,46.815608978271484,46.815608978271484,46.39835755000391,46.39835755000391,101000
2022-03-29,47.23285675048828,47.23285675048828,46.732156348674124,46.732156348674124,104000
2022-03-30,47.566654205322266,47.566654205322266,47.566654205322266,47.566654205322266,100000
2022-03-31,47.733558654785156,47.733558654785156,47.650106468504475,47.650106468504475,102000
2022-04-01,47.94218444824219,47.94218444824219,47.94218444824219,47.94218444824219,100000
2022-04-06,47.566654205322266,47.566654205322266,47.566654205322266,47.566654205322266,101000
2022-04-07,46.98250961303711,46.98250961303711,46.98250961303711,46.98250961303711,100000
2022-04-08,46.899051666259766,46.899051666259766,46.899051666259766,46.899051666259766,100000
2022-04-11,46.31489562988281,46.31489562988281,46.31489562988281,46.31489562988281,101000
2022-04-12,45.85593032836914,46.06455603215301,45.85593032836914,46.06455603215301,102000
2022-04-13,45.56385040283203,45.56385040283203,45.56385040283203,45.56385040283203,100000
2022-04-14,45.56385040283203,45.60557808843001,45.56385040283203,45.60557808843001,110000
2022-04-15,45.188331604003906,45.188331604003906,45.188331604003906,45.188331604003906,100000
2022-04-18,45.06315231323242,45.06315231323242,45.06315231323242,45.06315231323242,100000
2022-04-19,45.06315231323242,45.06315231323242,45.06315231323242,45.06315231323242,100000
2022-04-20,44.645896911621094,44.645896911621094,44.645896911621094,44.645896911621094,100000
2022-04-21,45.23005294799805,45.23005294799805,45.23005294799805,45.23005294799805,100000
2022-04-22,44.72935104370117,44.72935104370117,44.72935104370117,44.72935104370117,100000
2022-04-25,44.72935104370117,44.72935104370117,44.72935104370117,44.72935104370117,100000
2022-04-26,44.6876220703125,44.6876220703125,44.6876220703125,44.6876220703125,100000
2022-04-27,45.188331604003906,45.188331604003906,45.188331604003906,45.188331604003906,100000
2022-04-28,44.896244049072266,44.896244049072266,44.896244049072266,44.896244049072266,100000
2022-04-29,44.97970199584961,44.97970199584961,44.97970199584961,44.97970199584961,100000
2022-05-03,44.6876220703125,44.6876220703125,44.228646189922344,44.228646189922344,101000
2022-05-04,44.22865676879883,44.22865676879883,44.22865676879883,44.22865676879883,100000
2022-05-05,44.52071762084961,44.64589429877568,44.52071762084961,44.64589429877568,101000
2022-05-06,44.14519500732422,44.14519500732422,44.14519500732422,44.14519500732422,100000
2022-05-09,43.64449691772461,43.64449691772461,43.64449691772461,43.64449691772461,100000
2022-05-10,43.89484405517578,43.89484405517578,43.89484405517578,43.89484405517578,100000
2022-05-11,44.02001953125,44.02001953125,44.02001953125,44.02001953125,100000
2022-05-12,44.72935104370117,44.72935104370117,44.72935104370117,44.72935104370117,100000
2022-05-13,44.22865676879883,44.22865676879883,44.22865676879883,44.22865676879883,100000
2022-05-16,44.14519500732422,44.14519500732422,44.14519500732422,44.14519500732422,100000
2022-05-17,43.72794723510742,43.72794723510742,43.72794723510742,43.72794723510742,100000
2022-05-18,43.56104278564453,43.56104278564453,43.56104278564453,43.56104278564453,100000
2022-05-19,44.00787353515625,44.00787353515625,44.00787353515625,44.00787353515625,100000
2022-05-20,44.13432312011719,44.13432312011719,44.13432312011719,44.13432312011719,100000
2022-05-23,44.13432312011719,44.13432312011719,44.13432312011719,44.13432312011719,100000
2022-05-24,43.92355728149414,43.92355728149414,43.92355728149414,43.92355728149414,100000
2022-05-25,44.42939758300781,44.42939758300781,44.42939758300781,44.42939758300781,100000
2022-05-26,44.76662063598633,44.76662063598633,44.76662063598633,44.76662063598633,100000
2022-05-27,44.93523406982422,44.93523406982422,44.93523406982422,44.93523406982422,100000
2022-05-30,44.93523406982422,44.93523406982422,44.93523406982422,44.93523406982422,101000
2022-05-31,44.26079177856445,44.26079177856445,44.26079177856445,44.26079177856445,100000
2022-06-01,44.51369857788086,44.51369857788086,44.51369857788086,44.51369857788086,100000
2022-06-02,44.93523406982422,44.93523406982422,44.93523406982422,44.93523406982422,100000
2022-06-06,44.93523406982422,44.93523406982422,44.93523406982422,44.93523406982422,100000
2022-06-07,44.51369857788086,44.51369857788086,44.51369857788086,44.51369857788086,100000
2022-06-08,44.76662063598633,44.76662063598633,44.76662063598633,44.76662063598633,100000
2022-06-09,44.59800720214844,44.59800720214844,44.59800720214844,44.59800720214844,100000
2022-06-10,44.68231201171875,44.68231201171875,44.68231201171875,44.68231201171875,100000
2022-06-13,44.38724899291992,44.38724899291992,44.38724899291992,44.38724899291992,100000
2022-06-14,43.12266159057617,43.12266159057617,43.12266159057617,43.12266159057617,100000
2022-06-15,42.785423278808594,42.785423278808594,42.785423278808594,42.785423278808594,101000
2022-06-16,43.54418182373047,43.54418182373047,43.54418182373047,43.54418182373047,100000
2022-06-17,43.586341857910156,43.586341857910156,43.586341857910156,43.586341857910156,100000
2022-06-20,43.417724609375,43.417724609375,43.417724609375,43.417724609375,100000
2022-06-21,43.1648063659668,43.1648063659668,43.1648063659668,43.1648063659668,100000
2022-06-22,43.1648063659668,43.1648063659668,43.1648063659668,43.1648063659668,100000
2022-06-23,43.417724609375,43.417724609375,43.417724609375,43.417724609375,100000
2022-06-24,43.333412170410156,43.333412170410156,43.333412170410156,43.333412170410156,100000
2022-06-27,42.91189193725586,42.91189193725586,42.91189193725586,42.91189193725586,100000
2022-06-28,42.82758712768555,42.82758712768555,42.82758712768555,42.82758712768555,100000
2022-06-29,42.82758712768555,42.82758712768555,42.78543463332161,42.78543463332161,101000
2022-06-30,43.08049774169922,43.08049774169922,43.08049774169922,43.08049774169922,100000
2022-07-01,43.37556838989258,43.37556838989258,43.37556838989258,43.37556838989258,100000
2022-07-04,43.6706428527832,43.6706428527832,43.6706428527832,43.6706428527832,100000
2022-07-05,43.333412170410156,43.333412170410156,43.333412170410156,43.333412170410156,100000
2022-07-06,43.62848663330078,43.62848663330078,43.62848663330078,43.62848663330078,100000
2022-07-07,43.291259765625,43.291259765625,43.291259765625,43.291259765625,100000
2022-07-08,43.291259765625,43.291259765625,43.291259765625,43.291259765625,100000
2022-07-11,43.12266159057617,43.12266159057617,43.12266159057617,43.12266159057617,100000
2022-07-12,43.7971076965332,43.7971076965332,43.7971076965332,43.7971076965332,100000
2022-07-13,43.62848663330078,43.62848663330078,43.62848663330078,43.62848663330078,100000
2022-07-14,43.754947662353516,43.754947662353516,43.754947662353516,43.754947662353516,100000
2022-07-15,43.92355728149414,43.92355728149414,43.92355728149414,43.92355728149414,100000
2022-07-18,44.26079177856445,44.26079177856445,44.26079177856445,44.26079177856445,100000
2022-07-19,43.71279525756836,44.092174077144215,43.71279525756836,43.923560911107316,110000
2022-07-20,43.92355728149414,43.92355728149414,43.58633419331535,43.58633419331535,105000
2022-07-21,44.26079177856445,44.26079177856445,44.26079177856445,44.26079177856445,100000
2022-07-22,44.76662063598633,44.76662063598633,44.64016318164182,44.64016318164182,106000
2022-07-25,45.35676193237305,45.35676193237305,45.35676193237305,45.35676193237305,100000
2022-07-26,45.06169509887695,45.06169509887695,45.06169509887695,45.06169509887695,100000
2022-07-27,44.80876922607422,44.80876922607422,44.80876922607422,44.80876922607422,100000
2022-07-28,44.68231201171875,44.68231201171875,44.68231201171875,44.68231201171875,100000
2022-07-29,45.441070556640625,45.441070556640625,45.3567623760585,45.3567623760585,101000
2022-08-01,45.441070556640625,45.441070556640625,45.441070556640625,45.441070556640625,101000
2022-08-02,46.494903564453125,46.494903564453125,46.494903564453125,46.494903564453125,100000
2022-08-03,45.989070892333984,45.989070892333984,45.989070892333984,45.989070892333984,101000
2022-08-04,46.368438720703125,46.368438720703125,46.368438720703125,46.368438720703125,100000
2022-08-05,46.115516662597656,46.115516662597656,45.86259857077917,45.86259857077917,101000
2022-08-08,45.5253791809082,45.5253791809082,45.5253791809082,45.5253791809082,100000
2022-08-09,45.862606048583984,45.862606048583984,45.862606048583984,45.862606048583984,100000
2022-08-10,45.609683990478516,45.609683990478516,45.609683990478516,45.609683990478516,100000
2022-08-11,45.6518440246582,45.6518440246582,45.6518440246582,45.6518440246582,100000
2022-08-12,45.314613342285156,45.314613342285156,45.314613342285156,45.314613342285156,100000
2022-08-15,45.94691467285156,45.94691467285156,45.94691467285156,45.94691467285156,100000
2022-08-16,46.031211853027344,46.031211853027344,46.031211853027344,46.031211853027344,100000
2022-08-17,45.98863220214844,45.98863220214844,45.98863220214844,45.98863220214844,100000
2022-08-18,45.47764587402344,45.47764587402344,45.47764587402344,45.47764587402344,100000
2022-08-19,45.520233154296875,45.520233154296875,45.520233154296875,45.520233154296875,100000
2022-08-22,45.520233154296875,45.520233154296875,45.520233154296875,45.520233154296875,0
2022-08-23,44.83892059326172,44.83892059326172,44.83892059326172,44.83892059326172,100000
2022-08-24,44.83892059326172,44.83892059326172,44.83892059326172,44.83892059326172,100000
2022-08-25,44.626014709472656,44.626014709472656,44.626014709472656,44.626014709472656,100000
2022-08-26,44.96665954589844,44.96665954589844,44.96665954589844,44.96665954589844,100000
2022-08-29,45.05182647705078,45.05182647705078,45.05182647705078,45.05182647705078,100000
2022-08-30,45.264732360839844,45.264732360839844,45.264732360839844,45.264732360839844,100000
2022-08-31,45.05182647705078,45.05182647705078,45.05182647705078,45.05182647705078,100000
2022-09-01,44.49826431274414,44.49826431274414,44.41310147002048,44.41310147002048,101000
2022-09-02,44.1576042175293,44.1576042175293,44.1576042175293,44.1576042175293,100000
2022-09-05,44.626014709472656,44.626014709472656,44.626014709472656,44.626014709472656,100000
2022-09-06,44.455684661865234,44.455684661865234,44.455684661865234,44.455684661865234,100000
2022-09-07,43.90210723876953,43.90210723876953,43.90210723876953,43.90210723876953,100000
2022-09-08,44.32793426513672,44.32793426513672,44.32793426513672,44.32793426513672,100000
2022-09-12,43.98727798461914,44.157603659324046,43.81694906116024,44.157603659324046,201000
2022-09-13,43.6466178894043,43.85952822057212,43.6466178894043,43.85952822057212,101000
2022-09-14,44.02986526489258,44.02986526489258,43.68920737262375,43.68920737262375,104000
2022-09-15,44.1576042175293,44.1576042175293,44.1576042175293,44.1576042175293,100000
2022-09-16,44.32793426513672,44.37051568542902,44.32793426513672,44.37051568542902,100000
2022-09-19,44.1576042175293,44.28535172392686,43.94469387270273,44.28535172392686,124000
2022-09-20,44.370513916015625,44.370513916015625,44.370513916015625,44.370513916015625,100000
2022-09-21,43.98727798461914,43.98727798461914,43.98727798461914,43.98727798461914,100000
2022-09-22,44.41309356689453,44.924077029817546,44.1575985866794,44.370508904356264,146000
2022-09-23,43.77436065673828,43.77436065673828,43.77436065673828,43.77436065673828,100000
2022-09-26,43.85953140258789,43.944694241732066,43.6040396364013,43.90211282215998,164000
2022-09-27,42.794979095458984,43.135636944974195,42.794979095458984,42.83756051445988,102000
2022-09-28,42.24140930175781,42.24140930175781,41.83262184707996,42.03701719879584,175000
2022-09-29,42.709815979003906,42.709815979003906,42.266962077022995,42.62464989280335,136000
2022-09-30,42.24140930175781,42.24140930175781,41.866688280491594,42.24140930175781,110000
2022-10-03,42.51394271850586,42.582075598866226,42.21586948881561,42.582075598866226,136000
2022-10-04,43.4337158203125,43.4337158203125,43.4337158203125,43.4337158203125,100000
2022-10-05,43.22079849243164,43.22079849243164,43.22079849243164,43.22079849243164,100000
2022-10-06,42.922733306884766,42.922733306884766,42.922733306884766,42.922733306884766,100000
2022-10-07,43.13563537597656,43.22079821088067,42.83755895630435,43.22079821088067,136000
2022-10-11,42.5565185546875,43.09305025669946,42.5565185546875,43.09305025669946,101000
2022-10-12,42.224388122558594,42.224388122558594,42.224388122558594,42.224388122558594,100000
2022-10-13,42.028499603271484,42.028499603271484,42.028499603271484,42.028499603271484,100000
2022-10-14,42.01146697998047,42.01146697998047,42.01146697998047,42.01146697998047,100000
2022-10-17,41.70487976074219,41.70487976074219,41.70487976074219,41.70487976074219,100000
2022-10-18,41.84966278076172,41.84966278076172,41.84966278076172,41.84966278076172,100000
2022-10-19,41.8241081237793,41.92630417834071,41.730427053450505,41.92630417834071,116000
2022-10-20,41.58565139770508,41.58565139770508,41.58565139770508,41.58565139770508,100000
2022-10-21,41.091697692871094,41.091697692871094,41.091697692871094,41.091697692871094,100000
2022-10-24,41.06614685058594,41.06614685058594,41.06614685058594,41.06614685058594,100000
2022-10-25,41.1002082824707,41.1002082824707,41.1002082824707,41.1002082824707,100000
2022-10-26,41.9688835144043,41.9688835144043,41.9688835144043,41.9688835144043,100000
2022-10-27,42.088111877441406,42.096630109822605,42.088111877441406,42.096630109822605,101000
2022-10-28,42.437286376953125,42.437286376953125,42.437286376953125,42.437286376953125,100000
2022-10-31,42.41173553466797,42.41173553466797,42.19031022902022,42.31805447309456,116000
2022-11-01,42.62464904785156,42.62464904785156,42.62464904785156,42.62464904785156,100000
2022-11-02,42.75239944458008,42.75239944458008,42.75239944458008,42.75239944458008,100000
2022-11-03,42.548004150390625,42.548004150390625,42.548004150390625,42.548004150390625,100000
2022-11-04,42.36064529418945,42.36064529418945,42.13921670760059,42.3350938426574,132000
2022-11-07,42.07959747314453,42.07959747314453,42.07959747314453,42.07959747314453,100000
2022-11-08,41.755977630615234,41.755977630615234,41.755977630615234,41.755977630615234,100000
2022-11-09,41.977394104003906,41.977394104003906,41.977394104003906,41.977394104003906,100000
2022-11-10,42.164764404296875,42.164764404296875,42.164764404296875,42.164764404296875,100000
2022-11-11,42.5565185546875,42.5565185546875,42.5565185546875,42.5565185546875,100000
2022-11-14,42.1136589050293,42.122173887762884,42.1136589050293,42.122173887762884,101000
2022-11-15,42.47135925292969,42.47135925292969,42.47135925292969,42.47135925292969,100000
2022-11-16,43.22079849243164,43.22079849243164,43.22079849243164,43.22079849243164,100000
2022-11-17,43.556854248046875,43.556854248046875,43.51377196290288,43.51377196290288,110000
2022-11-18,43.42760467529297,43.42760467529297,43.42760467529297,43.42760467529297,100000
2022-11-21,43.90150833129883,44.03075515501834,43.42759673706025,43.42759673706025,130000
2022-11-22,43.858428955078125,43.987675787338816,43.77226111327059,43.987675787338816,165000
2022-11-23,44.41850280761719,44.41850280761719,44.41850280761719,44.41850280761719,100000
2022-11-24,44.76316833496094,44.97858300135924,44.76316833496094,44.97858300135924,148000
2022-11-25,44.7200813293457,44.7200813293457,44.7200813293457,44.7200813293457,100000
2022-11-28,44.93549728393555,45.15091193383559,44.93549728393555,45.15091193383559,132000
2022-11-29,44.37541961669922,44.59083427503271,44.37541961669922,44.59083427503271,116000
2022-11-30,43.90150833129883,43.90150833129883,43.90150833129883,43.90150833129883,100000
2022-12-01,44.160011291503906,44.289261419826936,44.116929011051994,44.289261419826936,132000
2022-12-02,44.7200813293457,44.7200813293457,44.7200813293457,44.7200813293457,100000
2022-12-05,44.978580474853516,44.978580474853516,44.8493303674879,44.8493303674879,101000
2022-12-06,44.93549728393555,44.93549728393555,44.93549728393555,44.93549728393555,100000
2022-12-07,45.150917053222656,45.150917053222656,45.150917053222656,45.150917053222656,100000
2022-12-08,45.840248107910156,45.840248107910156,45.581751129304486,45.797165825970445,126000
2022-12-09,46.09873580932617,46.18490035586531,46.09873580932617,46.18490035586531,101000
2022-12-12,45.3663330078125,45.3663330078125,44.97858592569235,45.15091832740877,148000
2022-12-13,45.323246002197266,45.323246002197266,45.323246002197266,45.323246002197266,100000
2022-12-14,45.538665771484375,45.538665771484375,45.538665771484375,45.538665771484375,100000
2022-12-15,45.58174133300781,45.58174133300781,45.323241122990844,45.53865577336051,148000
2022-12-16,45.75407409667969,45.79715965978572,45.62482726826251,45.79715965978572,116000
2022-12-19,45.3663330078125,45.3663330078125,45.3663330078125,45.3663330078125,100000
2022-12-20,44.289249420166016,44.84932548822929,44.289249420166016,44.84932548822929,103000
2022-12-21,44.116920471191406,44.116920471191406,44.116920471191406,44.116920471191406,100000
2022-12-22,44.50467300415039,44.50467300415039,44.50467300415039,44.50467300415039,100000
2022-12-23,44.33233642578125,44.33233642578125,44.33233642578125,44.33233642578125,100000
2022-12-26,43.90150833129883,43.90150833129883,43.90150833129883,43.90150833129883,100000
2022-12-27,43.90150833129883,43.90150833129883,43.90150833129883,43.90150833129883,100000
2022-12-28,43.3414421081543,43.3414421081543,43.3414421081543,43.3414421081543,100000
2022-12-29,43.21218490600586,43.21218490600586,43.21218490600586,43.21218490600586,100000
2022-12-30,43.556854248046875,43.556854248046875,43.556854248046875,43.556854248046875,100000
2023-01-03,43.08293151855469,43.21218162789708,42.962299836217426,43.16909606680507,128000
2023-01-04,43.59992980957031,43.64301537503767,43.4276006955695,43.64301537503767,116000
2023-01-05,43.98767852783203,43.98767852783203,43.98767852783203,43.98767852783203,100000
2023-01-06,44.07384490966797,44.07384490966797,44.07384490966797,44.07384490966797,100000
2023-01-09,44.547752380371094,44.547752380371094,44.547752380371094,44.547752380371094,100000
2023-01-10,44.76316833496094,44.76316833496094,44.76316833496094,44.76316833496094,100000
2023-01-11,44.50467300415039,44.50467300415039,44.50467300415039,44.50467300415039,100000
2023-01-12,45.150917053222656,45.150917053222656,45.150917053222656,45.150917053222656,100000
2023-01-13,45.840248107910156,45.840248107910156,45.840248107910156,45.840248107910156,100000
2023-01-16,45.40941619873047,45.40941619873047,45.40941619873047,45.40941619873047,100000
2023-01-17,45.58174133300781,45.58174133300781,45.58174133300781,45.58174133300781,100000
2023-01-30,45.194000244140625,45.36633264447685,45.15091796579836,45.36633264447685,103000
2023-01-31,45.06475067138672,45.06475067138672,45.02166839251937,45.02166839251937,103000
2023-02-01,45.3663330078125,45.3663330078125,45.3663330078125,45.3663330078125,100000
2023-02-02,45.40941619873047,45.40941619873047,45.40941619873047,45.40941619873047,101000
2023-02-03,45.667911529541016,45.667911529541016,45.667911529541016,45.667911529541016,100000
2023-02-06,45.194000244140625,45.194000244140625,44.935503287119865,44.935503287119865,175000
2023-02-07,45.150917053222656,45.150917053222656,45.150917053222656,45.150917053222656,100000
2023-02-08,44.892417907714844,44.892417907714844,44.849335629194165,44.849335629194165,101000
2023-02-09,44.978580474853516,44.978580474853516,44.978580474853516,44.978580474853516,101000
2023-02-10,44.5908317565918,44.63391402843189,44.46158165410487,44.547749484751705,103000
2023-02-13,44.24617385864258,44.24617385864258,44.24617385864258,44.24617385864258,100000
2023-02-14,44.46158218383789,44.46158218383789,44.46158218383789,44.46158218383789,100000
2023-02-15,44.5908317565918,44.5908317565918,44.5908317565918,44.5908317565918,100000
2023-02-16,44.203094482421875,44.24617676376116,44.16001220108259,44.24617676376116,103000
2023-02-17,43.556854248046875,43.556854248046875,43.470689677758884,43.470689677758884,105000
2023-02-20,43.72917175292969,43.72917175292969,43.686089482487596,43.686089482487596,101000
2023-02-21,43.858428955078125,43.858428955078125,43.729178835850355,43.729178835850355,104000
2023-02-22,43.3414421081543,43.3414421081543,43.212195245050076,43.212195245050076,107000
2023-02-23,43.2717170715332,43.30657594721518,43.2717170715332,43.30657594721518,102000
2023-02-24,43.66389846801758,43.75105395541324,43.66389846801758,43.75105395541324,102000
2023-03-01,43.428592681884766,43.428592681884766,43.428592681884766,43.428592681884766,100000
2023-03-02,43.193275451660156,43.193275451660156,43.07125775993592,43.07125775993592,101000
2023-03-03,43.07997512817383,43.07997512817383,43.07997512817383,43.07997512817383,100000
2023-03-06,43.83820724487305,43.8817833273699,43.83820724487305,43.8817833273699,102000
2023-03-07,43.83820724487305,43.83820724487305,43.7946311623762,43.7946311623762,101000
2023-03-08,44.012516021728516,44.012516021728516,44.012516021728516,44.012516021728516,100000
2023-03-09,43.96894073486328,43.96894073486328,43.96894073486328,43.96894073486328,100000
2023-03-10,44.143245697021484,44.143245697021484,44.143245697021484,44.143245697021484,100000
2023-03-13,44.31755447387695,44.535438229057554,44.31755447387695,44.535438229057554,111000
2023-03-14,43.92536163330078,43.92536163330078,43.92536163330078,43.92536163330078,100000
2023-03-15,43.83820724487305,43.83820724487305,43.83820724487305,43.83820724487305,100000
2023-03-16,44.36113357543945,44.36113357543945,44.31755416499327,44.31755416499327,127000
2023-03-17,44.143245697021484,44.143245697021484,44.143245697021484,44.143245697021484,100000
2023-03-20,43.881778717041016,43.881778717041016,43.881778717041016,43.881778717041016,100000
2023-03-21,44.012516021728516,44.012516021728516,44.012516021728516,44.012516021728516,100000
2023-03-22,44.09966278076172,44.09966278076172,43.96893454596979,43.96893454596979,102000
2023-03-23,44.491859436035156,44.491859436035156,44.40470726912222,44.40470726912222,121000
2023-03-24,44.40469741821289,44.40469741821289,44.40469741821289,44.40469741821289,100000
2023-03-27,44.44828414916992,44.44828414916992,44.40470806493249,44.40470806493249,101000
2023-03-28,43.96894073486328,43.96894073486328,43.96894073486328,43.96894073486328,100000
2023-03-29,44.056095123291016,44.056095123291016,44.056095123291016,44.056095123291016,100000
2023-03-30,44.27397537231445,44.27397537231445,44.27397537231445,44.27397537231445,100000
2023-03-31,44.491859436035156,44.491859436035156,44.491859436035156,44.491859436035156,100000
2023-04-06,45.84273147583008,45.84273147583008,45.84273147583008,45.84273147583008,100000
2023-04-07,45.886314392089844,45.886314392089844,45.886314392089844,45.886314392089844,100000
2023-04-10,46.06061935424805,46.06061935424805,46.06061935424805,46.06061935424805,100000
2023-04-11,45.58128356933594,45.58128356933594,45.58128356933594,45.58128356933594,100000
2023-04-12,45.71200942993164,45.71200942993164,45.71200942993164,45.71200942993164,100000
2023-04-13,45.799163818359375,45.799163818359375,45.799163818359375,45.799163818359375,100000
2023-04-14,45.4505500793457,45.49412616297864,45.4505500793457,45.49412616297864,120000
2023-04-17,45.189083099365234,45.189083099365234,45.189083099365234,45.189083099365234,100000
2023-04-18,44.79689407348633,44.79689407348633,44.79689407348633,44.79689407348633,100000
2023-04-19,45.189083099365234,45.189083099365234,45.14550701942453,45.14550701942453,101000
2023-04-20,45.1019287109375,45.18908086651261,45.1019287109375,45.18908086651261,102000
2023-04-21,45.31982421875,45.31982421875,45.31982421875,45.31982421875,100000
2023-04-24,45.232662200927734,45.232662200927734,45.232662200927734,45.232662200927734,100000
2023-04-25,45.71200942993164,45.71200942993164,45.71200942993164,45.71200942993164,100000
2023-04-26,46.06061935424805,46.06061935424805,46.06061935424805,46.06061935424805,100000
2023-04-27,45.71200942993164,45.71200942993164,45.71200942993164,45.71200942993164,100000
2023-04-28,45.58128356933594,45.58128356933594,45.58128356933594,45.58128356933594,100000
2023-05-02,45.66843795776367,45.66843795776367,45.66843795776367,45.66843795776367,100000
2023-05-03,45.62485122680664,45.62485122680664,45.62485122680664,45.62485122680664,100000
2023-05-04,45.62485122680664,45.755582793215424,45.62485122680664,45.755582793215424,103000
2023-05-05,44.88404846191406,44.927624543065214,44.88404846191406,44.927624543065214,101000
2023-05-08,44.9276237487793,44.9276237487793,44.9276237487793,44.9276237487793,100000
2023-05-09,44.53543472290039,44.53543472290039,44.53543472290039,44.53543472290039,100000
2023-05-10,44.57901382446289,44.57901382446289,44.57901382446289,44.57901382446289,100000
2023-05-11,44.79689407348633,44.79689407348633,44.79689407348633,44.79689407348633,100000
2023-05-12,45.1455078125,45.1455078125,45.1455078125,45.1455078125,100000
2023-05-15,44.88404846191406,44.88404846191406,44.84047238076291,44.88404846191406,102000
2023-05-16,44.40469741821289,44.40469741821289,44.40469741821289,44.40469741821289,100000
2023-05-17,44.186824798583984,44.27397696800455,44.186824798583984,44.230400883294266,110000
2023-05-18,44.19563293457031,44.327821241304235,44.10750403497392,44.327821241304235,102000
2023-05-19,43.755001068115234,43.81668962053562,43.737375287170266,43.737375287170266,105000
2023-05-22,43.64043045043945,43.64043045043945,43.605178892364165,43.605178892364165,101000
2023-05-23,43.60517501831055,43.60517501831055,43.58754924083885,43.58754924083885,101000
2023-05-24,43.755001068115234,43.755001068115234,43.65806095380492,43.65806095380492,102000
2023-05-25,43.60517501831055,43.62280079578225,43.60517501831055,43.62280079578225,102000
2023-05-26,43.42011642456055,43.43774220488478,43.4113018535115,43.43774220488478,103000
2023-05-29,43.47298812866211,43.47298812866211,43.47298812866211,43.47298812866211,100000
2023-05-30,43.64043045043945,43.64043045043945,43.64043045043945,43.64043045043945,100000
2023-05-31,44.10750198364258,44.10750198364258,44.10750198364258,44.10750198364258,100000
2023-06-01,44.283756256103516,44.32781902280959,44.283756256103516,44.32781902280959,104000
2023-06-02,44.46002197265625,44.46002197265625,44.41595919476307,44.41595919476307,103000
2023-06-05,44.283756256103516,44.283756256103516,44.283756256103516,44.283756256103516,100000
2023-06-06,44.283756256103516,44.283756256103516,44.283756256103516,44.283756256103516,100000
2023-06-07,44.46002197265625,44.46002197265625,44.46002197265625,44.46002197265625,100000
2023-06-08,43.992942810058594,44.045820155421936,43.992942810058594,44.045820155421936,101000
2023-06-09,44.37187576293945,44.37187576293945,44.37187576293945,44.37187576293945,100000
2023-06-12,44.37187576293945,44.37187576293945,44.37187576293945,44.37187576293945,100000
2023-06-13,44.415950775146484,44.415950775146484,44.415950775146484,44.415950775146484,100000
2023-06-14,44.327823638916016,44.327823638916016,44.239698096326855,44.239698096326855,116000
2023-06-15,44.37187576293945,44.415941885434094,44.37187576293945,44.37187576293945,104000
2023-06-16,44.63627624511719,44.72440180050693,44.63627624511719,44.63627624511719,102000
2023-06-19,44.94470977783203,45.03283531503985,44.90064700922812,44.90064700922812,146000
2023-06-20,44.94470977783203,44.94470977783203,44.94470977783203,44.94470977783203,110000
2023-06-21,45.473472595214844,45.517538728374255,45.473472595214844,45.517538728374255,101000
2023-06-26,45.473472595214844,45.473472595214844,45.473472595214844,45.473472595214844,100000
2023-06-27,45.473472595214844,45.473472595214844,45.473472595214844,45.473472595214844,100000
2023-06-28,45.473472595214844,45.517538728374255,45.385347052443954,45.385347052443954,107000
2023-06-29,45.649723052978516,45.6937858205131,45.649723052978516,45.6937858205131,130000
2023-06-30,45.385345458984375,45.429408228822794,45.385345458984375,45.385345458984375,131000
2023-07-03,45.781917572021484,45.781917572021484,45.781917572021484,45.781917572021484,100000
2023-07-04,45.87004852294922,45.87004852294922,45.87004852294922,45.87004852294922,100000
2023-07-05,45.82597732543945,45.82597732543945,45.82597732543945,45.82597732543945,100000
2023-07-06,45.60565948486328,45.60565948486328,45.60565948486328,45.60565948486328,100000
2023-07-07,45.12096405029297,45.12096405029297,45.12096405029297,45.12096405029297,108000
2023-07-10,44.988773345947266,44.988773345947266,44.988773345947266,44.988773345947266,100000
2023-07-11,45.253150939941406,45.29721706878062,45.20908817287583,45.20908817287583,149000
2023-07-12,45.385345458984375,45.429408228822794,45.385345458984375,45.429408228822794,126000
2023-07-13,45.649723052978516,45.82597748489052,45.649723052978516,45.82597748489052,101000
2023-07-14,45.51753616333008,45.56159893223246,45.56159893223246,45.56159893223246,100000
2023-07-17,45.693790435791016,45.693790435791016,45.60566489182077,45.60566489182077,133000
2023-07-18,45.693790435791016,45.693790435791016,45.693790435791016,45.693790435791016,100000
2023-07-19,46.04629898071289,46.04629898071289,46.04629898071289,46.04629898071289,100000
2023-07-20,46.2666130065918,46.35473854379961,46.2666130065918,46.2666130065918,148000
2023-07-21,46.17849349975586,46.17849349975586,46.17849349975586,46.17849349975586,100000
2023-07-24,46.44286346435547,46.44286346435547,46.3988006995261,46.3988006995261,101000
2023-07-25,46.3106803894043,46.3106803894043,46.3106803894043,46.3106803894043,124000
2023-07-26,46.17849349975586,46.17849349975586,46.17849349975586,46.17849349975586,100000
2023-07-27,46.17849349975586,46.17849349975586,46.17849349975586,46.17849349975586,100000
2023-07-28,45.87004852294922,45.914111298428466,45.87004852294922,45.914111298428466,125000
2023-07-31,46.134422302246094,46.134422302246094,46.090359532722196,46.090359532722196,112000
2023-08-01,46.44286346435547,46.44286346435547,46.44286346435547,46.44286346435547,100000
2023-08-02,46.09036636352539,46.09036636352539,46.09036636352539,46.09036636352539,114000
2023-08-04,45.16502380371094,45.16502380371094,45.16502380371094,45.16502380371094,100000
2023-08-07,45.473472595214844,45.473472595214844,45.473472595214844,45.473472595214844,100000
2023-08-08,45.473472595214844,45.473472595214844,45.34128428105851,45.34128428105851,122000
2023-08-09,45.73785400390625,45.73785400390625,45.693787872618984,45.73785400390625,135000
2023-08-10,45.60565948486328,45.60565948486328,45.60565948486328,45.60565948486328,100000
2023-08-11,45.2090950012207,45.253157774941485,45.2090950012207,45.253157774941485,101000
2023-08-14,45.253150939941406,45.253150939941406,45.20908817287583,45.20908817287583,100000
2023-08-15,45.253150939941406,45.29721706878062,45.253150939941406,45.29721706878062,112000
2023-08-16,44.988773345947266,44.988773345947266,44.988773345947266,44.988773345947266,100000
2023-08-17,44.703529357910156,44.703529357910156,44.703529357910156,44.703529357910156,100000
2023-08-18,44.50742721557617,44.53416802226456,44.49851134640819,44.53416802226456,172000
2023-08-21,44.39154052734375,44.436109667751644,44.38262805942515,44.436109667751644,128000
2023-08-22,44.204345703125,44.204345703125,44.13303236200899,44.13303236200899,124000
2023-08-23,44.50742721557617,44.50742721557617,44.50742721557617,44.50742721557617,100000
2023-08-24,45.10465621948242,45.10465621948242,45.10465621948242,45.10465621948242,100000
2023-08-25,45.0155143737793,45.0155143737793,45.0155143737793,45.0155143737793,114000
2023-08-28,45.238365173339844,45.238365173339844,45.238365173339844,45.238365173339844,100000
2023-08-29,45.461212158203125,45.461212158203125,45.461212158203125,45.461212158203125,100000
2023-08-30,45.77320098876953,45.77320098876953,45.728631851568665,45.77320098876953,138000
2023-08-31,45.817779541015625,45.817779541015625,45.817779541015625,45.817779541015625,120000
2023-09-01,45.86234664916992,45.906915790244,45.86234664916992,45.906915790244,114000
2023-09-04,45.41664505004883,45.41664505004883,45.41664505004883,45.41664505004883,101000
2023-09-05,45.41664505004883,45.41664505004883,45.41664505004883,45.41664505004883,100000
2023-09-06,45.10465621948242,45.10465621948242,45.060087079821166,45.060087079821166,128000
2023-09-07,45.149234771728516,45.149234771728516,45.149234771728516,45.149234771728516,100000
2023-09-08,45.3720817565918,45.3720817565918,45.3720817565918,45.3720817565918,100000
2023-09-11,45.461212158203125,45.461212158203125,45.461212158203125,45.461212158203125,101000
2023-09-12,45.3720817565918,45.3720817565918,45.3720817565918,45.3720817565918,100000
2023-09-13,45.50578308105469,45.50578308105469,45.46121394354442,45.46121394354442,125000
2023-09-14,45.3720817565918,45.416650900082395,45.3720817565918,45.416650900082395,121000
2023-09-15,45.32750701904297,45.37207956078413,45.32750701904297,45.32750701904297,120000
2023-09-18,45.19379425048828,45.19379425048828,45.14922511442532,45.14922511442532,125000
2023-09-19,45.461212158203125,45.461212158203125,45.41664302244317,45.461212158203125,148000
2023-09-20,45.282936096191406,45.282936096191406,45.282936096191406,45.282936096191406,100000
2023-09-21,45.55035400390625,45.639495682827906,45.238366628698856,45.238366628698856,208000
2023-09-22,44.703529357910156,44.703529357910156,44.703529357910156,44.703529357910156,100000
2023-09-25,45.238365173339844,45.238365173339844,45.238365173339844,45.238365173339844,100000
2023-09-26,45.238365173339844,45.238365173339844,45.238365173339844,45.238365173339844,0
2023-09-27,44.614383697509766,44.65895283199139,44.614383697509766,44.65895283199139,240000
2023-09-28,44.43610763549805,44.43610763549805,44.40045436504678,44.40045436504678,103000
2023-10-02,44.25783157348633,44.25783157348633,44.25783157348633,44.25783157348633,100000
2023-10-03,43.88344192504883,43.88344192504883,43.812131985223864,43.812131985223864,101000
2023-10-04,43.13467025756836,43.13467025756836,43.090101118677275,43.090101118677275,197000
2023-10-05,43.45557403564453,43.54471231452906,43.45557403564453,43.535799846803556,181000
2023-10-06,43.32185745239258,43.41099911982306,43.32185745239258,43.41099911982306,123000
2023-10-11,43.70516586303711,43.70516586303711,43.6784250582747,43.6784250582747,180000
2023-10-12,44.311309814453125,44.311309814453125,44.26674067897374,44.26674067897374,128000
2023-10-13,43.66059494018555,43.66059494018555,43.66059494018555,43.66059494018555,100000
2023-10-16,44.133033752441406,44.17760629224682,44.133033752441406,44.17760629224682,220000
2023-10-17,43.68733215332031,43.69624802074958,43.63385055037315,43.69624802074958,251000
2023-10-18,43.33077621459961,43.6516794379775,43.33077621459961,43.6516794379775,102000
2023-10-19,42.956390380859375,43.027703723542565,42.77811382496609,42.77811382496609,156000
2023-10-20,42.40372848510742,42.40372848510742,42.37698767997078,42.37698767997078,106000
2023-10-23,42.25218963623047,42.35915624937228,42.1184788194977,42.35915624937228,110000
2023-10-24,42.99204635620117,43.0009622240959,42.98313388871373,43.0009622240959,200000
2023-10-25,43.30403518676758,43.393173459281904,43.30403518676758,43.393173459281904,220000
2023-10-26,42.6978874206543,42.70679988816204,42.68005908523152,42.68005908523152,240000
2023-10-27,43.31295394897461,43.31295394897461,43.31295394897461,43.31295394897461,120000
2023-10-30,43.12575912475586,43.17924073291756,43.12575912475586,43.17924073291756,155000
2023-10-31,42.97421646118164,42.97421646118164,42.92073485738338,42.92073485738338,120000
2023-11-01,42.92073440551758,42.92073440551758,42.92073440551758,42.92073440551758,100000
2023-11-02,43.812137603759766,43.812137603759766,43.80322173488374,43.80322173488374,200000
2023-11-03,44.40045166015625,44.40045166015625,44.35587912409478,44.35587912409478,265000
2023-11-06,44.480682373046875,44.480682373046875,44.480682373046875,44.480682373046875,100000
2023-11-07,44.23108673095703,44.23108673095703,44.177605125255084,44.177605125255084,203000
2023-11-08,44.65895462036133,44.65895462036133,44.65895462036133,44.65895462036133,100000
2023-11-09,45.238365173339844,45.28293431116316,45.238365173339844,45.28293431116316,106000
2023-11-10,44.65895462036133,44.65895462036133,44.65895462036133,44.65895462036133,100000
2023-11-13,44.65895462036133,44.65895462036133,44.65895462036133,44.65895462036133,100000
2023-11-14,44.881797790527344,44.881797790527344,44.881797790527344,44.881797790527344,100000
2023-11-15,45.55035400390625,45.55035400390625,45.55035400390625,45.55035400390625,100000
2023-11-16,45.238365173339844,45.104654359462636,45.104654359462636,45.104654359462636,100000
2023-11-17,45.282936096191406,45.37207777575921,45.282936096191406,45.37207777575921,106000
2023-11-20,45.238365173339844,45.28293431116316,45.238365173339844,45.28293431116316,101000
2023-11-21,45.36463165283203,45.36463165283203,45.36463165283203,45.36463165283203,100000
2023-11-22,45.04897689819336,45.04897689819336,45.04897689819336,45.04897689819336,100000
2023-11-23,45.63519287109375,45.63519287109375,45.63519287109375,45.63519287109375,100000
2023-11-24,45.31953430175781,45.31953430175781,45.31953430175781,45.31953430175781,100000
2023-11-27,45.229347229003906,45.229347229003906,45.229347229003906,45.229347229003906,100000
2023-11-28,45.5900993347168,45.5900993347168,45.5900993347168,45.5900993347168,100000
2023-11-29,45.63519287109375,45.63519287109375,45.63519287109375,45.63519287109375,103000
2023-11-30,45.95085144042969,45.95085144042969,45.95085144042969,45.95085144042969,106000
2023-12-01,45.99594497680664,45.99594497680664,45.860661409536775,45.860661409536775,101000
2023-12-04,46.58216857910156,46.58216857910156,46.537071763658396,46.537071763658396,101000
2023-12-05,46.897823333740234,46.897823333740234,46.76253977488523,46.76253977488523,102000
2023-12-06,47.393863677978516,47.393863677978516,47.393863677978516,47.393863677978516,100000
2023-12-07,47.84479904174805,47.84479904174805,47.7095189201379,47.7095189201379,103000
2023-12-08,47.48405075073242,47.48405075073242,47.48405075073242,47.48405075073242,100000
2023-12-11,46.988014221191406,47.213484545554905,46.988014221191406,47.213484545554905,101000
2023-12-12,47.168399810791016,47.168399810791016,47.168399810791016,47.168399810791016,100000
2023-12-13,47.43895721435547,47.43895721435547,47.34877045631468,47.34877045631468,101000
2023-12-14,48.070274353027344,48.070274353027344,48.070274353027344,48.070274353027344,100000
2023-12-15,48.656497955322266,48.656497955322266,48.656497955322266,48.656497955322266,100000
2023-12-18,48.97215270996094,48.97215270996094,48.97215270996094,48.97215270996094,100000
2023-12-19,48.746681213378906,48.746681213378906,48.746681213378906,48.746681213378906,101000
2023-12-20,48.88196563720703,48.88196563720703,48.88196563720703,48.88196563720703,100000
2023-12-21,49.017242431640625,49.017242431640625,49.017242431640625,49.017242431640625,100000
2023-12-22,48.61140060424805,48.61140060424805,48.61140060424805,48.61140060424805,100000
2023-12-25,48.34083938598633,48.34083938598633,48.34083938598633,48.34083938598633,101000
2023-12-26,48.47611618041992,48.47611618041992,48.385929433455104,48.385929433455104,101000
2023-12-27,48.34083938598633,48.34083938598633,48.34083938598633,48.34083938598633,100000
2023-12-28,48.34083938598633,48.34083938598633,48.34083938598633,48.34083938598633,100000
2023-12-29,48.250648498535156,48.250648498535156,48.160461746662136,48.160461746662136,102000
2024-01-02,47.889896392822266,47.889896392822266,47.889896392822266,47.889896392822266,100000
2024-01-03,47.84479904174805,47.8898924156181,47.799705667878,47.8898924156181,102000
2024-01-04,47.79971694946289,47.79971694946289,47.66443335551951,47.66443335551951,101000
2024-01-05,47.34877014160156,47.34877014160156,47.34877014160156,47.34877014160156,101000
2024-01-08,46.94292068481445,46.94292068481445,46.94292068481445,46.94292068481445,100000
2024-01-09,47.34877014160156,47.34877014160156,47.1683931863146,47.1683931863146,101000
2024-01-10,47.619327545166016,47.619327545166016,47.619327545166016,47.619327545166016,100000
2024-01-11,47.70951843261719,47.70951843261719,47.70951843261719,47.70951843261719,100000
2024-01-12,47.98008728027344,48.07027403680384,47.93499390200824,48.07027403680384,104000
2024-01-15,48.38593292236328,48.38593292236328,48.38593292236328,48.38593292236328,101000
2024-01-16,48.38593292236328,48.38593292236328,48.38593292236328,48.38593292236328,100000
2024-01-17,48.20555114746094,48.20555114746094,48.20555114746094,48.20555114746094,100000
2024-01-18,48.20555114746094,48.20555114746094,48.20555114746094,48.20555114746094,100000
2024-01-19,47.6644287109375,47.84480567181724,47.6644287109375,47.84480567181724,101000
2024-01-22,48.11536407470703,48.11536407470703,48.11536407470703,48.11536407470703,100000
2024-01-23,48.16046142578125,48.16046142578125,48.16046142578125,48.16046142578125,100000
2024-01-24,47.84479904174805,47.84479904174805,47.84479904174805,47.84479904174805,100000
2024-01-25,47.619327545166016,47.619327545166016,47.619327545166016,47.619327545166016,100000
2024-01-26,48.025177001953125,48.025177001953125,48.025177001953125,48.025177001953125,100000
2024-01-29,47.93498229980469,47.93498229980469,47.93498229980469,47.93498229980469,100000
2024-01-30,48.250648498535156,48.250648498535156,48.205555122598646,48.205555122598646,101000
2024-01-31,48.47611618041992,48.47611618041992,48.47611618041992,48.47611618041992,100000
2024-02-01,48.70159149169922,48.83687506644896,48.70159149169922,48.83687506644896,109000
2024-02-02,48.746681213378906,48.8368714032484,48.746681213378906,48.8368714032484,101000
2024-02-05,48.521209716796875,48.61139990446834,48.521209716796875,48.61139990446834,102000
2024-02-15,47.70951843261719,47.934988740067354,47.70951843261719,47.934988740067354,101000
2024-02-16,47.123294830322266,47.30367176655739,47.123294830322266,47.30367176655739,106000
2024-02-19,47.168399810791016,47.168399810791016,47.168399810791016,47.168399810791016,100000
2024-02-20,47.168399810791016,47.25859002130322,47.168399810791016,47.21349319584474,103000
2024-02-21,47.168399810791016,47.168399810791016,47.168399810791016,47.168399810791016,0
2024-02-22,47.303672790527344,47.303672790527344,47.25857941559342,47.25857941559342,211000
2024-02-23,47.34877014160156,47.529147096888515,47.34877014160156,47.48405371816784,101000
2024-02-26,48.34083938598633,48.52121634556775,48.25065262639779,48.52121634556775,106000
2024-02-27,48.20555114746094,48.20555114746094,48.20555114746094,48.20555114746094,100000
2024-02-29,47.60367202758789,47.74046209930469,47.60367202758789,47.74046209930469,101000
2024-03-01,47.51247024536133,47.51247024536133,47.51247024536133,47.51247024536133,100000
2024-03-04,47.51247024536133,47.51247024536133,47.51247024536133,47.51247024536133,100000
2024-03-05,47.42127990722656,47.42127990722656,47.42127990722656,47.42127990722656,100000
2024-03-06,47.74045944213867,47.74045944213867,47.64926606606983,47.64926606606983,122000
2024-03-07,48.24203109741211,48.24203109741211,47.92284733910767,48.10523756116676,111000
2024-03-08,48.24203109741211,48.24203109741211,48.24203109741211,48.24203109741211,100000
2024-03-11,48.24203109741211,48.24203109741211,48.24203109741211,48.24203109741211,100000
2024-03-12,48.33323287963867,48.33323287963867,48.33323287963867,48.33323287963867,100000
2024-03-13,48.15083312988281,48.15083312988281,48.15083312988281,48.15083312988281,100000
2024-03-14,48.24203109741211,48.24203109741211,48.150834246980494,48.150834246980494,103000
2024-03-15,47.968448638916016,47.968448638916016,47.968448638916016,47.968448638916016,100000
2024-03-18,47.968448638916016,47.968448638916016,47.968448638916016,47.968448638916016,0
2024-03-19,48.10524368286133,48.10524368286133,47.87725674597573,47.87725674597573,102000
2024-03-20,48.10524368286133,48.10524368286133,48.10524368286133,48.10524368286133,0
2024-03-21,48.24203109741211,48.24203109741211,48.24203109741211,48.24203109741211,100000
2024-03-22,48.69800567626953,48.69800567626953,48.69800567626953,48.69800567626953,100000
2024-03-25,48.69800567626953,48.69800567626953,48.69800567626953,48.69800567626953,0
2024-03-26,48.74360275268555,48.78919943957852,48.561212526309454,48.561212526309454,106000
2024-03-27,48.69800567626953,48.834795735854286,48.69800567626953,48.69800567626953,102000
2024-03-28,49.062782287597656,49.062782287597656,49.062782287597656,49.062782287597656,101000
2024-03-29,49.290771484375,49.290771484375,49.290771484375,49.290771484375,100000
2024-04-01,49.290771484375,49.290771484375,49.290771484375,49.290771484375,101000
2024-04-02,48.652408599853516,48.69800876808109,48.652408599853516,48.69800876808109,102000
2024-04-03,48.51561737060547,48.51561737060547,48.51561737060547,48.51561737060547,100000
2024-04-08,48.33323287963867,48.33323287963867,48.33323287963867,48.33323287963867,100000
2024-04-09,48.47001266479492,48.47001266479492,48.47001266479492,48.47001266479492,100000
2024-04-10,48.652408599853516,48.652408599853516,48.652408599853516,48.652408599853516,100000
2024-04-11,48.15083312988281,48.15083312988281,48.10523644512691,48.10523644512691,101000
2024-04-12,48.05963897705078,48.05963897705078,48.05963897705078,48.05963897705078,100000
2024-04-15,48.05963897705078,48.05963897705078,48.05963897705078,48.05963897705078,100000
2024-04-16,47.74045944213867,47.74045944213867,47.74045944213867,47.74045944213867,100000
2024-04-17,47.2388916015625,47.33008846161996,47.2388916015625,47.33008846161996,101000
2024-04-18,47.55807113647461,47.64926450956454,47.55807113647461,47.64926450956454,120000
2024-04-19,47.78606033325195,47.78606033325195,47.51247324329017,47.51247324329017,150000
2024-04-22,47.55807113647461,47.64926450956454,47.55807113647461,47.64926450956454,126000
2024-04-23,47.8316535949707,47.8316535949707,47.8316535949707,47.8316535949707,100000
2024-04-24,47.78606033325195,47.78606033325195,47.78606033325195,47.78606033325195,100000
2024-04-25,47.60367202758789,47.60367202758789,47.60367202758789,47.60367202758789,100000
2024-04-26,47.330081939697266,47.375678624040674,47.330081939697266,47.375678624040674,101000
2024-04-29,47.78606033325195,47.78606033325195,47.694863476996574,47.694863476996574,124000
2024-04-30,48.05963897705078,48.05963897705078,47.96844213022134,47.96844213022134,164000
2024-05-02,47.922855377197266,47.922855377197266,47.922855377197266,47.922855377197266,110000
2024-05-03,47.8316535949707,47.968443651346604,47.8316535949707,47.968443651346604,102000
2024-05-06,48.19643783569336,48.19643783569336,48.19643783569336,48.19643783569336,100000
2024-05-07,48.606815338134766,48.65241203077336,48.606815338134766,48.65241203077336,115000
2024-05-08,48.78919982910156,48.834796516358566,48.78919982910156,48.834796516358566,101000
2024-05-09,48.51561737060547,48.51561737060547,48.51561737060547,48.51561737060547,100000
2024-05-10,48.652408599853516,48.652408599853516,48.652408599853516,48.652408599853516,100000
2024-05-13,48.51561737060547,48.51561737060547,48.51561737060547,48.51561737060547,100000
2024-05-14,48.42442321777344,48.42442321777344,48.42442321777344,48.42442321777344,100000
2024-05-15,48.42442321777344,48.42442321777344,48.42442321777344,48.42442321777344,101000
2024-05-16,48.88039779663086,48.88039779663086,48.74360772200646,48.74360772200646,113000
2024-05-17,48.88039779663086,48.88039779663086,48.88039779663086,48.88039779663086,101000
2024-05-20,48.652408599853516,48.880395525773736,48.652408599853516,48.880395525773736,104000
2024-05-21,48.69800567626953,48.69800567626953,48.652405510937086,48.652405510937086,102000
2024-05-22,48.7809944152832,48.8271005104338,48.68877870731243,48.68877870731243,123000
2024-05-23,48.55046463012695,48.68878292756793,48.55046463012695,48.68878292756793,101000
2024-05-24,48.458251953125,48.458251953125,48.458251953125,48.458251953125,101000
2024-05-27,48.27381896972656,48.41214077902023,48.27381896972656,48.36603468181225,138000
2024-05-28,48.36603546142578,48.36603546142578,48.319929363474614,48.319929363474614,120000
2024-05-29,48.04328536987305,48.08939498513836,48.04328536987305,48.08939498513836,136000
2024-05-30,47.90497589111328,47.99718810327048,47.90497589111328,47.99718810327048,143000
2024-05-31,48.41214370727539,48.41214370727539,48.41214370727539,48.41214370727539,100000
2024-06-03,48.55046463012695,48.55046463012695,48.4121428150161,48.4121428150161,127000
2024-06-04,49.19595718383789,49.19595718383789,48.9654231698224,48.9654231698224,125000
2024-06-05,49.42649459838867,49.47260421850002,49.42649459838867,49.42649459838867,133000
2024-06-06,49.38038635253906,49.51870817152883,49.38038635253906,49.51870817152883,144000
2024-06-07,49.42649459838867,49.42649459838867,49.42649459838867,49.42649459838867,110000
2024-06-11,48.734893798828125,48.78100342016004,48.734893798828125,48.78100342016004,105000
2024-06-12,49.10374450683594,49.10374450683594,49.057638408016075,49.057638408016075,104000
2024-06-13,49.38038635253906,49.38038635253906,49.334280252099134,49.334280252099134,102000
2024-06-14,49.841453552246094,49.841453552246094,49.841453552246094,49.841453552246094,100000
2024-06-17,49.8875617980957,49.8875617980957,49.795349594802985,49.795349594802985,101000
2024-06-18,49.56481170654297,49.56481170654297,49.56481170654297,49.56481170654297,100000
2024-06-19,49.795345306396484,49.795345306396484,49.795345306396484,49.795345306396484,100000
2024-06-20,49.841453552246094,49.841453552246094,49.841453552246094,49.841453552246094,110000
2024-06-21,49.56481170654297,49.56481170654297,49.56481170654297,49.56481170654297,100000
2024-06-24,49.51871109008789,49.56481719324524,49.51871109008789,49.56481719324524,102000
2024-06-25,49.74924850463867,49.84146071722037,49.74924850463867,49.84146071722037,101000
2024-06-26,49.93367004394531,49.97977614432349,49.88756042589716,49.88756042589716,117000
2024-06-27,49.51871109008789,49.51871109008789,49.51871109008789,49.51871109008789,120000
2024-06-28,49.51871109008789,49.56481719324524,49.472604986930534,49.56481719324524,120000
2024-07-01,48.96542739868164,49.011537019602876,48.96542739868164,49.011537019602876,101000
2024-07-02,48.7809944152832,48.7809944152832,48.64267261216183,48.64267261216183,162000
2024-07-03,49.14985275268555,49.14985275268555,48.965424831679805,48.965424831679805,113000
2024-07-04,49.28817367553711,49.334279775531655,49.28817367553711,49.334279775531655,104000
2024-07-05,49.28817367553711,49.28817367553711,49.28817367553711,49.28817367553711,100000
2024-07-08,49.61091232299805,49.61091232299805,49.61091232299805,49.61091232299805,100000
2024-07-09,49.8875617980957,49.979777519058494,49.74924349315663,49.74924349315663,122000
2024-07-10,49.795345306396484,49.795345306396484,49.795345306396484,49.795345306396484,100000
2024-07-11,49.93367004394531,49.93367004394531,49.93367004394531,49.93367004394531,100000
2024-07-12,50.02588653564453,50.02588653564453,49.93367432697874,49.93367432697874,105000
2024-07-15,50.02588653564453,50.1642083663135,50.02588653564453,50.02588653564453,110000
2024-07-16,50.02588653564453,50.11809874431033,50.02588653564453,50.07199263997743,102000
2024-07-17,50.39473342895508,50.39473342895508,50.39473342895508,50.39473342895508,100000
2024-07-18,50.39473342895508,50.39473342895508,50.39473342895508,50.39473342895508,100000
2024-07-19,50.4869499206543,50.4869499206543,50.4869499206543,50.4869499206543,100000
2024-07-22,50.53305435180664,50.67137616504795,50.53305435180664,50.67137616504795,152000
2024-07-23,50.4869499206543,50.4869499206543,50.3486281028448,50.3486281028448,105000
2024-07-26,50.210304260253906,50.210304260253906,50.210304260253906,50.210304260253906,100000
2024-07-29,50.39473342895508,50.39473342895508,50.39473342895508,50.39473342895508,100000
2024-07-30,50.579166412353516,50.579166412353516,50.579166412353516,50.579166412353516,100000
2024-07-31,50.67137908935547,50.67137908935547,50.67137908935547,50.67137908935547,100000
2024-08-01,51.08633804321289,51.08633804321289,51.08633804321289,51.08633804321289,101000
2024-08-02,51.36297607421875,51.36297607421875,51.36297607421875,51.36297607421875,101000
2024-08-05,51.639617919921875,51.639617919921875,51.362977813170545,51.362977813170545,103000
2024-08-06,51.31687545776367,51.31687545776367,51.31687545776367,51.31687545776367,100000
2024-08-07,50.85580825805664,50.85580825805664,50.85580825805664,50.85580825805664,25000
2024-08-08,50.4869499206543,50.4869499206543,50.3486281028448,50.3486281028448,101000
2024-08-09,50.071983337402344,50.071983337402344,50.071983337402344,50.071983337402344,100000
2024-08-12,50.44084167480469,50.44084167480469,50.44084167480469,50.44084167480469,100000
2024-08-13,50.71748352050781,50.71748352050781,50.71748352050781,50.71748352050781,100000
2024-08-14,50.99412536621094,50.99412536621094,50.901913163749576,50.901913163749576,101000
2024-08-15,51.27076721191406,51.27076721191406,51.27076721191406,51.27076721191406,101000
2024-08-16,51.36297607421875,51.40908217083803,51.36297607421875,51.40908217083803,102000
2024-08-19,50.99412536621094,50.99412536621094,50.99412536621094,50.99412536621094,100000
2024-08-20,50.947509765625,50.947509765625,50.947509765625,50.947509765625,100000
2024-08-21,51.273799896240234,51.273799896240234,51.273799896240234,51.273799896240234,100000
2024-08-22,51.180572509765625,51.180572509765625,51.180572509765625,51.180572509765625,100000
2024-08-23,51.087345123291016,51.087345123291016,51.087345123291016,51.087345123291016,100000
2024-08-26,51.22718811035156,51.22718811035156,51.22718811035156,51.22718811035156,100000
2024-08-27,51.180572509765625,51.180572509765625,51.180572509765625,51.180572509765625,100000
2024-08-28,51.273799896240234,51.320411730349456,51.18057622802179,51.18057622802179,110000
2024-08-29,51.13396072387695,51.13396072387695,51.13396072387695,51.13396072387695,100000
2024-08-30,50.85428237915039,50.94750959647866,50.667831500748576,50.667831500748576,147000
2024-09-02,50.85428237915039,50.85428237915039,50.807670548613615,50.85428237915039,102000
2024-09-03,50.85428237915039,50.85428237915039,50.85428237915039,50.85428237915039,100000
2024-09-04,50.99412155151367,50.99412155151367,50.99412155151367,50.99412155151367,100000
2024-09-05,51.320411682128906,51.320411682128906,51.320411682128906,51.320411682128906,100000
2024-09-06,51.646697998046875,51.646697998046875,51.646697998046875,51.646697998046875,100000
2024-09-09,51.646697998046875,51.646697998046875,51.646697998046875,51.646697998046875,100000
2024-09-10,52.01959228515625,52.01959228515625,52.01959228515625,52.01959228515625,100000
2024-09-11,52.15943908691406,52.15943908691406,52.15943908691406,52.15943908691406,100000
2024-09-12,51.92637252807617,51.92637252807617,51.92637252807617,51.92637252807617,100000
2024-09-13,51.92637252807617,51.92637252807617,51.92637252807617,51.92637252807617,100000
2024-09-16,51.646697998046875,51.739921659616364,51.646697998046875,51.739921659616364,122000
2024-09-18,52.06621170043945,52.06621170043945,52.06621170043945,52.06621170043945,102000
2024-09-19,52.06621170043945,52.06621170043945,52.06621170043945,52.06621170043945,100000
2024-09-20,52.06621170043945,52.06621170043945,52.06621170043945,52.06621170043945,100000
2024-09-23,52.06621170043945,52.06621170043945,52.06621170043945,52.06621170043945,100000
2024-09-24,52.15943908691406,52.20605092112836,52.15943908691406,52.20605092112836,102000
2024-09-25,51.879764556884766,51.879764556884766,51.879764556884766,51.879764556884766,100000
2024-09-26,51.6000862121582,51.6000862121582,51.6000862121582,51.6000862121582,100000
2024-09-27,51.320411682128906,51.320411682128906,51.320411682128906,51.320411682128906,100000
2024-09-30,51.180572509765625,51.180572509765625,51.180572509765625,51.180572509765625,100000
2024-10-01,51.46025085449219,51.46025085449219,51.46025085449219,51.46025085449219,100000
2024-10-04,51.55347442626953,51.55347442626953,51.55347442626953,51.55347442626953,100000
2024-10-07,51.786537170410156,51.786537170410156,51.786537170410156,51.786537170410156,100000
2024-10-08,51.320411682128906,51.320411682128906,51.320411682128906,51.320411682128906,100000
2024-10-09,51.367027282714844,51.367027282714844,51.367027282714844,51.367027282714844,100000
2024-10-11,51.13396072387695,51.18057611413744,51.13396072387695,51.13396072387695,125000
2024-10-14,50.947509765625,50.947509765625,50.947509765625,50.947509765625,100000
2024-10-15,51.180572509765625,51.180572509765625,51.180572509765625,51.180572509765625,100000
2024-10-16,51.646697998046875,51.646697998046875,51.646697998046875,51.646697998046875,100000
2024-10-17,51.50686264038086,51.50686264038086,51.50686264038086,51.50686264038086,100000
2024-10-18,51.040740966796875,51.040740966796875,51.040740966796875,51.040740966796875,100000
2024-10-21,50.6678352355957,50.6678352355957,50.6678352355957,50.6678352355957,101000
2024-10-22,49.82881164550781,49.87542347956482,49.82881164550781,49.87542347956482,102000
2024-10-23,49.78219985961914,49.78219985961914,49.78219985961914,49.78219985961914,100000
2024-10-24,49.7355842590332,49.7355842590332,49.7355842590332,49.7355842590332,100000
2024-10-25,50.0152587890625,50.0152587890625,50.0152587890625,50.0152587890625,100000
2024-10-28,49.502525329589844,50.01526621063265,49.502525329589844,50.01526621063265,102000
2024-10-29,49.688968658447266,49.688968658447266,49.688968658447266,49.688968658447266,100000
2024-10-30,49.82881164550781,49.82881164550781,49.82881164550781,49.82881164550781,100000
2024-11-01,49.875423431396484,49.875423431396484,49.875423431396484,49.875423431396484,100000
2024-11-04,49.26946258544922,49.26946258544922,49.0363998417976,49.0363998417976,101000
2024-11-05,49.59574890136719,49.59574890136719,49.502521677031275,49.502521677031275,101000
2024-11-06,49.455909729003906,49.455909729003906,49.129623335217694,49.362686061137836,102000
2024-11-07,49.875423431396484,49.875423431396484,49.875423431396484,49.875423431396484,100000
2024-11-08,50.248321533203125,50.248321533203125,50.248321533203125,50.248321533203125,100000
2024-11-11,50.6678352355957,50.6678352355957,50.6678352355957,50.6678352355957,100000
2024-11-12,51.22718811035156,51.22718811035156,51.22718811035156,51.22718811035156,100000
2024-11-13,50.57461166381836,50.667835331940914,50.57461166381836,50.667835331940914,101000
2024-11-14,50.155094146728516,50.155094146728516,50.155094146728516,50.155094146728516,100000
2024-11-15,50.29493713378906,50.29493713378906,50.15509807526518,50.15509807526518,101000
2024-11-18,50.155094146728516,50.155094146728516,50.155094146728516,50.155094146728516,100000
2024-11-19,50.34365463256836,50.34365463256836,50.34365463256836,50.34365463256836,100000
2024-11-20,50.39079284667969,50.39079284667969,50.296514183478365,50.296514183478365,110000
2024-11-21,50.39079284667969,50.39079284667969,50.39079284667969,50.39079284667969,100000
2024-11-22,50.48506546020508,50.48506546020508,50.249374208200045,50.43792792907669,118000
2024-11-25,50.62648391723633,50.62648391723633,50.62648391723633,50.62648391723633,100000
2024-11-26,51.050724029541016,51.050724029541016,51.050724029541016,51.050724029541016,100000
2024-11-27,51.09786605834961,51.09786605834961,51.09786605834961,51.09786605834961,100000
2024-11-28,51.33355712890625,51.33355712890625,51.33355712890625,51.33355712890625,100000
2024-11-29,51.38069152832031,51.42782905815626,51.38069152832031,51.38069152832031,132000
2024-12-02,51.85207748413086,51.85207748413086,51.85207748413086,51.85207748413086,100000
2024-12-03,51.89921951293945,52.08777325757896,51.85208197587046,51.85208197587046,104000
2024-12-04,51.569252014160156,51.66352708620871,51.569252014160156,51.66352708620871,103000
2024-12-05,51.71065902709961,51.71065902709961,51.71065902709961,51.71065902709961,100000
2024-12-06,51.80493927001953,51.852076802385426,51.80493927001953,51.852076802385426,101000
2024-12-09,51.99349594116211,51.99349594116211,51.99349594116211,51.99349594116211,100000
2024-12-10,51.75780487060547,51.75780487060547,51.75780487060547,51.75780487060547,100000
2024-12-11,51.569252014160156,51.61638955018444,51.569252014160156,51.61638955018444,121000
2024-12-12,51.28642272949219,51.28642272949219,51.28642272949219,51.28642272949219,100000
2024-12-13,50.956451416015625,51.00358895033712,50.90931388169413,50.90931388169413,103000
2024-12-16,50.81503677368164,50.81503677368164,50.720758112459016,50.720758112459016,101000
2024-12-17,50.62648391723633,50.767896516954586,50.62648391723633,50.67362145047574,125000
2024-12-18,50.62648391723633,50.62648391723633,50.62648391723633,50.62648391723633,100000
2024-12-19,50.10795974731445,50.15509727668604,50.10795974731445,50.15509727668604,101000
2024-12-20,49.73085403442383,49.73085403442383,49.73085403442383,49.73085403442383,100000
2024-12-23,49.91940689086914,49.91940689086914,49.87226936068792,49.87226936068792,101000
2024-12-24,49.73085403442383,49.73085403442383,49.73085403442383,49.73085403442383,100000
2024-12-25,49.825130462646484,49.825130462646484,49.825130462646484,49.825130462646484,100000
2024-12-26,49.63657760620117,49.73085266560024,49.63657760620117,49.73085266560024,101000
2024-12-27,49.87226486206055,49.966539913919085,49.87226486206055,49.966539913919085,103000
2024-12-30,49.589439392089844,49.589439392089844,49.35374813338911,49.35374813338911,101000
2024-12-31,50.15509796142578,50.202235491440916,49.77799052857867,49.77799052857867,111000
2025-01-02,49.87226486206055,49.87226486206055,49.87226486206055,49.87226486206055,100000
2025-01-03,50.15509796142578,50.15509796142578,50.15509796142578,50.15509796142578,100000
2025-01-06,49.825130462646484,49.825130462646484,49.825130462646484,49.825130462646484,100000
2025-01-07,49.448028564453125,49.448028564453125,49.30661236562606,49.30661236562606,102000
2025-01-08,49.070919036865234,49.070919036865234,48.929506440342685,48.929506440342685,103000
2025-01-09,49.306610107421875,49.306610107421875,49.306610107421875,49.306610107421875,120000
2025-01-10,49.16520309448242,49.16520309448242,48.64667939455809,48.64667939455809,104000
2025-01-13,49.16520309448242,49.16520309448242,49.16520309448242,49.16520309448242,100000
2025-01-14,49.21233367919922,49.21233367919922,49.21233367919922,49.21233367919922,100000
2025-01-15,49.11805725097656,49.11805725097656,48.92950711966207,48.92950711966207,135000
2025-01-16,49.63657760620117,49.73085266560024,49.589436480138644,49.589436480138644,112000
2025-01-17,49.825130462646484,49.825130462646484,49.77799293035697,49.77799293035697,101000
2025-01-20,49.73085403442383,49.73085403442383,49.73085403442383,49.73085403442383,100000
2025-01-21,50.10795974731445,50.10795974731445,50.10795974731445,50.10795974731445,100000
2025-01-22,50.10795974731445,50.10795974731445,50.10795974731445,50.10795974731445,100000
2025-02-03,50.673622131347656,50.720759665220434,50.43793086562046,50.43793086562046,110000
2025-02-04,50.060821533203125,50.202237725905874,50.060821533203125,50.202237725905874,116000
2025-02-05,50.24937438964844,50.29651192094704,50.24937438964844,50.29651192094704,101000
2025-02-06,50.86217498779297,50.90931252085444,50.86217498779297,50.90931252085444,101000
2025-02-07,50.72075653076172,50.815035189044316,50.72075653076172,50.815035189044316,101000
2025-02-10,50.34365463256836,50.437929698131725,50.34365463256836,50.437929698131725,104000
2025-02-11,50.39079284667969,50.43793038009871,50.39079284667969,50.43793038009871,101000
2025-02-12,50.15509796142578,50.24937302145605,50.15509796142578,50.24937302145605,101000
2025-02-13,49.87226486206055,49.91940238798981,49.87226486206055,49.91940238798981,101000
2025-02-14,50.296512603759766,50.39079126399998,50.296512603759766,50.39079126399998,101000
2025-02-17,50.34365463256836,50.39079216535004,50.34365463256836,50.39079216535004,105000
2025-02-18,50.39079284667969,50.43793038009871,50.34365531326066,50.34365531326066,105000
2025-02-19,50.12371063232422,50.21909571053686,50.12371063232422,50.21909571053686,102000
2025-02-20,50.26679611206055,50.26679611206055,50.26679611206055,50.26679611206055,100000
2025-02-21,50.36217498779297,50.36217498779297,50.31448426123077,50.31448426123077,101000
2025-02-24,50.45755386352539,50.50524458421249,50.45755386352539,50.50524458421249,101000
2025-02-25,50.88677978515625,50.88677978515625,50.88677978515625,50.88677978515625,100000
2025-02-26,51.268314361572266,51.268314361572266,51.17293290655984,51.17293290655984,102000
2025-02-27,51.4113883972168,51.4113883972168,51.4113883972168,51.4113883972168,100000
2025-03-03,51.45907974243164,51.50677046885563,51.45907974243164,51.50677046885563,106000
2025-03-04,51.64984130859375,51.983679999954916,51.64984130859375,51.79291347407617,102000
2025-03-05,51.12523651123047,51.268312326639446,51.12523651123047,51.268312326639446,101000
2025-03-06,50.9821662902832,50.9821662902832,50.9821662902832,50.9821662902832,100000
2025-03-07,51.316001892089844,51.316001892089844,51.316001892089844,51.316001892089844,100000
2025-03-10,51.17292785644531,51.17292785644531,51.17292785644531,51.17292785644531,100000
2025-03-11,51.36369323730469,51.36369323730469,51.36369323730469,51.36369323730469,100000
2025-03-12,50.696014404296875,50.696014404296875,50.696014404296875,50.696014404296875,100000
2025-03-13,50.55294418334961,50.648325641475346,50.55294418334961,50.648325641475346,126000
2025-03-14,50.696014404296875,50.696014404296875,50.696014404296875,50.696014404296875,100000
2025-03-17,50.88677978515625,50.88677978515625,50.88677978515625,50.88677978515625,100000
2025-03-18,51.12523651123047,51.12523651123047,51.12523651123047,51.12523651123047,100000
2025-03-19,51.17292785644531,51.17292785644531,51.12523349507665,51.12523349507665,101000
2025-03-20,51.60215377807617,51.697538872924795,51.60215377807617,51.697538872924795,101000
2025-03-21,51.50676727294922,51.55445799641409,51.45907654948436,51.55445799641409,150000
2025-03-24,51.268314361572266,51.268314361572266,51.268314361572266,51.268314361572266,100000
2025-03-25,51.077545166015625,51.077545166015625,51.077545166015625,51.077545166015625,100000
2025-03-26,50.9821662902832,50.9821662902832,50.9821662902832,50.9821662902832,100000
2025-03-27,50.74370574951172,50.74370574951172,50.74370574951172,50.74370574951172,100000
2025-03-28,50.74370574951172,50.74370574951172,50.74370574951172,50.74370574951172,101000
2025-03-31,51.268314361572266,51.31600508907848,51.268314361572266,51.31600508907848,103000
2025-04-01,51.4113883972168,51.4113883972168,51.4113883972168,51.4113883972168,100000
2025-04-02,51.36369323730469,51.506769051207904,51.36369323730469,51.506769051207904,101000
2025-04-07,50.02833557128906,51.31600336350347,50.02833557128906,51.31600336350347,36000
2025-04-08,49.21757507324219,49.21757507324219,49.21757507324219,49.21757507324219,200000
2025-04-09,49.21757507324219,49.21757507324219,49.21757507324219,49.21757507324219,0
2025-04-10,48.50220489501953,48.50220489501953,48.26374763665942,48.31144199918664,378000
2025-04-11,47.166847229003906,47.166847229003906,47.166847229003906,47.166847229003906,101000
2025-04-14,47.10008239746094,47.166850143971715,47.10008239746094,47.166850143971715,101000
2025-04-15,47.88222122192383,47.88222122192383,47.834530494962166,47.834530494962166,51000
2025-04-16,48.025291442871094,48.025291442871094,48.025291442871094,48.025291442871094,200000
2025-04-17,48.40682601928711,48.40682601928711,48.40682601928711,48.40682601928711,100000
2025-04-18,48.40682601928711,48.40682601928711,48.40682601928711,48.40682601928711,100000
2025-04-21,47.97760009765625,47.97760009765625,47.73914283709278,47.73914283709278,101000
2025-04-22,47.51976776123047,47.51976776123047,47.51976776123047,47.51976776123047,100000
2025-04-23,48.359134674072266,48.40682539995445,48.072986680210015,48.072986680210015,103000
2025-04-24,48.40682601928711,48.40682601928711,48.40682601928711,48.40682601928711,100000
2025-04-25,48.64527893066406,48.78835473588768,48.64527893066406,48.78835473588768,101000
2025-04-28,49.26527404785156,49.26527404785156,49.26527404785156,49.26527404785156,100000
2025-04-29,48.97911834716797,48.97911834716797,48.97911834716797,48.97911834716797,100000
2025-04-30,48.64527893066406,48.64527893066406,48.64527893066406,48.64527893066406,100000
2025-05-02,46.54685592651367,46.94746601108544,46.508701892065126,46.94746601108544,201000
2025-05-05,43.561370849609375,44.41028175821997,43.561370849609375,44.267205945677865,228000
2025-05-06,44.09552001953125,44.09552001953125,44.00967525272405,44.00967525272405,108000
2025-05-07,44.667816162109375,44.70596655880038,44.667816162109375,44.70596655880038,104000
2025-05-08,44.877655029296875,44.96349978733976,44.877655029296875,44.96349978733976,101000
2025-05-09,44.810890197753906,45.11611521537425,44.810890197753906,45.11611521537425,195000
2025-05-12,44.84904479980469,44.84904479980469,44.84904479980469,44.84904479980469,101000
2025-05-13,45.28780746459961,45.28780746459961,45.192426005323874,45.192426005323874,103000
2025-05-14,45.3736457824707,45.3736457824707,45.33549174875711,45.33549174875711,101000
2025-05-15,44.877655029296875,44.877655029296875,44.84904132280557,44.84904132280557,101000
2025-05-16,45.21149826049805,45.21149826049805,45.05888575859753,45.05888575859753,101000
2025-05-19,44.877655029296875,44.877655029296875,44.78227358194655,44.80135059913041,102000
2025-05-20,45.325958251953125,45.325958251953125,45.29734454393711,45.29734454393711,101000
2025-05-21,44.65925979614258,44.76554594295523,44.65925979614258,44.726895764862654,127000
2025-05-22,43.83795928955078,43.847623676837586,43.799312798054906,43.799312798054906,39000
2025-05-23,44.12782669067383,44.12782669067383,44.12782669067383,44.12782669067383,1000
2025-05-26,43.664039611816406,43.664039611816406,43.664039611816406,43.664039611816406,100000
2025-05-27,44.15681457519531,44.15681457519531,43.97322808867573,43.97322808867573,102000
2025-05-28,44.58195877075195,44.58195877075195,44.58195877075195,44.58195877075195,100000
2025-05-29,44.6882438659668,44.6882438659668,44.6882438659668,44.6882438659668,100000
2025-06-02,44.871826171875,44.871826171875,44.234113008603984,44.234113008603984,110000
2025-06-03,44.881492614746094,44.881492614746094,44.881492614746094,44.881492614746094,100000
2025-06-04,45.15203094482422,45.15203094482422,45.123045157869626,45.123045157869626,120000
2025-06-05,45.41292190551758,45.422582607538295,45.40326120349686,45.40326120349686,201000
2025-06-06,45.41292190551758,45.41292190551758,45.41292190551758,45.41292190551758,100000
2025-06-09,45.16170120239258,45.29697314027813,45.16170120239258,45.29697314027813,106000
2025-06-10,45.23899459838867,45.31629494923306,45.23899459838867,45.31629494923306,105000
2025-06-11,45.41292190551758,45.41292190551758,45.41292190551758,45.41292190551758,101000
2025-06-12,45.499881744384766,45.499881744384766,45.499881744384766,45.499881744384766,100000
2025-06-13,45.606163024902344,45.606163024902344,45.606163024902344,45.606163024902344,100000
2025-06-16,45.16170120239258,45.41291998905376,45.16170120239258,45.41291998905376,111000
2025-06-17,44.978111267089844,44.978111267089844,44.978111267089844,44.978111267089844,100000
2025-06-18,45.16170120239258,45.16170120239258,45.16170120239258,45.16170120239258,100000
2025-06-19,45.277645111083984,45.277645111083984,45.277645111083984,45.277645111083984,100000
2025-06-20,45.123046875,45.123046875,45.123046875,45.123046875,100000
2025-06-23,45.480552673339844,45.480552673339844,45.480552673339844,45.480552673339844,100000
2025-06-24,45.35494613647461,45.35494613647461,45.35494613647461,45.35494613647461,100000
2025-06-25,45.451568603515625,45.451568603515625,45.451568603515625,45.451568603515625,100000
2025-06-26,45.026424407958984,45.026424407958984,45.026424407958984,45.026424407958984,100000
2025-06-27,44.73655319213867,44.73655319213867,44.73655319213867,44.73655319213867,100000
2025-06-30,44.900814056396484,44.900814056396484,44.900814056396484,44.900814056396484,100000
2025-07-01,45.596500396728516,45.80907267981804,45.596500396728516,45.80907267981804,101000
2025-07-02,45.50954055786133,45.50954055786133,45.50954055786133,45.50954055786133,100000
2025-07-03,45.21967315673828,45.21967315673828,45.21967315673828,45.21967315673828,100000
2025-07-04,44.900814056396484,45.036085982316145,44.900814056396484,45.036085982316145,101000
2025-07-07,45.00709915161133,45.00709915161133,44.968448977705705,44.968448977705705,102000
2025-07-08,44.82351303100586,44.891148992945965,44.82351303100586,44.891148992945965,101000
2025-07-09,44.6882438659668,44.6882438659668,44.6882438659668,44.6882438659668,100000
2025-07-10,45.16170120239258,45.16170120239258,45.16170120239258,45.16170120239258,100000
2025-07-11,45.08440017700195,45.08440017700195,45.08440017700195,45.08440017700195,100000
2025-07-14,44.73655319213867,44.73655319213867,44.73655319213867,44.73655319213867,100000
2025-07-15,44.775203704833984,44.775203704833984,44.775203704833984,44.775203704833984,100000
2025-07-16,44.67858123779297,44.67858123779297,44.67858123779297,44.67858123779297,100000
2025-07-17,44.67858123779297,44.67858123779297,44.67858123779297,44.67858123779297,100000
2025-07-18,44.94912338256836,44.94912338256836,44.94912338256836,44.94912338256836,100000
2025-07-21,45.04574966430664,45.04574966430664,45.04574966430664,45.04574966430664,100000
2025-07-22,45.33561706542969,45.33561706542969,45.33561706542969,45.33561706542969,100000
2025-07-23,45.28730392456055,45.28730392456055,45.28730392456055,45.28730392456055,100000
2025-07-24,45.1906852722168,45.1906852722168,45.1906852722168,45.1906852722168,100000
2025-07-25,45.55785369873047,45.55785369873047,45.441903170728274,45.441903170728274,103000
2025-07-28,45.66413497924805,45.66413497924805,45.66413497924805,45.66413497924805,100000
2025-07-29,45.770423889160156,45.86704933252747,45.770423889160156,45.86704933252747,101000
2025-07-30,46.4467887878418,46.4467887878418,46.4467887878418,46.4467887878418,100000
2025-07-31,46.6883430480957,46.6883430480957,46.6883430480957,46.6883430480957,100000
2025-08-01,46.64969253540039,46.64969253540039,46.64969253540039,46.64969253540039,100000
2025-08-04,46.59172058105469,46.59172058105469,46.59172058105469,46.59172058105469,100000
2025-08-05,47.07483673095703,47.07483673095703,47.07483673095703,47.07483673095703,101000
2025-08-06,47.09416580200195,47.09416580200195,47.09416580200195,47.09416580200195,100000
2025-08-07,46.804290771484375,46.804290771484375,46.804290771484375,46.804290771484375,100000
2025-08-08,46.862266540527344,46.862266540527344,46.862266540527344,46.862266540527344,100000
2025-08-11,46.765647888183594,46.765647888183594,46.765647888183594,46.765647888183594,100000
2025-08-12,46.85260772705078,46.85260772705078,46.85260772705078,46.85260772705078,100000
2025-08-13,46.862266540527344,46.862266540527344,46.862266540527344,46.862266540527344,100000
2025-08-14,47.24876022338867,47.30673180153851,47.24876022338867,47.30673180153851,101000
2025-08-15,47.287410736083984,47.287410736083984,47.287410736083984,47.287410736083984,100000
2025-08-18,47.08449935913086,47.08449935913086,47.08449935913086,47.08449935913086,100000
2025-08-19,46.97695541381836,46.97695541381836,46.97695541381836,46.97695541381836,100000
2025-08-20,47.34846878051758,47.34846878051758,47.34846878051758,47.34846878051758,100000
2025-08-21,47.70043182373047,47.70043182373047,47.70043182373047,47.70043182373047,100000
2025-08-22,47.70043182373047,47.90574124828401,47.70043182373047,47.90574124828401,101000
2025-08-25,47.84708023071289,47.84708023071289,47.84708023071289,47.84708023071289,100000
2025-08-26,47.739540100097656,47.739540100097656,47.739540100097656,47.739540100097656,100000
2025-08-27,47.9155158996582,47.9155158996582,47.9155158996582,47.9155158996582,100000
2025-08-28,47.98395538330078,47.98395538330078,47.98395538330078,47.98395538330078,100000
2025-08-29,48.120826721191406,48.120826721191406,48.120826721191406,48.120826721191406,100000
2025-09-01,47.76886749267578,47.76886749267578,47.76886749267578,47.76886749267578,100000
2025-09-02,47.680877685546875,47.680877685546875,47.680877685546875,47.680877685546875,100000
2025-09-03,47.680877685546875,47.680877685546875,47.63199502234659,47.63199502234659,101000
2025-09-04,48.199039459228516,48.199039459228516,48.199039459228516,48.199039459228516,100000
2025-09-05,48.590110778808594,48.590110778808594,48.590110778808594,48.590110778808594,100000
2025-09-08,48.86385726928711,48.86385726928711,48.86385726928711,48.86385726928711,100000
2025-09-09,49.078941345214844,49.078941345214844,49.078941345214844,49.078941345214844,100000
2025-09-10,48.72698211669922,48.795418590764854,48.72698211669922,48.795418590764854,101000
2025-09-11,49.078941345214844,49.078941345214844,49.078941345214844,49.078941345214844,100000
2025-09-12,49.27447509765625,49.27447509765625,49.27447509765625,49.27447509765625,100000
2025-09-15,49.3233642578125,49.3233642578125,49.3233642578125,49.3233642578125,100000
2025-09-16,49.3233642578125,49.3233642578125,49.3233642578125,49.3233642578125,100000
2025-09-17,49.27447509765625,49.27447509765625,49.27447509765625,49.27447509765625,100000
2025-09-18,49.17670822143555,49.17670822143555,49.17670822143555,49.17670822143555,100000
2025-09-19,48.88340759277344,48.88340759277344,48.88340759277344,48.88340759277344,100000
2025-09-22,49.030059814453125,49.12782513884661,49.030059814453125,49.12782513884661,102000
2025-09-23,49.030059814453125,49.030059814453125,49.030059814453125,49.030059814453125,100000
2025-09-24,49.3233642578125,49.3233642578125,49.3233642578125,49.3233642578125,100000
2025-09-25,49.17670822143555,49.17670822143555,49.17670822143555,49.17670822143555,100000
2025-09-26,49.225589752197266,49.225589752197266,49.225589752197266,49.225589752197266,100000
2025-09-30,49.567779541015625,49.567779541015625,49.567779541015625,49.567779541015625,100000
2025-10-01,49.42112731933594,49.42112731933594,49.42112731933594,49.42112731933594,100000
2025-10-02,49.518898010253906,49.518898010253906,49.518898010253906,49.518898010253906,100000
2025-10-03,49.567779541015625,49.567779541015625,49.567779541015625,49.567779541015625,100000
2025-10-07,49.225589752197266,49.225589752197266,49.225589752197266,49.225589752197266,100000
2025-10-08,49.616661071777344,49.616661071777344,49.616661071777344,49.616661071777344,100000
2025-10-09,49.76331329345703,49.76331329345703,49.76331329345703,49.76331329345703,100000
2025-10-13,49.81219482421875,49.81219482421875,49.81219482421875,49.81219482421875,100000
2025-10-14,50.007728576660156,50.007728576660156,50.007728576660156,50.007728576660156,100000
2025-10-15,50.2032585144043,50.2032585144043,50.2032585144043,50.2032585144043,100000
2025-10-16,50.34991455078125,50.34991455078125,50.34991455078125,50.34991455078125,100000
2025-10-17,50.594329833984375,50.594329833984375,50.398795446212254,50.398795446212254,101000
2025-10-20,50.25214767456055,50.25214767456055,50.25214767456055,50.25214767456055,100000
2025-10-21,50.545448303222656,50.545448303222656,50.545448303222656,50.545448303222656,100000
2025-10-22,50.74098205566406,50.74098205566406,50.74098205566406,50.74098205566406,100000
2025-10-23,51.034278869628906,51.034278869628906,50.88762715333221,50.88762715333221,121000
2025-10-27,50.643211364746094,50.643211364746094,50.643211364746094,50.643211364746094,100000
2025-10-28,50.98539733886719,50.98539733886719,50.98539733886719,50.98539733886719,100000
2025-10-29,50.8387451171875,50.8387451171875,50.8387451171875,50.8387451171875,100000
2025-10-30,50.643211364746094,50.643211364746094,50.643211364746094,50.643211364746094,100000
2025-10-31,50.301029205322266,50.301029205322266,50.301029205322266,50.301029205322266,100000
2025-11-03,50.105491638183594,50.105491638183594,50.105491638183594,50.105491638183594,100000
2025-11-04,50.007728576660156,50.007728576660156,49.95884218436857,49.95884218436857,120000
2025-11-05,50.25214767456055,50.25214767456055,50.25214767456055,50.25214767456055,100000
2025-11-06,49.86107635498047,49.90995901727001,49.86107635498047,49.90995901727001,102000
2025-11-07,50.2032585144043,50.2032585144043,50.2032585144043,50.2032585144043,100000
2025-11-10,49.86107635498047,50.00772807135717,49.86107635498047,50.00772807135717,101000
2025-11-11,50.105491638183594,50.105491638183594,50.0566089776089,50.0566089776089,102000
2025-11-12,50.301029205322266,50.301029205322266,50.301029205322266,50.301029205322266,100000
2025-11-13,50.44767761230469,50.44767761230469,50.44767761230469,50.44767761230469,100000
2025-11-14,50.2032585144043,50.252144906001206,50.15437585231545,50.252144906001206,103000
2025-11-17,49.90995788574219,49.90995788574219,49.86107522456088,49.86107522456088,102000
2025-11-18,50.301029205322266,50.301029205322266,50.05661215741449,50.05661215741449,125000
2025-11-19,50.083492279052734,50.182372291998085,50.083492279052734,50.182372291998085,103000
2025-11-20,50.182369232177734,50.182369232177734,50.182369232177734,50.182369232177734,100000
2025-11-21,50.4790153503418,50.4790153503418,50.4790153503418,50.4790153503418,100000
2025-11-24,50.825103759765625,50.825103759765625,50.825103759765625,50.825103759765625,100000
2025-11-25,51.17118453979492,51.17118453979492,50.97342075335097,50.97342075335097,101000
2025-11-26,51.22062683105469,51.22062683105469,51.22062683105469,51.22062683105469,100000
2025-11-27,51.467830657958984,51.467830657958984,51.467830657958984,51.467830657958984,100000
2025-11-28,51.41838836669922,51.41838836669922,51.41838836669922,51.41838836669922,100000
2025-12-01,51.31951141357422,51.31951141357422,51.31951141357422,51.31951141357422,100000
2025-12-02,51.02286148071289,51.22062526996212,51.02286148071289,51.22062526996212,102000
2025-12-03,50.97342300415039,51.07230678775396,50.97342300415039,51.07230678775396,105000
2025-12-04,51.02286148071289,51.02286148071289,51.02286148071289,51.02286148071289,100000
2025-12-05,51.07230758666992,51.07230758666992,51.07230758666992,51.07230758666992,100000
2025-12-08,50.5284538269043,50.775657620131874,50.5284538269043,50.775657620131874,101000
2025-12-09,50.5284538269043,50.5284538269043,50.5284538269043,50.5284538269043,100000
2025-12-10,50.62733840942383,50.62733840942383,50.62733840942383,50.62733840942383,100000
2025-12-11,51.02286148071289,51.02286148071289,51.02286148071289,51.02286148071289,100000
2025-12-12,50.67677688598633,50.67677688598633,50.67677688598633,50.67677688598633,100000
2025-12-15,50.62733840942383,50.62733840942383,50.52845462734801,50.52845462734801,136000
2025-12-16,50.775657653808594,50.775657653808594,50.775657653808594,50.775657653808594,100000
2025-12-17,50.825103759765625,50.825103759765625,50.825103759765625,50.825103759765625,100000
2025-12-18,50.825103759765625,50.825103759765625,50.825103759765625,50.825103759765625,100000
2025-12-19,50.923980712890625,50.923980712890625,50.923980712890625,50.923980712890625,100000
2025-12-22,50.726219177246094,50.726219177246094,50.726219177246094,50.726219177246094,100000
2025-12-23,50.874542236328125,50.874542236328125,50.874542236328125,50.874542236328125,100000
2025-12-24,50.923980712890625,50.97342071645821,50.923980712890625,50.923980712890625,102000
2025-12-26,51.02286148071289,51.02286148071289,51.02286148071289,51.02286148071289,100000
2025-12-29,51.07230758666992,51.07230758666992,51.07230758666992,51.07230758666992,100000
2025-12-30,51.02286148071289,51.02286148071289,51.02286148071289,51.02286148071289,100000
2025-12-31,51.02286148071289,51.02286148071289,50.72621768285432,50.72621768285432,102000
2026-01-02,50.874542236328125,50.874542236328125,50.874542236328125,50.874542236328125,102000
2026-01-05,50.726219177246094,50.726219177246094,50.726219177246094,50.726219177246094,100000
2026-01-06,50.874542236328125,50.923982241379655,50.874542236328125,50.923982241379655,103000
2026-01-07,51.02286148071289,51.02286148071289,51.02286148071289,51.02286148071289,100000
2026-01-08,51.27006530761719,51.27006530761719,51.27006530761719,51.27006530761719,100000
2026-01-09,51.27006530761719,51.27006530761719,51.27006530761719,51.27006530761719,100000
2026-01-12,51.31951141357422,51.31951141357422,51.31951141357422,51.31951141357422,100000
2026-01-13,51.467830657958984,51.467830657958984,51.467830657958984,51.467830657958984,100000
2026-01-14,51.566715240478516,51.566715240478516,51.566715240478516,51.566715240478516,100000
2026-01-15,51.81391906738281,51.81391906738281,51.81391906738281,51.81391906738281,100000
2026-01-16,51.71503448486328,51.71503448486328,51.71503448486328,51.71503448486328,100000
2026-01-19,51.27006530761719,51.27006530761719,51.27006530761719,51.27006530761719,102000
2026-01-20,51.41838836669922,51.41838836669922,51.41838836669922,51.41838836669922,100000
2026-01-21,51.22062683105469,51.22062683105469,51.22062683105469,51.22062683105469,102000
2026-01-22,51.616153717041016,51.616153717041016,51.616153717041016,51.616153717041016,100000
2026-01-23,51.91279602050781,51.91279602050781,51.91279602050781,51.91279602050781,100000
2026-01-26,51.616153717041016,51.616153717041016,51.616153717041016,51.616153717041016,100000
2026-01-27,51.665592193603516,51.665592193603516,51.665592193603516,51.665592193603516,100000
2026-01-28,51.22062683105469,51.22062683105469,51.22062683105469,51.22062683105469,100000
2026-01-29,51.02286148071289,51.02286148071289,50.92398147210355,50.92398147210355,101000
2026-01-30,51.07230758666992,51.1711875997896,51.07230758666992,51.1711875997896,110000
2026-02-02,51.566715240478516,51.566715240478516,51.566715240478516,51.566715240478516,100000
2026-02-03,51.41838836669922,51.41838836669922,51.41838836669922,51.41838836669922,100000
2026-02-04,51.41838836669922,51.41838836669922,51.41838836669922,51.41838836669922,100000
2026-02-05,51.467830657958984,51.467830657958984,51.467830657958984,51.467830657958984,100000
2026-02-06,51.81391906738281,51.81391906738281,51.81391906738281,51.81391906738281,100000
2026-02-09,51.616153717041016,51.616153717041016,51.616153717041016,51.616153717041016,100000
2026-02-10,51.86335754394531,51.86335754394531,51.61615374609241,51.61615374609241,101000
2026-02-11,51.91279602050781,51.91279602050781,51.91279602050781,51.91279602050781,100000
2026-02-23,52.357765197753906,52.357765197753906,52.357765197753906,52.357765197753906,100000
2026-02-24,52.258880615234375,52.258880615234375,52.258880615234375,52.258880615234375,100000
2026-02-25,52.11056137084961,52.11056137084961,52.11056137084961,52.11056137084961,100000
2026-02-26,52.06112289428711,52.06112289428711,52.06112289428711,52.06112289428711,100000
2026-03-02,52.15999984741211,52.357763634415036,52.15999984741211,52.20943985115522,145000
2026-03-03,52.29999923706055,52.400001525878906,52.29999923706055,52.349998474121094,104000
2026-03-04,52.5,52.599998474121094,52.5,52.599998474121094,101000
2026-03-05,52.29999923706055,52.29999923706055,52.150001525878906,52.150001525878906,140000
2026-03-06,52.150001525878906,52.150001525878906,52.150001525878906,52.150001525878906,100000
2026-03-09,52.04999923706055,52.04999923706055,52.04999923706055,52.04999923706055,100000
2026-03-10,52.5,52.5,52.5,52.5,100000
2026-03-11,52.099998474121094,52.099998474121094,52.099998474121094,52.099998474121094,125000
2026-03-12,51.29999923706055,51.29999923706055,51.29999923706055,51.29999923706055,100000
2026-03-13,51.25,51.25,51.25,51.25,100000
2026-03-16,51.349998474121094,51.400001525878906,51.349998474121094,51.349998474121094,103000
2026-03-17,51.099998474121094,51.099998474121094,51.099998474121094,51.099998474121094,100000
2026-03-18,51.79999923706055,51.79999923706055,51.79999923706055,51.79999923706055,100000
