Price,Close,High,Low,Open,Volume
Ticker,00755B.TWO,00755B.TWO,00755B.TWO,00755B.TWO,00755B.TWO
Date,,,,,
2021-03-18,32.71677017211914,33.0009897093057,32.71677017211914,33.0009897093057,185000
2021-03-19,33.0009880065918,33.0009880065918,32.84308793722475,32.84308793722475,105000
2021-03-22,33.18257141113281,33.18257141113281,33.000987388852415,33.000987388852415,106000
2021-03-23,33.253639221191406,33.301010163043095,33.1825843142611,33.190480977083595,118000
2021-03-24,33.648380279541016,33.664170589852205,33.52995746974773,33.52995746974773,119000
2021-03-25,33.664161682128906,33.70363594161489,33.64837137599592,33.68784563548191,116000
2021-03-26,33.664161682128906,33.664161682128906,33.55363255089096,33.55363255089096,110000
2021-03-29,33.6088981628418,33.664162730181296,33.56942390212687,33.664162730181296,120000
2021-03-30,33.253639221191406,33.34048444207228,33.253639221191406,33.32469412812172,134000
2021-03-31,33.45100021362305,33.545742059333364,33.45100021362305,33.514161444096594,106000
2021-04-01,33.64049530029297,33.64049530029297,33.4352242250374,33.4352242250374,118000
2021-04-07,34.15364456176758,34.216805777859726,34.035221799133616,34.035221799133616,119000
2021-04-08,34.06682205200195,34.07471570271912,33.98787048635891,33.98787048635891,148000
2021-04-09,34.224708557128906,34.224708557128906,34.10628576289299,34.10628576289299,112000
2021-04-12,34.232608795166016,34.28787337392449,34.224712134375565,34.224712134375565,110000
2021-04-13,34.16944885253906,34.21681978399875,34.16155520314267,34.21681978399875,104000
2021-04-14,34.382606506347656,34.414187120872676,34.351025891822644,34.351025891822644,115000
2021-04-15,34.319454193115234,34.398402731316466,34.319454193115234,34.35103180137952,107000
2021-04-16,34.445770263671875,34.493138177242976,34.41418964682889,34.41418964682889,105000
2021-04-19,34.29576110839844,34.44576752061031,34.26418350576349,34.44576752061031,124000
2021-04-20,33.86943817138672,34.477348492293835,33.86943817138672,34.477348492293835,188000
2021-04-21,34.043128967285156,34.043128967285156,33.94839011720905,34.02733865699018,113000
2021-04-22,34.15364456176758,34.19312182767144,34.05101210315665,34.05101210315665,123000
2021-04-23,34.14576721191406,34.24840273120107,34.14576721191406,34.15366086184661,122000
2021-04-26,34.05891799926758,34.18523746519256,34.051024350263226,34.1536568457879,178000
2021-04-27,33.940494537353516,33.97996880499876,33.940494537353516,33.96417849560195,141000
2021-04-28,33.672061920166016,33.75101044752971,33.672061920166016,33.75101044752971,118000
2021-04-29,33.6088981628418,33.6088981628418,33.56942390212687,33.57731754959264,109000
2021-05-03,33.69575119018555,33.71154150048722,33.60890598937318,33.60890598937318,115000
2021-05-04,33.71943664550781,33.814178511520424,33.6957526848516,33.814178511520424,122000
2021-05-05,33.89312744140625,33.89312744140625,33.75891130220452,33.75891130220452,120000
2021-05-06,33.948394775390625,33.948394775390625,33.84575925023717,33.893130187622035,112000
2021-05-07,33.98786163330078,33.98786163330078,33.91680674857735,33.98786163330078,111000
2021-05-10,33.59310531616211,33.75889900564456,33.522050447570656,33.75889900564456,133000
2021-05-11,33.561527252197266,33.632582126180885,33.51415934400355,33.5931078654551,114000
2021-05-12,33.458900451660156,33.46679410046695,33.31679067958948,33.356264947010544,108000
2021-05-13,33.21415328979492,33.21415328979492,33.08783383420093,33.08783383420093,124000
2021-05-14,33.27730941772461,33.308887018008136,33.2141481937717,33.2141481937717,117000
2021-05-17,33.648380279541016,33.664170589852205,33.514167159436546,33.664170589852205,114000
2021-05-18,33.3450927734375,33.35305462985662,33.28937192473769,33.35305462985662,109000
2021-05-19,33.16997528076172,33.361020399357805,33.16997528076172,33.361020399357805,39000
2021-05-20,33.16997528076172,33.23365799914679,33.16997528076172,33.16997528076172,121000
2021-05-21,33.448585510253906,33.464506191226405,33.42470600707486,33.440623651487954,123000
2021-05-24,33.48042297363281,33.48042297363281,33.44061975755667,33.44061975755667,103000
2021-05-25,33.58390426635742,33.62370748413228,33.58390426635742,33.62370748413228,105000
2021-05-26,33.623695373535156,33.67145435916845,33.623695373535156,33.623695373535156,109000
2021-05-27,33.679420471191406,33.71125878678492,33.63165844296343,33.68737929095017,112000
2021-05-28,33.51225662231445,33.66350153457226,33.51225662231445,33.66350153457226,111000
2021-05-31,33.392860412597656,33.51226094991833,33.392860412597656,33.51226094991833,107000
2021-06-01,33.31325149536133,33.345092847991985,33.23365115034319,33.23365115034319,109000
2021-06-02,33.456539154052734,33.456539154052734,33.36897694053658,33.38489761904487,103000
2021-06-03,33.52021789550781,33.552059248750794,33.49633839885487,33.5361385721293,120000
2021-06-04,33.47246170043945,33.52022373862963,33.40082016143375,33.46450287902064,110000
2021-06-07,33.679420471191406,33.75106199525414,33.671458614874176,33.671458614874176,109000
2021-06-08,33.81474685668945,33.81474685668945,33.69534632261819,33.69534632261819,105000
2021-06-09,33.902313232421875,33.918233912897726,33.71922996178855,33.72718878374682,133000
2021-06-10,34.22868347167969,34.268483659102266,34.22868347167969,34.24460415396065,118000
2021-06-11,34.23663330078125,34.26847465697865,34.23663330078125,34.260515836208725,116000
2021-06-15,34.188880920410156,34.204801601590354,34.1331600545592,34.204801601590354,120000
2021-06-16,34.069461822509766,34.09334435168922,34.069461822509766,34.08538249644338,112000
2021-06-17,34.07743835449219,34.07743835449219,34.04559699291128,34.04559699291128,108000
2021-06-18,34.6027946472168,34.6027946472168,34.50727060119716,34.50727060119716,133000
2021-06-21,35.422698974609375,35.57394086583413,34.96100840683022,34.96100840683022,151000
2021-06-22,34.793846130371094,34.83364630875953,34.70628391598114,34.77792545170392,127000
2021-06-23,34.865482330322266,34.93712385508111,34.84956165409157,34.93712385508111,110000
2021-06-24,34.80976867675781,34.929172254888705,34.80976867675781,34.929172254888705,112000
2021-06-25,34.785888671875,34.84160953111319,34.785888671875,34.809768172531626,108000
2021-06-28,34.57096862792969,34.586889309325805,34.547089124115246,34.586889309325805,114000
2021-06-29,34.92120361328125,35.06448666458143,34.849562087631156,35.06448666458143,123000
2021-06-30,34.95304870605469,34.95304870605469,34.92120734979022,34.937128027922455,25000
2021-07-01,34.90528106689453,35.02468461543413,34.8973222473858,34.93712241804621,107000
2021-07-02,35.06448745727539,35.10428763096774,35.00080778667935,35.02468728358304,137000
2021-07-05,35.06448745727539,35.207770511814736,35.06448745727539,35.207770511814736,120000
2021-07-06,35.032657623291016,35.10429917411818,35.02469880055894,35.10429917411818,119000
2021-07-07,35.41474151611328,35.44657983784517,35.343099978238186,35.343099978238186,189000
2021-07-08,35.780906677246094,35.820706855329114,35.757024141149124,35.780906677246094,131000
2021-07-09,35.573944091796875,35.74906853498141,35.573944091796875,35.61374731001825,107000
2021-07-12,35.470455169677734,35.54209669300018,35.41473432226677,35.486375845589215,116000
2021-07-13,35.44658279418945,35.47046533317906,35.44658279418945,35.47046533317906,115000
2021-07-14,35.287376403808594,35.287376403808594,35.215734871447,35.231652512808395,110000
2021-07-15,35.6217041015625,35.669466138770545,35.573942064354455,35.573942064354455,109000
2021-07-16,35.67742156982422,35.76498377810562,35.62170071665582,35.62170071665582,109000
2021-07-19,35.820701599121094,35.868463627747644,35.78090142687821,35.78090142687821,105000
2021-07-20,36.31423568725586,36.40975975837661,36.19483515319333,36.19483515319333,142000
2021-07-21,36.16299819946289,36.186877701871246,35.97195307051813,36.02767393384383,148000
2021-07-22,35.90031051635742,35.90031051635742,35.75702743282123,35.75702743282123,118000
2021-07-23,35.9241828918457,35.9241828918457,35.8525413703447,35.8525413703447,107000
2021-07-26,36.13115692138672,36.13115692138672,36.011756372511876,36.011756372511876,105000
2021-07-27,35.916221618652344,35.98786314131592,35.916221618652344,35.924183474814086,112000
2021-07-28,36.07543182373047,36.07543182373047,36.019710966817016,36.019710966817016,119000
2021-07-29,36.123191833496094,36.226671683926156,36.059509122561785,36.091350478028936,134000
2021-07-30,35.97991180419922,36.01971198360963,35.97991180419922,35.97991180419922,110000
2021-08-02,36.0435905456543,36.06747308192607,36.0435905456543,36.06747308192607,112000
2021-08-03,36.218711853027344,36.218711853027344,36.14707032350406,36.14707032350406,105000
2021-08-04,36.09135818481445,36.139120228214075,36.08339936252757,36.139120228214075,121000
2021-08-05,35.97991180419922,35.97991180419922,35.96399112512325,35.97991180419922,105000
2021-08-06,35.908267974853516,35.908267974853516,35.8286645845542,35.908267974853516,111000
2021-08-09,35.44658279418945,35.51822433803965,35.422703291759156,35.51822433803965,118000
2021-08-10,35.29533767700195,35.43065889388848,35.223696139662316,35.43065889388848,187000
2021-08-11,35.000816345214844,35.11225807342703,35.000816345214844,35.11225807342703,115000
2021-08-12,34.99283981323242,34.99283981323242,34.945080827773346,34.945080827773346,101000
2021-08-13,35.144100189208984,35.144100189208984,35.144100189208984,35.144100189208984,100000
2021-08-16,35.66150665283203,35.701306834873016,35.62170647079104,35.62170647079104,107000
2021-08-17,35.581275939941406,35.60534652872491,35.581275939941406,35.581275939941406,109000
2021-08-18,35.3967399597168,35.49301616366172,35.3967399597168,35.49301616366172,109000
2021-08-19,35.61336898803711,35.62941502750683,35.50104977221814,35.50104977221814,130000
2021-08-20,35.886138916015625,35.89416346450426,35.78184120894302,35.78184120894302,107000
2021-08-23,35.82196807861328,35.88614918254106,35.82196807861328,35.88614918254106,109000
2021-08-24,35.80591583251953,35.82196187083812,35.74975622863889,35.82196187083812,104000
2021-08-25,35.661502838134766,35.69359491323312,35.541159086750284,35.541159086750284,103000
2021-08-26,35.48500442504883,35.54918858417993,35.42082332638688,35.54918858417993,103000
2021-08-27,35.54116439819336,35.54918894840154,35.51709686850719,35.54918894840154,104000
2021-08-30,35.581275939941406,35.581275939941406,35.54116237259425,35.54116237259425,103000
2021-08-31,35.661502838134766,35.661502838134766,35.661502838134766,35.661502838134766,100000
2021-09-01,35.348609924316406,35.412791008901024,35.324539339687256,35.412791008901024,106000
2021-09-02,35.3967399597168,35.404764506946236,35.404764506946236,35.404764506946236,100000
2021-09-03,35.54116439819336,35.54116439819336,35.54116439819336,35.54116439819336,100000
2021-09-06,35.20420455932617,35.332569810480415,35.17211248142036,35.332569810480415,114000
2021-09-07,35.164085388183594,35.204198948938576,35.1400148033558,35.204198948938576,103000
2021-09-08,35.15606689453125,35.18013442303559,35.09188579836334,35.16409144434539,112000
2021-09-09,35.31652069091797,35.31652069091797,35.28442861581151,35.28442861581151,101000
2021-09-10,35.53314208984375,35.58127714810716,35.53314208984375,35.58127714810716,105000
2021-09-13,35.49302291870117,35.49302291870117,35.46093084461176,35.46093084461176,101000
2021-09-14,35.48500442504883,35.51709650461438,35.444890855826465,35.444890855826465,106000
2021-09-15,35.78987121582031,35.78987121582031,35.78987121582031,35.78987121582031,100000
2021-09-16,35.76580047607422,35.78184345312063,35.74975443855909,35.78184345312063,117000
2021-09-17,35.749759674072266,35.76580571393732,35.68557551461205,35.76580571393732,109000
2021-09-22,35.886138916015625,35.92625247705323,35.82195783044916,35.82195783044916,113000
2021-09-23,36.16694641113281,36.174967900582786,36.11078374310669,36.11078374310669,113000
2021-09-24,35.48500442504883,35.62139423296785,35.48500442504883,35.62139423296785,110000
2021-09-27,35.42082595825195,35.42082595825195,35.35664179435179,35.38070932557966,119000
2021-09-28,35.308494567871094,35.41279227708319,35.300473079686434,35.40477078889853,109000
2021-09-29,34.91537857055664,34.923400059015506,34.85921896993846,34.923400059015506,121000
2021-09-30,35.075828552246094,35.1239635938753,34.95548482723695,34.95548482723695,104000
2021-10-01,34.9394416809082,35.01967185770125,34.9394416809082,35.01967185770125,104000
2021-10-04,34.98758316040039,34.99560464861895,34.98758316040039,34.99560464861895,103000
2021-10-05,35.05978775024414,35.06780923822338,35.05978775024414,35.05978775024414,104000
2021-10-06,34.570404052734375,34.75492893272735,34.570404052734375,34.75492893272735,110000
2021-10-07,34.859222412109375,34.867243901360325,34.803062805945714,34.803062805945714,105000
2021-10-08,34.62656021118164,34.650627739941086,34.61853872175151,34.650627739941086,106000
2021-10-12,34.65062713623047,34.65865168598985,34.62655960789035,34.62655960789035,106000
2021-10-13,34.92340850830078,35.027706246311816,34.92340850830078,35.027706246311816,113000
2021-10-14,35.14805221557617,35.18014123964327,35.13200617330781,35.13200617330781,113000
2021-10-15,35.32453536987305,35.388719507713056,35.32453536987305,35.388719507713056,108000
2021-10-18,35.09990310668945,35.27640645594735,35.09990310668945,35.27640645594735,108000
2021-10-19,35.28443145751953,35.38070463012376,35.28443145751953,35.38070463012376,110000
2021-10-20,34.79503631591797,34.82712839207019,34.70678463673377,34.7549227509621,155000
2021-10-21,34.68271255493164,34.68271255493164,34.6105069233064,34.67469106718147,111000
2021-10-22,34.67469787597656,34.67469787597656,34.51424054524959,34.52226203457488,136000
2021-10-25,34.859222412109375,34.859222412109375,34.81910884491662,34.81910884491662,106000
2021-10-26,34.754920959472656,34.8592186713568,34.73887492222366,34.8592186713568,109000
2021-10-27,34.97956466674805,34.97956466674805,34.91538356848386,34.91538356848386,101000
2021-10-28,35.53314208984375,35.54918812942126,35.51709605026624,35.51709605026624,107000
2021-10-29,35.236289978027344,35.50104500300694,35.236289978027344,35.50104500300694,108000
2021-11-01,35.452903747558594,35.47697433162981,35.37267662857029,35.37267662857029,112000
2021-11-02,35.35663986206055,35.40477798235486,35.32454778186435,35.40477798235486,116000
2021-11-03,35.605342864990234,35.605342864990234,35.56522930177071,35.56522930177071,101000
2021-11-04,35.24431610107422,35.252337589855195,35.204202536231676,35.24431610107422,106000
2021-11-05,35.57324981689453,35.65347694113847,35.57324981689453,35.57324981689453,112000
2021-11-08,35.910213470458984,35.910213470458984,35.805918803437805,35.805918803437805,123000
2021-11-09,35.89415740966797,35.958338484407996,35.89415740966797,35.910200383001964,108000
2021-11-10,36.07067108154297,36.07067108154297,36.00648998292277,36.00648998292277,115000
2021-11-11,35.74173355102539,35.74173355102539,35.629414337381995,35.70161998336261,119000
2021-11-12,35.597320556640625,35.653480160776525,35.597320556640625,35.653480160776525,105000
2021-11-15,35.46092987060547,35.53313550508905,35.42081630932982,35.53313550508905,120000
2021-11-16,35.071327209472656,35.08749320644053,34.99858176479156,35.08749320644053,128000
2021-11-17,34.78035354614258,34.828851548362366,34.7480246280121,34.828851548362366,197000
2021-11-18,34.982425689697266,35.02284223525439,34.893514222830824,34.893514222830824,107000
2021-11-19,34.99052047729492,34.99052047729492,34.93394099696803,34.966269926190236,108000
2021-11-22,35.29766845703125,35.29766845703125,35.20067549411699,35.22492604735858,113000
2021-11-23,34.89351272583008,34.89351272583008,34.88543126707508,34.88543126707508,103000
2021-11-24,34.75611114501953,34.75611114501953,34.7480296851481,34.7480296851481,103000
2021-11-25,34.877349853515625,34.91776331404178,34.877349853515625,34.91776331404178,107000
2021-11-26,35.29766845703125,35.29766845703125,35.27342098714036,35.27342098714036,106000
2021-11-29,35.273406982421875,35.273406982421875,35.13600059646081,35.13600059646081,135000
2021-11-30,35.41891098022461,35.44315844943573,35.28150454356079,35.28150454356079,134000
2021-12-01,35.329994201660156,35.329994201660156,35.24108271670704,35.24108271670704,129000
2021-12-02,35.46739959716797,35.483565600138874,35.45931505400762,35.45931505400762,107000
2021-12-03,35.59672927856445,35.59672927856445,35.523983797181614,35.523983797181614,109000
2021-12-06,35.9200325012207,35.9200325012207,35.77454156935875,35.77454156935875,119000
2021-12-07,35.56439208984375,35.56439208984375,35.56439208984375,35.56439208984375,101000
2021-12-08,35.523983001708984,35.532064462414915,35.49165099218501,35.49165099218501,108000
2021-12-09,35.071327209472656,35.071327209472656,34.95816831404621,34.990500307981954,103000
2021-12-10,35.10367202758789,35.10367202758789,35.0309265563312,35.10367202758789,113000
2021-12-13,34.99859619140625,35.01476219503783,34.99859619140625,34.99859619140625,102000
2021-12-14,35.44315719604492,35.52398722947458,35.44315719604492,35.52398722947458,114000
2021-12-15,35.249168395996094,35.362327350180635,35.249168395996094,35.362327350180635,114000
2021-12-16,35.249168395996094,35.249168395996094,35.03901340963888,35.04709795399506,156000
2021-12-17,35.216827392578125,35.216827392578125,35.10366846728897,35.10366846728897,104000
2021-12-20,35.56439208984375,35.56439208984375,35.418901148262776,35.418901148262776,108000
2021-12-21,35.14409255981445,35.17642457206309,35.14409255981445,35.14409255981445,107000
2021-12-22,35.0955924987793,35.144090514329534,35.0955924987793,35.144090514329534,109000
2021-12-23,35.176414489746094,35.176414489746094,35.12791648527371,35.12791648527371,105000
2021-12-24,34.933921813964844,34.95008781137405,34.933921813964844,34.933921813964844,111000
2021-12-27,34.97434616088867,34.97434616088867,34.93393269645058,34.93393269645058,114000
2021-12-28,35.03092956542969,35.03092956542969,34.925852079399654,34.925852079399654,115000
2021-12-29,34.91777038574219,35.03092933147262,34.91777038574219,35.03092933147262,125000
2021-12-30,34.610626220703125,34.618710765330604,34.58637875352141,34.58637875352141,58000
2022-01-03,34.78035354614258,34.79651954688251,34.7722720874473,34.7722720874473,112000
2022-01-04,34.254974365234375,34.263055824393966,34.1822288993999,34.254974365234375,131000
2022-01-05,34.24689483642578,34.263060840461186,34.11756988749256,34.19031536397687,121000
2022-01-06,33.88316345214844,34.16606386433032,33.88316345214844,34.16606386433032,207000
2022-01-07,34.093326568603516,34.16607205393313,33.88317157394003,33.88317157394003,107000
2022-01-10,33.78617477416992,33.80234077833022,33.78617477416992,33.80234077833022,131000
2022-01-11,33.923583984375,33.923583984375,33.87508597229938,33.87508597229938,105000
2022-01-12,34.02865982055664,34.03674436458518,34.01249689919981,34.03674436458518,110000
2022-01-13,33.963993072509766,33.963993072509766,33.91549506668881,33.91549506668881,110000
2022-01-14,34.044822692871094,34.06098869609065,33.955911216838466,33.955911216838466,105000
2022-01-17,33.43861770629883,33.64068815934232,33.41437023860574,33.64068815934232,187000
2022-01-18,33.41436767578125,33.462865690798125,33.325456189925404,33.446699685792495,142000
2022-01-19,33.22038269042969,33.341626200863956,33.163803207787176,33.341626200863956,132000
2022-01-20,33.29311752319336,33.382028991271994,33.29311752319336,33.382028991271994,126000
2022-01-21,33.5436897277832,33.551771187911115,33.5436897277832,33.551771187911115,106000
2022-01-24,33.60834503173828,33.60834503173828,33.47093557837764,33.47093557837764,110000
2022-01-25,33.398197174072266,33.495190107696786,33.398197174072266,33.495190107696786,117000
2022-01-26,33.301212310791016,33.34970724768084,33.301212310791016,33.333544324284574,110000
2022-02-07,32.7596549987793,33.139548369195694,32.654580602010824,33.139548369195694,218000
2022-02-08,32.57374954223633,32.589915545071506,32.5171700739881,32.589915545071506,128000
2022-02-09,32.549503326416016,32.573750789922656,32.48483931259845,32.573750789922656,128000
2022-02-10,32.662662506103516,32.68690996978747,32.59800157516299,32.60608303527434,124000
2022-02-11,32.1857795715332,32.492927504959574,32.1776981105734,32.492927504959574,72000
2022-02-14,32.25852584838867,32.282773315215735,32.129200886393804,32.18578036455716,133000
2022-02-15,32.13727569580078,32.250437712055614,32.11302823399244,32.250437712055614,137000
2022-02-16,31.733131408691406,31.733131408691406,31.64422303069185,31.660385947892255,146000
2022-02-17,31.822050094604492,31.822050094604492,31.700809687980236,31.733138613070018,124000
2022-02-18,31.63614273071289,31.63614273071289,31.58764780591051,31.63614273071289,126000
2022-02-21,31.805889129638672,31.81397367470454,31.77356019942677,31.81397367470454,136000
2022-02-22,31.98685073852539,32.03575830400257,31.962393846201,32.03575830400257,112000
2022-02-23,31.79121208190918,31.95424456065666,31.77490852307584,31.95424456065666,113000
2022-02-24,31.70969009399414,31.77490120472226,31.40807898942291,31.668929651505742,239000
2022-02-25,31.54666519165039,31.546665191650387,31.033113967505557,31.033113967505557,122000
2022-03-01,31.970548629760742,32.03575975654901,31.872727275199427,31.95424507066719,34000
2022-03-02,32.1009635925293,32.11726714634066,32.06020626279336,32.07650670701978,7000
2022-03-03,31.660791397094727,31.791216777439228,31.603730487543153,31.791216777439228,32000
2022-03-04,31.913484573364258,31.913484573364258,31.913484573364258,31.913484573364258,106000
2022-03-07,32.07651901245117,32.12542969264874,31.970550536402303,32.12542969264874,122000
2022-03-08,31.571123123168945,31.750459185863484,31.514062214054565,31.750459185863484,125000
2022-03-09,31.514053344726562,31.514053344726562,31.465142675142673,31.465142675142673,105000
2022-03-10,31.261350631713867,31.383625742075523,31.245050185945193,31.383625742075523,109000
2022-03-11,31.03311538696289,31.041268721616017,31.016811827242705,31.041268721616017,114000
2022-03-14,31.03311538696289,31.04941894668308,30.976054482735265,31.033115386962894,111000
2022-03-15,30.66628646850586,30.910833592515335,30.609225576556494,30.910833592515335,129000
2022-03-16,30.902681350708008,30.951592016149323,30.902681350708008,30.951592016149323,103000
2022-03-17,31.302120208740234,31.334724219376547,31.057569916658,31.057569916658,114000
2022-03-18,31.432544708251953,31.481452277643022,31.38363402927483,31.38363402927483,104000
2022-03-21,31.579267501831055,31.595567948737944,31.424385269946587,31.424385269946587,112000
2022-03-22,31.09016990661621,31.09016990661621,31.033109014106422,31.041262347085205,104000
2022-03-23,30.935291290283203,30.943441513809564,30.845623283565857,30.943441513809564,113000
2022-03-24,31.245054244995117,31.245054244995117,31.245054244995117,31.245054244995117,105000
2022-03-25,31.383634567260742,31.383634567260742,31.13093405259284,31.13093405259284,135000
2022-03-28,31.163541793823242,31.179845354086833,31.139088008220945,31.139088008220945,88000
2022-03-29,31.579267501831055,31.62002483826917,31.293959927593345,31.302113260632236,110000
2022-03-30,31.913484573364258,31.946088578742806,31.75045210812897,31.75045210812897,115000
2022-03-31,31.880878448486328,31.880878448486328,31.880878448486328,31.880878448486328,104000
2022-04-01,31.84012794494629,31.880885293875778,31.791217260479065,31.880885293875778,114000
2022-04-06,31.50591278076172,31.742306648930356,31.367334062579438,31.742306648930356,105000
2022-04-07,31.481454849243164,31.554819318908685,31.481454849243164,31.505911745522543,106000
2022-04-08,31.49774742126465,31.51405097656746,31.49774742126465,31.51405097656746,102000
2022-04-11,31.008665084838867,31.155394029214,30.9760579617363,31.155394029214,143000
2022-04-12,30.78040885925293,30.845623085386723,30.674440406163693,30.845623085386723,109000
2022-04-13,30.658138275146484,30.78041029045447,30.658138275146484,30.78041029045447,112000
2022-04-14,30.82932472229004,30.837478056722983,30.682595798356843,30.682595798356843,117000
2022-04-15,30.486961364746094,30.60108317782534,30.323928870524515,30.323928870524515,110000
2022-04-18,30.26686668395996,30.40544227695674,30.242409789630017,30.40544227695674,104000
2022-04-19,30.2016544342041,30.24241178132345,30.160897087084752,30.160897087084752,108000
2022-04-20,29.834823608398438,29.997856060109132,29.745158714063663,29.997856060109132,136000
2022-04-21,30.160892486572266,30.242407168377337,30.128285370015924,30.128285370015924,111000
2022-04-22,29.769620895385742,30.095682781246644,29.769620895385742,30.095682781246644,109000
2022-04-25,30.063077926635742,30.0793814869097,29.989713460196015,29.997863685539908,113000
2022-04-26,30.152742385864258,30.258710850728203,30.152742385864258,30.201649951313524,104000
2022-04-27,30.283164978027344,30.332072539011094,30.283164978027344,30.332072539011094,107000
2022-04-28,30.063077926635742,30.201653524585137,29.932652554030245,30.201653524585137,107000
2022-04-29,29.997865676879883,30.063079922304812,29.997865676879883,30.03047279959235,106000
2022-05-03,29.40279769897461,29.582133752220813,29.345736792866486,29.582133752220813,113000
2022-05-04,29.44355010986328,29.500611006407567,29.44355010986328,29.500611006407567,105000
2022-05-05,29.696245193481445,29.696245193481445,29.655487861864678,29.655487861864678,112000
2022-05-06,29.141948699951172,29.207162944888175,29.019673545487464,29.207162944888175,142000
2022-05-09,28.807729721069336,29.141944908928153,28.807729721069336,29.141944908928153,119000
2022-05-10,28.954458236694336,29.264219636323958,28.954458236694336,29.190855176137624,115000
2022-05-11,29.15009307861328,29.215307310469086,29.133792630235057,29.215307310469086,111000
2022-05-12,29.54952049255371,29.549520492553707,29.443548927689573,29.451702260917475,118000
2022-05-13,29.419097900390625,29.427248124795756,29.402794341994547,29.402794341994547,109000
2022-05-16,29.353885650634766,29.41909988862645,29.150095821289774,29.41909988862645,114000
2022-05-17,29.109333038330078,29.14194015123336,29.076725925426793,29.14194015123336,84000
2022-05-18,28.908432006835938,28.966067477731617,28.77669333894616,28.966067477731617,109000
2022-05-19,29.171911239624023,29.171911239624023,29.106040330946843,29.147211219318983,108000
2022-05-20,29.221317291259766,29.2871850655087,29.171914104899482,29.278952771564377,107000
2022-05-23,29.418920516967773,29.418920516967773,29.22131407507203,29.22131407507203,105000
2022-05-24,29.171911239624023,29.39422084506281,29.171911239624023,29.39422084506281,117000
2022-05-25,29.789440155029297,29.7894401550293,29.17191445221509,29.17191445221509,140000
2022-05-26,30.184656143188477,30.184656143188477,29.789440071404606,29.789440071404606,111000
2022-05-27,29.970577239990234,30.028212711763867,29.970577239990234,30.028212711763867,105000
2022-05-30,29.855304718017578,30.044682010496423,29.855304718017578,29.970578808495336,107000
2022-05-31,29.56713104248047,29.56713104248047,29.56713104248047,29.56713104248047,100000
2022-06-01,29.772966384887695,29.772966384887695,29.567124525716487,29.567124525716487,110000
2022-06-02,29.87177848815918,29.87177848815918,29.87177848815918,29.87177848815918,104000
2022-06-06,29.81414031982422,29.81414031982422,29.81414031982422,29.81414031982422,104000
2022-06-07,29.37775421142578,29.435389688214787,29.37775421142578,29.385986504867958,123000
2022-06-08,29.63299560546875,29.772966562911307,29.575356994930463,29.772966562911307,108000
2022-06-09,29.52596092224121,29.558896378142272,29.50126090076439,29.558896378142272,115000
2022-06-10,29.385986328125,29.443621804567353,29.385986328124996,29.402454055808228,111000
2022-06-13,29.171911239624023,29.171911239624023,29.155443512454728,29.171911239624023,119000
2022-06-14,28.661426544189453,28.817865253413256,28.53792015102989,28.80963295962171,119000
2022-06-15,28.315614700317383,28.406185649860703,28.29091467440503,28.406185649860703,132000
2022-06-16,28.743762969970703,28.743762969970707,28.340311461454544,28.340311461454544,109000
2022-06-17,28.87549591064453,28.974299124133914,28.735524953276034,28.735524953276034,175000
2022-06-20,28.760231018066406,28.908437439908628,28.760231018066406,28.87550198152187,138000
2022-06-21,28.743762969970703,28.76023069898138,28.661427465815482,28.76023069898138,134000
2022-06-22,28.49675178527832,28.546151828757587,28.43911630728719,28.52968724152982,157000
2022-06-23,28.76845932006836,28.76845932006836,28.686123826425195,28.710823846338595,106000
2022-06-24,28.949600219726562,28.949600219726562,28.883732455165436,28.883732455165436,116000
2022-06-27,28.669654846191406,28.719058024756244,28.65318712000313,28.710822591213297,131000
2022-06-28,28.60378646850586,28.65318650511297,28.562615583469874,28.65318650511297,130000
2022-06-29,28.628488540649414,28.628488540649414,28.42264666429234,28.42264666429234,107000
2022-06-30,28.776691436767578,28.776691436767578,28.735523694691565,28.735523694691565,101000
2022-07-01,29.114276885986328,29.114276885986328,28.92490272759454,28.92490272759454,121000
2022-07-04,29.344820022583008,29.394223208062414,29.336587728785467,29.336587728785467,112000
2022-07-05,29.246013641357422,29.246013641357422,28.999004022371004,29.122507261415358,166000
2022-07-06,29.435388565063477,29.44362085819154,29.41068854478149,29.44362085819154,106000
2022-07-07,29.3118839263916,29.33658708904163,29.237780720237495,29.3118839263916,121000
2022-07-08,29.221317291259766,29.2871850655087,29.221317291259766,29.2871850655087,120000
2022-07-11,28.999008178710938,28.999008178710938,28.91666953331564,28.91666953331564,6000
2022-07-12,29.36128807067871,29.3777557993511,29.254249404757225,29.336588048119168,117000
2022-07-13,29.25424575805664,29.320116664535032,29.25424575805664,29.320116664535032,107000
2022-07-14,29.60006332397461,29.616531051478066,29.534192413960778,29.550660141464235,102000
2022-07-15,29.715333938598633,29.715333938598633,29.715333938598633,29.715333938598633,100000
2022-07-18,29.978805541992188,30.01174099030643,29.805899149688273,29.805899149688273,105000
2022-07-19,29.575359344482422,29.698865726894343,29.575359344482422,29.69063343381918,107000
2022-07-20,29.707107543945312,29.707107543945312,29.60830116042643,29.60830116042643,107000
2022-07-21,29.847070693969727,29.847070693969727,29.7235643174977,29.830602967713617,106000
2022-07-22,30.332855224609375,30.332855224609375,30.242284307818046,30.242284307818046,104000
2022-07-25,30.4645938873291,30.83510984657069,30.4645938873291,30.83510984657069,105000
2022-07-26,30.374034881591797,30.374034881591797,30.324634828252456,30.324634828252456,106000
2022-07-27,30.357563018798828,30.415198500450153,30.357563018798828,30.415198500450153,103000
2022-07-28,30.40696144104004,30.497532366840492,30.40696144104004,30.497532366840492,111000
2022-07-29,30.546934127807617,30.711608262101297,30.489298651939507,30.546934127807617,117000
2022-08-01,30.835111618041992,30.900979380748264,30.7363084035338,30.7363084035338,132000
2022-08-02,31.180917739868164,31.2797240740448,31.123282282046905,31.222085475326654,126000
2022-08-03,30.818649291992188,30.87628477229529,30.761013811689086,30.87628477229529,145000
2022-08-04,31.082120895385742,31.082120895385742,30.966849956198114,31.02448542579193,111000
2022-08-05,30.97508430480957,31.082122958688206,30.958616577989954,31.082122958688206,116000
2022-08-08,30.637510299682617,30.637510299682617,30.56340708361898,30.621042569346432,129000
2022-08-09,30.736312866210938,30.86805155164849,30.736312866210938,30.810412932177673,126000
2022-08-10,30.686904907226562,30.686904907226562,30.686904907226562,30.686904907226562,104000
2022-08-11,30.728073120117188,30.728073120117188,30.678669942173176,30.719840827575307,110000
2022-08-12,30.349332809448242,30.406968295058718,30.184658647319,30.406968295058718,146000
2022-08-15,30.686904907226562,30.80217584643892,30.64573716335037,30.64573716335037,122000
2022-08-16,30.67359733581543,30.690231987936013,30.54883903127879,30.623693379453677,465000
2022-08-17,30.565479278564453,30.615383244061377,30.565479278564453,30.615383244061377,138000
2022-08-18,30.36586570739746,30.36586570739746,30.315964916085864,30.315964916085864,106000
2022-08-19,30.24942398071289,30.34923190116426,30.241108240376473,30.34923190116426,110000
2022-08-22,29.958328247070312,29.958328247070312,29.958328247070312,29.958328247070312,6000
2022-08-23,29.88347053527832,29.891786275450933,29.883470535278324,29.891786275450933,110000
2022-08-24,29.841882705688477,29.88346774814436,29.708808666188425,29.88346774814436,127000
2022-08-25,29.66721534729004,29.692168906659052,29.608995663320368,29.608995663320368,115000
2022-08-26,29.941688537597656,30.008227146149792,29.941688537597656,30.008227146149792,108000
2022-08-29,29.9250545501709,29.9250545501709,29.858519112876323,29.900104157777378,107000
2022-08-30,30.091402053833008,30.091402053833008,29.925058678544993,29.933377592314187,107000
2022-08-31,29.941688537597656,29.983273581575002,29.941688537597656,29.983273581575002,118000
2022-09-01,29.592376708984375,29.592376708984375,29.442667980362426,29.55078848335015,137000
2022-09-02,29.43434715270996,29.43434715270996,29.351177052320455,29.38444636157064,113000
2022-09-05,29.57573890686035,29.57573890686035,29.57573890686035,29.57573890686035,105000
2022-09-06,29.4842529296875,29.600692346487502,29.4842529296875,29.600692346487502,105000
2022-09-07,29.068389892578125,29.068389892578125,28.99353554440339,29.035120588337026,108000
2022-09-08,29.708818435668945,29.717134177800535,29.47593641041115,29.717134177800535,146000
2022-09-12,29.4842529296875,29.609008087943437,29.44266787693552,29.609008087943437,251000
2022-09-13,29.367809295654297,29.45929512947678,29.367809295654297,29.45929512947678,106000
2022-09-14,29.401077270507812,29.617324603683947,29.068393702696994,29.617324603683947,188000
2022-09-15,29.509197235107422,29.54246653953557,29.50919723510742,29.54246653953557,105000
2022-09-16,29.592376708984375,29.592376708984375,29.592376708984375,29.592376708984375,104000
2022-09-19,29.509197235107422,29.567416931488932,29.50088149536813,29.567416931488932,110000
2022-09-20,29.625635147094727,29.683854840566248,29.625635147094727,29.625635147094727,116000
2022-09-21,29.359495162963867,29.384448733283566,29.359495162963867,29.384448733283566,108000
2022-09-22,29.592376708984375,29.60900819195467,29.475934119039177,29.60900819195467,135000
2022-09-23,29.184829711914062,29.442662064453692,29.126610015007618,29.442662064453692,112000
2022-09-26,29.22641944885254,29.22641944885254,29.109980036344925,29.109980036344925,105000
2022-09-27,28.69411849975586,28.735703544193907,28.610948410879757,28.65253345531781,112000
2022-09-28,27.987165451049805,27.9954811915043,27.862407135081995,27.9954811915043,129000
2022-09-29,28.477876663208008,28.536096364666726,28.46955775000775,28.486192403672494,183000
2022-09-30,28.186777114868164,28.211727510884323,28.186777114868164,28.211727510884323,109000
2022-10-03,28.31153678894043,28.31153678894043,28.186778457445186,28.186778457445186,116000
2022-10-04,28.88541603088379,28.893734944503795,28.827196326487496,28.827196326487496,169000
2022-10-05,28.610958099365234,28.669177815840463,28.610958099365234,28.669177815840463,106000
2022-10-06,28.411340713500977,28.41965645474547,28.303217040906148,28.41965645474547,106000
2022-10-07,28.39470672607422,28.39470672607422,28.386390984634154,28.386390984634154,107000
2022-10-11,27.696062088012695,28.078649580381306,27.696062088012695,28.078649580381306,121000
2022-10-12,27.729333877563477,27.74596853168749,27.679429915191424,27.679429915191424,112000
2022-10-13,27.67943000793457,27.67943000793457,27.67943000793457,27.67943000793457,104000
2022-10-14,27.80418586730957,27.854089825432446,27.729331516493055,27.729331516493055,117000
2022-10-17,27.546354293823242,27.721016565858996,27.49645350701504,27.721016565858996,109000
2022-10-18,27.67943000793457,27.687748921392384,27.504770898150973,27.504770898150973,121000
2022-10-19,27.737646102905273,27.995478450047155,27.471498016123217,27.912308362703563,304000
2022-10-20,27.36338233947754,27.57962650816365,27.35506342564191,27.529722543357924,116000
2022-10-21,26.83108139038086,27.105548422268235,26.756227033751195,27.105548422268235,583000
2022-10-24,27.080596923828125,27.080596923828125,26.506714075181556,26.964154350578102,307000
2022-10-25,27.014062881469727,27.04733219374194,27.014062881469727,27.04733219374194,144000
2022-10-26,27.421600341796875,27.43823499569868,27.421600341796875,27.43823499569868,107000
2022-10-27,27.446550369262695,27.45486610973449,27.413281061903973,27.413281061903973,114000
2022-10-28,27.67943000793457,28.045386054417392,27.59625990977168,28.045386054417392,145000
2022-10-31,27.729333877563477,27.729333877563477,27.654479520373332,27.654479520373332,106000
2022-11-01,27.84577178955078,27.862406442782216,27.371695277029758,27.862406442782216,159000
2022-11-02,27.854093551635742,27.945579394662882,27.854093551635742,27.854093551635742,106000
2022-11-03,27.737646102905273,28.103602101782197,27.67111066757749,28.103602101782197,215000
2022-11-04,27.554676055908203,27.637846157678702,27.5047720912043,27.61289576169475,149000
2022-11-07,27.413280487060547,27.58793958792766,27.280206433151932,27.58793958792766,195000
2022-11-08,27.08891487121582,27.122184180569334,27.022379425244765,27.122184180569334,108000
2022-11-09,27.24694061279297,27.280209923710927,27.08891614503684,27.08891614503684,175000
2022-11-10,27.21367073059082,27.346744783218387,27.21367073059082,27.246936864195952,59000
2022-11-11,27.704381942749023,27.779236295778258,27.662793723382805,27.745966989379557,112000
2022-11-14,27.3134765625,27.438234879868943,27.255256860457376,27.421600226037366,162000
2022-11-15,27.454870223999023,27.47150488017118,27.380015857592443,27.380015857592443,140000
2022-11-16,27.834196090698242,27.943780438722346,27.58131185460975,27.58131185460975,353000
2022-11-17,28.306251525878906,28.390545206829753,28.306251525878906,28.306251525878906,289000
2022-11-18,28.390544891357422,28.48326986873169,27.707754507090538,28.48326986873169,761000
2022-11-21,28.474834442138672,28.474834442138672,28.255668976525058,28.280956433742737,417000
2022-11-22,28.491695404052734,28.53384224029296,28.474836026437146,28.53384224029296,169000
2022-11-23,28.871023178100586,28.871023178100586,28.769870128646794,28.769870128646794,108000
2022-11-24,29.157630920410156,29.19977776325729,29.157630920410156,29.19977776325729,106000
2022-11-25,29.140764236450195,29.140764236450195,29.115476780199437,29.123904860417298,106000
2022-11-28,29.284067153930664,29.284067153930664,29.174482818155315,29.174482818155315,103000
2022-11-29,28.93846321105957,29.081763108979217,28.93846321105957,29.081763108979217,111000
2022-11-30,28.668716430664062,28.91317260303095,28.584422751170944,28.91317260303095,150000
2022-12-01,28.795156478881836,28.854162690092053,28.710862810180767,28.854162690092053,150000
2022-12-02,29.157630920410156,29.166059002740386,29.149202838079923,29.157630920410156,137000
2022-12-05,29.326215744018555,29.705543686290767,29.157625190164534,29.57909996700091,381000
2022-12-06,29.359933853149414,29.385221310213115,29.275636970274928,29.385221310213115,175000
2022-12-07,29.528522491455078,29.671825590870217,29.174485214542543,29.671825590870217,200000
2022-12-08,30.10173225402832,30.11859163347372,29.680257414686793,29.680257414686793,63000
2022-12-09,30.396766662597656,30.396766662597656,30.219744785685993,30.219744785685993,125000
2022-12-12,29.865705490112305,29.874133571504743,29.612821245569982,29.612821245569982,212000
2022-12-13,29.907848358154297,29.907848358154297,29.89098898200979,29.89098898200979,106000
2022-12-14,29.94156837463379,30.042721420174512,29.94156837463379,30.017433962688667,106000
2022-12-15,30.076440811157227,30.076440811157227,29.983715844281313,29.992147140686804,131000
2022-12-16,30.042724609375,30.076443366667117,30.042724609375,30.076443366667117,122000
2022-12-19,29.8909912109375,30.26189108257975,29.781410081222695,30.26189108257975,265000
2022-12-20,29.250350952148438,29.92470997033221,29.250350952148438,29.92470997033221,217000
2022-12-21,29.123910903930664,29.123910903930664,28.989039083277355,29.0817640629011,110000
2022-12-22,29.267213821411133,29.275641903320096,29.258782523904337,29.275641903320096,207000
2022-12-23,29.19977569580078,29.25035383299501,29.09862263701008,29.09862263701008,304000
2022-12-26,29.081756591796875,29.216628377801616,29.081756591796875,29.216628377801616,109000
2022-12-27,29.07332992553711,29.07332992553711,29.05647054951719,29.05647054951719,20000
2022-12-28,28.58441925048828,28.609706708119756,28.567559873534844,28.575991169810244,116000
2022-12-29,28.491695404052734,28.50855478166832,28.483267323043684,28.50855478166832,118000
2022-12-30,28.58441925048828,28.618138004395153,28.58441925048828,28.609706708119756,148000
2023-01-03,28.466407775878906,28.466407775878906,28.339964052313857,28.339964052313857,80000
2023-01-04,28.921598434448242,28.921598434448242,28.769867267558094,28.769867267558094,108000
2023-01-05,29.064899444580078,29.064899444580078,29.064899444580078,29.064899444580078,104000
2023-01-06,29.132333755493164,29.157621209660032,29.132333755493164,29.132333755493164,108000
2023-01-09,29.452655792236328,29.46951516892074,29.410508958323945,29.461087088377187,122000
2023-01-10,29.503231048583984,29.503231048583984,29.503231048583984,29.503231048583984,104000
2023-01-11,29.43579864501953,29.43579864501953,29.36836434877171,29.36836434877171,133000
2023-01-12,29.74768829345703,29.781407044822572,29.638103959317586,29.638103959317586,129000
2023-01-13,30.025856018066406,30.07643413848599,29.94999044523538,29.966849818708575,114000
2023-01-16,29.78984260559082,30.025867493225142,29.78984260559082,30.025867493225142,118000
2023-01-17,29.739261627197266,29.78983976211885,29.739261627197266,29.78983976211885,107000
2023-01-30,29.756122589111328,29.75612258911133,29.646538232081344,29.646538232081344,116000
2023-01-31,29.604387283325195,29.756118459509903,29.57067174519319,29.756118459509903,161000
2023-02-01,29.82355499267578,29.848842449348012,29.78983624004798,29.78983624004798,140000
2023-02-02,29.84041976928711,29.84041976928711,29.713976031848627,29.83198847180571,213000
2023-02-03,30.05116081237793,30.068016978178093,29.992154585282737,29.992154585282737,28000
2023-02-06,29.61281967163086,29.663394588492658,29.61281967163086,29.63810713006176,130000
2023-02-07,29.570674896240234,29.579102977771996,29.55381551757903,29.55381551757903,107000
2023-02-08,29.469514846801758,29.50323359980202,29.35150242689811,29.50323359980202,141000
2023-02-09,29.579097747802734,29.587525827844303,29.579097747802738,29.579097747802738,108000
2023-02-10,29.368366241455078,29.435800542048796,29.343078780682156,29.435800542048796,39000
2023-02-13,29.115474700927734,29.334640142509425,29.10704340571481,29.334640142509425,119000
2023-02-14,29.267213821411133,29.267213821411133,29.25035444199537,29.258782523904337,116000
2023-02-15,29.37679100036621,29.37679100036621,29.317784788171753,29.317784788171753,111000
2023-02-16,29.01854133605957,29.368264950398654,28.992952835020645,29.368264950398654,127000
2023-02-17,28.549400329589844,29.001481201190796,28.523808574716078,29.001481201190796,133000
2023-02-20,28.754112243652344,28.847941077316595,28.74558382871844,28.847941077316595,110000
2023-02-21,28.69440460205078,28.728524770761226,28.69440460205078,28.728524770761226,104000
2023-02-22,28.464101791381836,28.489693547953294,28.438513288689148,28.438513288689148,117000
2023-02-23,28.378801345825195,28.464098514232838,28.378801345825195,28.464098514232838,140000
2023-02-24,28.711467742919922,28.711467742919922,28.574990307427655,28.574990307427655,407000
2023-03-01,28.540868759155273,28.540868759155277,28.5323403434201,28.5323403434201,108000
2023-03-02,28.26791000366211,28.293498501217986,28.225261423109608,28.293498501217986,122000
2023-03-03,28.284971237182617,28.30203132087318,28.19967407260805,28.19967407260805,138000
2023-03-06,28.754112243652344,28.76264391246451,28.668815078800257,28.668815078800257,187000
2023-03-07,28.643226623535156,28.643226623535156,28.61763487093813,28.62616653976323,133000
2023-03-08,28.74558448791504,28.813821570585873,28.737052818907223,28.813821570585873,211000
2023-03-09,28.68587875366211,28.728527341427228,28.68587875366211,28.70293883954389,141000
2023-03-10,29.069719314575195,29.069719314575195,28.92471022766524,28.92471022766524,209000
2023-03-13,29.04412841796875,29.112368755909667,28.950299580239193,28.975891333906237,374000
2023-03-14,28.984420776367188,28.99295244585135,28.907652020402306,28.941772190581926,553000
2023-03-15,28.83088493347168,28.865005105626533,28.677347412653557,28.711467584808407,584000
2023-03-16,29.24884605407715,29.325614806996445,29.180605716425152,29.180605716425152,550000
2023-03-17,29.12942886352539,29.12942886352539,28.916182688108304,28.958831272416038,603000
2023-03-20,29.17207908630371,29.17207908630371,28.933241143784752,29.01854157106959,264000
2023-03-21,29.231786727905273,29.231786727905273,29.120897803283636,29.172078057850197,152000
2023-03-22,29.12942886352539,29.189137532331902,29.035600025721326,29.052660110220103,562000
2023-03-23,29.137954711914062,29.30002061955755,29.044125882375894,29.30002061955755,838000
2023-03-24,29.155017852783203,29.18913802235356,29.137957767998028,29.146486183451383,449000
2023-03-27,29.317079544067383,29.385319873354256,29.189133807471485,29.189133807471485,899000
2023-03-28,28.924707412719727,29.02706465277352,28.91617899849774,29.02706465277352,426000
2023-03-29,28.873531341552734,28.873531341552734,28.81382267172956,28.856474510641938,460000
2023-03-30,29.02706527709961,29.07824552516631,28.882059455061054,28.882059455061054,1008000
2023-03-31,29.146480560302734,29.155012227988564,29.052654992903456,29.052654992903456,1990000
2023-04-06,30.161535263061523,30.17859534512328,30.050646356599078,30.067706438660835,1257000
2023-04-07,30.187129974365234,30.255370316662088,30.178601558517435,30.246838646935675,419000
2023-04-10,30.007999420166016,30.016527834724524,29.91417059063181,29.91417059063181,506000
2023-04-11,30.01653289794922,30.033592983822075,29.888587134720815,29.888587134720815,780000
2023-04-12,30.01653289794922,30.033592983822075,29.965355894209328,29.965355894209328,214000
2023-04-13,29.9824161529541,30.008004654971582,29.973884483029146,30.008004654971582,111000
2023-04-14,29.794755935668945,29.811816020194108,29.786224266467155,29.786224266467155,149000
2023-04-17,29.743574142456055,29.777694309740195,29.675337061766022,29.675337061766022,444000
2023-04-18,29.427974700927734,29.445034786871975,29.410914614983493,29.410914614983493,125000
2023-04-19,29.590036392211914,29.598568060899602,29.487679145107187,29.487679145107187,263000
2023-04-20,29.598567962646484,29.598567962646484,29.581507879205958,29.581507879205958,107000
2023-04-21,29.717987060546875,29.717987060546875,29.692398560803127,29.692398560803127,142000
2023-04-24,29.692398071289062,29.70092648643691,29.65827790294097,29.66680631808882,371000
2023-04-25,30.02506446838379,30.02506446838379,29.914175537516826,29.914175537516826,451000
2023-04-26,30.21271514892578,30.22977523262143,30.19565831910839,30.19565831910839,139000
2023-04-27,29.965354919433594,30.033592006826584,29.965354919433594,30.016531921508694,162000
2023-04-28,29.90564727783203,29.914175693845447,29.752109758561144,29.820346848304496,204000
2023-05-02,29.66680335998535,29.717983607404257,29.66680335998535,29.717983607404257,138000
2023-05-03,29.897113800048828,29.93123396979658,29.88005371517495,29.88005371517495,190000
2023-05-04,29.990943908691406,30.144481425173264,29.948295321641694,30.144481425173264,196000
2023-05-05,29.709455490112305,29.735043987138553,29.692395407468787,29.717983904495036,364000
2023-05-08,29.649747848510742,29.70092810381993,29.632691017286202,29.70092810381993,232000
2023-05-09,29.351200103759766,29.470617427741086,29.31707993865709,29.470617427741086,186000
2023-05-10,29.291492462158203,29.317080959937584,29.27443237901257,29.282964047524462,281000
2023-05-11,29.48767852783203,29.5217986941121,29.402381366010015,29.402381366010015,356000
2023-05-12,29.777700424194336,29.79476051133947,29.735051833270965,29.735051833270965,192000
2023-05-15,29.607093811035156,29.7606312948128,29.607093811035156,29.7606312948128,237000
2023-05-16,29.30002212524414,29.317082209116695,29.274433626374456,29.30002212524414,393000
2023-05-17,29.11353874206543,29.303482477861415,29.09627053088861,29.303482477861415,215000
2023-05-18,29.053096771240234,29.061729228591854,29.009924603760247,29.009924603760247,157000
2023-05-19,28.785446166992188,28.88041967128491,28.725009081273935,28.88041967128491,433000
2023-05-22,28.707740783691406,28.707740783691406,28.664571907393164,28.69047257445728,138000
2023-05-23,28.586862564086914,28.63003143427148,28.586862564086914,28.63003143427148,219000
2023-05-24,28.699108123779297,28.733641248430242,28.586866411334896,28.586866411334896,350000
2023-05-25,28.569597244262695,28.595497910275967,28.543696578249424,28.595497910275967,150000
2023-05-26,28.491891860961914,28.500524318413888,28.448722986554046,28.500524318413888,385000
2023-05-29,28.5436954498291,28.595496779807778,28.500523283415035,28.595496779807778,196000
2023-05-30,28.699108123779297,28.699108123779297,28.604134620447425,28.62140282955996,298000
2023-05-31,28.923587799072266,28.94085600791254,28.750909004243585,28.750909004243585,289000
2023-06-01,29.0185604095459,29.078997491843385,29.00992465860399,29.078997491843385,161000
2023-06-02,29.078998565673828,29.096266774621355,29.053097899039578,29.053097899039578,186000
2023-06-05,28.949485778808594,28.97538973645195,28.940853321976647,28.966753986046243,161000
2023-06-06,28.992658615112305,28.992658615112305,28.966754656869053,28.966754656869053,106000
2023-06-07,29.208507537841797,29.208507537841797,29.122166495906907,29.122166495906907,234000
2023-06-08,28.785446166992188,28.80271437627942,28.76817795770495,28.80271437627942,180000
2023-06-09,28.98402214050293,28.98402214050293,28.940853269274296,28.966753933296726,112000
2023-06-12,28.98402214050293,29.00992280452536,28.98402214050293,28.99265789089291,113000
2023-06-13,29.122161865234375,29.148062526909424,29.009920175353397,29.009920175353397,324000
2023-06-14,28.914953231811523,28.949486353398477,28.914953231811523,28.932218145818087,219000
2023-06-15,28.966754913330078,29.035827744491844,28.966754913330078,28.98402312112052,202000
2023-06-16,29.165334701538086,29.17397045232061,29.06172874716513,29.06172874716513,244000
2023-06-19,29.268943786621094,29.27757624378168,29.191238497880285,29.191238497880285,166000
2023-06-20,29.346649169921875,29.346649169921875,29.096265094997612,29.096265094997612,530000
2023-06-21,29.692001342773438,29.692001342773438,29.562494732687288,29.562494732687288,246000
2023-06-26,29.64020347595215,29.70927301734558,29.64020347595215,29.69200480860371,214000
2023-06-27,29.57975959777832,29.66610063126913,29.562494684653817,29.64883242457097,218000
2023-06-28,29.553863525390625,29.571131734771217,29.502058897248848,29.562499276868007,234000
2023-06-29,29.6229305267334,29.657463645116845,29.6229305267334,29.6229305267334,175000
2023-06-30,29.389820098876953,29.39845255666921,29.338015471401047,29.338015471401047,204000
2023-07-03,29.657468795776367,29.657468795776367,29.553862835485564,29.553862835485564,221000
2023-07-04,29.692001342773438,29.70063709292338,29.588395395989785,29.588395395989785,281000
2023-07-05,29.700639724731445,29.709272182072652,29.62293443436473,29.683371516475066,276000
2023-07-06,29.458887100219727,29.458887100219727,29.415718227834816,29.415718227834816,127000
2023-07-07,29.217138290405273,29.243038954687425,29.17396941874376,29.243038954687425,130000
2023-07-10,29.06173324584961,29.06173324584961,29.001296155312048,29.04446503518539,157000
2023-07-11,29.25167465209961,29.25167465209961,29.12216474377621,29.12216474377621,211000
2023-07-12,29.329381942749023,29.36391506623131,29.329381942749023,29.338014400226093,421000
2023-07-13,29.476154327392578,29.56249536286419,29.476154327392578,29.476154327392578,231000
2023-07-14,29.476154327392578,29.571127819624486,29.476154327392578,29.553859612530164,161000
2023-07-17,29.553863525390625,29.579764192674425,29.450257562681244,29.502058897248848,133000
2023-07-18,29.536590576171875,29.536590576171875,29.48478924991701,29.50205416295287,116000
2023-07-19,29.743804931640625,29.75243738791759,29.614295032471322,29.614295032471322,210000
2023-07-20,29.907848358154297,29.951017227276076,29.890580151790868,29.907848358154297,157000
2023-07-21,29.821510314941406,29.830142771248045,29.769705696380893,29.769705696380893,169000
2023-07-24,29.985557556152344,29.994193307248697,29.890584055536618,29.890584055536618,152000
2023-07-25,29.95965003967285,29.96828249522135,29.925113630332316,29.925113630332316,118000
2023-07-26,29.890581130981445,29.89921688123286,29.84741226044549,29.84741226044549,141000
2023-07-27,29.890581130981445,29.91648508816198,29.795607639658122,29.795607639658122,272000
2023-07-28,29.709264755249023,29.769701822251097,29.65746014343019,29.769701822251097,32000
2023-07-31,29.76970672607422,29.804243139642463,29.761074269468995,29.804243139642463,117000
2023-08-01,30.028724670410156,30.028724670410156,29.959655133558822,29.959655133558822,142000
2023-08-02,29.804243087768555,29.985554318325747,29.79560733760469,29.985554318325747,127000
2023-08-04,29.104902267456055,29.74381289084584,28.97539562720537,29.74381289084584,288000
2023-08-07,29.355283737182617,29.355283737182617,29.251677775605085,29.251677775605085,171000
2023-08-08,29.363914489746094,29.363914489746094,29.24304032599612,29.32074561606024,146000
2023-08-09,29.5279598236084,29.5279598236084,29.458886993184432,29.5279598236084,294000
2023-08-10,29.42435073852539,29.484787811924274,29.40708253275807,29.484787811924274,186000
2023-08-11,29.225772857666016,29.355282775576107,29.199872191513606,29.355282775576107,278000
2023-08-14,29.225772857666016,29.23440860876617,29.165335774261045,29.1739715253612,188000
2023-08-15,29.19986915588379,29.268941983208077,29.18260094905272,29.191236699255096,297000
2023-08-16,29.03893280029297,29.178879327711243,29.003945334291302,29.178879327711243,234000
2023-08-17,28.724048614501953,28.881488854832977,28.724048614501953,28.881488854832977,209000
2023-08-18,28.767784118652344,28.767784118652344,28.74154518819778,28.74154518819778,188000
2023-08-21,28.63658332824707,28.76778130427297,28.62783479455922,28.76778130427297,43000
2023-08-22,28.47914695739746,28.505385888850302,28.42666575790334,28.42666575790334,220000
2023-08-23,28.741544723510742,28.76778365354108,28.741544723510742,28.741544723510742,171000
2023-08-24,29.091411590576172,29.19637399192895,29.091411590576172,29.16138652481136,143000
2023-08-25,29.056425094604492,29.056425094604492,29.056425094604492,29.056425094604492,105000
2023-08-28,29.17013168334961,29.17013168334961,29.09141155073708,29.09141155073708,116000
2023-08-29,29.275094985961914,29.310079117520278,29.248852716557384,29.310079117520278,132000
2023-08-30,29.47626495361328,29.528742813958736,29.42378375667955,29.42378375667955,404000
2023-08-31,29.62495994567871,29.63370848109481,29.546239809877015,29.546239809877015,739000
2023-09-01,29.563732147216797,29.581225880633767,29.563732147216797,29.572480682219524,105000
2023-09-04,29.222612380981445,29.371307445174025,29.222612380981445,29.371307445174025,125000
2023-09-05,29.17013168334961,29.222612883954127,29.17013168334961,29.222612883954127,124000
2023-09-06,29.021440505981445,29.0389342398495,28.98645303824533,28.98645303824533,126000
2023-09-07,29.065170288085938,29.082664020218008,29.03018282382179,29.047676555953863,129000
2023-09-08,29.34506607055664,29.34506607055664,29.248852203135673,29.248852203135673,149000
2023-09-11,29.17013168334961,29.3450656821095,29.17013168334961,29.3450656821095,155000
2023-09-12,29.17013168334961,29.17013168334961,29.117653819333594,29.117653819333594,107000
2023-09-13,29.152639389038086,29.19637205173464,29.152639389038086,29.19637205173464,101000
2023-09-14,29.12639808654785,29.21386675142541,29.117652888354293,29.21386675142541,342000
2023-09-15,29.100160598754883,29.108905797382203,28.977707798441003,29.108905797382203,369000
2023-09-18,28.96021270751953,28.995200173566428,28.907731508449185,28.995200173566428,294000
2023-09-19,29.152639389038086,29.17012978484608,29.038931796756405,29.038931796756405,211000
2023-09-20,29.047677993774414,29.0651717267724,29.030184260776426,29.030184260776426,215000
2023-09-21,29.03893280029297,29.07392026629464,29.021439067292135,29.021439067292135,109000
2023-09-22,28.62783432006836,28.645328050566125,28.619089123113437,28.645328050566125,136000
2023-09-25,28.802770614624023,28.846503276106407,28.794022080374628,28.794022080374628,274000
2023-09-26,28.496639251708984,28.496639251708984,28.426664322583335,28.426664322583335,123000
2023-09-27,28.575355529785156,28.575355529785156,28.575355529785156,28.575355529785156,100000
2023-09-28,28.40917205810547,28.444159524475975,28.391678324920214,28.444159524475975,244000
2023-10-02,28.260478973388672,28.277972705733593,28.225491508698827,28.23423670657715,149000
2023-10-03,28.111787796020508,28.111787796020508,28.050561392658523,28.05930992833237,132000
2023-10-04,27.50826644897461,27.578239713324958,27.41205258488255,27.578239713324958,231000
2023-10-05,27.77066421508789,27.849384341602065,27.73567675072865,27.73567675072865,110000
2023-10-06,27.621973037719727,27.665705703372975,27.621973037719727,27.65696050487773,121000
2023-10-11,27.936853408813477,27.971839207476663,27.788160010832883,27.788160010832883,123000
2023-10-12,28.312957763671875,28.31295776367188,28.269225099667473,28.30421256550635,107000
2023-10-13,27.866878509521484,27.884370573680496,27.849384777068323,27.866878509521484,126000
2023-10-16,28.076799392700195,28.076799392700195,28.006827792580275,28.04181526093455,128000
2023-10-17,27.7269344329834,27.858134101370275,27.683200097991573,27.840640367373545,148000
2023-10-18,27.57823944091797,27.656959571071322,27.569492574423798,27.656959571071322,118000
2023-10-19,27.245868682861328,27.447041633154445,27.202136013073925,27.447041633154445,197000
2023-10-20,27.04469108581543,27.053437951928927,26.97471782520157,27.000958423542066,126000
2023-10-23,26.799785614013672,26.843519947476945,26.77354668222995,26.843519947476945,141000
2023-10-24,27.245868682861328,27.237121815244965,27.202136013073925,27.202136013073925,110000
2023-10-25,27.429546356201172,27.55199915191107,27.420799489608434,27.55199915191107,131000
2023-10-26,27.079679489135742,27.088426356091365,27.05344055656316,27.062187423518782,128000
2023-10-27,27.39455795288086,27.39455795288086,27.31583782453282,27.31583782453282,102000
2023-10-30,27.25461196899414,27.28959943486195,27.25461196899414,27.280852568394998,126000
2023-10-31,27.25461196899414,27.24586510252719,27.21962617142053,27.24586510252719,110000
2023-11-01,27.202131271362305,27.21962500354563,27.132158010923128,27.132158010923128,120000
2023-11-02,27.71818733215332,27.770666865406493,27.700693598304166,27.726934199077895,439000
2023-11-03,28.076799392700195,28.08554792808308,28.050560459728803,28.076799392700195,121000
2023-11-06,28.05055809020996,28.094290753664254,28.05055809020996,28.094290753664254,145000
2023-11-07,27.989334106445312,27.989334106445312,27.963093505134566,27.971840372238148,111000
2023-11-08,28.251733779907227,28.251733779907227,28.199255913254827,28.199255913254827,117000
2023-11-09,28.601598739624023,28.64533140269215,28.549117541989283,28.549117541989283,170000
2023-11-10,28.24298667907715,28.24298667907715,28.16426654781099,28.181760281046632,150000
2023-11-13,28.20800018310547,28.242987650780496,28.190506449267954,28.19925498448099,509000
2023-11-14,28.36543846130371,28.374183659314735,28.225491937008986,28.225491937008986,162000
2023-11-15,28.689062118530273,28.837757166775415,28.680316921145543,28.837757166775415,193000
2023-11-16,28.474468231201172,28.722765216386957,28.456732249003228,28.722765216386957,308000
2023-11-17,28.5188045501709,28.589748474123933,28.5188045501709,28.563142811245303,312000
2023-11-20,28.43012809753418,28.55427658196305,28.42125841562212,28.50993832078024,352000
2023-11-21,28.554275512695312,28.598613772217796,28.52766985074793,28.598613772217796,108000
2023-11-22,28.483335494995117,28.52767376059436,28.465599512196853,28.52767376059436,239000
2023-11-23,28.80257225036621,28.8114419318778,28.767100289904548,28.78483627013538,150000
2023-11-24,28.625215530395508,28.802571948049934,28.625215530395508,28.802571948049934,482000
2023-11-27,28.46559715270996,28.49220281609845,28.447864554174362,28.46559715270996,198000
2023-11-28,28.722761154174805,28.75823311355395,28.713894855726135,28.75823311355395,107000
2023-11-29,28.811439514160156,28.864644067595645,28.775967556675127,28.775967556675127,354000
2023-11-30,28.988794326782227,29.077474225972995,28.988794326782227,29.00653030662038,154000
2023-12-01,28.997663497924805,28.997663497924805,28.90011730192728,28.953325240505624,193000
2023-12-04,29.316904067993164,29.352372643895297,29.308034386923502,29.316904067993164,231000
2023-12-05,29.485389709472656,29.520861666857904,29.414445794702164,29.44105145413712,156000
2023-12-06,29.84897232055664,29.911046561873555,29.77803178024836,29.77803178024836,193000
2023-12-07,30.052932739257812,30.265761137905546,29.94652023133026,29.94652023133026,338000
2023-12-08,29.937646865844727,29.981988506252485,29.937646865844727,29.973118825054048,122000
2023-12-11,30.00859260559082,30.00859260559082,29.89331042255976,29.89331042255976,188000
2023-12-12,30.06180191040039,30.06180191040039,29.95538602148962,29.96425570362847,105000
2023-12-13,30.221416473388672,30.23914906862665,30.16820853929899,30.23914906862665,250000
2023-12-14,30.744613647460938,30.744613647460938,30.700275392275472,30.700275392275472,382000
2023-12-15,31.081594467163086,31.117066428983318,30.868769461826634,30.868769461826634,186000
2023-12-18,31.321020126342773,31.329889806775608,31.196871662618495,31.196871662618495,117000
2023-12-19,31.188007354736328,31.232348998955093,31.15253877527083,31.161405074439077,88000
2023-12-20,31.214611053466797,31.356495510777414,31.205741372064214,31.356495510777414,337000
2023-12-21,31.285547256469727,31.39196312180421,31.285547256469727,31.39196312180421,155000
2023-12-22,31.001785278320312,31.028390941968972,31.001785278320312,31.028390941968972,199000
2023-12-25,30.93971061706543,31.001784860087252,30.93971061706543,31.001784860087252,116000
2023-12-26,30.93971061706543,30.957446598327742,30.93971061706543,30.948580299092853,109000
2023-12-27,30.895366668701172,30.93970492229978,30.88650037109822,30.93970492229978,124000
2023-12-28,30.90423583984375,31.01951801615283,30.886503242989026,31.01951801615283,136000
2023-12-29,30.886505126953125,30.8953714259213,30.824427503006167,30.8953714259213,332000
2024-01-02,30.647071838378906,30.886502483537196,30.576127921535495,30.886502483537196,177000
2024-01-03,30.647071838378906,30.70027639321932,30.647071838378906,30.70027639321932,108000
2024-01-04,30.593868255615234,30.673678482028546,30.593868255615234,30.638206518557602,74000
2024-01-05,30.336692810058594,30.36329846635393,30.310090536554906,30.36329846635393,291000
2024-01-08,30.026329040527344,30.10613926340358,30.017459358656385,30.10613926340358,147000
2024-01-09,30.381032943725586,30.38103294372559,30.221415910015878,30.221415910015878,383000
2024-01-10,30.443111419677734,30.48744967378631,30.407639463274094,30.434241739180848,240000
2024-01-11,30.48745346069336,30.48745346069336,30.478583779094752,30.478583779094752,147000
2024-01-12,30.682538986206055,30.682538986206055,30.567260200888196,30.567260200888196,155000
2024-01-15,30.886505126953125,30.8953714259213,30.75348696288347,30.75348696288347,206000
2024-01-16,30.895366668701172,30.895366668701172,30.81555645910692,30.833292437104742,183000
2024-01-17,30.709142684936523,30.735744959420707,30.638198775922998,30.638198775922998,162000
2024-01-18,30.709142684936523,30.718008982167326,30.69140670768314,30.69140670768314,126000
2024-01-19,30.363300323486328,30.478579104247615,30.363300323486328,30.469712806801304,255000
2024-01-22,30.522916793823242,30.522916793823242,30.381032357757512,30.425373992546383,233000
2024-01-23,30.549524307250977,30.57612658350705,30.505186052560184,30.505186052560184,140000
2024-01-24,30.42537498474121,30.42537498474121,30.33669509506334,30.33669509506334,126000
2024-01-25,30.274620056152344,30.283489736279495,30.185943551631695,30.194809848967036,116000
2024-01-26,30.46084976196289,30.478585743510855,30.4519834625852,30.478585743510855,105000
2024-01-29,30.42537498474121,30.460843557820457,30.381033348506325,30.460843557820457,149000
2024-01-30,30.638198852539062,30.69140678443226,30.522916691499688,30.522916691499688,109000
2024-01-31,30.85989761352539,30.877633593190392,30.69141088089623,30.69141088089623,144000
2024-02-01,31.05499267578125,31.081594956168722,31.001784732213782,31.04612299379041,435000
2024-02-02,31.161405563354492,31.250085470390875,31.125933600539938,31.241215788290955,208000
2024-02-05,30.85989761352539,31.03725402738317,30.815559355759007,31.03725402738317,147000
2024-02-15,30.345565795898438,30.416506327234444,30.221417328966414,30.416506327234444,229000
2024-02-16,30.19481086730957,30.283490757612824,30.17707488924892,30.283490757612824,108000
2024-02-19,30.185949325561523,30.194815624592795,30.150477363851508,30.150477363851508,162000
2024-02-20,30.185949325561523,30.212551605447803,30.11500540214149,30.185949325561523,169000
2024-02-21,30.2923583984375,30.2923583984375,30.230284163868756,30.256886440743337,131000
2024-02-22,30.239151000976562,30.292358938466354,30.159340786137943,30.292358938466354,167000
2024-02-23,30.31009292602539,30.31895922362837,30.283490650424532,30.283490650424532,64000
2024-02-26,30.647071838378906,30.70027639321932,30.62933585916805,30.70027639321932,172000
2024-02-27,30.506975173950195,30.569838844113534,30.506975173950195,30.569838844113534,158000
2024-02-29,30.480031967163086,30.51595504416138,30.444112315977975,30.51595504416138,134000
2024-03-01,30.462074279785156,30.480035820555063,30.44411616482886,30.45309522230701,117000
2024-03-04,30.49799346923828,30.506975951383716,30.45309133595063,30.45309133595063,117000
2024-03-05,30.4261531829834,30.53391899668511,30.372268563225816,30.53391899668511,143000
2024-03-06,30.614744186401367,30.614744186401367,30.533918969743038,30.533918969743038,143000
2024-03-07,30.75843048095703,30.75843048095703,30.686584327414117,30.686584327414117,141000
2024-03-08,30.76740837097168,30.776390852730632,30.73148872137495,30.74945025907983,130000
2024-03-11,30.81231689453125,30.821295951341614,30.758432276228987,30.758432276228987,120000
2024-03-12,30.8212947845459,30.848235379770465,30.77639265056721,30.77639265056721,127000
2024-03-13,30.704547882080078,30.758432500775715,30.704547882080078,30.758432500775715,114000
2024-03-14,30.632701873779297,30.668624949068118,30.623719392050585,30.668624949068118,119000
2024-03-15,30.542898178100586,30.560859718092914,30.506978523929394,30.542898178100586,128000
2024-03-18,30.542898178100586,30.542898178100586,30.542898178100586,30.542898178100586,0
2024-03-19,30.542898178100586,30.542898178100586,30.515957581018824,30.515957581018824,112000
2024-03-20,30.542898178100586,30.542898178100586,30.542898178100586,30.542898178100586,0
2024-03-21,30.668628692626953,30.67760774963868,30.623723130128035,30.623723130128035,163000
2024-03-22,30.938039779663086,30.94701883517756,30.767406892572314,30.767406892572314,218000
2024-03-25,30.938039779663086,30.938039779663086,30.938039779663086,30.938039779663086,0
2024-03-26,30.938039779663086,30.938039779663086,30.938039779663086,30.938039779663086,0
2024-03-27,31.027843475341797,31.036825956506227,30.97396229160641,30.98294134695804,130000
2024-03-28,31.144596099853516,31.198480716927936,31.12663456082871,31.12663456082871,132000
2024-03-29,31.24338150024414,31.24338150024414,31.189496885500336,31.189496885500336,44000
2024-04-01,31.24338150024414,31.252360556461543,31.216437479965673,31.24338150024414,141000
2024-04-02,30.97396469116211,31.018866823024435,30.97396469116211,31.018866823024435,123000
2024-04-03,30.8212947845459,30.947022130011515,30.8212947845459,30.92008153478695,149000
2024-04-08,30.632701873779297,30.668624949068118,30.57881726084607,30.57881726084607,70000
2024-04-09,30.857215881347656,30.89313895655002,30.722506062245312,30.722506062245312,170000
2024-04-10,30.947019577026367,30.991921707300836,30.920078984024272,30.973963595841404,149000
2024-04-11,30.632701873779297,30.668624949068118,30.551876667285963,30.623719392050585,230000
2024-04-12,30.587800979614258,30.59678003589309,30.533916364501813,30.542895420780646,138000
2024-04-15,30.650663375854492,30.722506100535742,30.65066337585449,30.65066337585449,128000
2024-04-16,30.462074279785156,30.55188198363469,30.417172140767192,30.55188198363469,222000
2024-04-17,30.246543884277344,30.372271249016194,30.219603284922947,30.372271249016194,129000
2024-04-18,30.390228271484375,30.399207327996066,30.390228271484375,30.399207327996066,106000
2024-04-19,30.587800979614258,30.785371050066914,30.560856959151458,30.614741574263903,215000
2024-04-22,30.44411277770996,30.44411277770996,30.390228161395278,30.40818970016684,138000
2024-04-23,30.614744186401367,30.614744186401367,30.56085956669133,30.59678264649802,160000
2024-04-24,30.45309066772461,30.524936820058883,30.417167591557472,30.524936820058883,113000
2024-04-25,30.354305267333984,30.426151422854517,30.354305267333984,30.426151422854517,128000
2024-04-26,30.210613250732422,30.255515380371957,30.1297880470561,30.255515380371957,107000
2024-04-29,30.480031967163086,30.480031967163086,30.426150777478828,30.45309137232096,174000
2024-04-30,30.551876068115234,30.560855123854836,30.49799145623877,30.49799145623877,126000
2024-05-02,30.480031967163086,30.497993505662233,30.462070428663942,30.462070428663942,136000
2024-05-03,30.52493667602539,30.52493667602539,30.435128986031312,30.480031118121808,151000
2024-05-06,30.686580657958984,30.7045421941969,30.632699475057986,30.659640066508484,121000
2024-05-07,30.929065704345703,30.973971271561254,30.695572513568287,30.695572513568287,83000
2024-05-08,31.000905990600586,31.03682906723317,30.991923508535866,31.01886752891688,168000
2024-05-09,30.81231689453125,30.8392574907757,30.81231689453125,30.8392574907757,121000
2024-05-10,31.036828994750977,31.054790533025326,31.00988497443289,31.054790533025326,121000
2024-05-13,30.884157180786133,30.938041794821356,30.87517812468681,30.87517812468681,111000
2024-05-14,30.89313507080078,30.90211412556548,30.89313507080078,30.90211412556548,104000
2024-05-15,30.902124404907227,30.947026545292204,30.86620132227376,30.938047487540693,115000
2024-05-16,31.189496994018555,31.19847947608034,31.099692728279557,31.153573917397697,144000
2024-05-17,31.164018630981445,31.191314470891356,31.10032602386714,31.12762186377705,118000
2024-05-20,31.03663444519043,31.063930286004823,31.018436060985206,31.063930286004823,134000
2024-05-21,31.0184383392334,31.027535796510765,30.98204156814968,31.000239953691537,109000
2024-05-22,31.082128524780273,31.12762274958703,31.073031068213666,31.082128524780273,114000
2024-05-23,31.07303237915039,31.10942567793907,31.04573306632512,31.10942567793907,133000
2024-05-24,30.94564437866211,30.963842763957917,30.936546921507748,30.936546921507748,106000
2024-05-27,30.954742431640625,30.963839887949987,30.891049824514788,30.954742431640625,144000
2024-05-28,30.891054153442383,30.891054153442383,30.845559923546688,30.872855767286655,150000
2024-05-29,30.636276245117188,30.645377172508404,30.581684564717097,30.645377172508404,158000
2024-05-30,30.581682205200195,30.5907796609027,30.490690293242483,30.508888675634026,154000
2024-05-31,30.845558166503906,30.872854008689032,30.83645723845083,30.845558166503906,235000
2024-06-03,31.02753257751465,31.0548318884888,30.94564158656574,31.018435121181113,224000
2024-06-04,31.282310485839844,31.291407943339024,31.23681625636951,31.23681625636951,144000
2024-06-05,31.509780883789062,31.56437256344662,31.482481572973533,31.537076723617844,195000
2024-06-06,31.52798080444336,31.628066712357356,31.52798080444336,31.628066712357356,134000
2024-06-07,31.509780883789062,31.573473490714047,31.509780883789062,31.537076723617844,160000
2024-06-11,31.118526458740234,31.373296903991413,31.08212968913664,31.373296903991413,156000
2024-06-12,31.336904525756836,31.336904525756836,31.28231283468828,31.318706138404824,234000
2024-06-13,31.491580963134766,31.546172640127697,31.473382580474926,31.473382580474926,204000
2024-06-14,31.728158950805664,31.782754109032158,31.728158950805664,31.764555722956658,137000
2024-06-17,31.79184913635254,31.81004752103692,31.773650751668153,31.79184913635254,135000
2024-06-18,31.67356300354004,31.682660459860582,31.67356300354004,31.67356300354004,128000
2024-06-19,31.855545043945312,31.882844359290544,31.8100508130197,31.837350128364932,118000
2024-06-20,31.719064712524414,31.791854793226854,31.719064712524414,31.755461488369427,132000
2024-06-21,31.60076904296875,31.62806488254913,31.57347320338837,31.60986997015336,102000
2024-06-24,31.655364990234375,31.664462446661346,31.60987076612591,31.60987076612591,162000
2024-06-25,31.81005096435547,31.81005096435547,31.737260888725658,31.737260888725658,131000
2024-06-26,31.75545883178711,31.75545883178711,31.70086367258688,31.737260445387033,142000
2024-06-27,31.500680923461914,31.500680923461914,31.418789930475114,31.45518669868855,202000
2024-06-28,31.491580963134766,31.609868714930425,31.482480036311554,31.573471949610745,171000
2024-07-01,31.127620697021484,31.127620697021484,31.0457297093745,31.0457297093745,161000
2024-07-02,31.082128524780273,31.082128524780273,30.991140075166765,30.991140075166765,187000
2024-07-03,31.264108657836914,31.282307041818942,31.082128289003464,31.082128289003464,256000
2024-07-04,31.345996856689453,31.427887841816993,31.345996856689453,31.427887841816993,113000
2024-07-05,31.345996856689453,31.37329269473646,31.30050263628227,31.327798474329274,145000
2024-07-08,31.473388671875,31.518882901836314,31.436991899511042,31.436991899511042,180000
2024-07-09,31.75545883178711,31.7645562894935,31.673567828480415,31.69176621488049,201000
2024-07-10,31.655364990234375,31.709956670769817,31.60987076612591,31.709956670769817,135000
2024-07-11,31.700862884521484,31.746357113897066,31.691765427041254,31.709960342001718,166000
2024-07-12,31.91924285888672,31.91924285888672,31.800955075292265,31.800955075292265,172000
2024-07-15,31.91924285888672,31.982935479825077,31.864647696230623,31.910141929616945,298000
2024-07-16,32.01022720336914,32.04662397378601,32.01022720336914,32.04662397378601,102000
2024-07-17,32.24679946899414,32.310492082124945,32.21950362650582,32.21950362650582,141000
2024-07-18,32.237701416015625,32.24679887301456,32.20130464604581,32.24679887301456,124000
2024-07-19,32.22860336303711,32.265000136253754,32.1922100608078,32.265000136253754,126000
2024-07-22,32.31049728393555,32.31049728393555,32.20131042541669,32.20131042541669,122000
2024-07-23,32.128517150878906,32.14671553732167,32.07392199155063,32.14671553732167,145000
2024-07-26,31.91924285888672,32.00113039638959,31.882846083782653,32.00113039638959,192000
2024-07-29,32.19221115112305,32.21950699646634,32.11032014410571,32.11032014410571,164000
2024-07-30,32.237701416015625,32.27409818598544,32.237701416015625,32.27409818598544,115000
2024-07-31,32.3195915222168,32.328688978965005,32.31049059448166,32.3195915222168,114000
2024-08-01,32.49247360229492,32.60166391804643,32.49247360229492,32.547068760170674,417000
2024-08-02,32.71994400024414,32.82003337461373,32.638053009486,32.638053009486,294000
2024-08-05,33.15669631958008,33.32047830863237,33.047509483874194,33.27498408300383,128000
2024-08-06,32.86553192138672,33.02931392444741,32.82003769186702,32.82003769186702,224000
2024-08-07,32.68354415893555,32.701742540835326,32.65624832157909,32.67444670347888,125000
2024-08-08,32.465179443359375,32.519774604067884,32.45607851441426,32.519774604067884,117000
2024-08-09,32.25590515136719,32.26500260987515,32.19221252884868,32.23770676336367,150000
2024-08-12,32.45607376098633,32.45607376098633,32.35598785416012,32.36508531078545,165000
2024-08-13,32.43788146972656,32.52886992728214,32.43788146972656,32.45607638444795,150000
2024-08-14,32.59255599975586,32.59255599975586,32.55615923564436,32.55615923564436,103000
2024-08-15,32.86553192138672,32.911026150906416,32.85643446387767,32.911026150906416,119000
2024-08-16,32.87462615966797,32.938318762231106,32.865525233023796,32.865525233023796,83000
2024-08-19,32.69265365600586,32.75634627385938,32.683552727176874,32.75634627385938,121000
2024-08-20,32.71084213256836,32.71084213256836,32.674445370253906,32.69264375141113,220000
2024-08-21,32.8841667175293,33.03167407301889,32.856510846759456,33.03167407301889,89000
2024-08-22,32.89338684082031,32.90260429191722,32.88416587295458,32.90260429191722,183000
2024-08-23,32.81040954589844,32.81962699526257,32.791971130402004,32.791971130402004,146000
2024-08-26,32.856510162353516,32.90260445159941,32.78276000291386,32.90260445159941,245000
2024-08-27,32.81963348388672,32.83807190302853,32.77353919441662,32.77353919441662,108000
2024-08-28,32.865726470947266,32.865726470947266,32.73665755588027,32.73665755588027,150000
2024-08-29,32.736656188964844,32.81962730108786,32.736656188964844,32.81962730108786,158000
2024-08-30,32.71822738647461,32.71822738647461,32.71822738647461,32.71822738647461,102000
2024-09-02,32.59837341308594,32.61681182879179,32.50618133455668,32.50618133455668,116000
2024-09-03,32.67212677001953,32.69056518753743,32.67212677001953,32.69056518753743,102000
2024-09-04,32.847286224365234,32.90259795382953,32.83806525827575,32.90259795382953,171000
2024-09-05,33.12385940551758,33.15151527357566,33.07776511983125,33.15151527357566,90000
2024-09-06,33.25292205810547,33.28057792387307,33.22526619233787,33.22526619233787,198000
2024-09-09,33.26214599609375,33.26214599609375,33.16995390735176,33.18839232510016,61000
2024-09-10,33.55714797973633,33.594021292237734,33.45573845762946,33.45573845762946,185000
2024-09-11,33.77840805053711,33.787629017911506,33.74153121457681,33.74153121457681,136000
2024-09-12,33.74153137207031,33.74153137207031,33.621686929792894,33.65856024915667,227000
2024-09-13,33.71387481689453,33.74153068504641,33.69543639920374,33.71387481689453,214000
2024-09-16,33.612464904785156,33.64934173975729,33.612464904785156,33.64012428939853,107000
2024-09-18,33.89825439453125,33.916692811633226,33.8613775603273,33.87059852726252,211000
2024-09-19,33.68621826171875,33.75075096393607,33.68621826171875,33.75075096393607,150000
2024-09-20,33.6954345703125,33.7415288536533,33.6585577369325,33.7138729870025,142000
2024-09-23,33.621681213378906,33.64011962831019,33.594021832597946,33.594021832597946,147000
2024-09-24,33.58481216430664,33.68622171153883,33.58481216430664,33.621689002712685,104000
2024-09-25,33.55714797973633,33.60324225793909,33.53870956510163,33.60324225793909,122000
2024-09-26,33.363548278808594,33.40042511017184,33.30823654853194,33.40042511017184,58000
2024-09-27,33.24370574951172,33.28057906621141,33.21604636602645,33.28057906621141,165000
2024-09-30,33.2713623046875,33.28057975486105,33.22526802028279,33.243706437398366,109000
2024-10-01,33.501834869384766,33.52027328519371,33.446519621957925,33.446519621957925,139000
2024-10-04,33.51105499267578,33.612464529332115,33.345112753923324,33.345112753923324,215000
2024-10-07,33.45574188232422,33.51105361512231,33.45574188232422,33.501836165245415,110000
2024-10-08,33.2713623046875,33.35433342332337,33.18839118605163,33.35433342332337,168000
2024-10-09,33.17917251586914,33.22526679857895,33.17917251586914,33.22526679857895,112000
2024-10-11,33.11463928222656,33.15151611842284,33.096204380897085,33.15151611842284,143000
2024-10-14,32.93026351928711,32.93948097033938,32.86573081161477,32.93948097033938,114000
2024-10-15,33.08698272705078,33.16073639791327,33.059326858861645,33.059326858861645,198000
2024-10-16,33.31745910644531,33.326680074084045,33.31745910644531,33.326680074084045,102000
2024-10-17,33.409645080566406,33.437300944880405,33.391206665434375,33.409645080566406,129000
2024-10-18,33.050106048583984,33.07776543367307,33.022450180263505,33.05932701586988,477000
2024-10-21,32.80119323730469,32.91182021736254,32.77353385471401,32.91182021736254,128000
2024-10-22,32.211177825927734,32.423214358441875,32.211177825927734,32.423214358441875,198000
2024-10-23,32.27571105957031,32.34946473301078,32.26649360877461,32.331026314650664,170000
2024-10-24,32.312583923339844,32.312583923339844,32.26648964149137,32.26648964149137,101000
2024-10-25,32.52462387084961,32.52462387084961,32.432435297409064,32.432435297409064,104000
2024-10-28,32.1743049621582,32.21117828202768,32.13742812552002,32.18352241293339,114000
2024-10-29,32.24805450439453,32.275710372962024,32.22961608642666,32.24805450439453,119000
2024-10-30,32.331024169921875,32.377118454380074,32.331024169921875,32.36790100419583,115000
2024-11-01,32.27571105957031,32.28493202713473,32.220399321258675,32.2480551904145,106000
2024-11-04,32.00836181640625,32.266492632097076,31.971484980802245,32.266492632097076,144000
2024-11-05,32.27571105957031,32.27571105957031,32.16508406617832,32.16508406617832,105000
2024-11-06,32.22039794921875,32.29414810275001,31.98070203751291,32.201959531643794,263000
2024-11-07,32.26649475097656,32.31258904012419,32.26649475097656,32.3033715890022,10000
2024-11-08,32.533843994140625,32.533843994140625,32.4047785879651,32.4047785879651,238000
2024-11-11,32.79197692871094,32.79197692871094,32.53384609965427,32.53384609965427,201000
2024-11-12,33.15151596069336,33.197610247335064,32.90260259270576,32.90260259270576,238000
2024-11-13,32.635250091552734,32.68134437221724,32.60759070973948,32.68134437221724,168000
2024-11-14,32.404781341552734,32.49696992043508,32.284933375590604,32.49696992043508,70000
2024-11-15,32.4600944519043,32.47853287181259,32.4600944519043,32.47853287181259,117000
2024-11-18,32.47853088378906,32.49696930256873,32.38634230665951,32.38634230665951,145000
2024-11-19,32.52462387084961,32.53384483825485,32.50618545280777,32.52462387084961,108000
2024-11-20,32.506187438964844,32.54306427730173,32.496969987765056,32.52462585813329,221623
2024-11-21,32.58091735839844,32.60893879530194,32.58091735839844,32.58091735839844,57000
2024-11-22,32.58091735839844,32.59959950408575,32.562235212711116,32.562235212711116,105000
2024-11-25,32.749053955078125,32.749053955078125,32.70234680802186,32.711689662735125,140000
2024-11-26,33.00125503540039,33.075980051061634,33.00125503540039,33.075980051061634,56000
2024-11-27,33.05729675292969,33.05729675292969,33.010593174364104,33.010593174364104,107000
2024-11-28,33.24411392211914,33.25345321233141,33.16938534740272,33.16938534740272,200000
2024-11-29,33.337520599365234,33.337520599365234,33.25345273564166,33.300159875797156,228000
2024-12-02,33.589725494384766,33.60840763852124,33.2908183147104,33.2908183147104,495000
2024-12-03,33.711158752441406,33.78588376817716,33.664455172199716,33.664455172199716,145000
2024-12-04,33.337520599365234,33.48697418340109,33.337520599365234,33.48697418340109,155000
2024-12-05,33.55236053466797,33.5990676757018,33.468296232618066,33.52433910065133,191000
2024-12-06,33.60840606689453,33.63642750016156,33.60840606689453,33.6177489201532,112000
2024-12-09,33.75786209106445,33.75786209106445,33.66445493124962,33.66445493124962,128000
2024-12-10,33.50565719604492,33.50565719604492,33.44027147403635,33.486975052148956,65000
2024-12-11,33.43093490600586,33.43093490600586,33.4122527605886,33.43093490600586,104000
2024-12-12,33.17873001098633,33.20675144640646,33.16938715700978,33.20675144640646,102000
2024-12-13,32.963890075683594,33.08531866907094,32.95454722188168,33.08531866907094,104000
2024-12-16,32.730369567871094,32.786412439293315,32.730369567871094,32.786412439293315,110000
2024-12-17,32.71168518066406,32.73970661445436,32.71168518066406,32.73036732427578,109000
2024-12-18,32.79575729370117,32.84246087715325,32.77707514766934,32.84246087715325,107000
2024-12-19,32.3847541809082,32.468822048567155,32.3847541809082,32.468822048567155,102000
2024-12-20,32.16057205200195,32.179254194240706,32.1418899097632,32.179254194240706,133000
2024-12-23,32.24464416503906,32.26332630974287,32.160576295499304,32.160576295499304,133000
2024-12-24,32.095184326171875,32.113866467240854,32.05782004403391,32.05782004403391,162000
2024-12-25,32.26332092285156,32.28200306443608,32.20727449809801,32.20727449809801,108000
2024-12-26,32.17926025390625,32.22596383667072,32.17926025390625,32.22596383667072,144000
2024-12-27,32.310028076171875,32.31936736637214,32.3006887859716,32.3006887859716,128000
2024-12-30,32.10452651977539,32.20727652332419,32.06716579751124,32.20727652332419,122000
2024-12-31,32.450138092041016,32.450138092041016,32.36607023830824,32.36607023830824,145000
2025-01-02,32.207275390625,32.207275390625,32.197936101201016,32.197936101201016,102000
2025-01-03,32.422119140625,32.422119140625,32.40343699595243,32.40343699595243,101000
2025-01-06,32.14189147949219,32.14189147949219,32.113870046392705,32.13255218954385,148000
2025-01-07,31.87100601196289,32.11387031167953,31.87100601196289,32.11387031167953,154000
2025-01-08,31.665510177612305,31.702870901694958,31.618803036813507,31.702870901694958,157000
2025-01-09,31.814964294433594,31.814964294433594,31.749578572130005,31.749578572130005,104000
2025-01-10,31.712215423583984,31.814965437539872,31.712215423583984,31.814965437539872,106000
2025-01-13,31.702871322631836,31.702871322631836,31.65616774446749,31.65616774446749,104000
2025-01-14,31.730894088745117,31.740233378419383,31.702869093213604,31.702869093213604,102000
2025-01-15,31.702871322631836,31.71221417621747,31.609464166303145,31.609464166303145,111000
2025-01-16,32.057823181152344,32.057823181152344,31.95507317684506,31.95507317684506,111000
2025-01-17,32.08584976196289,32.10453190785757,32.067171179323196,32.10453190785757,103000
2025-01-20,31.955076217651367,32.03914408706127,31.917711928301465,32.03914408706127,167000
2025-01-21,32.16991424560547,32.18859638953074,32.020460657457946,32.020460657457946,190000
2025-01-22,32.15122985839844,32.15122985839844,32.11386913640928,32.13255127903104,129000
2025-02-03,32.627620697021484,32.64630284256911,32.24464562143247,32.24464562143247,184000
2025-02-04,32.3847541809082,32.431461323250154,32.26332558793224,32.310029167019515,220000
2025-02-05,32.46882247924805,32.46882247924805,32.35673317530087,32.384754610473976,155000
2025-02-06,32.79575729370117,32.823778731121415,32.79575729370117,32.823778731121415,368000
2025-02-07,32.68366622924805,32.823776972095736,32.68366622924805,32.823776972095736,256000
2025-02-10,32.57157516479492,32.69300733259884,32.50618943519012,32.69300733259884,175000
2025-02-11,32.515525817871094,32.53420796021892,32.515525817871094,32.52486510741785,86000
2025-02-12,32.338050842285156,32.412779419984204,32.3193686978604,32.412779419984204,129000
2025-02-13,32.095184326171875,32.235295039308134,32.08584147401035,32.235295039308134,181000
2025-02-14,32.45948028564453,32.46881957544875,32.31936599580042,32.31936599580042,159000
2025-02-17,32.46882247924805,32.515529622209534,32.45014389796912,32.46882247924805,193000
2025-02-18,32.432838439941406,32.4801849268817,32.42337058747551,32.42337058747551,135000
2025-02-19,32.300270080566406,32.338148718850896,32.26239144228192,32.338148718850896,193000
2025-02-20,32.37601852416992,32.37601852416992,32.29079340792533,32.29079340792533,108000
2025-02-21,32.451778411865234,32.46124626452214,32.37602114138811,32.37602114138811,137000
2025-02-24,32.546470642089844,32.58434927646069,32.546470642089844,32.57488142402068,109000
2025-02-25,32.821083068847656,32.821083068847656,32.69797932174918,32.69797932174918,131000
2025-02-26,33.03888702392578,33.1619907980039,33.01994770389023,33.14305147796834,338000
2025-02-27,33.256683349609375,33.256683349609375,33.19039753650746,33.19039753650746,169000
2025-03-03,33.256683349609375,33.32296916271129,33.247215495868765,33.266154815655874,174000
2025-03-04,33.51235580444336,33.57864161172252,33.42713067904079,33.42713067904079,299000
2025-03-05,33.08623504638672,33.14305300911826,33.010481375050766,33.14305300911826,233000
2025-03-06,32.934715270996094,32.9441867350678,32.84002230410983,32.84002230410983,163000
2025-03-07,33.14305114746094,33.14305114746094,33.04835816053341,33.14305114746094,154000
2025-03-10,32.934715270996094,32.982065366744365,32.934715270996094,32.953654586834375,125000
2025-03-11,33.11463928222656,33.209332255738175,33.086228500328765,33.209332255738175,167000
2025-03-12,32.81161880493164,32.821086657756744,32.72639368028355,32.72639368028355,122000
2025-03-13,32.7169189453125,32.72639040949653,32.688511777370756,32.7169189453125,74000
2025-03-14,32.66010665893555,32.697981681132894,32.66010665893555,32.697981681132894,155000
2025-03-17,32.76426696777344,32.77373843240221,32.76426696777344,32.77373843240221,101000
2025-03-18,32.944190979003906,32.972598150268226,32.944190979003906,32.95365883199015,123000
2025-03-19,32.934715270996094,32.934715270996094,32.91577595515781,32.91577595515781,101000
2025-03-20,33.18092727661133,33.218805913438715,33.15251649283797,33.209334448079055,157000
2025-03-21,33.11463928222656,33.13357859938996,33.105167817492166,33.12410713465557,133000
2025-03-24,32.91577911376953,32.94418989640583,32.91577911376953,32.91577911376953,127000
2025-03-25,32.849491119384766,32.85896258373428,32.8210839509467,32.8210839509467,156000
2025-03-26,32.81161880493164,32.83055451058185,32.81161880493164,32.821086657756744,102000
2025-03-27,32.66957473754883,32.707453372313786,32.65063542016635,32.707453372313786,160000
2025-03-28,32.7169189453125,32.7169189453125,32.65063314524498,32.65063314524498,144000
2025-03-31,33.14305114746094,33.161990467307625,33.04835816053341,33.04835816053341,166000
2025-04-01,33.256683349609375,33.313501308970686,33.17145821672036,33.17145821672036,101000
2025-04-02,33.14305114746094,33.31350141377521,33.14305114746094,33.31350141377521,266000
2025-04-07,32.85896301269531,33.48394601262831,32.85896301269531,32.85896301269531,290000
2025-04-08,32.366554260253906,32.56541168276711,32.300268452749506,32.300268452749506,296000
2025-04-09,30.72834014892578,31.826795281311806,30.718868683992664,31.826795281311806,128000
2025-04-10,32.3381462097168,32.3381462097168,31.751038198778584,31.84573478714224,208000
2025-04-11,31.107112884521484,31.713160155413174,31.107112884521484,31.713160155413174,420000
2025-04-14,31.116586685180664,31.116586685180664,31.059768733307237,31.069240198105515,65000
2025-04-15,31.429080963134766,31.438552429311287,31.37226661529939,31.37226661529939,105000
2025-04-16,31.542713165283203,31.542713165283203,31.48589521183937,31.48589521183937,112000
2025-04-17,31.703693389892578,31.74157202724423,31.703693389892578,31.74157202724423,108000
2025-04-18,31.69422149658203,31.70368934856022,31.618464231535654,31.618464231535654,104000
2025-04-21,31.22075653076172,31.448021153000994,31.22075653076172,31.448021153000994,128000
2025-04-22,31.002954483032227,31.06924028758943,30.974543700860977,30.984015165686536,168000
2025-04-23,31.6752872467041,31.69422656599499,31.48589766610098,31.48589766610098,113000
2025-04-24,31.65634536743164,31.684752537917852,31.599527414153712,31.599527414153712,178000
2025-04-25,31.864673614501953,31.864673614501953,31.769977027595427,31.769977027595427,79000
2025-04-28,32.158226013183594,32.19610465031379,32.14875816005387,32.19610465031379,114000
2025-04-29,31.987773895263672,31.987773895263672,31.97830604268541,31.97830604268541,103000
2025-04-30,31.703693389892578,31.95936877355772,31.703693389892578,31.95936877355772,146000
2025-05-02,30.72834014892578,31.353323179209116,30.662054343615843,31.343851714276,333000
2025-05-05,28.588247299194336,30.377973152739667,28.57877763999377,30.377973152739667,192000
2025-05-06,28.919675827026367,29.023838457572353,28.60718251693041,28.60718251693041,198000
2025-05-07,29.459434509277344,29.459434509277344,29.033308898706682,29.033308898706682,164000
2025-05-08,29.53519058227539,29.74351765943589,29.525720923383627,29.74351765943589,133000
2025-05-09,29.307924270629883,29.49731203054513,29.2037598286772,29.402617247511127,323000
2025-05-12,29.27951431274414,29.393148409807726,29.27951431274414,29.336330458199583,306000
2025-05-13,29.47837257385254,29.51625120934882,29.31739198529884,29.345800961921054,210000
2025-05-14,29.38368034362793,29.4120875148188,29.35527136628426,29.4120875148188,151000
2025-05-15,28.97649574279785,29.317394460279374,28.94808676377735,29.317394460279374,193000
2025-05-16,29.25110626220703,29.326861727261473,29.222699091657088,29.222699091657088,128000
2025-05-19,29.016592025756836,29.112705646829937,28.97814584404166,29.112705646829937,129000
2025-05-20,29.35298728942871,29.38182009103324,29.32415265460943,29.32415265460943,253000
2025-05-21,28.99736785888672,29.093481476393308,28.99736785888672,29.093481476393308,216000
2025-05-22,28.449522018432617,28.997367243412857,28.43991047356449,28.997367243412857,121000
2025-05-23,28.68980598449707,28.70902907479884,28.680194439346185,28.680194439346185,58000
2025-05-26,28.411075592041016,28.468744860748597,28.40146404725642,28.468744860748597,148000
2025-05-27,28.795530319213867,28.73786287951171,28.59369336364889,28.59369336364889,218000
2025-05-28,28.987756729125977,29.218428314517787,28.95892209349645,29.218428314517787,129000
2025-05-29,29.112703323364258,29.112703323364258,28.97814353131511,28.97814353131511,250000
2025-06-02,29.20881462097168,29.23764925448039,29.093479753366164,29.093479753366164,114000
2025-06-03,29.23764991760254,29.247261462323436,29.122313214166475,29.151147848329167,102000
2025-06-04,29.295316696166992,29.314539785177974,29.256872351359696,29.256872351359696,134000
2025-06-05,29.477933883666992,29.506768518658873,29.420266446897994,29.458710793672406,180000
2025-06-06,29.42987823486328,29.45871103687844,29.42987823486328,29.42987823486328,220000
2025-06-09,29.24726104736328,29.35298620457842,29.24726104736328,29.3145400262403,147000
2025-06-10,29.39143180847168,29.401043353467852,29.32415282671325,29.32415282671325,125000
2025-06-11,29.410655975341797,29.439488778171263,29.410655975341797,29.439488778171263,126000
2025-06-12,29.381818771362305,29.477932383228257,29.343374426544727,29.477932383228257,103000
2025-06-13,29.525991439819336,29.564437621975724,29.343377574221098,29.343377574221098,238000
2025-06-16,29.035812377929688,29.314541687028136,29.035812377929688,29.314541687028136,155000
2025-06-17,29.016592025756836,29.02620357118563,28.997368934899246,29.02620357118563,104000
2025-06-18,29.122314453125,29.304930144161712,29.122314453125,29.304930144161712,198000
2025-06-19,29.304929733276367,29.304929733276367,29.247262296520883,29.247262296520883,124000
2025-06-20,29.20881462097168,29.218426165474582,29.20881462097168,29.218426165474582,101000
2025-06-23,29.35298728942871,29.36259700115372,29.266485218185622,29.266485218185622,65000
2025-06-24,29.372207641601562,29.372207641601562,29.343374840884916,29.352986385528695,130000
2025-06-25,29.449100494384766,29.449100494384766,29.439488948980898,29.439488948980898,101000
2025-06-26,29.24726104736328,29.295316937071245,29.24726104736328,29.295316937071245,55000
2025-06-27,29.026201248168945,29.24726127569487,29.026201248168945,29.24726127569487,163000
2025-06-30,29.103092193603516,29.141536539583704,29.026201668428417,29.026201668428417,82000
2025-07-01,29.602880477905273,29.622103568013955,29.545213040794,29.545213040794,171000
2025-07-02,29.49715805053711,29.58366012545599,29.49715805053711,29.58366012545599,54000
2025-07-03,29.333765029907227,29.362597832327932,29.333765029907227,29.333765029907227,105000
2025-07-04,29.15114974975586,29.199205643280155,29.15114974975586,29.17037284045151,214000
2025-07-07,29.276094436645508,29.276094436645508,29.1415364761855,29.160759565741134,133000
2025-07-08,29.016592025756836,29.064647919685964,28.968534298612862,29.064647919685964,152000
2025-07-09,28.939699172973633,28.9781435183886,28.939699172973633,28.94931071763105,104000
2025-07-10,29.31454086303711,29.362596754116847,29.29531777331932,29.29531777331932,171000
2025-07-11,29.32415199279785,29.391430972643015,29.31454044807501,29.391430972643015,169000
2025-07-14,29.016592025756836,29.045424828828374,28.997368934899246,28.997368934899246,107000
2025-07-15,29.093481063842773,29.122313865435554,29.093481063842773,29.11270415371446,164000
2025-07-16,29.074256896972656,29.074256896972656,29.006977918128722,29.02620100728833,105000
2025-07-17,29.064647674560547,29.083870765256012,29.064647674560547,29.083870765256012,105000
2025-07-18,29.285707473754883,29.285707473754883,29.218428490096496,29.218428490096496,110000
2025-07-21,29.333765029907227,29.333765029907227,29.276095758636206,29.276095758636206,68000
2025-07-22,29.439489364624023,29.439489364624023,29.362598833522352,29.362598833522352,115000
2025-07-23,29.420269012451172,29.45871336257807,29.410657466615717,29.449101816742616,236000
2025-07-24,29.372207641601562,29.410653820176687,29.372207641601562,29.410653820176687,16000
2025-07-25,29.583660125732422,29.5932716710807,29.458711869419616,29.458711869419616,157000
2025-07-28,29.73744010925293,29.756661366039413,29.65093803746208,29.65093803746208,146000
2025-07-29,29.85277557373047,29.86238711892134,29.737440697869594,29.737440697869594,136000
2025-07-30,30.19878387451172,30.19878387451172,30.141116436568357,30.189172329318694,121000
2025-07-31,30.342952728271484,30.362175818240864,30.198783219930657,30.198783219930657,122000
2025-08-01,30.266061782836914,30.40061974433126,30.266061782836914,30.40061974433126,170000
2025-08-04,30.314119338989258,30.342952140169736,30.285284704594055,30.29489624939246,181000
2025-08-05,30.63129425048828,30.66973859805609,30.63129425048828,30.64090396246913,171000
2025-08-06,30.688962936401367,30.70818602757437,30.679351390814865,30.679351390814865,84000
2025-08-07,30.506345748901367,30.64090371412028,30.45828985652741,30.64090371412028,241000
2025-08-08,30.602460861206055,30.602460861206055,30.467902889416575,30.564014678857703,224000
2025-08-11,30.506345748901367,30.535180384254616,30.49673420378362,30.535180384254616,148000
2025-08-12,30.554405212402344,30.554405212402344,30.506347484080113,30.506347484080113,131000
2025-08-13,30.62168312072754,30.62168312072754,30.50634641002978,30.50634641002978,182000
2025-08-14,30.765850067138672,30.82351933771942,30.74662881015987,30.81390962583741,139000
2025-08-15,30.794687271118164,30.804296983229683,30.756241089812782,30.756241089812782,184000
2025-08-18,30.6339168548584,30.643660689937658,30.585197679462098,30.585197679462098,104000
2025-08-19,30.507247924804688,30.585196744609707,30.507247924804688,30.585196744609707,153000
2025-08-20,30.731353759765625,30.78007107736943,30.68263458371528,30.68263458371528,109000
2025-08-21,31.033405303955078,31.033405303955078,30.828788480866617,30.828788480866617,180000
2025-08-22,31.052892684936523,31.091866167075512,31.043148849790146,31.062634661636377,124000
2025-08-25,31.091867446899414,31.101611282446875,31.043150127608712,31.043150127608712,107000
2025-08-26,30.95545768737793,31.052894185102353,30.945713851760825,31.013918842633935,213000
2025-08-27,31.10161018371582,31.10161018371582,31.052892866146163,31.052892866146163,113000
2025-08-28,31.1795597076416,31.1795597076416,31.082123211865905,31.11135471813259,184000
2025-08-29,31.169815063476562,31.218534239323613,31.169815063476562,31.218534239323613,169000
2025-09-01,30.98468589782715,31.00417356815696,30.98468589782715,30.98468589782715,102000
2025-09-02,30.994430541992188,31.023662048249893,30.994430541992188,31.023662048249893,101000
2025-09-03,30.89699363708496,30.94571281353596,30.89699363708496,30.94571281353596,113000
2025-09-04,31.286739349365234,31.325714690195234,31.247764008535235,31.325714690195234,126000
2025-09-05,31.53032875061035,31.6180214065182,31.52058305723561,31.6180214065182,109000
2025-09-08,31.695968627929688,31.705714321384033,31.666738981352662,31.705714321384033,105000
2025-09-09,31.76417350769043,31.90058719734136,31.76417350769043,31.90058719734136,187000
2025-09-10,31.57904624938965,31.686226575773713,31.54981660288236,31.63750925929723,114000
2025-09-11,31.84212303161621,31.851865007791147,31.725200733052702,31.725200733052702,73000
2025-09-12,31.978532791137695,31.978532791137695,31.949303145910413,31.978532791137695,113000
2025-09-15,31.95904541015625,31.968791103248428,31.95904541015625,31.95904541015625,101000
2025-09-16,31.9298152923584,31.93955726841361,31.920069599410375,31.93955726841361,113000
2025-09-17,31.890840530395508,31.890840530395508,31.812893569867438,31.812893569867438,105000
2025-09-18,31.871353149414062,31.851865479882502,31.832377810350938,31.842123503563176,110000
2025-09-19,31.666738510131836,31.70571384958323,31.64725084040614,31.70571384958323,107000
2025-09-22,31.725200653076172,31.73494262922655,31.676479621645747,31.676479621645747,103000
2025-09-23,31.637508392333984,31.71545535318178,31.598533053463644,31.71545535318178,110000
2025-09-24,31.832378387451172,31.842124080840094,31.773919094689564,31.773919094689564,134000
2025-09-25,31.783660888671875,31.79340658200483,31.783660888671875,31.79340658200483,102000
2025-09-26,31.77391815185547,31.81289349046867,31.77391815185547,31.81289349046867,110000
2025-09-30,32.03699493408203,32.03699493408203,31.968789952463418,32.03699493408203,144000
2025-10-01,31.949304580688477,31.959046557237453,31.89084157071563,31.9005872641576,148000
2025-10-02,31.978532791137695,31.988278484142008,31.978532791137695,31.988278484142008,127000
2025-10-03,32.05648422241211,32.06622619875298,32.05648422241211,32.06622619875298,101000
2025-10-07,31.9298152923584,31.93955726841361,31.881097978296722,31.93955726841361,223000
2025-10-08,32.11494827270508,32.12469396738288,32.0857186224586,32.09546060024294,110000
2025-10-09,32.11494827270508,32.17341129009151,32.11494827270508,32.17341129009151,175000
2025-10-13,32.309818267822266,32.309818267822266,32.212383631489956,32.24161327901102,108000
2025-10-14,32.5241813659668,32.533923343573015,32.417001027831375,32.417001027831375,104000
2025-10-15,32.582637786865234,32.650842774763376,32.56315011648104,32.650842774763376,187000
2025-10-16,32.67033004760742,32.68981771775449,32.65084237746036,32.6605880709804,154000
2025-10-17,32.865203857421875,32.87494955118663,32.73853585673187,32.73853585673187,109000
2025-10-20,32.611873626708984,32.65084525354294,32.582640260466825,32.65084525354294,125000
2025-10-21,32.87495040893555,32.87495040893555,32.835975066645844,32.835975066645844,115000
2025-10-22,33.04058837890625,33.07956371923847,33.02110070874014,33.04058837890625,112000
2025-10-23,33.108795166015625,33.147770508466756,33.09905318884946,33.09905318884946,169000
2025-10-27,32.88469314575195,32.95289813788797,32.874951168401076,32.9431561605371,187000
2025-10-28,33.030845642089844,33.050329594914515,33.01135797237223,33.050329594914515,158000
2025-10-29,32.97238540649414,32.97238540649414,32.904180415191725,32.904180415191725,129000
2025-10-30,32.8457145690918,32.8652022387684,32.75802191399356,32.77750958367016,177000
2025-10-31,32.592384338378906,32.631359680173176,32.592384338378906,32.631359680173176,152000
2025-11-03,32.50469207763672,32.543667419910435,32.47546242937804,32.543667419910435,160000
2025-11-04,32.40725326538086,32.49494592581465,32.39751128839629,32.49494592581465,146000
2025-11-05,32.553409576416016,32.66058990981274,32.553409576416016,32.59238491890451,138000
2025-11-06,32.309818267822266,32.32930593846735,32.309818267822266,32.309818267822266,113000
2025-11-07,32.50469207763672,32.51443405475854,32.446229064226145,32.446229064226145,125000
2025-11-10,32.25135803222656,32.32930872151725,32.25135803222656,32.32930872151725,127000
2025-11-11,32.41699981689453,32.41699981689453,32.378024474138776,32.39751214551665,114000
2025-11-12,32.6411018371582,32.6508438142139,32.61187218909791,32.61187218909791,189000
2025-11-13,32.67033004760742,32.68007574112747,32.63135842420632,32.63135842420632,125000
2025-11-14,32.44622802734375,32.47546139156144,32.41699838001916,32.47546139156144,148000
2025-11-17,32.26110076904297,32.446228063795175,31.98828081532538,32.446228063795175,144000
2025-11-18,32.470458984375,32.470458984375,32.41120496773382,32.43095630661421,156000
2025-11-19,32.42108154296875,32.430955328519815,32.42108154296875,32.42108154296875,108000
2025-11-20,32.470458984375,32.4902103232554,32.44083009246307,32.44083009246307,135000
2025-11-21,32.648216247558594,32.65809003309909,32.608713571031416,32.648216247558594,106000
2025-11-24,32.895103454589844,32.904977240469385,32.65809115447115,32.65809115447115,116000
2025-11-25,33.12223815917969,33.12223815917969,33.03335901764697,33.06298414243031,122000
2025-11-26,33.132110595703125,33.141988148350435,33.11235925759106,33.12223681023837,143000
2025-11-27,33.260494232177734,33.270368018183476,33.22099155378926,33.22099155378926,132000
2025-11-28,33.260494232177734,33.29999691056621,33.22099155378926,33.22099155378926,163000
2025-12-01,33.1617431640625,33.201242077484466,33.1617431640625,33.201242077484466,133000
2025-12-02,33.04323196411133,33.04323196411133,33.01360684008056,33.01360684008056,113000
2025-12-03,32.9642333984375,32.97410718495838,32.9642333984375,32.9642333984375,103000
2025-12-04,32.88522720336914,32.9148560965461,32.85560207737504,32.85560207737504,103000
2025-12-05,32.88522720336914,32.9148560965461,32.87535341709873,32.9148560965461,112000
2025-12-08,32.60871505737305,32.70746798600967,32.58896371820917,32.70746798600967,125000
2025-12-09,32.5593376159668,32.63833920306875,32.5494600630899,32.63833920306875,178000
2025-12-10,32.58896255493164,32.63833901748744,32.58896255493164,32.61858767902859,108000
2025-12-11,32.816097259521484,32.84572238358511,32.697592996084346,32.697592996084346,156000
2025-12-12,32.6580924987793,32.766722983839315,32.6580924987793,32.766722983839315,107000
2025-12-15,32.51983642578125,32.53958776525552,32.47045996068698,32.47045996068698,106000
2025-12-16,32.70746994018555,32.70746994018555,32.648219686336645,32.648219686336645,141000
2025-12-17,32.796348571777344,32.806226125385294,32.796348571777344,32.806226125385294,102000
2025-12-18,32.87535095214844,32.934601199694136,32.86547339943577,32.88522473767853,152000
2025-12-19,32.92472839355469,32.993856195869355,32.92472839355469,32.964231071215266,173000
2025-12-22,32.8556022644043,32.8556022644043,32.79634824489593,32.81609958473206,141000
2025-12-23,32.88522720336914,32.89510475682241,32.86547586364546,32.86547586364546,102000
2025-12-24,32.8556022644043,32.88522739056704,32.8556022644043,32.88522739056704,110000
2025-12-26,32.92472839355469,32.94447973238498,32.91485460773089,32.93460217937849,146000
2025-12-29,32.93460464477539,32.93460464477539,32.89510573134071,32.92473085821246,123000
2025-12-30,32.8556022644043,33.003731662400895,32.8556022644043,32.95435519640203,171000
2025-12-31,32.88522720336914,32.89510475682241,32.88522720336914,32.88522720336914,102000
2026-01-02,32.71734619140625,32.766722656708886,32.71734619140625,32.766722656708886,171000
2026-01-05,32.66796875,32.70746766075221,32.66796875,32.68771632178475,127000
2026-01-06,32.746971130371094,32.7963475953921,32.746971130371094,32.7963475953921,104000
2026-01-07,32.8556022644043,32.924730070239285,32.8556022644043,32.88522739056704,122000
2026-01-08,33.08273696899414,33.09261075530502,32.93460380405087,32.93460380405087,105000
2026-01-09,33.0531120300293,33.0531120300293,33.02348313656316,33.033360690112836,180000
2026-01-12,33.112361907958984,33.16174214078289,33.09261056826599,33.16174214078289,104000
2026-01-13,33.20124053955078,33.220991878938335,33.08273627040826,33.08273627040826,145000
2026-01-14,33.20124053955078,33.21111809283595,33.20124053955078,33.20124053955078,107000
2026-01-15,33.329620361328125,33.349371699530074,33.30986902312617,33.30986902312617,120000
2026-01-16,33.31974792480469,33.33949549662358,33.29011903271091,33.29999658580308,134000
2026-01-19,32.993858337402344,33.08273748431618,32.993858337402344,33.08273748431618,104000
2026-01-20,33.062984466552734,33.11236093073658,33.062984466552734,33.11236093073658,110000
2026-01-21,33.03335952758789,33.04323331360719,32.93460283148107,32.93460283148107,109000
2026-01-22,33.29999542236328,33.29999542236328,33.20123873080561,33.24074140742868,180000
2026-01-23,33.34937286376953,33.39874932740688,33.34937286376953,33.37899798851541,164000
2026-01-26,33.15186309814453,33.250616024990606,33.141989312332996,33.250616024990606,233000
2026-01-27,33.181488037109375,33.2506158389514,33.181488037109375,33.2506158389514,102000
2026-01-28,32.944480895996094,32.95435468216864,32.89510443076772,32.95435468216864,133000
2026-01-29,32.7667236328125,32.86547656635957,32.7667236328125,32.84572522621357,132000
2026-01-30,32.80622482299805,32.80622482299805,32.77659593053336,32.77659593053336,155000
2026-02-02,33.191368103027344,33.191368103027344,32.88522798084666,32.88522798084666,181000
2026-02-03,33.00373077392578,33.02348211323019,32.964231862499744,33.02348211323019,140000
2026-02-04,32.9642333984375,32.97410718495838,32.9444820582128,32.97410718495838,175000
2026-02-05,33.04323196411133,33.053109516909984,32.9839817160498,32.9839817160498,196000
2026-02-06,33.24074172973633,33.29999574524547,33.24074172973633,33.27036685389958,155000
2026-02-09,33.17161560058594,33.220992065741065,33.14199047492942,33.17161560058594,168000
2026-02-10,33.181488037109375,33.20123937580462,33.15186291265784,33.15186291265784,164000
2026-02-11,33.260494232177734,33.319748249760444,33.260494232177734,33.319748249760444,216000
2026-02-23,33.54688262939453,33.61601043221987,33.42837459553733,33.42837459553733,147000
2026-02-24,33.54688262939453,33.576507754267475,33.51725373733887,33.51725373733887,141000
2026-02-25,33.378997802734375,33.5468822987862,33.378997802734375,33.5468822987862,128000
2026-02-26,33.310001373291016,33.369998931884766,33.290000915527344,33.369998931884766,139000
2026-03-02,33.439998626708984,33.439998626708984,33.310001373291016,33.36000061035156,136000
2026-03-03,33.400001525878906,33.41999816894531,33.349998474121094,33.349998474121094,165000
2026-03-04,33.529998779296875,33.61000061035156,33.5,33.61000061035156,242000
2026-03-05,33.36000061035156,33.41999816894531,33.369998931884766,33.38999938964844,105000
2026-03-06,33.31999969482422,33.439998626708984,33.31999969482422,33.41999816894531,178000
2026-03-09,33.13999938964844,33.15999984741211,33.099998474121094,33.11000061035156,157000
2026-03-10,33.54999923706055,33.59000015258789,33.52000045776367,33.59000015258789,227000
2026-03-11,33.15999984741211,33.22999954223633,33.15999984741211,33.20000076293945,177000
2026-03-12,32.72999954223633,32.7400016784668,32.63999938964844,32.72999954223633,135000
2026-03-13,32.709999084472656,32.72999954223633,32.689998626708984,32.72999954223633,125000
2026-03-16,32.79999923706055,32.810001373291016,32.79999923706055,32.79999923706055,101000
2026-03-17,32.689998626708984,32.7599983215332,32.68000030517578,32.7599983215332,137000
2026-03-18,33.06999969482422,33.09000015258789,32.9900016784668,33.0,165179
