Price,Close,High,Low,Open,Volume
Ticker,00764B.TWO,00764B.TWO,00764B.TWO,00764B.TWO,00764B.TWO
Date,,,,,
2021-03-18,34.0374641418457,34.17253331620608,33.986811993846885,34.16409290169118,136000
2021-03-19,34.33293533325195,34.392031130490935,34.14721718587201,34.14721718587201,104000
2021-03-22,34.6874885559082,34.6874885559082,34.48488316665776,34.48488316665776,115000
2021-03-23,34.76346969604492,34.79723780202947,34.527099394760754,34.59463238642602,195000
2021-03-24,35.303749084472656,35.3206331386959,35.16867987099081,35.16867987099081,120000
2021-03-25,35.15178298950195,35.23620322981229,35.126458527560295,35.23620322981229,120000
2021-03-26,35.09269714355469,35.09269714355469,35.016720522894914,35.07581309226324,105000
2021-03-29,34.949188232421875,34.97451269971046,34.89009566187947,34.97451269971046,169000
2021-03-30,34.31604766845703,34.594626444219394,34.31604766845703,34.594626444219394,108000
2021-03-31,34.57774353027344,34.61151163156729,34.57774353027344,34.60307121639552,102000
2021-04-01,34.72969436645508,34.72969436645508,34.47644006485429,34.47644006485429,101000
2021-04-07,35.02516174316406,35.05892662311484,34.99983405782187,35.02516174316406,111000
2021-04-08,34.89008712768555,34.89008712768555,34.80566689020037,34.81411052410028,353000
2021-04-09,35.10958480834961,35.194001853191615,35.10958480834961,35.15179333077061,106000
2021-04-12,35.16867446899414,35.20244257225375,35.11802231410472,35.12646595007141,120000
2021-04-13,34.93229293823242,34.99982590270178,34.93229293823242,34.99138548975656,105000
2021-04-14,35.28685760498047,35.37971827351596,35.28685760498047,35.354393807662056,121000
2021-04-15,35.1855583190918,35.219326422158,35.16023385194392,35.202442370624894,118000
2021-04-16,35.455692291259766,35.60764551584656,35.40504014296312,35.60764551584656,216000
2021-04-19,35.371280670166016,35.51479028181758,35.371280670166016,35.4810221777924,119000
2021-04-20,34.83100891113281,35.067382474954805,34.83100891113281,35.067382474954805,117000
2021-04-21,35.10114669799805,35.10114669799805,35.10114669799805,35.10114669799805,100000
2021-04-22,35.4050407409668,35.4050407409668,35.329064127390126,35.329064127390126,102000
2021-04-23,35.32906723022461,35.32906723022461,35.32906723022461,35.32906723022461,100000
2021-04-26,35.04204559326172,35.25309140758475,35.03360517762236,35.25309140758475,115000
2021-04-27,34.95762252807617,35.01671508827328,34.95762252807617,34.991390625418234,127000
2021-04-28,34.56086349487305,34.569307131329175,34.52709860995981,34.52709860995981,107000
2021-04-29,34.5861930847168,34.603077138253205,34.5861930847168,34.603077138253205,103000
2021-05-03,34.73815155029297,34.73815155029297,34.72126749422719,34.72126749422719,106000
2021-05-04,34.73815155029297,34.7803600803052,34.73815155029297,34.7803600803052,105000
2021-05-05,34.864768981933594,34.957629658413644,34.864768981933594,34.957629658413644,112000
2021-05-06,34.99139404296875,35.050486608937334,34.97450999264868,34.99139404296875,139000
2021-05-07,35.075801849365234,35.126453987003984,35.025152932028966,35.025152932028966,103000
2021-05-10,34.5355339050293,35.03360211206109,34.47644133981394,35.03360211206109,149000
2021-05-11,34.5355339050293,34.56085837003494,34.501765804819584,34.501765804819584,105000
2021-05-12,34.44267272949219,34.535533393541954,34.400464215006814,34.400464215006814,141000
2021-05-13,33.95305252075195,33.99526104065226,33.88551631266855,33.88551631266855,190000
2021-05-14,34.02058029174805,34.06278880517601,33.95304731432393,33.95304731432393,107000
2021-05-17,34.48487854003906,34.51864663710092,34.48487854003906,34.51864663710092,105000
2021-05-18,34.14720153808594,34.189410042225724,34.14720153808594,34.15564195079292,153000
2021-05-19,34.06278991699219,34.0796739669751,34.06278991699219,34.06278991699219,102000
2021-05-20,34.14720153808594,34.14720153808594,34.08810898822974,34.08810898822974,104000
2021-05-21,34.41735076904297,34.41735076904297,34.33293051362663,34.33293051362663,104000
2021-05-24,34.375144958496094,34.375144958496094,34.375144958496094,34.375144958496094,101000
2021-05-25,34.45111083984375,34.49331934756039,34.45111083984375,34.49331934756039,105000
2021-05-26,34.6959342956543,34.94919187615856,34.67905346257099,34.763470509203145,218000
2021-05-27,34.65372085571289,34.65372085571289,34.65372085571289,34.65372085571289,100000
2021-05-28,34.40046310424805,34.40046310424805,34.38357905493842,34.38357905493842,101000
2021-05-31,34.307613372802734,34.400474063437365,34.307613372802734,34.400474063437365,118000
2021-06-01,34.206295013427734,34.30759607016452,34.14720246197273,34.30759607016452,104000
2021-06-02,34.32448959350586,34.32448959350586,34.25695661046931,34.25695661046931,191000
2021-06-03,34.42579650878906,34.442680562483645,34.38358798470458,34.39203162170386,165000
2021-06-04,34.31604766845703,34.32448808335147,34.29916361836487,34.29916361836487,219000
2021-06-07,34.6959342956543,34.6959342956543,34.62840130240936,34.62840130240936,112000
2021-06-08,34.73815155029297,34.755032386054324,34.73815155029297,34.755032386054324,103000
2021-06-09,35.033599853515625,35.033599853515625,34.97450729210984,34.97450729210984,116000
2021-06-10,35.33751678466797,35.33751678466797,35.30374867661161,35.30374867661161,102000
2021-06-11,35.33751678466797,35.41349341764276,35.33751678466797,35.379725309586405,155000
2021-06-15,35.21087646484375,35.21087646484375,35.13489985673663,35.13489985673663,183000
2021-06-16,34.949188232421875,35.05892973754145,34.949188232421875,35.05892973754145,104000
2021-06-17,35.08578872680664,35.128216697167225,35.08578872680664,35.128216697167225,101000
2021-06-18,35.934295654296875,35.934295654296875,35.790050915603366,35.790050915603366,109000
2021-06-21,37.27494430541992,37.33433958672753,36.57068134591535,36.57068134591535,134000
2021-06-22,36.00218963623047,36.00218963623047,35.925823797497166,35.95976488955657,162000
2021-06-23,36.08702850341797,36.18885174961336,36.070057962385405,36.070057962385405,139000
2021-06-24,36.08702850341797,36.09551539233412,36.08702850341797,36.09551539233412,103000
2021-06-25,36.04460906982422,36.120974897300975,36.04460906982422,36.120974897300975,101000
2021-06-28,35.594905853271484,35.68824223701538,35.55248110706081,35.60338950779336,109000
2021-06-29,36.019168853759766,36.05310995399037,36.019168853759766,36.05310995399037,107000
2021-06-30,36.09552001953125,36.13794475915135,36.09552001953125,36.13794475915135,102000
2021-07-01,36.11248779296875,36.15491252933494,36.11248779296875,36.15491252933494,101000
2021-07-02,36.40098190307617,36.40098190307617,36.256733909837116,36.256733909837116,153000
2021-07-05,36.545230865478516,36.545230865478516,36.545230865478516,36.545230865478516,100000
2021-07-06,36.341590881347656,36.443410911754306,36.341590881347656,36.443410911754306,107000
2021-07-07,36.994937896728516,37.00342478713289,36.859176781461265,36.859176781461265,124000
2021-07-08,37.59737777709961,37.65677305782678,37.461616673037504,37.461616673037504,286000
2021-07-09,37.32585525512695,37.53798218074036,37.32585525512695,37.53798218074036,115000
2021-07-12,37.19858169555664,37.19858169555664,37.07130423215692,37.07130423215692,103000
2021-07-13,36.935543060302734,37.028879435084164,36.935543060302734,37.028879435084164,103000
2021-07-14,36.740379333496094,36.79977460800846,36.740379333496094,36.79977460800846,102000
2021-07-15,37.156158447265625,37.24100793507668,37.1137337033601,37.20706684523207,197000
2021-07-16,37.3004035949707,37.43616471889924,37.3004035949707,37.43616471889924,108000
2021-07-19,37.682228088378906,37.69071174147077,37.631316459427396,37.631316459427396,157000
2021-07-20,38.44588851928711,38.44588851928711,38.26769942625007,38.26769942625007,124000
2021-07-21,38.030113220214844,38.030113220214844,37.92829320689589,37.945263748582356,111000
2021-07-22,37.50404357910156,37.54646831967335,37.46161883852977,37.54646831967335,104000
2021-07-23,37.63131332397461,37.63131332397461,37.56343439449507,37.56343439449507,101000
2021-07-26,37.8349609375,37.84344459086073,37.74162456653094,37.750111456691876,110000
2021-07-27,37.54646682739258,37.54646682739258,37.461617349621335,37.537983174335494,105000
2021-07-28,37.82646942138672,37.82646942138672,37.68222144983658,37.68222144983658,111000
2021-07-29,37.724666595458984,37.79254879216867,37.724666595458984,37.76709135000189,113000
2021-07-30,37.63131332397461,37.63131332397461,37.58040493606491,37.63131332397461,109000
2021-08-02,37.648292541503906,37.69071728680528,37.6228383416832,37.639808887163866,112000
2021-08-03,38.055572509765625,38.055572509765625,37.91132774131689,37.91132774131689,115000
2021-08-04,37.91980743408203,38.038601229384824,37.91980743408203,38.038601229384824,103000
2021-08-05,37.87738800048828,37.928299634175104,37.84344691136373,37.928299634175104,103000
2021-08-06,37.65678405761719,37.7161793556941,37.62284296248723,37.70769246351112,112000
2021-08-09,37.10524368286133,37.2070637070067,37.062818942534115,37.13069787969762,126000
2021-08-10,36.9864501953125,37.05432912711727,36.95250911101014,36.95250911101014,115000
2021-08-11,36.66401672363281,36.70644146102225,36.66401672363281,36.70644146102225,156000
2021-08-12,36.68947982788086,36.68947982788086,36.672509282941355,36.68947982788086,105000
2021-08-13,36.706451416015625,36.706451416015625,36.67251355897993,36.697967760956914,157000
2021-08-16,37.38525390625,37.461619735828464,37.274946988681045,37.33434227426426,140000
2021-08-17,37.461612701416016,37.461612701416016,37.33433526375153,37.33433526375153,112000
2021-08-18,37.3004035949707,37.30889048591653,37.3004035949707,37.30889048591653,101000
2021-08-19,37.55495071411133,37.55495071411133,37.37676486760301,37.410705953642726,109000
2021-08-20,37.99618148803711,38.00466837936897,37.877390903796275,37.877390903796275,167000
2021-08-23,37.8349609375,37.8349609375,37.79253619709594,37.79253619709594,101000
2021-08-24,37.7161750793457,37.73314562498652,37.68223398806408,37.73314562498652,105000
2021-08-25,37.51251983642578,37.51251983642578,37.48706564446137,37.50403618470417,109000
2021-08-26,37.181617736816406,37.181617736816406,37.09676823738853,37.156163534348224,175000
2021-08-27,37.359798431396484,37.410710066052566,37.35131477735404,37.410710066052566,258000
2021-08-30,37.461612701416016,37.495550546233474,37.42767161979886,37.495550546233474,118000
2021-08-31,37.53797912597656,37.66525332890728,37.53797912597656,37.66525332890728,126000
2021-09-01,37.16463088989258,37.23251304910383,37.122206158785296,37.23251304910383,215000
2021-09-02,37.22402572631836,37.22402572631836,37.164630456101534,37.164630456101534,136000
2021-09-03,37.33434295654297,37.33434295654297,37.325859302790455,37.325859302790455,101000
2021-09-06,36.927059173583984,36.98645445956096,36.90160497582252,36.952513371345454,111000
2021-09-07,36.82522964477539,36.859167487434554,36.82522964477539,36.859167487434554,101000
2021-09-08,36.740379333496094,36.79129095599228,36.740379333496094,36.757349874328156,184000
2021-09-09,36.97796630859375,36.97796630859375,36.91008414041867,36.91008414041867,105000
2021-09-10,37.232513427734375,37.35978762235052,37.232513427734375,37.35978762235052,103000
2021-09-13,37.207061767578125,37.207061767578125,37.1731239191655,37.1731239191655,104000
2021-09-14,37.26646041870117,37.26646041870117,37.25797676503076,37.26646041870117,114000
2021-09-15,37.63131332397461,37.63131332397461,37.6143460192046,37.63131332397461,103000
2021-09-16,37.606590270996094,37.63217519839846,37.598064130535626,37.63217519839846,105000
2021-09-17,37.52131652832031,37.53837206255809,37.52131652832031,37.53837206255809,105000
2021-09-22,37.79419708251953,37.79419708251953,37.68333774084271,37.68333774084271,174000
2021-09-23,38.12677001953125,38.12677001953125,37.99032901057672,38.04149560881351,505000
2021-09-24,37.018184661865234,37.18020733575919,37.00965852240138,37.18020733575919,106000
2021-09-27,36.839111328125,36.85616686231845,36.74530751656629,36.74530751656629,185000
2021-09-28,36.625919342041016,36.779415885505564,36.625919342041016,36.779415885505564,128000
2021-09-29,36.31039810180664,36.33597977329551,36.148372174350136,36.148372174350136,194000
2021-09-30,36.49799728393555,36.54916387268426,36.49799728393555,36.54916387268426,105000
2021-10-01,36.66855239868164,36.66855239868164,36.62591519765725,36.62591519765725,101000
2021-10-04,36.625919342041016,36.685612080831646,36.625919342041016,36.685612080831646,103000
2021-10-05,36.63444137573242,36.71971903088208,36.63444137573242,36.63444137573242,108000
2021-10-06,36.03750991821289,36.1483692406846,36.02045764061094,36.080150371247285,192000
2021-10-07,36.40420150756836,36.40420150756836,36.40420150756836,36.40420150756836,107000
2021-10-08,36.080162048339844,36.11426986759234,36.05457711763685,36.05457711763685,109000
2021-10-12,36.08868408203125,36.10573961622156,36.037517479460305,36.037517479460305,103000
2021-10-13,36.65149688720703,36.65149688720703,36.59180415513908,36.59180415513908,103000
2021-10-14,36.92437744140625,36.92437744140625,36.92437744140625,36.92437744140625,100000
2021-10-15,37.018184661865234,37.018184661865234,37.018184661865234,37.018184661865234,100000
2021-10-18,36.72825241088867,36.813526829840306,36.69414134210379,36.813526829840306,127000
2021-10-19,36.958492279052734,37.043766686544885,36.958492279052734,37.043766686544885,144000
2021-10-20,36.259239196777344,36.26776533807875,36.19954644863512,36.19954644863512,181000
2021-10-21,35.994873046875,36.01192857764253,35.90106925415851,35.94370970758227,115000
2021-10-22,36.03750991821289,36.04603931002371,36.02045764061094,36.02045764061094,143000
2021-10-25,36.35304260253906,36.60886912781091,36.318931531699945,36.60886912781091,105000
2021-10-26,36.20806884765625,36.26776158962894,36.20806884765625,36.26776158962894,104000
2021-10-27,36.4724235534668,36.489479086761456,36.45536802017214,36.45536802017214,111000
2021-10-28,37.22285461425781,37.22285461425781,37.120521403875536,37.120521403875536,122000
2021-10-29,36.992610931396484,37.171689175669655,36.967026001492606,37.171689175669655,123000
2021-11-01,37.393394470214844,37.393394470214844,37.16315293472712,37.16315293472712,109000
2021-11-02,37.14609909057617,37.14609909057617,37.01818422904332,37.13756969820195,113000
2021-11-03,37.359283447265625,37.359283447265625,37.16314973756921,37.16314973756921,105000
2021-11-04,36.7111930847168,36.7111930847168,36.63444481438318,36.660029739834535,103000
2021-11-05,37.197265625,37.197265625,37.052298472297934,37.052298472297934,103000
2021-11-08,37.700382232666016,37.85387873679752,37.615107842819384,37.615107842819384,117000
2021-11-09,37.85389709472656,37.85389709472656,37.74303773175513,37.74303773175513,111000
2021-11-10,38.0926513671875,38.0926513671875,38.0926513671875,38.0926513671875,100000
2021-11-11,37.623634338378906,37.623634338378906,37.512778281125996,37.512778281125996,104000
2021-11-12,37.65774917602539,37.65774917602539,37.65774917602539,37.65774917602539,100000
2021-11-15,37.37635040283203,37.37635040283203,37.32518379870045,37.3337099395504,102000
2021-11-16,36.915855407714844,36.915855407714844,36.856162671330814,36.90732601508275,127000
2021-11-17,36.64297103881836,36.91585303129606,36.64297103881836,36.91585303129606,126000
2021-11-18,36.992610931396484,37.026718749583665,36.992610931396484,37.026718749583665,101000
2021-11-19,37.001136779785156,37.094940598331625,36.941444032166636,37.094940598331625,102000
2021-11-22,37.47867202758789,37.47867202758789,37.47867202758789,37.47867202758789,100000
2021-11-23,37.043766021728516,37.129043680700335,37.00965821114986,37.129043680700335,118000
2021-11-24,36.8988037109375,36.8988037109375,36.753833298214246,36.753833298214246,106000
2021-11-25,37.06935501098633,37.06935501098633,37.01818840999226,37.01818840999226,101000
2021-11-26,37.700382232666016,37.70891162345635,37.436029672335785,37.436029672335785,105000
2021-11-29,37.9221076965332,37.956215506823106,37.9221076965332,37.956215506823106,102000
2021-11-30,37.97328186035156,37.97328186035156,37.69187364045457,37.81978528476739,111000
2021-12-01,38.22909927368164,38.22909927368164,37.53836490726209,37.63216870118437,344000
2021-12-02,38.49345397949219,38.612839449927634,38.49345397949219,38.604313310472286,108000
2021-12-03,38.67252731323242,38.7236939025489,38.67252731323242,38.7236939025489,102000
2021-12-06,39.04775619506836,39.107448943759664,39.04775619506836,39.107448943759664,103000
2021-12-07,38.53609085083008,38.53609085083008,38.53609085083008,38.53609085083008,100000
2021-12-08,38.39965057373047,38.39965057373047,38.39965057373047,38.39965057373047,101000
2021-12-09,37.65774917602539,37.65774917602539,37.495726516308025,37.51278204675351,107000
2021-12-10,37.74302673339844,37.74302673339844,37.70891892266331,37.70891892266331,107000
2021-12-13,37.615116119384766,37.615116119384766,37.598060587060765,37.598060587060765,101000
2021-12-14,38.37407684326172,38.45935126837576,38.32291023638682,38.32291023638682,106000
2021-12-15,38.26321029663086,38.28879522176502,38.26321029663086,38.28879522176502,101000
2021-12-16,37.974464416503906,37.974464416503906,37.8973500749998,37.8973500749998,102000
2021-12-17,38.03443908691406,38.03443908691406,38.03443908691406,38.03443908691406,108000
2021-12-20,38.565673828125,38.565673828125,38.41144840708825,38.41144840708825,103000
2021-12-21,38.04300308227539,38.04300308227539,38.04300308227539,38.04300308227539,100000
2021-12-22,37.83737564086914,37.83737564086914,37.803101871122394,37.803101871122394,101000
2021-12-23,37.9830322265625,38.025872798503194,37.9830322265625,38.025872798503194,101000
2021-12-24,37.6317253112793,37.700272830773,37.6317253112793,37.700272830773,103000
2021-12-27,37.6317253112793,37.66599907102615,37.52890730056436,37.52890730056436,130000
2021-12-28,37.68313980102539,37.68313980102539,37.67457299447621,37.67457299447621,101000
2021-12-29,37.554622650146484,37.683144375140365,37.52891569032662,37.683144375140365,114000
2021-12-30,37.031951904296875,37.07479247092765,37.01481502393942,37.07479247092765,110000
2022-01-03,37.43465805053711,37.50320557361069,37.43465805053711,37.50320557361069,102000
2022-01-04,36.46644973754883,36.52642718751557,36.45787966268164,36.52642718751557,111000
2022-01-05,36.226539611816406,36.260813377017406,36.166562156977726,36.166562156977726,107000
2022-01-06,35.84096908569336,36.10658257906764,35.84096908569336,36.02946824616279,118000
2022-01-07,36.16655731201172,36.16655731201172,36.08087617901344,36.08087617901344,107000
2022-01-10,35.8238410949707,35.8238410949707,35.79813413193842,35.8238410949707,105000
2022-01-11,36.123722076416016,36.123722076416016,36.10658519358226,36.10658519358226,103000
2022-01-12,36.20083236694336,36.26080981589173,36.20083236694336,36.26080981589173,101000
2022-01-13,36.132286071777344,36.132286071777344,35.95235371881449,36.01233116980211,104000
2022-01-14,36.26081466674805,36.26081466674805,36.26081466674805,36.26081466674805,100000
2022-01-17,35.515380859375,35.669609551183314,35.515380859375,35.669609551183314,108000
2022-01-18,35.48967361450195,35.49824369093748,35.403992461305606,35.47253999868387,107000
2022-01-19,35.301170349121094,35.30973715604131,35.22405601273472,35.22405601273472,138000
2022-01-20,35.515380859375,35.52394766735257,35.515380859375,35.515380859375,104000
2022-01-21,36.05517578125,36.05517578125,35.60105658306891,35.60105658306891,121000
2022-01-24,36.157989501953125,36.21796694709139,36.157989501953125,36.21796694709139,106000
2022-01-25,36.08944320678711,36.08944320678711,35.986625192851875,35.986625192851875,106000
2022-01-26,36.020896911621094,36.020896911621094,35.94378258840991,35.94378258840991,104000
2022-02-07,35.5582160949707,35.5582160949707,35.45539807205205,35.48966856734092,109000
2022-02-08,35.249752044677734,35.318299559253234,35.241185239618495,35.318299559253234,107000
2022-02-09,35.23261260986328,35.23261260986328,35.23261260986328,35.23261260986328,100000
2022-02-10,35.30973434448242,35.30973434448242,35.23262001423633,35.23262001423633,102000
2022-02-11,34.744232177734375,34.82991658726291,34.70139160723312,34.82991658726291,109000
2022-02-14,34.924163818359375,34.9927113445757,34.889893323777166,34.9927113445757,114000
2022-02-15,34.84705352783203,34.84705352783203,34.84705352783203,34.84705352783203,100000
2022-02-16,34.32439041137695,34.34152729348261,34.272979765059986,34.32439041137695,132000
2022-02-17,34.59857940673828,34.66712367737004,34.35866628821069,34.35866628821069,112000
2022-02-18,34.6242790222168,34.6242790222168,34.615712215094135,34.615712215094135,102000
2022-02-21,35.08696365356445,35.1298042245233,35.026986200516866,35.1041005356532,112000
2022-02-22,35.48967361450195,35.48967361450195,35.31831130810926,35.31831130810926,110000
2022-02-23,35.215484619140625,35.215484619140625,35.19835100594152,35.215484619140625,102000
2022-02-24,35.52394485473633,35.58392231141011,34.91560021217299,35.00128135927089,240000
2022-02-25,35.14693832397461,35.14693832397461,35.10409775640752,35.12980144324261,102000
2022-03-01,35.72100830078125,35.72957837521357,35.72100830078125,35.72957837521357,105000
2022-03-02,36.20939636230469,36.20939636230469,36.10657835330693,36.10657835330693,113000
2022-03-03,35.34400939941406,35.50680487209959,35.284031947975926,35.50680487209959,105000
2022-03-04,35.89237594604492,35.91807963380177,35.85810218335186,35.91807963380177,109000
2022-03-07,36.397911071777344,36.52643607786033,36.34650041563881,36.355070492591906,168000
2022-03-08,36.10658264160156,36.440743661925985,35.98662773876982,36.440743661925985,109000
2022-03-09,35.935218811035156,36.02090322324216,35.935218811035156,36.02090322324216,102000
2022-03-10,35.215484619140625,35.215484619140625,35.129803479041165,35.18121412421643,108000
2022-03-11,34.95843505859375,35.02698257986315,34.889890805850065,34.89845761174588,103000
2022-03-14,34.924163818359375,35.10409944041425,34.924163818359375,35.10409944041425,101000
2022-03-15,34.42720413208008,34.42720413208008,34.3586566122259,34.3586566122259,102000
2022-03-16,34.46854782104492,34.62357903183418,34.32212799506213,34.62357903183418,104000
2022-03-17,34.77861785888672,34.77861785888672,34.77861785888672,34.77861785888672,100000
2022-03-18,34.14987564086914,34.27906613232283,34.1326495849018,34.27906613232283,106000
2022-03-21,34.649417877197266,34.649417877197266,34.1498753998076,34.1498753998076,104000
2022-03-22,33.83980941772461,33.93455107217591,33.71923032498072,33.93455107217591,135000
2022-03-23,33.34026336669922,33.49529456593926,33.31442592867049,33.49529456593926,106000
2022-03-24,34.20155334472656,34.20155334472656,34.02929605637688,34.02929605637688,108000
2022-03-25,34.080970764160156,34.080970764160156,34.080970764160156,34.080970764160156,100000
2022-03-28,33.572818756103516,34.046523859199304,33.572818756103516,34.046523859199304,105000
2022-03-29,34.0895881652832,34.2532307786445,34.02068393721459,34.2532307786445,103000
2022-03-30,34.50300216674805,34.50300216674805,34.36519700217758,34.36519700217758,103000
2022-03-31,34.52022933959961,34.52022933959961,34.52022933959961,34.52022933959961,101000
2022-04-01,34.40826416015625,34.40826416015625,34.313522483398486,34.313522483398486,101000
2022-04-06,33.5641975402832,33.87425992729804,33.53835681767616,33.87425992729804,108000
2022-04-07,33.71062088012695,33.71062088012695,33.71062088012695,33.71062088012695,100000
2022-04-08,33.486690521240234,33.546980080210496,33.383334175404464,33.383334175404464,106000
2022-04-11,32.96991729736328,33.030206853862516,32.909627740864046,33.01298408246366,108000
2022-04-12,32.53927230834961,32.616787913629494,32.358403657874575,32.358403657874575,133000
2022-04-13,32.41007614135742,32.616782195509636,32.38423542043827,32.513429168433525,110000
2022-04-14,32.67708206176758,32.694308119312986,32.530665500933395,32.530665500933395,104000
2022-04-15,32.06556701660156,32.15169729146984,32.06556701660156,32.06556701660156,103000
2022-04-18,32.10001754760742,32.10001754760742,31.824407252653785,31.944986346004264,168000
2022-04-19,32.10001754760742,32.143081040156325,32.10001754760742,32.10001754760742,135000
2022-04-20,31.69521713256836,31.781347413099986,31.574638025358336,31.669379691175997,108000
2022-04-21,32.323951721191406,32.323951721191406,32.289502896297435,32.289502896297435,102000
2022-04-22,31.970829010009766,31.970829010009766,31.970829010009766,31.970829010009766,100000
2022-04-25,32.16891860961914,32.43591752136417,32.16891860961914,32.27227493479818,107000
2022-04-26,32.30672836303711,32.58234198393654,32.30672836303711,32.58234198393654,104000
2022-04-27,32.74597930908203,32.74597930908203,32.74597930908203,32.74597930908203,100000
2022-04-28,32.54787826538086,32.54787826538086,32.38423242830244,32.38423242830244,102000
2022-04-29,32.470375061035156,32.63401767497343,32.470375061035156,32.63401767497343,101000
2022-05-03,31.807180404663086,31.89330738761128,31.652149206929302,31.89330738761128,105000
2022-05-04,31.901927947998047,31.901927947998047,31.901927947998047,31.901927947998047,100000
2022-05-05,31.71244239807129,31.71244239807129,31.71244239807129,31.71244239807129,100000
2022-05-06,31.126773834228516,31.161225950216608,31.08371033201071,31.109547776234468,116000
2022-05-09,30.696130752563477,30.765034981198575,30.661678638245924,30.765034981198575,116000
2022-05-10,31.00618553161621,31.47127910311853,31.00618553161621,31.47127910311853,102000
2022-05-11,31.316253662109375,31.333479718164696,31.22151199657223,31.264575493943408,106000
2022-05-12,31.95359992980957,31.95359992980957,31.919151104719507,31.919151104719507,101000
2022-05-13,31.867475509643555,32.04834417671058,31.867475509643555,32.04834417671058,103000
2022-05-16,31.729663848876953,31.729663848876953,31.479891006112652,31.548795218820196,104000
2022-05-17,31.247350692749023,31.247350692749023,31.247350692749023,31.247350692749023,100000
2022-05-18,30.911453247070312,30.997583537624184,30.911453247070312,30.920067918893018,112000
2022-05-19,31.488502502441406,31.764112754431554,31.488502502441406,31.764112754431554,102000
2022-05-20,31.7554931640625,31.7554931640625,31.7554931640625,31.7554931640625,100000
2022-05-23,31.944982528686523,32.00527206815737,31.807177397676952,32.00527206815737,104000
2022-05-24,31.6607666015625,31.6607666015625,31.6607666015625,31.6607666015625,100000
2022-05-25,32.03973388671875,32.03973388671875,32.00528177213713,32.00528177213713,102000
2022-05-26,32.05696105957031,32.07418711746058,31.970830770118983,32.07418711746058,102000
2022-05-27,31.8157958984375,31.8157958984375,31.8157958984375,31.8157958984375,100000
2022-05-30,31.53158187866211,31.901933957450826,31.53158187866211,31.901933957450826,103000
2022-05-31,31.161226272583008,31.178452330755256,31.161226272583008,31.169837658901805,103000
2022-06-01,31.10954475402832,31.11815942495576,31.10954475402832,31.11815942495576,102000
2022-06-02,31.30764389038086,31.30764389038086,31.230128268769274,31.230128268769274,101000
2022-06-06,31.152606964111328,31.195673745899406,31.126769523465807,31.187059075328126,103000
2022-06-07,30.661672592163086,30.721962137563256,30.661672592163086,30.721962137563256,101000
2022-06-08,30.963123321533203,30.963123321533203,30.963123321533203,30.963123321533203,100000
2022-06-09,30.773637771606445,31.006184549995435,30.773637771606445,31.006184549995435,101000
2022-06-10,30.902841567993164,30.902841567993164,30.902841567993164,30.902841567993164,100000
2022-06-13,30.816709518432617,30.816709518432617,30.79087207575405,30.79087207575405,101000
2022-06-14,30.05878448486328,30.144911489189976,30.058784484863278,30.144911489189976,107000
2022-06-15,29.636749267578125,29.765943037759488,29.59368577269569,29.59368577269569,106000
2022-06-16,30.032941818237305,30.0329418182373,29.9382001482673,30.0329418182373,106000
2022-06-17,30.325096130371094,30.325096130371097,30.325096130371097,30.325096130371097,100000
2022-06-20,30.351097106933594,30.455130674178008,30.342429296527733,30.455130674178008,116000
2022-06-21,30.047679901123047,30.082357763523763,30.030340969922687,30.065018832323407,104000
2022-06-22,30.160385131835938,30.160385131835938,30.160385131835938,30.160385131835938,100000
2022-06-23,30.7325496673584,30.897264536368166,30.7325496673584,30.897264536368166,104000
2022-06-24,30.94060707092285,30.94060707092285,30.94060707092285,30.94060707092285,101000
2022-06-27,30.21239471435547,30.62852244803851,30.21239471435547,30.62852244803851,114000
2022-06-28,30.316425323486328,30.316425323486328,30.316425323486328,30.316425323486328,101000
2022-06-29,30.429126739501953,30.429126739501953,30.38578106464343,30.38578106464343,104000
2022-06-30,30.853923797607422,30.888601662013823,30.819245933201024,30.888601662013823,103000
2022-07-01,31.356733322143555,31.356733322143555,31.070649265754515,31.087988194484534,106000
2022-07-04,31.53013038635254,31.6514996230658,31.53013038635254,31.642831809184997,104000
2022-07-05,31.252704620361328,31.252704620361328,31.10532867937689,31.122667608974353,104000
2022-07-06,31.902904510498047,32.05028378123679,31.876897765628993,32.05028378123679,109000
2022-07-07,31.56479835510254,31.573466166264517,31.50411375578079,31.50411375578079,111000
2022-07-08,31.1920166015625,31.1920166015625,31.087986342442413,31.087986342442413,106000
2022-07-11,30.758554458618164,30.784561197586598,30.741215530285068,30.784561197586598,135000
2022-07-12,31.330726623535156,31.46076693564903,31.330726623535156,31.382743409793207,105000
2022-07-13,31.330726623535156,31.356733363132925,31.252703097679333,31.356733363132925,102000
2022-07-14,31.625484466552734,31.625484466552734,31.608145536337105,31.608145536337105,101000
2022-07-15,31.824880599975586,31.824880599975586,31.76419599127567,31.76419599127567,101000
2022-07-18,31.963581085205078,32.03293679683951,31.963581085205078,32.03293679683951,104000
2022-07-19,31.57346534729004,31.599475394226573,31.54745860741605,31.599475394226573,102000
2022-07-20,31.296062469482422,31.3220725275316,31.296062469482422,31.3220725275316,103000
2022-07-21,31.52145767211914,31.52145767211914,31.52145767211914,31.52145767211914,100000
2022-07-22,31.98093032836914,31.98093032836914,31.94625246136679,31.94625246136679,104000
2022-07-25,32.37104797363281,32.49241720073697,32.37104797363281,32.49241720073697,102000
2022-07-26,32.353702545166016,32.45773281793356,32.353702545166016,32.45773281793356,102000
2022-07-27,32.28435134887695,32.28435134887695,32.28435134887695,32.28435134887695,100000
2022-07-28,32.08495330810547,32.102292237654,32.08495330810547,32.102292237654,132000
2022-07-29,32.29301834106445,32.36237406180452,32.197655878578246,32.36237406180452,104000
2022-08-01,32.32769775390625,32.37971123989636,32.32769775390625,32.37971123989636,101000
2022-08-02,33.185951232910156,33.37667615491259,33.185951232910156,33.2379680226552,106000
2022-08-03,32.691802978515625,32.74381976774111,32.570433777385524,32.63978949635284,106000
2022-08-04,32.87385559082031,32.87385559082031,32.87385559082031,32.87385559082031,100000
2022-08-05,32.75249481201172,32.75249481201172,32.7264880651871,32.7264880651871,101000
2022-08-08,32.197654724121094,32.24967151281107,32.154309053744115,32.154309053744115,104000
2022-08-09,32.60511016845703,32.77849615100396,32.60511016845703,32.77849615100396,103000
2022-08-10,32.527095794677734,32.63112609065464,32.527095794677734,32.63112609065464,103000
2022-08-11,32.23233413696289,32.258340879030165,32.20632739489562,32.258340879030165,104000
2022-08-12,31.538793563842773,31.642823839529385,31.50411570292629,31.50411570292629,115000
2022-08-15,31.80753517150879,31.84221302855843,31.74685057520315,31.84221302855843,102000
2022-08-16,31.885562896728516,31.928911877282307,31.885562896728516,31.902901827537452,103000
2022-08-17,31.894227981567383,31.894227981567383,31.894227981567383,31.894227981567383,100000
2022-08-18,31.642818450927734,31.651486261149355,31.634150640706114,31.651486261149355,104000
2022-08-19,31.469440460205078,31.651494284568876,31.469440460205078,31.651494284568876,104000
2022-08-22,31.18335723876953,31.18335723876953,31.18335723876953,31.18335723876953,102000
2022-08-23,31.2266902923584,31.226690292358395,31.200683557812383,31.200683557812383,101000
2022-08-24,31.18335723876953,31.18335723876953,31.18335723876953,31.18335723876953,100000
2022-08-25,30.819242477416992,30.89726601005097,30.819242477416992,30.89726601005097,104000
2022-08-26,31.122669219970703,31.24403842637269,31.122669219970703,31.24403842637269,103000
2022-08-29,31.391416549682617,31.46944008878381,31.348070873973747,31.46944008878381,102000
2022-08-30,31.720848083496094,31.720848083496094,31.469438546815155,31.469438546815155,103000
2022-08-31,31.512788772583008,31.564805572636818,31.495453146295127,31.564805572636818,108000
2022-09-01,31.105337142944336,31.105337142944336,31.044652526372644,31.044652526372644,102000
2022-09-02,30.888599395751953,30.888599395751953,30.85392153388983,30.888599395751953,106000
2022-09-05,31.157344818115234,31.157344818115234,31.018636676569557,31.018636676569557,102000
2022-09-06,31.079320907592773,31.079320907592773,30.992629560319145,31.06198528378838,103000
2022-09-07,30.411788940429688,30.55049707429559,30.316426478322608,30.55049707429559,113000
2022-09-08,31.035966873168945,31.035966873168945,30.845245299132912,30.87991984446363,107000
2022-09-12,30.62852668762207,30.74122479515882,30.62852668762207,30.74122479515882,8000
2022-09-13,30.44646644592285,30.463805377720252,30.437798633555698,30.437798633555698,106000
2022-09-14,30.576505661010742,30.593844592173106,30.368441794125342,30.368441794125342,105000
2022-09-15,30.758554458618164,30.758554458618164,30.758554458618164,30.758554458618164,100000
2022-09-16,30.94927978515625,30.983957642295216,30.923269738770788,30.923269738770788,107000
2022-09-19,30.763391494750977,30.78084630077248,30.693572270664955,30.78084630077248,106000
2022-09-20,30.868120193481445,30.868120193481445,30.859394454150372,30.859394454150372,101000
2022-09-21,30.606298446655273,30.71975300963624,30.606298446655273,30.71975300963624,107000
2022-09-22,31.199758529663086,31.199758529663086,31.147394100065103,31.1648489099311,162000
2022-09-23,30.510297775268555,30.54520738270515,30.44920762683622,30.44920762683622,118000
2022-09-26,30.693574905395508,30.693574905395508,30.641213812000167,30.641213812000167,103000
2022-09-27,30.257217407226562,30.257217407226562,30.178675760118836,30.178675760118836,102000
2022-09-28,29.47176742553711,29.59394774521452,29.393222458721056,29.59394774521452,113000
2022-09-29,30.213577270507812,30.42303161716089,30.196122464189735,30.42303161716089,107000
2022-09-30,30.05649185180664,30.15249163637578,30.05649185180664,30.15249163637578,101000
2022-10-03,30.05649185180664,30.05649185180664,29.951766327351397,29.98667594522461,118000
2022-10-04,30.423036575317383,30.54521691029224,30.353217338666354,30.54521691029224,156000
2022-10-05,29.986671447753906,30.196122465250443,29.960490902857813,30.196122465250443,105000
2022-10-06,29.759767532348633,29.820857700633685,29.707406433341152,29.820857700633685,106000
2022-10-07,29.620126724243164,29.620126724243164,29.620126724243164,29.620126724243164,100000
2022-10-11,28.921955108642578,29.62885986988947,28.913229368996504,29.62885986988947,13000
2022-10-12,29.122676849365234,29.122676849365234,29.122676849365234,29.122676849365234,100000
2022-10-13,29.218677520751953,29.305951555049194,29.218677520751953,29.305951555049194,103000
2022-10-14,29.113954544067383,29.122680283674963,29.08777399608035,29.08777399608035,102000
2022-10-17,28.87831687927246,28.87831687927246,28.825952459112315,28.825952459112315,102000
2022-10-18,28.68631935119629,28.773593390932,28.651413064466215,28.68631935119629,114000
2022-10-19,28.607772827148438,28.72122740806429,28.607772827148438,28.72122740806429,103000
2022-10-20,28.215051651000977,28.26741274344702,28.215051651000977,28.25868700442737,104000
2022-10-21,27.621599197387695,27.761234322510195,27.621599197387695,27.761234322510195,138000
2022-10-24,27.44705581665039,27.44705581665039,27.211420921420327,27.211420921420327,130000
2022-10-25,27.263782501220703,27.263782501220703,27.193964942449384,27.193964942449384,110000
2022-10-26,28.02305030822754,28.07541139732392,27.961960151505856,28.04923085277573,257000
2022-10-27,28.014324188232422,28.24123336207134,28.0405080646995,28.24123336207134,107000
2022-10-28,28.476865768432617,28.476865768432617,28.424501349272376,28.424501349272376,101000
2022-10-31,28.319774627685547,28.319774627685547,28.145229900454627,28.180139511733564,122000
2022-11-01,28.35468864440918,28.35468864440918,28.35468864440918,28.35468864440918,100000
2022-11-02,28.3808650970459,28.494319670376616,28.3808650970459,28.494319670376616,106000
2022-11-03,28.145233154296875,28.24123293183051,28.145233154296875,28.24123293183051,112000
2022-11-04,28.005596160888672,28.110321670708643,27.95323174139672,27.961960809227346,280000
2022-11-07,27.717599868774414,27.848507594748234,27.726327272450273,27.76123522257167,107000
2022-11-08,27.25505828857422,27.272513096455654,27.193968125571296,27.193968125571296,108000
2022-11-09,27.359783172607422,27.464508681933165,27.237601192284774,27.464508681933165,188000
2022-11-10,27.69141960144043,27.7525097668774,27.66523905315725,27.72632921859422,278000
2022-11-11,27.996871948242188,28.16268762525889,27.996871948242188,28.11032320291272,147000
2022-11-14,27.621599197387695,27.988141816979752,27.595418651790975,27.988141816979752,114000
2022-11-15,27.612873077392578,27.630327884989654,27.612873077392578,27.612873077392578,103000
2022-11-16,28.014324188232422,28.311049264600403,28.014324188232422,28.311049264600403,301000
2022-11-17,28.764863967895508,28.817228391091625,28.712502873863556,28.817228391091625,251000
2022-11-18,28.703773498535156,28.703773498535156,28.616502789972163,28.616502789972163,104000
2022-11-21,28.564132690429688,28.520497344820388,28.43322665360179,28.43322665360179,104000
2022-11-22,28.494319915771484,28.529226198573717,28.476865109788452,28.529226198573717,105000
2022-11-23,28.948129653930664,28.948129653930664,28.878313763746505,28.878313763746505,118000
2022-11-24,29.192501068115234,29.34086195347617,29.192501068115234,29.34086195347617,121000
2022-11-25,29.279769897460938,29.358314869694468,29.271044157952435,29.358314869694468,102000
2022-11-28,29.419401168823242,29.419401168823242,29.23613070074327,29.23613070074327,120000
2022-11-29,29.17504119873047,29.297221513522686,29.17504119873047,29.297221513522686,103000
2022-11-30,28.773591995239258,28.80849828027617,28.773591995239258,28.799772541307952,145000
2022-12-01,29.044126510620117,29.044126510620117,28.956855824328844,29.009220233601578,118000
2022-12-02,29.550312042236328,29.72485678077775,29.550312042236328,29.72485678077775,176000
2022-12-05,29.742305755615234,29.83830218028405,29.681212279315684,29.7946668364958,174000
2022-12-06,29.663766860961914,29.70740221365828,29.620128179101535,29.628857247139216,235000
2022-12-07,29.960493087768555,30.02158324975712,29.934309211799068,30.02158324975712,181000
2022-12-08,30.693574905395508,30.75466839629695,30.632484743658193,30.649939551178015,194000
2022-12-09,30.876850128173828,30.876850128173828,30.772121278277837,30.798305155333974,106000
2022-12-12,30.20485496520996,30.239764581814175,30.082674636259483,30.11758092369942,120000
2022-12-13,30.135028839111328,30.213573793922812,30.108848297228672,30.213573793922812,115000
2022-12-14,30.24848747253418,30.265942279192366,30.213577859217803,30.213577859217803,107000
2022-12-15,30.3794002532959,30.388125993018257,30.292126210250625,30.30085527913732,166000
2022-12-16,30.454126358032227,30.6035854221832,30.427752610012856,30.6035854221832,118000
2022-12-19,30.172794342041016,30.20796157422144,30.137627109860595,30.155210725950806,110000
2022-12-20,29.223299026489258,29.750794030679845,29.135380956636528,29.750794030679845,184000
2022-12-21,29.0914249420166,29.109008556799157,28.95075937748775,28.95075937748775,191000
2022-12-22,29.31999969482422,29.363960400352195,29.311209565957203,29.363960400352195,107000
2022-12-23,29.179338455200195,29.32000401391044,29.14417458082123,29.32000401391044,106000
2022-12-26,29.188133239746094,29.267257829654696,28.95075947002029,29.267257829654696,149000
2022-12-27,28.83647346496582,28.854057083350106,28.766142345160972,28.83647346496582,110000
2022-12-28,28.265016555786133,28.265016555786133,28.20347557789492,28.22105583980804,164000
2022-12-29,28.08039093017578,28.097972868319218,28.071599122671152,28.071599122671152,156000
2022-12-30,28.238636016845703,28.282593373739363,28.238636016845703,28.282593373739363,103000
2023-01-03,28.150724411010742,28.168308026455776,28.071599818373944,28.071599818373944,105000
2023-01-04,28.845260620117188,28.845260620117188,28.572719625576028,28.572719625576028,244000
2023-01-05,28.92438507080078,28.959548945951813,28.92438507080078,28.94196533151053,102000
2023-01-06,29.1177978515625,29.126591335567184,29.056256878455752,29.091424107011466,106000
2023-01-09,29.443092346191406,29.478256224193753,29.39034149859018,29.478256224193753,159000
2023-01-10,29.416711807250977,29.443088904834497,29.416711807250977,29.443088904834497,104000
2023-01-11,29.188133239746094,29.188133239746094,29.161756140622153,29.161756140622153,103000
2023-01-12,29.627714157104492,29.66288138750319,29.451881358842677,29.451881358842677,192000
2023-01-13,29.935413360595703,29.935413360595703,29.838705172208794,29.838705172208794,128000
2023-01-16,29.5134220123291,29.6277138330088,29.5134220123291,29.61892034863948,161000
2023-01-17,29.45187759399414,29.495834949507582,29.43429398104251,29.495834949507582,160000
2023-01-30,29.56616973876953,29.56616973876953,29.425504187282268,29.539792642175406,137000
2023-01-31,29.26725959777832,29.469466150042518,29.188135003089563,29.469466150042518,124000
2023-02-01,29.48704719543457,29.574961913544048,29.46067009701651,29.574961913544048,182000
2023-02-02,29.425506591796875,29.531004925600328,29.363965617600563,29.45188033681485,144000
2023-02-03,29.662879943847656,29.698043818803292,29.504630768486983,29.504630768486983,130000
2023-02-06,29.284841537475586,29.425507102900657,29.223300562210344,29.399130003692967,134000
2023-02-07,29.27604866027832,29.28484214477378,29.188133937713864,29.25846504501909,169000
2023-02-08,29.1177978515625,29.14417494984504,29.038673264177895,29.14417494984504,111000
2023-02-09,29.1177978515625,29.223299537229646,29.100214237284643,29.223299537229646,116000
2023-02-10,28.959552764892578,28.959552764892578,28.880428166338284,28.941969148132518,111000
2023-02-13,28.74855613708496,28.95076269969088,28.660638053083268,28.95076269969088,115000
2023-02-14,28.96834373474121,28.968343734741207,28.924386373523973,28.924386373523973,103000
2023-02-15,29.056257247924805,29.056257247924805,29.056257247924805,29.056257247924805,100000
2023-02-16,28.73975944519043,28.73975944519043,28.704595569245132,28.722175830351976,118000
2023-02-17,28.22105598449707,28.704597032881075,28.080392089214463,28.704597032881075,221000
2023-02-20,28.44964027404785,28.528764869766057,28.414473041788238,28.528764869766057,160000
2023-02-21,28.423261642456055,28.432051772144533,28.423261642456055,28.432051772144533,103000
2023-02-22,28.150724411010742,28.159514541867395,28.04522439520639,28.141930926422358,34000
2023-02-23,28.185890197753906,28.317762276237417,28.185890197753906,28.291388531287026,115000
2023-02-24,28.590303421020508,28.590303421020508,28.440844373477468,28.440844373477468,105000
2023-03-01,28.467220306396484,28.590302250078306,28.432053078564124,28.555135022245945,120000
2023-03-02,28.291393280029297,28.31776702940655,28.221058810047126,28.31776702940655,138000
2023-03-03,28.238636016845703,28.229845886959517,28.159511432944576,28.159511432944576,139000
2023-03-06,28.818885803222656,28.818885803222656,28.3529317194766,28.3529317194766,124000
2023-03-07,28.634260177612305,28.634260177612305,28.60788643307911,28.60788643307911,107000
2023-03-08,28.79250717163086,28.818880914166595,28.748549816160878,28.748549816160878,109000
2023-03-09,28.818885803222656,28.90680388280896,28.818885803222656,28.90680388280896,156000
2023-03-10,29.45187759399414,29.45187759399414,29.170546494230607,29.170546494230607,139000
2023-03-13,29.522216796875,29.777170841375774,29.504633181093602,29.777170841375774,279000
2023-03-14,29.73321533203125,29.80354979954072,29.539798900112213,29.539798900112213,393000
2023-03-15,29.30242347717285,29.346380835030498,29.161754566058093,29.223298891536515,131000
2023-03-16,30.038549423217773,30.073983498223637,29.976541481547198,29.976541481547198,157000
2023-03-17,29.817096710205078,29.825953540907594,29.64878989341751,29.69308080529003,214000
2023-03-20,30.171424865722656,30.171424865722656,29.790517015553792,29.914532896226575,132000
2023-03-21,30.04741096496582,30.04741096496582,30.003120053851667,30.02969730386409,137000
2023-03-22,29.63106918334961,29.67536008973719,29.577918068176785,29.60449193617342,224000
2023-03-23,29.63106918334961,29.684216919342884,29.577918068176785,29.684216919342884,617000
2023-03-24,29.66650390625,29.66650390625,29.648786867473195,29.648786867473195,603000
2023-03-27,29.843666076660156,29.941108095579036,29.843666076660156,29.861383114570813,685000
2023-03-28,29.26787757873535,29.26787757873535,29.18815259765123,29.214726464952783,637000
2023-03-29,29.276731491088867,29.30330873492183,29.15271561713213,29.179289481785965,1861000
2023-03-30,29.232446670532227,29.303314829921653,29.232446670532227,29.29445462040806,1828000
2023-03-31,29.38302993774414,29.409607181223315,29.329882209143953,29.329882209143953,2132000
2023-04-06,30.472612380981445,30.490326041622566,30.38402718187672,30.410604431198053,241000
2023-04-07,30.454891204833984,30.57890708755717,30.454891204833984,30.561190050142518,119000
2023-04-10,30.33973503112793,30.357452070224312,30.268866874742404,30.268866874742404,189000
2023-04-11,30.180280685424805,30.189140893279028,30.100555710632797,30.100555710632797,250000
2023-04-12,30.180280685424805,30.180280685424805,30.17142385674978,30.17142385674978,104000
2023-04-13,30.14484977722168,30.180283854000333,30.109419079622576,30.12713273883235,129000
2023-04-14,29.817096710205078,29.896821703247603,29.799379669620077,29.896821703247603,186000
2023-04-17,29.622211456298828,29.65764553604936,29.60449441642356,29.639928496174093,190000
2023-04-18,29.276731491088867,29.356456464229506,29.241297418764336,29.356456464229506,171000
2023-04-19,29.32988739013672,29.905675953150027,29.32102718101885,29.905675953150027,193000
2023-04-20,29.453903198242188,29.524771354259236,29.400752081229403,29.418469120233663,134000
2023-04-21,29.693077087402344,29.693077087402344,29.5690611980154,29.5690611980154,147000
2023-04-24,29.648786544799805,29.728511528837963,29.515910445009673,29.693077451669982,220000
2023-04-25,30.020837783813477,30.020837783813477,29.923395749615818,29.923395749615818,122000
2023-04-26,30.251150131225586,30.277723997571552,30.18914219029877,30.242289922990704,560000
2023-04-27,30.065122604370117,30.065122604370117,30.02083170121235,30.056265775410285,552000
2023-04-28,29.79937744140625,29.879102428487435,29.69307858502458,29.879102428487435,1191000
2023-05-02,29.675355911254883,29.719646811406015,29.622204803566078,29.701929775509747,601000
2023-05-03,29.96768569946289,30.16256636044556,29.932251623218953,30.16256636044556,553000
2023-05-04,30.10055923461914,30.14485014153796,30.073985366303766,30.14485014153796,525000
2023-05-05,29.79937744140625,30.029695572609544,29.790520611365995,30.029695572609544,604000
2023-05-08,29.79937744140625,29.808237650626225,29.746229702805277,29.75508653284553,616000
2023-05-09,29.40074920654297,29.409609414768617,29.33874126568077,29.365318511178383,1163000
2023-05-10,29.303312301635742,29.347603207842806,29.303312301635742,29.321025960774936,729000
2023-05-11,29.48933219909668,29.52476627100455,29.462754955576234,29.462754955576234,1077000
2023-05-12,29.87910270690918,29.87910270690918,29.84366862805853,29.852528837361067,1183000
2023-05-15,29.61334800720215,29.693072979231953,29.604487799654905,29.604487799654905,2085000
2023-05-16,29.427331924438477,29.427331924438477,29.37418080273844,29.37418080273844,1614000
2023-05-17,29.321029663085938,29.338746703641768,29.276738751286345,29.303316001710073,1941000
2023-05-18,29.223590850830078,29.276738593030313,29.20587381037002,29.223590850830078,1644000
2023-05-19,28.94011688232422,28.975550957489293,28.91354301554011,28.922403223921076,2278000
2023-05-22,28.7452335357666,28.771807400062514,28.674365392072062,28.68322559962342,1813000
2023-05-23,28.5414981842041,28.568072053614138,28.514920935614338,28.514920935614338,1486000
2023-05-24,28.7452335357666,28.771807400062514,28.68322559962342,28.68322559962342,2480000
2023-05-25,28.55035400390625,28.656652856964286,28.541497174142922,28.638939197437622,3163000
2023-05-26,28.47062873840332,28.479488947258844,28.42633783166445,28.479488947258844,2125000
2023-05-29,28.57692527770996,28.656650255059695,28.550351411653153,28.656650255059695,2238000
2023-05-30,28.771814346313477,28.780674556003916,28.665515484287486,28.665515484287486,2820000
2023-05-31,29.028703689575195,29.028703689575195,28.842679853350482,28.860396891921347,1743000
2023-06-01,29.11728286743164,29.26787599206189,29.090709001570712,29.26787599206189,2048000
2023-06-02,29.223590850830078,29.250164721930194,29.197013600550015,29.197013600550015,946000
2023-06-05,28.869251251220703,28.931259191322805,28.869251251220703,28.931259191322805,1951000
2023-06-06,28.922401428222656,28.922401428222656,28.886967355257564,28.91354122039179,1405000
2023-06-07,29.26787757873535,29.276734408109384,29.18815259765123,29.18815259765123,2168000
2023-06-08,28.762956619262695,28.886972517624095,28.700948670081996,28.886972517624095,2975000
2023-06-09,28.984413146972656,28.984413146972656,28.913544991798624,28.984413146972656,1289000
2023-06-12,29.028703689575195,29.06413776671693,29.00212982130869,29.01098665100433,1214000
2023-06-13,29.143861770629883,29.19700950537561,29.072993618729612,29.072993618729612,2364000
2023-06-14,28.904685974121094,28.922403011573554,28.895825765805178,28.913542803257638,1290000
2023-06-15,28.948976516723633,29.037558323700583,28.91354244226112,29.010984457443364,2558000
2023-06-16,29.22604751586914,29.243923183003762,29.163484385615405,29.18136005275003,1559000
2023-06-19,29.315418243408203,29.324357780412594,29.27966691425944,29.315418243408203,1641000
2023-06-20,29.19029426574707,29.2349817259332,29.100919345374813,29.100919345374813,8176000
2023-06-21,29.628238677978516,29.646110933974263,29.58354780968546,29.58354780968546,3939000
2023-06-26,29.771238327026367,29.78017445434439,29.735486998885666,29.74442312620369,3535000
2023-06-27,29.70867919921875,29.82486591713567,29.69080353274659,29.79805412214481,3840000
2023-06-28,29.672922134399414,29.690797797418565,29.61929514534197,29.663982598172787,2274000
2023-06-29,29.75336456298828,29.842739479613165,29.735488897776403,29.824863814401283,1649000
2023-06-30,29.440547943115234,29.440547943115234,29.369048685856153,29.369048685856153,2925000
2023-07-03,29.681859970092773,29.699735634141096,29.592485059285476,29.592485059285476,3532000
2023-07-04,29.663984298706055,29.708675163532952,29.64610863466216,29.708675163532952,2769000
2023-07-05,29.61930274963379,29.67292975245913,29.601427082025346,29.637178417242236,3213000
2023-07-06,29.377981185913086,29.503107427737863,29.324357601950688,29.494171300222256,4134000
2023-07-07,29.056224822998047,29.08304002328643,29.029413032143903,29.04728869585808,4739000
2023-07-10,28.797039031982422,28.993664533151392,28.77916336652441,28.993664533151392,3936000
2023-07-11,28.975788116455078,28.993663781449637,28.87747707313673,28.87747707313673,2330000
2023-07-12,28.99365997314453,29.08303828637752,28.975784310497932,29.074098750337203,2763000
2023-07-13,29.047290802001953,29.208168377660108,29.038354674214048,29.199228840437716,2403000
2023-07-14,29.154539108276367,29.261793089971217,29.127727317569764,29.234977889830397,3287000
2023-07-17,29.26179313659668,29.279665390806745,29.15453915473093,29.17241481837522,2556000
2023-07-18,29.20816993713379,29.270733063292923,29.172418605204378,29.252857397328217,2427000
2023-07-19,29.476295471191406,29.485235008091482,29.3064817738679,29.3064817738679,1920000
2023-07-20,29.655048370361328,29.717611490217564,29.637172706197497,29.690799698688984,2444000
2023-07-21,29.54779815673828,29.54779815673828,29.44948370735015,29.458419834824358,2475000
2023-07-24,29.64611053466797,29.663986199857508,29.601423076411372,29.601423076411372,2451000
2023-07-25,29.53885841369629,29.610361070728455,29.529922286284442,29.592485406470416,3594000
2023-07-26,29.431608200073242,29.503107448551678,29.422668663116948,29.485235193507858,2960000
2023-07-27,29.369047164916992,29.422670752725587,29.34223537101269,29.422670752725587,3310000
2023-07-28,29.029417037963867,29.145607163422167,28.93110257868644,29.047292704144738,9130000
2023-07-31,29.03835678100586,29.083044242056516,29.02048111469865,29.074104704185544,3043000
2023-08-01,29.26179313659668,29.27072926370171,29.18135435491448,29.190290482019513,3966000
2023-08-02,28.940038681030273,28.984726136460257,28.88641168885371,28.984726136460257,5194000
2023-08-04,28.13565444946289,28.287594203990885,28.02840386080629,28.287594203990885,9159000
2023-08-07,28.43059539794922,28.44847106384043,28.376970104992917,28.421657565003613,3088000
2023-08-08,28.394847869873047,28.403785703479347,28.225032440788205,28.24290810800081,3269000
2023-08-09,28.645097732543945,28.67191293559076,28.573596775049193,28.591472440602203,2633000
2023-08-10,28.555723190307617,28.654037647426748,28.555723190307617,28.618286315849858,2398000
2023-08-11,28.260780334472656,28.37696874777378,28.233966836918285,28.37696874777378,3821000
2023-08-14,28.242904663085938,28.287592120949267,28.216091165537595,28.269716455917038,2598000
2023-08-15,28.153528213500977,28.260780499628,28.153528213500977,28.198215671635506,4700000
2023-08-16,28.046276092529297,28.135652714041917,27.99265080150863,28.135652714041917,4719000
2023-08-17,27.73345947265625,27.894335339907865,27.72452164035607,27.85858571542435,5592000
2023-08-18,27.787084579467773,27.787084579467773,27.70664579401101,27.724521458494113,2728000
2023-08-21,27.61726951599121,27.751333591829006,27.590457723653984,27.751333591829006,5116000
2023-08-22,27.411705017089844,27.429580682139104,27.367017559183946,27.411705017089844,3430000
2023-08-23,27.73345947265625,27.76920909713976,27.688770311155352,27.688770311155352,3204000
2023-08-24,28.1267147064209,28.225029159944818,28.11777687385352,28.180341701825174,4707000
2023-08-25,27.99264907836914,28.055212198161605,27.983711246296334,28.055212198161605,3255000
2023-08-28,28.198217391967773,28.20715522508341,28.073091137783518,28.0909668040148,2697000
2023-08-29,28.260780334472656,28.269716462273536,28.22502900440016,28.260780334472656,3019000
2023-08-30,28.448471069335938,28.47528456817793,28.41272144226394,28.421657570493945,2800000
2023-08-31,28.546785354614258,28.56465931568363,28.439533064611425,28.44847089750477,2883000
2023-09-01,28.53784942626953,28.54678725975937,28.50209809231019,28.511035925800027,2182000
2023-09-04,28.11777687072754,28.189279531258624,28.09990291031202,28.189279531258624,4922000
2023-09-05,28.06415367126465,28.126716799174027,28.055215838032257,28.117778965941632,2358000
2023-09-06,27.85858917236328,27.885402672591074,27.796026043215846,27.849651338954015,5298000
2023-09-07,27.903274536132812,27.930088034344006,27.894336703395748,27.903274536132812,4163000
2023-09-08,28.171403884887695,28.180341717460035,28.046275933592213,28.046275933592213,3316000
2023-09-11,27.94796371459961,28.11777742254179,27.921150216374233,28.11777742254179,5547000
2023-09-12,27.93008804321289,27.93008804321289,27.849649253271053,27.885400584230666,2828000
2023-09-13,27.99264907836914,28.03733823873316,27.99264907836914,28.010524742514747,3331000
2023-09-14,28.02840232849121,28.06415195451652,28.019464495805565,28.02840232849121,3208000
2023-09-15,27.849645614624023,27.867521277768315,27.80495816148036,27.867521277768315,4498000
2023-09-18,27.607194900512695,27.751406449619157,27.580156631837614,27.751406449619157,4835000
2023-09-19,27.85055160522461,27.85055160522461,27.787460015026568,27.796473344928703,2280000
2023-09-20,27.6702880859375,27.706339683720937,27.643248098262344,27.706339683720937,2688000
2023-09-21,27.607194900512695,27.607194900512695,27.490025058314867,27.526078375370677,3948000
2023-09-22,27.057395935058594,27.16555244945833,26.967264360314278,27.138514180416795,6633000
2023-09-25,27.165550231933594,27.237655142019758,27.138511965099195,27.219630203835713,2270000
2023-09-26,26.6878604888916,26.6878604888916,26.58871557561088,26.66082049823769,4672000
2023-09-27,26.70587921142578,26.741932523902218,26.660814289946792,26.678840946185012,3203000
2023-09-28,26.53463363647461,26.552658575295847,26.44450206590153,26.552658575295847,3604000
2023-10-02,26.399436950683594,26.53463344601444,26.381410292875024,26.53463344601444,4730000
2023-10-03,26.20115089416504,26.25522915619562,26.174112622708225,26.228190884738808,4319000
2023-10-04,25.48911476135254,25.588257954293322,25.41700983961518,25.579244624186536,5899000
2023-10-05,25.930755615234375,25.966807213754738,25.86766402848614,25.876675638778625,4553000
2023-10-06,25.68740463256836,25.750496228536992,25.678391301841835,25.750496228536992,3953000
2023-10-11,25.984834671020508,26.09299290813863,25.894703093274885,25.957794681961765,4786000
2023-10-12,26.49858283996582,26.525622829443602,26.381412990462536,26.381412990462536,3595000
2023-10-13,26.011873245239258,26.011873245239258,25.90371501400409,25.930755001592072,4286000
2023-10-16,26.174110412597656,26.18312202291103,26.09299216684283,26.138057094876928,2886000
2023-10-17,25.723453521728516,25.984833191277648,25.66937354669069,25.984833191277648,4104000
2023-10-18,25.62430763244629,25.69641254393456,25.579240988318187,25.67838588628332,3009000
2023-10-19,25.200693130493164,25.417009612892617,25.1916815195837,25.417009612892617,4833000
2023-10-20,25.020427703857422,25.110559270654683,24.948322794242944,25.110559270654683,3226000
2023-10-23,24.813127517700195,24.894245759875144,24.75003421447333,24.894245759875144,3764000
2023-10-24,25.3719425201416,25.3719425201416,25.191681080109323,25.191681080109323,2220000
2023-10-25,25.588258743286133,25.651350336862084,25.5522071408643,25.615298734440252,2604000
2023-10-26,25.020427703857422,25.07450595628912,25.011414375266032,25.06549262769773,3405000
2023-10-27,25.407995223999023,25.444046823485216,25.3899685646975,25.417008553649783,2917000
2023-10-30,25.28180503845215,25.371936596985247,25.25476677427376,25.371936596985247,2404000
2023-10-31,25.326873779296875,25.380952031258396,25.200688899231146,25.209702227744174,2786000
2023-11-01,25.200693130493164,25.236746450598716,25.137601539425376,25.15562819947815,2629000
2023-11-02,25.80457305908203,25.867666370659823,25.732468136395802,25.7504947968466,3834000
2023-11-03,26.210161209106445,26.2372011965695,26.120029636679686,26.120029636679686,2903000
2023-11-06,26.22818946838379,26.336345986604368,26.22818946838379,26.282267727494077,2941000
2023-11-07,26.147071838378906,26.201150098767815,26.111018518708363,26.201150098767815,3444000
2023-11-08,26.489566802978516,26.507593460788097,26.4264752197617,26.435488548666488,2472000
2023-11-09,26.994306564331055,27.057398156095978,26.931213253449187,26.931213253449187,3272000
2023-11-10,26.507593154907227,26.51660648370801,26.4174615860161,26.426474914816882,3326000
2023-11-13,26.37239646911621,26.480552975704743,26.327329825440426,26.45351470861595,3295000
2023-11-14,26.525623321533203,26.53463665152634,26.399440139863106,26.426478410725604,2398000
2023-11-15,26.931211471557617,27.02134304773697,26.91318653161521,27.02134304773697,4437000
2023-11-16,26.606739044189453,26.768975530416434,26.579699056779372,26.723908884732968,3088000
2023-11-17,26.660816192626953,26.741934432371476,26.660816192626953,26.73292110360912,3538000
2023-11-20,26.507593154907227,26.687856292689478,26.480553168504883,26.687856292689478,3692000
2023-11-21,26.75094985961914,26.75094985961914,26.642791625103047,26.723909871210914,5283000
2023-11-22,26.62476921081543,26.678847473644748,26.5887158895179,26.6518074826716,3099000
2023-11-23,26.895158767700195,26.940223694380187,26.850093841020204,26.868118780222147,3785000
2023-11-24,26.669832229614258,26.850095384933088,26.651805570259004,26.850095384933088,5233000
2023-11-27,26.471542358398438,26.65180378250883,26.444502371179343,26.65180378250883,3536000
2023-11-28,26.75094985961914,26.79601478784937,26.73292320068032,26.79601478784937,2590000
2023-11-29,26.841081619262695,26.93121147634123,26.805028301137817,26.92219986592684,5110000
2023-11-30,27.012331008911133,27.120489249317743,26.99430606810746,27.039370998792013,3914000
2023-12-01,26.958250045776367,26.958250045776367,26.832066877215595,26.904171790552713,2633000
2023-12-04,27.273712158203125,27.291738817950407,27.210620568204536,27.273712158203125,3671000
2023-12-05,27.490026473999023,27.508053133455267,27.363843296039047,27.363843296039047,3406000
2023-12-06,27.922658920288086,27.967725573664183,27.886607316704254,27.886607316704254,3943000
2023-12-07,28.19304847717285,28.42738987410483,28.166008490140296,28.301204987069625,5256000
2023-12-08,28.039825439453125,28.07587703653053,27.958707197133037,28.07587703653053,4376000
2023-12-11,27.9947566986084,28.003770026982224,27.83252022611275,27.94067844748205,3457000
2023-12-12,27.9947566986084,27.9947566986084,27.877586867981876,27.97673176097735,3863000
2023-12-13,28.04884147644043,28.075879747079675,28.00377482684685,28.039828146521714,3397000
2023-12-14,28.562589645385742,28.70679948785782,28.490484724149706,28.65272122671002,7751000
2023-12-15,29.00423240661621,29.031270677541936,28.86903417551989,28.86903417551989,4039000
2023-12-18,29.359413146972656,29.359413146972656,29.204987202559867,29.22315210698074,4208000
2023-12-19,29.186817169189453,29.27765554716469,29.141397980201834,29.27765554716469,4173000
2023-12-20,29.26857566833496,29.323077313806287,29.22315301009245,29.241321380336995,3294000
2023-12-21,29.38666343688965,29.42300017559799,29.350330163443434,29.350330163443434,2850000
2023-12-22,29.0687255859375,29.250405813902034,29.014222210600565,29.250405813902034,5244000
2023-12-25,28.905214309692383,29.059641986784406,28.86887930294602,29.059641986784406,6417000
2023-12-26,28.923381805419922,28.977885180208123,28.8961292517103,28.950634359129545,8442000
2023-12-27,28.896133422851562,28.923385980495077,28.85979841195817,28.86888259783934,5272000
2023-12-28,29.005138397216797,29.177732710098216,28.93246665162697,29.150481888396456,8210000
2023-12-29,28.914297103881836,28.9415496571042,28.88704455065947,28.90521291947438,6207000
2024-01-02,28.59636116027832,28.714453839728883,28.51460522300677,28.714453839728883,8018000
2024-01-03,28.650863647460938,28.69628283839043,28.596358539188255,28.596358539188255,6420000
2024-01-04,28.732616424560547,28.850709087350477,28.714449788665238,28.768953161613137,5666000
2024-01-05,28.378341674804688,28.505516788211075,28.3510891222329,28.414678411567067,8785000
2024-01-08,28.033151626586914,28.114907552510843,28.00589907373527,28.114907552510843,12276000
2024-01-09,28.296588897705078,28.314757268107495,28.1603295849493,28.178497955351716,15680000
2024-01-10,28.278417587280273,28.323838508564034,28.251166767141,28.31475432430728,12333000
2024-01-11,28.223915100097656,28.251167653723154,28.17849591001953,28.251167653723154,13716000
2024-01-12,28.32383918762207,28.36925837736376,28.296586634198437,28.296586634198437,9203000
2024-01-15,28.45101547241211,28.460099657259395,28.26933697335965,28.31475616496499,15181415
2024-01-16,28.387426376342773,28.396510560698925,28.296586265412277,28.332923002836875,16040000
2024-01-17,28.13307762145996,28.160330177637164,28.087658427129156,28.12399343606756,14044000
2024-01-18,28.114910125732422,28.15124513356252,28.10582594061711,28.133076763331893,15269000
2024-01-19,27.633459091186523,27.7697184045315,27.61529072070555,27.706130840479254,16338000
2024-01-22,27.860559463500977,27.878727834594418,27.79697189730516,27.833306906860813,17845000
2024-01-23,27.896894454956055,27.905978640496883,27.796971879269417,27.88781200204646,12477000
2024-01-24,27.697044372558594,27.72429692603401,27.63345681374698,27.63345681374698,14167000
2024-01-25,27.53353500366211,27.53353500366211,27.406359874553054,27.442694883170848,16662000
2024-01-26,27.68796157836914,27.68796157836914,27.633458201312546,27.65162657120845,14540000
2024-01-29,27.588037490844727,27.6607092337976,27.533532384156803,27.6607092337976,14883000
2024-01-30,27.951396942138672,27.96048112682603,27.79696926771571,27.833304273834077,18511000
2024-01-31,28.260251998901367,28.260251998901367,28.042236766551255,28.087655956887552,16127000
2024-02-01,28.569108963012695,28.62361234103011,28.432847919022436,28.460100474346717,18592000
2024-02-02,28.79620933532715,28.877965271344735,28.6872008430933,28.877965271344735,14857000
2024-02-05,28.296588897705078,28.423765757890816,28.269338074732623,28.396513202287196,17169000
2024-02-15,27.624372482299805,27.642540851186766,27.597119928969366,27.597119928969366,18046000
2024-02-16,27.506282806396484,27.53353362834083,27.479030251821037,27.52444944348235,16549000
2024-02-19,27.488113403320312,27.515365956871257,27.460860849769368,27.488113403320312,16078000
2024-02-20,27.46994400024414,27.488112368594198,27.41544062782494,27.451775631894083,19905000
2024-02-21,27.53353500366211,27.53353500366211,27.460863253795335,27.46994743910758,14840000
2024-02-22,27.433609008789062,27.469944012874915,27.37910390371383,27.388188087893038,19046000
2024-02-23,27.52444839477539,27.52444839477539,27.488113389356958,27.497197573869325,10752000
2024-02-26,28.042238235473633,28.07857324311978,27.987733125057705,28.02406986533499,16808000
2024-02-27,27.905973434448242,27.924141802140465,27.851470064002484,27.878722615540816,13527000
2024-02-29,27.83330535888672,27.924145476670546,27.82422117384522,27.887810469135694,15739000
2024-03-01,27.996816635131836,28.033153374533054,27.942313258661105,27.978648265431225,11970000
2024-03-04,28.114910125732422,28.160329318677828,28.078573385271174,28.133076763331893,14098000
2024-03-05,28.096742630004883,28.096742630004883,28.024070879451653,28.060405888412667,9331000
2024-03-06,28.378341674804688,28.405594227376472,28.3056699339109,28.32383830229209,14689000
2024-03-07,28.560026168823242,28.60544536394455,28.52368942662121,28.587276992843535,13558000
2024-03-08,28.560026168823242,28.560026168823242,28.48735441705041,28.550941983272732,13040000
2024-03-11,28.550939559936523,28.569107929495452,28.52368700559813,28.560023744715988,14882000
2024-03-12,28.460102081298828,28.478270452540862,28.441933710056794,28.478270452540862,13016000
2024-03-13,28.460102081298828,28.460102081298828,28.460102081298828,28.460102081298828,0
2024-03-14,28.087656021118164,28.205746955841217,28.06948765188968,28.160327765401057,7619000
2024-03-15,27.860559463500977,27.878727834594418,27.742468516656064,27.742468516656064,14641000
2024-03-18,28.05171775817871,28.05171775817871,28.05171775817871,28.05171775817871,0
2024-03-19,27.868789672851562,27.868789672851562,27.75903499385498,27.795619305347447,13976000
2024-03-20,27.868789672851562,27.868789672851562,27.868789672851562,27.868789672851562,0
2024-03-21,27.90537452697754,27.960251864112262,27.85964195893269,27.90537452697754,24152000
2024-03-22,28.225496292114258,28.234642805971742,28.060862531717824,28.088300328771133,24330000
2024-03-25,28.225496292114258,28.225496292114258,28.225496292114258,28.225496292114258,0
2024-03-26,28.234643936157227,28.25293522008522,28.12488750999319,28.24378870586162,19402000
2024-03-27,28.32610511779785,28.335251631869188,28.24378823567499,28.24378823567499,18599000
2024-03-28,28.518177032470703,28.545614828826476,28.445006667990153,28.463299695240064,19233000
2024-03-29,28.563907623291016,28.57305413684143,28.536469827158854,28.57305413684143,6873000
2024-04-01,28.49988555908203,28.51817858732931,28.41756867648847,28.463301247106667,14832000
2024-04-02,28.17976188659668,28.22549445290411,28.170615373335195,28.188908399858168,17960000
2024-04-03,27.951107025146484,28.04257042219696,27.941960510989517,27.97854656761739,15116000
2024-04-08,27.695009231567383,27.76817959402847,27.67671620482235,27.76817959402847,10973000
2024-04-09,27.777326583862305,27.859641716588804,27.722447502685867,27.731594016215272,12502000
2024-04-10,27.93281364440918,27.960251440301104,27.8779345635872,27.941958413360442,16871000
2024-04-11,27.530376434326172,27.55781423087589,27.429766528259577,27.493790379567734,17496000
2024-04-12,27.42061996459961,27.44805950561843,27.39318216809989,27.42976647827255,19651000
2024-04-15,27.475496292114258,27.59439746890399,27.448056753846352,27.530373624131137,15668000
2024-04-16,27.347450256347656,27.402327595183802,27.27427988972641,27.27427988972641,16019000
2024-04-17,27.155380249023438,27.173671533334016,27.118794191363786,27.155380249023438,16532000
2024-04-18,27.35659408569336,27.42061793213929,27.3291545467084,27.3291545467084,16341000
2024-04-19,27.612695693969727,27.868791121284662,27.329158978700676,27.329158978700676,21445000
2024-04-22,27.33830451965332,27.384037090416193,27.30172020756222,27.384037090416193,15205000
2024-04-23,27.493789672851562,27.51208269976057,27.42061930973461,27.42061930973461,14614000
2024-04-24,27.33830451965332,27.420621402507294,27.28342717925707,27.420621402507294,18552000
2024-04-25,27.201108932495117,27.265132783833682,27.201108932495117,27.255986270139726,13022000
2024-04-26,27.091350555419922,27.100495323345214,27.027324968310758,27.07305753053159,16965000
2024-04-29,27.265132904052734,27.310865472724146,27.164524742013857,27.164524742013857,17204000
2024-04-30,27.429765701293945,27.45720524153551,27.347448825088296,27.374888365329863,13370000
2024-05-02,27.36574363708496,27.36574363708496,27.301719783530512,27.356597123074444,18971000
2024-05-03,27.32915496826172,27.356594507669936,27.283424147100362,27.283424147100362,30098000
2024-05-06,27.548667907714844,27.557812676369497,27.47549754684454,27.512081855020185,22285000
2024-05-07,27.777326583862305,27.804764379931445,27.621839342900554,27.621839342900554,11373000
2024-05-08,27.85049819946289,27.92366856646808,27.8322051715818,27.86878948282482,20778000
2024-05-09,27.67671775817871,27.704157299836307,27.63098518874938,27.69501078595044,17896000
2024-05-10,27.859642028808594,27.941958906976687,27.859642028808594,27.877935056072413,17293000
2024-05-13,27.740739822387695,27.77732587557242,27.731593309091515,27.76817936227624,15025000
2024-05-14,27.768184661865234,27.79562246247128,27.759038146823432,27.759038146823432,23483000
2024-05-15,27.832202911376953,27.92366629883565,27.81390988498141,27.896226759242335,20473000
2024-05-16,28.20720100402832,28.23464054340192,28.143177156675595,28.216347517152855,24770000
2024-05-17,28.152326583862305,28.188910895628297,28.11574052757713,28.134033555719718,17073000
2024-05-20,27.98769187927246,28.02427618980927,27.969398851744494,27.98769187927246,15990000
2024-05-21,27.923664093017578,27.932810605492826,27.89622455559184,27.905371068067087,25399000
2024-05-22,28.024272918701172,28.060858969486635,28.00598163782736,28.033419431397537,18878000
2024-05-23,28.005983352661133,28.115738022700064,27.99683683940472,28.07915371419343,22106000
2024-05-24,27.914522171020508,27.96025299639819,27.914522171020508,27.95110648241882,17323000
2024-05-27,27.896228790283203,28.02427649533674,27.887082276419502,28.015129981473038,21723000
2024-05-28,27.84134864807129,27.896225981208353,27.813909109243273,27.887079468265682,19543000
2024-05-29,27.521230697631836,27.530377211579676,27.46635335846396,27.530377211579676,29965000
2024-05-30,27.42061996459961,27.42061996459961,27.301718775889587,27.301718775889587,21054000
2024-05-31,27.685863494873047,27.685863494873047,27.621839643988398,27.63098441309841,40574000
2024-06-03,27.832202911376953,27.877933732846795,27.740739523918258,27.868787219649022,20449000
2024-06-04,28.18890953063965,28.198056044268043,28.106592652503213,28.106592652503213,18226000
2024-06-05,28.481590270996094,28.527322837985693,28.44500596192347,28.509029811189855,19911000
2024-06-06,28.600496292114258,28.68281317707422,28.573056748954524,28.673666662687644,20595000
2024-06-07,28.618785858154297,28.627930626915163,28.573053291754825,28.573053291754825,23816000
2024-06-11,28.079153060913086,28.134030394655795,28.033420495695008,28.033420495695008,18954000
2024-06-12,28.335250854492188,28.335250854492188,28.243787460807287,28.25293397462769,26298000
2024-06-13,28.490737915039062,28.527323970082644,28.445007090753705,28.51817745632175,27718000
2024-06-14,28.85658836364746,28.92061395691356,28.83829708151904,28.85658836364746,27013000
2024-06-17,29.03036880493164,29.076101371829385,29.00292926479299,29.03951531831119,23166000
2024-06-18,28.957199096679688,28.993785151024518,28.920614786853946,28.957199096679688,30304000
2024-06-19,29.12183380126953,29.15841811228755,29.094394259616656,29.094394259616656,34038000
2024-06-20,29.021223068237305,29.094393432712884,29.002930040988637,29.066955636358976,25750000
2024-06-21,28.911468505859375,28.948052815979434,28.902321992199585,28.902321992199585,22203000
2024-06-24,28.990793228149414,29.036912144125015,28.963120822969728,28.972344958029623,26008000
2024-06-25,29.184494018554688,29.184494018554688,29.12915096897534,29.138375103792534,25847000
2024-06-26,29.147600173950195,29.16604844417659,29.064584717255308,29.147600173950195,23656000
2024-06-27,28.852436065673828,28.852436065673828,28.78786711724509,28.81553952371455,26815000
2024-06-28,28.843210220336914,28.963120455948296,28.797089545621883,28.935449810443128,23068000
2024-07-01,28.382015228271484,28.39123936360421,28.317448040266324,28.37279109293876,9482000
2024-07-02,28.225210189819336,28.225210189819336,28.10529818241049,28.10529818241049,18192000
2024-07-03,28.335893630981445,28.363566036080556,28.22520752923274,28.280550580107093,16713000
2024-07-04,28.474254608154297,28.58494071266683,28.465030472890934,28.58494071266683,8732000
2024-07-05,28.465028762817383,28.474252897526593,28.40046157917671,28.428132223980537,15018000
2024-07-08,28.575716018676758,28.640283204933937,28.529597102585594,28.529597102585594,14374000
2024-07-09,28.80631446838379,28.87088165542682,28.686404229493004,28.686404229493004,11106000
2024-07-10,28.7509708404541,28.797089756182498,28.714074300412296,28.760194975464554,18079000
2024-07-11,28.76941680908203,28.824759855393744,28.741744406264313,28.806311586848597,12643000
2024-07-12,29.0461368560791,29.0553609913222,28.94467312772893,28.981569668701322,11697000
2024-07-15,28.944671630859375,28.963119900391522,28.880104446820678,28.963119900391522,14960000
2024-07-16,29.0645809173584,29.0645809173584,29.0000137393314,29.0000137393314,12203000
2024-07-17,29.31363296508789,29.359751884284236,29.276736422271615,29.31363296508789,14746000
2024-07-18,29.26750946044922,29.313630134516075,29.249061190822477,29.313630134516075,11917000
2024-07-19,29.249059677124023,29.276732080132035,29.212164899103744,29.249059677124023,9170000
2024-07-22,29.295183181762695,29.332077963350844,29.202943588806466,29.24906250562263,12545000
2024-07-23,29.138376235961914,29.16604864148871,29.101479695259517,29.16604864148871,10646000
2024-07-26,28.97234344482422,29.046134762125437,28.898552127523004,29.046134762125437,7782000
2024-07-29,29.249059677124023,29.285956214468037,29.184492496095736,29.184492496095736,14258000
2024-07-30,29.322856903076172,29.378199957603425,29.304408631792423,29.3136327674343,12203000
2024-07-31,29.461212158203125,29.488882802742094,29.378196705938645,29.378196705938645,10497000
2024-08-01,29.737934112548828,29.820949573728708,29.701037570102667,29.701037570102667,16108000
2024-08-02,30.09766387939453,30.236020623067304,30.060767340289406,30.07921560984197,22165000
2024-08-05,30.937040328979492,31.130741878414206,30.798680068727506,30.900143790425954,14016000
2024-08-06,30.780235290527344,30.83558010463483,30.61420436685286,30.66954918096035,20335000
2024-08-07,30.383604049682617,30.457397129808744,30.32826275823575,30.457397129808744,17977000
2024-08-08,30.106884002685547,30.199125343548204,30.069987466340486,30.199125343548204,15718000
2024-08-09,29.820945739746094,29.913183565354817,29.728704395489867,29.913183565354817,20389000
2024-08-12,30.079214096069336,30.088436471057673,29.968528002972004,30.014646915208605,15012000
2024-08-13,30.060768127441406,30.17145422900751,30.060768127441406,30.097664667512685,11828000
2024-08-14,30.217575073242188,30.236023344455187,30.143785507038153,30.236023344455187,13039000
2024-08-15,30.429725646972656,30.485066936897102,30.337484299352532,30.365154944314753,17112000
2024-08-16,30.199127197265625,30.263694380509136,30.199127197265625,30.25446848653287,14769000
2024-08-19,30.060768127441406,30.189902499043146,30.014649211676176,30.18068012334919,19986000
2024-08-20,29.98697280883789,30.22679678275113,29.96852805882684,30.22679678275113,17118000
2024-08-21,30.328264236450195,30.3374866125916,30.23602288179665,30.25447115272736,14484000
2024-08-22,30.31903839111328,30.32826428591763,30.226800554957187,30.30059012015248,15357000
2024-08-23,30.125335693359375,30.18068050416462,30.09766504728064,30.18068050416462,11614000
2024-08-26,30.162233352661133,30.199129894566514,30.10688853980306,30.199129894566514,15679000
2024-08-27,30.079214096069336,30.106884739681806,30.069988202433542,30.09766236469347,14869000
2024-08-28,30.134559631347656,30.134559631347656,30.051547688808096,30.116114878770833,12708000
2024-08-29,30.042322158813477,30.134559997409866,30.033099782413036,30.134559997409866,8618000
2024-08-30,29.977750778198242,30.005421422180145,29.90395770271649,29.98697315330971,16279000
2024-09-02,29.848617553710938,29.950081277046227,29.78405036952441,29.950081277046227,16410000
2024-09-03,29.87628936767578,29.922408284092352,29.848618721555397,29.848618721555397,15761000
2024-09-04,30.291366577148438,30.309814847398595,30.180680474295258,30.217573496147807,20852000
2024-09-05,30.53118896484375,30.549637236249065,30.457399397870486,30.457399397870486,13539000
2024-09-06,30.68799591064453,30.715666556984182,30.65109936975979,30.7064441810869,16139000
2024-09-09,30.632652282714844,30.660326448771404,30.5680850929961,30.60498163530622,15629000
2024-09-10,30.94626235961914,30.94626235961914,30.780231456625017,30.780231456625017,16280000
2024-09-11,31.259878158569336,31.287548804854815,31.121521408494132,31.149192054779615,17723000
2024-09-12,31.066179275512695,31.08462754750939,31.02006035484502,31.08462754750939,16657000
2024-09-13,31.010833740234375,31.075400931401127,30.9831630922052,31.075400931401127,16002000
2024-09-16,30.82634925842285,30.94626124373864,30.80790450866419,30.94626124373864,23447000
2024-09-18,31.05695343017578,31.075401702202164,30.946267316665583,31.001612132744736,14570000
2024-09-19,30.651100158691406,30.761786265546778,30.632651887774195,30.724893242360253,19219000
2024-09-20,30.54041290283203,30.577309443278317,30.494293986598056,30.568083548842864,20924000
2024-09-23,30.365087509155273,30.514301549794276,30.33710743072441,30.49564935002148,20752000
2024-09-24,30.29047966003418,30.458345905710594,30.281155338627027,30.411717183587914,17574000
2024-09-25,30.206544876098633,30.281153673426857,30.178568355872184,30.271825794989194,16042000
2024-09-26,30.04800796508789,30.085308808005003,30.001375685740488,30.085308808005003,18938000
2024-09-27,29.973400115966797,30.057333240896593,29.908119191859573,30.057333240896593,13502000
2024-09-30,29.936094284057617,30.0013752050459,29.908117762932175,29.945422162795015,16721000
2024-10-01,30.085308074951172,30.169241195170585,29.936094034288143,30.020027154507556,16220000
2024-10-04,29.964073181152344,30.02002622119683,29.936093103586863,29.954745302782772,21702000
2024-10-07,29.777557373046875,29.824186096377566,29.7402529713649,29.749579071785394,16842000
2024-10-08,29.600364685058594,29.60969078537274,29.479128938518215,29.572386384116157,15797000
2024-10-09,29.497777938842773,29.619015458312333,29.479127517885026,29.600363258582913,12779000
2024-10-11,29.2926082611084,29.488452795261495,29.273956061899224,29.488452795261495,15586000
2024-10-14,29.031482696533203,29.19934893122515,29.003506176598954,29.19934893122515,17055000
2024-10-15,29.17137336730957,29.19002378828642,29.07811414733864,29.07811414733864,15820000
2024-10-16,29.479127883911133,29.516430505061468,29.46047568395012,29.46047568395012,12272000
2024-10-17,29.516429901123047,29.553734300281786,29.488453380525648,29.516429901123047,13869000
2024-10-18,29.087438583374023,29.13406730130643,29.07811248403323,29.124741201965637,12726000
2024-10-21,28.966201782226562,29.040808800013966,28.919573063148793,29.040808800013966,14316000
2024-10-22,28.443952560424805,28.677099712559436,28.42530036134885,28.65844751348348,6111000
2024-10-23,28.43462562561035,28.574513557027554,28.43462562561035,28.481256121930453,20111000
2024-10-24,28.555864334106445,28.57451475464461,28.4812573156389,28.4812573156389,12296000
2024-10-25,28.844966888427734,28.85429298827019,28.73305546908993,28.770359868459753,12610000
2024-10-28,28.378673553466797,28.499909298081384,28.350695252968787,28.44395447585709,14419000
2024-10-29,28.499908447265625,28.537212846815976,28.462605826486943,28.537212846815976,12448000
2024-10-30,28.583843231201172,28.63979805501187,28.537214507820885,28.537214507820885,10809000
2024-11-01,28.658449172973633,28.658449172973633,28.53721342950288,28.58384215112124,7247000
2024-11-04,28.332040786743164,28.443952201013204,28.332040786743164,28.443952201013204,11051000
2024-11-05,28.574514389038086,28.602492687644798,28.499907371525126,28.509233471060696,15909000
2024-11-06,28.266761779785156,28.481258523400363,27.97765979331036,28.45328022324924,15157000
2024-11-07,28.248109817504883,28.360019454461234,28.136198401776927,28.136198401776927,13957000
2024-11-08,28.41597557067871,28.499908691614948,28.350694649677568,28.499908691614948,13334000
2024-11-11,28.723726272583008,28.723726272583008,28.55586182983103,28.55586182983103,9150000
2024-11-12,29.031482696533203,29.050134895670443,28.770359023698273,28.770359023698273,15272000
2024-11-13,28.583843231201172,28.649124155442284,28.55586670868171,28.55586670868171,14096000
2024-11-14,28.332040786743164,28.3413668861633,28.201478952404436,28.3413668861633,10190000
2024-11-15,28.443952560424805,28.574514396413285,28.43462646088683,28.499907378881066,13159000
2024-11-18,28.41597557067871,28.434627770613805,28.37867294958021,28.406649470711162,37967000
2024-11-19,28.42530059814453,28.462604996607205,28.397324078069147,28.453278896991538,33330000
2024-11-20,28.443952560424805,28.499907378881066,28.43462646088683,28.49058127934309,41298492
2024-11-21,28.583843231201172,28.593169331631582,28.509236206529646,28.518562306960057,30359000
2024-11-22,28.565187454223633,28.565187454223633,28.509232637418,28.555863133732323,19913000
2024-11-25,28.723726272583008,28.779682865605142,28.705075853680437,28.761030667931095,19290000
2024-11-26,29.022157669067383,29.143393402964225,29.022157669067383,29.09676468502811,20097000
2024-11-27,29.087438583374023,29.087438583374023,28.984853269396844,29.07811248403323,19546000
2024-11-28,29.283283233642578,29.283283233642578,29.190024012953856,29.208676212845937,17211000
2024-11-29,29.376543045043945,29.376543045043945,29.32058822301423,29.376543045043945,19703000
2024-12-02,29.59103775024414,29.61901605039756,29.413847185587617,29.413847185587617,17006000
2024-12-03,29.730926513671875,29.77755701521399,29.665645590284665,29.68429779090151,19461000
2024-12-04,29.339237213134766,29.5257556491631,29.32991289222782,29.5257556491631,23856000
2024-12-05,29.628341674804688,29.63766777470611,29.516430254759317,29.56306075426642,19877000
2024-12-06,29.730926513671875,29.74957871428872,29.674971690593086,29.70294999151836,21241000
2024-12-09,29.82418441772461,29.82418441772461,29.712274776521063,29.712274776521063,20383000
2024-12-10,29.54440689086914,29.57238341022642,29.469799874630443,29.57238341022642,18703000
2024-12-11,29.376543045043945,29.43249786707366,29.348564744643227,29.43249786707366,22584000
2024-12-12,29.031482696533203,29.134068013016417,29.031482696533203,29.134068013016417,24068000
2024-12-13,28.816987991333008,28.87294281045576,28.79833579203488,28.835640190631135,19934000
2024-12-16,28.63979721069336,28.63979721069336,28.565190188221294,28.611820688998662,19443000
2024-12-17,28.574514389038086,28.658447506086617,28.574514389038086,28.658447506086617,21420000
2024-12-18,28.677101135253906,28.723729856485477,28.667775035253253,28.677101135253906,20940000
2024-12-19,28.332040786743164,28.387997383263976,28.322716466094615,28.3413668861633,23941000
2024-12-20,28.154603958129883,28.22067213412742,28.13572682206694,28.22067213412742,18896000
2024-12-23,28.173480987548828,28.20179489131329,28.097974243805634,28.097974243805634,26786000
2024-12-24,27.97527313232422,27.99415026728481,27.965834564843924,27.99415026728481,19870000
2024-12-25,28.08853530883789,28.08853530883789,28.031905701826044,28.041342469475726,18430000
2024-12-26,27.95639991760254,28.04134343092137,27.937522781210436,28.04134343092137,19082000
2024-12-27,28.050779342651367,28.079095044557963,28.022465440967412,28.03190400826961,19304000
2024-12-30,27.862014770507812,27.96583541550371,27.824260499438225,27.87145333827521,21011000
2024-12-31,28.258424758911133,28.26786332639238,28.135725181877607,28.154602316840098,18326000
2025-01-02,28.00358772277832,28.022464856989327,27.880889950851998,27.880889950851998,10003000
2025-01-03,28.2301082611084,28.2301082611084,28.097971920539127,28.097971920539127,15645000
2025-01-06,27.96583366394043,28.00358793264538,27.9280811954581,27.984710798292905,12722000
2025-01-07,27.767627716064453,27.937518315994346,27.758189149376957,27.862011582716896,15149000
2025-01-08,27.53166961669922,27.550546750531648,27.49391534903436,27.550546750531648,12773000
2025-01-09,27.644933700561523,27.644933700561523,27.53167268516632,27.53167268516632,14731000
2025-01-10,27.53166961669922,27.616614918722583,27.522231049783006,27.616614918722583,5392000
2025-01-13,27.49391746520996,27.531671735780723,27.427849291933835,27.531671735780723,15851000
2025-01-14,27.59773826599121,27.607176833071964,27.55054723081004,27.55054723081004,13758000
2025-01-15,27.512794494628906,27.541110197448024,27.437287754000632,27.47504202442612,12313000
2025-01-16,27.843137741088867,27.852576308892235,27.758192431081284,27.79594670229476,13557000
2025-01-17,27.890329360961914,27.928083632961975,27.871454025184654,27.880892593184672,11707000
2025-01-20,27.767627716064453,27.918641182619353,27.748750582689457,27.918641182619353,13054000
2025-01-21,28.0224666595459,28.031905227258537,27.80538320260057,27.89032851179163,10320000
2025-01-22,27.984712600708008,27.984712600708008,27.87145338774369,27.937521562009994,13860000
2025-02-03,28.626522064208984,28.69259024137397,28.11685198306281,28.11685198306281,25106000
2025-02-04,28.37168312072754,28.409437389524737,28.230108213183293,28.305614950555064,16412000
2025-02-05,28.428316116333008,28.428316116333008,28.362246142237012,28.41887754860501,12032000
2025-02-06,28.83416175842285,28.87191602675688,28.777532156144403,28.78697072322791,14970000
2025-02-07,28.786972045898438,28.8624787858132,28.777533478381258,28.834163083261657,11741000
2025-02-10,28.654836654663086,28.720904829259247,28.617082383337998,28.673711990102888,9958000
2025-02-11,28.541574478149414,28.626519784947515,28.541574478149414,28.626519784947515,14347000
2025-02-12,28.343368530273438,28.418875265809504,28.324491396333777,28.418875265809504,11702000
2025-02-13,28.01302719116211,28.097972497622017,28.003588623752936,28.088533930212844,7600000
2025-02-14,28.38112449645996,28.38112449645996,28.27730204721625,28.27730204721625,13567000
2025-02-17,28.399999618530273,28.466067790554995,28.381122483602446,28.437752088163254,18013000
2025-02-18,28.390560150146484,28.41887585163968,28.371683015817688,28.399998717310883,9690000
2025-02-19,28.220672607421875,28.248988311991184,28.201795471042335,28.220672607421875,6394000
2025-02-20,28.286741256713867,28.343372666797823,28.230111646852748,28.230111646852748,7447000
2025-02-21,28.38112449645996,28.39056306459328,28.28674061534957,28.28674061534957,12738000
2025-02-24,28.569889068603516,28.617080103778022,28.560450501524095,28.579327635682937,8375000
2025-02-25,28.82472801208496,28.853041916079878,28.777535171722114,28.777535171722114,11068000
2025-02-26,29.117313385009766,29.27776542506548,29.09843625083319,29.221134022535747,10113000
2025-02-27,29.42877769470215,29.44765482810685,29.268325661207253,29.268325661207253,17605000
2025-03-03,29.542041778564453,29.560918915089914,29.428782559857336,29.494850737473623,12766000
2025-03-04,29.8251895904541,29.966764495743806,29.806312456356117,29.844066724552086,14317000
2025-03-05,29.315519332885742,29.3910260730776,29.25888972779752,29.362712170644834,21062000
2025-03-06,29.070119857788086,29.098435558379126,29.051244524283284,29.088996991515447,14220000
2025-03-07,29.32495880126953,29.362713072636577,29.258890626599943,29.258890626599943,12071000
2025-03-10,29.230571746826172,29.27776458090692,29.164503579335676,29.202257846600272,12497000
2025-03-11,29.579792022705078,29.67417589225402,29.55147632177362,29.617544490391108,8484000
2025-03-12,29.24945068359375,29.24945068359375,29.192821079428366,29.21169821422438,12787000
2025-03-13,29.13619041442871,29.14562718126047,29.051245111162125,29.117313280320005,17865000
2025-03-14,29.202259063720703,29.268327233964854,29.183381929301625,29.192820496511164,12085000
2025-03-17,29.19282341003418,29.211700546337244,29.155069137428043,29.155069137428043,10206000
2025-03-18,29.36663246154785,29.395283490436068,29.299781882350345,29.34753177562237,10302000
2025-03-19,29.3093318939209,29.347531443798278,29.299781551066143,29.318882236775654,6070000
2025-03-20,29.567184448242188,29.65313571408931,29.46213431785035,29.46213431785035,6106000
2025-03-21,29.490785598754883,29.538537317328014,29.490785598754883,29.538537317328014,17301000
2025-03-24,29.261581420898438,29.347532688695576,29.261581420898438,29.347532688695576,13882000
2025-03-25,29.070579528808594,29.108779079660497,29.061029185710197,29.108779079660497,5981000
2025-03-26,29.032379150390625,29.070580524092115,29.032379150390625,29.061030180666744,13336000
2025-03-27,28.927326202392578,29.022825984274707,28.91777585989605,29.022825984274707,10327000
2025-03-28,28.994178771972656,28.994178771972656,28.927328191441873,28.927328191441873,8012000
2025-03-31,29.52898597717285,29.548086663957562,29.47168573836047,29.50988529038814,7287000
2025-04-01,29.710439682006836,29.748639235093254,29.595837379663976,29.60538772332103,9181000
2025-04-02,29.73908805847168,29.8154889840464,29.72953771508212,29.758188745250795,5904000
2025-04-07,30.22614288330078,30.493547018023563,30.17839299067319,30.197493676340883,11644000
2025-04-08,29.27113151550293,29.385733812106153,29.166081383620156,29.166081383620156,6673000
2025-04-09,28.086917877197266,28.41162227752085,27.485260795151692,28.402071933800528,9587000
2025-04-10,28.793624877929688,28.87002580073565,28.497571529749294,28.497571529749294,5160000
2025-04-11,27.781312942504883,27.85771386736554,27.609410406182967,27.743111569303686,21495000
2025-04-14,27.7622127532959,27.78131344023871,27.494810422263644,27.64761227472258,8059000
2025-04-15,28.125118255615234,28.125118255615234,27.905464000913806,27.934115031059665,5397000
2025-04-16,28.06781578063965,28.096466810362205,28.01051554273625,28.01051554273625,25831000
2025-04-17,28.258817672729492,28.258817672729492,28.096465488357484,28.115566173940458,10960000
2025-04-18,28.06781578063965,28.115567496843912,27.915013931869442,28.115567496843912,14680000
2025-04-21,27.685810089111328,27.876813303465802,27.685810089111328,27.82906158910636,11760000
2025-04-22,27.46615982055664,27.618961675400595,27.45660947693617,27.504359373496733,7349000
2025-04-23,28.058265686035156,28.10601740266257,27.972316239189286,27.981864760973032,13557000
2025-04-24,28.096464157104492,28.115564841782447,28.06781313008756,28.07736347242654,8131000
2025-04-25,28.268369674682617,28.268369674682617,28.163317719352058,28.172868062704087,8929000
2025-04-28,28.478469848632812,28.54532042605958,28.402068928496277,28.402068928496277,13244000
2025-04-29,28.392518997192383,28.535770496831393,28.363869790189568,28.488020604132274,7052000
2025-04-30,28.325668334960938,28.554871098013304,28.325668334960938,28.497570862635623,3796000
2025-05-02,27.38975715637207,28.096466145598953,27.313356233794615,28.096466145598953,6888000
2025-05-05,25.479732513427734,26.835850268268903,25.422432276333513,26.807199238950947,8757000
2025-05-06,25.747135162353516,25.91903769736862,25.403331913865024,25.403331913865024,9198000
2025-05-07,26.167341232299805,26.243742156800494,25.842636847786437,25.842636847786437,6163000
2025-05-08,26.186443328857422,26.320144498547535,26.167342641318314,26.262844257472032,7515000
2025-05-09,25.995439529418945,26.138692861295137,25.966790320277134,25.995439529418945,10260000
2025-05-12,25.947689056396484,25.966789743094317,25.880838474495814,25.9572393997454,11039000
2025-05-13,25.938135147094727,25.976336515238497,25.833083206240847,25.94768548913067,2516000
2025-05-14,25.775787353515625,25.861738624896216,25.75668666619954,25.861738624896216,24751000
2025-05-15,25.479732513427734,25.60388333072216,25.431980797897804,25.60388333072216,8347000
2025-05-16,25.747135162353516,25.75668550558121,25.689834924529052,25.69938526775675,8067000
2025-05-19,25.41288185119629,25.527482325014805,25.34603127121187,25.489282774255862,1975000
2025-05-20,25.670734405517578,25.737586808547515,25.651635540479326,25.69938543538755,2343000
2025-05-21,25.346031188964844,25.45108131936732,25.317380159832343,25.45108131936732,4882000
2025-05-22,24.85897445678711,24.897174007166743,24.782573534486172,24.830323427846132,2384000
2025-05-23,24.983125686645508,25.078627296490428,24.973575343506845,25.069076953351765,109000
2025-05-26,24.72527313232422,24.925826705257727,24.71572278870436,24.839875434220765,3606000
2025-05-27,25.231430053710938,25.231430053710938,24.849425422094246,24.925826348417583,14514000
2025-05-28,25.221878051757812,25.269627944491933,25.202777366047506,25.24097873746812,4613000
2025-05-29,25.250530242919922,25.279179451262817,25.212328869740425,25.212328869740425,18836000
2025-06-02,25.403331756591797,25.4319809645558,25.26008025214666,25.307830146447806,4006000
2025-06-03,25.422433853149414,25.422433853149414,25.26008165336122,25.35558144726102,3265000
2025-06-04,25.355581283569336,25.384232314479394,25.317381730564385,25.384232314479394,15352000
2025-06-05,25.622983932495117,25.63253427556963,25.537032666366187,25.565683695589726,6930000
2025-06-06,25.632535934448242,25.680285831369382,25.603884903370474,25.603884903370474,4093000
2025-06-09,25.317380905151367,25.403332173537514,25.307830561826048,25.384231486886872,3300000
2025-06-10,25.441532135009766,25.441532135009766,25.355580865239457,25.355580865239457,3924000
2025-06-11,25.43198013305664,25.48928219019457,25.422431611741967,25.460631161625606,17505000
2025-06-12,25.393781661987305,25.527482824572587,25.317380737432607,25.470182586542,6420000
2025-06-13,25.680286407470703,25.680286407470703,25.47018430614581,25.47018430614581,6721000
2025-06-16,25.19322967529297,25.622986041307247,25.174130809113766,25.622986041307247,5867000
2025-06-17,25.027986526489258,25.221253571812102,24.99899775988263,25.221253571812102,4470000
2025-06-18,25.240581512451172,25.36620380603667,25.230917975539793,25.30822442769961,10409000
2025-06-19,25.36620330810547,25.38553038154884,25.2405810169859,25.2405810169859,4976000
2025-06-20,25.279233932495117,25.337213311097152,25.25990685858403,25.337213311097152,547000
2025-06-23,25.375865936279297,25.375865936279297,25.172935358651895,25.172935358651895,22362000
2025-06-24,25.414518356323242,25.453172502005,25.3758660537726,25.453172502005,3290000
2025-06-25,25.46283721923828,25.598123049135943,25.385530767420875,25.49182598671281,13970000
2025-06-26,25.32754898071289,25.433846040762695,25.298560213885604,25.433846040762695,1874000
2025-06-27,25.182600021362305,25.375867071258213,25.163274790877665,25.375867071258213,6780000
2025-06-30,25.211589813232422,25.250242116077953,25.134283364410233,25.18259920374993,3888000
2025-07-01,25.617448806762695,25.7913887751984,25.54014235891695,25.7913887751984,9206000
2025-07-02,25.47249984741211,25.559469832995564,25.433845701316738,25.549806296471722,4042000
2025-07-03,25.221254348754883,25.308224337516165,25.201927275000997,25.308224337516165,10943000
2025-07-04,25.0086612701416,25.027988344704173,24.941018352303875,24.989336038710306,3592000
2025-07-07,25.14394760131836,25.14394760131836,25.008659929762587,25.008659929762587,4341000
2025-07-08,24.8927001953125,24.960343106862982,24.883036658929417,24.912027268078667,7587000
2025-07-09,24.87337303161621,24.94101594291941,24.8540459589207,24.94101594291941,15147000
2025-07-10,25.240581512451172,25.29856089078823,25.153611523379976,25.192263827894283,5361000
2025-07-11,25.201927185058594,25.308224247194403,25.19226364821614,25.250243026139675,13599000
2025-07-14,24.90236473083496,24.94101703478701,24.873374120522538,24.90236473083496,7890000
2025-07-15,24.931354522705078,24.998999282880956,24.902365754332386,24.912029291500367,8162000
2025-07-16,24.86370849609375,24.86370849609375,24.80572912346827,24.844381424174916,2624000
2025-07-17,24.87337303161621,24.90236364065948,24.8540459589207,24.863709495268456,10847000
2025-07-18,24.998998641967773,25.0086603357568,24.902365115896654,24.902365115896654,4069000
2025-07-21,25.018321990966797,25.027985527160205,24.93135200835721,24.95067908074402,7063000
2025-07-22,25.15361213684082,25.182600905150743,25.105294451105532,25.124621525399647,4024000
2025-07-23,25.114957809448242,25.22125487417785,25.095630735291724,25.21159133709959,4804000
2025-07-24,25.04731559753418,25.11495851585334,25.027988522834054,25.11495851585334,8338000
2025-07-25,25.259906768798828,25.27923384264121,25.1729367796393,25.1729367796393,2811000
2025-07-28,25.308223724365234,25.337212491162543,25.25990604115113,25.25990604115113,10116000
2025-07-29,25.424182891845703,25.443509965446083,25.327549366974985,25.327549366974985,5595000
2025-07-30,25.79138946533203,25.82037823209294,25.68509240552564,25.68509240552564,4367000
2025-07-31,25.917011260986328,25.9363383338791,25.74307129121362,25.74307129121362,14177000
2025-08-01,25.868694305419922,25.946000750523424,25.83004016130265,25.907346606406154,7575000
2025-08-04,25.936336517333984,26.013642960359515,25.92667298156442,26.013642960359515,6336000
2025-08-05,26.274555206298828,26.322871046262666,26.245564596441838,26.245564596441838,13208000
2025-08-06,26.303544998168945,26.332535609155805,26.284219767308926,26.284219767308926,9508000
2025-08-07,26.071626663208008,26.274557261820398,26.013647282089305,26.274557261820398,7797000
2025-08-08,26.129606246948242,26.14893147735364,26.071625026338516,26.10061563664338,5804000
2025-08-11,26.071626663208008,26.090953737958007,26.05229958845801,26.081290200583005,5744000
2025-08-12,26.11994171142578,26.11994171142578,26.04263526336664,26.071624029431877,9897000
2025-08-13,26.052297592163086,26.071624665432118,25.94600237544571,25.99431821548714,21749000
2025-08-14,26.168258666992188,26.226238044727975,26.148931593369863,26.148931593369863,5330000
2025-08-15,26.13926887512207,26.168259486463413,26.10061656979819,26.10061656979819,4680000
2025-08-18,25.92667579650879,25.99431871110897,25.92667579650879,25.946002870146323,3508000
2025-08-19,25.849369049072266,25.907348426189717,25.849369049072266,25.907348426189717,14277000
2025-08-20,26.090951919555664,26.168258370036508,26.042636079179324,26.042636079179324,7492000
2025-08-21,26.37118911743164,26.40984142134528,26.129606227795065,26.129606227795065,5152000
2025-08-22,26.400177001953125,26.496810523203262,26.29387994426486,26.29387994426486,4599000
2025-08-25,26.36152458190918,26.43883102993872,26.342197509119018,26.43883102993872,3697000
2025-08-26,26.226238250732422,26.322871776471906,26.206913020089484,26.264892398280693,21678000
2025-08-27,26.37118911743164,26.390514347822872,26.34219850714803,26.37118911743164,7918000
2025-08-28,26.429166793823242,26.477482631388362,26.371187420118883,26.371187420118883,4186000
2025-08-29,26.48714828491211,26.564454737074822,26.48714828491211,26.545127663251343,10926000
2025-09-01,26.342199325561523,26.400178704798908,26.33253578850009,26.33253578850009,7413000
2025-09-02,26.36152458190918,26.390513347963314,26.284218133879637,26.284218133879637,10280000
2025-09-03,26.25522804260254,26.351861565328427,26.25522804260254,26.313207418985613,7630000
2025-09-04,26.59344482421875,26.632097127973488,26.56445421405432,26.612771897661702,5419000
2025-09-05,26.767383575439453,26.84469002254652,26.73839296660015,26.748056502879916,8681000
2025-09-08,26.960647583007812,26.970311118861538,26.921995282723916,26.970311118861538,4987000
2025-09-09,27.173242568969727,27.240885479013972,27.173242568969727,27.211894870510267,12079000
2025-09-10,26.9219970703125,27.06694643148084,26.89300646082638,27.057282894985466,7494000
2025-09-11,27.182903289794922,27.192566825617202,27.008965174386883,27.008965174386883,14400000
2025-09-12,27.231224060058594,27.29886697536204,27.211896986220122,27.260212827685095,7000000
2025-09-15,27.202232360839844,27.221559433904968,27.144252984775605,27.202232360839844,5139000
2025-09-16,27.176815032958984,27.274573736016972,27.127936613726078,27.274573736016972,9287000
2025-09-17,27.176815032958984,27.196367146489017,27.079058194493168,27.176815032958984,5209000
2025-09-18,27.16703987121582,27.16703987121582,27.06928117164676,27.127935645551354,11195000
2025-09-19,26.87376594543457,26.951972538494925,26.83466358120052,26.883542002641146,7704000
2025-09-22,26.863988876342773,26.942195466457324,26.863988876342773,26.863988876342773,9672000
2025-09-23,26.84443473815918,26.87376290646239,26.81510843444802,26.81510843444802,7875000
2025-09-24,27.137712478637695,27.137712478637695,27.049729832966726,27.049729832966726,4244000
2025-09-25,27.12793731689453,27.12793731689453,27.03995466832101,27.069282839376257,4838000
2025-09-26,27.098608016967773,27.17681460526496,27.098608016967773,27.12793618680127,14818000
2025-09-30,27.303903579711914,27.34300594457631,27.26479935025523,27.323455694440252,5851000
2025-10-01,27.196367263793945,27.225695434215496,27.167040957964577,27.17681515017958,7833000
2025-10-02,27.24524688720703,27.294125305465595,27.235470830636892,27.294125305465595,8899000
2025-10-03,27.28434944152832,27.362556030049458,27.27457338488916,27.27457338488916,8273000
2025-10-07,27.10838508605957,27.14748931396475,27.030178494841422,27.118161143035866,7403000
2025-10-08,27.34300422668457,27.34300422668457,27.284349750776947,27.294125807526914,11429000
2025-10-09,27.323453903198242,27.430986797970014,27.323453903198242,27.430986797970014,7275000
2025-10-13,27.743812561035156,27.743812561035156,27.655831781592717,27.743812561035156,10775000
2025-10-14,27.910003662109375,27.91977971927829,27.763366533760156,27.763366533760156,6015000
2025-10-15,27.86112403869629,27.988209047224174,27.86112403869629,27.97843485506925,6327000
2025-10-16,27.890451431274414,27.92955379258034,27.831795092427353,27.870899318325392,13991000
2025-10-17,28.203277587890625,28.242379948930072,28.085966775588062,28.085966775588062,6055000
2025-10-20,27.870901107788086,27.988210063829847,27.870901107788086,27.929555585808966,5124000
2025-10-21,28.15439796447754,28.15439796447754,28.0859674326136,28.095743489250186,7990000
2025-10-22,28.359691619873047,28.389019789984676,28.32058739305754,28.32058739305754,7183000
2025-10-23,28.42812156677246,28.486776041195654,28.398793397264804,28.398793397264804,6301000
2025-10-27,28.01753807067871,28.11529677653451,27.997985956589105,28.11529677653451,6111000
2025-10-28,28.203277587890625,28.26193206174585,28.15439730585118,28.15439730585118,5576000
2025-10-29,28.183727264404297,28.213055435489952,28.154399093318645,28.19350332143285,15863000
2025-10-30,27.997983932495117,28.027312101509267,27.890451041960752,27.92955340272086,5353000
2025-10-31,27.870901107788086,27.91977952870678,27.8611250506859,27.900229279094646,10053000
2025-11-03,27.86112403869629,27.91000245783959,27.831795868455007,27.870900095443382,6774000
2025-11-04,27.910003662109375,27.91977971927829,27.870901298025966,27.870901298025966,7949000
2025-11-05,28.056642532348633,28.18372754580423,28.056642532348633,28.07619278200871,13016000
2025-11-06,27.743812561035156,27.753588617549234,27.714486256085053,27.714486256085053,11019000
2025-11-07,27.929553985595703,27.99798451679807,27.929553985595703,27.929553985595703,4553000
2025-11-10,27.753589630126953,27.86112439111303,27.7438135732562,27.851348334242278,5794000
2025-11-11,27.870901107788086,27.89045322199246,27.8611250506859,27.89045322199246,1838000
2025-11-12,28.03708839416504,28.09574286809563,28.00776022490369,28.05664050700594,3905000
2025-11-13,28.15439796447754,28.18372613438729,28.13484771579652,28.13484771579652,5971000
2025-11-14,28.03708839416504,28.04686445058549,27.98820811206279,28.01753628132414,2851000
2025-11-17,27.802471160888672,27.831797468223456,27.58740162927477,27.72426456700878,26364000
2025-11-18,28.046865463256836,28.076191768984945,27.910002533021018,27.910002533021018,4650000
2025-11-19,27.968658447265625,27.99798475254664,27.929554220768075,27.929554220768075,8667000
2025-11-20,27.949108123779297,27.949108123779297,27.900229702119507,27.900229702119507,7494000
2025-11-21,28.164175033569336,28.18372714754537,28.125072670209487,28.125072670209487,6267000
2025-11-24,28.34991455078125,28.35969060713602,28.21305349099867,28.21305349099867,7867000
2025-11-25,28.506328582763672,28.52588069606272,28.349915405555564,28.349915405555564,5637000
2025-11-26,28.48677635192871,28.53565663497466,28.47700029531952,28.52588057836547,3003000
2025-11-27,28.564983367919922,28.604087594942197,28.51610494873425,28.52588100548982,24199000
2025-11-28,28.525880813598633,28.55520711907589,28.496552643529217,28.496552643529217,10975000
2025-12-01,28.42812156677246,28.50632815420076,28.42812156677246,28.50632815420076,10431000
2025-12-02,28.291261672973633,28.301037729879805,28.271709559161284,28.271709559161284,8416000
2025-12-03,28.19350242614746,28.24238084514586,28.19350242614746,28.232604788427746,11326000
2025-12-04,28.144624710083008,28.17395101637763,28.125072596158454,28.144624710083008,4271000
2025-12-05,28.085968017578125,28.134848301779105,28.085968017578125,28.125072244938906,2610000
2025-12-08,27.743812561035156,27.890451544154182,27.734038369113204,27.890451544154182,3356000
2025-12-09,27.714487075805664,27.802469722442524,27.694934962199213,27.743813381623163,6738000
2025-12-10,27.822019577026367,27.822019577026367,27.71448668289972,27.71448668289972,3995000
2025-12-11,27.968658447265625,28.007760809171025,27.81224527045972,27.86112368898951,23680000
2025-12-12,27.782917022705078,27.870899667485784,27.773140966108095,27.870899667485784,10398000
2025-12-15,27.704710006713867,27.724262119605914,27.66560578092977,27.675381837375795,5036000
2025-12-16,27.87677764892578,27.87677764892578,27.777888385136254,27.81744295895857,2824000
2025-12-17,27.965778350830078,28.01522204062483,27.965778350830078,27.9756674660202,11537000
2025-12-18,28.054777145385742,28.14377540548348,28.025109801249315,28.104220832790684,7584000
2025-12-19,28.044889450073242,28.114111370405908,28.035000334860595,28.084444024767965,8706000
2025-12-22,27.985553741455078,27.985553741455078,27.936110053345107,27.985553741455078,5725000
2025-12-23,28.005332946777344,28.03500029237032,27.995443831579685,28.015222061975003,15370000
2025-12-24,27.975666046142578,28.054777077492496,27.965776931454368,28.005331504051444,10947000
2025-12-26,28.025110244750977,28.044888474488253,27.98555378527642,27.98555378527642,4032000
2025-12-29,27.965778350830078,28.035000271005075,27.965778350830078,28.025111155814955,14877000
2025-12-30,27.955888748168945,28.08444347108719,27.955888748168945,28.02511066713691,4545000
2025-12-31,27.985553741455078,27.995442856308234,27.936110053345107,27.94599916819826,7943000
2026-01-02,27.787776947021484,27.856998864449558,27.77788783222379,27.817442405258777,3650000
2026-01-05,27.77788734436035,27.827331031324658,27.76799822973634,27.787776458984364,2443000
2026-01-06,27.80755615234375,27.965778222347073,27.797667037199062,27.866888957056034,4278000
2026-01-07,27.886667251586914,27.946000056435878,27.886667251586914,27.916332710933467,3887000
2026-01-08,28.173442840576172,28.18333195532024,27.995442547494488,27.995442547494488,5139000
2026-01-09,28.133888244628906,28.16355370268095,28.06466444147733,28.06466444147733,2481000
2026-01-12,28.084444046020508,28.173444196845818,28.074554930800378,28.133889622121163,5443000
2026-01-13,28.163555145263672,28.23277706580513,28.14377691477872,28.173444260506148,2922000
2026-01-14,28.133888244628906,28.20311016162471,28.133888244628906,28.16355370268095,20040000
2026-01-15,28.2723331451416,28.311887719421705,28.252554914923625,28.302000490468565,5070000
2026-01-16,28.232776641845703,28.30200044750353,28.222889412907573,28.292111332409558,3258000
2026-01-19,27.92622184753418,28.06466568767331,27.90644361718406,28.06466568767331,5499000
2026-01-20,27.965778350830078,28.025111155814955,27.926221890069588,27.926221890069588,6967000
2026-01-21,27.906442642211914,27.926220871871042,27.807555266227876,27.827331609731207,27648000
2026-01-22,28.074554443359375,28.074554443359375,27.98555429407932,28.03499986932148,6085000
2026-01-23,28.10422134399414,28.163554147190464,28.094332229102122,28.10422134399414,6930000
2026-01-26,28.064664840698242,28.084443070451467,27.995442922717753,28.034999382224207,5133000
2026-01-27,28.084444046020508,28.153665966405555,28.084444046020508,28.153665966405555,4035000
2026-01-28,27.77788734436035,27.837220145948667,27.76799822973634,27.827331031324658,15886000
2026-01-29,27.688888549804688,27.777888699607242,27.6789994346982,27.767999584500753,3085000
2026-01-30,27.76799964904785,27.76799964904785,27.69877772929737,27.69877772929737,5451000
2026-02-02,28.143775939941406,28.143775939941406,27.847110037566456,27.847110037566456,5376000
2026-02-03,27.837221145629883,27.896553949348938,27.817442915671588,27.896553949348938,3952000
2026-02-04,27.886667251586914,27.906443595765996,27.847110790917032,27.847110790917032,3976000
2026-02-05,27.975666046142578,27.975666046142578,27.896553128636896,27.926220472701527,4727000
2026-02-06,28.193222045898438,28.262443965347078,28.133889241536153,28.133889241536153,4496000
2026-02-09,28.064664840698242,28.104221300204692,28.044888497100818,28.074553955574853,18651000
2026-02-10,28.133888244628906,28.18333193215283,28.06466444147733,28.08444267094921,4446000
2026-02-11,28.302000045776367,28.410776537954405,28.302000045776367,28.35144373438858,4521000
2026-02-23,28.60855484008789,28.64810941343593,28.568998380584052,28.568998380584052,5660000
2026-02-24,28.648109436035156,28.707444125337723,28.648109436035156,28.6876658955702,3841000
2026-02-25,28.578887939453125,28.71733366371161,28.559109709393937,28.71733366371161,4115000
2026-02-26,28.568998336791992,28.618443911095998,28.55910922193119,28.598665681374396,19576000
2026-03-02,29.033777236938477,29.033777236938477,28.885442400527282,28.905220630202884,10461000
2026-03-03,28.855777740478516,28.9052214298796,28.806332164921585,28.806332164921585,7893000
2026-03-04,28.964555740356445,29.02388854409011,28.934888395411704,28.944777510393283,5888000
2026-03-05,28.677776336669922,28.865665744240687,28.677776336669922,28.865665744240687,2020000
2026-03-06,28.687665939331055,28.816220660704435,28.687665939331055,28.72722051277063,492000
2026-03-09,28.53933334350586,28.677777181501867,28.48988776839598,28.628333492547817,5231000
2026-03-10,28.93488883972168,28.944777954855113,28.76677765476502,28.76677765476502,8726000
2026-03-11,28.628334045410156,28.727221425227942,28.60855581498425,28.727221425227942,4923000
2026-03-12,28.2822208404541,28.40088644349313,28.2822208404541,28.40088644349313,3533000
2026-03-13,28.361331939697266,28.390997397450796,28.32177548115155,28.32177548115155,3716000
2026-03-16,28.479997634887695,28.509664978892676,28.381110260515953,28.381110260515953,2586000
2026-03-17,28.3700008392334,28.489999771118164,28.360000610351562,28.489999771118164,3913000
2026-03-18,28.520000457763672,28.549999237060547,28.420000076293945,28.420000076293945,3871156
