Price,Close,High,Low,Open,Volume
Ticker,00789B.TWO,00789B.TWO,00789B.TWO,00789B.TWO,00789B.TWO
Date,,,,,
2021-03-18,50.28923416137695,50.28923416137695,50.28923416137695,50.28923416137695,100000
2021-03-19,50.65511703491211,50.65511703491211,50.65511703491211,50.65511703491211,100000
2021-03-22,51.06166076660156,51.06166076660156,51.06166076660156,51.06166076660156,100000
2021-03-23,51.10231018066406,51.10231018066406,51.10231018066406,51.10231018066406,100000
2021-03-24,51.63081741333008,51.63081741333008,51.63081741333008,51.63081741333008,100000
2021-03-25,51.59016418457031,51.59016418457031,51.59016418457031,51.59016418457031,100000
2021-03-26,51.38689041137695,51.38689041137695,51.38689041137695,51.38689041137695,100000
2021-03-29,51.34625244140625,51.34625244140625,51.34625244140625,51.34625244140625,100000
2021-03-30,50.9803581237793,50.9803581237793,50.9803581237793,50.9803581237793,100000
2021-03-31,51.42754364013672,51.42754364013672,51.42754364013672,51.42754364013672,100000
2021-04-01,51.67146301269531,51.67146301269531,51.67146301269531,51.67146301269531,100000
2021-04-07,52.281288146972656,52.281288146972656,52.281288146972656,52.281288146972656,100000
2021-04-08,51.874752044677734,51.874752044677734,51.874752044677734,51.874752044677734,100000
2021-04-09,52.443904876708984,52.443904876708984,52.443904876708984,52.443904876708984,100000
2021-04-12,52.32193374633789,52.32193374633789,52.32193374633789,52.32193374633789,100000
2021-04-13,52.40324020385742,52.40324020385742,52.28128261566862,52.28128261566862,101000
2021-04-14,52.687828063964844,52.687828063964844,52.687828063964844,52.687828063964844,100000
2021-04-15,52.60652160644531,52.60652160644531,52.60652160644531,52.60652160644531,100000
2021-04-16,52.85044479370117,52.85044479370117,52.85044479370117,52.85044479370117,100000
2021-04-19,52.281288146972656,52.281288146972656,52.281288146972656,52.281288146972656,100000
2021-04-20,51.752784729003906,51.752784729003906,51.752784729003906,51.752784729003906,100000
2021-04-21,51.85354232788086,51.85354232788086,51.85354232788086,51.85354232788086,100000
2021-04-22,52.26313400268555,52.26313400268555,52.26313400268555,52.26313400268555,100000
2021-04-23,52.22216796875,52.22216796875,52.22216796875,52.22216796875,100000
2021-04-26,51.93545913696289,51.93545913696289,51.93545913696289,51.93545913696289,100000
2021-04-27,51.81257629394531,51.81257629394531,51.81257629394531,51.81257629394531,100000
2021-04-28,51.4439582824707,51.4439582824707,51.4439582824707,51.4439582824707,100000
2021-04-29,51.4439582824707,51.4439582824707,51.4439582824707,51.4439582824707,100000
2021-05-03,51.40299606323242,51.40299606323242,51.40299606323242,51.40299606323242,100000
2021-05-04,51.6077880859375,51.6077880859375,51.6077880859375,51.6077880859375,100000
2021-05-05,51.689701080322266,51.689701080322266,51.689701080322266,51.689701080322266,100000
2021-05-06,52.017372131347656,52.017372131347656,52.017372131347656,52.017372131347656,100000
2021-05-07,52.05832290649414,52.05832290649414,51.89448806111816,51.89448806111816,101000
2021-05-10,51.4439582824707,51.4439582824707,51.4439582824707,51.4439582824707,100000
2021-05-11,51.239158630371094,51.239158630371094,51.239158630371094,51.239158630371094,100000
2021-05-12,50.95244598388672,50.95244598388672,50.95244598388672,50.95244598388672,100000
2021-05-13,50.66574478149414,50.66574478149414,50.66574478149414,50.66574478149414,100000
2021-05-14,50.50190734863281,50.50190734863281,50.50190734863281,50.50190734863281,105000
2021-05-17,51.15724563598633,51.15724563598633,51.15724563598633,51.15724563598633,100000
2021-05-18,50.95244598388672,50.95244598388672,50.95244598388672,50.95244598388672,100000
2021-05-19,50.70669937133789,50.70669937133789,50.665738310746114,50.665738310746114,101000
2021-05-20,50.74765396118164,50.74765396118164,50.74765396118164,50.74765396118164,100000
2021-05-21,50.993412017822266,50.993412017822266,50.993412017822266,50.993412017822266,100000
2021-05-24,51.19819259643555,51.19819259643555,51.19819259643555,51.19819259643555,100000
2021-05-25,51.15724563598633,51.15724563598633,51.15724563598633,51.15724563598633,100000
2021-05-26,51.56682205200195,51.56682205200195,51.56682205200195,51.56682205200195,100000
2021-05-27,51.56682205200195,51.56682205200195,51.56682205200195,51.56682205200195,100000
2021-05-28,51.19819259643555,51.19819259643555,50.91148396785138,50.91148396785138,103000
2021-05-31,51.11627960205078,51.11627960205078,51.11627960205078,51.11627960205078,100000
2021-06-01,51.15724563598633,51.15724563598633,50.95245282169086,50.95245282169086,109000
2021-06-02,51.034366607666016,51.034366607666016,51.034366607666016,51.034366607666016,100000
2021-06-03,51.0753288269043,51.0753288269043,51.0753288269043,51.0753288269043,100000
2021-06-04,50.95244598388672,50.95244598388672,50.95244598388672,50.95244598388672,100000
2021-06-07,51.6077880859375,51.6077880859375,51.6077880859375,51.6077880859375,100000
2021-06-08,51.52587127685547,51.52587127685547,51.52587127685547,51.52587127685547,100000
2021-06-09,51.85354232788086,51.85354232788086,51.85354232788086,51.85354232788086,100000
2021-06-10,52.14025115966797,52.14025115966797,52.14025115966797,52.14025115966797,100000
2021-06-11,52.38600158691406,52.38600158691406,52.38600158691406,52.38600158691406,100000
2021-06-15,52.38600158691406,52.38600158691406,52.38600158691406,52.38600158691406,100000
2021-06-16,52.181209564208984,52.181209564208984,52.181209564208984,52.181209564208984,100000
2021-06-17,52.34503936767578,52.34503936767578,52.34503936767578,52.34503936767578,100000
2021-06-18,53.205162048339844,53.205162048339844,53.205162048339844,53.205162048339844,100000
2021-06-21,54.55680465698242,54.55680465698242,54.18818008995594,54.18818008995594,111000
2021-06-22,53.409969329833984,53.409969329833984,53.409969329833984,53.409969329833984,100000
2021-06-23,53.57380294799805,53.57380294799805,53.57380294799805,53.57380294799805,100000
2021-06-24,53.450931549072266,53.450931549072266,53.450931549072266,53.450931549072266,100000
2021-06-25,53.32803726196289,53.32803726196289,53.32803726196289,53.32803726196289,100000
2021-06-28,52.95941162109375,52.95941162109375,52.95941162109375,52.95941162109375,100000
2021-06-29,53.491878509521484,53.491878509521484,53.491878509521484,53.491878509521484,100000
2021-06-30,53.57380294799805,53.57380294799805,53.57380294799805,53.57380294799805,100000
2021-07-01,53.65571212768555,53.65571212768555,53.65571212768555,53.65571212768555,100000
2021-07-02,53.81954574584961,53.86050680607053,53.81954574584961,53.81954574584961,101000
2021-07-05,53.901466369628906,53.901466369628906,53.901466369628906,53.901466369628906,100000
2021-07-06,53.94242858886719,53.94242858886719,53.94242858886719,53.94242858886719,100000
2021-07-07,54.515846252441406,54.515846252441406,54.515846252441406,54.515846252441406,100000
2021-07-08,54.88446807861328,54.88446807861328,54.88446807861328,54.88446807861328,100000
2021-07-09,54.761592864990234,54.761592864990234,54.761592864990234,54.761592864990234,100000
2021-07-12,54.35201644897461,54.35201644897461,54.35201644897461,54.35201644897461,100000
2021-07-13,54.27009582519531,54.27009582519531,54.27009582519531,54.27009582519531,100000
2021-07-14,53.94242858886719,53.94242858886719,53.94242858886719,53.94242858886719,100000
2021-07-15,54.35201644897461,54.35201644897461,54.35201644897461,54.35201644897461,100000
2021-07-16,54.761592864990234,54.761592864990234,54.761592864990234,54.761592864990234,100000
2021-07-19,54.843505859375,54.843505859375,54.843505859375,54.843505859375,100000
2021-07-20,55.536163330078125,55.536163330078125,55.536163330078125,55.536163330078125,100000
2021-07-21,55.04140853881836,55.04140853881836,55.04140853881836,55.04140853881836,100000
2021-07-22,54.670345306396484,54.670345306396484,54.670345306396484,54.670345306396484,100000
2021-07-23,55.0826530456543,55.0826530456543,55.0826530456543,55.0826530456543,100000
2021-07-26,55.123870849609375,55.123870849609375,55.123870849609375,55.123870849609375,100000
2021-07-27,54.79403305053711,54.79403305053711,54.79403305053711,54.79403305053711,100000
2021-07-28,55.20633316040039,55.20633316040039,55.20633316040039,55.20633316040039,100000
2021-07-29,55.123870849609375,55.123870849609375,55.123870849609375,55.123870849609375,100000
2021-07-30,55.04140853881836,55.04140853881836,54.91771872207908,54.91771872207908,110000
2021-08-02,55.04140853881836,55.04140853881836,55.04140853881836,55.04140853881836,100000
2021-08-03,55.33002471923828,55.33002471923828,55.33002471923828,55.33002471923828,100000
2021-08-04,55.24755859375,55.24755859375,55.123868771509,55.123868771509,110000
2021-08-05,55.123870849609375,55.123870849609375,55.000181022705426,55.000181022705426,109000
2021-08-06,54.835262298583984,54.835262298583984,54.835262298583984,54.835262298583984,100000
2021-08-09,54.09312438964844,54.09312438964844,54.09312438964844,54.09312438964844,100000
2021-08-10,53.804527282714844,53.804527282714844,53.804527282714844,53.804527282714844,100000
2021-08-11,53.557151794433594,53.557151794433594,53.557151794433594,53.557151794433594,100000
2021-08-12,53.598388671875,53.598388671875,53.598388671875,53.598388671875,100000
2021-08-13,53.598388671875,53.598388671875,53.598388671875,53.598388671875,100000
2021-08-16,54.46420669555664,54.46420669555664,54.46420669555664,54.46420669555664,100000
2021-08-17,54.46420669555664,54.46420669555664,54.46420669555664,54.46420669555664,100000
2021-08-18,54.4229736328125,54.4229736328125,54.29928379814903,54.29928379814903,110000
2021-08-19,54.7528076171875,54.7528076171875,54.7528076171875,54.7528076171875,105000
2021-08-20,55.04140853881836,55.04140853881836,55.04140853881836,55.04140853881836,100000
2021-08-23,54.876495361328125,54.876495361328125,54.876495361328125,54.876495361328125,100000
2021-08-24,54.835262298583984,54.835262298583984,54.835262298583984,54.835262298583984,100000
2021-08-25,54.670345306396484,54.670345306396484,54.670345306396484,54.670345306396484,100000
2021-08-26,54.38174819946289,54.38174819946289,54.38174819946289,54.38174819946289,100000
2021-08-27,54.46420669555664,54.46420669555664,54.46420669555664,54.46420669555664,100000
2021-08-30,54.7528076171875,54.7528076171875,54.7528076171875,54.7528076171875,100000
2021-08-31,54.79403305053711,54.79403305053711,54.79403305053711,54.79403305053711,100000
2021-09-01,54.340518951416016,54.340518951416016,54.340518951416016,54.340518951416016,100000
2021-09-02,54.4229736328125,54.4229736328125,54.4229736328125,54.4229736328125,100000
2021-09-03,54.670345306396484,54.670345306396484,54.670345306396484,54.670345306396484,100000
2021-09-06,54.010677337646484,54.010677337646484,54.010677337646484,54.010677337646484,100000
2021-09-07,53.92822265625,53.92822265625,53.92822265625,53.92822265625,100000
2021-09-08,53.886985778808594,53.886985778808594,53.886985778808594,53.886985778808594,100000
2021-09-09,54.09312438964844,54.09312438964844,54.09312438964844,54.09312438964844,100000
2021-09-10,54.7528076171875,54.7528076171875,54.7528076171875,54.7528076171875,100000
2021-09-13,54.58788299560547,54.71157281616909,54.587882995605476,54.71157281616909,101000
2021-09-14,54.7528076171875,54.7528076171875,54.7528076171875,54.7528076171875,100000
2021-09-15,54.876495361328125,55.04141093006155,54.876495361328125,54.95895314569484,135000
2021-09-16,54.91773223876953,54.91773223876953,54.87650648379331,54.87650648379331,105000
2021-09-17,54.7528076171875,54.7528076171875,54.7528076171875,54.7528076171875,100000
2021-09-22,54.91773223876953,54.91773223876953,54.91773223876953,54.91773223876953,100000
2021-09-23,55.453712463378906,55.453712463378906,55.453712463378906,55.453712463378906,100000
2021-09-24,54.299285888671875,54.299285888671875,54.299285888671875,54.299285888671875,100000
2021-09-27,54.09312438964844,54.09312438964844,54.09312438964844,54.09312438964844,100000
2021-09-28,54.134368896484375,54.134368896484375,54.134368896484375,54.134368896484375,100000
2021-09-29,53.515926361083984,53.515926361083984,53.515926361083984,53.515926361083984,100000
2021-09-30,53.969451904296875,53.969451904296875,53.969451904296875,53.969451904296875,100000
2021-10-01,53.886985778808594,53.886985778808594,53.886985778808594,53.886985778808594,100000
2021-10-04,53.804527282714844,53.804527282714844,53.804527282714844,53.804527282714844,100000
2021-10-05,53.92822265625,53.92822265625,53.92822265625,53.92822265625,100000
2021-10-06,53.2685432434082,53.2685432434082,53.18608545441726,53.18608545441726,100000
2021-10-07,53.557151794433594,53.557151794433594,53.557151794433594,53.557151794433594,100000
2021-10-08,53.2685432434082,53.2685432434082,53.14485341435877,53.14485341435877,101000
2021-10-12,53.22732162475586,53.22732162475586,53.22732162475586,53.22732162475586,100000
2021-10-13,53.722068786621094,53.722068786621094,53.722068786621094,53.722068786621094,100000
2021-10-14,54.09312438964844,54.09312438964844,53.969434581923736,53.969434581923736,101000
2021-10-15,54.25804901123047,54.25804901123047,54.25804901123047,54.25804901123047,100000
2021-10-18,54.09312438964844,54.09312438964844,54.09312438964844,54.09312438964844,100000
2021-10-19,54.299285888671875,54.299285888671875,54.13437029685554,54.13437029685554,101000
2021-10-20,53.38599395751953,53.38599395751953,53.38599395751953,53.38599395751953,100000
2021-10-21,52.97085952758789,52.97085952758789,52.97085952758789,52.97085952758789,100000
2021-10-22,53.01237487792969,53.01237487792969,53.01237487792969,53.01237487792969,100000
2021-10-25,53.59356689453125,53.59356689453125,53.59356689453125,53.59356689453125,100000
2021-10-26,53.30295944213867,53.30295944213867,53.30295944213867,53.30295944213867,100000
2021-10-27,53.75961685180664,53.75961685180664,53.75961685180664,53.75961685180664,100000
2021-10-28,54.548362731933594,54.548362731933594,54.548362731933594,54.548362731933594,100000
2021-10-29,54.25776672363281,54.25776672363281,54.25776672363281,54.25776672363281,100000
2021-11-01,54.548362731933594,54.548362731933594,54.548362731933594,54.548362731933594,100000
2021-11-02,54.299293518066406,54.299293518066406,54.299293518066406,54.299293518066406,100000
2021-11-03,54.714420318603516,54.714420318603516,54.714420318603516,54.714420318603516,100000
2021-11-04,53.8426399230957,53.8426399230957,53.8426399230957,53.8426399230957,100000
2021-11-05,54.838958740234375,54.838958740234375,54.838958740234375,54.838958740234375,100000
2021-11-08,55.33711624145508,55.33711624145508,55.33711624145508,55.33711624145508,100000
2021-11-09,55.21257781982422,55.21257781982422,55.21257781982422,55.21257781982422,100000
2021-11-10,55.378631591796875,55.378631591796875,55.378631591796875,55.378631591796875,100000
2021-11-11,54.880462646484375,54.880462646484375,54.880462646484375,54.880462646484375,100000
2021-11-12,54.75592803955078,54.75592803955078,54.75592803955078,54.75592803955078,100000
2021-11-15,54.25776672363281,54.25776672363281,54.25776672363281,54.25776672363281,100000
2021-11-16,53.51053237915039,53.51053237915039,53.51053237915039,53.51053237915039,100000
2021-11-17,53.344478607177734,53.344478607177734,53.344478607177734,53.344478607177734,100000
2021-11-18,53.59356689453125,53.59356689453125,53.59356689453125,53.59356689453125,100000
2021-11-19,53.63507080078125,53.63507080078125,53.63507080078125,53.63507080078125,100000
2021-11-22,54.09171676635742,54.09171676635742,54.09171676635742,54.09171676635742,100000
2021-11-23,53.67659378051758,53.67659378051758,53.67659378051758,53.67659378051758,100000
2021-11-24,52.92934799194336,52.92934799194336,52.92934799194336,52.92934799194336,100000
2021-11-25,53.30295944213867,53.30295944213867,53.30295944213867,53.30295944213867,100000
2021-11-26,53.67659378051758,53.67659378051758,53.67659378051758,53.67659378051758,100000
2021-11-29,54.09171676635742,54.09171676635742,54.09171676635742,54.09171676635742,100000
2021-11-30,54.050201416015625,54.050201416015625,54.050201416015625,54.050201416015625,100000
2021-12-01,53.96717834472656,53.96717834472656,53.96717834472656,53.96717834472656,100000
2021-12-02,54.75592803955078,54.75592803955078,54.75592803955078,54.75592803955078,100000
2021-12-03,54.63139343261719,54.63139343261719,54.63139343261719,54.63139343261719,100000
2021-12-06,55.25408935546875,55.25408935546875,55.25408935546875,55.25408935546875,100000
2021-12-07,54.9634895324707,54.9634895324707,54.9634895324707,54.9634895324707,100000
2021-12-08,54.880462646484375,54.880462646484375,54.880462646484375,54.880462646484375,100000
2021-12-09,53.92566680908203,53.92566680908203,53.842641641256876,53.842641641256876,109000
2021-12-10,54.13322830200195,54.13322830200195,54.13322830200195,54.13322830200195,100000
2021-12-13,53.884151458740234,53.884151458740234,53.884151458740234,53.884151458740234,100000
2021-12-14,54.714420318603516,54.714420318603516,54.714420318603516,54.714420318603516,100000
2021-12-15,54.5068473815918,54.5068473815918,54.5068473815918,54.5068473815918,100000
2021-12-16,53.8426399230957,53.8426399230957,53.8426399230957,53.8426399230957,100000
2021-12-17,54.008697509765625,54.008697509765625,54.008697509765625,54.008697509765625,100000
2021-12-20,54.63139343261719,54.63139343261719,54.63139343261719,54.63139343261719,100000
2021-12-21,53.884151458740234,53.884151458740234,53.884151458740234,53.884151458740234,100000
2021-12-22,53.96717834472656,53.96717834472656,53.96717834472656,53.96717834472656,100000
2021-12-23,54.050201416015625,54.050201416015625,54.050201416015625,54.050201416015625,100000
2021-12-24,53.67659378051758,53.67659378051758,53.67659378051758,53.67659378051758,100000
2021-12-27,53.718101501464844,53.718101501464844,53.718101501464844,53.718101501464844,100000
2021-12-28,53.75961685180664,53.75961685180664,53.75961685180664,53.75961685180664,100000
2021-12-29,53.59356689453125,53.59356689453125,53.59356689453125,53.59356689453125,100000
2021-12-30,53.09539794921875,53.09539794921875,53.09539794921875,53.09539794921875,100000
2022-01-03,53.75961685180664,53.75961685180664,53.75961685180664,53.75961685180664,100000
2022-01-04,52.431190490722656,52.59724081277296,52.431190490722656,52.59724081277296,102000
2022-01-05,52.431190490722656,52.431190490722656,52.431190490722656,52.431190490722656,100000
2022-01-06,52.18211364746094,52.265141983607585,52.18211364746094,52.265141983607585,101000
2022-01-07,52.34816360473633,52.34816360473633,52.34816360473633,52.34816360473633,100000
2022-01-10,52.016056060791016,52.016056060791016,52.016056060791016,52.016056060791016,100000
2022-01-11,52.016056060791016,52.016056060791016,52.016056060791016,52.016056060791016,100000
2022-01-12,52.3066520690918,52.3066520690918,52.3066520690918,52.3066520690918,100000
2022-01-13,51.89151382446289,51.89151382446289,51.89151382446289,51.89151382446289,100000
2022-01-14,52.140594482421875,52.140594482421875,52.140594482421875,52.140594482421875,100000
2022-01-17,51.310340881347656,51.310340881347656,51.310340881347656,51.310340881347656,100000
2022-01-18,51.310340881347656,51.310340881347656,51.310340881347656,51.310340881347656,100000
2022-01-19,50.71249008178711,50.71249008178711,50.71249008178711,50.71249008178711,100000
2022-01-20,51.088748931884766,51.088748931884766,51.088748931884766,51.088748931884766,100000
2022-01-21,51.63225173950195,51.63225173950195,51.63225173950195,51.63225173950195,100000
2022-01-24,51.4232177734375,51.4232177734375,51.4232177734375,51.4232177734375,100000
2022-01-25,51.046939849853516,51.046939849853516,51.046939849853516,51.046939849853516,100000
2022-01-26,51.214176177978516,51.214176177978516,51.214176177978516,51.214176177978516,100000
2022-02-07,50.54525375366211,50.54525375366211,50.54525375366211,50.54525375366211,100000
2022-02-08,49.70911407470703,49.70911407470703,49.70911407470703,49.70911407470703,100000
2022-02-09,49.625484466552734,49.625484466552734,49.625484466552734,49.625484466552734,100000
2022-02-10,49.792720794677734,49.792720794677734,49.792720794677734,49.792720794677734,100000
2022-02-11,49.24922180175781,49.24922180175781,49.24922180175781,49.24922180175781,100000
2022-02-14,49.625484466552734,49.625484466552734,49.625484466552734,49.625484466552734,100000
2022-02-15,48.99837875366211,48.99837875366211,48.99837875366211,48.99837875366211,100000
2022-02-16,48.53849792480469,48.53849792480469,48.53849792480469,48.53849792480469,100000
2022-02-17,48.705726623535156,48.78934032899975,48.705726623535156,48.78934032899975,108000
2022-02-18,48.53849792480469,48.53849792480469,48.53849792480469,48.53849792480469,100000
2022-02-21,48.74753189086914,48.74753189086914,48.74753189086914,48.74753189086914,100000
2022-02-22,48.99837875366211,48.99837875366211,48.99837875366211,48.99837875366211,100000
2022-02-23,48.872955322265625,48.872955322265625,48.872955322265625,48.872955322265625,100000
2022-02-24,48.705726623535156,48.705726623535156,48.580302875679855,48.580302875679855,103000
2022-02-25,48.4130744934082,48.4130744934082,48.4130744934082,48.4130744934082,100000
2022-03-01,48.83115005493164,48.83115005493164,48.83115005493164,48.83115005493164,100000
2022-03-02,49.95994567871094,49.95994567871094,49.7927150970849,49.7927150970849,101000
2022-03-03,48.99837875366211,48.99837875366211,48.99837875366211,48.99837875366211,100000
2022-03-04,49.2074089050293,49.2074089050293,49.2074089050293,49.2074089050293,100000
2022-03-07,49.83452606201172,49.83452606201172,49.83452606201172,49.83452606201172,100000
2022-03-08,49.2074089050293,49.2074089050293,49.2074089050293,49.2074089050293,100000
2022-03-09,48.663909912109375,48.663909912109375,48.663909912109375,48.663909912109375,102000
2022-03-10,48.329463958740234,48.329463958740234,48.329463958740234,48.329463958740234,100000
2022-03-11,48.120418548583984,48.120418548583984,48.120418548583984,48.120418548583984,100000
2022-03-14,48.036808013916016,48.036808013916016,48.036808013916016,48.036808013916016,100000
2022-03-15,47.15885925292969,47.15885925292969,47.15885925292969,47.15885925292969,100000
2022-03-16,47.61873245239258,47.61873245239258,47.61873245239258,47.61873245239258,100000
2022-03-17,48.49668884277344,48.49668884277344,48.454881990323415,48.454881990323415,101000
2022-03-18,48.83115005493164,48.83115005493164,48.83115005493164,48.83115005493164,100000
2022-03-21,49.33283615112305,49.33283615112305,49.33283615112305,49.33283615112305,100000
2022-03-22,48.45488357543945,48.45488357543945,48.45488357543945,48.45488357543945,100000
2022-03-23,48.1622314453125,48.1622314453125,48.1622314453125,48.1622314453125,100000
2022-03-24,48.705726623535156,49.29103213076254,48.663919770802856,49.29103213076254,128000
2022-03-25,48.705726623535156,48.705726623535156,48.705726623535156,48.705726623535156,100000
2022-03-28,48.329463958740234,48.329463958740234,48.329463958740234,48.329463958740234,100000
2022-03-29,49.082000732421875,49.082000732421875,49.082000732421875,49.082000732421875,100000
2022-03-30,49.66730499267578,49.66730499267578,49.66730499267578,49.66730499267578,100000
2022-03-31,49.66730499267578,49.66730499267578,49.66730499267578,49.66730499267578,100000
2022-04-01,49.583683013916016,49.583683013916016,49.583683013916016,49.583683013916016,100000
2022-04-06,48.83115005493164,48.83115005493164,48.83115005493164,48.83115005493164,100000
2022-04-07,48.83115005493164,48.83115005493164,48.83115005493164,48.83115005493164,100000
2022-04-08,48.62211227416992,48.62211227416992,48.62211227416992,48.62211227416992,100000
2022-04-11,48.036808013916016,48.036808013916016,48.036808013916016,48.036808013916016,100000
2022-04-12,47.40970230102539,47.40970230102539,47.36789544189977,47.36789544189977,109000
2022-04-13,47.075225830078125,47.075225830078125,47.075225830078125,47.075225830078125,100000
2022-04-14,47.20066452026367,47.20066452026367,47.15885766139976,47.15885766139976,102000
2022-04-15,46.94981384277344,46.94981384277344,46.94981384277344,46.94981384277344,100000
2022-04-18,46.6989631652832,46.6989631652832,46.6989631652832,46.6989631652832,100000
2022-04-19,46.94981384277344,46.94981384277344,46.94981384277344,46.94981384277344,100000
2022-04-20,46.07185745239258,46.07185745239258,46.07185745239258,46.07185745239258,100000
2022-04-21,46.775596618652344,46.775596618652344,46.775596618652344,46.775596618652344,100000
2022-04-22,46.14349365234375,46.14349365234375,46.14349365234375,46.14349365234375,100000
2022-04-25,46.22776794433594,46.22776794433594,46.22776794433594,46.22776794433594,100000
2022-04-26,46.22776794433594,46.22776794433594,46.22776794433594,46.22776794433594,100000
2022-04-27,46.90201950073242,46.90201950073242,46.90201950073242,46.90201950073242,100000
2022-04-28,46.39633560180664,46.39633560180664,46.39633560180664,46.39633560180664,100000
2022-04-29,46.438480377197266,46.438480377197266,46.438480377197266,46.438480377197266,100000
2022-05-03,45.42710876464844,45.42710876464844,45.42710876464844,45.42710876464844,100000
2022-05-04,45.51138687133789,45.51138687133789,45.51138687133789,45.51138687133789,100000
2022-05-05,45.84851837158203,45.9327974478554,45.84851837158203,45.9327974478554,101000
2022-05-06,45.51138687133789,45.51138687133789,45.51138687133789,45.51138687133789,100000
2022-05-09,44.87928771972656,44.87928771972656,44.87928771972656,44.87928771972656,100000
2022-05-10,44.92142105102539,44.92142105102539,44.92142105102539,44.92142105102539,100000
2022-05-11,45.17426300048828,45.17426300048828,45.17426300048828,45.17426300048828,100000
2022-05-12,45.89065170288086,45.89065170288086,45.89065170288086,45.89065170288086,100000
2022-05-13,45.342830657958984,45.342830657958984,45.342830657958984,45.342830657958984,100000
2022-05-16,45.25855255126953,45.25855255126953,45.25855255126953,45.25855255126953,100000
2022-05-17,44.837154388427734,44.837154388427734,44.837154388427734,44.837154388427734,100000
2022-05-18,44.45787811279297,44.45787811279297,44.45787811279297,44.45787811279297,100000
2022-05-19,45.089988708496094,45.38496865702153,45.089988708496094,45.38496865702153,101000
2022-05-20,45.4692497253418,45.4692497253418,45.4692497253418,45.4692497253418,100000
2022-05-23,45.4692497253418,45.4692497253418,45.4692497253418,45.4692497253418,100000
2022-05-24,45.13213348388672,45.13213348388672,45.13213348388672,45.13213348388672,100000
2022-05-25,45.97492980957031,45.97492980957031,45.97492980957031,45.97492980957031,100000
2022-05-26,46.39633560180664,46.39633560180664,46.39633560180664,46.39633560180664,100000
2022-05-27,46.60703659057617,46.60703659057617,46.60703659057617,46.60703659057617,100000
2022-05-30,46.480621337890625,46.480621337890625,46.480621337890625,46.480621337890625,100000
2022-05-31,45.93279266357422,45.93279266357422,45.93279266357422,45.93279266357422,100000
2022-06-01,45.80636978149414,45.80636978149414,45.80636978149414,45.80636978149414,100000
2022-06-02,46.31205749511719,46.31205749511719,46.31205749511719,46.31205749511719,100000
2022-06-06,46.14349365234375,46.14349365234375,46.14349365234375,46.14349365234375,100000
2022-06-07,45.553531646728516,45.553531646728516,45.553531646728516,45.553531646728516,100000
2022-06-08,45.80636978149414,45.80636978149414,45.80636978149414,45.80636978149414,100000
2022-06-09,45.63780212402344,45.63780212402344,45.63780212402344,45.63780212402344,100000
2022-06-10,45.59566879272461,45.59566879272461,45.59566879272461,45.59566879272461,100000
2022-06-13,45.17426300048828,45.17426300048828,45.17426300048828,45.17426300048828,100000
2022-06-14,43.91006851196289,43.91006851196289,43.91006851196289,43.91006851196289,100000
2022-06-15,43.362239837646484,43.362239837646484,43.362239837646484,43.362239837646484,100000
2022-06-16,43.867923736572266,43.867923736572266,43.867923736572266,43.867923736572266,100000
2022-06-17,44.54216384887695,44.54216384887695,44.54216384887695,44.54216384887695,100000
2022-06-20,44.37360763549805,44.37360763549805,44.37360763549805,44.37360763549805,100000
2022-06-21,44.03648376464844,44.03648376464844,44.03648376464844,44.03648376464844,100000
2022-06-22,44.07862854003906,44.07862854003906,44.07862854003906,44.07862854003906,100000
2022-06-23,44.54216384887695,44.54216384887695,44.54216384887695,44.54216384887695,100000
2022-06-24,44.54216384887695,44.54216384887695,44.54216384887695,44.54216384887695,100000
2022-06-27,44.03648376464844,44.03648376464844,44.03648376464844,44.03648376464844,100000
2022-06-28,43.95220184326172,43.95220184326172,43.95220184326172,43.95220184326172,100000
2022-06-29,44.162906646728516,44.162906646728516,44.162906646728516,44.162906646728516,100000
2022-06-30,44.415748596191406,44.415748596191406,44.415748596191406,44.415748596191406,100000
2022-07-01,44.58430480957031,44.58430480957031,44.58430480957031,44.58430480957031,100000
2022-07-04,45.13213348388672,45.13213348388672,45.13213348388672,45.13213348388672,100000
2022-07-05,44.87928771972656,44.87928771972656,44.87928771972656,44.87928771972656,100000
2022-07-06,45.17426300048828,45.17426300048828,45.17426300048828,45.17426300048828,100000
2022-07-07,44.96356201171875,44.96356201171875,44.96356201171875,44.96356201171875,100000
2022-07-08,45.0478515625,45.0478515625,45.0478515625,45.0478515625,100000
2022-07-11,45.0478515625,45.0478515625,45.0478515625,45.0478515625,100000
2022-07-12,45.72209548950195,45.72209548950195,45.72209548950195,45.72209548950195,100000
2022-07-13,45.4692497253418,45.4692497253418,45.4692497253418,45.4692497253418,100000
2022-07-14,45.84851837158203,45.84851837158203,45.84851837158203,45.84851837158203,100000
2022-07-15,45.84851837158203,45.84851837158203,45.84851837158203,45.84851837158203,100000
2022-07-18,46.39633560180664,46.39633560180664,46.39633560180664,46.39633560180664,100000
2022-07-19,45.99672317504883,45.99672317504883,45.99672317504883,45.99672317504883,100000
2022-07-20,45.826690673828125,45.826690673828125,45.826690673828125,45.826690673828125,100000
2022-07-21,46.29430389404297,46.29430389404297,46.29430389404297,46.29430389404297,100000
2022-07-22,46.931968688964844,46.931968688964844,46.931968688964844,46.931968688964844,100000
2022-07-25,47.357078552246094,47.357078552246094,47.357078552246094,47.357078552246094,100000
2022-07-26,47.10201644897461,47.10201644897461,47.10201644897461,47.10201644897461,100000
2022-07-27,46.84695053100586,46.84695053100586,46.84695053100586,46.84695053100586,100000
2022-07-28,46.88945770263672,46.88945770263672,46.84694426808494,46.84694426808494,109000
2022-07-29,47.44209671020508,47.44209671020508,47.44209671020508,47.44209671020508,100000
2022-08-01,47.39959716796875,47.39959716796875,47.39959716796875,47.39959716796875,100000
2022-08-02,48.54738235473633,48.54738235473633,48.54738235473633,48.54738235473633,100000
2022-08-03,47.44209671020508,47.44209671020508,47.44209671020508,47.44209671020508,100000
2022-08-04,48.207298278808594,48.207298278808594,48.207298278808594,48.207298278808594,100000
2022-08-05,47.82469940185547,47.82469940185547,47.82469940185547,47.82469940185547,100000
2022-08-08,46.931968688964844,46.931968688964844,46.719414485883775,46.719414485883775,109000
2022-08-09,47.4846076965332,47.4846076965332,47.4846076965332,47.4846076965332,100000
2022-08-10,47.22954177856445,47.22954177856445,47.22954177856445,47.22954177856445,100000
2022-08-11,47.27205276489258,47.27205276489258,47.27205276489258,47.27205276489258,100000
2022-08-12,46.676902770996094,46.676902770996094,46.676902770996094,46.676902770996094,100000
2022-08-15,47.27205276489258,47.27205276489258,47.27205276489258,47.27205276489258,100000
2022-08-16,47.39959716796875,47.39959716796875,47.39959716796875,47.39959716796875,100000
2022-08-17,47.357078552246094,47.357078552246094,47.357078552246094,47.357078552246094,100000
2022-08-18,46.8044319152832,46.8044319152832,46.8044319152832,46.8044319152832,100000
2022-08-19,46.761924743652344,46.761924743652344,46.761924743652344,46.761924743652344,100000
2022-08-22,46.761924743652344,46.761924743652344,46.761924743652344,46.761924743652344,0
2022-08-23,46.124267578125,46.124267578125,46.124267578125,46.124267578125,100000
2022-08-24,46.081748962402344,46.081748962402344,46.081748962402344,46.081748962402344,100000
2022-08-25,45.86920166015625,45.86920166015625,45.86920166015625,45.86920166015625,100000
2022-08-26,45.99672317504883,45.99672317504883,45.99672317504883,45.99672317504883,100000
2022-08-29,46.421836853027344,46.421836853027344,46.421836853027344,46.421836853027344,100000
2022-08-30,46.71941375732422,46.71941375732422,46.71941375732422,46.71941375732422,100000
2022-08-31,46.124267578125,46.124267578125,46.124267578125,46.124267578125,100000
2022-09-01,45.57161331176758,45.57161331176758,45.57161331176758,45.57161331176758,100000
2022-09-02,45.401580810546875,45.401580810546875,45.401580810546875,45.401580810546875,100000
2022-09-05,45.699153900146484,45.699153900146484,45.699153900146484,45.699153900146484,100000
2022-09-06,45.826690673828125,45.826690673828125,45.826690673828125,45.826690673828125,100000
2022-09-07,45.018985748291016,45.52911459373495,45.018985748291016,45.52911459373495,108000
2022-09-08,45.741661071777344,45.741661071777344,45.741661071777344,45.741661071777344,100000
2022-09-12,45.10400390625,45.10400390625,45.10400390625,45.10400390625,100000
2022-09-13,45.316551208496094,45.316551208496094,45.316551208496094,45.316551208496094,100000
2022-09-14,45.444091796875,45.444091796875,45.444091796875,45.444091796875,100000
2022-09-15,45.86920166015625,45.86920166015625,45.86920166015625,45.86920166015625,100000
2022-09-16,45.826690673828125,45.826690673828125,45.826690673828125,45.826690673828125,100000
2022-09-19,45.784175872802734,45.784175872802734,45.784175872802734,45.784175872802734,100000
2022-09-20,45.614131927490234,45.614131927490234,45.614131927490234,45.614131927490234,100000
2022-09-21,45.146514892578125,45.146514892578125,45.146514892578125,45.146514892578125,100000
2022-09-22,46.209285736083984,46.209285736083984,46.209285736083984,46.209285736083984,100000
2022-09-23,45.18902587890625,45.18902587890625,45.18902587890625,45.18902587890625,100000
2022-09-26,45.18902587890625,45.18902587890625,45.18902587890625,45.18902587890625,100000
2022-09-27,44.29629898071289,44.29629898071289,44.29629898071289,44.29629898071289,100000
2022-09-28,43.0634880065918,43.616127054894314,43.0634880065918,43.616127054894314,104000
2022-09-29,43.99872970581055,43.99872970581055,43.99872970581055,43.99872970581055,100000
2022-09-30,43.020965576171875,43.020965576171875,43.020965576171875,43.020965576171875,100000
2022-10-03,43.31855010986328,43.31855010986328,43.31855010986328,43.31855010986328,100000
2022-10-04,44.423831939697266,44.423831939697266,43.57361506046861,43.57361506046861,102000
2022-10-05,43.743656158447266,43.743656158447266,43.743656158447266,43.743656158447266,100000
2022-10-06,43.361061096191406,43.361061096191406,43.361061096191406,43.361061096191406,100000
2022-10-07,43.70114517211914,43.70114517211914,43.70114517211914,43.70114517211914,100000
2022-10-11,43.191017150878906,43.191017150878906,43.191017150878906,43.191017150878906,100000
2022-10-12,43.020965576171875,43.020965576171875,43.020965576171875,43.020965576171875,100000
2022-10-13,42.5533561706543,42.5533561706543,42.5533561706543,42.5533561706543,100000
2022-10-14,42.935951232910156,42.935951232910156,42.935951232910156,42.935951232910156,100000
2022-10-17,42.63837814331055,42.63837814331055,42.63837814331055,42.63837814331055,100000
2022-10-18,42.80841827392578,42.80841827392578,42.80841827392578,42.80841827392578,50000
2022-10-19,43.191017150878906,43.191017150878906,43.02097312505135,43.02097312505135,101000
2022-10-20,42.42665100097656,42.42665100097656,42.28923688201531,42.28923688201531,111000
2022-10-21,41.79969787597656,41.911347877521834,41.79969787597656,41.83405222663837,106000
2022-10-24,41.66228103637695,41.66228103637695,41.66228103637695,41.66228103637695,102000
2022-10-25,41.82546615600586,41.82546615600586,41.490519420542626,41.490519420542626,117000
2022-10-26,42.254878997802734,42.30640724047,41.65369104906887,41.66227799744317,108000
2022-10-27,42.52112579345703,42.52112579345703,42.52112579345703,42.52112579345703,102000
2022-10-28,42.91619110107422,42.91619110107422,42.91619110107422,42.91619110107422,102000
2022-10-31,43.0278434753418,43.0278434753418,42.744428237268785,42.744428237268785,107000
2022-11-01,42.890419006347656,43.07077768847883,42.890419006347656,43.07077768847883,103000
2022-11-02,43.414306640625,43.414306640625,43.11371432987173,43.11371432987173,103000
2022-11-03,43.15666198730469,43.15666198730469,43.15666198730469,43.15666198730469,102000
2022-11-04,42.82170867919922,42.82170867919922,42.82170867919922,42.82170867919922,102000
2022-11-07,42.50395202636719,42.50395202636719,42.50395202636719,42.50395202636719,102000
2022-11-08,41.90275573730469,41.98005137861324,41.90275573730469,41.98005137861324,103000
2022-11-09,42.02299880981445,42.02299880981445,42.02299880981445,42.02299880981445,102000
2022-11-10,42.031585693359375,42.031585693359375,42.031585693359375,42.031585693359375,102000
2022-11-11,43.07078170776367,43.07078170776367,43.07078170776367,43.07078170776367,102000
2022-11-14,42.847476959228516,42.847476959228516,42.847476959228516,42.847476959228516,102000
2022-11-15,42.76160430908203,42.76160430908203,42.76160430908203,42.76160430908203,102000
2022-11-16,43.58607864379883,43.58607864379883,43.58607864379883,43.58607864379883,102000
2022-11-17,44.44493103027344,44.44493103027344,44.44493103027344,44.44493103027344,102000
2022-11-18,44.27315139770508,44.27315139770508,44.27315139770508,44.27315139770508,102000
2022-11-21,44.48786544799805,44.48786544799805,44.48786544799805,44.48786544799805,102000
2022-11-22,44.53080368041992,44.53080368041992,44.53080368041992,44.53080368041992,102000
2022-11-23,45.089054107666016,45.089054107666016,45.089054107666016,45.089054107666016,102000
2022-11-24,45.60435104370117,45.60435104370117,45.60435104370117,45.60435104370117,102000
2022-11-25,45.64729690551758,45.64729690551758,45.64729690551758,45.64729690551758,102000
2022-11-28,46.11966323852539,46.11966323852539,45.77612626634041,45.77612626634041,103000
2022-11-29,45.3896369934082,45.3896369934082,45.3896369934082,45.3896369934082,102000
2022-11-30,44.48786544799805,44.48786544799805,44.48786544799805,44.48786544799805,102000
2022-12-01,44.960227966308594,44.960227966308594,44.960227966308594,44.960227966308594,102000
2022-12-02,45.60435104370117,45.60435104370117,45.60435104370117,45.60435104370117,102000
2022-12-05,45.9908332824707,45.9908332824707,45.9908332824707,45.9908332824707,102000
2022-12-06,46.11966323852539,46.11966323852539,46.11966323852539,46.11966323852539,102000
2022-12-07,46.59202194213867,46.59202194213867,46.59202194213867,46.59202194213867,102000
2022-12-08,47.193206787109375,47.193206787109375,47.193206787109375,47.193206787109375,102000
2022-12-09,47.70851135253906,47.70851135253906,47.70851135253906,47.70851135253906,102000
2022-12-12,46.89261245727539,46.89261245727539,46.89261245727539,46.89261245727539,102000
2022-12-13,45.94789505004883,46.16260484000233,45.94789505004883,46.16260484000233,104000
2022-12-14,46.463191986083984,46.463191986083984,46.463191986083984,46.463191986083984,102000
2022-12-15,46.37731170654297,46.37731170654297,46.37731170654297,46.37731170654297,102000
2022-12-16,46.806724548339844,46.806724548339844,46.806724548339844,46.806724548339844,102000
2022-12-19,46.29143142700195,46.29143142700195,46.29143142700195,46.29143142700195,102000
2022-12-20,45.00316619873047,45.00316619873047,45.00316619873047,45.00316619873047,102000
2022-12-21,44.57374954223633,44.57374954223633,44.57374954223633,44.57374954223633,102000
2022-12-22,45.04610824584961,45.04610824584961,45.04610824584961,45.04610824584961,102000
2022-12-23,44.87434005737305,44.87434005737305,44.87434005737305,44.87434005737305,102000
2022-12-26,44.83140182495117,44.83140182495117,44.83140182495117,44.83140182495117,102000
2022-12-27,44.48786544799805,44.48786544799805,44.48786544799805,44.48786544799805,102000
2022-12-28,44.015499114990234,44.015499114990234,44.015499114990234,44.015499114990234,103000
2022-12-29,44.015499114990234,44.05844041010416,44.015499114990234,44.05844041010416,103000
2022-12-30,44.144325256347656,44.144325256347656,44.144325256347656,44.144325256347656,102000
2023-01-03,43.88667678833008,43.88667678833008,43.88667678833008,43.88667678833008,104000
2023-01-04,44.57374954223633,44.57374954223633,44.57374954223633,44.57374954223633,104000
2023-01-05,44.53080368041992,44.53080368041992,44.53080368041992,44.53080368041992,100000
2023-01-06,44.83140182495117,44.83140182495117,44.83140182495117,44.83140182495117,100000
2023-01-09,45.432586669921875,45.7761203212799,45.432586669921875,45.69023772749313,145000
2023-01-10,45.64729690551758,45.64729690551758,45.64729690551758,45.64729690551758,100000
2023-01-11,45.21788024902344,45.21788024902344,45.17493567274723,45.17493567274723,123000
2023-01-12,45.9908332824707,46.033774582352386,45.9908332824707,45.9908332824707,100000
2023-01-13,46.806724548339844,46.806724548339844,46.806724548339844,46.806724548339844,100000
2023-01-16,46.29143142700195,46.37731403139036,46.29143142700195,46.37731403139036,103000
2023-01-17,46.29143142700195,46.29143142700195,46.2055455464022,46.2055455464022,118000
2023-01-30,45.94789505004883,46.03377765554567,45.94789505004883,46.03377765554567,156000
2023-01-31,45.59992599487305,46.077184317828646,45.51315295803718,45.59992599487305,1334000
2023-02-01,45.90363311767578,45.90363311767578,45.90363311767578,45.90363311767578,100000
2023-02-02,45.947017669677734,46.16395353845791,45.947017669677734,46.12056702673761,581000
2023-02-03,46.250728607177734,46.250728607177734,46.250728607177734,46.250728607177734,442000
2023-02-06,45.55653762817383,45.55653762817383,45.20943887455422,45.20943887455422,548000
2023-02-07,45.55653762817383,45.55653762817383,45.42637476802172,45.42637476802172,434000
2023-02-08,45.209442138671875,45.252831968641345,45.12266909909149,45.252831968641345,457000
2023-02-09,45.382991790771484,45.42637831081288,45.33960527073009,45.382991790771484,320000
2023-02-10,44.90573501586914,44.90573501586914,44.862348494314816,44.862348494314816,174000
2023-02-13,44.51523971557617,44.51523971557617,44.38508018011141,44.38508018011141,139000
2023-02-14,44.68878936767578,44.73217587978342,44.68878936767578,44.73217587978342,144000
2023-02-15,44.8189582824707,44.86234480045269,44.775568454309585,44.8189582824707,295000
2023-02-16,44.8189582824707,44.8189582824707,44.645408900363634,44.8189582824707,132000
2023-02-17,44.03798294067383,44.08136945394908,43.86443357739404,44.08136945394908,276000
2023-02-20,44.21154022216797,44.21154022216797,44.21154022216797,44.21154022216797,16000
2023-02-21,44.21154022216797,44.21154022216797,44.081377348851476,44.12476386989718,307000
2023-02-22,43.69089126586914,43.77766761660422,43.60411822531338,43.77766761660422,250000
2023-02-23,43.86442947387695,43.86442947387695,43.821042964660506,43.821042964660506,333000
2023-02-24,44.34169387817383,44.34169387817383,44.21153433237636,44.21153433237636,250000
2023-03-01,43.90781784057617,44.124753706014154,43.82104481847242,44.124753706014154,188000
2023-03-02,43.60411071777344,43.647497230581244,43.56072420496563,43.647497230581244,225000
2023-03-03,43.69089126586914,43.69089126586914,43.517345184757616,43.517345184757616,210000
2023-03-06,44.47185516357422,44.5152416773078,44.42846864984064,44.5152416773078,211000
2023-03-07,44.34169387817383,44.34169387817383,44.34169387817383,44.34169387817383,207000
2023-03-08,44.298309326171875,44.341695843360554,44.2549228089832,44.341695843360554,217000
2023-03-09,44.254920959472656,44.341693990223575,44.254920959472656,44.341693990223575,216000
2023-03-10,44.732177734375,44.775564248281434,44.645404706562125,44.645404706562125,221000
2023-03-13,44.68878936767578,44.86233872628502,44.68878936767578,44.73217587978342,171000
2023-03-14,44.55863571166992,44.688798585018425,44.55863571166992,44.688798585018425,136000
2023-03-15,44.428470611572266,44.47185712722157,44.38508409592296,44.38508409592296,103000
2023-03-16,45.12266159057617,45.16604810314675,44.775562869654095,44.775562869654095,118000
2023-03-17,45.12266159057617,45.12266159057617,44.905725717544556,44.949112230115134,222000
2023-03-20,45.12266159057617,45.12266159057617,44.905725717544556,44.905725717544556,502000
2023-03-21,45.209442138671875,45.209442138671875,45.166055618881686,45.166055618881686,504000
2023-03-22,45.209442138671875,45.29621848843154,45.166055618881686,45.166055618881686,738000
2023-03-23,45.209442138671875,45.209442138671875,45.166055618881686,45.209442138671875,503000
2023-03-24,45.209442138671875,45.252831968641345,45.166055618881686,45.252831968641345,614000
2023-03-27,45.42637634277344,45.42637634277344,45.42637634277344,45.42637634277344,673000
2023-03-28,44.77556228637695,44.818952108561035,44.77556228637695,44.77556228637695,535000
2023-03-29,44.645408630371094,44.645408630371094,44.515245767033164,44.55863228475277,534000
2023-03-30,45.035892486572266,45.07927900292038,44.94911614369703,44.94911614369703,701000
2023-03-31,45.25282287597656,45.29620938704909,45.20943305472542,45.20943305472542,515000
2023-04-06,46.46766662597656,46.511053141613985,46.29411725324791,46.29411725324791,524000
2023-04-07,46.424285888671875,46.511058930747176,46.424285888671875,46.511058930747176,507000
2023-04-10,46.250728607177734,46.33750494463439,46.16395557989989,46.33750494463439,507000
2023-04-11,46.250728607177734,46.250728607177734,46.033792728804315,46.033792728804315,731000
2023-04-12,46.29411315917969,46.33750298115884,46.29411315917969,46.29411315917969,510000
2023-04-13,46.163963317871094,46.294122880605116,46.163963317871094,46.294122880605116,923000
2023-04-14,46.03379821777344,46.16396108438935,46.03379821777344,46.120574565577115,1466000
2023-04-17,45.947017669677734,46.03379069311834,45.903631157957435,46.03379069311834,651000
2023-04-18,45.382991790771484,45.77347709150263,45.382991790771484,45.73009057146123,809000
2023-04-19,45.643310546875,45.643310546875,45.42637465395225,45.42637465395225,513000
2023-04-20,45.77347183227539,45.77347183227539,45.686698802162546,45.686698802162546,988000
2023-04-21,45.99040985107422,45.99040985107422,45.90363681693627,45.947023334005245,857000
2023-04-24,46.03379821777344,46.03379821777344,45.90363866133673,45.90363866133673,866000
2023-04-25,46.511051177978516,46.511051177978516,46.337505122755715,46.337505122755715,734000
2023-04-26,46.67407989501953,46.76172941183658,46.49877751777069,46.49877751777069,1207000
2023-04-27,46.23583984375,46.45496704680095,46.19201507186297,46.45496704680095,618000
2023-04-28,46.10435485839844,46.19200773186006,45.972880563628856,46.19200773186006,639000
2023-05-02,45.70992660522461,46.01670328970997,45.70992660522461,46.01670328970997,758000
2023-05-03,45.97288131713867,46.01670608278017,45.97288131713867,46.01670608278017,381000
2023-05-04,45.885223388671875,45.97287625391651,45.885223388671875,45.97287625391651,647000
2023-05-05,45.578453063964844,45.66610259779554,45.578453063964844,45.66610259779554,552000
2023-05-08,45.62227249145508,45.666097253241375,45.57844772966878,45.57844772966878,563000
2023-05-09,45.096378326416016,45.27168075474146,45.096378326416016,45.22785263994832,717000
2023-05-10,45.096378326416016,45.096378326416016,45.05255355523858,45.05255355523858,519000
2023-05-11,45.31549835205078,45.40314788052991,45.31549835205078,45.31549835205078,551000
2023-05-12,45.885223388671875,45.885223388671875,45.79757386704217,45.79757386704217,607000
2023-05-15,45.53462600708008,45.57845077179145,45.49080124236871,45.57845077179145,523000
2023-05-16,45.00872039794922,45.09637327409972,45.00872039794922,45.09637327409972,651000
2023-05-17,44.78959274291992,44.78959274291992,44.701943211324235,44.78959274291992,593000
2023-05-18,44.78959274291992,44.83342085233307,44.78959274291992,44.78959274291992,522000
2023-05-19,44.526634216308594,44.57045897562208,44.482809456995106,44.57045897562208,563000
2023-05-22,44.35133361816406,44.395161722854056,44.30750885708902,44.35133361816406,551000
2023-05-23,44.17604064941406,44.263690183618635,44.17604064941406,44.263690183618635,533000
2023-05-24,44.395164489746094,44.395164489746094,44.30751161851816,44.30751161851816,525000
2023-05-25,44.21986389160156,44.30751342278355,44.21986389160156,44.30751342278355,514000
2023-05-26,44.1322021484375,44.1322021484375,44.04455263486868,44.1322021484375,632000
2023-05-29,44.21986389160156,44.26368865719256,44.132211016804284,44.132211016804284,523000
2023-05-30,44.395164489746094,44.395164489746094,44.351336382324554,44.351336382324554,817000
2023-05-31,44.74576187133789,44.74576187133789,44.70193711152015,44.70193711152015,580000
2023-06-01,44.83341598510742,45.00871502926791,44.83341598510742,44.87724074614754,513000
2023-06-02,45.05253601074219,45.09636076485325,45.008707913016714,45.008707913016714,581000
2023-06-05,44.92106246948242,44.96488722755897,44.87723771140587,44.87723771140587,518000
2023-06-06,44.92106246948242,44.92106246948242,44.92106246948242,44.92106246948242,514000
2023-06-07,45.271671295166016,45.31549605718621,45.05254414145004,45.05254414145004,531000
2023-06-08,44.701942443847656,44.78959197393851,44.701942443847656,44.78959197393851,521000
2023-06-09,44.96489334106445,44.96489334106445,44.92106857702941,44.92106857702941,515000
2023-06-12,44.96489334106445,45.0087181050995,44.96489334106445,45.0087181050995,526000
2023-06-13,45.227848052978516,45.227848052978516,45.096373752780224,45.096373752780224,666000
2023-06-14,44.87724304199219,45.00871733183856,44.87724304199219,44.96489256855644,520000
2023-06-15,44.96489334106445,45.0087181050995,44.96489334106445,45.0087181050995,528000
2023-06-16,45.49079513549805,45.49079513549805,45.31549275657065,45.35931751539881,510000
2023-06-19,45.62227249145508,45.70992535864267,45.57844772966878,45.57844772966878,529000
2023-06-20,45.62227249145508,45.62227249145508,45.403145338908594,45.403145338908594,102000
2023-06-21,46.23583984375,46.23583984375,46.19201507186297,46.19201507186297,581000
2023-06-26,46.10435485839844,46.148182966936865,46.10435485839844,46.148182966936865,28000
2023-06-27,45.97288131713867,46.23583325460293,45.97288131713867,46.23583325460293,1029000
2023-06-28,46.06052780151367,46.06052780151367,45.97287827602871,45.97287827602871,553000
2023-06-29,46.32347869873047,46.36730680412027,46.23582917518086,46.23582917518086,669000
2023-06-30,45.97288131713867,46.01670608278017,45.929056551497176,45.929056551497176,1092000
2023-07-03,46.411128997802734,46.45495375715256,46.36730423845291,46.45495375715256,568000
2023-07-04,46.542606353759766,46.542606353759766,46.49878159151177,46.49878159151177,510000
2023-07-05,46.49878692626953,46.586439804436885,46.45496215899357,46.45496215899357,577000
2023-07-06,46.23583984375,46.23583984375,46.104362184473125,46.19201507186297,525000
2023-07-07,45.62227249145508,45.666097253241375,45.57844772966878,45.62227249145508,513000
2023-07-10,45.359317779541016,45.359317779541016,45.22784015867614,45.359317779541016,518000
2023-07-11,45.797576904296875,45.797576904296875,45.66609926951791,45.66609926951791,514000
2023-07-12,45.84140396118164,45.885228727095196,45.84140396118164,45.885228727095196,508000
2023-07-13,46.06052780151367,46.14818067061371,46.06052780151367,46.10435256425615,558000
2023-07-14,46.19200134277344,46.323475619358035,46.10434848143559,46.323475619358035,518000
2023-07-17,46.10435485839844,46.10435485839844,46.01670532855205,46.06053009347524,511000
2023-07-18,46.10435485839844,46.10435485839844,46.01670532855205,46.10435485839844,330000
2023-07-19,46.46937561035156,46.46937561035156,46.33647804797216,46.33647804797216,515000
2023-07-20,46.735164642333984,46.82376075896018,46.69086658402089,46.82376075896018,523000
2023-07-21,46.51367950439453,46.51367950439453,46.42508337151458,46.42508337151458,505000
2023-07-24,46.77947235107422,46.82377041852583,46.77947235107422,46.82377041852583,519000
2023-07-25,46.69087219238281,46.823766383284934,46.69087219238281,46.823766383284934,511000
2023-07-26,46.602272033691406,46.6908715394461,46.602272033691406,46.6908715394461,505000
2023-07-27,46.64657211303711,46.690870174756924,46.64657211303711,46.690870174756924,105000
2023-07-28,46.114986419677734,46.292182050841376,46.02639029395869,46.292182050841376,167000
2023-07-31,46.29218673706055,46.380782871748295,46.29218673706055,46.380782871748295,125000
2023-08-01,46.82376480102539,46.91236430502515,46.29218129592885,46.29218129592885,352000
2023-08-02,46.24788284301758,46.33647896654324,46.24788284301758,46.33647896654324,105000
2023-08-04,45.09611511230469,45.361906855379736,44.91891949034619,45.361906855379736,296000
2023-08-07,45.583404541015625,45.583404541015625,45.539106476567106,45.539106476567106,104000
2023-08-08,45.62770080566406,45.67199886836523,45.62770080566406,45.62770080566406,134000
2023-08-09,45.804893493652344,45.849191553507765,45.804893493652344,45.804893493652344,116000
2023-08-10,45.71628952026367,45.84918706654947,45.71628952026367,45.84918706654947,130000
2023-08-11,45.36190414428711,45.36190414428711,45.317606086376344,45.317606086376344,124000
2023-08-14,45.36190414428711,45.36190414428711,45.09611241709733,45.09611241709733,122000
2023-08-15,45.36190414428711,45.36190414428711,45.36190414428711,45.36190414428711,100000
2023-08-16,45.14041519165039,45.22901131672918,45.14041519165039,45.22901131672918,107000
2023-08-17,44.7860221862793,45.00751587006874,44.74172412546649,45.00751587006874,117000
2023-08-18,44.74172592163086,44.78602398422202,44.65312979644854,44.65312979644854,104000
2023-08-21,44.56452941894531,44.60882748066909,44.56452941894531,44.56452941894531,105000
2023-08-22,44.29874038696289,44.38733651584655,44.29874038696289,44.38733651584655,119000
2023-08-23,44.74172592163086,44.78602398422202,44.74172592163086,44.78602398422202,127000
2023-08-24,45.40620803833008,45.494804165539016,45.40620803833008,45.494804165539016,121000
2023-08-25,45.31761932373047,45.36191739458078,45.31761932373047,45.31761932373047,277000
2023-08-28,45.539100646972656,45.583398705750454,45.361905032136235,45.361905032136235,131000
2023-08-29,45.76060104370117,45.80489910898721,45.7162995986894,45.80489910898721,224000
2023-08-30,46.026390075683594,46.026390075683594,45.93779057065917,45.93779057065917,128000
2023-08-31,46.114986419677734,46.15928448253726,46.070688356818216,46.070688356818216,146000
2023-09-01,46.15928649902344,46.15928649902344,46.15928649902344,46.15928649902344,131000
2023-09-04,45.583404541015625,45.76060017853538,45.583404541015625,45.76060017853538,222000
2023-09-05,45.539100646972656,45.583398705750454,45.539100646972656,45.583398705750454,219000
2023-09-06,45.229007720947266,45.273305779964886,45.14041160291202,45.229007720947266,240000
2023-09-07,45.273311614990234,45.36191112416984,45.273311614990234,45.31761305944289,112000
2023-09-08,45.71628952026367,45.76059095550893,45.583395353702876,45.583395353702876,423000
2023-09-11,45.583404541015625,45.583404541015625,45.583404541015625,45.583404541015625,101000
2023-09-12,45.45050048828125,45.45050048828125,45.45050048828125,45.45050048828125,51000
2023-09-13,45.45050048828125,45.4947985464144,45.45050048828125,45.4947985464144,333000
2023-09-14,45.49480056762695,45.5391020074535,45.49480056762695,45.5391020074535,221000
2023-09-15,45.40620803833008,45.494804165539016,45.40620803833008,45.494804165539016,75000
2023-09-18,45.09611511230469,45.140413172862964,45.09611511230469,45.140413172862964,379000
2023-09-19,45.45050048828125,45.4947985464144,45.45050048828125,45.4947985464144,22000
2023-09-20,45.273311614990234,45.273311614990234,45.273311614990234,45.273311614990234,219000
2023-09-21,45.229007720947266,45.229007720947266,45.18470966192964,45.18470966192964,61000
2023-09-22,44.52022933959961,44.69742495818984,44.52022933959961,44.69742495818984,451000
2023-09-25,44.87461853027344,44.918916587969456,44.87461853027344,44.918916587969456,234000
2023-09-26,44.34303665161133,44.34303665161133,44.28101868796482,44.29873858896747,268000
2023-09-27,44.387332916259766,44.43163435683465,44.387332916259766,44.43163435683465,121000
2023-09-28,44.16584014892578,44.16584014892578,44.09496392604069,44.148123627998615,190000
2023-10-02,43.855751037597656,43.86460929820279,43.820311235726074,43.820311235726074,552000
2023-10-03,43.44819641113281,43.55451241978535,43.43047651306989,43.55451241978535,281000
2023-10-04,42.42047119140625,42.56222701359429,42.349591590449535,42.52678721311593,353000
2023-10-05,43.0229377746582,43.06723583899103,43.01407613395624,43.058374198289066,139000
2023-10-06,42.7482795715332,42.81029753058539,42.7482795715332,42.757137831515536,161000
2023-10-11,43.27100372314453,43.40390127770033,43.15582606784453,43.15582606784453,525000
2023-10-12,43.8380241394043,43.90890373183393,43.82030424129689,43.86460229670291,436000
2023-10-13,43.129249572753906,43.129249572753906,43.04065345278213,43.120387932921524,223000
2023-10-16,43.43048095703125,43.44820085690733,43.341881457650835,43.44820085690733,187000
2023-10-17,42.925479888916016,43.18241339296579,42.925479888916016,43.18241339296579,238000
2023-10-18,42.668540954589844,42.72170065271507,42.659682694764925,42.70398075334,266000
2023-10-19,42.057220458984375,42.26099423620265,42.057220458984375,42.26099423620265,165000
2023-10-20,41.818016052246094,41.8623141214029,41.7205582722655,41.8623141214029,233000
2023-10-23,41.499061584472656,41.64081742349126,41.4104654524832,41.64081742349126,338000
2023-10-24,42.132484436035156,42.14145834696516,41.881269690702354,41.890240179088146,343000
2023-10-25,42.437522888183594,42.56313023275797,42.419578492881044,42.491356074091236,352000
2023-10-26,41.908180236816406,41.9889283141001,41.908180236816406,41.9709839166433,227000
2023-10-27,42.50930404663086,42.54518941771232,42.45547085619305,42.54518941771232,214000
2023-10-30,42.186317443847656,42.39267290123301,42.186317443847656,42.39267290123301,289000
2023-10-31,42.150421142578125,42.150421142578125,42.02481379283602,42.02481379283602,366000
2023-11-01,42.042762756347656,42.042762756347656,41.99790347264396,42.006873960367116,218000
2023-11-02,42.97584915161133,43.02967892082745,42.87715667799001,42.87715667799001,358000
2023-11-03,43.648746490478516,43.810242635235,43.61285769774515,43.810242635235,180000
2023-11-06,43.675662994384766,43.72052227569419,43.612859316042815,43.612859316042815,222000
2023-11-07,43.45136642456055,43.47828131085632,43.406507139886244,43.45136642456055,221000
2023-11-08,44.00762176513672,44.00762176513672,43.92687369713472,43.980706883317204,354000
2023-11-09,44.60874938964844,44.74332722840232,44.572860596963274,44.572860596963274,243000
2023-11-10,43.99864959716797,44.016593991876334,43.83715346733602,43.83715346733602,216000
2023-11-13,43.99864959716797,44.05247935874972,43.93584592696036,43.99864959716797,269000
2023-11-14,44.285762786865234,44.29473327491652,44.04351853895169,44.04351853895169,316000
2023-11-15,44.904823303222656,44.99454528479626,44.904823303222656,44.99454528479626,198000
2023-11-16,44.528011322021484,44.528011322021484,44.456233720524025,44.456233720524025,221000
2023-11-17,44.69847106933594,44.73435986452659,44.68052667174061,44.73435986452659,154000
2023-11-20,44.49211883544922,44.69847428884285,44.49211883544922,44.68950380067101,293000
2023-11-21,44.68949508666992,44.761269245681795,44.653606295892246,44.662576782314936,574000
2023-11-22,44.62668991088867,44.68051967269853,44.492108661277335,44.68051967269853,381000
2023-11-23,45.218849182128906,45.35342703280822,45.12912719246541,45.12912719246541,252000
2023-11-24,44.949684143066406,44.949684143066406,44.949684143066406,44.949684143066406,31000
2023-11-27,44.788185119628906,44.806129515415236,44.779214633007506,44.806129515415236,254000
2023-11-28,45.17398452758789,45.218847231756605,45.17398452758789,45.218847231756605,213000
2023-11-29,45.263710021972656,45.308569307074805,45.21885073687051,45.21885073687051,133000
2023-11-30,45.66744613647461,45.71230541735628,45.5777241521675,45.5777241521675,284000
2023-12-01,45.62258529663086,45.62258529663086,45.57772601391678,45.57772601391678,244000
2023-12-04,46.20576477050781,46.385205318203006,46.20576477050781,46.385205318203006,242000
2023-12-05,46.43006134033203,46.43006134033203,46.340342784054116,46.340342784054116,207000
2023-12-06,47.05810546875,47.102964750670445,46.96838348236528,47.013246186829555,257000
2023-12-07,47.41698455810547,47.50670654716091,47.41698455810547,47.41698455810547,122000
2023-12-08,47.10296630859375,47.237547581350164,47.10296630859375,47.237547581350164,131000
2023-12-11,47.10296630859375,47.10296630859375,46.92352575243318,47.013247741785435,72000
2023-12-12,47.05810546875,47.102964750670445,47.013246186829555,47.05810546875,709000
2023-12-13,47.46184539794922,47.50670467944134,47.416982693913305,47.416982693913305,310000
2023-12-14,48.22446060180664,48.22446060180664,48.08987934273765,48.08987934273765,87000
2023-12-15,48.852500915527344,48.89736019449982,48.673060377093854,48.673060377093854,357000
2023-12-18,49.076805114746094,49.12166439772382,48.89736456029129,48.89736456029129,333000
2023-12-19,48.807640075683594,48.9422179082972,48.807640075683594,48.9422179082972,132000
2023-12-20,48.897361755371094,48.94222103577554,48.897361755371094,48.897361755371094,7000
2023-12-21,48.897361755371094,48.94222103577554,48.897361755371094,48.897361755371094,324000
2023-12-22,48.403900146484375,48.44875942440568,48.31417816809825,48.44875942440568,173000
2023-12-25,48.179603576660156,48.448762684844986,48.179603576660156,48.448762684844986,247000
2023-12-26,48.22446060180664,48.35904186087563,48.22446060180664,48.35904186087563,338000
2023-12-27,48.13474655151367,48.17960583455614,48.13474655151367,48.17960583455614,39000
2023-12-28,48.08987808227539,48.403899871024485,48.08987808227539,48.403899871024485,410000
2023-12-29,48.22446060180664,48.22446060180664,47.91044222737045,48.134742044123044,172000
2024-01-02,47.91044616699219,47.95530544952271,47.686146331795676,47.686146331795676,129000
2024-01-03,47.77585983276367,47.86557838831484,47.77585983276367,47.82071911053926,113000
2024-01-04,47.64128112792969,47.955302934260644,47.64128112792969,47.86558095136164,208000
2024-01-05,47.237545013427734,47.3721228563243,47.19268230991846,47.3721228563243,223000
2024-01-08,46.83380126953125,46.96837910274372,46.83380126953125,46.96837910274372,160000
2024-01-09,47.46184539794922,47.50670467944134,47.32726413092906,47.32726413092906,126000
2024-01-10,47.73100662231445,47.8207251892702,47.73100662231445,47.73100662231445,134000
2024-01-11,47.77585983276367,47.91044108863393,47.77585983276367,47.91044108863393,121000
2024-01-12,48.04501724243164,48.17959849359729,48.04501724243164,48.04501724243164,282000
2024-01-15,48.44876480102539,48.44876480102539,48.35904623522624,48.35904623522624,238000
2024-01-16,48.403900146484375,48.44875942440568,48.31417816809825,48.35904086856308,196000
2024-01-17,48.04501724243164,48.17959849359729,48.04501724243164,48.13473921738987,239000
2024-01-18,48.049560546875,48.18567620318221,48.049560546875,48.18567620318221,198000
2024-01-19,47.414344787597656,47.73195145414523,47.414344787597656,47.73195145414523,315000
2024-01-22,47.73195266723633,47.73195266723633,47.641208892103094,47.641208892103094,392000
2024-01-23,47.7773323059082,47.7773323059082,47.73195695261465,47.73195695261465,190000
2024-01-24,47.459720611572266,47.50509250175011,47.459720611572266,47.50509250175011,222000
2024-01-25,47.232852935791016,47.323600168648554,47.18748105018874,47.323600168648554,209000
2024-01-26,47.641212463378906,47.641212463378906,47.641212463378906,47.641212463378906,147000
2024-01-29,47.414344787597656,47.414344787597656,47.36897290118415,47.414344787597656,435000
2024-01-30,47.68658447265625,47.68658447265625,47.59584069049556,47.59584069049556,418000
2024-01-31,48.094932556152344,48.094932556152344,47.9134415522891,47.9134415522891,498000
2024-02-01,48.049560546875,48.18567620318221,48.049560546875,48.18567620318221,274000
2024-02-02,48.18567657470703,48.27642380793116,48.18567657470703,48.23105192214559,158000
2024-02-05,47.82270431518555,47.86807620693726,47.82270431518555,47.82270431518555,150000
2024-02-15,46.824501037597656,47.09673928611934,46.64301348745404,47.09673928611934,595000
2024-02-16,46.506893157958984,46.59763693067915,46.506893157958984,46.552265044319064,264000
2024-02-19,46.46152114868164,46.50689303492169,46.46152114868164,46.50689303492169,106000
2024-02-20,46.506893157958984,46.506893157958984,46.4615212715989,46.4615212715989,109000
2024-02-21,46.64301300048828,46.64301300048828,46.506893877648565,46.506893877648565,108000
2024-02-22,46.64301300048828,46.64301300048828,46.597637651772985,46.597637651772985,101000
2024-02-23,46.869876861572266,46.91524874956778,46.869876861572266,46.869876861572266,170000
2024-02-26,47.32360076904297,47.32360076904297,47.278225421212035,47.32360076904297,103000
2024-02-27,47.05136489868164,47.05136489868164,47.05136489868164,47.05136489868164,101000
2024-02-29,46.915245056152344,47.00598882499955,46.915245056152344,47.00598882499955,118000
2024-03-01,46.824501037597656,46.869876386786686,46.779129150061756,46.869876386786686,122000
2024-03-04,47.0059928894043,47.0059928894043,46.96062100105758,46.96062100105758,104000
2024-03-05,47.096736907958984,47.096736907958984,46.86987402008183,46.91524590532667,151000
2024-03-06,47.414344787597656,47.45971667401116,47.2328537802906,47.2328537802906,110000
2024-03-07,47.55046844482422,47.64121222630822,47.45972120168685,47.505093092428844,135000
2024-03-08,47.59584045410156,47.641212344956564,47.55046856324657,47.55046856324657,140000
2024-03-11,47.641212463378906,47.641212463378906,47.550468681443355,47.59584057241113,203000
2024-03-12,47.68658447265625,47.73195636373659,47.6412125815759,47.73195636373659,106000
2024-03-13,47.68658447265625,47.68658447265625,47.68658447265625,47.68658447265625,0
2024-03-14,47.414344787597656,47.414344787597656,47.414344787597656,47.414344787597656,103000
2024-03-15,47.14210510253906,47.14210510253906,47.096733220846296,47.14210510253906,122000
2024-03-18,47.14210510253906,47.14210510253906,47.14210510253906,47.14210510253906,0
2024-03-19,47.232852935791016,47.232852935791016,47.18748105018874,47.18748105018874,115000
2024-03-20,47.232852935791016,47.232852935791016,47.232852935791016,47.232852935791016,0
2024-03-21,47.27822494506836,47.27822494506836,47.27822494506836,47.27822494506836,100000
2024-03-22,47.82270431518555,47.82270431518555,47.73195707002867,47.73195707002867,104000
2024-03-25,47.82270431518555,47.82270431518555,47.82270431518555,47.82270431518555,0
2024-03-26,47.82270431518555,47.82270431518555,47.82270431518555,47.82270431518555,0
2024-03-27,47.95882034301758,47.95882034301758,47.9134484509323,47.95882034301758,143000
2024-03-28,48.094932556152344,48.18567632725748,48.094932556152344,48.094932556152344,123000
2024-03-29,48.276424407958984,48.276424407958984,48.276424407958984,48.276424407958984,113000
2024-04-01,48.231056213378906,48.27642810320132,48.231056213378906,48.27642810320132,146000
2024-04-02,47.7773323059082,47.822704197548305,47.7773323059082,47.822704197548305,121000
2024-04-03,47.59584045410156,47.68658423581156,47.59584045410156,47.68658423581156,122000
2024-04-08,47.14210510253906,47.23284886592459,47.096733220846296,47.23284886592459,121000
2024-04-09,47.459720611572266,47.55046785358128,47.36897683121657,47.36897683121657,144000
2024-04-10,47.59584045410156,47.59584045410156,47.59584045410156,47.59584045410156,101000
2024-04-11,47.0059928894043,47.0059928894043,46.597638970977506,46.597638970977506,127000
2024-04-12,47.0059928894043,47.051364777751004,47.0059928894043,47.0059928894043,103000
2024-04-15,47.0059928894043,47.09674012775091,47.0059928894043,47.09674012775091,137000
2024-04-16,46.59763717651367,46.779128184564534,46.50689340331477,46.779128184564534,174000
2024-04-17,46.23466110229492,46.23466110229492,46.23466110229492,46.23466110229492,106000
2024-04-18,46.506893157958984,46.552265044319064,46.4615212715989,46.506893157958984,113000
2024-04-19,47.0059928894043,47.14211201609762,46.96062100105758,47.09674012775091,153000
2024-04-22,46.64301300048828,46.68838488755049,46.597637651772985,46.68838488755049,162000
2024-04-23,46.785343170166016,46.877167760120706,46.785343170166016,46.785343170166016,165000
2024-04-24,46.69351577758789,46.69351577758789,46.601691186256105,46.69351577758789,110000
2024-04-25,46.601688385009766,46.647600677915854,46.601688385009766,46.647600677915854,109000
2024-04-26,46.372127532958984,46.46395212692026,46.372127532958984,46.372127532958984,102000
2024-04-29,46.73942947387695,46.831254061078624,46.73942947387695,46.831254061078624,103000
2024-04-30,46.92308044433594,46.92308044433594,46.83125585361954,46.83125585361954,105000
2024-05-02,46.877166748046875,46.877166748046875,46.877166748046875,46.877166748046875,100000
2024-05-03,46.83125305175781,46.83125305175781,46.83125305175781,46.83125305175781,110000
2024-05-06,47.10673522949219,47.152647526897965,47.06082293208642,47.06082293208642,106000
2024-05-07,47.56586456298828,47.56586456298828,47.382211872976924,47.382211872976924,109000
2024-05-08,47.70359802246094,47.749510312569456,47.61176993936069,47.61176993936069,105000
2024-05-09,47.38220977783203,47.38220977783203,47.38220977783203,47.38220977783203,106000
2024-05-10,47.56586456298828,47.61177685977019,47.56586456298828,47.56586456298828,104000
2024-05-13,47.290382385253906,47.33629467728428,47.290382385253906,47.290382385253906,134000
2024-05-14,47.290382385253906,47.33629467728428,47.290382385253906,47.33629467728428,101000
2024-05-15,47.3362922668457,47.382204556538156,47.3362922668457,47.382204556538156,107000
2024-05-16,47.933170318603516,47.933170318603516,47.703605330011435,47.749517627153104,242000
2024-05-17,47.933170318603516,48.024994912886854,47.88725802146185,47.88725802146185,112000
2024-05-20,47.70359802246094,47.749510312569456,47.70359802246094,47.749510312569456,16000
2024-05-21,47.611778259277344,47.611778259277344,47.56586596114588,47.611778259277344,332000
2024-05-22,47.65768814086914,47.7495127257268,47.65768814086914,47.7495127257268,104000
2024-05-23,47.65768814086914,47.7495127257268,47.65768814086914,47.7495127257268,129000
2024-05-24,47.38220977783203,47.51995016497088,47.38220977783203,47.51995016497088,133000
2024-05-27,47.474037170410156,47.56586175856011,47.38220907937671,47.56586175856011,326000
2024-05-28,47.3362922668457,47.3362922668457,47.3362922668457,47.3362922668457,133000
2024-05-29,46.877166748046875,46.92307904203298,46.877166748046875,46.877166748046875,124000
2024-05-30,46.69351577758789,46.739431576137406,46.69351577758789,46.739431576137406,125000
2024-05-31,47.244476318359375,47.33630091451933,47.244476318359375,47.33630091451933,207000
2024-06-03,47.56586456298828,47.61177685977019,47.47403996942445,47.61177685977019,117000
2024-06-04,47.933170318603516,47.933170318603516,47.88725802146185,47.88725802146185,112000
2024-06-05,48.25455856323242,48.346386657852825,48.25455856323242,48.346386657852825,190000
2024-06-06,48.438209533691406,48.484121827933365,48.438209533691406,48.484121827933365,138000
2024-06-07,48.30046844482422,48.34638424128116,48.25455615125074,48.34638424128116,185000
2024-06-11,47.79542922973633,47.79542922973633,47.79542922973633,47.79542922973633,101000
2024-06-12,47.97908401489258,48.07090861185367,47.93317171641203,48.07090861185367,264000
2024-06-13,48.392303466796875,48.392303466796875,48.346391166646704,48.346391166646704,165000
2024-06-14,48.75960159301758,48.80551739249419,48.71368929642467,48.71368929642467,144000
2024-06-17,48.71368408203125,48.80551216827134,48.71368408203125,48.759596373709634,168000
2024-06-18,48.62186050415039,48.62186050415039,48.34638324550003,48.34638324550003,186000
2024-06-19,48.897335052490234,48.897335052490234,48.897335052490234,48.897335052490234,105000
2024-06-20,48.71368408203125,48.759596373709634,48.71368408203125,48.759596373709634,104000
2024-06-21,48.48412322998047,48.53003552555011,48.48412322998047,48.53003552555011,104000
2024-06-24,48.62186050415039,48.62186050415039,48.62186050415039,48.62186050415039,114000
2024-06-25,48.897335052490234,48.94324734257321,48.897335052490234,48.94324734257321,101000
2024-06-26,48.805519104003906,48.805519104003906,48.66777870651119,48.75960330291712,124000
2024-06-27,48.34638977050781,48.39230206933214,48.34638977050781,48.39230206933214,104000
2024-06-28,48.392303466796875,48.6218684704317,48.392303466796875,48.6218684704317,204000
2024-07-01,47.749515533447266,47.79542782857579,47.70360323831875,47.79542782857579,120000
2024-07-02,47.749515533447266,47.749515533447266,47.70360323831875,47.70360323831875,101000
2024-07-03,48.070899963378906,48.116815756482545,48.070899963378906,48.116815756482545,37000
2024-07-04,48.208648681640625,48.39230137719507,48.208648681640625,48.39230137719507,534000
2024-07-05,48.208648681640625,48.208648681640625,48.208648681640625,48.208648681640625,104000
2024-07-08,48.575950622558594,48.66777521237191,48.575950622558594,48.62186291746525,362000
2024-07-09,48.8514289855957,48.943253577459195,48.8514289855957,48.8514289855957,103000
2024-07-10,48.66777801513672,48.713690312687454,48.66777801513672,48.713690312687454,102000
2024-07-11,48.75960159301758,48.851429689087105,48.75960159301758,48.851429689087105,186000
2024-07-12,49.12691116333008,49.12691116333008,48.94325845840438,48.9891707589148,225000
2024-07-15,49.12691116333008,49.26465156774535,49.08099886281965,49.08099886281965,376000
2024-07-16,49.2646484375,49.2646484375,49.21873263702304,49.2646484375,26000
2024-07-17,49.7068977355957,50.0320816301892,49.61398906406574,50.0320816301892,314000
2024-07-18,49.52107238769531,49.567526719275925,49.52107238769531,49.567526719275925,117000
2024-07-19,49.4746208190918,49.521075153266715,49.4746208190918,49.521075153266715,109000
2024-07-22,49.52107238769531,49.52107238769531,49.4746180561147,49.4746180561147,112000
2024-07-23,49.33524703979492,49.33524703979492,49.288792712430194,49.288792712430194,120000
2024-07-26,49.01007080078125,49.10297946991196,48.963616466215896,49.056525135346604,156000
2024-07-29,49.28879928588867,49.381711497247466,49.24234495232851,49.24234495232851,279000
2024-07-30,49.3817138671875,49.3817138671875,49.3817138671875,49.3817138671875,114000
2024-07-31,49.61398696899414,49.61398696899414,49.521074757148995,49.521074757148995,105000
2024-08-01,49.84626007080078,49.939168734471906,49.79980219472689,49.939168734471906,521000
2024-08-02,50.03207778930664,50.17144433014126,50.03207778930664,50.17144433014126,101000
2024-08-05,50.63599395751953,51.05409002931919,50.63599395751953,51.05409002931919,229000
2024-08-06,50.26435089111328,50.35726309586103,49.89271270483692,49.89271270483692,281000
2024-08-07,49.939170837402344,49.98562517119409,49.939170837402344,49.98562517119409,228000
2024-08-08,49.52107238769531,49.52107238769531,49.4746180561147,49.52107238769531,144000
2024-08-09,49.05652618408203,49.19589273499603,49.05652618408203,49.19589273499603,189000
2024-08-12,49.660438537597656,49.660438537597656,49.3352511306045,49.3352511306045,105000
2024-08-13,49.660438537597656,49.706892868814315,49.660438537597656,49.706892868814315,110000
2024-08-14,49.89271926879883,49.939173605165195,49.89271926879883,49.89271926879883,105000
2024-08-15,50.40372085571289,50.45017518912853,50.40372085571289,50.40372085571289,103000
2024-08-16,50.450172424316406,50.54308463029429,50.450172424316406,50.54308463029429,31000
2024-08-19,50.21790313720703,50.26435747354528,50.21790313720703,50.26435747354528,201000
2024-08-20,50.17144775390625,50.17144775390625,50.17144775390625,50.17144775390625,102000
2024-08-21,50.543087005615234,50.543087005615234,50.45017479527086,50.45017479527086,108000
2024-08-22,50.58953857421875,50.54308424370426,50.403717707922546,50.403717707922546,150000
2024-08-23,50.40372085571289,50.45017518912853,50.35726652229725,50.35726652229725,101000
2024-08-26,50.49663162231445,50.49663162231445,50.49663162231445,50.49663162231445,100000
2024-08-27,50.40372085571289,50.40372085571289,50.40372085571289,50.40372085571289,101000
2024-08-28,50.40372085571289,50.49662952254417,50.40372085571289,50.49662952254417,107000
2024-08-29,50.21790313720703,50.26435747354528,50.21790313720703,50.26435747354528,202000
2024-08-30,50.17144775390625,50.17144775390625,50.17144775390625,50.17144775390625,100000
2024-09-02,49.89271926879883,49.939173605165195,49.846264932432454,49.846264932432454,115000
2024-09-03,50.03207778930664,50.03207778930664,49.70689391967699,49.799802584074506,319000
2024-09-04,50.310813903808594,50.310813903808594,50.26435602457091,50.310813903808594,106000
2024-09-05,50.63599395751953,50.728902620480206,50.63599395751953,50.728902620480206,60000
2024-09-06,51.05409240722656,51.05409240722656,50.961180195700074,50.961180195700074,338000
2024-09-09,50.86827087402344,50.914725207069836,50.63599566455301,50.63599566455301,102000
2024-09-10,51.379276275634766,51.379276275634766,51.379276275634766,51.379276275634766,105000
2024-09-11,51.65800476074219,51.70446263766028,51.5650960953828,51.5650960953828,154000
2024-09-12,51.65800476074219,51.65800476074219,51.37927522042563,51.42572955310533,141000
2024-09-13,51.704463958740234,51.704463958740234,51.65800608063512,51.65800608063512,103000
2024-09-16,51.51864242553711,51.56509675881448,51.51864242553711,51.56509675881448,102000
2024-09-18,51.93674087524414,51.983195210633944,51.890282995615735,51.93674087524414,170000
2024-09-19,51.65800476074219,51.70446263766028,51.65800476074219,51.65800476074219,114000
2024-09-20,51.61155319213867,51.61155319213867,51.565098856971105,51.565098856971105,205000
2024-09-23,51.472190856933594,51.51864519270612,51.05409474650361,51.42573297692243,442000
2024-09-24,51.42572784423828,51.47218571961258,51.42572784423828,51.47218571961258,209000
2024-09-25,51.332820892333984,51.518641767307756,51.28636655965014,51.518641767307756,194000
2024-09-26,50.961185455322266,51.00764333799958,50.91473111688378,51.00764333799958,108000
2024-09-27,50.728904724121094,50.728904724121094,50.68245039071437,50.68245039071437,205000
2024-09-30,50.728904724121094,50.77536260176626,50.728904724121094,50.77536260176626,103000
2024-10-01,51.100547790527344,51.100547790527344,51.100547790527344,51.100547790527344,102000
2024-10-04,51.05409240722656,51.47218849849956,51.05409240722656,51.47218849849956,698000
2024-10-07,51.05409240722656,51.05409240722656,51.05409240722656,51.05409240722656,102000
2024-10-08,50.63599395751953,50.68244828899987,50.54308529455886,50.68244828899987,114000
2024-10-09,50.543087005615234,50.82181654817152,50.543087005615234,50.68245000477417,108000
2024-10-11,50.357269287109375,50.54309017521268,50.357269287109375,50.54309017521268,104000
2024-10-14,50.03207778930664,50.17144433014126,50.03207778930664,50.124989997942514,104000
2024-10-15,50.450172424316406,50.450172424316406,50.07853423311966,50.07853423311966,234000
2024-10-16,50.728904724121094,50.77536260176626,50.728904724121094,50.77536260176626,154000
2024-10-17,50.728904724121094,50.82181693517298,50.728904724121094,50.77536260176626,107000
2024-10-18,50.12499237060547,50.171446705003135,50.12499237060547,50.171446705003135,111000
2024-10-21,49.75334930419922,49.98562451434416,49.660440637836615,49.98562451434416,227000
2024-10-22,48.8607063293457,49.23655935025454,48.766744866318525,49.23655935025454,222000
2024-10-23,48.76674270629883,48.90768489459686,48.719758392466254,48.86070416516419,145000
2024-10-24,48.76674270629883,48.76674270629883,48.67277766303358,48.76674270629883,216000
2024-10-25,49.18956756591797,49.18956756591797,48.95466035961578,48.95466035961578,80000
2024-10-28,48.62579345703125,48.67277418310497,48.62579345703125,48.62579345703125,102000
2024-10-29,48.76674270629883,48.90768489459686,48.67277766303358,48.90768489459686,151000
2024-10-30,48.907684326171875,48.95466505505853,48.907684326171875,48.907684326171875,104000
2024-11-01,48.719757080078125,48.76674139264506,48.719757080078125,48.76674139264506,167000
2024-11-04,48.249942779541016,48.3908885488802,48.202962051227885,48.3908885488802,125000
2024-11-05,48.719757080078125,48.719757080078125,48.719757080078125,48.719757080078125,101000
2024-11-06,48.719757080078125,48.813722120812194,48.1559811732729,48.719757080078125,454000
2024-11-07,48.813720703125,48.813720703125,48.813720703125,48.813720703125,102000
2024-11-08,49.18956756591797,49.18956756591797,49.0956061171569,49.0956061171569,102000
2024-11-11,49.61240768432617,49.61240768432617,49.377500447578036,49.377500447578036,108000
2024-11-12,50.082218170166016,50.082218170166016,49.800330225392784,49.800330225392784,107000
2024-11-13,49.283538818359375,49.33051954866859,49.09561231272255,49.09561231272255,215000
2024-11-14,48.8607063293457,48.8607063293457,48.71976055040488,48.766744866318525,108000
2024-11-15,48.8607063293457,49.04863283980012,48.8607063293457,49.04863283980012,108000
2024-11-18,48.813720703125,48.90768215673037,48.76673997632232,48.76673997632232,119000
2024-11-19,48.95466613769531,48.95466613769531,48.86070467784405,48.86070467784405,112000
2024-11-20,48.907684326171875,49.00164936834503,48.907684326171875,49.00164936834503,103019
2024-11-21,48.95466613769531,49.001650452020876,48.95466613769531,49.001650452020876,102000
2024-11-22,49.00164794921875,49.00164794921875,48.95466363729295,48.95466363729295,103000
2024-11-25,49.23655319213867,49.42447609468914,49.23655319213867,49.37749536905152,123000
2024-11-26,49.70637130737305,49.847313494749045,49.612406264722516,49.612406264722516,169000
2024-11-27,49.753353118896484,49.753353118896484,49.659388074201715,49.70637238874908,109000
2024-11-28,49.98825454711914,50.082215996498874,49.84730878865001,49.98825454711914,174000
2024-11-29,50.17618179321289,50.17618179321289,50.082216758004876,50.082216758004876,175000
2024-12-02,50.64600372314453,50.64600372314453,50.50505794164037,50.55203867400839,286000
2024-12-03,50.78694152832031,50.927887297635834,50.78694152832031,50.83392225662555,229000
2024-12-04,50.3171272277832,50.458072997522585,50.3171272277832,50.458072997522585,123000
2024-12-05,50.59901428222656,50.6459985942366,50.59901428222656,50.6459985942366,227000
2024-12-06,50.739959716796875,50.739959716796875,50.64599826219233,50.64599826219233,246000
2024-12-09,50.78694152832031,50.83392225662555,50.78694152832031,50.78694152832031,106000
2024-12-10,50.50505447387695,50.50505447387695,50.50505447387695,50.50505447387695,101000
2024-12-11,50.36410903930664,50.41109335316337,50.31712830984981,50.41109335316337,119000
2024-12-12,50.082218170166016,50.129198896894934,50.082218170166016,50.129198896894934,13000
2024-12-13,49.659385681152344,49.706369993435565,49.659385681152344,49.706369993435565,212000
2024-12-16,49.1425895690918,49.1425895690918,48.81372089577539,48.81372089577539,69000
2024-12-17,49.283538818359375,49.283538818359375,49.18957377334098,49.18957377334098,304000
2024-12-18,49.33051681518555,49.33051681518555,49.33051681518555,49.33051681518555,101000
2024-12-19,48.719757080078125,48.813722120812194,48.67277635191099,48.813722120812194,235000
2024-12-20,48.249942779541016,48.343907820567075,48.249942779541016,48.343907820567075,30000
2024-12-23,48.4378662109375,48.4378662109375,48.24993972518148,48.24993972518148,253000
2024-12-24,48.249942779541016,48.249942779541016,48.202962051227885,48.249942779541016,111000
2024-12-25,48.48484802246094,48.48484802246094,48.48484802246094,48.48484802246094,187000
2024-12-26,48.343910217285156,48.39089094792742,48.343910217285156,48.39089094792742,109000
2024-12-27,48.531837463378906,48.531837463378906,48.4848531476211,48.4848531476211,200000
2024-12-30,48.155982971191406,48.155982971191406,48.155982971191406,48.155982971191406,125000
2024-12-31,48.719757080078125,48.76674139264506,48.57881489557672,48.57881489557672,105000
2025-01-02,48.343910217285156,48.343910217285156,48.10900297967386,48.10900297967386,113000
2025-01-03,48.67277908325195,48.67277908325195,48.531836890841376,48.531836890841376,219000
2025-01-06,48.155982971191406,48.249944431033754,48.155982971191406,48.249944431033754,105000
2025-01-07,47.73314666748047,47.9210731614642,47.73314666748047,47.9210731614642,122000
2025-01-08,47.49823760986328,47.54521833544305,47.49823760986328,47.54521833544305,107000
2025-01-09,47.73314666748047,47.780127394876466,47.73314666748047,47.73314666748047,102000
2025-01-10,47.6861686706543,47.78013013082664,47.6861686706543,47.78013013082664,213000
2025-01-13,47.49823760986328,47.54521833544305,47.49823760986328,47.54521833544305,2000
2025-01-14,47.6861686706543,47.6861686706543,47.59220721048195,47.59220721048195,202000
2025-01-15,47.59220504760742,47.59220504760742,47.404278551403294,47.404278551403294,121000
2025-01-16,48.1819953918457,48.22955833236045,48.13442882251121,48.1819953918457,122000
2025-01-17,48.277122497558594,48.277122497558594,48.229559555837284,48.229559555837284,110000
2025-01-20,48.039302825927734,48.08686576632807,48.039302825927734,48.08686576632807,105000
2025-01-21,48.37224578857422,48.419812356566126,48.37224578857422,48.419812356566126,203000
2025-01-22,48.4198112487793,48.4198112487793,48.4198112487793,48.4198112487793,105000
2025-02-03,49.133270263671875,49.180833205683456,48.84788535396268,48.84788535396268,227000
2025-02-04,48.75275802612305,48.70519508552005,48.65763214491705,48.65763214491705,114000
2025-02-05,48.943016052246094,48.943016052246094,48.8954531090825,48.8954531090825,102000
2025-02-06,49.46621322631836,49.46621322631836,49.32352077509915,49.32352077509915,103000
2025-02-07,49.27595901489258,49.41865146953053,49.27595901489258,49.37108852759117,103000
2025-02-10,49.03813552856445,49.133265031276764,49.03813552856445,49.133265031276764,101000
2025-02-11,48.943016052246094,48.990578995409685,48.8954531090825,48.8954531090825,111000
2025-02-12,48.61006546020508,48.65763202951502,48.61006546020508,48.65763202951502,100000
2025-02-13,48.277122497558594,48.41981495154237,48.277122497558594,48.372248381001214,71000
2025-02-14,48.943016052246094,48.943016052246094,48.80032359393537,48.80032359393537,210000
2025-02-17,48.89544677734375,48.94300971434816,48.89544677734375,48.94300971434816,104000
2025-02-18,48.80031967163086,48.895449179132,48.80031967163086,48.895449179132,110000
2025-02-19,48.657630920410156,48.75275679922223,48.657630920410156,48.657630920410156,171000
2025-02-20,48.75275802612305,48.80032096672605,48.75275802612305,48.80032096672605,102000
2025-02-21,48.943016052246094,48.943016052246094,48.705197707608185,48.705197707608185,114000
2025-02-24,49.03813552856445,49.18082796822318,49.03813552856445,49.18082796822318,130000
2025-02-25,49.561336517333984,49.561336517333984,49.46621064070661,49.46621064070661,169000
2025-02-26,49.894290924072266,50.036979757833535,49.894290924072266,50.036979757833535,102000
2025-02-27,50.22723388671875,50.22723388671875,49.98941554101571,49.98941554101571,136000
2025-03-03,50.17967224121094,50.22723518581774,50.08454635199733,50.08454635199733,275000
2025-03-04,50.560184478759766,50.750436262541754,50.560184478759766,50.70287331659626,347000
2025-03-05,49.799156188964844,50.08454108422972,49.75159324936059,50.08454108422972,384000
2025-03-06,49.561336517333984,49.561336517333984,49.561336517333984,49.561336517333984,100000
2025-03-07,49.84672546386719,49.84672546386719,49.84672546386719,49.84672546386719,100000
2025-03-10,49.7515983581543,49.7515983581543,49.7515983581543,49.7515983581543,102000
2025-03-11,50.08454513549805,50.2272339658527,50.08454513549805,50.179671022401145,107000
2025-03-12,49.46621322631836,49.51377616711817,49.37108734471874,49.37108734471874,103000
2025-03-13,49.228389739990234,49.228389739990234,49.180826804169584,49.180826804169584,101000
2025-03-14,49.51377487182617,49.51377487182617,49.51377487182617,49.51377487182617,100000
2025-03-17,49.41864776611328,49.41864776611328,49.41864776611328,49.41864776611328,101000
2025-03-18,49.7515983581543,49.7515983581543,49.65647246917769,49.65647246917769,106000
2025-03-19,49.84672546386719,49.84672546386719,49.79915889286058,49.79915889286058,201000
2025-03-20,50.36992645263672,50.36992645263672,50.2747969368615,50.322363509159096,247000
2025-03-21,50.41748809814453,50.41748809814453,50.32236221363825,50.369925155891394,380000
2025-03-24,49.989418029785156,50.03698097552974,49.989418029785156,49.989418029785156,777000
2025-03-25,49.894290924072266,49.894290924072266,49.704035516903836,49.704035516903836,690000
2025-03-26,49.65646743774414,49.70403037741313,49.65646743774414,49.70403037741313,777000
2025-03-27,49.41864776611328,49.60890314843292,49.41864776611328,49.60890314843292,830000
2025-03-28,49.46621322631836,49.46621322631836,49.275957834299334,49.275957834299334,987000
2025-03-31,49.989418029785156,50.08454755009447,49.989418029785156,50.08454755009447,1090000
2025-04-01,50.41748809814453,50.41748809814453,50.08454387355266,50.08454387355266,696000
2025-04-02,50.32236099243164,50.41748687462944,50.32236099243164,50.41748687462944,709000
2025-04-07,49.561336517333984,50.75042811927405,49.5137735790203,50.75042811927405,1141000
2025-04-08,48.80031967163086,48.8478826109716,48.752756732290116,48.8478826109716,776000
2025-04-09,46.53628921508789,46.86923705539941,45.95601553631933,46.86923705539941,950000
2025-04-10,48.562503814697266,48.61006675645579,48.134430081230896,48.134430081230896,762000
2025-04-11,46.859718322753906,46.8977701233656,46.488722338838436,46.555311175499185,657000
2025-04-14,46.92631530761719,46.95485234641459,46.63141926770481,46.8026487581288,699000
2025-04-15,47.42097091674805,47.42097091674805,47.0880267247674,47.145104427172456,752000
2025-04-16,47.56366729736328,47.61123023889668,47.55415616058453,47.55415616058453,716000
2025-04-17,47.896610260009766,47.896610260009766,47.6587919297638,47.6587919297638,615000
2025-04-18,47.801483154296875,47.801483154296875,47.65879070827858,47.75392021523066,747000
2025-04-21,47.135597229003906,47.45903033691395,47.135597229003906,47.45903033691395,696000
2025-04-22,46.63466262817383,46.817693445862695,46.63466262817383,46.80806179221637,654000
2025-04-23,47.684688568115234,47.684688568115234,47.55945502373953,47.55945502373953,675000
2025-04-24,47.64615249633789,47.72322042017484,47.64615249633789,47.684686458256365,683000
2025-04-25,48.079654693603516,48.079654693603516,47.96405647227994,47.96405647227994,826000
2025-04-28,48.64801788330078,48.69618350268044,48.64801788330078,48.64801788330078,658000
2025-04-29,48.3590202331543,48.599852003563626,48.3590202331543,48.40718585227592,754000
2025-04-30,47.9255256652832,48.45535486230092,47.9255256652832,48.45535486230092,633000
2025-05-02,46.258968353271484,47.26082943157505,46.23006971585161,47.26082943157505,264000
2025-05-05,43.26301956176758,45.42087386511123,43.26301956176758,45.42087386511123,454000
2025-05-06,43.63871765136719,43.841015463921025,42.37676148036831,42.37676148036831,367000
2025-05-07,44.49607849121094,44.49607849121094,44.380480265388115,44.40937890314349,220000
2025-05-08,44.61167907714844,44.717641970729225,44.60204374831304,44.60204374831304,120000
2025-05-09,44.226341247558594,44.52497393254984,44.226341247558594,44.52497393254984,243000
2025-05-12,44.216712951660156,44.22634460522302,44.06258077104701,44.072212424609866,311000
2025-05-13,44.49607849121094,44.59241340839774,44.31304766075803,44.33231464419539,209000
2025-05-14,44.43827819824219,44.43827819824219,44.36121026972583,44.37084559819092,133000
2025-05-15,43.792850494384766,43.92771570475986,43.735053218396224,43.92771570475986,107000
2025-05-16,44.20708084106445,44.20708084106445,44.10111427015457,44.10111427015457,171000
2025-05-19,43.657981872558594,43.81211405448638,43.657981872558594,43.78321541875026,202000
2025-05-20,44.16854476928711,44.27451133514652,44.16854476928711,44.245612698930735,134000
2025-05-21,43.657981872558594,43.74468145456804,43.62908323682247,43.63871489046748,177000
2025-05-22,42.77172088623047,43.00291731167336,42.74281857694941,43.00291731167336,198000
2025-05-23,43.1185188293457,43.1185188293457,43.1185188293457,43.1185188293457,100000
2025-05-26,42.63685607910156,42.68502537422502,42.63685607910156,42.68502537422502,110000
2025-05-27,43.359352111816406,43.359352111816406,43.02218908928959,43.07999003949476,178000
2025-05-28,43.600181579589844,43.657982526729256,43.600181579589844,43.61944856196965,108000
2025-05-29,43.77357864379883,43.86027822294327,43.67724741132765,43.67724741132765,264000
2025-06-02,43.995147705078125,44.01441468840987,43.301554679141894,43.3497203000706,354000
2025-06-03,44.062583923339844,44.062583923339844,44.062583923339844,44.062583923339844,100000
2025-06-04,44.1300163269043,44.1300163269043,44.1300163269043,44.1300163269043,100000
2025-06-05,44.40937423706055,44.524976125538444,44.36120862092857,44.524976125538444,144000
2025-06-06,44.35157775878906,44.40937502925807,44.35157775878906,44.40937502925807,117000
2025-06-09,44.03367614746094,44.03367614746094,44.03367614746094,44.03367614746094,1000
2025-06-10,44.31304931640625,44.284150677571155,44.216718070421614,44.216718070421614,205000
2025-06-11,44.29377746582031,44.34194308352081,44.29377746582031,44.34194308352081,101000
2025-06-12,44.158912658691406,44.35157880600634,44.14928100498616,44.35157880600634,169000
2025-06-13,44.49607849121094,44.49607849121094,44.35158162763275,44.35158162763275,162000
2025-06-16,43.82175064086914,43.85064927743482,43.82175064086914,43.84101394871213,141000
2025-06-17,43.67725372314453,43.686885377863135,43.67725372314453,43.686885377863135,102000
2025-06-18,43.908451080322266,43.908451080322266,43.85065013126425,43.908451080322266,110000
2025-06-19,44.12038040161133,44.12038040161133,44.043316144583834,44.043316144583834,120000
2025-06-20,43.96624755859375,43.97588288732961,43.96624755859375,43.97588288732961,101000
2025-06-23,44.18781280517578,44.18781280517578,44.18781280517578,44.18781280517578,100000
2025-06-24,44.139644622802734,44.255242838511755,44.139644622802734,44.255242838511755,103000
2025-06-25,44.274513244628906,44.274513244628906,44.15891501997907,44.15891501997907,202000
2025-06-26,43.94697952270508,43.94697952270508,43.8699152686711,43.8699152686711,105000
2025-06-27,43.52311706542969,43.98551361538525,43.52311706542969,43.98551361538525,18000
2025-06-30,43.77357864379883,43.85064656961654,43.68687906465438,43.79284562525326,133000
2025-07-01,44.45754623413086,44.50571185319468,44.303414048245905,44.303414048245905,138000
2025-07-02,44.39974594116211,44.39974594116211,44.39974594116211,44.39974594116211,100000
2025-07-03,44.18781280517578,44.18781280517578,44.12038020253053,44.139647185400776,160000
2025-07-04,43.82175064086914,43.84101394871213,43.82175064086914,43.84101394871213,101000
2025-07-07,43.995147705078125,43.995147705078125,43.995147705078125,43.995147705078125,100000
2025-07-08,43.63871765136719,43.65798463467727,43.63871765136719,43.65798463467727,118000
2025-07-09,43.46531677246094,43.5134823914473,43.46531677246094,43.5134823914473,117000
2025-07-10,44.052947998046875,44.072214981091264,44.052947998046875,44.0625833269697,102000
2025-07-11,44.0144157409668,44.0144157409668,44.0144157409668,44.0144157409668,100000
2025-07-14,43.46531677246094,43.5134823914473,43.46531677246094,43.5134823914473,102000
2025-07-15,43.600181579589844,43.600181579589844,43.580918272011175,43.580918272011175,102000
2025-07-16,43.51348114013672,43.52311646853761,43.51348114013672,43.51348114013672,104000
2025-07-17,43.54275894165039,43.55251960093346,43.52324134568506,43.55251960093346,104000
2025-07-18,43.86479568481445,43.86479568481445,43.86479568481445,43.86479568481445,100000
2025-07-21,43.86479568481445,43.86479568481445,43.86479568481445,43.86479568481445,100000
2025-07-22,44.14779281616211,44.14779281616211,44.05020483729171,44.05020483729171,104000
2025-07-23,44.04044723510742,44.15754908538134,44.04044723510742,44.14779214894214,125000
2025-07-24,43.97214126586914,43.97214126586914,43.94286300885083,43.94286300885083,105000
2025-07-25,44.342960357666016,44.342960357666016,44.26489369887998,44.26489369887998,105000
2025-07-28,44.50886154174805,44.50886154174805,44.49910088201013,44.49910088201013,102000
2025-07-29,44.723548889160156,44.723548889160156,44.528376653903315,44.528376653903315,109000
2025-07-30,45.19196319580078,45.25051226467147,45.1529280014863,45.17244559864354,115000
2025-07-31,45.41640853881836,45.42616547578702,45.318820556127186,45.318820556127186,139000
2025-08-01,45.33833694458008,45.533509182160955,45.31881934856191,45.38712907332509,469000
2025-08-04,45.279788970947266,45.37737323079033,45.27002831140243,45.37737323079033,187000
2025-08-05,45.85554122924805,45.89457269638257,45.728678723909255,45.728678723909255,165000
2025-08-06,45.875057220458984,45.90433547541295,45.875057220458984,45.8848178796439,134000
2025-08-07,45.60182189941406,45.865303879048376,45.582304302115105,45.865303879048376,146000
2025-08-08,45.748199462890625,45.76771705909955,45.56278416020623,45.56278416020623,150000
2025-08-11,45.650611877441406,45.650611877441406,45.57254521453003,45.57254521453003,107000
2025-08-12,45.72868347167969,45.72868347167969,45.6701306809978,45.6701306809978,103000
2025-08-13,45.836029052734375,45.836029052734375,45.660374400762564,45.660374400762564,141000
2025-08-14,46.08974838256836,46.12878357523396,46.08974838256836,46.12878357523396,109000
2025-08-15,46.1287841796875,46.23612909962409,46.1287841796875,46.23612909962409,104000
2025-08-18,45.92385482788086,45.96288629831127,45.92385482788086,45.96288629831127,127000
2025-08-19,45.748199462890625,45.816509188321454,45.748199462890625,45.816509188321454,143000
2025-08-20,46.206851959228516,46.206851959228516,46.079993162240946,46.079993162240946,179000
2025-08-21,46.509368896484375,46.519125833664866,46.23612998421881,46.23612998421881,202000
2025-08-22,46.548404693603516,46.61671442255509,46.538644033695554,46.58743988803328,126000
2025-08-25,46.61671447753906,46.7826084701597,46.58743994298272,46.7826084701597,131000
2025-08-26,46.382503509521484,46.50936602062937,46.382503509521484,46.50936602062937,148000
2025-08-27,46.538639068603516,46.538639068603516,46.52888213233753,46.52888213233753,106000
2025-08-28,46.61671447753906,46.63623207477696,46.49961261671267,46.49961261671267,145000
2025-08-29,46.665504455566406,46.792366970457145,46.665504455566406,46.792366970457145,121000
2025-09-01,46.34347152709961,46.36298540003775,46.34347152709961,46.36298540003775,101000
2025-09-02,46.372745513916016,46.38250245027037,46.304435791633495,46.304435791633495,109000
2025-09-03,46.18733596801758,46.21661050096522,46.18733596801758,46.21661050096522,101000
2025-09-04,46.83140182495117,46.83140182495117,46.80212356935651,46.80212356935651,126000
2025-09-05,47.280296325683594,47.280296325683594,47.2119865989162,47.24126113250196,119000
2025-09-08,47.58280944824219,47.690154367473596,47.58280944824219,47.690154367473596,127000
2025-09-09,47.72918701171875,47.93411617970801,47.768222202555,47.93411617970801,218000
2025-09-10,47.38764190673828,47.38764190673828,47.36812430987518,47.36812430987518,101000
2025-09-11,47.90484619140625,47.90484619140625,47.641364212172725,47.641364212172725,188000
2025-09-12,48.11953353881836,48.207360860666654,48.11953353881836,48.148808071900845,155000
2025-09-15,48.15856170654297,48.15856170654297,48.129287175467816,48.129287175467816,126000
2025-09-16,48.04146194458008,48.158563796563364,48.04146194458008,48.158563796563364,150000
2025-09-17,48.02194595336914,48.02194595336914,47.86580890464085,47.86580890464085,140000
2025-09-18,47.92436218261719,47.92436218261719,47.78774272891181,47.78774272891181,135000
2025-09-19,47.553531646728516,47.57304924184751,47.54377471046934,47.57304924184751,131000
2025-09-22,47.6608772277832,47.69991241856927,47.6608772277832,47.69991241856927,120000
2025-09-23,47.524261474609375,47.54377907151866,47.524261474609375,47.54377907151866,142000
2025-09-24,47.83653259277344,47.84628952931831,47.72918767777611,47.797497401392455,150000
2025-09-25,47.680397033691406,47.680397033691406,47.67063637424203,47.67063637424203,101000
2025-09-26,47.67063522338867,47.70967041504207,47.67063522338867,47.680395882602404,137000
2025-09-30,48.070735931396484,48.070735931396484,47.99266927182715,47.99266927182715,111000
2025-10-01,47.91460037231445,47.9243610316881,47.84629064710226,47.84629064710226,129000
2025-10-02,48.10001754760742,48.12929208166676,48.07073929094711,48.11953514451397,153000
2025-10-03,48.20736312866211,48.25615526029537,48.20736312866211,48.25615526029537,140000
2025-10-07,47.90484619140625,47.92436378867552,47.81701886499508,47.92436378867552,147000
2025-10-08,48.23663330078125,48.27566849159807,48.21711570537284,48.27566849159807,173000
2025-10-09,48.11953353881836,48.30494511934216,48.11953353881836,48.30494511934216,170000
2025-10-13,48.42204666137695,48.46108185363526,48.42204666137695,48.46108185363526,120000
2025-10-14,48.72456359863281,48.76359879071579,48.50011682805691,48.548908956860224,224000
2025-10-15,48.744083404541016,48.84166766657174,48.744083404541016,48.84166766657174,131000
2025-10-16,48.89045715332031,48.939253004297505,48.79287289656749,48.79287289656749,35000
2025-10-17,49.23200988769531,49.23200988769531,49.134421907567585,49.134421907567585,41000
2025-10-20,48.79287338256836,48.98804562061879,48.79287338256836,48.98804562061879,129000
2025-10-21,49.23725509643555,49.257005750845906,49.020001664973734,49.020001664973734,117000
2025-10-22,49.52363204956055,49.52363204956055,49.4742535318883,49.4742535318883,120000
2025-10-23,49.62238311767578,49.62238311767578,49.573008365496484,49.573008365496484,40000
2025-10-27,49.23725509643555,49.34588181216645,49.23725509643555,49.34588181216645,161000
2025-10-28,49.4742546081543,49.62238263028943,49.4742546081543,49.62238263028943,51000
2025-10-29,49.37550354003906,49.37550354003906,49.35575288657681,49.35575288657681,124000
2025-10-30,49.168128967285156,49.168128967285156,49.09900356139037,49.09900356139037,121000
2025-10-31,48.63487243652344,48.70399784217565,48.624998993024015,48.70399784217565,122000
2025-11-03,48.36824417114258,48.48674432818471,48.36824417114258,48.48674432818471,174000
2025-11-04,48.20036697387695,48.20036697387695,48.170739110734196,48.170739110734196,124000
2025-11-05,48.48674392700195,48.48674392700195,48.48674392700195,48.48674392700195,100000
2025-11-06,48.18061828613281,48.20036894001634,48.18061828613281,48.18061828613281,102000
2025-11-07,48.496620178222656,48.54599492835074,48.466996081556196,48.466996081556196,175000
2025-11-10,48.09174346923828,48.23986772661222,48.09174346923828,48.23986772661222,133000
2025-11-11,48.36824417114258,48.378121381676465,48.348493517126876,48.378121381676465,154000
2025-11-12,48.75337219238281,48.80274694357758,48.44724647474399,48.44724647474399,219000
2025-11-13,48.842247009277344,48.842247009277344,48.80274570250524,48.80274570250524,140000
2025-11-14,48.45711898803711,48.49662029505553,48.45711898803711,48.49662029505553,101000
2025-11-17,48.13124465942383,48.20037006610509,47.97324319171635,48.20037006610509,106000
2025-11-18,48.41761779785156,48.41761779785156,48.34849239392852,48.34849239392852,103000
2025-11-19,48.37812042236328,48.39786730893534,48.37812042236328,48.39786730893534,101000
2025-11-20,48.407745361328125,48.466997323230984,48.407745361328125,48.466997323230984,102000
2025-11-21,48.70399856567383,48.73362266366425,48.70399856567383,48.73362266366425,106000
2025-11-24,49.1088752746582,49.1088752746582,49.1088752746582,49.1088752746582,100000
2025-11-25,49.4742546081543,49.4742546081543,49.3755051047656,49.3755051047656,102000
2025-11-26,49.4742546081543,49.4742546081543,49.4742546081543,49.4742546081543,115000
2025-11-27,49.671756744384766,49.72113149544533,49.671756744384766,49.671756744384766,125000
2025-11-28,49.671756744384766,49.671756744384766,49.671756744384766,49.671756744384766,100000
2025-12-01,49.52363204956055,49.622381550801045,49.52363204956055,49.622381550801045,113000
2025-12-02,49.35575485229492,49.35575485229492,49.31625354379718,49.31625354379718,101000
2025-12-03,49.23725509643555,49.28662984893537,49.23725509643555,49.24712854011465,104000
2025-12-04,49.118751525878906,49.118751525878906,49.118751525878906,49.118751525878906,100000
2025-12-05,49.12862777709961,49.12862777709961,49.12862777709961,49.12862777709961,100000
2025-12-08,48.71387481689453,48.723748260346156,48.71387481689453,48.723748260346156,105000
2025-12-09,48.56574630737305,48.67437301950887,48.56574630737305,48.67437301950887,101000
2025-12-10,48.674373626708984,48.674373626708984,48.59537101069666,48.59537101069666,101000
2025-12-11,49.069374084472656,49.069374084472656,48.822496566659154,48.822496566659154,106000
2025-12-12,48.694122314453125,48.694122314453125,48.694122314453125,48.694122314453125,100000
2025-12-15,48.45711898803711,48.45711898803711,48.44724554480849,48.44724554480849,101000
2025-12-16,48.66449737548828,48.66449737548828,48.575621314248465,48.585498524970745,104000
2025-12-17,48.8027458190918,48.8027458190918,48.8027458190918,48.8027458190918,110000
2025-12-18,48.87187576293945,49.00024936170881,48.87187576293945,49.00024936170881,107000
2025-12-19,48.97062683105469,49.039752237849946,48.97062683105469,49.039752237849946,106000
2025-12-22,48.88174819946289,48.88174819946289,48.88174819946289,48.88174819946289,100000
2025-12-23,48.911373138427734,48.911373138427734,48.911373138427734,48.911373138427734,100000
2025-12-24,48.891624450683594,48.92125231591965,48.891624450683594,48.92125231591965,102000
2025-12-26,49.010128021240234,49.010128021240234,48.97062671258075,48.97062671258075,113000
2025-12-29,49.010128021240234,49.010128021240234,49.010128021240234,49.010128021240234,100000
2025-12-30,49.03974914550781,49.03974914550781,49.03974914550781,49.03974914550781,100000
2025-12-31,48.9015007019043,48.9015007019043,48.9015007019043,48.9015007019043,100000
2026-01-02,48.9015007019043,48.9015007019043,48.9015007019043,48.9015007019043,0
2026-01-05,48.605247497558594,48.62499815126761,48.58549684384957,48.58549684384957,214000
2026-01-06,48.78300094604492,48.93112520232952,48.78300094604492,48.91137454808115,109000
2026-01-07,48.95087432861328,48.95087432861328,48.92125023169148,48.92125023169148,110000
2026-01-08,49.12862777709961,49.12862777709961,49.12862777709961,49.12862777709961,100000
2026-01-09,49.12862777709961,49.12862777709961,49.108877122931915,49.108877122931915,102000
2026-01-12,49.168128967285156,49.29650256848857,49.168128967285156,49.29650256848857,103000
2026-01-13,49.35575485229492,49.35575485229492,49.35575485229492,49.35575485229492,101000
2026-01-14,49.37550354003906,49.42487829016871,49.37550354003906,49.42487829016871,103000
2026-01-15,49.57300567626953,49.57300567626953,49.57300567626953,49.57300567626953,104000
2026-01-16,49.4742546081543,49.57300787859508,49.4742546081543,49.523633126900734,111000
2026-01-19,49.02000045776367,49.33600338644297,48.980499149915744,49.33600338644297,120000
2026-01-20,49.220001220703125,49.220001220703125,49.220001220703125,49.220001220703125,100000
2026-01-21,49.0,49.02000045776367,49.0,49.02000045776367,105000
2026-01-22,49.5,49.5,49.40999984741211,49.41999816894531,182000
2026-01-23,49.70000076293945,49.70000076293945,49.59000015258789,49.59000015258789,106000
2026-01-26,49.31999969482422,49.380001068115234,49.31999969482422,49.380001068115234,121000
2026-01-27,49.369998931884766,49.369998931884766,49.29999923706055,49.31999969482422,113000
2026-01-28,48.880001068115234,49.0099983215332,48.880001068115234,48.900001525878906,159000
2026-01-29,48.720001220703125,48.720001220703125,48.720001220703125,48.720001220703125,100000
2026-01-30,48.70000076293945,48.70000076293945,48.599998474121094,48.63999938964844,106000
2026-02-02,49.27000045776367,49.27000045776367,49.040000915527344,49.040000915527344,107000
2026-02-03,48.9900016784668,48.9900016784668,48.970001220703125,48.97999954223633,130000
2026-02-04,48.939998626708984,49.0,48.939998626708984,49.0,105000
2026-02-05,49.0099983215332,49.0099983215332,49.0099983215332,49.0099983215332,100000
2026-02-06,49.279998779296875,49.279998779296875,49.279998779296875,49.279998779296875,100000
2026-02-09,49.09000015258789,49.09000015258789,49.09000015258789,49.09000015258789,100000
2026-02-10,49.119998931884766,49.119998931884766,49.119998931884766,49.119998931884766,100000
2026-02-11,49.279998779296875,49.400001525878906,49.279998779296875,49.279998779296875,114000
2026-02-23,49.77000045776367,49.77000045776367,49.709999084472656,49.709999084472656,109000
2026-02-24,49.689998626708984,49.70000076293945,49.689998626708984,49.70000076293945,108000
2026-02-25,49.470001220703125,49.56999969482422,49.470001220703125,49.56999969482422,112000
2026-02-26,49.47999954223633,49.47999954223633,49.41999816894531,49.41999816894531,103000
2026-03-02,49.66999816894531,49.79999923706055,49.540000915527344,49.79999923706055,131000
2026-03-03,49.650001525878906,49.66999816894531,49.58000183105469,49.59000015258789,119000
2026-03-04,49.90999984741211,49.959999084472656,49.86000061035156,49.88999938964844,143000
2026-03-05,49.720001220703125,49.7599983215332,49.720001220703125,49.7599983215332,101000
2026-03-06,49.70000076293945,49.810001373291016,49.70000076293945,49.810001373291016,102000
2026-03-09,49.27000045776367,49.560001373291016,49.2599983215332,49.560001373291016,112000
2026-03-10,50.0,50.0,49.97999954223633,50.0,110000
2026-03-11,49.349998474121094,49.369998931884766,49.349998474121094,49.36000061035156,103000
2026-03-12,48.56999969482422,48.689998626708984,48.56999969482422,48.689998626708984,106000
2026-03-13,48.56999969482422,48.56999969482422,48.54999923706055,48.54999923706055,120000
2026-03-16,48.72999954223633,48.72999954223633,48.72999954223633,48.72999954223633,100000
2026-03-17,48.5,48.54999923706055,48.47999954223633,48.54999923706055,113000
2026-03-18,49.119998931884766,49.119998931884766,48.97999954223633,48.97999954223633,104062
