Price,Close,High,Low,Open,Volume
Ticker,00781B.TWO,00781B.TWO,00781B.TWO,00781B.TWO,00781B.TWO
Date,,,,,
2021-03-18,31.63349151611328,31.641283627919314,31.547763421478088,31.641283627919314,123000
2021-03-19,31.804954528808594,31.804954528808594,31.695844129439266,31.695844129439266,101000
2021-03-22,32.210208892822266,32.210208892822266,32.210208892822266,32.210208892822266,100000
2021-03-23,32.1088981628418,32.1088981628418,31.991995647562014,31.991995647562014,121000
2021-03-24,32.428428649902344,32.428428649902344,32.40504933580133,32.40504933580133,104000
2021-03-25,32.32711410522461,32.42063433681463,32.32711410522461,32.42063433681463,120000
2021-03-26,32.17124938964844,32.21801099819855,32.17124938964844,32.202423795348516,130000
2021-03-29,32.15565872192383,32.1712459230943,32.15565872192383,32.1712459230943,102000
2021-03-30,31.890676498413086,31.890676498413086,31.890676498413086,31.890676498413086,100000
2021-03-31,32.077720642089844,32.077720642089844,32.077720642089844,32.077720642089844,100000
2021-04-01,32.545326232910156,32.545326232910156,32.48298040807818,32.48298040807818,111000
2021-04-07,32.623260498046875,32.67001912094968,32.623260498046875,32.67001912094968,101000
2021-04-08,32.36607360839844,32.36607360839844,32.36607360839844,32.36607360839844,100000
2021-04-09,32.69340133666992,32.69340133666992,32.69340133666992,32.69340133666992,100000
2021-04-12,32.716773986816406,32.716773986816406,32.70118679140378,32.70118679140378,101000
2021-04-13,32.58428955078125,32.592081662552566,32.58428955078125,32.592081662552566,101000
2021-04-14,32.76354217529297,32.76354217529297,32.76354217529297,32.76354217529297,100000
2021-04-15,32.740150451660156,32.740150451660156,32.740150451660156,32.740150451660156,100000
2021-04-16,32.70119094848633,32.70119094848633,32.70119094848633,32.70119094848633,100000
2021-04-19,32.553131103515625,32.58430551177877,32.553131103515625,32.58430551177877,105000
2021-04-20,32.12448501586914,32.163451529556426,32.12448501586914,32.163451529556426,109000
2021-04-21,32.23358154296875,32.23358154296875,32.23358154296875,32.23358154296875,100000
2021-04-22,32.52974319458008,32.54532742164156,32.52974319458008,32.52974319458008,103000
2021-04-23,32.51415252685547,32.60767274402231,32.490770242848185,32.60767274402231,141000
2021-04-26,32.33490753173828,32.33490753173828,32.33490753173828,32.33490753173828,100000
2021-04-27,32.217994689941406,32.217994689941406,32.217994689941406,32.217994689941406,100000
2021-04-28,31.99199676513672,31.99199676513672,31.99199676513672,31.99199676513672,100000
2021-04-29,32.0075798034668,32.0075798034668,32.0075798034668,32.0075798034668,100000
2021-05-03,32.12448501586914,32.12448501586914,32.06213621560594,32.06213621560594,101000
2021-05-04,32.15565872192383,32.1712459230943,32.140074493708,32.1712459230943,102000
2021-05-05,32.210208892822266,32.233588203368434,32.210208892822266,32.233588203368434,101000
2021-05-06,32.33490753173828,32.33490753173828,32.24138433199596,32.24138433199596,103000
2021-05-07,32.28814697265625,32.28814697265625,32.28814697265625,32.28814697265625,100000
2021-05-10,31.875091552734375,31.87509155273438,31.87509155273438,31.87509155273438,100000
2021-05-11,31.812740325927734,31.968609321124887,31.79715312911264,31.968609321124887,103000
2021-05-12,31.734819412231445,31.734819412231445,31.734819412231445,31.734819412231445,100000
2021-05-13,31.368515014648438,31.368515014648438,31.368515014648438,31.368515014648438,100000
2021-05-14,31.415279388427734,31.415279388427734,31.415279388427734,31.415279388427734,100000
2021-05-17,31.968612670898438,31.968612670898434,31.968612670898434,31.968612670898434,100000
2021-05-18,31.617910385131836,31.617910385131836,31.532182274050555,31.532182274050555,105000
2021-05-19,31.469839096069336,31.469839096069336,31.469839096069336,31.469839096069336,100000
2021-05-20,31.547767639160156,31.547767639160156,31.547767639160156,31.547767639160156,100000
2021-05-21,31.734819412231445,31.734819412231445,31.680265689059443,31.680265689059443,101000
2021-05-24,31.828332901000977,31.828332901000973,31.812745701552,31.812745701552,101000
2021-05-25,31.8673095703125,31.8673095703125,31.8673095703125,31.8673095703125,100000
2021-05-26,32.03095626831055,32.03095626831055,32.03095626831055,32.03095626831055,100000
2021-05-27,31.960813522338867,32.015370196449986,31.960813522338864,32.015370196449986,103000
2021-05-28,31.851709365844727,31.851709365844727,31.851709365844727,31.851709365844727,100000
2021-05-31,31.68025016784668,31.68025016784668,31.68025016784668,31.68025016784668,100000
2021-06-01,31.539976119995117,31.539976119995117,31.47762732422266,31.501006636160223,137000
2021-06-02,31.656875610351562,31.656875610351562,31.656875610351562,31.656875610351562,100000
2021-06-03,31.765987396240234,31.765987396240234,31.765987396240234,31.765987396240234,102000
2021-06-04,31.695838928222656,31.695838928222656,31.695838928222656,31.695838928222656,100000
2021-06-07,32.0075798034668,32.0075798034668,32.0075798034668,32.0075798034668,100000
2021-06-08,32.0075798034668,32.05434139972198,32.0075798034668,32.05434139972198,101000
2021-06-09,32.225791931152344,32.225791931152344,32.225791931152344,32.225791931152344,100000
2021-06-10,32.49076843261719,32.49076843261719,32.49076843261719,32.49076843261719,100000
2021-06-11,32.670021057128906,32.67781614337745,32.670021057128906,32.67781614337745,115000
2021-06-15,32.521949768066406,32.56871137050089,32.521949768066406,32.56871137050089,101000
2021-06-16,32.43621826171875,32.43621826171875,32.40504683630657,32.40504683630657,101000
2021-06-17,32.569725036621094,32.77392261542637,32.51474865017396,32.77392261542637,161000
2021-06-18,33.033103942871094,33.033103942871094,32.94671161103846,32.94671161103846,101000
2021-06-21,34.211181640625,34.211181640625,34.022688969430625,34.022688969430625,112000
2021-06-22,33.17448043823242,33.30014122415041,33.17448043823242,33.30014122415041,104000
2021-06-23,33.33155059814453,33.41009045341167,33.33155059814453,33.41009045341167,103000
2021-06-24,33.276573181152344,33.300136635007405,33.276573181152344,33.300136635007405,101000
2021-06-25,33.260868072509766,33.260868072509766,33.260868072509766,33.260868072509766,104000
2021-06-28,33.08808135986328,33.08808135986328,33.08808135986328,33.08808135986328,100000
2021-06-29,33.42580032348633,33.42580032348633,33.362968435702946,33.362968435702946,102000
2021-06-30,33.48076629638672,33.52003471602262,33.48076629638672,33.52003471602262,105000
2021-07-01,33.40223693847656,33.40223693847656,33.40223693847656,33.40223693847656,100000
2021-07-02,33.66926574707031,33.69282920252771,33.661413259244014,33.69282920252771,108000
2021-07-05,33.68497085571289,33.68497085571289,33.68497085571289,33.68497085571289,100000
2021-07-06,33.59858322143555,33.6378546506957,33.59858322143555,33.6378546506957,101000
2021-07-07,34.10122299194336,34.10122299194336,34.10122299194336,34.10122299194336,100000
2021-07-08,34.234737396240234,34.234737396240234,34.234737396240234,34.234737396240234,110000
2021-07-09,34.030540466308594,34.06980889437623,34.030540466308594,34.06980889437623,101000
2021-07-12,33.842044830322266,33.842044830322266,33.842044830322266,33.842044830322266,100000
2021-07-13,33.747802734375,33.747802734375,33.747802734375,33.747802734375,100000
2021-07-14,33.59073257446289,33.59073257446289,33.59073257446289,33.59073257446289,100000
2021-07-15,33.9834098815918,34.03053378361249,33.9834098815918,34.01482581627226,103000
2021-07-16,33.97555923461914,33.97555923461914,33.97555923461914,33.97555923461914,100000
2021-07-19,34.14049530029297,34.14049530029297,34.14049530029297,34.14049530029297,100000
2021-07-20,34.49391555786133,34.49391555786133,34.49391555786133,34.49391555786133,100000
2021-07-21,34.26615524291992,34.31327615987245,34.26615524291992,34.31327615987245,101000
2021-07-22,34.00697708129883,34.02268505175538,34.00697708129883,34.02268505175538,101000
2021-07-23,34.164058685302734,34.164058685302734,34.164058685302734,34.164058685302734,100000
2021-07-26,34.28971481323242,34.28971481323242,34.28971481323242,34.28971481323242,100000
2021-07-27,34.030540466308594,34.030540466308594,33.96770858460915,33.98341655503401,162000
2021-07-28,34.14834213256836,34.219026493996864,34.14048964618239,34.20331852523623,244000
2021-07-29,34.28971481323242,34.3996676112592,34.242590901511356,34.33683872495349,152000
2021-07-30,34.09337615966797,34.09337615966797,34.09337615966797,34.09337615966797,100000
2021-08-02,34.14049530029297,34.20332418975209,34.14049530029297,34.20332418975209,101000
2021-08-03,34.32113265991211,34.34469311908621,34.281864229292204,34.281864229292204,114000
2021-08-04,34.19546890258789,34.19546890258789,34.19546890258789,34.19546890258789,100000
2021-08-05,34.15620803833008,34.15620803833008,34.15620803833008,34.15620803833008,100000
2021-08-06,33.88917541503906,33.94415181951206,33.88917541503906,33.94415181951206,104000
2021-08-09,33.55930709838867,33.55930709838867,33.55930709838867,33.55930709838867,100000
2021-08-10,33.46506881713867,33.46506881713867,33.39438444124652,33.39438444124652,102000
2021-08-11,33.158775329589844,33.284436126361804,33.158775329589844,33.24516768911864,107000
2021-08-12,33.22944641113281,33.22944641113281,33.22944641113281,33.22944641113281,101000
2021-08-13,33.37082290649414,33.37082290649414,33.36296742276507,33.36296742276507,112000
2021-08-16,33.9127311706543,34.01483147736415,33.9127311706543,33.936291627591594,112000
2021-08-17,33.857749938964844,33.89701836024918,33.81848151768052,33.81848151768052,203000
2021-08-18,33.69282531738281,33.71638577413418,33.69282531738281,33.71638577413418,101000
2021-08-19,33.88917541503906,33.8970279031112,33.73209868969221,33.73209868969221,107000
2021-08-20,34.13264083862305,34.13264083862305,34.13264083862305,34.13264083862305,101000
2021-08-23,34.077659606933594,34.1247835157541,34.06980712012461,34.1247835157541,104000
2021-08-24,34.054107666015625,34.11693656416497,34.054107666015625,34.11693656416497,104000
2021-08-25,33.904876708984375,33.959856103475744,33.904876708984375,33.959856103475744,106000
2021-08-26,33.84989929199219,33.84989929199219,33.84989929199219,33.84989929199219,101000
2021-08-27,33.92845153808594,33.92845153808594,33.92845153808594,33.92845153808594,100000
2021-08-30,34.022682189941406,34.022682189941406,33.928437371118484,33.928437371118484,111000
2021-08-31,34.124786376953125,34.13263886442051,34.124786376953125,34.13263886442051,102000
2021-09-01,33.732093811035156,34.12478406961301,33.732093811035156,34.12478406961301,108000
2021-09-02,33.732093811035156,33.732093811035156,33.732093811035156,33.732093811035156,100000
2021-09-03,33.88917541503906,33.88917541503906,33.88917541503906,33.88917541503906,101000
2021-09-06,33.472923278808594,33.472923278808594,33.472923278808594,33.472923278808594,105000
2021-09-07,33.44935989379883,33.44935989379883,33.43365192227075,33.43365192227075,102000
2021-09-08,33.43364715576172,33.43364715576172,33.43364715576172,33.43364715576172,100000
2021-09-09,33.543601989746094,33.543601989746094,33.543601989746094,33.543601989746094,100000
2021-09-10,33.9127311706543,33.944147110563314,33.9127311706543,33.944147110563314,101000
2021-09-13,33.88132858276367,33.88132858276367,33.88132858276367,33.88132858276367,100000
2021-09-14,33.9834098815918,33.9834098815918,33.9834098815918,33.9834098815918,100000
2021-09-15,34.171913146972656,34.171913146972656,34.14835268454578,34.14835268454578,102000
2021-09-16,34.15609359741211,34.15609359741211,34.15609359741211,34.15609359741211,100000
2021-09-17,34.02956008911133,34.02956008911133,34.02956008911133,34.02956008911133,102000
2021-09-22,34.20354080200195,34.20354080200195,34.02955650769422,34.02955650769422,101000
2021-09-23,34.60686111450195,34.60686111450195,34.50405496580773,34.50405496580773,102000
2021-09-24,33.792301177978516,33.792301177978516,33.792301177978516,33.792301177978516,100000
2021-09-27,33.73695373535156,33.73695373535156,33.713229698012704,33.713229698012704,105000
2021-09-28,33.618324279785156,33.69740942462068,33.618324279785156,33.69740942462068,101000
2021-09-29,33.262447357177734,33.262447357177734,33.15963819066863,33.2149962764529,102000
2021-09-30,33.51552200317383,33.51552200317383,33.45225387996878,33.45225387996878,101000
2021-10-01,33.412715911865234,33.412715911865234,33.412715911865234,33.412715911865234,100000
2021-10-04,33.420616149902344,33.420616149902344,33.420616149902344,33.420616149902344,100000
2021-10-05,33.396888732910156,33.42061276571055,33.396888732910156,33.42061276571055,101000
2021-10-06,33.04892349243164,33.04892349243164,33.00147240959142,33.00147240959142,101000
2021-10-07,33.19918441772461,33.19918441772461,33.19127741143428,33.19127741143428,101000
2021-10-08,33.00938034057617,33.01728734548717,32.985653292264445,33.01728734548717,106000
2021-10-12,32.8986701965332,32.8986701965332,32.8986701965332,32.8986701965332,100000
2021-10-13,33.34944152832031,33.34944152832031,33.34944152832031,33.34944152832031,100000
2021-10-14,33.499698638916016,33.51551566672691,33.460157577783576,33.51551566672691,102000
2021-10-15,33.68159103393555,33.697408062263186,33.665774005607915,33.697408062263186,103000
2021-10-18,33.48388671875,33.48388671875,33.48388671875,33.48388671875,100000
2021-10-19,33.58668518066406,33.697401340081434,33.58668518066406,33.697401340081434,105000
2021-10-20,33.17546081542969,33.17546081542969,33.17546081542969,33.17546081542969,100000
2021-10-21,32.85121154785156,32.85911855239108,32.81167049157553,32.85911855239108,103000
2021-10-22,32.93821334838867,32.93821334838867,32.93030332473851,32.93030332473851,101000
2021-10-25,33.23081588745117,33.23081588745117,33.23081588745117,33.23081588745117,100000
2021-10-26,33.02519989013672,33.033109913163926,33.00938587766203,33.033109913163926,104000
2021-10-27,33.27827072143555,33.27827072143555,33.27827072143555,33.27827072143555,100000
2021-10-28,33.76858139038086,33.76858139038086,33.73694733540334,33.73694733540334,106000
2021-10-29,33.45225143432617,33.59460168434037,33.45225143432617,33.59460168434037,102000
2021-11-01,33.713218688964844,33.713218688964844,33.68949164258395,33.68949164258395,105000
2021-11-02,33.51552200317383,33.51552200317383,33.42852984216197,33.42852984216197,103000
2021-11-03,33.73695373535156,33.73695373535156,33.73695373535156,33.73695373535156,102000
2021-11-04,33.28617477416992,33.28617477416992,33.26245073978961,33.26245073978961,110000
2021-11-05,33.879295349121094,33.879295349121094,33.879295349121094,33.879295349121094,100000
2021-11-08,34.2509880065918,34.2509880065918,34.227260958462594,34.227260958462594,101000
2021-11-09,34.24308395385742,34.24308395385742,34.20354288913547,34.20354288913547,102000
2021-11-10,34.34589385986328,34.34589385986328,34.34589385986328,34.34589385986328,100000
2021-11-11,33.879295349121094,33.879295349121094,33.871388344288874,33.871388344288874,101000
2021-11-12,33.93465805053711,33.93465805053711,33.93465805053711,33.93465805053711,100000
2021-11-15,33.721134185791016,33.736951215098706,33.721134185791016,33.736951215098706,110000
2021-11-16,33.29408645629883,33.29408645629883,33.21500431939727,33.21500431939727,103000
2021-11-17,33.02519989013672,33.06474397169304,33.02519989013672,33.06474397169304,102000
2021-11-18,33.396888732910156,33.43642979317399,33.396888732910156,33.43642979317399,110000
2021-11-19,33.365257263183594,33.365257263183594,33.365257263183594,33.365257263183594,100000
2021-11-22,33.602508544921875,33.642049606917595,33.602508544921875,33.642049606917595,102000
2021-11-23,33.34153747558594,33.34944448254274,33.33363046862913,33.34944448254274,105000
2021-11-24,33.017295837402344,33.017295837402344,32.96984474536402,32.96984474536402,102000
2021-11-25,33.1912841796875,33.1991911875902,33.1912841796875,33.1991911875902,101000
2021-11-26,33.57878494262695,33.57878494262695,33.57878494262695,33.57878494262695,100000
2021-11-29,33.6262321472168,33.64204917517003,33.6262321472168,33.64204917517003,101000
2021-11-30,33.618324279785156,33.618324279785156,33.61041727369651,33.61041727369651,110000
2021-12-01,33.76858139038086,33.76858139038086,33.76858139038086,33.76858139038086,100000
2021-12-02,34.069095611572266,34.069095611572266,34.069095611572266,34.069095611572266,103000
2021-12-03,34.11655807495117,34.11655807495117,34.11655807495117,34.11655807495117,101000
2021-12-06,34.36170959472656,34.36170959472656,34.345892565742226,34.345892565742226,124000
2021-12-07,34.16400909423828,34.16400909423828,34.08492393117583,34.08492393117583,102000
2021-12-08,34.14027404785156,34.14027404785156,34.14027404785156,34.14027404785156,100000
2021-12-09,33.47597122192383,33.626228445755295,33.40479611236381,33.626228445755295,107000
2021-12-10,33.58668518066406,33.58668518066406,33.58668518066406,33.58668518066406,101000
2021-12-13,33.48388671875,33.48388671875,33.48388671875,33.48388671875,100000
2021-12-14,34.053279876708984,34.053279876708984,34.053279876708984,34.053279876708984,100000
2021-12-15,33.80021667480469,33.80021667480469,33.80021667480469,33.80021667480469,100000
2021-12-16,33.632965087890625,33.64093102448287,33.632965087890625,33.632965087890625,122000
2021-12-17,33.66482162475586,33.66482162475586,33.66482162475586,33.66482162475586,100000
2021-12-20,33.951534271240234,33.951534271240234,33.84799836674049,33.84799836674049,104000
2021-12-21,33.48165512084961,33.648903378910674,33.42590570149592,33.648903378910674,105000
2021-12-22,33.632965087890625,33.632965087890625,33.505537445446606,33.505537445446606,112000
2021-12-23,33.66482162475586,33.66482162475586,33.66482162475586,33.66482162475586,100000
2021-12-24,33.378108978271484,33.44978721525733,33.378108978271484,33.44978721525733,101000
2021-12-27,33.409969329833984,33.4179322287541,33.409969329833984,33.4179322287541,101000
2021-12-28,33.5294303894043,33.5294303894043,33.50553865499438,33.50553865499438,110000
2021-12-29,33.44182586669922,33.44182586669922,33.44182586669922,33.44182586669922,100000
2021-12-30,33.14714431762695,33.14714431762695,33.09936085332012,33.107323751333105,103000
2022-01-03,33.44182586669922,33.44182586669922,33.44182586669922,33.44182586669922,100000
2022-01-04,32.613548278808594,32.613548278808594,32.55779886771902,32.5737277049039,122000
2022-01-05,32.66928482055664,32.66928482055664,32.65335598964656,32.661318886044675,103000
2022-01-06,32.36664962768555,32.54186376486821,32.36664962768555,32.54186376486821,113000
2022-01-07,32.517974853515625,32.54186658770776,32.517974853515625,32.54186658770776,101000
2022-01-10,32.247196197509766,32.271087935755524,32.247196197509766,32.271087935755524,103000
2022-01-11,32.33479309082031,32.33479309082031,32.31886729425962,32.31886729425962,102000
2022-01-12,32.43832778930664,32.43832778930664,32.41443605724064,32.43832778930664,102000
2022-01-13,32.247196197509766,32.247196197509766,32.247196197509766,32.247196197509766,100000
2022-01-14,32.35072326660156,32.35072326660156,32.28701096337389,32.29497386198434,109000
2022-01-17,31.641902923583984,31.74543882151148,31.641902923583984,31.74543882151148,122000
2022-01-18,31.602081298828125,31.67375952758606,31.602081298828125,31.67375952758606,141000
2022-01-19,31.40298080444336,31.402980804443363,31.347231399019357,31.347231399019357,101000
2022-01-20,31.482614517211914,31.482614517211914,31.482614517211914,31.482614517211914,100000
2022-01-21,31.649873733520508,31.79322717980908,31.649873733520508,31.79322717980908,224000
2022-01-24,31.721540451049805,31.801181563177558,31.70561162100152,31.70561162100152,113000
2022-01-25,31.482614517211914,31.482614517211914,31.482614517211914,31.482614517211914,100000
2022-01-26,31.562267303466797,31.562267303466797,31.506517895955913,31.506517895955913,101000
2022-02-07,30.829553604125977,31.458728911503556,30.797695934308596,31.458728911503556,137000
2022-02-08,30.654342651367188,30.702126118220274,30.646376714815254,30.646376714815254,104000
2022-02-09,30.702129364013672,30.702129364013672,30.702129364013672,30.702129364013672,108000
2022-02-10,30.813627243041992,30.813627243041992,30.813627243041992,30.813627243041992,100000
2022-02-11,30.407447814941406,30.60655367908423,30.407447814941406,30.60655367908423,113000
2022-02-14,30.471160888671875,30.550805059228587,30.455235092674993,30.542839123115684,138000
2022-02-15,30.303918838500977,30.423383599526733,30.303918838500977,30.423383599526733,102000
2022-02-16,29.969417572021484,29.969417572021484,29.96145163556667,29.96145163556667,108000
2022-02-17,30.080913543701172,30.10480527458571,29.985343582048706,29.985343582048706,129000
2022-02-18,29.97738265991211,29.985348596948754,29.969419760990274,29.985348596948754,112000
2022-02-21,30.152597427368164,30.152597427368164,30.152597427368164,30.152597427368164,101000
2022-02-22,30.319843292236328,30.383558632402195,30.319843292236328,30.335772127277796,148000
2022-02-23,30.152597427368164,30.152597427368164,30.152597427368164,30.152597427368164,100000
2022-02-24,29.97738265991211,29.97738265991211,29.69066968888909,29.72252736080605,110000
2022-02-25,29.97738265991211,29.97738265991211,29.97738265991211,29.97738265991211,100000
2022-03-01,30.49505615234375,30.558768451705603,30.471161381732863,30.558768451705603,103000
2022-03-02,30.829553604125977,30.829553604125977,30.781770137514513,30.781770137514513,103000
2022-03-03,30.049060821533203,30.10481022817995,30.04109792263287,30.10481022817995,109000
2022-03-04,30.694164276123047,30.694164276123047,30.622486035261982,30.622486035261982,106000
2022-03-07,30.789735794067383,30.789735794067383,30.749915222285818,30.749915222285818,112000
2022-03-08,30.264095306396484,30.264095306396484,30.216308799033488,30.22427473598471,112000
2022-03-09,30.049060821533203,30.064989657448674,30.049060821533203,30.049060821533203,106000
2022-03-10,29.913671493530273,29.945526128545687,29.913671493530273,29.945526128545687,101000
2022-03-11,29.690670013427734,29.706598849560326,29.68270711441886,29.690670013427734,129000
2022-03-14,29.579166412353516,29.579166412353516,29.579166412353516,29.579166412353516,100000
2022-03-15,29.157066345214844,29.157066345214844,29.069459269537067,29.069459269537067,101000
2022-03-16,29.534679412841797,29.534679412841797,29.373992633201233,29.373992633201233,101000
2022-03-17,30.072994232177734,30.072994232177734,30.072994232177734,30.072994232177734,100000
2022-03-18,30.137269973754883,30.137269973754883,30.137269973754883,30.137269973754883,100000
2022-03-21,30.466684341430664,30.48275363633556,30.46668434143066,30.48275363633556,100000
2022-03-22,29.96051597595215,30.024790092022844,29.96051597595215,30.024790092022844,104000
2022-03-23,29.799827575683594,29.799827575683594,29.791794460113092,29.791794460113092,101000
2022-03-24,30.35420036315918,30.466682355255944,30.35420036315918,30.466682355255944,118000
2022-03-25,30.064956665039062,30.06495666503906,30.06495666503906,30.06495666503906,100000
2022-03-28,29.96051597595215,29.96051597595215,29.96051597595215,29.96051597595215,100000
2022-03-29,30.314029693603516,30.32206587325813,30.31402969360352,30.32206587325813,101000
2022-03-30,30.691650390625,30.691650390625,30.619340098395625,30.619340098395625,103000
2022-03-31,30.755922317504883,30.755922317504883,30.667542737182625,30.667542737182625,102000
2022-04-01,30.595237731933594,30.595237731933594,30.595237731933594,30.595237731933594,100000
2022-04-06,30.11316680908203,30.289925974987817,30.11316680908203,30.289925974987817,103000
2022-04-07,30.19351577758789,30.193515777587894,30.153341007534276,30.153341007534276,101000
2022-04-08,30.032827377319336,30.129240087425753,30.032827377319336,30.129240087425753,102000
2022-04-11,29.534679412841797,29.623058980586425,29.534679412841797,29.623058980586425,122000
2022-04-12,29.084753036499023,29.084753036499023,29.06064756637795,29.06064756637795,110000
2022-04-13,29.02047348022461,29.02047348022461,29.01244036744827,29.01244036744827,105000
2022-04-14,29.06064796447754,29.06064796447754,29.012443153383074,29.012443153383074,105000
2022-04-15,28.779449462890625,28.78748564314239,28.71517534540026,28.71517534540026,102000
2022-04-18,28.71517562866211,28.71517562866211,28.60269055836105,28.60269055836105,102000
2022-04-19,28.602685928344727,28.602685928344727,28.602685928344727,28.602685928344727,113000
2022-04-20,28.233104705810547,28.233104705810547,28.072414820227483,28.072414820227483,105000
2022-04-21,28.6589298248291,28.6589298248291,28.610725005382367,28.610725005382367,103000
2022-04-22,28.24917221069336,28.361654204002065,28.241139096130357,28.361654204002065,180000
2022-04-25,28.401823043823242,28.401823043823242,28.257202477030873,28.257202477030873,102000
2022-04-26,28.450031280517578,28.450031280517578,28.450031280517578,28.450031280517578,100000
2022-04-27,28.85978889465332,28.95620465494504,28.85978889465332,28.883894367178414,104000
2022-04-28,28.5223445892334,28.5223445892334,28.482172885891437,28.482172885891437,101000
2022-04-29,28.546445846557617,28.562515140226992,28.546445846557617,28.562515140226992,101000
2022-05-03,27.831384658813477,27.831384658813477,27.815315361954905,27.823351542836686,111000
2022-05-04,27.935827255249023,27.935827255249023,27.887619375546187,27.887619375546187,102000
2022-05-05,27.92778778076172,27.935823958882757,27.92778778076172,27.935823958882757,101000
2022-05-06,27.80727767944336,27.80727767944336,27.68675950524814,27.68675950524814,113000
2022-05-09,27.381454467773438,27.397520698472174,27.381454467773438,27.397520698472174,137000
2022-05-10,27.67068862915039,27.67068862915039,27.67068862915039,27.67068862915039,100000
2022-05-11,27.6867618560791,27.6867618560791,27.6867618560791,27.6867618560791,100000
2022-05-12,28.176856994628906,28.192926285850408,28.032236438539307,28.032236438539307,140000
2022-05-13,27.879592895507812,27.879592895507812,27.879592895507812,27.879592895507812,100000
2022-05-16,27.95189666748047,27.97599907498235,27.95189666748047,27.95992978167966,115000
2022-05-17,27.70282745361328,27.70282745361328,27.70282745361328,27.70282745361328,100000
2022-05-18,27.47786521911621,27.510003808033808,27.47786521911621,27.510003808033808,133000
2022-05-19,27.8153076171875,27.8153076171875,27.8153076171875,27.8153076171875,100000
2022-05-20,27.89565658569336,27.89565658569336,27.89565658569336,27.89565658569336,100000
2022-05-23,28.040273666381836,28.072409185124023,28.040273666381836,28.072409185124023,101000
2022-05-24,27.831384658813477,27.84745395567205,27.831384658813477,27.84745395567205,101000
2022-05-25,28.313447952270508,28.35361965285905,28.313447952270508,28.35361965285905,101000
2022-05-26,28.530376434326172,28.530376434326172,28.530376434326172,28.530376434326172,100000
2022-05-27,28.75534439086914,28.771413684980836,28.75534439086914,28.771413684980836,101000
2022-05-30,28.731233596801758,28.731233596801758,28.731233596801758,28.731233596801758,100000
2022-05-31,28.401823043823242,28.482169505876858,28.401823043823242,28.474133327219427,152000
2022-06-01,28.441993713378906,28.441993713378906,28.441993713378906,28.441993713378906,100000
2022-06-02,28.562517166137695,28.602688870708278,28.546447871328542,28.602688870708278,112000
2022-06-06,28.450031280517578,28.450031280517578,28.450031280517578,28.450031280517578,100000
2022-06-07,28.01617431640625,28.032243611739737,27.976002610524873,28.00814120119185,118000
2022-06-08,28.144723892211914,28.176862480912582,28.144723892211914,28.176862480912582,120000
2022-06-09,28.008140563964844,28.008140563964844,28.008140563964844,28.008140563964844,100000
2022-06-10,27.879592895507812,27.95993631589314,27.879592895507812,27.95993631589314,127000
2022-06-13,27.542137145996094,27.622483611912894,27.542137145996094,27.606414318729534,193000
2022-06-14,26.891347885131836,26.923483406900296,26.891347885131836,26.91545029268426,106000
2022-06-15,26.698518753051758,26.7467266318386,26.690485639039405,26.690485639039405,107000
2022-06-16,27.293071746826172,27.293071746826172,27.220761457349067,27.260933159302034,114000
2022-06-17,27.4796199798584,27.4796199798584,27.414731554658655,27.414731554658655,103000
2022-06-20,27.2768497467041,27.2768497467041,27.2768497467041,27.2768497467041,100000
2022-06-21,27.098411560058594,27.098411560058594,27.06596734345609,27.06596734345609,102000
2022-06-22,27.138965606689453,27.138965606689453,27.090302375257487,27.090302375257487,101000
2022-06-23,27.33362579345703,27.512062785598243,27.276849964950657,27.512062785598243,149000
2022-06-24,27.4796199798584,27.4796199798584,27.4796199798584,27.4796199798584,100000
2022-06-27,27.33362579345703,27.34173530007911,27.276849964950657,27.34173530007911,115000
2022-06-28,27.244407653808594,27.244407653808594,27.244407653808594,27.244407653808594,100000
2022-06-29,27.301183700561523,27.309293207813834,27.17951943342103,27.17951943342103,107000
2022-06-30,27.439069747924805,27.439069747924805,27.439069747924805,27.439069747924805,100000
2022-07-01,27.601285934448242,27.601285934448242,27.51206588131311,27.51206588131311,101000
2022-07-04,27.877050399780273,27.966270436267745,27.828387175551015,27.933826224081322,111000
2022-07-05,27.8446102142334,27.8446102142334,27.73916806812118,27.73916806812118,103000
2022-07-06,28.0636043548584,28.0636043548584,28.0636043548584,28.0636043548584,100000
2022-07-07,27.877050399780273,27.893272505873483,27.877050399780273,27.893272505873483,101000
2022-07-08,27.95005226135254,27.95005226135254,27.95005226135254,27.95005226135254,100000
2022-07-11,27.868942260742188,27.868942260742188,27.868942260742188,27.868942260742188,100000
2022-07-12,28.306922912597656,28.306922912597656,28.306922912597656,28.306922912597656,100000
2022-07-13,28.079818725585938,28.096040829738442,28.079818725585938,28.096040829738442,105000
2022-07-14,28.306922912597656,28.306922912597656,28.306922912597656,28.306922912597656,100000
2022-07-15,28.339374542236328,28.339374542236328,28.339374542236328,28.339374542236328,100000
2022-07-18,28.5745849609375,28.680027101560235,28.5745849609375,28.680027101560235,125000
2022-07-19,28.36370849609375,28.363708496093754,28.363708496093754,28.363708496093754,100000
2022-07-20,28.306922912597656,28.306922912597656,28.250147099455493,28.250147099455493,105000
2022-07-21,28.59080696105957,28.59080696105957,28.59080696105957,28.59080696105957,102000
2022-07-22,28.92336082458496,29.028802995554326,28.92336082458496,29.028802995554326,135000
2022-07-25,29.264009475708008,29.264009475708008,29.264009475708008,29.264009475708008,100000
2022-07-26,29.150463104248047,29.15857570620383,29.150463104248047,29.15857570620383,110000
2022-07-27,28.92336082458496,28.92336082458496,28.92336082458496,28.92336082458496,100000
2022-07-28,28.858474731445312,28.858474731445312,28.817917909315288,28.817917909315288,103000
2022-07-29,29.296451568603516,29.320786274247872,29.23156623966928,29.320786274247872,102000
2022-08-01,29.296451568603516,29.29645156860352,29.29645156860352,29.29645156860352,101000
2022-08-02,29.961545944213867,29.961545944213867,29.945323836567166,29.945323836567166,101000
2022-08-03,29.264009475708008,29.361339012890237,29.166676844475575,29.361339012890237,121000
2022-08-04,29.63711166381836,29.791217038056416,29.596557943655768,29.766885424768965,118000
2022-08-05,29.410005569458008,29.450562384095637,29.410005569458008,29.450562384095637,103000
2022-08-08,28.939577102661133,28.939577102661133,28.939577102661133,28.939577102661133,100000
2022-08-09,29.223461151123047,29.239683261038778,29.223461151123047,29.239683261038778,111000
2022-08-10,29.02880096435547,29.02880096435547,29.02880096435547,29.02880096435547,100000
2022-08-11,28.947690963745117,29.0044668004304,28.947690963745117,29.0044668004304,101000
2022-08-12,28.607032775878906,28.607032775878906,28.574588560208248,28.574588560208248,101000
2022-08-15,28.866580963134766,28.899025179535975,28.858471456059853,28.899025179535975,102000
2022-08-16,29.069351196289062,29.069351196289066,29.04501958225089,29.04501958225089,101000
2022-08-17,29.118019104003906,29.118019104003906,29.101796995744895,29.101796995744895,101000
2022-08-18,28.69625473022461,28.69625473022461,28.69625473022461,28.69625473022461,100000
2022-08-19,28.688140869140625,28.728694592619803,28.688140869140625,28.728694592619803,102000
2022-08-22,28.306922912597656,28.306922912597656,28.306922912597656,28.306922912597656,100000
2022-08-23,28.193376541137695,28.193376541137695,28.185267034308684,28.185267034308684,101000
2022-08-24,28.128488540649414,28.136598046710475,28.112266434476904,28.136598046710475,118000
2022-08-25,28.023048400878906,28.023048400878906,28.023048400878906,28.023048400878906,106000
2022-08-26,28.21770668029785,28.274482501058998,28.217706680297848,28.274482501058998,110000
2022-08-29,28.33125877380371,28.33125877380371,28.33125877380371,28.33125877380371,100000
2022-08-30,28.396148681640625,28.396148681640625,28.396148681640625,28.396148681640625,100000
2022-08-31,28.27448844909668,28.27448844909668,28.27448844909668,28.27448844909668,100000
2022-09-01,27.95005226135254,27.97438697094022,27.901389030278793,27.901389030278793,130000
2022-09-02,27.682395935058594,27.682395935058594,27.649951717457114,27.65806122483204,103000
2022-09-05,27.901390075683594,27.901390075683594,27.852723748735617,27.868945857718273,109000
2022-09-06,27.836498260498047,27.893274088019503,27.836498260498047,27.893274088019503,127000
2022-09-07,27.36606788635254,27.390399498382955,27.349845780315476,27.390399498382955,136000
2022-09-08,27.917604446411133,27.93382655269518,27.85271911532535,27.85271911532535,112000
2022-09-12,27.85272216796875,27.885166384092713,27.85272216796875,27.885166384092713,141000
2022-09-13,27.868942260742188,27.893273874050294,27.868942260742188,27.877051767161383,113000
2022-09-14,27.812162399291992,27.812162399291992,27.739164475906055,27.739164475906055,121000
2022-09-15,27.966272354125977,28.039270289526257,27.966272354125977,28.039270289526257,126000
2022-09-16,28.023048400878906,28.039270508211107,28.006826293546702,28.023048400878906,140000
2022-09-19,27.89175796508789,27.908166953054366,27.883550340813166,27.908166953054366,161000
2022-09-20,28.01484489440918,28.01484489440918,28.00664040020986,28.00664040020986,111000
2022-09-21,27.7686710357666,27.801495275110565,27.7686710357666,27.793287650128693,121000
2022-09-22,28.146135330200195,28.146135330200195,28.129723213482887,28.129723213482887,102000
2022-09-23,27.5881404876709,27.5881404876709,27.5881404876709,27.5881404876709,100000
2022-09-26,27.629167556762695,27.670199418078337,27.629167556762695,27.6619917936986,121000
2022-09-27,27.103994369506836,27.161435223412408,27.103994369506836,27.153230728693796,114000
2022-09-28,26.291614532470703,26.381879624950717,26.291614532470703,26.381879624950717,205000
2022-09-29,26.82499122619629,26.87422757920048,26.816786732507943,26.87422757920048,144000
2022-09-30,26.603431701660156,26.603431701660156,26.587022714672948,26.587022714672948,110000
2022-10-03,26.61164093017578,26.619845424164133,26.603433305895944,26.603433305895944,114000
2022-10-04,27.25169563293457,27.25169563293457,27.186050295593077,27.194254788901553,124000
2022-10-05,27.16143035888672,27.26810755287371,27.202462216006396,27.26810755287371,122000
2022-10-06,26.816787719726562,26.824992213716943,26.808580095444693,26.816787719726562,147000
2022-10-07,26.80858039855957,26.80858039855957,26.775759291935458,26.783963786018607,132000
2022-10-11,26.308025360107422,26.50496452467279,26.308025360107422,26.50496452467279,102000
2022-10-12,26.225963592529297,26.225963592529297,26.225963592529297,26.225963592529297,100000
2022-10-13,26.119285583496094,26.119285583496094,26.119285583496094,26.119285583496094,100000
2022-10-14,26.13570213317871,26.160318747014554,26.13570213317871,26.160318747014554,138000
2022-10-17,25.938756942749023,25.9469630010005,25.905932709743112,25.905932709743112,132000
2022-10-18,26.02081871032715,26.02081871032715,25.96337785818625,25.97158391779864,125000
2022-10-19,26.004404067993164,26.004404067993164,25.97157983470403,26.004404067993164,103000
2022-10-20,25.635143280029297,25.643349339635478,25.594114547144212,25.635143280029297,117000
2022-10-21,25.347936630249023,25.347936630249023,25.347936630249023,25.347936630249023,100000
2022-10-24,25.29049301147461,25.29049301147461,25.101758362767033,25.101758362767033,105000
2022-10-25,25.167404174804688,25.167404174804688,25.134579942462512,25.134579942462512,110000
2022-10-26,25.87311363220215,25.87311363220215,25.87311363220215,25.87311363220215,100000
2022-10-27,25.930551528930664,25.946963645841496,25.922345470475246,25.946963645841496,126000
2022-10-28,25.987993240356445,26.11108099100469,25.987993240356445,26.11108099100469,132000
2022-10-31,26.102872848510742,26.102872848510742,26.00440328191113,26.00440328191113,143000
2022-11-01,26.193138122558594,26.193138122558594,26.193138122558594,26.193138122558594,100000
2022-11-02,26.34905242919922,26.406493276097137,26.34905242919922,26.406493276097137,101000
2022-11-03,26.119285583496094,26.13569770003339,26.119285583496094,26.13569770003339,120000
2022-11-04,25.92234992980957,25.92234992980957,25.881321195620064,25.92234992980957,135000
2022-11-07,25.83207893371582,25.864903165683703,25.83207893371582,25.864903165683703,140000
2022-11-08,25.577699661254883,25.577699661254883,25.577699661254883,25.577699661254883,110000
2022-11-09,25.782846450805664,25.782846450805664,25.708993487435578,25.74181772233147,220000
2022-11-10,25.60231590270996,25.684373353403306,25.57769772841463,25.684373353403306,190000
2022-11-11,26.242372512817383,26.250578570831358,26.209549845907002,26.250578570831358,112000
2022-11-14,25.92234992980957,25.955172604132,25.92234992980957,25.955172604132,120000
2022-11-15,25.955171585083008,25.955171585083008,25.938761031139045,25.938761031139045,110000
2022-11-16,26.43931770324707,26.488550926492888,26.43931770324707,26.488550926492888,141000
2022-11-17,26.915252685546875,26.915252685546875,26.915252685546875,26.915252685546875,100000
2022-11-18,26.94808006286621,26.94808006286621,26.94808006286621,26.94808006286621,100000
2022-11-21,27.03013801574707,27.03013801574707,27.03013801574707,27.03013801574707,100000
2022-11-22,27.062963485717773,27.071171110076218,27.062963485717773,27.071171110076218,111000
2022-11-23,27.432228088378906,27.432228088378906,27.432228088378906,27.432228088378906,100000
2022-11-24,27.801490783691406,27.875343745138267,27.801490783691406,27.875343745138267,114000
2022-11-25,27.883548736572266,27.916372971199692,27.883548736572266,27.916372971199692,115000
2022-11-28,27.83431053161621,27.85072264783732,27.826106038651208,27.826106038651208,188000
2022-11-29,27.579936981201172,27.588141476077574,27.579936981201172,27.588141476077574,101000
2022-11-30,27.407609939575195,27.424018926647854,27.407609939575195,27.424018926647854,121000
2022-12-01,27.506080627441406,27.53890486349871,27.45684427335545,27.53890486349871,113000
2022-12-02,28.178964614868164,28.178964614868164,27.899964841244053,27.899964841244053,614000
2022-12-05,28.20357894897461,28.203578948974606,28.195374454954173,28.195374454954173,112000
2022-12-06,27.932783126831055,27.96560735915328,27.932783126831055,27.957399735927183,118000
2022-12-07,28.219989776611328,28.27743062300169,28.219989776611328,28.27743062300169,117000
2022-12-08,28.564640045166016,28.58105216393129,28.556432420637584,28.556432420637584,102000
2022-12-09,28.90108299255371,28.90108299255371,28.87646324726799,28.87646324726799,110000
2022-12-12,28.408721923828125,28.441546156091984,28.408721923828125,28.441546156091984,103000
2022-12-13,28.39231300354004,28.39231300354004,28.39231300354004,28.39231300354004,100000
2022-12-14,28.62207794189453,28.62207794189453,28.62207794189453,28.62207794189453,103000
2022-12-15,28.474374771118164,28.54002011545891,28.43334603961875,28.43334603961875,108000
2022-12-16,28.474374771118164,28.482682210587544,28.474374771118164,28.474374771118164,105000
2022-12-19,28.15863800048828,28.15863800048828,28.15863800048828,28.15863800048828,100000
2022-12-20,27.460695266723633,27.901065616503423,27.460695266723633,27.901065616503423,112000
2022-12-21,27.252971649169922,27.252971649169922,27.22804616439236,27.22804616439236,102000
2022-12-22,27.568708419799805,27.568708419799805,27.510546841790934,27.510546841790934,101000
2022-12-23,27.36098861694336,27.394224711212054,27.36098861694336,27.394224711212054,103000
2022-12-26,27.194814682006836,27.244668829582043,27.194814682006836,27.244668829582043,103000
2022-12-27,27.252971649169922,27.252971649169922,27.23635360279546,27.23635360279546,104000
2022-12-28,26.86246109008789,26.86246109008789,26.85415048136251,26.85415048136251,101000
2022-12-29,26.67966651916504,26.67966651916504,26.654741031391467,26.654741031391467,103000
2022-12-30,26.88738441467285,26.912309899707235,26.88738441467285,26.912309899707235,231000
2023-01-03,26.837533950805664,26.845844560000906,26.837533950805664,26.845844560000906,101000
2023-01-04,27.161577224731445,27.161577224731445,27.020328568021547,27.020328568021547,111000
2023-01-05,27.178190231323242,27.186500838746046,27.144954140768128,27.186500838746046,118000
2023-01-06,27.36098861694336,27.36098861694336,27.36098861694336,27.36098861694336,100000
2023-01-09,27.72657585144043,27.801355477968528,27.72657585144043,27.801355477968528,116000
2023-01-10,27.867830276489258,27.90106637351942,27.859519667447383,27.859519667447383,106000
2023-01-11,27.643489837646484,27.643489837646484,27.601946303454834,27.601946303454834,101000
2023-01-12,28.1004695892334,28.125395070988354,28.075544107478443,28.075544107478443,124000
2023-01-13,28.36635971069336,28.36635971069336,28.333123612893377,28.333123612893377,104000
2023-01-16,28.241727828979492,28.241727828979492,28.241727828979492,28.241727828979492,100000
2023-01-17,28.183561325073242,28.183561325073242,28.183561325073242,28.183561325073242,101000
2023-01-30,28.150327682495117,28.150327682495117,28.150327682495117,28.150327682495117,100000
2023-01-31,27.768115997314453,27.768115997314453,27.71826503208804,27.72657246976978,113000
2023-02-01,27.917680740356445,27.91768074035644,27.91768074035644,27.91768074035644,101000
2023-02-02,27.934301376342773,27.959230035751787,27.934301376342773,27.959230035751787,101000
2023-02-03,28.01738929748535,28.042314785254725,28.000771249116223,28.000771249116223,131000
2023-02-06,27.651798248291016,27.685034344639586,27.651798248291016,27.685034344639586,102000
2023-02-07,27.585330963134766,27.585330963134766,27.568712913913487,27.585330963134766,105000
2023-02-08,27.369295120239258,27.369295120239258,27.31113354204122,27.360987681740237,181000
2023-02-09,27.27790069580078,27.327751666072817,27.27790069580078,27.327751666072817,138000
2023-02-10,27.10341453552246,27.10341453552246,26.771063090568266,26.78768113825125,405000
2023-02-13,26.837533950805664,26.837533950805664,26.7544468762656,26.81260846235739,113000
2023-02-14,27.036945343017578,27.05356339059525,27.003709247862236,27.05356339059525,107000
2023-02-15,27.086795806884766,27.086795806884766,27.053562881922765,27.053562881922765,112000
2023-02-16,26.87907600402832,26.9206227085732,26.87907600402832,26.9206227085732,101000
2023-02-17,26.44701385498047,26.48855738367818,26.388852280890053,26.48855738367818,581000
2023-02-20,26.62980842590332,26.64642647181145,26.613190379995192,26.62150098773334,115000
2023-02-21,26.62980842590332,26.63811903364147,26.62150098773334,26.63811903364147,123000
2023-02-22,26.388856887817383,26.42209139962078,26.388856887817383,26.42209139962078,129000
2023-02-23,26.538415908813477,26.604886516593233,26.50517981253145,26.538415908813477,273000
2023-02-24,26.72120475769043,26.72120475769043,26.704586712613118,26.704586712613118,116000
2023-03-01,26.5882625579834,26.67966021765733,26.5882625579834,26.67966021765733,140000
2023-03-02,26.430397033691406,26.46363312601611,26.388853503069633,26.46363312601611,130000
2023-03-03,26.546724319458008,26.546724319458008,26.513488223943977,26.513488223943977,104000
2023-03-06,27.00370979309082,27.020327841004026,26.945548210178877,26.945548210178877,154000
2023-03-07,26.937236785888672,26.937236785888672,26.90400386063697,26.928929346967863,108000
2023-03-08,26.937236785888672,26.962165441788017,26.92062190804705,26.962165441788017,103000
2023-03-09,26.953853607177734,26.962164215288954,26.953853607177734,26.962164215288954,104000
2023-03-10,27.377607345581055,27.377607345581055,27.294517107840978,27.294517107840978,111000
2023-03-13,27.402530670166016,27.410841278068588,27.302825562312744,27.33606165478658,134000
2023-03-14,27.24466323852539,27.37760443520874,27.169883617292996,27.37760443520874,115000
2023-03-15,27.211427688598633,27.211427688598633,27.10341197365334,27.10341197365334,104000
2023-03-16,27.49751091003418,27.522752395753287,27.46385345590771,27.472269424315073,125000
2023-03-17,27.547996520996094,27.547996520996094,27.489094372618265,27.489094372618265,127000
2023-03-20,27.758350372314453,27.758350372314453,27.514338653250057,27.514338653250057,113000
2023-03-21,27.70786476135254,27.70786476135254,27.640549854125663,27.640549854125663,102000
2023-03-22,27.615306854248047,27.64054833819805,27.59847812836429,27.59847812836429,106000
2023-03-23,27.691036224365234,27.691036224365234,27.691036224365234,27.691036224365234,115000
2023-03-24,27.590063095092773,27.62372054408474,27.590063095092773,27.62372054408474,111000
2023-03-27,27.766765594482422,27.792007081538696,27.69945068266349,27.69945068266349,145000
2023-03-28,27.455440521240234,27.455440521240234,27.388125613418836,27.388125613418836,102000
2023-03-29,27.37971305847168,27.37971305847168,27.295569423069058,27.320814118565593,128000
2023-03-30,27.514339447021484,27.531168173968464,27.514339447021484,27.531168173968464,107000
2023-03-31,27.665794372558594,27.674207131032514,27.665794372558594,27.674207131032514,120000
2023-04-06,28.347341537475586,28.372586233635587,28.347341537475586,28.35575750611278,133000
2023-04-07,28.45672035217285,28.48196183298482,28.45672035217285,28.48196183298482,151000
2023-04-10,28.372587203979492,28.372587203979492,28.33051377885777,28.33051377885777,126000
2023-04-11,28.212717056274414,28.24637451386018,28.212717056274414,28.229545785067295,112000
2023-04-12,28.153812408447266,28.195882617033174,28.153812408447266,28.195882617033174,103000
2023-04-13,28.204301834106445,28.22113056142993,28.204301834106445,28.22113056142993,117000
2023-04-14,28.13698959350586,28.153818322425494,28.13698959350586,28.153818322425494,104000
2023-04-17,28.027605056762695,28.027605056762695,28.00236036086123,28.010776329412234,108000
2023-04-18,27.74152374267578,27.758352470409246,27.724695014942313,27.724695014942313,114000
2023-04-19,27.80042266845703,27.80883542744299,27.7835939407335,27.7835939407335,123000
2023-04-20,27.81725311279297,27.81725311279297,27.78359565526889,27.78359565526889,116000
2023-04-21,28.019187927246094,28.019187927246094,28.002359200592924,28.019187927246094,112000
2023-04-24,27.918214797973633,27.918214797973633,27.909798830970843,27.909798830970843,107000
2023-04-25,28.263200759887695,28.263200759887695,28.221130546477035,28.229543305258552,119000
2023-04-26,28.473556518554688,28.473556518554688,28.439899062173897,28.439899062173897,121000
2023-04-27,28.246368408203125,28.280025858513586,28.246368408203125,28.271609891060407,210000
2023-04-28,28.09491539001465,28.09491539001465,28.019187725496362,28.04443242017005,141000
2023-05-02,27.892972946166992,27.909798460447284,27.85931549810458,27.909798460447284,140000
2023-05-03,28.162229537963867,28.170642296127685,28.15381357004875,28.162229537963867,109000
2023-05-04,28.187469482421875,28.237955657900795,28.170640757262234,28.237955657900795,216000
2023-05-05,27.90980339050293,27.93504808588448,27.90980339050293,27.93504808588448,106000
2023-05-08,27.859323501586914,27.859323501586914,27.834082013164135,27.834082013164135,133000
2023-05-09,27.547996520996094,27.556409279477826,27.497510340851424,27.556409279477826,130000
2023-05-10,27.539583206176758,27.547999175220784,27.539583206176758,27.539583206176758,147000
2023-05-11,27.775178909301758,27.775178909301758,27.766766150031902,27.766766150031902,126000
2023-05-12,28.06967544555664,28.06967544555664,28.044433959249087,28.044433959249087,101000
2023-05-15,27.825664520263672,27.84249324820801,27.825664520263672,27.84249324820801,104000
2023-05-16,27.657381057739258,27.657381057739258,27.64055232942547,27.64896829845823,107000
2023-05-17,27.480680465698242,27.480680465698242,27.45543898155648,27.463851739686636,116000
2023-05-18,27.438610076904297,27.497509012685807,27.438610076904297,27.497509012685807,110000
2023-05-19,27.26191520690918,27.278740724255645,27.219841784288526,27.278740724255645,144000
2023-05-22,27.194599151611328,27.203015119681123,27.127287455809782,27.127287455809782,167000
2023-05-23,27.00948715209961,27.034731847287606,27.00948715209961,27.026315878974454,149000
2023-05-24,27.152530670166016,27.169359397626256,27.009488091629777,27.009488091629777,176000
2023-05-25,27.00948715209961,27.043144605849303,26.992661634976216,27.043144605849303,122000
2023-05-26,27.00948715209961,27.017903120412758,27.001074393537912,27.001074393537912,132000
2023-05-29,27.11046028137207,27.135701767523692,27.11046028137207,27.118873040172094,157000
2023-05-30,27.32081413269043,27.337642859779653,27.25349922433353,27.25349922433353,148000
2023-05-31,27.472270965576172,27.472270965576172,27.388127325539333,27.39654329441885,146000
2023-06-01,27.522747039794922,27.598474691967045,27.522747039794922,27.598474691967045,147000
2023-06-02,27.691036224365234,27.72469367820939,27.68262346577993,27.707864951287313,162000
2023-06-05,27.48909568786621,27.51434038402212,27.48068292898196,27.51434038402212,255000
2023-06-06,27.547996520996094,27.56482203795956,27.547996520996094,27.56482203795956,123000
2023-06-07,27.825664520263672,27.84249324820801,27.79200706437499,27.80042303322299,161000
2023-06-08,27.388124465942383,27.39654043394319,27.354467013441827,27.371295739692105,199000
2023-06-09,27.547996520996094,27.531167794281203,27.489094372618265,27.51433906756631,202000
2023-06-12,27.58165168762207,27.606896383414867,27.58165168762207,27.606896383414867,200000
2023-06-13,27.733104705810547,27.749933431682248,27.665793012075014,27.665793012075014,155000
2023-06-14,27.58165168762207,27.606896383414867,27.58165168762207,27.606896383414867,197000
2023-06-15,27.615306854248047,27.691034515849328,27.59847812836429,27.691034515849328,160000
2023-06-16,27.845504760742188,27.854029203827093,27.79434834514415,27.854029203827093,126000
2023-06-19,27.947816848754883,27.956344544968285,27.93929240490465,27.93929240490465,132000
2023-06-20,27.888132095336914,27.89665979036101,27.828451239619074,27.828451239619074,143000
2023-06-21,28.26327133178711,28.280320216333,28.24621919487866,28.271795774060053,140000
2023-06-26,28.288850784301758,28.305902922942217,28.246222063882062,28.26327420252252,115000
2023-06-27,28.135387420654297,28.280325734111212,28.135387420654297,28.280325734111212,131000
2023-06-28,28.203594207763672,28.2206430945637,28.18654206860065,28.18654206860065,209000
2023-06-29,28.305908203125,28.391165659868314,28.305908203125,28.37411351804695,133000
2023-06-30,28.058652877807617,28.06717732127652,28.050128434338717,28.058652877807617,104000
2023-07-03,28.399690628051758,28.408215071961582,28.365586347686094,28.365586347686094,153000
2023-07-04,28.50200080871582,28.519052949252792,28.50200080871582,28.51052525280268,145000
2023-07-05,28.476421356201172,28.51905007706879,28.416740496513924,28.416740496513924,113000
2023-07-06,28.178016662597656,28.178016662597656,28.126863493314854,28.152440077956253,118000
2023-07-07,27.836986541748047,27.836986541748047,27.802882257057288,27.811406702048178,139000
2023-07-10,27.674991607666016,27.700571446249352,27.66646716304721,27.700571446249352,143000
2023-07-11,27.981922149658203,27.981922149658203,27.973397705496996,27.973397705496996,102000
2023-07-12,28.084230422973633,28.084230422973633,28.067178283088463,28.067178283088463,200000
2023-07-13,28.23769760131836,28.25474974191112,28.22917315720361,28.25474974191112,104000
2023-07-14,28.31443214416504,28.348536427201076,28.314432144165036,28.331484285683057,138000
2023-07-17,28.22064208984375,28.229169785303153,28.195065508191302,28.195065508191302,129000
2023-07-18,28.169492721557617,28.20359700326403,28.169492721557617,28.195069306655768,214000
2023-07-19,28.34853744506836,28.36558958719864,28.331485302938074,28.340013000184996,133000
2023-07-20,28.52757453918457,28.604307537742258,28.527574539184574,28.604307537742258,423000
2023-07-21,28.37411117553711,28.39116331595068,28.37411117553711,28.38263887192551,127000
2023-07-24,28.51905632019043,28.51905632019043,28.502004177637904,28.51052862273235,222000
2023-07-25,28.595787048339844,28.595787048339844,28.587259351563826,28.587259351563826,127000
2023-07-26,28.536104202270508,28.55315634227713,28.519052062263885,28.55315634227713,163000
2023-07-27,28.536104202270508,28.55315634227713,28.536104202270508,28.536104202270508,157000
2023-07-28,28.271799087524414,28.39968850314519,28.220642670803517,28.39968850314519,258000
2023-07-31,28.416738510131836,28.425262952764314,28.391158677509,28.425262952764314,131000
2023-08-01,28.595787048339844,28.595787048339844,28.595787048339844,28.595787048339844,100000
2023-08-02,28.322959899902344,28.382640769157586,28.322959899902344,28.382640769157586,116000
2023-08-04,27.73467254638672,27.802881112961437,27.632362948888108,27.726148101746613,139000
2023-08-07,28.05013084411621,28.058655288317446,28.024551006785913,28.024551006785913,145000
2023-08-08,28.024553298950195,28.024553298950195,27.86256282697095,27.86256282697095,137000
2023-08-09,28.178016662597656,28.178016662597656,28.135387937407568,28.152440077956253,134000
2023-08-10,28.067180633544922,28.109812613009577,28.067180633544922,28.109812613009577,204000
2023-08-11,27.836986541748047,27.871087574075204,27.819934399402666,27.836986541748047,209000
2023-08-14,27.77730369567871,27.785828140063796,27.75172385779672,27.76025155454517,143000
2023-08-15,27.73467254638672,27.768776829674078,27.73467254638672,27.751724688030396,264000
2023-08-16,27.683515548706055,27.709092131455847,27.66646340941852,27.709092131455847,133000
2023-08-17,27.419212341308594,27.495945342125324,27.410687897823635,27.495945342125324,166000
2023-08-18,27.52152442932129,27.52152442932129,27.461843562406717,27.461843562406717,129000
2023-08-21,27.308378219604492,27.402163370598924,27.308378219604492,27.402163370598924,148000
2023-08-22,27.171966552734375,27.197543139060475,27.137862269390595,27.14638834022654,155000
2023-08-23,27.453317642211914,27.453317642211914,27.4447899460464,27.4447899460464,119000
2023-08-24,27.947816848754883,28.007497712796027,27.947816848754883,27.990448825095555,116000
2023-08-25,27.79435157775879,27.845507999306562,27.79435157775879,27.845507999306562,116000
2023-08-28,27.93076515197754,27.93076515197754,27.905188567657742,27.93076515197754,114000
2023-08-29,27.990447998046875,27.990447998046875,27.939291579367513,27.939291579367513,136000
2023-08-30,28.15243911743164,28.20359553733231,28.05012952999345,28.05012952999345,120000
2023-08-31,28.25474739074707,28.28032397332627,28.25474739074707,28.28032397332627,113000
2023-09-01,28.24622344970703,28.27180003274112,28.246223449707035,28.254747893264046,129000
2023-09-04,27.913715362548828,27.939291946042644,27.888135526691908,27.922239806259064,159000
2023-09-05,27.888132095336914,27.888132095336914,27.888132095336914,27.888132095336914,135000
2023-09-06,27.674991607666016,27.674991607666016,27.640887324463872,27.640887324463872,104000
2023-09-07,27.71761703491211,27.726144730878907,27.71761703491211,27.726144730878907,101000
2023-09-08,27.922239303588867,27.922239303588867,27.922239303588867,27.922239303588867,101000
2023-09-11,27.836986541748047,27.836986541748047,27.836986541748047,27.836986541748047,161000
2023-09-12,27.811405181884766,27.81993287877313,27.811405181884766,27.811405181884766,121000
2023-09-13,27.845504760742188,27.854029203827093,27.836980317657286,27.836980317657286,111000
2023-09-14,27.947816848754883,27.947816848754883,27.947816848754883,27.947816848754883,144000
2023-09-15,27.74319839477539,27.75172283884749,27.717618557832605,27.72614625426795,149000
2023-09-18,27.536157608032227,27.553411234470097,27.458517934458175,27.467144747677114,137000
2023-09-19,27.8035831451416,27.812211604038986,27.8035831451416,27.812211604038986,104000
2023-09-20,27.691434860229492,27.691434860229492,27.68280969254696,27.691434860229492,106000
2023-09-21,27.691434860229492,27.691434860229492,27.59654320715446,27.59654320715446,295000
2023-09-22,27.277360916137695,27.277360916137695,27.216973221118803,27.242853661841185,208000
2023-09-25,27.467144012451172,27.467144012451172,27.467144012451172,27.467144012451172,101000
2023-09-26,27.087570190429688,27.087570190429688,27.03581096224984,27.03581096224984,112000
2023-09-27,27.147958755493164,27.147958755493164,27.122079961694745,27.130706774759666,102000
2023-09-28,26.958173751831055,26.9668005648792,26.88916089284222,26.915041331986664,110000
2023-10-02,26.828777313232422,26.828777313232422,26.80289687170883,26.811523685550025,103000
2023-10-03,26.526844024658203,26.552724464829847,26.492336771096014,26.526844024658203,139000
2023-10-04,25.836715698242188,25.90572856074709,25.793581630803857,25.802208444291523,213000
2023-10-05,26.319805145263672,26.319805145263672,26.29392470538133,26.311178331969558,201000
2023-10-06,26.16452407836914,26.17315089109668,26.138643640186533,26.155897265641606,175000
2023-10-11,26.526844024658203,26.535470838048752,26.43195072275859,26.43195072275859,130000
2023-10-12,26.8115234375,26.8115234375,26.802896623738615,26.8115234375,230000
2023-10-13,26.380191802978516,26.380191802978516,26.337059380906883,26.337059380906883,169000
2023-10-16,26.621734619140625,26.621734619140625,26.53546813940482,26.5786005565746,130000
2023-10-17,26.22491455078125,26.35431347275388,26.199035753624663,26.34568830396606,187000
2023-10-18,26.13001823425293,26.147270214154183,26.13001823425293,26.147270214154183,138000
2023-10-19,25.621047973632812,25.707312809893143,25.621047973632812,25.707312809893143,234000
2023-10-20,25.48302459716797,25.51753020575597,25.48302459716797,25.51753020575597,118000
2023-10-23,25.224224090576172,25.25873134314074,25.181091670266824,25.206970464293885,238000
2023-10-24,25.750446319580078,25.750446319580078,25.664179839778882,25.664179839778882,156000
2023-10-25,25.90572738647461,25.98336705894787,25.90572738647461,25.98336705894787,124000
2023-10-26,25.457143783569336,25.49164939165161,25.457143783569336,25.48302422367835,128000
2023-10-27,25.810836791992188,25.82809041999309,25.77632953599039,25.810836791992188,168000
2023-10-30,25.767704010009766,25.810836434017276,25.767704010009766,25.810836434017276,133000
2023-10-31,25.810836791992188,25.810836791992188,25.79358316399129,25.79358316399129,122000
2023-11-01,25.681438446044922,25.681438446044922,25.629677560886808,25.655558003465867,105000
2023-11-02,26.380191802978516,26.397445429965742,26.337059380906883,26.337059380906883,232000
2023-11-03,26.80289649963379,26.80289649963379,26.742510448980173,26.742510448980173,150000
2023-11-06,26.8115234375,26.8115234375,26.79426980997723,26.79426980997723,418000
2023-11-07,26.690750122070312,26.733882543519634,26.682123308701165,26.725255730150486,141000
2023-11-08,26.94955062866211,26.984057885579368,26.940923814432796,26.984057885579368,183000
2023-11-09,27.337743759155273,27.380876176570208,27.260104091491385,27.260104091491385,122000
2023-11-10,26.9668025970459,26.9668025970459,26.9668025970459,26.9668025970459,100000
2023-11-13,26.906414031982422,26.92366601237014,26.906414031982422,26.92366601237014,130000
2023-11-14,27.130706787109375,27.130706787109375,27.018559862610676,27.018559862610676,200000
2023-11-15,27.631052017211914,27.656934104845313,27.57929277813475,27.57929277813475,129000
2023-11-16,27.398130416870117,27.42401085513793,27.346371185730785,27.406757229626056,145000
2023-11-17,27.475772857666016,27.48439967129211,27.475772857666016,27.48439967129211,140000
2023-11-20,27.389507293701172,27.406760921537252,27.389507293701172,27.398134107619214,124000
2023-11-21,27.475772857666016,27.48439967129211,27.475772857666016,27.48439967129211,124000
2023-11-22,27.363624572753906,27.389505012352366,27.329118965352333,27.380878199152882,171000
2023-11-23,27.64830207824707,27.64830207824707,27.622423284745587,27.64830207824707,188000
2023-11-24,27.49302864074707,27.55341469546837,27.49302864074707,27.55341469546837,118000
2023-11-27,27.41538429260254,27.441263085710258,27.41538429260254,27.441263085710258,137000
2023-11-28,27.682811737060547,27.71731899192462,27.674186568741003,27.674186568741003,170000
2023-11-29,27.79495620727539,27.79495620727539,27.751820497120747,27.79495620727539,117000
2023-11-30,27.976116180419922,28.00199497557819,27.96748772150525,28.00199497557819,118000
2023-12-01,27.924352645874023,27.924352645874023,27.846712976983852,27.872595060475618,138000
2023-12-04,28.31255340576172,28.31255340576172,28.200406476509947,28.200406476509947,156000
2023-12-05,28.424699783325195,28.441953409859273,28.35568527718887,28.38156736238638,128000
2023-12-06,28.70937728881836,28.778391797105364,28.66624486653542,28.66624486653542,126000
2023-12-07,29.002685546875,29.140711287787216,29.002685546875,29.037192804801364,332000
2023-12-08,28.812896728515625,28.881907940446457,28.761135851473043,28.881907940446457,108000
2023-12-11,28.769763946533203,28.778392405647974,28.72663152333819,28.72663152333819,155000
2023-12-12,28.795644760131836,28.795644760131836,28.683497832148067,28.683497832148067,163000
2023-12-13,28.916418075561523,28.925043243865808,28.88191082075849,28.899164448160004,187000
2023-12-14,29.33049964904785,29.356378448625467,29.295992389082077,29.313246019064966,127000
2023-12-15,29.710065841674805,29.744573097233257,29.64105462135091,29.744573097233257,328000
2023-12-18,29.911104202270508,29.928586252385116,29.753769085599153,29.753769085599153,228000
2023-12-19,29.718807220458984,29.81495683614048,29.587693501918693,29.81495683614048,210000
2023-12-20,29.80621337890625,29.81495607157694,29.80621337890625,29.81495607157694,106000
2023-12-21,29.849918365478516,29.884879130962783,29.841175673337386,29.884879130962783,142000
2023-12-22,29.50901985168457,29.552726638424097,29.50901985168457,29.552726638424097,108000
2023-12-25,29.421613693237305,29.49154188630661,29.421613693237305,29.49154188630661,118000
2023-12-26,29.45658302307129,29.4740650744445,29.4478403302045,29.4478403302045,102000
2023-12-27,29.395395278930664,29.421616686819736,29.36917053668148,29.36917053668148,107000
2023-12-28,29.465320587158203,29.474063279492565,29.456581229183996,29.456581229183996,103000
2023-12-29,29.325468063354492,29.38665357339005,29.325468063354492,29.38665357339005,125000
2024-01-02,29.019542694091797,29.06324615677877,28.975839231404827,29.06324615677877,169000
2024-01-03,28.87968635559082,28.975835963273905,28.87968635559082,28.975835963273905,200000
2024-01-04,28.82724380493164,28.914654065720946,28.82724380493164,28.914654065720946,107000
2024-01-05,28.591236114501953,28.617460855344003,28.58249675712789,28.617460855344003,174000
2024-01-08,28.32027244567871,28.460125502980535,28.32027244567871,28.460125502980535,155000
2024-01-09,28.696128845214844,28.696128845214844,28.617461290213125,28.65242205460057,130000
2024-01-10,28.932126998901367,28.932126998901367,28.905905593087475,28.905905593087475,109000
2024-01-11,28.993314743041992,28.993314743041992,28.993314743041992,28.993314743041992,100000
2024-01-12,29.17687225341797,29.185611610541645,29.150647513327282,29.150647513327282,107000
2024-01-15,29.307985305786133,29.307985305786133,29.220578389089443,29.220578389089443,162000
2024-01-16,29.299243927001953,29.299243927001957,29.25554047166797,29.273022520673546,174000
2024-01-17,29.168132781982422,29.176875474431085,29.071983171208302,29.071983171208302,154000
2024-01-18,29.168132781982422,29.20309688305668,29.168132781982422,29.20309688305668,129000
2024-01-19,28.818500518798828,28.862203976057547,28.80975782673105,28.80975782673105,134000
2024-01-22,28.993314743041992,29.037021535256535,28.40768107220025,28.993314743041992,219000
2024-01-23,29.028278350830078,29.028278350830078,28.967092843999374,28.99331425139538,132000
2024-01-24,28.8010196685791,28.8010196685791,28.73109146656461,28.8010196685791,136000
2024-01-25,28.661163330078125,28.661163330078125,28.626199233058568,28.643681281568348,167000
2024-01-26,28.914649963378906,28.914649963378906,28.897167913701356,28.897167913701356,155000
2024-01-29,28.818500518798828,28.84472192628205,28.80975782673105,28.82723987650655,200000
2024-01-30,28.96709632873535,29.002060432376226,28.914653507634487,28.914653507634487,127000
2024-01-31,29.13317108154297,29.13317108154297,29.019539423873642,29.019539423873642,123000
2024-02-01,29.290504455566406,29.299247148210334,29.24680099542759,29.24680099542759,167000
2024-02-02,29.299243927001953,29.307983284324788,29.290501235319212,29.299243927001957,105000
2024-02-05,28.949615478515625,29.002061636153798,28.949615478515625,29.002061636153798,107000
2024-02-15,28.36397933959961,28.37271869795803,28.27656908421385,28.27656908421385,154000
2024-02-16,28.232864379882812,28.25034643018978,28.232864379882812,28.232864379882812,172000
2024-02-19,28.180421829223633,28.180421829223633,28.127975677807864,28.127975677807864,138000
2024-02-20,28.232864379882812,28.232864379882812,28.162939513015097,28.162939513015097,126000
2024-02-21,28.31153106689453,28.31153106689453,28.259088251949382,28.267827609653555,105000
2024-02-22,28.241605758666992,28.267827165727777,28.232863066740062,28.241605758666992,192000
2024-02-23,28.346494674682617,28.355234032235185,28.320273267664927,28.355234032235185,128000
2024-02-26,28.87094497680664,28.89716972014236,28.582499474995654,28.582499474995654,223000
2024-02-27,28.76605224609375,28.76605224609375,28.704866743575966,28.704866743575966,117000
2024-02-29,28.76605224609375,28.76605224609375,28.739830840546077,28.75731288903113,107000
2024-03-01,28.77479362487793,28.914650022584695,28.687386710671248,28.696129402707943,415000
2024-03-04,28.958354949951172,28.967094308071534,28.827241237624243,28.827241237624243,158000
2024-03-05,29.01079559326172,29.01079559326172,28.93212803863312,28.93212803863312,135000
2024-03-06,29.17687225341797,29.185611610541645,29.17687225341797,29.185611610541645,114000
2024-03-07,29.307985305786133,29.360431456420226,29.246799797226423,29.246799797226423,165000
2024-03-08,29.34295082092285,29.351693513630117,29.29924736046743,29.29924736046743,166000
2024-03-11,29.369169235229492,29.386651284500886,29.342947828502382,29.386651284500886,108000
2024-03-12,29.3516902923584,29.369169007134087,29.307983502339383,29.369169007134087,129000
2024-03-13,29.299243927001953,29.31672597600753,29.238058422662398,29.238058422662398,157000
2024-03-14,29.23806381225586,29.255545864483988,29.23806381225586,29.255545864483988,103000
2024-03-15,28.958354949951172,28.958354949951172,28.923390848749296,28.949612257470594,167000
2024-03-18,29.330183029174805,29.330183029174805,29.330183029174805,29.330183029174805,0
2024-03-19,28.860965728759766,28.993762940424958,28.852114157329666,28.993762940424958,330000
2024-03-20,28.860965728759766,28.860965728759766,28.860965728759766,28.860965728759766,0
2024-03-21,28.763586044311523,28.87867336321093,28.72817300287778,28.87867336321093,285000
2024-03-22,29.00261688232422,29.055736446766588,28.92293922424749,28.931794173574712,148000
2024-03-25,29.00261688232422,29.00261688232422,29.00261688232422,29.00261688232422,0
2024-03-26,29.046886444091797,29.046886444091797,29.011473399216758,29.011473399216758,128000
2024-03-27,29.055734634399414,29.07344115477575,29.038028114023078,29.055734634399414,109000
2024-03-28,29.206239700317383,29.250504314689213,29.206239700317383,29.215091272322308,110000
2024-03-29,29.303617477416992,29.303617477416992,29.285914335233812,29.294765906325402,111000
2024-04-01,29.2327938079834,29.241645378781524,29.223938860012133,29.2327938079834,372000
2024-04-02,28.967206954956055,29.02032314174512,28.878674348351574,28.98491347627695,139000
2024-04-03,28.843265533447266,28.843265533447266,28.81670406209583,28.81670406209583,133000
2024-04-08,28.63964080810547,28.77243802679085,28.63964080810547,28.77243802679085,153000
2024-04-09,28.710466384887695,28.790144039256912,28.675053343573932,28.790144039256912,417000
2024-04-10,28.843265533447266,28.843265533447266,28.781291018409735,28.781291018409735,103000
2024-04-11,28.4537296295166,28.489142674226077,28.409465012216664,28.409465012216664,118000
2024-04-12,28.39175796508789,28.39175796508789,28.356344921032964,28.39175796508789,117000
2024-04-15,28.418315887451172,28.418315887451172,28.400612742704674,28.400612742704674,106000
2024-04-16,28.258962631225586,28.276669153380976,28.2058447533463,28.214698014424,152000
2024-04-17,28.064193725585938,28.064193725585938,28.019927423711245,28.019927423711245,131000
2024-04-18,28.250106811523438,28.29437142431596,28.241253551247585,28.285519852626848,550000
2024-04-19,28.32978630065918,28.59537737179312,28.32978630065918,28.59537737179312,128000
2024-04-22,28.055339813232422,28.073044644984098,28.019926772555635,28.046486553063225,273000
2024-04-23,28.29437255859375,28.303225819224515,28.29437255859375,28.29437255859375,103000
2024-04-24,28.20584487915039,28.23240297391504,28.20584487915039,28.23240297391504,124000
2024-04-25,28.019927978515625,28.05534102071657,28.019927978515625,28.046487760166332,213000
2024-04-26,27.940250396728516,27.940250396728516,27.869426000724374,27.869426000724374,279000
2024-04-29,28.15272331237793,28.179283093842578,28.15272331237793,28.179283093842578,102000
2024-04-30,28.312076568603516,28.312076568603516,28.241252178426247,28.241252178426247,108000
2024-05-02,28.214696884155273,28.214696884155273,28.17928384126312,28.17928384126312,118000
2024-05-03,28.312076568603516,28.312076568603516,28.25010543827174,28.25010543827174,135000
2024-05-06,28.515697479248047,28.515697479248047,28.471432867055025,28.489139387366922,107000
2024-05-07,28.737028121948242,28.737028121948242,28.577672792999078,28.577672792999078,116000
2024-05-08,28.781291961669922,28.83441152893997,28.781291961669922,28.83441152893997,106000
2024-05-09,28.48028564453125,28.675053999035512,28.48028564453125,28.675053999035512,127000
2024-05-10,28.648494720458984,28.675052812365568,28.621936628552405,28.621936628552405,127000
2024-05-13,28.59537696838379,28.61308348983275,28.586525396246135,28.61308348983275,105000
2024-05-14,28.59537696838379,28.604231917695095,28.586525396246135,28.604231917695095,105000
2024-05-15,28.63964080810547,28.710466891983955,28.63964080810547,28.710466891983955,107000
2024-05-16,28.922937393188477,28.958350433908123,28.914085821595286,28.949498862314933,111000
2024-05-17,28.922937393188477,28.922937393188477,28.869821209282453,28.869821209282453,107000
2024-05-20,28.790142059326172,28.790142059326172,28.772435539886988,28.772435539886988,128000
2024-05-21,28.737028121948242,28.737028121948242,28.70161507614311,28.719321599045674,111000
2024-05-22,28.80785369873047,28.834411794022728,28.80785369873047,28.834411794022728,115000
2024-05-23,28.754728317260742,28.82555439328545,28.754728317260742,28.82555439328545,109000
2024-05-24,28.630788803100586,28.639640374864715,28.604230710634685,28.639640374864715,108000
2024-05-27,28.59537696838379,28.63079001128171,28.568818874797174,28.63079001128171,201000
2024-05-28,28.57767105102539,28.57767105102539,28.533406435054122,28.533406435054122,105000
2024-05-29,28.312076568603516,28.382902647367445,28.303223308758025,28.382902647367445,131000
2024-05-30,28.161575317382812,28.196988357756915,28.161575317382812,28.188135097663388,159000
2024-05-31,28.506847381591797,28.506847381591797,28.506847381591797,28.506847381591797,100000
2024-06-03,28.59537696838379,28.61308348983275,28.577670446934828,28.61308348983275,178000
2024-06-04,28.958351135253906,28.958351135253906,28.93179304265768,28.93179304265768,137000
2024-06-05,29.179677963256836,29.215091005300067,29.10885525634394,29.10885525634394,129000
2024-06-06,29.215091705322266,29.232798226768146,29.1796786624305,29.1796786624305,124000
2024-06-07,29.161972045898438,29.206240037955624,29.12656238029578,29.206240037955624,106000
2024-06-11,28.834409713745117,28.834409713745117,28.807851620368904,28.834409713745117,134000
2024-06-12,28.958351135253906,29.03802879021611,28.940644614465246,28.940644614465246,132000
2024-06-13,29.206239700317383,29.206239700317383,29.206239700317383,29.206239700317383,101000
2024-06-14,29.454126358032227,29.454126358032227,29.39215521802597,29.39215521802597,157000
2024-06-17,29.418712615966797,29.489538704109158,29.418712615966797,29.489538704109158,113000
2024-06-18,29.303617477416992,29.40985659355558,29.303617477416992,29.40985659355558,108000
2024-06-19,29.516096115112305,29.516096115112305,29.44527002860997,29.44527002860997,151000
2024-06-20,29.39057159423828,29.41747194261031,29.39057159423828,29.41747194261031,120000
2024-06-21,29.265047073364258,29.274014995946747,29.256082571042096,29.274014995946747,112000
2024-06-24,29.309877395629883,29.34574224662628,29.291944970131684,29.300912893011002,173000
2024-06-25,29.614723205566406,29.614723205566406,29.498167564641886,29.507132067689692,384000
2024-06-26,29.498167037963867,29.58782574788354,29.453334262743486,29.58782574788354,167000
2024-06-27,29.18435287475586,29.238150149475953,29.148488024942463,29.238150149475953,115000
2024-06-28,29.220218658447266,29.336777713935863,29.220218658447266,29.336777713935863,189000
2024-07-01,28.906408309936523,28.906408309936523,28.870543460779988,28.897440387517257,114000
2024-07-02,28.888477325439453,28.906409750911646,28.888477325439453,28.89744182804533,112000
2024-07-03,29.103660583496094,29.103660583496094,29.09469608058438,29.09469608058438,104000
2024-07-04,29.23815155029297,29.31884575610905,29.23815155029297,29.31884575610905,103000
2024-07-05,29.220218658447266,29.220218658447266,29.20228623296745,29.20228623296745,101000
2024-07-08,29.36367416381836,29.453332869496858,29.36367416381836,29.444368367033164,190000
2024-07-09,29.614723205566406,29.614723205566406,29.56989384980616,29.56989384980616,135000
2024-07-10,29.50712776184082,29.50712776184082,29.480230836361745,29.50712776184082,103000
2024-07-11,29.489198684692383,29.542995962015837,29.489198684692383,29.542995962015837,149000
2024-07-12,29.704383850097656,29.704383850097656,29.614721722805793,29.614721722805793,131000
2024-07-15,29.704383850097656,29.72231627555603,29.59678929734742,29.59678929734742,145000
2024-07-16,29.740243911743164,29.740243911743164,29.731279409556855,29.731279409556855,101000
2024-07-17,29.964393615722656,30.01819088877118,29.910599762934353,29.910599762934353,128000
2024-07-18,29.910602569580078,29.910602569580078,29.892670143547893,29.901634646433713,113000
2024-07-19,29.85680389404297,29.8926687444287,29.85680389404297,29.8926687444287,106000
2024-07-22,29.928531646728516,29.928531646728516,29.829905024717686,29.829905024717686,109000
2024-07-23,29.794042587280273,29.794042587280273,29.794042587280273,29.794042587280273,101000
2024-07-26,29.668519973754883,29.677484476648324,29.59679026956516,29.677484476648324,110000
2024-07-29,29.811973571777344,29.85680292317157,29.811973571777344,29.820938073952078,107000
2024-07-30,29.883703231811523,29.883703231811523,29.883703231811523,29.883703231811523,105000
2024-07-31,29.928531646728516,29.95542857263687,29.901631300560005,29.901631300560005,116000
2024-08-01,30.17957878112793,30.215443629224996,30.170614279233746,30.170614279233746,107000
2024-08-02,30.36786651611328,30.448560720613123,30.349934090639938,30.41269586966643,113000
2024-08-05,30.520286560058594,30.744436719717793,30.484421713650722,30.744436719717793,235000
2024-08-06,30.125782012939453,30.188543788029143,30.063020237849766,30.188543788029143,114000
2024-08-07,29.982330322265625,29.982330322265625,29.982330322265625,29.982330322265625,100000
2024-08-08,29.740243911743164,29.758176336376067,29.731279409556855,29.758176336376067,106000
2024-08-09,29.51609230041504,29.587821995462228,29.51609230041504,29.587821995462228,140000
2024-08-12,29.794042587280273,29.794042587280273,29.713348382766153,29.72231630563463,114000
2024-08-13,29.77610969543457,29.856803898684813,29.77610969543457,29.856803898684813,124000
2024-08-14,29.982330322265625,30.063024533233364,29.928536461794277,30.063024533233364,107000
2024-08-15,30.16164779663086,30.170615719213227,30.15268329430882,30.170615719213227,160000
2024-08-16,30.206478118896484,30.242342969857166,30.206478118896484,30.215446041766874,103000
2024-08-19,30.107852935791016,30.2154440613608,30.107852935791016,30.2154440613608,106000
2024-08-20,30.000259399414062,30.05405667413924,30.000259399414062,30.05405667413924,104000
2024-08-21,30.170612335205078,30.2423386065174,30.098882643632813,30.098882643632813,103000
2024-08-22,30.170612335205078,30.17957683652164,30.170612335205078,30.17957683652164,102000
2024-08-23,30.125782012939453,30.125782012939453,30.098885086546794,30.098885086546794,102000
2024-08-26,30.24234390258789,30.24234390258789,30.17061761871479,30.17061761871479,120000
2024-08-27,30.188547134399414,30.20647956073572,30.188547134399414,30.188547134399414,117000
2024-08-28,30.188547134399414,30.188547134399414,30.188547134399414,30.188547134399414,100000
2024-08-29,30.089923858642578,30.134753214261718,30.089923858642578,30.134753214261718,108000
2024-08-30,29.955427169799805,30.027156862543126,29.955427169799805,29.955427169799805,102000
2024-09-02,29.883703231811523,29.91060015856144,29.87473530938804,29.883703231811523,107000
2024-09-03,29.928531646728516,29.928531646728516,29.892666798677276,29.892666798677276,103000
2024-09-04,30.17957878112793,30.188543283022113,30.08992008114543,30.107852505193964,142000
2024-09-05,30.332008361816406,30.349937368965964,30.31407593440604,30.349937368965964,109000
2024-09-06,30.42166519165039,30.45753004424654,30.42166519165039,30.45753004424654,155000
2024-09-09,30.38579559326172,30.412692518377646,30.38579559326172,30.412692518377646,108000
2024-09-10,30.717538833618164,30.744439180707353,30.609947706042238,30.609947706042238,125000
2024-09-11,30.932723999023438,30.932723999023438,30.735470751502916,30.735470751502916,193000
2024-09-12,30.816164016723633,30.82513193875373,30.77133466735349,30.780302589383588,120000
2024-09-13,30.816164016723633,30.852028864323792,30.780302589383588,30.780302589383588,154000
2024-09-16,30.77133560180664,30.780303524109076,30.76237109976443,30.780303524109076,115000
2024-09-18,31.134422302246094,31.207040694328107,31.034573744451087,31.207040694328107,160000
2024-09-19,30.780412673950195,30.816721865716865,30.744103482183522,30.744103482183522,181000
2024-09-20,30.83487892150879,30.83487892150879,30.780415129513838,30.780415129513838,107000
2024-09-23,30.65333366394043,30.65333366394043,30.65333366394043,30.65333366394043,130000
2024-09-24,30.67148780822754,30.798566513655693,30.67148780822754,30.798566513655693,101000
2024-09-25,30.589797973632812,30.607952571511746,30.589797973632812,30.607952571511746,101000
2024-09-26,30.371944427490234,30.39917805398168,30.353789830707697,30.39917805398168,102000
2024-09-27,30.24486541748047,30.290250177676246,30.24486541748047,30.290250177676246,110000
2024-09-30,30.226713180541992,30.263022376587212,30.226713180541992,30.2448677785646,127000
2024-10-01,30.390098571777344,30.41732873522806,30.344713811814405,30.344713811814405,121000
2024-10-04,30.371944427490234,30.371944427490234,30.353789830707697,30.353789830707697,102000
2024-10-07,30.326557159423828,30.326557159423828,30.172248293483598,30.172248293483598,151000
2024-10-08,30.163175582885742,30.16317558288574,30.16317558288574,30.16317558288574,110000
2024-10-09,30.117786407470703,30.18132576364651,30.117786407470703,30.18132576364651,101000
2024-10-11,29.95439910888672,29.95439910888672,29.95439910888672,29.95439910888672,101000
2024-10-14,29.772855758666992,29.86362874006272,29.772855758666992,29.818240518047265,105000
2024-10-15,29.936246871948242,29.954401470173707,29.92717130415329,29.92717130415329,104000
2024-10-16,30.226713180541992,30.226713180541992,30.17225284910968,30.17225284910968,114000
2024-10-17,30.281177520751953,30.308407686959224,30.281177520751953,30.308407686959224,101000
2024-10-18,29.872705459594727,29.872705459594727,29.872705459594727,29.872705459594727,101000
2024-10-21,29.636703491210938,29.673009223597184,29.627624461137813,29.673009223597184,111000
2024-10-22,29.09207534790039,29.21007849794548,29.082999780651697,29.21007849794548,125000
2024-10-23,29.06484603881836,29.110230801668067,29.06484603881836,29.110230801668067,115000
2024-10-24,29.06484603881836,29.06484603881836,29.055767008667146,29.055767008667146,101000
2024-10-25,29.255462646484375,29.255462646484375,29.255462646484375,29.255462646484375,100000
2024-10-28,28.983150482177734,29.037612540857282,28.901456528499605,29.037612540857282,138000
2024-10-29,29.06484603881836,29.06484603881836,29.046691441151385,29.06484603881836,105000
2024-10-30,29.07391929626465,29.092073892489147,29.07391929626465,29.092073892489147,101000
2024-11-01,29.05576515197754,29.073919748484418,29.05576515197754,29.073919748484418,107000
2024-11-04,28.73807144165039,28.73807144165039,28.71083954397912,28.71083954397912,103000
2024-11-05,29.001306533813477,29.001306533813477,28.974074637448687,28.974074637448687,109000
2024-11-06,28.674530029296875,29.00130585272926,28.674530029296875,29.00130585272926,105000
2024-11-07,28.97407341003418,28.97407341003418,28.97407341003418,28.97407341003418,100000
2024-11-08,29.228235244750977,29.273620009603086,29.228235244750977,29.273620009603086,101000
2024-11-11,29.482389450073242,29.482389450073242,29.273616784644716,29.273616784644716,113000
2024-11-12,29.772855758666992,29.772855758666992,29.573162124866762,29.573162124866762,256000
2024-11-13,29.337158203125,29.337158203125,29.337158203125,29.337158203125,107000
2024-11-14,29.09207534790039,29.09207534790039,29.01945869068713,29.04669058638623,120000
2024-11-15,29.155614852905273,29.155614852905273,29.155614852905273,29.155614852905273,100000
2024-11-18,29.082998275756836,29.092073842535914,29.082998275756836,29.092073842535914,101000
2024-11-19,29.12838363647461,29.14653823304286,29.12838363647461,29.137459203441114,128000
2024-11-20,29.191923141479492,29.191923141479492,29.191923141479492,29.191923141479492,100000
2024-11-21,29.191923141479492,29.191923141479492,29.191923141479492,29.191923141479492,100000
2024-11-22,29.155614852905273,29.173769450129143,29.155614852905273,29.173769450129143,111000
2024-11-25,29.30084800720215,29.30084800720215,29.255463245709322,29.255463245709322,113000
2024-11-26,29.60947036743164,29.627624965251375,29.60947036743164,29.627624965251375,105000
2024-11-27,29.591312408447266,29.591312408447266,29.591312408447266,29.591312408447266,105000
2024-11-28,29.71839714050293,29.71839714050293,29.71839714050293,29.71839714050293,100000
2024-11-29,29.800090789794922,29.800090789794922,29.7365479685036,29.7365479685036,102000
2024-12-02,30.081478118896484,30.14501747698235,29.972553999697194,29.972553999697194,124000
2024-12-03,30.217636108398438,30.217636108398438,30.126863122804714,30.126863122804714,140000
2024-12-04,29.918087005615234,29.99978095192701,29.909011439418347,29.99978095192701,134000
2024-12-05,30.154096603393555,30.16317217059119,30.081478215271158,30.108708379499394,212000
2024-12-06,30.24486541748047,30.253944447100775,30.21763525389005,30.21763525389005,233000
2024-12-09,30.317481994628906,30.317481994628906,30.25394264161964,30.25394264161964,134000
2024-12-10,30.154096603393555,30.199481364652385,30.117787409332355,30.199481364652385,198000
2024-12-11,30.045166015625,30.090554234978725,30.045166015625,30.07239963976423,148000
2024-12-12,29.854551315307617,29.89993607712735,29.84547574799782,29.89993607712735,172000
2024-12-13,29.591312408447266,29.654851762281403,29.582236841885997,29.654851762281403,152000
2024-12-16,29.44607925415039,29.44607925415039,29.40069449584403,29.40977352508636,269000
2024-12-17,29.43686294555664,29.814849453562186,29.41842415042947,29.814849453562186,308000
2024-12-18,29.446083068847656,29.455302466638464,29.41842487547524,29.455302466638464,104000
2024-12-19,29.06809425354004,29.123408877491634,29.06809425354004,29.123408877491634,340000
2024-12-20,28.892932891845703,28.892932891845703,28.87449409538245,28.892932891845703,108000
2024-12-23,28.92058753967285,28.92058753967285,28.90214874547096,28.90214874547096,112000
2024-12-24,28.828397750854492,28.828397750854492,28.809958955102346,28.828397750854492,108000
2024-12-25,28.80995750427246,29.26169742692902,28.80995750427246,29.23403923469363,223000
2024-12-26,28.773080825805664,28.819177814324444,28.763863186522222,28.819177814324444,118000
2024-12-27,28.93902587890625,28.966684071454846,28.874491854713128,28.874491854713128,112000
2024-12-30,28.726985931396484,28.745424727019465,28.717766533584996,28.745424727019465,132000
2024-12-31,29.058876037597656,29.058876037597656,29.04043724272427,29.04043724272427,134000
2025-01-02,28.828397750854492,28.828397750854492,28.76386372414232,28.809958955102346,105000
2025-01-03,29.003559112548828,29.003559112548828,28.89292986221041,28.89292986221041,108000
2025-01-06,28.791521072387695,28.800740470556136,28.782301674219255,28.782301674219255,153000
2025-01-07,28.597915649414062,28.625572082272132,28.597915649414062,28.607135046506816,128000
2025-01-08,28.37665557861328,28.385874975765873,28.348997387155514,28.385874975765873,113000
2025-01-09,28.52416229248047,28.533381689593067,28.478065306917486,28.478065306917486,107000
2025-01-10,28.496505737304688,28.51494453258857,28.47806694202081,28.51494453258857,126000
2025-01-13,28.385875701904297,28.385875701904297,28.348998112350575,28.367436907127438,152000
2025-01-14,28.422752380371094,28.422752380371094,28.38587654813829,28.395094187381265,102000
2025-01-15,28.358219146728516,28.36743854464914,28.26602692594263,28.312122157125398,122000
2025-01-16,28.76386260986328,28.77308024896193,28.66245099557538,28.671670393094306,378000
2025-01-17,28.773080825805664,28.800739018916932,28.773080825805664,28.800739018916932,102000
2025-01-20,28.680889129638672,28.690108526945128,28.680889129638672,28.690108526945128,101000
2025-01-21,28.966686248779297,28.966686248779297,28.736206568810786,28.736206568810786,479000
2025-01-22,28.902151107788086,28.929807542931226,28.85605411851562,28.865273516370113,201000
2025-02-03,29.381547927856445,29.381547927856445,28.96668383511375,28.96668383511375,109000
2025-02-04,29.012779235839844,29.086532657384495,29.012779235839844,29.086532657384495,131000
2025-02-05,29.17872428894043,29.17872428894043,29.141848458117533,29.141848458117533,109000
2025-02-06,29.455303192138672,29.464520831736184,29.399986804031364,29.427644998085018,144000
2025-02-07,29.363107681274414,29.455299892705984,29.363107681274414,29.455299892705984,137000
2025-02-10,29.252477645874023,29.252477645874023,29.21560181513071,29.21560181513071,101000
2025-02-11,29.17872428894043,29.215601878183566,29.17872428894043,29.215601878183566,111000
2025-02-12,29.04965591430664,29.09575114191808,29.03121711989398,29.09575114191808,138000
2025-02-13,28.819177627563477,28.856053459719217,28.819177627563477,28.846835820495507,218000
2025-02-14,29.16028594970703,29.178724744616552,29.095751925943972,29.095751925943972,103000
2025-02-17,29.206384658813477,29.234041094387948,29.197165260815197,29.234041094387948,128000
2025-02-18,29.169506072998047,29.20638366373473,29.169506072998047,29.19716426605056,164000
2025-02-19,29.077316284179688,29.077316284179688,29.05887748838573,29.068096886282706,132000
2025-02-20,29.13262939453125,29.13262939453125,29.11419059969846,29.11419059969846,101000
2025-02-21,29.141847610473633,29.151067007516254,29.132628213431012,29.151067007516254,127000
2025-02-24,29.280136108398438,29.335450734234826,29.27091671102233,29.335450734234826,140000
2025-02-25,29.482955932617188,29.50139472634199,29.455299500450142,29.49217532947959,121000
2025-02-26,29.648902893066406,29.768753299248967,29.648902893066406,29.750314504694693,174000
2025-02-27,29.842504501342773,29.85172565689823,29.81484806835723,29.81484806835723,139000
2025-03-03,29.87938117980957,29.87938117980957,29.833285953957507,29.833285953957507,148000
2025-03-04,30.0914249420166,30.165180123984207,30.08220730269097,30.13752017232603,188000
2025-03-05,29.777971267700195,29.777971267700195,29.667342015990513,29.750314833982898,205000
2025-03-06,29.68578338623047,29.731878618705263,29.667344589872393,29.731878618705263,163000
2025-03-07,29.805631637573242,29.81484927666185,29.685781228378033,29.685781228378033,136000
2025-03-10,29.759532928466797,29.759532928466797,29.69499890424496,29.722658855226147,119000
2025-03-11,29.94391632080078,30.00845034277859,29.879382298822968,29.888599937602468,137000
2025-03-12,29.602806091308594,29.63046252324946,29.519833278645716,29.519833278645716,183000
2025-03-13,29.473735809326172,29.55671037904273,29.473735809326172,29.50139399923169,281000
2025-03-14,29.51061248779297,29.59358530148027,29.51061248779297,29.59358530148027,27000
2025-03-17,29.639684677124023,29.639684677124023,29.58436829453821,29.58436829453821,230000
2025-03-18,29.752239227294922,29.78037881195388,29.714721570108637,29.733481293214613,123000
2025-03-19,29.752239227294922,29.752239227294922,29.733481293214613,29.752239227294922,128000
2025-03-20,30.04300880432129,30.052390455220017,30.014871007728008,30.014871007728008,130000
2025-03-21,29.939834594726562,29.958594318906762,29.939834594726562,29.958594318906762,109000
2025-03-24,29.80851936340332,29.80851936340332,29.742860330402873,29.789759639688906,167000
2025-03-25,29.639684677124023,29.68658219619622,29.6115450922653,29.68658219619622,150000
2025-03-26,29.639684677124023,29.677202334576645,29.639684677124023,29.677202334576645,165000
2025-03-27,29.47085189819336,29.574028591016724,29.47085189819336,29.56464872903044,281000
2025-03-28,29.536508560180664,29.536508560180664,29.536508560180664,29.536508560180664,100000
2025-03-31,29.874176025390625,29.8835558870651,29.874176025390625,29.8835558870651,129000
2025-04-01,30.014869689941406,30.014869689941406,29.930452725816394,29.930452725816394,149000
2025-04-02,29.986730575561523,30.03362988360253,29.986730575561523,30.014870160386128,139000
2025-04-07,29.330158233642578,29.85541799400077,29.27387906040629,29.85541799400077,40000
2025-04-08,29.114423751831055,29.123801824039134,29.00186720605245,29.123801824039134,122000
2025-04-09,27.360429763793945,28.345291961342564,27.135318455469278,28.345291961342564,229000
2025-04-10,28.804895401000977,28.870554433518205,28.138941315271882,28.138941315271882,298000
2025-04-11,27.998245239257812,28.0357628950703,27.951345933210202,27.970105655629247,117000
2025-04-14,27.95134735107422,28.045144178901786,27.932589416729257,28.045144178901786,117000
2025-04-15,28.20459747314453,28.213977334571666,28.195217611717393,28.213977334571666,138000
2025-04-16,28.223358154296875,28.232738016042497,28.213978292551253,28.213978292551253,178000
2025-04-17,28.58916473388672,28.617304320025806,28.364053411851284,28.364053411851284,127000
2025-04-18,28.561025619506836,28.58916341532242,28.561025619506836,28.58916341532242,101000
2025-04-21,28.1483211517334,28.36405260559021,28.1483211517334,28.36405260559021,31000
2025-04-22,27.895069122314453,28.054523188068135,27.791892435936884,27.801272297337174,202000
2025-04-23,28.326534271240234,28.345292205326178,28.307774548128624,28.307774548128624,116000
2025-04-24,28.420330047607422,28.485989080205034,28.420330047607422,28.4484696330064,121000
2025-04-25,28.636062622070312,28.636062622070312,28.579783452586923,28.607923037328618,128000
2025-04-28,29.039386749267578,29.039386749267578,28.908072261512913,28.908072261512913,129000
2025-04-29,28.84241485595703,28.94559154662917,28.84241485595703,28.94559154662917,108000
2025-04-30,28.70172119140625,28.786138160509488,28.70172119140625,28.786138160509488,27000
2025-05-02,27.651199340820312,28.298395494441834,27.585542097080943,28.298395494441834,212000
2025-05-05,25.934724807739258,27.16345812116514,25.74713293239852,27.16345812116514,123000
2025-05-06,26.084796905517578,26.084796905517578,26.028519526387697,26.037899387746947,124000
2025-05-07,26.366188049316406,26.366188049316406,26.225491914377468,26.225491914377468,127000
2025-05-08,26.55377960205078,26.58191918651292,26.46936263769001,26.46936263769001,110000
2025-05-09,26.26301383972168,26.478745309753194,26.225494389789674,26.478745309753194,127000
2025-05-12,26.26301383972168,26.281773564687683,26.234874252272675,26.234874252272675,102000
2025-05-13,26.535022735595703,26.535022735595703,26.33804921448786,26.375568661946772,140000
2025-05-14,26.403705596923828,26.403705596923828,26.356808078156245,26.403705596923828,120000
2025-05-15,26.04728126525879,26.263012726143067,26.037901403173503,26.263012726143067,110000
2025-05-16,26.32866859436035,26.33804845595494,26.27239121381849,26.28177107541308,130000
2025-05-19,26.103557586669922,26.169214829569764,26.08479786326263,26.169214829569764,18000
2025-05-20,26.366188049316406,26.366188049316406,26.263011360768033,26.281771083963314,151000
2025-05-21,26.019140243530273,26.066039551369272,25.991000658826874,25.991000658826874,130000
2025-05-22,25.53139877319336,25.634575463826213,25.465741529709074,25.634575463826213,132000
2025-05-23,25.718994140625,25.74713372785708,25.718994140625,25.74713372785708,105000
2025-05-26,25.53139877319336,25.559538358554786,25.475121391496216,25.53139877319336,116000
2025-05-27,25.76589012145996,25.76589012145996,25.662715219169417,25.718992601239325,106000
2025-05-28,26.05666160583496,26.05666160583496,25.9816244968005,25.9816244968005,107000
2025-05-29,26.075416564941406,26.10355614850201,26.05665863159327,26.05665863159327,132000
2025-06-02,26.150455474853516,26.31928940984815,26.122317678371555,26.31928940984815,122000
2025-06-03,26.159835815429688,26.187975401452334,26.07541884638749,26.07541884638749,144000
2025-06-04,26.27239227294922,26.347429379705265,26.253632549003772,26.263012410976497,122000
2025-06-05,26.49750328063965,26.52564286622587,26.450605760355,26.450605760355,124000
2025-06-06,26.459983825683594,26.48812341126183,26.43184602913108,26.43184602913108,118000
2025-06-09,26.30990982055664,26.3192896824897,26.281772023783198,26.3192896824897,139000
2025-06-10,26.39432716369629,26.413086887828772,26.39432716369629,26.413086887828772,120000
2025-06-11,26.459983825683594,26.525642858699484,26.459983825683594,26.459983825683594,131000
2025-06-12,26.366188049316406,26.544400052594565,26.319288741328204,26.544400052594565,169000
2025-06-13,26.50688362121582,26.50688362121582,26.46936417308992,26.46936417308992,106000
2025-06-16,26.20673370361328,26.356807909540255,26.178594119117353,26.356807909540255,299000
2025-06-17,26.07302474975586,26.197183034048475,26.044374239245656,26.197183034048475,139000
2025-06-18,26.197181701660156,26.25448454139066,26.187630924767667,26.24493376449817,109000
2025-06-19,26.216283798217773,26.235383530773753,26.216283798217773,26.216283798217773,109000
2025-06-20,26.178081512451172,26.21628462201253,26.178081512451172,26.20673384462219,109000
2025-06-23,26.225833892822266,26.225833892822266,26.216284936941744,26.216284936941744,103000
2025-06-24,26.27358627319336,26.29268782710776,26.27358627319336,26.29268782710776,101000
2025-06-25,26.359542846679688,26.359542846679688,26.283138448581322,26.283138448581322,104000
2025-06-26,26.168529510498047,26.22583235053406,26.168529510498047,26.22583235053406,108000
2025-06-27,26.04437255859375,26.206732120297694,26.04437255859375,26.168529013249984,125000
2025-06-30,26.10167694091797,26.10167694091797,25.958418924267114,26.08257538626465,115000
2025-07-01,26.48369789123535,26.493248668188894,26.416844274184992,26.455047381999165,123000
2025-07-02,26.378643035888672,26.455047430031293,26.378643035888672,26.455047430031293,117000
2025-07-03,26.216283798217773,26.30223897040533,26.187631466947096,26.30223897040533,114000
2025-07-04,26.08257484436035,26.111227175745032,26.00617044895901,26.053924334600147,112000
2025-07-07,26.27358627319336,26.407293507345283,26.15897877133139,26.178080325245794,103000
2025-07-08,26.015722274780273,26.073025118235037,25.910665543759418,26.073025118235037,119000
2025-07-09,25.939315795898438,25.939315795898438,25.920214242403993,25.929765019151215,133000
2025-07-10,26.197181701660156,26.197181701660156,25.95841774422122,25.95841774422122,102000
2025-07-11,26.225833892822266,26.31178906874335,26.197183381931602,26.31178906874335,149000
2025-07-14,25.90111541748047,25.9393167041826,25.90111541748047,25.9393167041826,65000
2025-07-15,25.996620178222656,26.006170955536927,25.98706940090839,25.98706940090839,104000
2025-07-16,25.91066551208496,25.92976706708805,25.91066551208496,25.91066551208496,102000
2025-07-17,25.91066551208496,25.939317844589592,25.91066551208496,25.939317844589592,105000
2025-07-18,26.04437255859375,26.053923335355677,26.015720228307966,26.025271005069897,137000
2025-07-21,26.0634765625,26.0634765625,26.05392578484015,26.0634765625,107000
2025-07-22,26.20673179626465,26.264034634503282,26.197181019620814,26.197181019620814,158000
2025-07-23,26.168529510498047,26.197181841328273,26.168529510498047,26.197181841328273,102000
2025-07-24,26.178081512451172,26.18763228984151,26.111227892343322,26.111227892343322,102000
2025-07-25,26.34044075012207,26.34044075012207,26.2926886854017,26.34044075012207,108000
2025-07-28,26.416845321655273,26.45504843098426,26.416845321655273,26.42639609898752,116000
2025-07-29,26.53145408630371,26.53145408630371,26.378645284989656,26.378645284989656,188000
2025-07-30,26.827518463134766,26.827518463134766,26.722461738708553,26.722461738708553,158000
2025-07-31,26.923025131225586,26.961226418278365,26.73201323108824,26.73201323108824,121000
2025-08-01,26.93257713317871,26.97077842196873,26.903924800367772,26.97077842196873,108000
2025-08-04,26.980329513549805,26.989880291264598,26.970778735835015,26.989880291264598,131000
2025-08-05,27.219093322753906,27.2477456557206,27.19999176744278,27.19999176744278,114000
2025-08-06,27.228641510009766,27.295495125614018,27.228641510009766,27.295495125614018,117000
2025-08-07,27.09493637084961,27.180889724959968,27.09493637084961,27.180889724959968,211000
2025-08-08,27.180889129638672,27.19999068418907,27.171340173987975,27.19999068418907,110000
2025-08-11,27.09493637084961,27.123586881678214,27.085385593365224,27.09493637084961,137000
2025-08-12,27.152238845825195,27.17134040053486,27.13313729111553,27.17134040053486,134000
2025-08-13,27.14268684387207,27.14268684387207,27.114034513100286,27.133136066948143,112000
2025-08-14,27.37190055847168,27.381451335581687,27.247744099290486,27.247744099290486,157000
2025-08-15,27.343246459960938,27.343246459960938,27.2859436226288,27.2859436226288,122000
2025-08-18,27.33370018005371,27.33370018005371,27.29549707034404,27.324149402626293,158000
2025-08-19,27.247743606567383,27.324148000441365,27.247743606567383,27.324148000441365,84000
2025-08-20,27.419652938842773,27.43875449328324,27.391002428806562,27.41010398324703,222000
2025-08-21,27.57246208190918,27.57246208190918,27.50560664493389,27.50560664493389,123000
2025-08-22,27.6297664642334,27.696620083319424,27.6297664642334,27.696620083319424,202000
2025-08-25,27.7061710357666,27.7061710357666,27.68706948115709,27.696620258461845,239000
2025-08-26,27.620216369628906,27.658417657926,27.601114814668087,27.639317924589726,135000
2025-08-27,27.7061710357666,27.734823367680868,27.696620258461845,27.734823367680868,111000
2025-08-28,27.773025512695312,27.773025512695312,27.715722668722215,27.715722668722215,109000
2025-08-29,27.811227798461914,27.868530640735926,27.811227798461914,27.868530640735926,130000
2025-09-01,27.63931655883789,27.658416291230385,27.63931655883789,27.63931655883789,158000
2025-09-02,27.63931655883789,27.63931655883789,27.591562673795522,27.63931655883789,119000
2025-09-03,27.57246208190918,27.591561813706292,27.57246208190918,27.57246208190918,140000
2025-09-04,27.8685302734375,27.8685302734375,27.80167665472818,27.80167665472818,120000
2025-09-05,28.19325065612793,28.212352211352336,28.16459832329132,28.16459832329132,307000
2025-09-08,28.288755416870117,28.384259545712844,28.269653862451776,28.269653862451776,212000
2025-09-09,28.40336036682129,28.498866314822763,28.317405195782406,28.498866314822763,181000
2025-09-10,28.212350845336914,28.403360923458756,28.193249291037386,28.403360923458756,225000
2025-09-11,28.47021484375,28.49886717550309,28.384259670115227,28.384259670115227,116000
2025-09-12,28.59437370300293,28.65167654604014,28.57527214811568,28.65167654604014,250000
2025-09-15,28.623023986816406,28.651676318920153,28.575271921601345,28.651676318920153,205000
2025-09-16,28.545455932617188,28.84603595753791,28.535759564149657,28.62302503096425,191000
2025-09-17,28.438796997070312,28.4969733569853,28.40970789241625,28.4969733569853,124000
2025-09-18,28.3806209564209,28.429100948663237,28.3709245880938,28.400013693075095,134000
2025-09-19,28.206090927124023,28.34183638925715,28.206090927124023,28.34183638925715,195000
2025-09-22,28.118824005126953,28.264265828378296,28.118824005126953,28.254569460242458,127000
2025-09-23,28.147912979125977,28.167303865914697,28.11882387485323,28.11882387485323,133000
2025-09-24,28.303050994873047,28.322441881541923,28.293354626842056,28.322441881541923,113000
2025-09-25,28.283658981323242,28.283658981323242,28.254569876487185,28.254569876487185,129000
2025-09-26,28.25457000732422,28.283659112294977,28.244873639000634,28.244873639000634,138000
2025-09-30,28.4484920501709,28.4484920501709,28.341833854096404,28.341833854096404,114000
2025-10-01,28.400012969970703,28.400012969970703,28.341834761489405,28.370923865730052,150000
2025-10-02,28.4484920501709,28.477581153480227,28.429099314631344,28.477581153480227,123000
2025-10-03,28.48727798461914,28.526063458847077,28.467887096898373,28.526063458847077,233000
2025-10-07,28.341835021972656,28.467885958780858,28.29335503051912,28.467885958780858,137000
2025-10-08,28.477582931518555,28.51636655562612,28.477582931518555,28.496973818875755,112000
2025-10-09,28.48727798461914,28.55515256451803,28.48727798461914,28.526063458847077,175000
2025-10-13,28.719985961914062,28.719985961914062,28.58423865703621,28.603631393360637,165000
2025-10-14,28.8072509765625,28.816947345195935,28.719987357648,28.719987357648,221000
2025-10-15,28.942996978759766,29.00117333853548,28.942996978759766,28.96238971514938,133000
2025-10-16,28.96238899230957,28.991476246774905,28.89451441663992,28.942996256403955,151000
2025-10-17,29.08843994140625,29.08843994140625,28.981781736481935,28.991478105056252,198000
2025-10-20,28.952693939208984,29.030263036961063,28.923604834029515,29.030263036961063,116000
2025-10-21,29.059350967407227,29.059350967407227,29.010870973709075,29.039960079563894,142000
2025-10-22,29.146615982055664,29.33084328414984,29.11752872604666,29.11752872604666,184000
2025-10-23,29.27266502380371,29.282361391642098,29.15631045913612,29.15631045913612,176000
2025-10-27,29.16600799560547,29.16600799560547,29.117528003864084,29.117528003864084,118000
2025-10-28,29.29205894470215,29.369629895445488,29.26297168756665,29.369629895445488,118000
2025-10-29,29.262969970703125,29.262969970703125,29.224184497607006,29.233880865881034,121000
2025-10-30,29.049654006958008,29.049654006958008,29.030263119509726,29.030263119509726,113000
2025-10-31,28.816946029663086,28.87512423880779,28.816946029663086,28.87512423880779,113000
2025-11-03,28.6715030670166,28.71998490604527,28.6715030670166,28.71998490604527,131000
2025-11-04,28.516366958618164,28.535759695642586,28.50667059010595,28.535759695642586,113000
2025-11-05,28.68120002746582,28.729680018103178,28.65211092344755,28.65211092344755,127000
2025-11-06,28.545455932617188,28.59393592556166,28.526063195682127,28.59393592556166,116000
2025-11-07,28.700592041015625,28.729679294908603,28.690895673253614,28.690895673253614,106000
2025-11-10,28.516366958618164,28.61332879434709,28.516366958618164,28.61332879434709,120000
2025-11-11,28.613327026367188,28.671503384452624,28.613327026367188,28.613327026367188,119000
2025-11-12,28.865428924560547,28.865428924560547,28.79755619414,28.79755619414,191000
2025-11-13,28.855731964111328,28.855731964111328,28.83633922741948,28.83633922741948,121000
2025-11-14,28.661808013916016,28.671504382166514,28.661808013916016,28.671504382166514,119000
2025-11-17,28.6036319732666,28.6036319732666,28.48727740235422,28.48727740235422,116000
2025-11-18,28.739377975463867,28.739377975463867,28.66180887651849,28.690897982145458,116000
2025-11-19,28.652111053466797,28.661807421516887,28.603631062609445,28.613327430659538,115000
2025-11-20,28.632720947265625,28.642417315580033,28.603631842322404,28.603631842322404,121000
2025-11-21,28.787858963012695,28.787858963012695,28.749073489995556,28.749073489995556,117000
2025-11-24,28.981779098510742,28.981779098510742,28.89451363867812,28.9139063740616,189000
2025-11-25,29.20479393005371,29.214488449040687,29.10783209564546,29.10783209564546,132000
2025-11-26,29.262969970703125,29.282362707251185,29.243577234155065,29.243577234155065,164000
2025-11-27,29.340539932250977,29.340539932250977,29.28236357028532,29.28236357028532,135000
2025-11-28,29.340539932250977,29.359932669370593,29.330843563691165,29.330843563691165,112000
2025-12-01,29.330842971801758,29.340539340165897,29.330842971801758,29.340539340165897,141000
2025-12-02,29.253273010253906,29.253273010253906,29.204793019258286,29.204793019258286,200000
2025-12-03,29.224184036254883,29.26296950873871,29.204793149406086,29.224184036254883,182000
2025-12-04,29.16600799560547,29.21448798734685,29.156311627378564,29.21448798734685,127000
2025-12-05,29.146615982055664,29.175705087457857,29.13691961358827,29.175705087457857,139000
2025-12-08,28.88482093811035,29.098135492573476,28.865428201506482,29.098135492573476,222000
2025-12-09,28.826642990112305,28.894515719449146,28.826642990112305,28.894515719449146,163000
2025-12-10,28.865428924560547,28.865428924560547,28.787859825595177,28.787859825595177,119000
2025-12-11,29.059350967407227,29.059350967407227,28.91390913691956,28.972085499235984,123000
2025-12-12,28.913908004760742,28.9817807330378,28.875124381199484,28.9817807330378,267000
2025-12-15,28.749074935913086,28.816947667713556,28.71029131033849,28.816947667713556,250000
2025-12-16,28.798301696777344,29.073978423249898,28.758918502469523,29.073978423249898,153000
2025-12-17,28.906604766845703,28.906604766845703,28.84752997300596,28.84752997300596,118000
2025-12-18,28.96567726135254,29.02475017643866,28.94598566369246,28.96567726135254,111000
2025-12-19,28.985368728637695,29.034595844672356,28.985368728637695,29.005058448315097,108000
2025-12-22,28.926294326782227,28.965677522457394,28.916450405757566,28.965677522457394,132000
2025-12-23,28.96567726135254,28.975523060182578,28.96567726135254,28.975523060182578,103000
2025-12-24,28.95583152770996,29.005058644076865,28.95583152770996,29.005058644076865,106000
2025-12-26,28.985368728637695,28.995214527423446,28.97552292985194,28.995214527423446,116000
2025-12-29,28.975522994995117,29.024750111140452,28.975522994995117,28.995214592610896,111000
2025-12-30,28.975522994995117,29.073979105179895,28.975522994995117,29.014904312332565,130000
2025-12-31,28.985368728637695,28.985368728637695,28.96567713106619,28.96567713106619,107000
2026-01-02,28.837684631347656,28.896757544383263,28.837684631347656,28.847528551941885,151000
2026-01-05,28.76876449584961,28.808147690424104,28.73922897781281,28.808147690424104,129000
2026-01-06,28.778610229492188,28.926293453024833,28.778610229492188,28.857374740569206,152000
2026-01-07,28.867219924926758,28.877065723338635,28.758918020290132,28.758918020290132,142000
2026-01-08,29.024749755859375,29.024749755859375,28.86722073264963,28.86722073264963,109000
2026-01-09,29.014904022216797,29.03459561963568,29.014904022216797,29.03459561963568,105000
2026-01-12,29.014904022216797,29.054287217054565,29.014904022216797,29.014904022216797,111000
2026-01-13,29.123205184936523,29.15274258030906,29.073978070543003,29.073978070543003,199000
2026-01-14,29.103513717651367,29.11335951615273,29.09366791915,29.11335951615273,109000
2026-01-15,29.14289665222168,29.211815363223668,29.14289665222168,29.14289665222168,118000
2026-01-16,29.123205184936523,29.142896781851547,29.1035135880215,29.142896781851547,125000
2026-01-19,28.926294326782227,28.985369120294976,28.926294326782227,28.94598592461981,196000
2026-01-20,28.985368728637695,29.014904247100848,28.955831332280436,29.014904247100848,158000
2026-01-21,28.91645050048828,28.91645050048828,28.86722150573305,28.86722150573305,108000
2026-01-22,29.09366798400879,29.09366798400879,28.916449244271266,28.916449244271266,106000
2026-01-23,29.251197814941406,29.251197814941406,29.16258938156495,29.16258938156495,171000
2026-01-26,29.073978424072266,29.25119716478028,29.073978424072266,29.25119716478028,130000
2026-01-27,29.123205184936523,29.192123896245068,29.1035135880215,29.15274258030906,108000
2026-01-28,28.877065658569336,29.093667589462733,28.877065658569336,29.093667589462733,155000
2026-01-29,28.749074935913086,28.877066563201954,28.73922913721485,28.877066563201954,238000
2026-01-30,28.72938346862793,28.74907506611358,28.719537669885106,28.74907506611358,141000
2026-02-02,28.95583152770996,28.95583152770996,28.857375417082032,28.857375417082032,115000
2026-02-03,28.877065658569336,29.044440475407786,28.877065658569336,29.044440475407786,137000
2026-02-04,28.867219924926758,28.867219924926758,28.798301213937645,28.8179928107614,327000
2026-02-05,28.8475284576416,28.8475284576416,28.7884555447991,28.79830134325519,133000
2026-02-06,29.00505828857422,29.093668599263886,28.975522770273727,29.07397887969492,123000
2026-02-09,28.837684631347656,28.867220148918435,28.817993034371106,28.867220148918435,131000
2026-02-10,28.95583152770996,28.95583152770996,28.867221215934237,28.867221215934237,108000
2026-02-11,29.014904022216797,29.02474982092624,29.014904022216797,29.014904022216797,130000
2026-02-23,29.221662521362305,29.349654150908194,29.044441897457133,29.044441897457133,120000
2026-02-24,29.24135398864746,29.349654019966465,29.2216623909916,29.2216623909916,126000
2026-02-25,29.103513717651367,29.182278227768247,29.103513717651367,29.182278227768247,149000
2026-02-26,29.103513717651367,29.133051113155464,29.06413240153995,29.09366791915,131000
2026-03-02,29.261043548583984,29.310272542454744,29.103514523985766,29.103514523985766,128000
2026-03-03,29.24135398864746,29.408728812934044,29.083824963188807,29.408728812934044,146000
2026-03-04,29.17243194580078,29.398881551791224,29.17243194580078,29.241352534168144,134000
2026-03-05,29.231508255004883,29.231508255004883,29.21181665730511,29.231508255004883,125000
2026-03-06,29.20197105407715,29.3693458798582,29.20197105407715,29.3693458798582,106000
2026-03-09,29.024749755859375,29.073978749296224,28.896758128711742,28.896758128711742,141000
2026-03-10,29.29058074951172,29.38903685870234,29.22166203644651,29.22166203644651,170000
2026-03-11,29.103513717651367,29.14289691165683,29.044440804537217,29.14289691165683,130000
2026-03-12,28.670310974121094,29.044441942359427,28.630927778572783,29.044441942359427,317000
2026-03-13,28.650619506835938,28.670311104699778,28.591546591138545,28.591546591138545,124000
2026-03-16,28.690000534057617,28.709692131721994,28.690000534057617,28.690000534057617,108000
2026-03-17,28.6299991607666,28.75,28.579999923706055,28.75,188000
2026-03-18,28.899999618530273,28.90999984741211,28.649999618530273,28.649999618530273,136516
