Price,Close,High,Low,Open,Volume
Ticker,00850.TW,00850.TW,00850.TW,00850.TW,00850.TW
Date,,,,,
2021-03-18,25.859437942504883,26.048424193466275,25.80431757844001,25.80431757844001,2215494
2021-03-19,25.583833694458008,25.70194746174549,25.473589972955043,25.70194746174549,2880195
2021-03-22,25.764944076538086,25.788566229414393,25.410596764222024,25.55233568914845,1019934
2021-03-23,25.749191284179688,25.95392358872176,25.749191284179688,25.796435583163472,1084286
2021-03-24,25.52083969116211,25.646829523795226,25.48146843168324,25.552337900279028,2589338
2021-03-25,25.646831512451172,25.741323143294256,25.402724878618855,25.51296861907637,1254706
2021-03-26,25.98542594909668,26.001175052556256,25.741319351224803,25.741319351224803,2111095
2021-03-29,26.15078353881836,26.22165299300895,26.07991408462777,26.135034437461126,4934170
2021-03-30,26.26102638244629,26.27677548508569,26.127163515762664,26.198032975722874,3622105
2021-03-31,26.10354232788086,26.253154302729953,26.07204412143864,26.24528125303655,1572755
2021-04-01,26.221656799316406,26.300402317533198,26.127165181290632,26.237405902959765,1261231
2021-04-07,26.552383422851562,26.599627732535577,26.418517536466258,26.560256473187387,1274772
2021-04-08,26.686243057250977,26.686243057250977,26.426390374113584,26.54450413778179,1777258
2021-04-09,26.599628448486328,26.764992548334916,26.57600629300851,26.741367389022475,1828294
2021-04-12,26.5051326751709,26.71774105270579,26.426390166676857,26.599624286130577,1144564
2021-04-13,26.48151397705078,26.780737951419592,26.442142717669046,26.50513613191291,1919489
2021-04-14,26.536630630493164,26.638998293639848,26.19803244025224,26.544503679734852,2645967
2021-04-15,26.788610458374023,26.788610458374023,26.53663082709544,26.53663082709544,1618292
2021-04-16,26.93035316467285,26.93035316467285,26.72561780806305,26.78861422666132,2039653
2021-04-19,27.0642147064209,27.087839864141046,26.90672667156909,26.930351829289236,1527736
2021-04-20,27.150833129882812,27.16658223366681,27.02484330344527,27.064214560988052,850344
2021-04-21,26.99334716796875,27.15083521406354,26.930353751831614,27.15083521406354,1746150
2021-04-22,26.851606369018555,27.213829751124923,26.812235111177593,27.064214765961065,1999392
2021-04-23,27.072093963623047,27.072093963623047,26.772866962381514,26.812238224794534,2090067
2021-04-26,27.48155975341797,27.513054958815317,27.276824397245115,27.276824397245115,2821381
2021-04-27,27.505184173583984,27.599675805226905,27.44218774993216,27.489435067671028,2281893
2021-04-28,27.53667449951172,27.552423600914477,27.426433793526357,27.5051762967062,791932
2021-04-29,27.599668502807617,27.78077866713561,27.57604635210562,27.68628706049362,1190099
2021-05-03,27.127208709716797,27.576047616640878,27.103583554097426,27.576047616640878,3631378
2021-05-04,26.741363525390625,27.16658028556312,26.34764497052739,27.103583874944594,5285530
2021-05-05,26.49726104736328,26.796484998760533,26.49726104736328,26.7334915893527,1962293
2021-05-06,26.77286148071289,26.89885129693935,26.42639023704867,26.607500410134566,1737762
2021-05-07,27.221702575683594,27.221702575683594,26.953973819214433,27.03271933807854,1736591
2021-05-10,27.150833129882812,27.284699010129554,27.064214560988052,27.284699010129554,1633625
2021-05-11,26.30040168762207,26.827983129783977,26.174411865327116,26.772862770269576,4518668
2021-05-12,25.142866134643555,26.10354033079344,23.788473399590803,25.985423567588956,11386952
2021-05-13,24.843639373779297,25.39484593277693,24.095575045901985,24.41054957879333,5352844
2021-05-14,25.197988510131836,25.43421905164746,25.00112922489643,25.158617253851617,3470564
2021-05-17,24.560165405273438,25.071999258146775,24.237316290295617,24.410551924553875,7485480
2021-05-18,25.749191284179688,25.77281343367158,24.843637505094925,24.961754260222108,4040854
2021-05-19,25.66257667541504,25.85943596166283,25.505088645649945,25.749195241977556,2214940
2021-05-20,25.575958251953125,25.670449868807143,25.402721117858803,25.670449868807143,1437473
2021-05-21,25.898807525634766,26.213783588904576,25.709824290740364,25.98542609322568,1434844
2021-05-24,25.92243003845215,26.00117555727859,25.70982464720677,25.82006536972938,1022082
2021-05-25,26.316146850585938,26.363394158703098,26.024795960115593,26.024795960115593,1889917
2021-05-26,26.37914276123047,26.42639006845177,26.22953079411423,26.394891863637568,1278721
2021-05-27,26.205907821655273,26.221656925374347,25.953928169818926,26.190158717936203,1338578
2021-05-28,26.631126403808594,26.631126403808594,26.300404214941675,26.402768890256908,2364449
2021-05-31,26.820112228393555,26.930352956252776,26.615376873368245,26.662624186951287,2139599
2021-06-01,26.985471725463867,27.01696993265783,26.867354950403694,26.890980107716352,1506076
2021-06-02,26.883106231689453,27.072092486327847,26.772865501414813,26.985473911445027,823442
2021-06-03,27.0169677734375,27.12720848597146,26.898851007817328,26.9854695687609,1173804
2021-06-04,26.875226974487305,26.914598225659304,26.741361115901803,26.835855723315305,1580217
2021-06-07,26.93035316467285,26.961851373971985,26.331899203327584,26.898854955373718,3367508
2021-06-08,26.843732833862305,26.993344812487933,26.772863369495557,26.95397355535849,673221
2021-06-09,26.646875381469727,26.796487370409906,26.58387896265202,26.796487370409906,823390
2021-06-10,26.946104049682617,26.977599257228107,26.709870468165455,26.75711778523584,1173344
2021-06-11,27.024843215942383,27.13508393823899,27.01697016599308,27.024843215942383,917113
2021-06-15,27.221702575683594,27.237451679456417,27.095712749335426,27.1508331106231,880900
2021-06-16,27.205949783325195,27.24532103550209,27.119331226235634,27.22957493769853,1137115
2021-06-17,27.21383285522461,27.21383285522461,26.914605854600506,27.190207694757728,985144
2021-06-18,27.166576385498047,27.292566184813673,27.119329084317027,27.292566184813673,584341
2021-06-21,26.741363525390625,27.07208867346952,26.662621015951654,27.07208867346952,2776439
2021-06-22,26.639001846313477,26.883105455203943,26.639001846313477,26.867356350786086,1563525
2021-06-23,26.99334716796875,27.01697232737548,26.694123184606745,26.701996235185902,1428029
2021-06-24,27.0327205657959,27.127212188889857,26.9618510975168,26.993346302658423,793046
2021-06-25,27.079965591430664,27.276824896984923,27.079965591430664,27.174457217023015,1231779
2021-06-28,27.245325088500977,27.245325088500977,27.032719694351893,27.205953830467237,960926
2021-06-29,27.245325088500977,27.3240706084029,27.119335260492345,27.268950246388773,1031073
2021-06-30,27.442184448242188,27.536679072350857,27.276823361803693,27.276823361803693,1361926
2021-07-01,27.331941604614258,27.52880088382439,27.237449991666978,27.47368052595229,813618
2021-07-02,27.324068069458008,27.426435733901307,27.284696815082633,27.331941118799417,1256618
2021-07-05,27.591798782348633,27.63904308945187,27.41856164607842,27.41856164607842,1221080
2021-07-06,27.639041900634766,27.69416225910728,27.591797595563612,27.670540106571703,1019269
2021-07-07,27.5602970123291,27.639039516545015,27.41855810167326,27.552423963441104,1284358
2021-07-08,27.591798782348633,27.63904308945187,27.410688596172673,27.63904308945187,984413
2021-07-09,27.40281105041504,27.560299074464538,27.213827824623017,27.560299074464538,1788778
2021-07-12,27.615419387817383,27.76503135831456,27.520927775073602,27.67841579886938,1899558
2021-07-13,27.717784881591797,27.875272893045096,27.70203578006307,27.75715613349663,1419150
2021-07-14,27.749282836914062,27.851647490185954,27.662664281196346,27.749282836914062,613851
2021-07-15,28.009140014648438,28.009140014648438,27.835902875291247,27.835902875291247,822813
2021-07-16,27.906770706176758,27.90677070617676,27.59179765760195,27.717787477798726,1057197
2021-07-19,27.717784881591797,27.7414070319679,27.513049565552315,27.7414070319679,1930768
2021-07-20,27.37131690979004,27.568176218129203,27.33194564888914,27.544554062355594,1696688
2021-07-21,27.221702575683594,27.56030079721325,27.14296006065389,27.56030079721325,1834813
2021-07-22,27.40281105041504,27.57604817725291,27.316192486996105,27.316192486996105,1139407
2021-07-23,27.410688400268555,27.591798585150123,27.37919019320193,27.52880217101687,788907
2021-07-26,27.268949508666992,27.560300414835922,27.261073454972653,27.560300414835922,1383931
2021-07-27,27.21383285522461,27.38706701025139,27.190207694757728,27.268953223256055,1052831
2021-07-28,27.0169677734375,27.135081535223545,26.631122275734512,27.135081535223545,2640650
2021-07-29,27.34769630432129,27.34769630432129,27.04846929760927,27.15083698482243,822248
2021-07-30,27.174453735351562,27.34769086327074,27.166580685825345,27.34769086327074,627969
2021-08-02,27.583925247192383,27.583925247192383,27.213831791142876,27.347694678603737,960310
2021-08-03,27.678417205810547,27.678417205810547,27.489430966882278,27.576049534564635,878779
2021-08-04,27.851646423339844,27.867395524124706,27.66266322158916,27.702034471634402,1265717
2021-08-05,27.80440902709961,27.8752784963075,27.796532972835077,27.8752784963075,554547
2021-08-06,27.717784881591797,27.78865433655408,27.53667471976239,27.78865433655408,1150731
2021-08-09,27.6232967376709,27.639042837338764,27.324069778797522,27.568173373495974,1111493
2021-08-10,27.450054168701172,27.646913417755158,27.44217811659211,27.63116431737079,1646449
2021-08-11,27.379188537597656,27.465807099875928,27.229576568829668,27.40281068955203,1348029
2021-08-12,27.292570114135742,27.418559931590174,27.268947962061223,27.402810828929095,715968
2021-08-13,27.040590286254883,27.331941173820148,27.032717236897625,27.29256991936552,1325649
2021-08-16,26.938220977783203,27.048461685062733,26.812231168916025,27.040588636185905,2028455
2021-08-17,26.670495986938477,26.95397384747771,26.670495986938477,26.95397384747771,1380806
2021-08-18,26.906721115112305,26.91459716733736,26.339768512094302,26.442136164183392,1786138
2021-08-19,26.30040168762207,26.812234026517817,26.245281328107673,26.812234026517817,2181194
2021-08-20,26.205907821655273,26.41851621611114,26.04842279213335,26.33977370135018,1777052
2021-08-23,26.867351531982422,26.906722784048355,26.418512649996003,26.418512649996003,1933437
2021-08-24,26.946104049682617,27.095716047986688,26.867358521231974,27.0484687309163,1374408
2021-08-25,27.142961502075195,27.150834552462502,26.985473459818014,26.985473459818014,1590137
2021-08-26,27.21383285522461,27.38706701025139,27.04846874729551,27.379193959318943,1174213
2021-08-27,27.52092742919922,27.568171733060254,27.150831028505525,27.20595138556618,1620855
2021-08-30,27.765037536621094,27.765037536621094,27.576054269080764,27.61542553283209,1987602
2021-08-31,27.954017639160156,27.954017639160156,27.473680517423084,27.757158360011143,1323648
2021-09-01,27.946147918701172,27.98551917845414,27.867402395360656,27.891024550445525,1046087
2021-09-02,27.678417205810547,27.969768112150366,27.662668102246993,27.922520801459708,1089556
2021-09-03,28.056392669677734,28.095763935074928,27.81228601807914,27.81228601807914,1515512
2021-09-06,28.04850959777832,28.190248520819292,27.91464672814754,28.056385651188513,1770357
2021-09-07,27.93039894104004,28.056388775123196,27.81228215740945,28.048512720836044,567818
2021-09-08,27.6547908782959,27.91464657034681,27.54455016185039,27.91464657034681,2033632
2021-09-09,27.66267204284668,27.71779241125393,27.43431451439675,27.544555251211253,853540
2021-09-10,27.969768524169922,27.985517627965475,27.678417613538247,27.678417613538247,772209
2021-09-13,27.914649963378906,27.993392483601376,27.843780493644843,27.969770328301557,332372
2021-09-14,27.954017639160156,28.072134408183253,27.922519433576102,27.977639791431088,502658
2021-09-15,27.851646423339844,27.92251587495481,27.749281773988987,27.875271576434056,487724
2021-09-16,27.765037536621094,27.922525595461288,27.67842195790212,27.851656119174944,954170
2021-09-17,27.812280654907227,27.938270482184038,27.631170465936464,27.757160293213275,678209
2021-09-22,27.21383285522461,27.25320411755639,26.993348379264063,27.205956800457393,2739978
2021-09-23,27.457931518554688,27.52092792996123,27.324068650067133,27.3555668557704,776044
2021-09-24,27.639041900634766,27.69416225910728,27.536677237091098,27.536677237091098,437578
2021-09-27,27.77290916442871,27.8201564756996,27.639043284411727,27.66266844196437,833948
2021-09-28,27.591798782348633,27.59967183225438,27.426437699818543,27.59967183225438,543659
2021-09-29,27.048465728759766,27.198080714292573,27.016970524709983,27.166582506408357,2512838
2021-09-30,27.21383285522461,27.28470232895572,26.93035496030017,27.04846874729551,936135
2021-10-01,26.74924087524414,27.111461242355926,26.66262230836212,27.111461242355926,2827642
2021-10-04,26.58387565612793,26.898851703370322,26.520882248979976,26.772861885240207,1273067
2021-10-05,26.733489990234375,26.772861244238488,26.205905574310044,26.37126964726193,3332891
2021-10-06,26.576000213623047,26.7728594744647,26.402763102855534,26.764986425717964,2860406
2021-10-07,26.938220977783203,27.032715587309074,26.72561261210097,26.72561261210097,792512
2021-10-08,26.859485626220703,27.01697368020142,26.81223830887605,26.977599413830152,1281149
2021-10-12,26.52088737487793,26.544509531644774,26.300405901494614,26.40277058337413,1078303
2021-10-13,26.38701820373535,26.73349248044739,26.347646946063826,26.60750265359785,768523
2021-10-14,26.410642623901367,26.639000117387635,26.347646210318537,26.544505497013386,565086
2021-10-15,26.961849212646484,26.993344415586318,26.63900010279713,26.74136476906167,819906
2021-10-18,26.938220977783203,27.13508024187779,26.92247187619556,27.119331140290143,1147963
2021-10-19,27.158708572387695,27.22957803590329,27.001220541927,27.001220541927,614397
2021-10-20,27.11933135986328,27.221699019094807,27.087836160266974,27.158705616068183,735203
2021-10-21,27.024843215942383,27.300445021683892,27.009094112209382,27.111461784556685,821403
2021-10-22,27.072093963623047,27.127214331768226,26.93035501586836,27.02484664642656,562570
2021-10-25,27.08783531188965,27.127206563027453,26.843728748700997,26.99334070455822,747300
2021-10-26,27.34769630432129,27.371318461434004,27.13508787880234,27.13508787880234,936716
2021-10-27,27.37131690979004,27.37131690979004,27.198082761059148,27.30832349311553,467740
2021-10-28,27.331941604614258,27.394938015801927,27.24532304114833,27.347690707411175,476061
2021-10-29,27.08783531188965,27.300440668800576,27.00121675708613,27.300440668800576,592033
2021-11-01,27.221702575683594,27.29257204074409,27.16658221439592,27.205953471910775,511547
2021-11-02,27.182331085205078,27.450059839379694,27.166581981567234,27.284698756933885,653113
2021-11-03,27.284696578979492,27.347689984668154,27.21382712018341,27.21382712018341,479606
2021-11-04,27.27682113647461,27.450058262706158,27.26107203374136,27.434309159972905,406106
2021-11-05,27.544553756713867,27.552429811107448,27.30832319009508,27.347694450559107,1116750
2021-11-08,27.85953140258789,27.85953140258789,27.560304399462836,27.560304399462836,1527812
2021-11-09,28.024887084960938,28.11937869782883,27.930395472093046,27.930395472093046,2003707
2021-11-10,28.009140014648438,28.024889118574947,27.914648394923802,28.024889118574947,869860
2021-11-11,27.85953140258789,27.914651771080035,27.725665504939265,27.80441103409575,864930
2021-11-12,27.961894989013672,28.087884826892168,27.883152466777616,27.938272833109792,1154038
2021-11-15,28.190250396728516,28.221748604796822,28.095758776358043,28.12725698442635,1480768
2021-11-16,28.229623794555664,28.253248954314788,28.166630377478928,28.253248954314788,1678638
2021-11-17,28.347736358642578,28.35560940816625,28.237495642305777,28.237495642305777,1737168
2021-11-18,28.583967208862305,28.599716311917255,28.41860613253674,28.426479182147084,2066387
2021-11-19,28.61640167236328,28.827232395234155,28.575857659500794,28.827232395234155,2487180
2021-11-22,28.559642791748047,28.60829437557614,28.52720634032248,28.60829437557614,1069232
2021-11-23,28.332595825195312,28.438012764649258,28.28394423260951,28.397468739724147,1489076
2021-11-24,28.27582359313965,28.365022272483294,28.194735571905277,28.30826003895729,1490213
2021-11-25,28.283939361572266,28.316372719940215,28.162304214434023,28.275828701997565,934385
2021-11-26,27.854164123535156,28.170414887584943,27.813620105572962,28.137978435891075,3196452
2021-11-29,27.724422454833984,27.88660162610458,27.57035394344764,27.724422454833984,1568508
2021-11-30,27.74875259399414,28.05688963067879,27.72442370655337,27.82984063663525,829037
2021-12-01,28.162302017211914,28.19473846635946,27.724419233650185,27.732529892592094,732949
2021-12-02,28.332595825195312,28.36503228245973,28.00824053248361,28.113654378626734,849053
2021-12-03,28.42989730834961,28.4623306633037,28.28393638447134,28.381242635953534,715539
2021-12-06,28.462329864501953,28.527202759209384,28.13797467089442,28.316368944720107,852051
2021-12-07,28.575857162475586,28.575857162475586,28.283935325647292,28.45422203269385,625592
2021-12-08,28.705602645874023,28.867778710257262,28.656947970572965,28.843452919261804,1023928
2021-12-09,28.673168182373047,28.762366879950292,28.57586191833894,28.721819767734917,734876
2021-12-10,28.63262367248535,28.66505703106699,28.52720675049168,28.608294786911237,565053
2021-12-13,28.52720832824707,28.721820863741574,28.52720832824707,28.616407029228085,648137
2021-12-14,28.25150489807129,28.37314005376951,28.22717910425585,28.3325929396631,910396
2021-12-15,28.259611129760742,28.292047582189184,28.13797907311962,28.210959544428437,716237
2021-12-16,28.592079162597656,28.592079162597656,28.405574187214086,28.405574187214086,1086894
2021-12-17,28.49476432800293,28.51909011516968,28.42178387319303,28.510982550550647,393907
2021-12-20,28.29204559326172,28.478550541648453,28.21095756120145,28.478550541648453,936441
2021-12-21,28.559642791748047,28.567750357949308,28.300157366964022,28.38935296841894,736587
2021-12-22,28.559642791748047,28.559642791748047,28.510988114609695,28.559642791748047,366143
2021-12-23,28.721820831298828,28.78669373859737,28.632625223729043,28.65695101731076,2023151
2021-12-24,28.705602645874023,28.82723469416145,28.705602645874023,28.73803600276458,909268
2021-12-27,28.924543380737305,28.96509049354869,28.72182018992201,28.72182018992201,1477802
2021-12-28,29.12726593017578,29.143484156281133,28.965089855742956,28.965089855742956,1077117
2021-12-29,29.208354949951172,29.24079139981784,29.119156259472884,29.119156259472884,1393104
2021-12-30,29.11915397644043,29.200242001439438,29.070499305455105,29.200242001439438,675755
2022-01-03,29.11104965209961,29.37864263903445,29.038069184151887,29.265118154073594,3277218
2022-01-04,29.557039260864258,29.557039260864258,29.297553846724,29.297553846724,1572382
2022-01-05,29.59758186340332,29.686780550250024,29.56514541485725,29.662454760495464,1847151
2022-01-06,29.419187545776367,29.524604467846824,29.265119039142867,29.475949789973466,1524212
2022-01-07,29.151594161987305,29.548929866068168,29.1191577105043,29.516496507895432,845115
2022-01-10,29.224571228027344,29.257007675733192,28.96508583300039,29.07049964807953,720206
2022-01-11,29.37053871154785,29.41108273358381,29.078616803591984,29.208359530093414,992582
2022-01-12,29.548925399780273,29.56514362307041,29.435400930059128,29.540817834790108,948292
2022-01-13,29.75165367126465,29.784090123427305,29.5651487112949,29.5651487112949,1656897
2022-01-14,29.703001022338867,29.816525507531253,29.467841392548795,29.800307282030882,1196602
2022-01-17,29.954376220703125,29.96248688022658,29.767871264697114,29.767871264697114,1204651
2022-01-18,29.727323532104492,29.994919583353305,29.71921596690447,29.938154253713652,1084564
2022-01-19,29.451623916625977,29.63002130836027,29.419187464799684,29.548930178794546,1289076
2022-01-20,29.516498565673828,29.573260813071197,29.248902462248658,29.44351809140428,1084297
2022-01-21,28.93265151977539,29.127264033748016,28.875889278757526,29.11915646787838,1722168
2022-01-24,29.135374069213867,29.135374069213867,28.705601941190345,28.77858240569529,1625592
2022-01-25,28.78668785095215,28.802906074459727,28.624508709186227,28.794795416051016,2392070
2022-01-26,28.77858543395996,28.892109925511182,28.68127607550715,28.72182009487396,1423607
2022-02-07,29.102937698364258,29.102937698364258,28.802908273838565,28.908325188032485,1357110
2022-02-08,29.216459274291992,29.313768613095846,29.200241051158013,29.305657954873972,604417
2022-02-09,29.44351577758789,29.459734003185556,29.257010823180075,29.257010823180075,824603
2022-02-10,29.678668975830078,29.686779634371366,29.402965358314287,29.524600489954448,1031126
2022-02-11,29.63001823425293,29.686780472404717,29.516493757949352,29.646236458483436,966671
2022-02-14,29.216459274291992,29.427293081723906,29.09482724075183,29.427293081723906,1500747
2022-02-15,29.135374069213867,29.31377144762819,29.09483005411336,29.2326803241171,619393
2022-02-16,29.58136749267578,29.589478152523863,29.451624774899983,29.532712813518458,921497
2022-02-17,29.58136749267578,29.70300264391389,29.467843001285758,29.61380394544733,959634
2022-02-18,29.573261260986328,29.581368827889968,29.38675628909724,29.47595189827943,409284
2022-02-21,29.56514549255371,29.58136371686937,29.346204104257335,29.419184567022793,486316
2022-02-22,29.175922393798828,29.362427365457293,28.965091628148986,29.362427365457293,1110714
2022-02-23,29.3056640625,29.329989855615842,29.159703117184105,29.16781377709633,488326
2022-02-24,28.592079162597656,29.029962023051567,28.519098685855337,29.029962023051567,3114850
2022-02-25,28.583967208862305,28.729928139946836,28.438006277777774,28.592074774673616,1428254
2022-03-01,29.0218448638916,29.0704964367661,28.624506156662335,28.632616814347795,1148873
2022-03-02,28.883996963500977,28.965088089081753,28.770472480998034,28.965088089081753,647476
2022-03-03,28.948869705200195,29.02185017116757,28.89210746426003,28.948869705200195,332365
2022-03-04,28.656949996948242,28.770474487368052,28.58396952549117,28.665057563416646,539686
2022-03-07,27.821727752685547,28.283936312690397,27.70820018404948,28.283936312690397,4305197
2022-03-08,27.294645309448242,27.60278536941364,27.197339061731217,27.51358668679393,4191062
2022-03-09,27.537912368774414,27.610892827607078,27.32708165065218,27.32708165065218,866411
2022-03-10,28.210954666137695,28.275824466466815,27.943358619841785,27.943358619841785,1182573
2022-03-11,27.93525505065918,28.210958701441783,27.90281859919999,28.210958701441783,750224
2022-03-14,27.967687606811523,28.097430301267618,27.821726688884695,28.00012096044317,713294
2022-03-15,27.47304344177246,27.846053312860867,27.440606993857834,27.846053312860867,960629
2022-03-16,27.610898971557617,27.70820524055039,27.375739319290446,27.554136723535958,1350708
2022-03-17,28.413679122924805,28.446115571233044,28.07310260230822,28.178519512655015,1904521
2022-03-18,28.397462844848633,28.462332652600676,28.21906546023771,28.462332652600676,578855
2022-03-21,28.40557098388672,28.58396837209667,28.381245192152722,28.429899868930956,646821
2022-03-22,28.42989730834961,28.4623306633037,28.381242635953534,28.4623306633037,291612
2022-03-23,28.713708877563477,28.754252891775376,28.5839661760994,28.5839661760994,1248558
2022-03-24,28.697492599487305,28.705603258865754,28.543424097709124,28.665056148593937,544309
2022-03-25,28.648836135864258,28.705598368602576,28.567745022445454,28.705598368602576,402980
2022-03-28,28.462329864501953,28.64883789013088,28.162300459754768,28.64883789013088,1365628
2022-03-29,28.462329864501953,28.519092100716016,28.38934940461103,28.486658746672177,592421
2022-03-30,28.721820831298828,28.74614971819102,28.61640699690441,28.61640699690441,990639
2022-03-31,28.673168182373047,28.754256220183073,28.64073172992489,28.705604634821203,892937
2022-04-01,28.52720832824707,28.543426555090026,28.32448513267585,28.413683833656865,380945
2022-04-06,28.47044563293457,28.494771426160966,28.194741967563825,28.24339664732705,1165877
2022-04-07,27.975793838500977,28.29204144783274,27.975793838500977,28.275823225135,1160061
2022-04-08,28.162302017211914,28.170412676153823,27.992015299152367,28.00823352372614,466427
2022-04-11,27.75685691833496,28.162303270796723,27.691987110462374,28.137977479508276,983573
2022-04-12,27.75685691833496,27.82172981951773,27.610895983983912,27.65144000056805,1271381
2022-04-13,28.186635971069336,28.194746632360324,27.846062436310458,27.846062436310458,934116
2022-04-14,28.089323043823242,28.300156881159978,28.089323043823242,28.2839386557256,373500
2022-04-15,27.683876037597656,27.975797901938815,27.65143958749083,27.975797901938815,839285
2022-04-18,27.505477905273438,27.667657058074965,27.36762763604367,27.667657058074965,2511464
2022-04-19,27.651437759399414,27.81361690590142,27.610893746101397,27.683874207361804,262914
2022-04-20,27.75685691833496,27.773075143630653,27.578459533392525,27.773075143630653,255152
2022-04-21,27.75685691833496,27.9190360779817,27.748749352342205,27.81361916021479,163237
2022-04-22,27.643333435058594,27.651441001344782,27.40006623343911,27.497372495424845,1242692
2022-04-25,27.140579223632812,27.310865945507654,26.96218184263434,27.302755286384023,2230404
2022-04-26,27.181123733520508,27.245993541138414,27.059488590935445,27.124361491863525,833086
2022-04-27,26.670259475708008,26.783783954809692,26.548627430946226,26.783783954809692,3113813
2022-04-28,26.864871978759766,26.88109020151904,26.581057720437045,26.77567330023862,690869
2022-04-29,27.11625099182129,27.213560343784813,27.01083716715942,27.11625099182129,348147
2022-05-03,26.945964813232422,27.116251542662525,26.881095003915824,27.116251542662525,803005
2022-05-04,26.994617462158203,27.091923715477826,26.954073447717526,27.091923715477826,518015
2022-05-05,27.197341918945312,27.36762864366702,27.124361452163125,27.286540610935777,787110
2022-05-06,26.775676727294922,26.783784293057405,26.556735331986676,26.678370471594622,2418525
2022-05-09,26.256704330444336,26.43509860630644,26.256704330444336,26.43509860630644,1875345
2022-05-10,26.18372344970703,26.19183101485302,25.762058915988863,25.908019835095534,1012129
2022-05-11,26.1431827545166,26.216163223330014,26.02154760872417,26.159397886866024,278618
2022-05-12,25.50257682800293,25.95667477442843,25.50257682800293,25.95667477442843,1041509
2022-05-13,25.762060165405273,25.778278389793666,25.591771902637156,25.591771902637156,2269568
2022-05-16,25.85125732421875,26.021545587105354,25.7134055101315,25.875584660818266,988799
2022-05-17,26.01343536376953,26.04586871594516,25.867472905740414,25.867472905740414,1168209
2022-05-18,26.362119674682617,26.394556124288037,26.167507163670276,26.240487628627427,1265092
2022-05-19,25.9566707611084,25.9566707611084,25.753949157793244,25.89991007323646,1616719
2022-05-20,26.110742568969727,26.151286580665385,25.98910744057294,25.98910744057294,625624
2022-05-23,26.151287078857422,26.264811551091874,26.045870171792625,26.191831091325458,335575
2022-05-24,25.867473602294922,26.208048555787542,25.867473602294922,26.151286321314586,242908
2022-05-25,26.118852615356445,26.159396630903913,25.891803653642558,26.062090374927976,314236
2022-05-26,25.867473602294922,26.23237434390173,25.843147814180735,26.191830332608156,784896
2022-05-27,26.30535888671875,26.321577112416787,26.1107463649628,26.1107463649628,408862
2022-05-30,26.856765747070312,26.856765747070312,26.605390986146,26.686479019997027,641302
2022-05-31,27.075708389282227,27.075708389282227,26.589173977294383,26.589173977294383,1204711
2022-06-01,26.986507415771484,27.15679722958326,26.954074059468844,27.002725640577847,633968
2022-06-02,26.775676727294922,26.856764758160157,26.678370471594622,26.74324027762479,248894
2022-06-06,26.937856674194336,27.0108371414424,26.694586387827325,26.929746014883335,756237
2022-06-07,26.670259475708008,26.759458164519348,26.58917144586682,26.759458164519348,274424
2022-06-08,26.978404998779297,27.027059682484005,26.76757112936958,26.775681789975703,524769
2022-06-09,26.856765747070312,26.88109463187379,26.767567053848055,26.80811416408378,170349
2022-06-10,26.670259475708008,26.7108034906286,26.475646966765133,26.508080322715575,245530
2022-06-13,26.005327224731445,26.070200121985966,25.91612853766148,26.070200121985966,1359093
2022-06-14,26.0296573638916,26.053986251082204,25.721518783720164,25.81071748569451,1034374
2022-06-15,25.91613006591797,26.02965454949784,25.875586049398038,25.956674082437896,483525
2022-06-16,25.75395393371582,26.32157793090162,25.69719168866276,26.19183521459314,860951
2022-06-17,25.57555389404297,25.607988794476952,25.364721627929836,25.47013698765894,2143811
2022-06-20,25.234981536865234,25.56744742055886,25.218763311647233,25.543120082731857,797377
2022-06-21,25.70530128479004,25.70530128479004,25.34039892165611,25.364726261416774,739269
2022-06-22,25.17011070251465,25.62421019141215,25.153892476961673,25.62421019141215,495113
2022-06-23,24.88629722595215,25.291743573180703,24.74844540602824,25.259307123007986,823620
2022-06-24,24.98360252380371,25.21876213856071,24.93494939706796,25.12145433843419,522304
2022-06-27,25.4052677154541,25.575555983271617,25.332287250197318,25.348505475066617,936327
2022-06-28,25.234981536865234,25.389050036471005,25.097129715822383,25.389050036471005,1358725
2022-06-29,25.007932662963867,25.121457153620863,24.934952191354316,24.98360532354229,275990
2022-06-30,24.391651153564453,24.788988371408703,24.359216251421557,24.788988371408703,1251127
2022-07-01,23.661848068237305,24.375432928568586,23.637520731639473,24.375432928568586,2651997
2022-07-04,23.491559982299805,23.83213496395959,23.37803550396488,23.65373913419685,1236715
2022-07-05,23.621301651000977,23.986203953466187,23.24018267138005,23.89700526916248,680192
2022-07-06,23.142881393432617,23.621306725384056,23.07800848425381,23.621306725384056,1524692
2022-07-07,23.73482894897461,23.783482076371282,23.09422299385576,23.150985233594387,1586600
2022-07-08,23.94566535949707,24.09162476685881,23.75915883677791,23.94566535949707,503269
2022-07-11,23.7591552734375,24.067295362738324,23.678067241505243,24.00242400919948,274737
2022-07-12,23.150981903076172,23.46723105229629,23.061784773456743,23.46723105229629,641714
2022-07-13,23.86457633972168,23.96188261362428,23.73483361008132,23.73483361008132,1089342
2022-07-14,24.018646240234375,24.12406162732122,23.596981598576356,23.72672432729339,618046
2022-07-15,24.140277862548828,24.229475014519924,23.945663785536624,24.115950522926603,1051177
2022-07-18,24.440305709838867,24.464633047860417,24.27812809632716,24.27812809632716,798437
2022-07-19,24.432193756103516,24.4565210912962,24.286234384912177,24.342996620373516,184340
2022-07-20,24.553834915161133,24.79710214020805,24.505180232827513,24.732230777085185,625202
2022-07-21,24.878190994262695,24.878190994262695,24.57005086856003,24.602487322488837,384228
2022-07-22,24.918731689453125,24.983603041997988,24.805207209163378,24.918731689453125,221763
2022-07-25,24.967388153076172,25.040367076595825,24.756555855532856,24.829536325707664,344462
2022-07-26,24.82953453063965,24.943059010857507,24.7241176161616,24.886296770748576,581712
2022-07-27,24.94305992126465,24.94305992126465,24.66735627639679,24.80520809883072,176673
2022-07-28,25.048477172851562,25.210656345529713,24.975496699811917,25.210656345529713,202211
2022-07-29,25.153894424438477,25.32418116596339,25.105239744012586,25.28363714559705,425524
2022-08-01,25.137672424316406,25.20254377515812,25.00792972263298,25.153890648690588,237251
2022-08-02,24.788991928100586,24.85386328834904,24.65924920760368,24.813319268189467,402702
2022-08-03,24.918731689453125,24.918731689453125,24.724117631818537,24.76466319381848,1362897
2022-08-04,24.918731689453125,24.975493929598,24.618702263928775,24.910622577053136,647750
2022-08-05,25.494464874267578,25.502573986215157,25.22687036661732,25.2349794785649,787269
2022-08-08,25.4620304107666,25.478248635925667,25.275525461402598,25.340396815383777,845441
2022-08-09,25.478248596191406,25.567447287772072,25.251198084283832,25.32417855073073,640565
2022-08-10,25.291744232177734,25.453921847301782,25.170110634170918,25.453921847301782,163927
2022-08-11,25.75395393371582,25.802607065667704,25.648537010055694,25.680973462460404,302526
2022-08-12,25.94045639038086,25.948565502699058,25.826931911236162,25.851257701535722,271472
2022-08-15,26.12696075439453,26.159394107718107,25.956670956224194,26.143178977711223,484128
2022-08-16,26.151287078857422,26.1837235261558,26.062088395441815,26.16750530250661,967401
2022-08-17,26.1431827545166,26.18372677201066,26.086417418052616,26.126964528856927,302764
2022-08-18,26.037763595581055,26.05398181984624,25.899911782636973,26.05398181984624,270205
2022-08-19,26.062091827392578,26.11885407098446,25.924240001531512,25.9566749064461,143794
2022-08-22,25.810712814331055,25.867475051985135,25.745841464632825,25.83504015046351,233000
2022-08-23,25.510683059692383,25.65664399006805,25.486357269066474,25.59988174973419,434357
2022-08-24,25.453920364379883,25.583663067582474,25.397158125060624,25.510682603699138,198858
2022-08-25,25.66475486755371,25.753953563730036,25.583665284362063,25.632319962270145,241837
2022-08-26,25.810712814331055,25.891802388117586,25.786385478198603,25.802603702286905,1791893
2022-08-29,25.17011070251465,25.243089624192805,25.040366444745963,25.137674251408697,703198
2022-08-30,25.24308967590332,25.34039748276539,25.11334696452397,25.186327433006742,570625
2022-08-31,25.421485900878906,25.421485900878906,25.056583575161174,25.080910912427374,380808
2022-09-01,24.91062355041504,24.967387339432957,24.797099065689416,24.918732663131884,803604
2022-09-02,24.65113639831543,24.91873091255197,24.65113639831543,24.91873091255197,476670
2022-09-05,24.740337371826172,24.81331784124067,24.634920450825167,24.756555597619425,409188
2022-09-06,24.86197280883789,24.959280624131644,24.73223008621639,24.829537901510143,624941
2022-09-07,24.343002319335938,24.610596882482575,24.326784092077286,24.610596882482575,1007092
2022-09-08,24.594379425048828,24.594379425048828,24.39165621793611,24.52950806063897,202121
2022-09-12,25.007932662963867,25.07280402143289,24.902515738792214,24.967388643916422,255646
2022-09-13,25.1214599609375,25.210658668796032,25.080915937359272,25.170114645217804,218247
2022-09-14,24.643030166625977,24.683575732101076,24.513287450416012,24.513287450416012,301641
2022-09-15,24.764663696289062,24.8376426160596,24.586266313179756,24.79709859989207,229480
2022-09-16,24.561939239501953,24.561939239501953,24.464631440464252,24.52950279093772,640174
2022-09-19,24.432193756103516,24.724115591796032,24.391649744103965,24.724115591796032,606693
2022-09-20,24.643030166625977,24.659248392816018,24.47274343159609,24.594377034711034,213553
2022-09-21,24.391651153564453,24.497066518847618,24.342998027022606,24.4727407289042,247813
2022-09-22,24.083515167236328,24.20514876976678,23.86457375468841,24.20514876976678,560564
2022-09-23,23.897008895874023,24.05107895214777,23.832137537441163,23.969989367442892,615140
2022-09-26,23.410472869873047,23.532106465232083,23.34560151590456,23.532106465232083,1767086
2022-09-27,23.394256591796875,23.50778108402649,23.33749434568207,23.442909724658822,578658
2022-09-28,22.923934936523438,23.43479661100607,22.91582582465483,23.41857838726886,935250
2022-09-29,22.91582679748535,23.150984865038165,22.84284633422465,23.094222626203173,1143876
2022-09-30,22.640121459960938,22.753645929061932,22.542813667406588,22.672556359709123,2053225
2022-10-03,22.40496253967285,22.66444947876399,22.3563094152548,22.43739898705485,635585
2022-10-04,22.91582679748535,22.94826169968177,22.615795832229686,22.615795832229686,345230
2022-10-05,23.361818313598633,23.451017005756057,23.207749813796827,23.207749813796827,632902
2022-10-06,23.507780075073242,23.515889187978058,23.394255587716096,23.394255587716096,685517
2022-10-07,23.167203903198242,23.321273947344125,23.159094790700557,23.27262081901308,260909
2022-10-11,22.218461990356445,22.672561516702647,22.186027083230766,22.672561516702647,2567499
2022-10-12,22.194135665893555,22.234679685494836,21.98330336132544,22.21846145899224,2034888
2022-10-13,21.813013076782227,22.218459422249015,21.76435994838963,22.19413363138025,1660205
2022-10-14,22.32387351989746,22.453616210334932,22.218456617257722,22.259002174678727,480424
2022-10-17,22.015735626220703,22.12115253918441,21.813012459226673,22.12115253918441,2579354
2022-10-18,22.218461990356445,22.502274774318536,22.031957021081872,22.453621640302398,897084
2022-10-19,21.983301162719727,22.267112364854427,21.983301162719727,22.2022410119872,210793
2022-10-20,21.894102096557617,21.91032032115968,21.431893521983984,21.821121632503356,1644148
2022-10-21,21.780580520629883,21.983303715210116,21.780580520629883,21.89410501466514,323776
2022-10-24,21.869773864746094,22.177913932956148,21.869773864746094,22.09682435991903,451834
2022-10-25,21.553529739379883,21.902213877534553,21.464331039855143,21.902213877534553,992387
2022-10-26,21.691381454467773,21.788689266754425,21.488658263304522,21.56163873585571,847833
2022-10-27,21.91843032836914,22.03195481190863,21.894102990472785,21.894102990472785,299069
2022-10-28,21.67516326904297,21.885995573850813,21.610291909614034,21.82112421442188,271284
2022-10-31,21.91843032836914,22.007627474012274,21.756251169036936,21.756251169036936,275998
2022-11-01,22.040063858032227,22.16169745383679,21.894102924404717,21.918430262227663,276920
2022-11-02,22.129262924194336,22.13737049028397,22.040064230657226,22.040064230657226,368114
2022-11-03,21.894102096557617,21.926538545761744,21.788686729954254,21.885992984256585,1629676
2022-11-04,21.975194931030273,21.975194931030273,21.683273031531893,21.81301575427445,1195292
2022-11-07,22.34819984436035,22.372527179397146,22.09682356893311,22.194131362425377,2618877
2022-11-08,22.559036254882812,22.6239076135841,22.4779466698424,22.6239076135841,1884294
2022-11-09,23.045568466186523,23.045568466186523,22.664449489202198,22.664449489202198,1683814
2022-11-10,22.867176055908203,22.94826409318423,22.777977358918367,22.94826409318423,2073232
2022-11-11,23.815919876098633,23.86457300625393,23.588869357615362,23.751048520339857,3737555
2022-11-14,24.002426147460938,24.140277979343434,23.921336561649728,23.92944567489637,3521486
2022-11-15,24.75655746459961,24.780883258468844,24.22947591315577,24.237585026663936,3843457
2022-11-16,24.730987548828125,25.05482470820935,24.560545912026274,25.03778021943878,4098084
2022-11-17,24.713943481445312,24.722465725975905,24.41567142468231,24.713943481445312,1920937
2022-11-18,24.62020492553711,24.961088267375978,24.56055082835098,24.875867431916262,1839543
2022-11-21,24.517940521240234,24.662815449737376,24.49237378369879,24.620204220501634,1385866
2022-11-22,24.671337127685547,24.68837999353535,24.381587277360893,24.500895465570284,1415426
2022-11-23,24.841773986816406,24.9014280732907,24.730988058428714,24.799164389463897,1710654
2022-11-24,25.020734786987305,25.07186662259687,24.884382141727297,24.94403622084708,1339111
2022-11-25,25.020734786987305,25.07186662259687,24.9525584643573,25.07186662259687,1819173
2022-11-28,24.713943481445312,24.901427984762545,24.509414489066895,24.901427984762545,1983859
2022-11-29,24.901430130004883,24.91847462053444,24.500894355272738,24.671336009664163,1349536
2022-11-30,25.140047073364258,25.140047073364258,24.867341738064493,24.901429092250957,1301850
2022-12-01,25.412752151489258,25.668414619834518,25.35309806317763,25.51501746391776,1089674
2022-12-02,25.250831604003906,25.36161915622446,25.140045677235275,25.208222007274106,692824
2022-12-05,25.284921646118164,25.44684104632086,25.216745313209447,25.25083266693781,878221
2022-12-06,24.93552017211914,25.208225530387903,24.93552017211914,25.191181039133067,1405656
2022-12-07,24.841773986816406,25.071869713604627,24.748032547550498,24.85881847593819,714742
2022-12-08,24.569068908691406,24.824729746270343,24.44976073454816,24.773597903844948,1469953
2022-12-09,24.884387969970703,24.94404206306224,24.713946310750195,24.79064489485421,822310
2022-12-12,24.705421447753906,24.841774110503167,24.54350205119467,24.841774110503167,1042242
2022-12-13,24.603160858154297,24.875866217955373,24.58611636680369,24.7991676323298,1611941
2022-12-14,24.91847801208496,24.92700025850967,24.7139489742489,24.74803795994773,879396
2022-12-15,24.901430130004883,24.91847462053444,24.71394561053598,24.80768868299647,756563
2022-12-16,24.517940521240234,24.620204220501634,24.373065592743092,24.577594616718084,1593271
2022-12-19,24.39862632751465,24.517936122517362,24.330449998421056,24.509413878199172,1213878
2022-12-20,24.032182693481445,24.42419623028281,23.964006355539812,24.42419623028281,1239013
2022-12-21,24.117401123046875,24.22818868455514,24.04070254214179,24.04070254214179,709949
2022-12-22,24.44124412536621,24.492375979581176,24.2963691838802,24.2963691838802,606987
2022-12-23,24.134445190429688,24.219666014992203,24.066268855870078,24.160011925434052,934724
2022-12-26,24.253753662109375,24.253753662109375,24.134445481553904,24.245233042457173,1034777
2022-12-27,24.296363830566406,24.44123874013156,24.28784158583293,24.390106897182676,728157
2022-12-28,24.02366065979004,24.17705782787371,23.929917584749543,24.17705782787371,1040010
2022-12-29,23.870262145996094,23.904349500619574,23.72538723157922,23.853217655958336,455246
2022-12-30,24.015138626098633,24.125924567662764,24.015138626098633,24.023660871673126,1316829
2023-01-03,24.100357055664062,24.168533388016566,23.691297436097056,23.870261324429865,794522
2023-01-04,24.049224853515625,24.151490170154695,24.015137498270644,24.100358324561192,387606
2023-01-05,24.160011291503906,24.30488620182323,24.12592231239254,24.270797222711863,218457
2023-01-06,24.338972091674805,24.38158331300126,24.16000983845935,24.16000983845935,609379
2023-01-09,24.952564239501953,24.952564239501953,24.637247658452424,24.637247658452424,768465
2023-01-10,25.105958938598633,25.114481183795046,24.969606266360174,25.071871583265054,535715
2023-01-11,25.063352584838867,25.233794259942425,25.003698486188306,25.22527201364202,477662
2023-01-12,25.01221466064453,25.165611805909325,24.969603439486594,25.165611805909325,509626
2023-01-13,25.233789443969727,25.463883548357156,25.182655975926323,25.34457537382649,524235
2023-01-16,25.395706176757812,25.48092699455604,25.336052091934622,25.336052091934622,766633
2023-01-17,25.33605194091797,25.39570602538559,25.293442344998784,25.39570602538559,494564
2023-01-30,26.205303192138672,26.256435035923598,26.009296436419774,26.239392171629962,1313435
2023-01-31,25.8814640045166,26.247910752881065,25.8814640045166,26.205301157277628,896171
2023-02-01,26.026342391967773,26.03486301186847,25.88998809177515,25.992253410556593,401103
2023-02-02,26.299049377441406,26.32461448963803,26.154174448335812,26.205306298181256,674435
2023-02-03,26.324613571166992,26.39278991039963,26.16269578139706,26.333135816752588,770289
2023-02-06,26.111557006835938,26.19677781993864,26.03485843758869,26.19677781993864,873124
2023-02-07,26.034862518310547,26.111561099579582,25.992252917806443,25.992252917806443,437186
2023-02-08,26.358701705932617,26.367223951244178,26.21382678654026,26.31609047937481,558834
2023-02-09,26.341655731201172,26.367222465695406,26.247912663507645,26.27347939800188,241079
2023-02-10,26.358701705932617,26.358701705932617,26.264958632957537,26.341657215309496,274301
2023-02-13,26.333133697509766,26.358700432208995,26.154171430971196,26.358700432208995,569438
2023-02-14,26.495054244995117,26.546186091151824,26.418355663034014,26.418355663034014,640343
2023-02-15,26.051904678344727,26.290522645998646,26.04338243391581,26.239390804877065,908975
2023-02-16,26.341655731201172,26.375744710526817,26.11155999710906,26.11155999710906,691110
2023-02-17,26.111557006835938,26.171211088372285,26.03485843758869,26.171211088372285,431611
2023-02-20,26.213825225830078,26.316088912576085,26.01781847169023,26.316088912576085,517441
2023-02-21,26.171213150024414,26.213824372658394,26.094516200187133,26.213824372658394,236136
2023-02-22,25.966686248779297,25.98373073920545,25.8047684660871,25.932598893379073,498963
2023-02-23,26.299049377441406,26.35018122728685,26.01782176511316,26.01782176511316,447288
2023-02-24,26.145652770996094,26.375748538482384,26.145652770996094,26.375748538482384,775524
2023-03-01,26.256431579589844,26.264953823340818,25.80476403895073,26.017815256369722,836121
2023-03-02,26.222349166870117,26.26495876819523,26.06042975602092,26.25643652283979,892750
2023-03-03,26.247913360595703,26.38426603061552,26.21382600581677,26.290524585884423,649910
2023-03-06,26.52914047241211,26.62288354092287,26.401310049730533,26.418354539541948,746305
2023-03-07,26.70810317993164,26.742190532590563,26.418353367797067,26.529139295753488,609372
2023-03-08,26.563228607177734,26.588795341081692,26.443920433196524,26.588795341081692,631158
2023-03-09,26.486528396606445,26.639925539661125,26.486528396606445,26.580271456351383,401226
2023-03-10,26.171213150024414,26.30756743700121,26.103036819261987,26.30756743700121,1036377
2023-03-13,26.256431579589844,26.281998310842766,25.932594444311768,26.034858118419876,571501
2023-03-14,25.966686248779297,26.13712790213664,25.924076648165997,26.00929747484467,417872
2023-03-15,26.017818450927734,26.213825204911164,25.992251716535637,26.043383559867838,399585
2023-03-16,25.821813583374023,25.941123401311817,25.745114995218376,25.924078909398958,938568
2023-03-17,26.111557006835938,26.12007925069139,26.000771087618695,26.009293331474147,264433
2023-03-20,26.034862518310547,26.145650080344517,25.98373067261521,26.120083344770816,533921
2023-03-21,26.154170989990234,26.230869567342708,26.103037521453928,26.11155976620998,661873
2023-03-22,26.563228607177734,26.563228607177734,26.23939143832075,26.23939143832075,902150
2023-03-23,26.75923728942871,26.81036913547637,26.537663789286086,26.554708279786,575880
2023-03-24,26.861499786376953,26.861499786376953,26.716624883244485,26.793323456988254,836123
2023-03-27,26.776281356811523,26.861502182512353,26.699582776225984,26.861502182512353,498272
2023-03-28,26.546184539794922,26.759235782691274,26.503574941396447,26.759235782691274,432819
2023-03-29,26.605838775634766,26.665494489357037,26.46948610945928,26.563229176999425,666246
2023-03-30,26.750715255737305,26.80184872764143,26.503576643342388,26.503576643342388,820399
2023-03-31,26.81036949157715,26.972288902572807,26.759237644850348,26.767759890213497,602209
2023-04-06,26.665491104125977,26.810364371275018,26.546181317280016,26.810364371275018,984274
2023-04-07,26.665491104125977,26.844453346217232,26.656968860390425,26.67401172240974,295241
2023-04-10,26.70810317993164,26.835933596943494,26.67401420182078,26.67401420182078,837054
2023-04-11,26.75923728942871,26.835935871226237,26.67401646238123,26.827413625976284,393864
2023-04-12,26.75923728942871,26.767759534678667,26.69106095288114,26.75923728942871,142852
2023-04-13,26.580272674560547,26.759234932691843,26.55470594106239,26.73366982464562,501581
2023-04-14,26.801847457885742,26.852979301915372,26.631405810517624,26.631405810517624,469142
2023-04-17,26.7421932220459,26.750715467430695,26.631407282947762,26.716628111343617,605555
2023-04-18,26.639928817749023,26.74219250873462,26.563230236783795,26.74219250873462,597944
2023-04-19,26.426877975463867,26.63992923135237,26.409833484884288,26.63992923135237,541358
2023-04-20,26.40131187438965,26.563231287884694,26.324613290389472,26.563231287884694,511478
2023-04-21,26.307567596435547,26.503574345383914,26.29052310727866,26.40130903589453,363285
2023-04-24,26.307567596435547,26.324610460140484,26.154170444927452,26.2308690206815,342588
2023-04-25,25.975208282470703,26.537663458336844,25.932598682204382,26.537663458336844,659490
2023-04-26,25.898508071899414,25.9581621586992,25.81328887672941,25.9581621586992,681464
2023-04-27,25.90703010559082,26.000773170056988,25.78772193296257,25.864420508352715,365189
2023-04-28,26.179737091064453,26.239392806617868,26.06042891086172,26.06042891086172,450804
2023-05-02,26.299049377441406,26.32461448963803,26.162696694218752,26.171217314649493,354399
2023-05-03,26.222349166870117,26.247914277484345,26.111561602701475,26.247914277484345,515818
2023-05-04,26.239395141601562,26.247915761986807,26.077475721594695,26.14565206284198,557650
2023-05-05,26.282005310058594,26.367226144811887,26.171217737243644,26.333137160729677,745168
2023-05-08,26.452444076538086,26.5035759215977,26.299046915907194,26.299046915907194,903789
2023-05-09,26.486528396606445,26.495050640715245,26.333131253551766,26.418352069187904,750994
2023-05-10,26.307567596435547,26.46096312249169,26.21382453152461,26.46096312249169,1066919
2023-05-11,26.256431579589844,26.38426198495088,26.222344230037738,26.307565042095693,767266
2023-05-12,26.171213150024414,26.24791172531364,26.060427222079948,26.24791172531364,214341
2023-05-15,26.162696838378906,26.205306442576195,26.06043151267232,26.205306442576195,471398
2023-05-16,26.478010177612305,26.50357691382529,26.205304826482227,26.205304826482227,628590
2023-05-17,26.801847457885742,26.827412567174548,26.443921298774303,26.45244354368791,1103985
2023-05-18,27.057510375976562,27.108642223922672,26.92967994338521,26.92967994338521,1552411
2023-05-19,27.18533706665039,27.193859311043724,27.108638492562307,27.14272747013564,932726
2023-05-22,27.159770965576172,27.210902804614154,27.083072394293275,27.185336072369235,816264
2023-05-23,27.151248931884766,27.236468122457797,27.05750587171219,27.159771176032443,446531
2023-05-24,27.057510375976562,27.117164469489047,26.963767300198572,27.117164469489047,458125
2023-05-25,27.27907943725586,27.34725739473481,27.11716166459927,27.11716166459927,604519
2023-05-26,27.773359298706055,27.79892440677705,27.33021233702016,27.33021233702016,2311959
2023-05-29,27.99492835998535,28.114239771184167,27.8670995814848,27.8670995814848,972828
2023-05-30,28.054584503173828,28.08015286147699,27.952320822672547,27.99493041863943,637810
2023-05-31,27.918235778808594,28.02050272462158,27.78188310196219,28.003458233652747,998132
2023-06-01,27.764841079711914,27.901193752717013,27.705183737549536,27.901193752717013,549931
2023-06-02,28.122764587402344,28.17389805697762,27.884148231192466,27.884148231192466,1222356
2023-06-05,28.080156326293945,28.19094389020098,28.07163245550653,28.148331038072296,819322
2023-06-06,28.199462890625,28.276161468786064,28.08015471368646,28.08015471368646,1366985
2023-06-07,28.47216796875,28.47216796875,28.242072236328674,28.242072236328674,1650564
2023-06-08,28.22502899169922,28.446604114575923,28.131285920551697,28.4039945143009,1517785
2023-06-09,28.45512580871582,28.472170299650244,28.310252512129605,28.310252512129605,1163706
2023-06-12,28.625568389892578,28.727832087891304,28.472171217442312,28.472171217442312,1337145
2023-06-13,29.08575439453125,29.153929096640926,28.872703167719955,28.872703167719955,2421046
2023-06-14,29.09427833557129,29.102802206123194,28.932360555030154,29.00053526492491,1349649
2023-06-15,29.298809051513672,29.34141865168372,29.1454118901782,29.1454118901782,1451900
2023-06-16,29.239151000976562,29.31584957125633,29.128363454816082,29.298805083315973,1794646
2023-06-19,29.222108840942383,29.239153330240544,29.060187818061802,29.102800666759173,1160946
2023-06-20,29.102802276611328,29.179500857243756,29.00053533516535,29.170976986671203,1163279
2023-06-21,29.119840621948242,29.18801857613654,28.92383388001257,28.932357749738,2003445
2023-06-26,28.97496795654297,29.05166653116997,28.864180404103106,29.05166653116997,1725962
2023-06-27,28.736352920532227,28.932359675514373,28.71930843085065,28.79600700896575,1434565
2023-06-28,28.804529190063477,28.838618171274852,28.710786117184284,28.75339896915059,1398945
2023-06-29,28.778963088989258,29.06018904704241,28.727829618932294,28.813052069027236,1921217
2023-06-30,28.81305503845215,28.81305503845215,28.642613371600895,28.710788087798758,1482476
2023-07-03,29.23063087463379,29.24767536475675,28.99201451472053,29.00905900484349,2076620
2023-07-04,29.366981506347656,29.384025995287555,29.21358435679242,29.23062884573232,1728674
2023-07-05,29.239151000976562,29.366979784173726,29.17097304921514,29.358459165655383,1886994
2023-07-06,28.744873046875,29.00053388590545,28.64260936144361,29.00053388590545,2987812
2023-07-07,28.61704444885254,28.727828754285493,28.463647294202634,28.5233013820216,1371213
2023-07-10,28.625568389892578,28.787486182632588,28.48921570892616,28.617047769602827,1394770
2023-07-11,29.017581939697266,29.06019154295234,28.821575164000443,28.821575164000443,1463052
2023-07-12,29.205062866210938,29.205062866210938,29.017576744371034,29.04314510246978,1268191
2023-07-13,29.511859893798828,29.784565232188374,29.443681933749406,29.45220580420762,1824049
2023-07-14,29.878307342529297,29.903872451275003,29.580033653245582,29.648211611106074,2082307
2023-07-17,29.96352195739746,30.006131549093094,29.793080339711455,29.82716931342935,2409886
2023-07-18,29.895349502563477,30.168054810948462,29.80160644326169,29.99761318048192,1575484
2023-07-19,29.66525650024414,30.057270010511598,29.66525650024414,30.048746140212216,2030023
2023-07-20,29.759000778198242,29.82717874719742,29.665260947181107,29.665260947181107,1641757
2023-07-21,29.554471969604492,29.605605443925782,29.23915700521737,29.401074797544954,1850308
2023-07-24,29.69082260131836,29.74195607211103,29.45220623942745,29.55446993010868,1376043
2023-07-25,29.97205352783203,30.091364979443725,29.7590022405967,29.7590022405967,1890801
2023-07-26,30.02318000793457,30.08283409438122,29.895351215936277,29.972046540592917,1764004
2023-07-27,30.082836151123047,30.168058602519068,30.040226550877094,30.057271041156298,1248152
2023-07-28,30.159526824951172,30.219180899836715,29.946475628673298,30.023174189369463,1327975
2023-07-31,29.886829376220703,30.491894151799784,29.801610175766,30.423719441616846,2031902
2023-08-01,30.099878311157227,30.108402181088994,29.861261967529583,29.886827075517154,1174130
2023-08-02,29.554471969604492,30.1254478037894,29.49481787501515,30.09988269208092,5086854
2023-08-04,29.460725784301758,29.53742436224054,29.33289373743579,29.49481476358655,2648182
2023-08-07,29.759000778198242,29.82717874719742,29.48629540401051,29.48629540401051,2399250
2023-08-08,29.528902053833008,29.78456288203728,29.38402552561151,29.767518393369823,3569550
2023-08-09,29.520381927490234,29.656734603216815,29.40107374259251,29.52890579835677,2397874
2023-08-10,29.222108840942383,29.486290297804082,29.128365775254455,29.486290297804082,3906190
2023-08-11,29.188018798828125,29.452203496967705,29.162453691264357,29.452203496967705,2469978
2023-08-14,28.830097198486328,29.09427867237993,28.744874746501182,29.09427867237993,6197753
2023-08-15,28.97496795654297,29.111320616890545,28.932358359728823,28.96644733754168,4965816
2023-08-16,28.879310607910156,28.896702942989368,28.696696065451523,28.853223763915704,3293715
2023-08-17,28.940183639526367,29.027145319482216,28.574954535458506,28.81844060483708,3260958
2023-08-18,28.73147964477539,29.061924046988405,28.679302641518735,28.94018102330481,2976519
2023-08-21,28.714092254638672,28.914099159022157,28.68800540714275,28.835835299285215,1501513
2023-08-22,28.853225708007812,28.957576408265368,28.801048699254558,28.905402716761063,1131756
2023-08-23,29.018447875976562,29.061927057904068,28.853225657752464,28.853225657752464,1624009
2023-08-24,29.427162170410156,29.488033694115334,29.288026785191285,29.392377494793127,2384197
2023-08-25,28.879310607910156,29.157581334680092,28.879310607910156,29.157581334680092,2747521
2023-08-28,28.992361068725586,29.096711768939798,28.879312541764964,28.879312541764964,1526494
2023-08-29,29.122800827026367,29.131495336193957,28.93148845285114,29.044536975522757,1618117
2023-08-30,29.279329299926758,29.38368332799771,29.23585011352184,29.357593162355325,1356211
2023-08-31,29.0880184173584,29.2358483054425,29.070626080422194,29.2358483054425,2099600
2023-09-01,29.0880184173584,29.209761458662737,29.06192825332955,29.079320590265755,1320795
2023-09-04,29.25324058532715,29.27063292222943,29.009754503193335,29.08801836062907,1740839
2023-09-05,29.218456268310547,29.2445464326071,29.140192409919127,29.2445464326071,1342498
2023-09-06,29.192367553710938,29.261936897718954,29.13149603632837,29.21845439908949,1830979
2023-09-07,28.948884963989258,29.035843337203232,28.922794798225624,29.018450999110577,2119504
2023-09-08,28.888011932373047,28.914098779526583,28.74017872492171,28.74017872492171,2275671
2023-09-11,28.688003540039062,28.896704940921868,28.60104185863043,28.888010431405483,2725639
2023-09-12,28.914093017578125,28.94017985953312,28.68799931372173,28.792349998790183,1440189
2023-09-13,28.940183639526367,29.044537655473388,28.83583294082825,28.95757597551754,1254533
2023-09-14,29.32280921936035,29.331503728975374,29.07931982590282,29.09671216238186,1500024
2023-09-15,29.444551467895508,29.461943803908163,29.279325934399747,29.322808433055833,1369400
2023-09-18,29.183670043945312,29.27932290624886,29.183670043945312,29.27932290624886,2630643
2023-09-19,29.096710205078125,29.209758725962722,29.096710205078125,29.183671881623496,1214366
2023-09-20,28.922788619995117,29.09670864652111,28.905399602866254,29.08801413795668,1627671
2023-09-21,28.52277946472168,28.77496337784835,28.514084954760023,28.77496337784835,3161339
2023-09-22,28.53147315979004,28.566254511848495,28.392337799810285,28.461903821175838,1591600
2023-09-25,28.73147964477539,28.783653330783444,28.566254126420283,28.566254126420283,1344916
2023-09-26,28.38364028930664,28.627126342665083,28.38364028930664,28.583647164172316,2262999
2023-09-27,28.36625099182129,28.44451484838797,28.287987135254607,28.348858655112135,1606422
2023-09-28,28.514080047607422,28.60973622696925,28.366246865707723,28.557559224431376,1890449
2023-10-02,28.818443298339844,28.88801264880679,28.66191557703842,28.66191557703842,1650513
2023-10-03,28.644519805908203,28.827137670369602,28.63582529676662,28.72278365717771,2045461
2023-10-04,28.305381774902344,28.514086515143486,28.209725573843876,28.514086515143486,2002047
2023-10-05,28.705392837524414,28.740177510425294,28.45321225211553,28.54886844396845,1452134
2023-10-06,28.861921310424805,28.88801147441386,28.783657452955776,28.792355280035157,2667981
2023-10-11,29.22714614868164,29.253232988636107,29.131489979184305,29.15757681913877,3035500
2023-10-12,29.392372131347656,29.40106995728938,29.235844436883045,29.235844436883045,1727549
2023-10-13,29.314111709594727,29.374983229305325,29.21845551654978,29.29671937292755,1297211
2023-10-16,29.157583236694336,29.157583236694336,29.06192704614317,29.13149639099818,1393953
2023-10-17,29.11410903930664,29.279331285750985,29.088022189144247,29.244549924617633,1180381
2023-10-18,28.774959564208984,29.04453577878028,28.740174894474233,29.04453577878028,2711487
2023-10-19,28.783658981323242,28.809749146697648,28.65322142344822,28.705395119698526,1114454
2023-10-20,28.748870849609375,28.80974235905944,28.444509985110564,28.696693848402827,2030451
2023-10-23,28.453210830688477,28.63582537842179,28.427120668691703,28.59234619809226,1471075
2023-10-24,28.487993240356445,28.51408340332011,28.244507167688536,28.444514058415596,2186015
2023-10-25,28.557565689086914,28.696701076769155,28.548871178653346,28.56626019952048,1092001
2023-10-26,28.070592880249023,28.192335941553758,28.00102683832473,28.122769899629464,3215395
2023-10-27,28.166242599487305,28.279291123467715,28.131457927916586,28.17494042600442,1555451
2023-10-30,28.114072799682617,28.296687374825012,28.070590295577865,28.26190269844094,2176262
2023-10-31,27.94015121459961,28.218421976030957,27.92275887735401,28.174942791541522,1971671
2023-11-01,28.0271053314209,28.11406700445544,27.92275464102809,28.08797684392076,1473285
2023-11-02,28.679304122924805,28.679304122924805,28.435818062980537,28.435818062980537,1499739
2023-11-03,28.861921310424805,28.905403811323545,28.74887609638549,28.766268433295174,2262933
2023-11-06,29.148887634277344,29.270630665959924,29.08801611843605,29.08801611843605,2527461
2023-11-07,29.11410903930664,29.140195889469034,29.001060493187083,29.061932021732343,1493894
2023-11-08,29.24454689025879,29.331505259943807,29.131498355868935,29.14019286593777,1914177
2023-11-09,29.279329299926758,29.305419465569138,29.19237092711692,29.23585011352184,2323277
2023-11-10,29.157583236694336,29.209760245335595,29.105409545302024,29.209760245335595,3236269
2023-11-13,29.488027572631836,29.670642105838027,29.43585057003783,29.661947597363305,3849078
2023-11-14,29.601078033447266,29.653251722224688,29.531508692078997,29.618470368789332,3748669
2023-11-15,29.983701705932617,30.04457322556662,29.844566330019315,29.983701705932617,6062460
2023-11-16,29.91269302368164,30.063586285614182,29.87718753170101,30.063586285614182,4159805
2023-11-17,29.99258041381836,30.090218829389464,29.939322172782227,29.939322172782227,4560321
2023-11-20,29.97482681274414,30.028085052262806,29.894941146461232,30.028085052262806,1973588
2023-11-21,30.35649871826172,30.40087888615304,30.187849339889024,30.187849339889024,3421057
2023-11-22,30.152347564697266,30.232233222165302,30.107964010334065,30.178974988523343,2306033
2023-11-23,30.107967376708984,30.187853043109047,30.00145428350563,30.134598189502462,2589883
2023-11-24,30.12572479248047,30.196735789615616,30.107972043196686,30.187857721978368,1213862
2023-11-27,29.94819450378418,30.249984373211394,29.92156369537115,30.152345976339408,2743896
2023-11-28,30.152347564697266,30.24998596671262,29.992576249761193,30.00145092903995,2457558
2023-11-29,30.143474578857422,30.33875141579392,30.125721831318614,30.178980073935033,2077943
2023-11-30,30.223360061645508,30.223360061645508,30.045835973352908,30.178979886069946,1759943
2023-12-01,30.241113662719727,30.24999172967966,30.0813423173454,30.134600561133656,1553410
2023-12-04,30.205610275268555,30.347628882626626,30.134602664584865,30.312126770280123,2464774
2023-12-05,30.010330200195312,30.12571796540474,29.912691794256613,30.12571796540474,2841129
2023-12-06,30.143474578857422,30.223360249786865,30.036961479614956,30.036961479614956,1992940
2023-12-07,29.965946197509766,30.081337346989628,29.965946197509766,30.072462667486512,2265161
2023-12-08,30.152347564697266,30.267735325270138,30.125716754881385,30.196727733070663,1813758
2023-12-11,30.134599685668945,30.161227113794276,30.081341443427934,30.161227113794276,1568948
2023-12-12,30.17897605895996,30.31211995479252,30.143470568605956,30.285489144032052,1874983
2023-12-13,30.232234954833984,30.285489805538276,30.170102038352308,30.17897671813969,2488744
2023-12-14,30.5872802734375,30.613911085271805,30.463014438177613,30.56952752754465,2866884
2023-12-15,30.65829086303711,30.755929271198056,30.65829086303711,30.71154571404125,2973090
2023-12-18,30.693796157836914,30.693796157836918,30.480766597214306,30.587279684530614,1702262
2023-12-19,30.578405380249023,30.684918468873295,30.489641651403762,30.640538297445683,1722172
2023-12-20,30.72930145263672,30.747054200030497,30.6227883542644,30.6227883542644,2544124
2023-12-21,30.516277313232422,30.534030061823053,30.37425871049797,30.400886140388625,1437887
2023-12-22,30.578405380249023,30.622785551676632,30.51627246305236,30.57840538024902,1420196
2023-12-25,30.693796157836914,30.764803754051123,30.63165985541324,30.63165985541324,2082654
2023-12-26,30.90682601928711,30.91570408611668,30.70267450008217,30.729301928590083,2162594
2023-12-27,31.173107147216797,31.190859892997615,30.98670839550328,31.004461141284093,3014483
2023-12-28,31.208616256713867,31.288501928993465,31.110977836595417,31.244121752391564,2059179
2023-12-29,31.208616256713867,31.26187450023041,31.155358013197322,31.155358013197322,2387696
2024-01-02,31.022216796875,31.297375917311836,30.96895855453705,31.27962655585621,2231403
2024-01-03,30.5872802734375,30.835815329947337,30.525147355807558,30.835815329947337,4834054
2024-01-04,30.542905807495117,30.62279148594155,30.525153058285834,30.587285987522982,1349300
2024-01-05,30.42751121520996,30.640540795818584,30.42751121520996,30.551777059735695,1941789
2024-01-08,30.578405380249023,30.782556877608062,30.56065263447997,30.58728006013853,1849879
2024-01-09,30.542905807495117,30.8003155920437,30.542905807495117,30.755935412015834,1020180
2024-01-10,30.41863441467285,30.471892652610933,30.31212132478677,30.427509094667492,1051181
2024-01-11,30.60503387451172,30.6316613011,30.427509796612814,30.445262543001718,1174102
2024-01-12,30.516277313232422,30.58728492160436,30.347627894616735,30.45414438616051,1377542
2024-01-15,30.516277313232422,30.516277313232422,30.516277313232422,30.516277313232422,0
2024-01-16,30.276615142822266,30.48076663794717,30.161223989581234,30.48076663794717,2587004
2024-01-17,29.965946197509766,30.241108665964855,29.965946197509766,30.241108665964855,3956784
2024-01-18,30.08133888244629,30.14347180010926,30.010331284827206,30.090216948392463,1341733
2024-01-19,30.862443923950195,30.9068240973671,30.525148511199372,30.578406750893773,2812739
2024-01-22,31.110973358154297,31.457143426204393,31.03996576301092,31.084345933224274,1818663
2024-01-23,31.155353546142578,31.199737102371202,31.075467885316982,31.155353546142578,1366830
2024-01-24,31.181983947753906,31.244116862470428,31.164231202693486,31.208611372349587,1140115
2024-01-25,31.403888702392578,31.439390807111796,31.306250295937332,31.332877720974235,2578583
2024-01-26,31.42164421081543,31.44827163819382,31.34175854269001,31.37726065053111,4506278
2024-01-29,31.679046630859375,31.679046630859375,31.39500948756257,31.42164029761466,4314559
2024-01-30,31.64354705810547,31.670174484297227,31.572536073607306,31.634668992048145,2035710
2024-01-31,31.306251525878906,31.430517362253138,31.28849877982686,31.430517362253138,1295818
2024-02-01,31.306251525878906,31.359509764035046,31.16423294345263,31.306251525878906,1055608
2024-02-02,31.51040267944336,31.510402679443356,31.395011524370997,31.421642336150807,1666902
2024-02-05,31.563657760620117,31.563657760620117,31.306248050426834,31.40388644987875,1692548
2024-02-15,32.55778884887695,32.664301931044065,32.264873640430096,32.61104708295542,4879953
2024-02-16,32.495662689208984,32.61992854189582,32.45128251124805,32.5577956155524,1873858
2024-02-19,32.50453567504883,32.513413741772276,32.3713951481103,32.48678292759229,1512422
2024-02-20,32.64654541015625,32.68205089543501,32.41576652782317,32.41576652782317,2015463
2024-02-21,32.53116989135742,32.62880493359359,32.5222918237055,32.62880493359359,1254440
2024-02-22,32.788570404052734,32.824075896303796,32.65542988709641,32.81520121623608,2758931
2024-02-23,32.9749755859375,33.06373593875948,32.859584418476594,32.89508991400155,3629736
2024-02-26,33.037109375,33.045984056118364,32.824079782263695,32.96609838209106,2853612
2024-02-27,32.893428802490234,33.12690507955111,32.71382982175422,33.03710730196592,2033630
2024-02-29,33.02812194824219,33.08200266438928,32.77668545735297,32.79464569606867,1691513
2024-03-01,32.95628356933594,33.06404157328686,32.938323331083254,33.010160858528806,1018024
2024-03-04,33.59386444091797,33.6657054106704,33.243648277289815,33.243648277289815,2821200
2024-03-05,33.845298767089844,33.899179490875035,33.65672137219029,33.67468161345202,2147596
2024-03-06,34.033878326416016,34.033878326416016,33.54896210701529,33.620799643834495,2031785
2024-03-07,34.50981521606445,34.671453967589905,34.33919805637242,34.43797424846831,4315367
2024-03-08,34.83308792114258,35.24616315122506,34.59960823418089,35.12942330774422,3618188
2024-03-11,34.698387145996094,34.87798611109926,34.62654961529403,34.716347385062946,1691642
2024-03-12,35.08452606201172,35.102486302276446,34.66246897970464,34.66246897970464,2187478
2024-03-13,35.210243225097656,35.42576267601736,35.12044545212763,35.264123944218944,1665133
2024-03-14,35.20126724243164,35.29106502158628,34.99472960992342,35.210245650120825,1549856
2024-03-15,34.9498291015625,35.156370170313856,34.91391204338328,35.156370170313856,2087490
2024-03-18,35.210243225097656,35.210243225097656,34.9318680735513,34.94982488769294,1961350
2024-03-19,35.165340423583984,35.25513818655664,34.91390394680848,34.976763066002356,1902366
2024-03-20,35.03963088989258,35.38086863997757,34.99473199725227,35.30004926299865,1319717
2024-03-21,35.775978088378906,35.820876973987914,35.4437222241938,35.46168246355048,3143503
2024-03-22,35.81189727783203,35.883734807107146,35.56943919359364,35.77597680041184,2404298
2024-03-25,35.78495788574219,35.86577725320489,35.65026122368137,35.81189995860677,1276425
2024-03-26,35.76700210571289,36.13517847356576,35.47066327459038,35.90169877166942,1521218
2024-03-27,35.89271926879883,35.95557839610668,35.632300926771705,35.767001014183116,754918
2024-03-28,35.91965866088867,35.91965866088867,35.578420944451864,35.82986088446269,816500
2024-03-29,36.018436431884766,36.054356910847986,35.84781586959218,35.90169658803701,792000
2024-04-01,35.874759674072266,36.215997389571164,35.874759674072266,36.09925754008578,1879809
2024-04-02,36.35069274902344,36.3686529887277,36.0812960045904,36.0812960045904,1026908
2024-04-03,36.08129119873047,36.242929908973856,35.955572963111166,36.15312872241364,1085450
2024-04-08,36.31477737426758,36.413556993743434,36.09926131865292,36.09926131865292,1321650
2024-04-09,36.89846420288086,36.93438467852425,36.368649176618625,36.368649176618625,1873250
2024-04-10,36.844581604003906,36.99724190489385,36.82662136710127,36.898462314711814,1390441
2024-04-11,36.718868255615234,36.76376714106184,36.56621135998371,36.70090801632352,1457854
2024-04-12,36.6380500793457,36.78172857277195,36.593151192443536,36.67397055909364,958676
2024-04-15,36.25191116333008,36.33273052480213,36.14415315655577,36.32375211822313,1437856
2024-04-16,35.21922302246094,35.82985743495263,34.97676493877466,35.8208756028354,2998120
2024-04-17,35.560462951660156,35.677202808844974,35.25514569672234,35.32698666285632,1346569
2024-04-18,35.85679626464844,35.85679626464844,35.29106073313654,35.407800572304296,729235
2024-04-19,34.4738883972168,35.17432057473583,33.99795406383235,35.17432057473583,4965628
2024-04-22,34.357154846191406,34.61757321517766,34.231436578561045,34.33021619614658,2047796
2024-04-23,34.6804313659668,34.824109871409725,34.55471310189995,34.76125073937631,1132029
2024-04-24,35.614341735839844,35.650262216949734,35.138407350613456,35.138407350613456,925493
2024-04-25,35.0126838684082,35.228199871781364,34.922882679031794,35.156362345845345,864894
2024-04-26,35.57841491699219,35.71311498437676,35.4167762063567,35.470656918423536,918276
2024-04-29,36.018436431884766,36.269872933496465,35.91965682751862,36.02741483884286,1764310
2024-04-30,36.08129119873047,36.27885038359795,36.08129119873047,36.15312872241364,565579
2024-05-02,35.72209930419922,35.820878913225904,35.60536288040912,35.69516065648851,1109115
2024-05-03,35.847816467285156,36.28783377800748,35.784957340834175,36.28783377800748,1004222
2024-05-06,36.48539733886719,36.65601449877557,36.28783810329315,36.35967907098039,1775601
2024-05-07,36.61111068725586,36.68294821972429,36.440493550273594,36.68294821972429,881548
2024-05-08,36.74580383300781,36.74580383300781,36.51232759284461,36.61110718791696,771901
2024-05-09,36.70989227294922,36.88949125216112,36.664993384537645,36.73683092088304,896684
2024-05-10,36.98826217651367,37.069081534387806,36.70988705260897,36.80866664840681,1203026
2024-05-13,37.212764739990234,37.35644323606875,37.09602831700276,37.221746572875766,1242059
2024-05-14,37.41929626464844,37.42827809606993,37.16785979388665,37.21275867429912,782199
2024-05-15,37.850337982177734,38.11973471067288,37.53603894429568,37.53603894429568,1212060
2024-05-16,38.137699127197266,38.47893342207529,38.04789792415123,38.30831627463628,1848601
2024-05-17,38.0285530090332,38.174081889178986,37.98307241487087,38.101315714265,1214522
2024-05-20,38.01945877075195,38.06493589914164,37.71020944014661,38.03765031604433,1171286
2024-05-21,37.901206970214844,38.01035621751645,37.74658407439347,37.928496016881105,685484
2024-05-22,38.528804779052734,38.56518786316818,38.05583509459767,38.05583509459767,875510
2024-05-23,38.73800277709961,38.774385861655446,38.47423061859266,38.55609082400233,1016117
2024-05-24,38.6379508972168,38.71071706607951,38.392370281827986,38.43784740252623,791989
2024-05-27,39.274635314941406,39.34739800359706,38.974480116323164,39.074531849195914,1480560
2024-05-28,39.36559295654297,39.3837844977046,39.22916160235323,39.22916160235323,814766
2024-05-29,38.8835334777832,39.247357401120674,38.85624789792162,39.247357401120674,1280947
2024-05-30,38.19227600097656,38.47423627352194,38.15589291107315,38.37418451112877,1714181
2024-05-31,37.92850112915039,38.428756436158025,37.92850112915039,38.274133519495486,1589385
2024-06-03,38.60157012939453,38.70162188274425,38.08312328902061,38.08312328902061,1414783
2024-06-04,38.0285530090332,38.428756562013554,37.928501253367564,38.428756562013554,1195311
2024-06-05,38.310508728027344,38.35598584712463,37.846636561744205,38.11040871006294,690323
2024-06-06,39.22007369995117,39.32922297364616,38.97449303866128,39.074544804707074,2177401
2024-06-07,39.0108642578125,39.1109159934098,38.94719560237449,39.1109159934098,764859
2024-06-11,39.129112243652344,39.311024196664924,39.04725203828078,39.04725203828078,1540839
2024-06-12,39.574790954589844,39.59298249597176,39.12911033461892,39.15639591185093,1031642
2024-06-13,40.14781951904297,40.475260382907805,39.92952792292132,40.05686526560601,1332477
2024-06-14,40.35700988769531,40.4115845118439,40.00228350493386,40.12962082493215,948685
2024-06-17,40.402488708496094,40.47525487709323,40.193291178302154,40.33882004581454,1132462
2024-06-18,40.911842346191406,40.93003388872601,40.68445326903182,40.68445326903182,1925563
2024-06-19,42.00331115722656,42.09426540140151,41.1756150443793,41.1756150443793,1441178
2024-06-20,42.47627639770508,42.47627639770508,41.97602116793535,42.00330674438483,1157541
2024-06-21,42.167030334472656,42.385321901956345,41.921449718792076,42.03969300849352,1402372
2024-06-24,41.40300750732422,41.948739956326904,41.357530381521045,41.948739956326904,1939926
2024-06-25,41.38481521606445,41.42119830392319,40.784508145124214,41.18471170252363,1598203
2024-06-26,41.657684326171875,41.83959630840578,41.38481808766224,41.54853852470451,1306937
2024-06-27,41.484867095947266,41.5758213461818,41.048280449393474,41.17561778759472,1227064
2024-06-28,41.848690032958984,42.02150797614492,41.49396357858304,41.5212526310075,858937
2024-07-01,41.83049774169922,42.06698086422175,41.748637532041016,41.85778332169125,1035971
2024-07-02,41.5212516784668,41.830500997950736,41.35753124640575,41.78502040151416,1151820
2024-07-03,42.00331115722656,42.02150269999795,41.721347448793004,41.957834035139086,1089190
2024-07-04,42.7491455078125,42.8582912907896,42.60361664061573,42.63090221893954,1664574
2024-07-05,42.71276092529297,42.931055953271596,42.69456938382127,42.77642958560303,1084897
2024-07-08,43.6587028503418,43.69508593544075,42.70366941942696,42.76733808350915,1713623
2024-07-09,43.62232208251953,44.02252910050366,43.24031007773339,43.658705169551205,1536102
2024-07-10,43.80423355102539,43.81332758783906,43.303978253902905,43.622321587613,1047717
2024-07-11,44.46820831298828,44.577354100818205,44.104387863661174,44.158959022735125,1999373
2024-07-12,43.540462493896484,43.877000849226654,43.52227095012062,43.758757549524645,2533160
2024-07-15,43.61322784423828,43.904285599783556,43.45860145990865,43.895188093226565,1449489
2024-07-16,43.66779327392578,44.05890273217625,43.485884802845106,43.485884802845106,1581800
2024-07-17,43.30397415161133,43.66779457428839,43.24939952685297,43.61322341921181,2198573
2024-07-18,42.6400032043457,42.73095745263503,42.203416567129054,42.576334536606744,2646826
2024-07-19,41.78501510620117,42.494471378452175,41.74863549121752,42.385322124455456,2483171
2024-07-22,40.67536163330078,41.757732455377386,40.384303874932584,41.757732455377386,3659382
2024-07-23,41.56672668457031,41.57582072158425,41.075565413445226,41.075565413445226,1099826
2024-07-26,40.484352111816406,40.484352111816406,40.02047989424778,40.420683444104675,2441540
2024-07-29,40.53892517089844,41.15742375013245,40.5207336280172,40.829982917634204,1073730
2024-07-30,40.60258865356445,40.72083193235874,39.91132746072117,40.27514786286126,1456974
2024-07-31,40.666259765625,40.8390776765297,40.24786471654947,40.34791646082444,1439671
2024-08-01,41.275665283203125,41.4484797286796,41.030084669305886,41.38481106615238,874097
2024-08-02,39.55660629272461,40.29334469895064,39.55660629272461,40.275153156000584,3789904
2024-08-05,36.06391143798828,37.86483263320847,36.06391143798828,37.86483263320847,7215968
2024-08-06,37.519203186035156,38.19227647894189,36.15486852472479,37.219047895099294,5019915
2024-08-07,38.84714889526367,39.01086930749142,37.755680636972684,37.755680636972684,2723882
2024-08-08,38.21955490112305,38.62885591676675,37.883020052563474,38.183171817580984,1709182
2024-08-09,39.13821029663086,39.53841732826746,38.9472042877219,39.010872957358224,1382055
2024-08-12,39.793087005615234,40.09324224161916,39.52931485331152,39.52931485331152,1018106
2024-08-13,39.8658561706543,40.16600795954574,39.75670691134641,40.15691392277779,751082
2024-08-14,40.35700988769531,40.56620740907561,40.22967256769702,40.45706163046018,1094149
2024-08-15,40.12052536010742,40.5207288472311,40.047759197167686,40.38429749624153,966381
2024-08-16,40.923126220703125,41.02460432710155,40.72939720984055,40.867773566536776,1323650
2024-08-19,40.94157791137695,41.15375781113849,40.895452458236875,40.969252479431695,813298
2024-08-20,40.978477478027344,41.28291181298948,40.94157922581856,41.15375913239219,749941
2024-08-21,40.683265686035156,40.932347335436944,40.61868935313242,40.932347335436944,688837
2024-08-22,40.49876403808594,40.83086938603395,40.434187704944975,40.68326583611943,540703
2024-08-23,40.54488754272461,40.591012990020424,40.12975147877019,40.29580590435196,817296
2024-08-26,40.77552032470703,41.181429207886474,40.664818541866495,40.84009665795953,932429
2024-08-27,40.489540100097656,40.63714366190883,40.33271285529989,40.60946909380252,643984
2024-08-28,40.91389846801758,40.91389846801758,40.3880605775282,40.70171857528909,759784
2024-08-29,40.59101867675781,40.74784592336403,40.203560642215464,40.42496422791208,816250
2024-08-30,40.747840881347656,40.83086809549698,40.6279154202456,40.72939351744435,405206
2024-09-02,40.69248580932617,40.996916537322555,40.56333316598555,40.79396389170683,669235
2024-09-03,40.480308532714844,40.79396648036537,40.397281325420714,40.72016295426133,553704
2024-09-04,38.7459716796875,39.262585902309404,38.284710112072176,39.262585902309404,2851757
2024-09-05,38.893577575683594,39.41941551280404,38.7459740059506,39.02273025930663,1111867
2024-09-06,39.354835510253906,39.39173727904127,38.72751951745418,39.004275745066685,1129538
2024-09-09,38.80132293701172,38.82899750394488,38.28470873299904,38.51533950849904,1626525
2024-09-10,38.792091369628906,39.308705515502105,38.55223693852639,39.308705515502105,1288718
2024-09-11,38.681392669677734,38.85667078637078,38.64449090222249,38.7736435691696,918390
2024-09-12,39.74229431152344,39.880670656241655,39.39173457044092,39.50243635004472,790678
2024-09-13,39.87145233154297,39.96370324041699,39.68694699464833,39.96370324041699,591446
2024-09-16,40.08362579345703,40.08362579345703,39.80686959217949,39.87144592183938,971003
2024-09-18,39.74229431152344,40.0836268514704,39.557788999419685,40.0836268514704,875187
2024-09-19,40.194332122802734,40.26813566171408,39.61314157088836,39.61314157088836,739839
2024-09-20,40.58179473876953,40.92312731741004,40.58179473876953,40.8031983230755,637819
2024-09-23,40.803199768066406,40.867776109038076,40.61869442851307,40.775525198834735,649453
2024-09-24,41.0984001159668,41.13530188161218,40.63713860283777,40.80319302909591,765601
2024-09-25,41.59656524658203,41.76261968023276,41.51353802975667,41.531988913400774,3645936
2024-09-26,41.88255310058594,42.18698391509372,41.85487501261498,42.00247857825591,1718753
2024-09-27,41.91022491455078,42.34381189974693,41.88255034754553,42.11318112364623,1368862
2024-09-30,40.96924591064453,41.73494168275894,40.96924591064453,41.73494168275894,1867287
2024-10-01,41.052276611328125,41.12608014611172,40.913896743182015,41.10762926241582,794424
2024-10-04,41.00614929199219,41.29212917837381,40.84931854730085,41.00614929199219,993554
2024-10-07,41.69804382324219,41.790294723369996,41.1537550665371,41.1537550665371,1370014
2024-10-08,41.55966567993164,41.55966567993164,41.14452957382284,41.513540227952085,1147350
2024-10-09,41.808746337890625,42.02092622720973,41.74417000284335,41.790295453713355,754975
2024-10-11,42.186981201171875,42.371486526140316,41.80874686860245,41.80874686860245,1277583
2024-10-14,42.28845977783203,42.37148699903715,42.02092722959926,42.37148699903715,1128587
2024-10-15,42.94345474243164,42.99880740195123,42.38994222382275,42.38994222382275,1041003
2024-10-16,42.46373748779297,42.832748138240305,42.168530375093646,42.343812017672,1472303
2024-10-17,42.66669464111328,42.758945546192244,42.362260319889096,42.49141651380467,632912
2024-10-18,43.294010162353516,43.68146818230334,43.18330837367448,43.51541373971158,1599802
2024-10-21,43.31245803833008,43.690692349260615,43.294007154974175,43.47851246938701,862800
2024-10-22,43.27555465698242,43.312456422317396,42.897320360164024,43.18330376279102,989713
2024-10-23,43.174076080322266,43.2663304926307,43.026472539774765,43.2663304926307,2526974
2024-10-24,42.86042022705078,43.1740782060508,42.83274566156866,43.00802377486572,1186644
2024-10-25,43.22020721435547,43.22020721435547,42.85120007400118,42.85120007400118,478912
2024-10-28,43.21098709106445,43.52464512173428,42.99880717607409,43.35859066319456,1546483
2024-10-29,42.29767990112305,42.78661950447292,42.085500024597906,42.78661950447292,2579011
2024-10-30,42.37148666381836,42.71281922867392,42.27923576060758,42.45451388436662,717957
2024-11-01,42.04859924316406,42.131622933231945,41.0522727325986,41.33825612414518,3308052
2024-11-04,42.58366775512695,42.6205695251085,42.15930795777864,42.26078606565464,1175676
2024-11-05,42.67591857910156,42.93422744933057,42.279236869573296,42.389938660159174,2436491
2024-11-06,42.915775299072266,43.358585967506684,42.68514452264935,42.68514452264935,1820242
2024-11-07,43.377037048339844,43.478515153488864,42.80507370558203,42.86965004174115,1286001
2024-11-08,43.57999038696289,43.80139394802024,43.50618685384634,43.773719382674614,1178887
2024-11-11,43.53385925292969,43.57998821840521,43.137174080032814,43.57998821840521,1457489
2024-11-12,42.62978744506836,43.04492350337384,42.62978744506836,42.91577084504458,2361051
2024-11-13,42.500633239746094,42.85119295612681,42.445280594271495,42.85119295612681,1370235
2024-11-14,42.16852951049805,42.500638385262036,42.020925957174754,42.500638385262036,1210605
2024-11-15,42.29767990112305,42.58366330990708,42.140852673792075,42.58366330990708,941330
2024-11-18,41.93272399902344,42.54098496281851,41.829786594599575,42.54098496281851,2108116
2024-11-19,42.39126205444336,42.51291568443552,41.95144343328535,42.08245338723682,885043
2024-11-20,42.19474792480469,42.19474792480469,42.19474792480469,42.19474792480469,8364
2024-11-21,41.895294189453125,42.03566046538444,41.70813558512458,41.904650513280494,1741087
2024-11-22,42.512916564941406,42.550349001060965,42.278969193824516,42.36319039021674,564748
2024-11-25,42.54098892211914,42.971451226361026,42.45676772609324,42.8965899242011,1443218
2024-11-26,41.979515075683594,42.176030002401305,41.848505124538455,42.176030002401305,1952959
2024-11-27,41.455474853515625,41.97951826769651,41.408686091656584,41.8765808497544,1571215
2024-11-28,41.25895690917969,41.44611551274883,40.98757711249209,41.43675561920598,2299761
2024-11-29,41.36189270019531,41.474186430038806,40.78170426462507,41.034364264334606,614297
2024-12-02,42.10116958618164,42.11052591013679,41.53969376552771,41.53969376552771,1166580
2024-12-03,42.522274017333984,42.6907164145877,42.456769037263506,42.60649521596084,866231
2024-12-04,42.77493667602539,42.77493667602539,42.53163297963058,42.66264293690114,641005
2024-12-05,42.90594482421875,43.02759845216358,42.79365108982923,42.971449800092095,386528
2024-12-06,42.887229919433594,42.97144753847822,42.671995216030886,42.905942566052445,799016
2024-12-09,42.90594482421875,42.971449800092095,42.774934872472066,42.90594482421875,877465
2024-12-10,42.69071578979492,42.97145192452455,42.62521081068313,42.90594694541276,552054
2024-12-11,42.38190460205078,42.65328439644097,42.307039733355516,42.391260925760974,733514
2024-12-12,42.700077056884766,42.88723567597404,42.57842341901368,42.57842341901368,475839
2024-12-13,42.69071578979492,42.79365320547163,42.50355717672396,42.70007568381296,470466
2024-12-16,42.64392852783203,43.09310707313808,42.49420234606335,42.99952954819031,2073303
2024-12-17,42.71879196166992,42.93402311758791,42.70007574336136,42.86851813838477,472929
2024-12-18,42.784297943115234,42.91530790459049,42.522274450411,42.718792962377606,1050071
2024-12-19,42.3725471496582,42.391263367910256,42.11988355788595,42.12924345188879,1228371
2024-12-20,42.11052703857422,42.344474411010744,41.932728320633764,42.29768565047416,819766
2024-12-23,42.877872467041016,42.91530490191596,42.37254530548972,42.39126152292719,1512268
2024-12-24,42.95274353027344,43.186690927345175,42.95274353027344,43.09310982666409,641776
2024-12-25,43.08374786376953,43.18668527617191,42.97145055764684,43.18668527617191,383512
2024-12-26,43.10246276855469,43.13989163303532,43.03695779352182,43.13989163303532,578157
2024-12-27,43.139896392822266,43.18668872565429,42.94338144604144,43.036962541951695,640501
2024-12-30,43.01824188232422,43.16796805057172,42.94337701332375,43.0650306405728,730416
2024-12-31,42.77493667602539,42.803012788121656,42.57842174011955,42.803012788121656,965826
2025-01-02,42.26960754394531,42.69071350841276,42.138597592722874,42.68135718464835,1507301
2025-01-03,42.569061279296875,42.74685997977891,42.43804776500388,42.68135500750904,774185
2025-01-06,43.51421356201172,43.635867201608626,43.03696246782972,43.03696246782972,2384699
2025-01-07,43.888526916503906,44.159903145744885,43.851094481521194,44.103758063024294,2176545
2025-01-08,43.607791900634766,43.832382964863996,43.54228691726663,43.607791900634766,1840606
2025-01-09,43.036964416503906,43.60779306252779,42.971455861636485,43.60779306252779,1993132
2025-01-10,42.980812072753906,43.07438959496604,42.77493724018283,42.980812072753906,2826573
2025-01-13,42.007591247558594,42.8591595733591,41.90465382854638,42.8591595733591,2881626
2025-01-14,42.25089645385742,42.36319019193694,42.00758918997264,42.03566173205412,1832104
2025-01-15,41.91401290893555,42.31640268284903,41.8765804718846,42.31640268284903,2093417
2025-01-16,42.62520980834961,42.905945936477714,42.58777737266492,42.60649359050726,1531025
2025-01-17,42.73750305175781,42.831084139888084,42.42869438531168,42.75621926938387,1275624
2025-01-20,43.11181640625,43.13988894529983,42.93401770934578,42.93401770934578,1098906
2025-01-21,43.242828369140625,43.317693236443276,42.83108230823608,42.95273593272622,815216
2025-01-22,43.64522171020508,43.69201047125581,43.504855427052874,43.514211751361564,1287883
2025-02-03,42.11052703857422,42.42869560787803,41.68006473003188,42.26960953834932,8073616
2025-02-04,42.17603302001953,42.55035025271888,42.16667669559121,42.344475417758865,1380818
2025-02-05,42.859161376953125,43.0369636790033,42.700078864333385,42.700078864333385,1157892
2025-02-06,43.139896392822266,43.23347748873252,43.008886428301714,43.20540137508254,1573014
2025-02-07,43.2802619934082,43.29897821074874,43.10246328330328,43.139892148230906,1160586
2025-02-10,43.04631805419922,43.11182303522313,42.90594819786012,42.95274052980897,1421080
2025-02-11,43.26154327392578,43.467418083010934,43.17732208564124,43.317691922699886,1151280
2025-02-12,43.139896392822266,43.53292985613771,43.12118374339401,43.41127621633129,708333
2025-02-13,43.2802619934082,43.32705075188282,43.0088821966006,43.139892148230906,566050
2025-02-14,42.962093353271484,43.14925195655374,42.934020812192855,42.952737029496426,1196674
2025-02-17,43.57036209106445,43.58907831015911,43.18668852400837,43.280266049727885,1261134
2025-02-18,43.663936614990234,43.663936614990234,43.504854118252844,43.60778796156634,566944
2025-02-19,43.61714553833008,43.748155486272815,43.5609968878889,43.63586175514381,1198514
2025-02-20,43.57036209106445,43.64522339768931,43.3738435754474,43.60779095949999,1892520
2025-02-21,43.79817581176758,43.826652010882526,43.49441761759718,43.57035897668143,1306860
2025-02-24,43.57036209106445,43.61782363334298,43.3994976419949,43.47543538542383,730063
2025-02-25,43.19065856933594,43.35202852257394,42.94385639935921,43.35202852257394,1145081
2025-02-26,43.42797088623047,43.456447085441994,42.88690137471164,43.038780472311956,1505952
2025-02-27,42.91537857055664,43.48492791559708,42.87740789000393,43.427971894768014,2423836
2025-03-03,42.127506256103516,42.50720219289199,42.051564896095805,42.47872599343078,3816019
2025-03-04,41.95663833618164,42.051561407232505,41.51049193585987,41.576938809812084,1809463
2025-03-05,42.44075393676758,42.47872461553977,42.24141330483843,42.30786018214815,1010087
2025-03-06,42.26988983154297,42.488215804553214,42.26988983154297,42.478724945328096,1258567
2025-03-07,41.8712043762207,42.09902118566759,41.83323370095192,41.93765124739962,933153
2025-03-10,41.747806549072266,41.909180127970394,41.57694211074875,41.909180127970394,1860793
2025-03-11,41.00739669799805,41.1307995979336,40.43784735904551,40.72262383906346,3711474
2025-03-12,41.18775177001953,41.53897150673328,41.02638181191006,41.02638181191006,2933864
2025-03-13,40.95993423461914,41.757300394303634,40.95043975425487,41.69084989500359,826684
2025-03-14,40.88399124145508,40.988408794787645,40.75109749033477,40.959932596999906,1726476
2025-03-17,41.178260803222656,41.44404831992572,41.08333410362632,41.15927546330339,1278742
2025-03-18,41.44404983520508,41.59592893902889,41.30166159114624,41.434558975440105,469403
2025-03-19,40.98841094970703,41.548465802503394,40.95044026993835,41.444048243681195,859785
2025-03-20,41.5864372253418,41.62440428470555,41.35861676374234,41.425063643983144,999699
2025-03-21,41.36811065673828,41.57694215406421,41.301660156358054,41.57694215406421,317446
2025-03-24,41.18775177001953,41.662374405988565,41.17826091057682,41.662374405988565,443243
2025-03-25,41.52947998046875,41.70034441636077,41.406077083194894,41.61491219841476,450756
2025-03-26,41.56745147705078,41.69085075566749,41.444048577350706,41.58643681708797,654470
2025-03-27,40.92196273803711,41.102318029440106,40.83653052188133,41.102318029440106,772285
2025-03-28,40.409366607666016,40.69413943452309,40.20053151146545,40.69413943452309,2467607
2025-03-31,38.91905212402344,39.49809225938828,38.91905212402344,39.49809225938828,3539628
2025-04-01,39.76388168334961,39.7923578812008,39.20382685874962,39.20382685874962,795072
2025-04-02,39.77337646484375,39.944240895412364,39.706929588631866,39.77337646484375,588943
2025-04-07,35.79603958129883,35.79603958129883,35.79603958129883,35.79603958129883,1921463
2025-04-08,34.343692779541016,35.273952672265246,33.05271868479452,33.05271868479452,6601934
2025-04-09,32.502159118652344,34.36267894905896,32.27433866421653,33.92602700089719,3857964
2025-04-10,35.748573303222656,35.748573303222656,35.748573303222656,35.748573303222656,1251897
2025-04-11,36.66934585571289,36.68833119567484,34.48608245525542,35.43532772685287,3789734
2025-04-14,36.73579406738281,37.779962455576886,36.73579406738281,37.12498449800971,2465318
2025-04-15,37.27686309814453,37.30533929819357,36.73579357071228,36.73579357071228,1050493
2025-04-16,36.72629928588867,36.99209043173676,36.536453123104465,36.99209043173676,1383735
2025-04-17,36.37507629394531,36.54594072207282,35.995376760087936,36.54594072207282,930085
2025-04-18,36.479496002197266,36.65036044042028,36.3560931032399,36.61238976057442,1009342
2025-04-21,36.061832427978516,36.479499078251756,35.97640020166312,36.479499078251756,898392
2025-04-22,35.454307556152344,35.9289301666555,35.425831358268766,35.59669578773655,1018638
2025-04-23,36.74528503417969,36.830717256814076,36.36558908331399,36.41305062453677,603115
2025-04-24,36.49848175048828,36.94462456987714,36.4510202106916,36.94462456987714,616374
2025-04-25,37.37178421020508,37.49518710572215,37.314831813107375,37.352798870811434,720660
2025-04-28,37.56163787841797,37.68504078673264,37.4951909941909,37.56163787841797,928804
2025-04-29,37.78945541381836,37.84640781239169,37.495188077217286,37.552144096873946,689732
2025-04-30,37.8369140625,38.017269346009805,37.76097270875921,37.798943385629606,672159
2025-05-02,38.662757873535156,38.662757873535156,38.30204367139064,38.30204367139064,1246767
2025-05-05,38.2735710144043,38.90007278078863,37.903365918961306,38.833625898072384,3289922
2025-05-06,38.245094299316406,38.46342028546048,37.92235074999833,38.0172738322928,907861
2025-05-07,38.169151306152344,38.69123547863716,38.131180626423145,38.3779864235796,1040924
2025-05-08,38.63428497314453,38.76717873762498,38.41595898562902,38.41595898562902,718183
2025-05-09,39.013980865478516,39.013980865478516,38.58682337204701,38.63428491341901,867203
2025-05-12,39.412662506103516,39.488600241775266,39.26078341367681,39.33672114934856,983637
2025-05-13,39.87779235839844,40.29546259635684,39.858810639476104,40.124598157389016,1112778
2025-05-14,40.599220275878906,40.656176295168706,40.33343276135978,40.34292362069976,1504365
2025-05-15,40.580238342285156,40.68465590920593,40.43785009265071,40.608714543778596,804710
2025-05-16,40.722625732421875,40.81754881611897,40.45683458011965,40.58023748579269,758139
2025-05-19,40.153072357177734,40.61820411144448,40.115101679057354,40.61820411144448,1716183
2025-05-20,40.25748825073242,40.58023175927524,40.191041377304465,40.41886181554534,1118377
2025-05-21,40.741607666015625,40.76059300707134,40.34292636709619,40.34292636709619,1521100
2025-05-22,40.33727264404297,40.49130503623945,40.21212017775147,40.49130503623945,1854387
2025-05-23,40.1832389831543,40.68384148767109,40.12547546074615,40.60682713021535,612434
2025-05-26,40.21211624145508,40.3180141893031,40.07733837052907,40.202487152148045,1905570
2025-05-27,39.759647369384766,40.183239191059236,39.71151293667316,40.183239191059236,692131
2025-05-28,39.95219039916992,40.2698842783596,39.71151455339179,40.10622279357105,491175
2025-05-29,39.9714469909668,40.33727532389589,39.952192481610304,40.33727532389589,478663
2025-06-02,39.32643127441406,39.605616133655325,39.05687550544839,39.605616133655325,1598092
2025-06-03,39.55747985839844,39.83666470464545,39.451581904827385,39.69225773660824,491536
2025-06-04,40.24100112915039,40.3180191634223,39.942565427401746,39.99069986261069,601842
2025-06-05,40.35652160644531,40.51055766391372,40.327641681880856,40.3372707716835,721261
2025-06-06,40.43354034423828,40.46242026930919,40.31801697153285,40.35652231415346,599001
2025-06-09,40.64533615112305,40.751234106009306,40.568318121234206,40.654961568648254,636852
2025-06-10,41.42512512207031,41.47326322884036,40.82825005682552,40.82825005682552,2705945
2025-06-11,41.64654541015625,41.75244336651079,41.386618736732,41.511767528403865,1885626
2025-06-12,41.41550064086914,41.6369219818159,41.376991623550914,41.6369219818159,1598397
2025-06-13,41.14594268798828,41.34810950958191,40.92451768633222,41.10743367270707,1786191
2025-06-16,41.29034423828125,41.29034423828125,40.94377046026914,41.12668643889869,890995
2025-06-17,41.28071975708008,41.52139558922095,41.2614652498182,41.348108696285784,492611
2025-06-18,41.48289108276367,41.54065461082664,41.25184064293394,41.25184064293394,1149201
2025-06-19,41.136314392089844,41.473262773672474,41.10743446628232,41.473262773672474,549064
2025-06-20,41.01116180419922,41.155568777650956,40.7801150535827,41.13631426969594,388782
2025-06-23,40.75123596191406,40.75123596191406,40.38540764812498,40.45279659113587,654054
2025-06-24,41.50214385986328,41.55027829502893,41.136315542244716,41.136315542244716,916709
2025-06-25,41.858341217041016,41.87759572473151,41.65617439492355,41.65617439492355,1912432
2025-06-26,41.88722229003906,42.14715264234988,41.636921028048235,41.636921028048235,3052004
2025-06-27,41.96424102783203,42.060509898117495,41.800579541440335,41.88722299366606,1908760
2025-06-30,41.99311828613281,42.02200188332075,41.86796949719823,41.96423836136664,1124974
2025-07-01,42.214542388916016,42.609250633848845,42.099019009829384,42.099019009829384,1562056
2025-07-02,42.33969497680664,42.33969497680664,42.089393709349245,42.089393709349245,619273
2025-07-03,42.74403381347656,42.821048178311656,42.647761266905015,42.65739035777324,1391446
2025-07-04,42.45521545410156,42.86917818047853,42.41671011187855,42.744029391515646,485851
2025-07-07,42.27230453491211,42.45521685186423,42.147152069407035,42.44559143409702,1042062
2025-07-08,42.08938980102539,42.31081112117526,41.95461192549257,42.31081112117526,1764174
2025-07-09,42.5418586730957,42.5418586730957,42.050881592479364,42.08939060691799,761193
2025-07-10,42.975074768066406,42.984703857632304,42.54185754814201,42.54185754814201,1374462
2025-07-11,43.138736724853516,43.215751080140066,42.859551883043686,42.936566238330236,782214
2025-07-14,42.821044921875,43.177244136046276,42.81141950416091,43.177244136046276,381625
2025-07-15,43.30239486694336,43.360158388180544,42.821043207232,42.821043207232,1026054
2025-07-16,43.71635818481445,43.85113606378587,43.34090447270215,43.34090447270215,1462795
2025-07-17,43.745243072509766,43.880024639193906,43.55270532209108,43.668228706826724,1502969
2025-07-18,44.19770812988281,44.3806204338748,44.14957369961351,44.1880827127976,1047324
2025-07-21,44.082183837890625,44.265096138045045,44.01479490244312,44.168827279526205,1627121
2025-07-22,43.745243072509766,44.42876530721597,43.68748321635303,44.13032591819151,1307476
2025-07-23,44.082183837890625,44.168827279526205,43.88001703154812,43.89926786531465,1242082
2025-07-24,44.28435516357422,44.34211868803339,44.13994818863728,44.13994818863728,568941
2025-07-25,44.20733642578125,44.35174339841466,44.13994748453148,44.2843544571649,1646569
2025-07-28,44.3806266784668,44.52503366201516,44.216968858039316,44.44801562481013,2139374
2025-07-29,43.899269104003906,44.380620755023344,43.80300024276868,44.380620755023344,799516
2025-07-30,44.27473068237305,44.361374134683835,44.072560178699874,44.18808723006226,1284524
2025-07-31,44.69831466674805,44.76570360418643,44.34211547279925,44.34211547279925,1639631
2025-08-01,44.525028228759766,44.630926180783206,43.995542141064256,44.18808353815945,942467
2025-08-04,44.37099838256836,44.399878308436314,44.07255901638586,44.34211845670041,741554
2025-08-05,44.9486198425293,44.96787435097089,44.70794399564238,44.81384195586014,1404974
2025-08-06,44.78496170043945,44.90048507781844,44.63092930646015,44.63092930646015,1006094
2025-08-07,45.680274963378906,45.79579833778713,45.18929419540567,45.18929419540567,1874438
2025-08-08,45.72840881347656,45.795797753723726,45.66101987322939,45.68989979835766,578119
2025-08-11,46.01721954345703,46.11349208221964,45.53586786690953,45.728409272012904,969495
2025-08-12,46.05572509765625,46.11348861657262,45.901692719634184,45.95945623855055,1266895
2025-08-13,46.32528305053711,46.41192649683326,46.06535271164866,46.209759679616155,1330439
2025-08-14,46.28677749633789,46.38304635959377,46.151995946389235,46.325282838187206,751292
2025-08-15,46.363792419433594,46.440810448917524,46.18088010804192,46.28677806237144,582221
2025-08-18,46.700740814208984,46.700740814208984,46.26752721754483,46.37342150783518,1074650
2025-08-19,46.431182861328125,46.70073862839996,46.411928353334154,46.70073862839996,1883589
2025-08-20,45.237430572509766,46.209759308766166,45.208546975695015,46.209759308766166,3757146
2025-08-21,45.68600082397461,45.80302207814294,45.46171566669916,45.52997620500385,1610002
2025-08-22,45.56898498535156,45.754263064798444,45.48122090141978,45.7347632416318,846756
2025-08-25,46.43687057495117,46.51488474458103,46.07606434021397,46.22233904830977,1201639
2025-08-26,46.41736602783203,46.45637311180265,46.037056258919236,46.30034849584047,762762
2025-08-27,46.61240005493164,46.709917769726836,46.47587897413883,46.5148860600569,558255
2025-08-28,46.33935546875,46.5148836262768,46.27109493192516,46.48562645340883,586040
2025-08-29,46.23208999633789,46.59289623916641,46.212586453493046,46.378364707714,662574
2025-09-01,45.58848571777344,46.16382718365017,45.46171455548324,46.115070188898635,849376
2025-09-02,45.617740631103516,46.10531803406929,45.47146964216601,46.10531803406929,1328874
2025-09-03,45.66650390625,45.744514360737234,45.50072564559369,45.64700036264804,641168
2025-09-04,45.92979049682617,46.34910736668014,45.92979049682617,45.93954412817371,1159229
2025-09-05,46.45637512207031,46.495382207728845,46.26134341369808,46.339357585015144,896300
2025-09-08,46.88544464111328,46.97320500212368,46.73916993292192,46.80743047143246,1045991
2025-09-09,47.295005798339844,47.36326633385723,46.9439494900103,46.9439494900103,1620172
2025-09-10,48.12388610839844,48.16289319173359,47.49978765471689,47.49978765471689,1653363
2025-09-11,48.23115539550781,48.738236336639666,48.221405484296966,48.406683556665776,2350521
2025-09-12,48.66022491455078,48.74798899337549,48.42618613104479,48.42618613104479,1814899
2025-09-15,48.59196472167969,48.74798933848149,48.42618647387261,48.66022525903546,582384
2025-09-16,49.00152587890625,49.05028287211516,48.5919626720472,48.5919626720472,1039654
2025-09-17,48.6992301940918,48.952772529522925,48.67972665137245,48.90401553268476,373527
2025-09-18,49.19655990600586,49.19655990600586,48.69922887988456,48.7382359642706,757485
2025-09-19,49.14780044555664,49.39158913086214,49.05028273948237,49.39158913086214,443709
2025-09-22,49.342830657958984,49.44034836846042,49.147802676796694,49.147802676796694,835724
2025-09-23,49.92792510986328,50.12295680840155,49.63537942201601,49.732893411325016,1057070
2025-09-24,49.830406188964844,50.17171258308771,49.586617501700005,50.17171258308771,1007395
2025-09-25,49.87916946411133,50.074197448003574,49.684137760298746,49.97668345605745,686872
2025-09-26,49.05028533935547,49.732894438376064,48.69922901872086,49.732894438376064,1061804
2025-09-30,49.58662033081055,49.78165203573377,49.440349342058404,49.53786333455984,760264
2025-10-01,49.68413543701172,50.17171281378333,49.53786073601216,49.58661772970529,521973
2025-10-02,50.31798553466797,50.464260240725146,50.17171454853109,50.17171454853109,1351568
2025-10-03,50.903079986572266,51.00059397608039,50.36674560443709,50.464259593945215,880172
2025-10-07,52.02450942993164,52.073270148059144,51.2443862988582,51.2443862988582,1617345
2025-10-08,51.63444900512695,51.6832060026548,51.34190330003942,51.63444900512695,734661
2025-10-09,51.878238677978516,52.17078438850941,51.878238677978516,52.07327039163929,552542
2025-10-13,51.34190368652344,51.34190368652344,50.36674884894404,50.36674884894404,1538367
2025-10-14,50.95183563232422,52.12202207504106,50.903078638861054,51.780715680958565,807276
2025-10-15,51.585693359375,51.585693359375,50.8055664988048,51.00059821394735,667007
2025-10-16,52.560848236083984,52.560848236083984,51.92699609159859,51.92699609159859,930370
2025-10-17,51.92699432373047,52.36581473805594,51.92699432373047,51.97575132089543,911969
2025-10-20,52.65835952758789,52.70711652390714,52.02450741567655,52.12202512823542,756244
2025-10-21,52.8533935546875,53.14593926537518,52.755875837844584,52.755875837844584,581669
2025-10-22,52.70711898803711,52.755875986635814,52.26829856080768,52.609604990839706,498304
2025-10-23,52.31705856323242,52.46332955702644,52.17078384951791,52.31705856323242,694773
2025-10-27,53.43848419189453,53.584758905052176,52.95090677459637,52.95090677459637,3007700
2025-10-28,53.34096908569336,53.48724007588474,53.14593737885111,53.43848307915428,626007
2025-10-29,53.97481918334961,54.07233689980295,53.68227347383064,53.731030472097046,481573
2025-10-30,53.92605972290039,54.21860541906217,53.682271022778856,54.02357743490122,652174
2025-10-31,54.07233428955078,54.267365993122105,53.97481657780495,53.97481657780495,595116
2025-11-03,53.87730407714844,54.21860677790428,53.633515370916996,54.12109278337988,615723
2025-11-04,53.58475875854492,54.36488188010493,53.53600176093251,53.926061461752276,977276
2025-11-05,53.048423767089844,53.145937761252405,52.3170576511093,52.99966305008813,1583406
2025-11-06,53.5359992980957,53.63351328883455,53.19469289066912,53.19469289066912,740367
2025-11-07,52.80463409423828,53.1459367874741,52.65835938575415,53.1459367874741,1130499
2025-11-10,53.34096908569336,53.38972608242382,52.804634681817475,52.99966266873932,664587
2025-11-11,53.0971794128418,53.633513806927,53.04842241700138,53.438482103645015,442641
2025-11-12,53.24345016479492,53.38972487158932,52.95090447112644,52.999661466751135,384035
2025-11-13,53.19469451904297,53.24345151590492,52.902148817950824,53.19469451904297,392051
2025-11-14,52.219539642333984,52.463328346285046,52.17078264552785,52.41457134947891,1339872
2025-11-17,52.17078399658203,52.560847420973275,52.122026998513256,52.31705871070888,909747
2025-11-18,51.00059509277344,51.97574988888735,50.95183809695181,51.97574988888735,1592711
2025-11-19,50.70804977416992,51.098113183477835,50.464261073332565,50.90308147882388,923759
2025-11-20,52.12202453613281,52.170781531898186,51.68320413440381,51.68320413440381,1493706
2025-11-21,50.541072845458984,50.93630867841629,50.24464125913576,50.93630867841629,1608562
2025-11-24,50.68928527832031,50.88690508103555,50.44226146724733,50.88690508103555,1439818
2025-11-25,51.13392639160156,51.57856998364621,50.886902592608315,51.13392639160156,754299
2025-11-26,51.97380828857422,52.0726200744723,51.43035665862958,51.43035665862958,855279
2025-11-27,52.46785354614258,52.61606933366935,52.22082974645399,52.22082974645399,807961
2025-11-28,52.863094329833984,52.863094329833984,52.46785473367297,52.46785473367297,397383
2025-12-01,52.41844940185547,52.813688988028744,52.27023738400352,52.813688988028744,370304
2025-12-02,52.61606979370117,52.91249760206239,52.46785400487852,52.56666578718832,625434
2025-12-03,52.813690185546875,53.110117997256125,52.76428617847602,53.110117997256125,369263
2025-12-04,52.863094329833984,53.11011813511358,52.7642863154358,52.863094329833984,457907
2025-12-05,53.3077392578125,53.3077392578125,52.912499651830366,52.912499651830366,304610
2025-12-08,53.85118865966797,53.85118865966797,53.40654506366711,53.40654506366711,1313024
2025-12-09,53.702972412109375,53.90059220522956,53.653568406150335,53.75238018735245,440268
2025-12-10,53.94999694824219,54.04880873079425,53.752380921706255,53.9005929416082,649532
2025-12-11,53.35714340209961,54.24643063318163,53.35714340209961,54.098214838239876,427918
2025-12-12,53.55476379394531,53.75238359961061,53.40654799737526,53.50535978485006,331163
2025-12-15,52.9619026184082,53.15952241751176,52.66547480439495,52.7642865885888,683238
2025-12-16,52.66547393798828,52.81368972719867,52.22083033964121,52.81368972719867,920202
2025-12-17,52.56666564941406,52.86309345699836,52.27023784182976,52.81368945061499,2798100
2025-12-18,52.36904525756836,52.517261044312825,52.1220214591836,52.319641251748216,425767
2025-12-19,52.813690185546875,53.06071399018527,52.56666638090847,52.56666638090847,649761
2025-12-22,53.5053596496582,53.702975685539904,53.307739844492225,53.35714385346265,578876
2025-12-23,53.5053596496582,53.702975685539904,53.45595187140351,53.60416766759906,1122050
2025-12-24,53.55476379394531,53.900595626896376,53.55476379394531,53.70297582123107,406376
2025-12-26,54.04880905151367,54.04880905151367,53.75238124066671,53.80178524759385,427186
2025-12-29,54.592262268066406,54.641666276443104,54.048810637354265,54.048810637354265,793430
2025-12-30,54.49345397949219,54.59226199575272,54.14761838401192,54.444046202077715,408884
2025-12-31,54.691070556640625,54.8392863517916,54.394642735622924,54.49345452215166,810964
2026-01-02,55.48154830932617,55.5309523166462,54.839284906313345,54.839284906313345,1072703
2026-01-05,56.71666717529297,57.16130700917595,56.07440377413111,56.07440377413111,1992412
2026-01-06,57.45773696899414,57.45773696899414,56.71666557439465,56.71666557439465,1428129
2026-01-07,57.16130828857422,57.45773987684319,57.01309626372395,57.45773987684319,2040223
2026-01-08,56.8648796081543,57.30952321453772,56.81547560061929,57.16130742264853,2018491
2026-01-09,56.81547546386719,57.16130728506402,56.22261983630571,56.86487947128328,1780189
2026-01-12,57.2601203918457,57.507144203916404,57.16130860544688,57.16130860544688,1663433
2026-01-13,57.45773696899414,58.00118857117696,57.30952118236063,57.852972784543454,1459647
2026-01-14,57.90237808227539,58.09999787910146,57.605950271678346,57.605950271678346,2284202
2026-01-15,57.65535354614258,57.8529733404582,57.35892573931118,57.80356933420031,1010608
2026-01-16,58.6928596496582,58.79166766743598,58.1494042440276,58.29762003997854,814779
2026-01-19,59.08809280395508,59.08809280395508,58.29761738981442,58.692856981526795,789271
2026-01-20,58.93988037109375,59.088092389984446,58.49523677585351,58.69285657032518,715594
2026-01-21,58.44583511352539,58.93988273487629,58.19881130284994,58.248215311128185,679502
2026-01-22,59.18690490722656,59.532736724885694,58.89047332719403,58.89047332719403,648218
2026-01-23,59.779762268066406,59.927978062395134,59.384522662712605,59.63154647373767,655460
2026-01-26,60.12559127807617,60.17499905339313,59.77975946656174,59.82916347259466,582442
2026-01-27,60.6196403503418,60.76785614132698,60.076188732203015,60.1255927394367,516445
2026-01-28,61.1630973815918,61.26190539871474,60.8666657916545,60.8666657916545,1251846
2026-01-29,60.8172607421875,61.45952415034681,60.570236934323795,61.11368855776711,607403
2026-01-30,59.97738265991211,60.47143028681536,59.63154705950927,60.47143028681536,695067
2026-02-02,59.08809280395508,59.28571259981127,58.54464119231363,59.038688797312055,1327688
2026-02-03,60.224403381347656,60.27380738764465,59.77975978610658,59.878567798700566,956850
2026-02-04,60.47142791748047,60.52083192437824,59.87856852685487,60.12559233062784,842116
2026-02-05,59.483333587646484,59.97738120254507,59.38452180309626,59.97738120254507,817322
2026-02-06,59.483333587646484,59.53273759527951,58.396426573299095,59.13749799564697,922633
2026-02-09,60.86666488647461,61.06428468706582,60.669048855167574,60.669048855167574,940791
2026-02-10,61.90416717529297,62.00297518979412,61.41011956421891,61.41011956421891,1268892
2026-02-11,62.94166564941406,63.04047366272956,61.904166432465,61.904166432465,1447270
2026-02-23,63.43571090698242,64.17678233130964,63.238094875922506,63.53452646108074,1752973
2026-02-24,64.81904602050781,64.9178540364652,63.583926974619445,63.583926974619445,1506339
2026-02-25,66.39999389648438,66.69642546955406,65.3130906928423,65.3130906928423,1537260
2026-02-26,66.5,66.9000015258789,65.94999694824219,66.9000015258789,1345944
2026-03-02,66.05000305175781,66.25,65.0,65.4000015258789,1266072
2026-03-03,64.4000015258789,65.94999694824219,64.3499984741211,65.9000015258789,1218821
2026-03-04,61.5,63.04999923706055,61.45000076293945,63.0,2379743
2026-03-05,63.20000076293945,64.0,62.79999923706055,63.20000076293945,1382363
2026-03-06,63.20000076293945,63.54999923706055,62.5,62.79999923706055,679699
2026-03-09,60.099998474121094,60.099998474121094,58.5,60.04999923706055,2944441
2026-03-10,61.650001525878906,62.400001525878906,61.0,61.900001525878906,963369
2026-03-11,64.0,64.0999984741211,62.5,62.5,1083142
2026-03-12,63.20000076293945,63.900001525878906,62.95000076293945,63.54999923706055,543652
2026-03-13,62.79999923706055,63.29999923706055,62.20000076293945,62.400001525878906,1012500
2026-03-16,62.75,63.349998474121094,62.45000076293945,63.099998474121094,1444677
2026-03-17,63.54999923706055,63.75,63.349998474121094,63.349998474121094,540581
2026-03-18,64.6500015258789,64.75,64.19999694824219,64.19999694824219,1467921
