Price,Close,High,Low,Open,Volume
Ticker,00858.TWO,00858.TWO,00858.TWO,00858.TWO,00858.TWO
Date,,,,,
2021-03-18,16.39378547668457,16.450951041385245,16.39378547668457,16.444599177363592,116000
2021-03-19,16.222288131713867,16.241342510097137,16.196880678544105,16.196880678544105,109000
2021-03-22,16.177825927734375,16.177825927734375,16.10160598726002,16.133364093875315,237010
2021-03-23,16.30486488342285,16.31756861386594,16.28580928775822,16.31756861386594,105000
2021-03-24,16.24769401550293,16.31756329868672,16.24769401550293,16.31756329868672,117000
2021-03-25,16.158771514892578,16.165123378501303,16.11430968112561,16.152419651283854,127000
2021-03-26,16.31121063232422,16.495409808700966,16.2286376269015,16.495409808700966,127000
2021-03-29,16.323917388916016,16.412841062195252,16.323917388916016,16.393785470137907,163273
2021-03-30,16.43824577331543,16.45730136359515,16.419191394529783,16.419191394529783,145000
2021-03-31,16.323917388916016,16.36202736153652,16.323917388916016,16.36202736153652,124200
2021-04-01,16.45730209350586,16.470005820922438,16.444598366089277,16.444598366089277,129000
2021-04-07,16.876514434814453,16.908273751527698,16.876514434814453,16.908273751527698,107264
2021-04-08,16.9908447265625,16.9908447265625,16.95908662288615,16.97178913746029,111200
2021-04-09,16.997196197509766,17.016251786172404,16.978140608847127,17.00989992328486,129000
2021-04-12,17.079769134521484,17.098824724458748,17.079769134521484,17.098824724458748,110000
2021-04-13,17.143287658691406,17.175046977296056,17.143287658691406,17.155991386133266,134000
2021-04-14,17.26396942138672,17.26396942138672,17.206803863448826,17.206803863448826,111274
2021-04-15,17.187747955322266,17.2322097858963,17.15598985105339,17.2322097858963,113000
2021-04-16,17.302078247070312,17.384651252636832,17.27667200716105,17.384651252636832,130094
2021-04-19,17.28302574157715,17.30208133352883,17.270323225103542,17.30208133352883,116248
2021-04-20,17.162343978881836,17.181398359359893,17.143288386909596,17.181398359359893,122010
2021-04-21,16.908275604248047,16.95908930506308,16.908275604248047,16.95908930506308,117279
2021-04-22,17.136934280395508,17.136934280395508,17.073416860294056,17.073416860294056,109000
2021-04-23,17.041658401489258,17.060713990571504,16.997196571791346,17.060713990571504,107301
2021-04-26,17.162343978881836,17.23856392378243,17.162343978881836,17.23856392378243,113000
2021-04-27,17.143287658691406,17.143287658691406,17.136935794970476,17.143287658691406,110000
2021-04-28,17.149635314941406,17.149635314941406,17.12422786629112,17.12422786629112,109313
2021-04-29,17.20680809020996,17.213159955040478,17.200456225379444,17.200456225379444,113250
2021-05-03,17.149635314941406,17.20680086291072,17.143283452778835,17.20680086291072,106100
2021-05-04,17.06071662902832,17.06071662902832,17.048012901008846,17.048012901008846,113002
2021-05-05,17.028953552246094,17.03530541485456,17.009899175914626,17.009899175914626,122200
2021-05-06,16.9908447265625,17.02260283023885,16.97814100049436,17.02260283023885,124000
2021-05-07,17.086122512817383,17.09882624056863,17.086122512817383,17.09882624056863,105000
2021-05-10,17.130584716796875,17.149640308833487,17.117882200266653,17.117882200266653,116000
2021-05-11,16.851112365722656,16.857464230638197,16.813001176229413,16.813001176229413,111017
2021-05-12,16.83205223083496,16.838404094037198,16.762182947104346,16.838404094037198,122000
2021-05-13,16.609743118286133,16.609743118286133,16.609743118286133,16.609743118286133,101000
2021-05-14,16.793943405151367,16.806645920925625,16.654204828187524,16.654204828187524,135000
2021-05-17,16.959087371826172,17.00990106684874,16.806645075264406,16.9082736768036,148008
2021-05-18,16.959087371826172,16.959087371826172,16.959087371826172,16.959087371826172,100000
2021-05-19,16.6160945892334,16.768535679506886,16.6160945892334,16.768535679506886,120000
2021-05-20,16.698667526245117,16.698667526245117,16.698667526245117,16.698667526245117,101000
2021-05-21,16.952733993530273,16.959085856277216,16.93367840528944,16.959085856277216,106000
2021-05-24,16.959087371826172,16.965438023646698,16.952735508511594,16.952735508511594,120000
2021-05-25,17.086122512817383,17.09882624056863,17.086122512817383,17.09882624056863,103000
2021-05-26,17.105175018310547,17.11787874376978,17.060713190697182,17.11787874376978,110000
2021-05-27,16.984493255615234,17.035306949566824,16.984493255615234,17.035306949566824,104010
2021-05-28,17.086122512817383,17.09882624056863,17.086122512817383,17.09882624056863,112000
2021-05-31,17.041658401489258,17.130582060885082,17.009900297846176,17.130582060885082,124000
2021-06-01,17.01625633239746,17.01625633239746,16.990848874059175,16.99720073864375,112000
2021-06-02,16.997196197509766,16.997196197509766,16.965436883072034,16.965436883072034,102000
2021-06-03,17.041658401489258,17.041658401489258,17.041658401489258,17.041658401489258,100000
2021-06-04,16.965436935424805,16.965436935424805,16.94003069529019,16.94003069529019,101000
2021-06-07,17.111526489257812,17.124229002932267,17.086119038921076,17.124229002932267,181000
2021-06-08,17.136934280395508,17.136934280395508,17.136934280395508,17.136934280395508,100539
2021-06-09,17.136934280395508,17.136934280395508,17.13058241723596,17.13058241723596,103000
2021-06-10,17.111526489257812,17.111526489257812,17.105174626673627,17.105174626673627,101000
2021-06-11,17.130584716796875,17.130584716796875,17.130584716796875,17.130584716796875,100000
2021-06-15,17.238561630249023,17.238561630249023,17.219507252306087,17.219507252306087,112991
2021-06-16,17.187747955322266,17.2322097858963,17.175045440511127,17.2322097858963,113000
2021-06-17,17.067066192626953,17.16234171694279,17.01625249889224,17.16234171694279,114507
2021-06-18,17.194101333618164,17.194101333618164,17.15599136283846,17.15599136283846,116216
2021-06-21,16.984493255615234,17.092472506699117,16.93367956166364,17.07341691715701,177000
2021-06-22,17.340190887451172,17.340190887451172,17.28302532446994,17.28302532446994,118000
2021-06-23,17.416410446166992,17.448168550916034,17.416410446166992,17.448168550916034,106087
2021-06-24,17.429115295410156,17.448169674889407,17.422763431752365,17.422763431752365,113000
2021-06-25,17.48628044128418,17.511686683817455,17.48628044128418,17.505334820310615,120500
2021-06-28,17.530742645263672,17.562500751975747,17.49263267491036,17.562500751975747,116000
2021-06-29,17.537092208862305,17.562498448601033,17.537092208862305,17.562498448601033,101010
2021-06-30,17.619667053222656,17.619667053222656,17.606963325406664,17.606963325406664,103000
2021-07-01,17.651424407958984,17.651424407958984,17.651424407958984,17.651424407958984,100000
2021-07-02,17.7657527923584,17.77210465501636,17.727642827904557,17.727642827904557,106000
2021-07-05,17.835628509521484,17.835628509521484,17.835628509521484,17.835628509521484,102000
2021-07-06,17.886436462402344,17.93725015416793,17.85467835935909,17.8800845994949,129040
2021-07-07,17.854679107666016,17.880085348866622,17.83562351814504,17.867381622519304,108000
2021-07-08,17.937252044677734,17.937252044677734,17.937252044677734,17.937252044677734,112000
2021-07-09,17.7657527923584,17.7657527923584,17.721290965246595,17.7657527923584,110000
2021-07-12,17.99441909790039,18.02617720692495,17.99441909790039,18.000770962004143,105000
2021-07-13,18.007118225097656,18.03887632600768,18.007118225097656,18.026172601046113,108000
2021-07-14,17.962657928466797,18.000767895102076,17.962657928466797,18.000767895102076,104000
2021-07-15,17.95630645751953,17.96901018384001,17.95630645751953,17.96901018384001,103000
2021-07-16,17.94995880126953,17.94995880126953,17.873737636976834,17.892793230923587,118000
2021-07-19,17.7657527923584,17.784808380332283,17.74669841587844,17.74669841587844,110229
2021-07-20,17.658193588256836,18.343264719614652,17.632584080217974,18.330459355001828,184177
2021-07-21,17.888683319091797,18.010330606110145,17.888683319091797,18.010330606110145,106412
2021-07-22,18.05514907836914,18.05514907836914,18.016732989349034,18.016732989349034,122000
2021-07-23,18.138381958007812,18.15118732134101,18.138381958007812,18.15118732134101,102000
2021-07-26,18.279239654541016,18.28564233703545,18.272838193233397,18.28564233703545,144000
2021-07-27,18.349666595458984,18.349666595458984,18.292043678420576,18.292043678420576,107050
2021-07-28,18.253629684448242,18.317655286587758,18.253629684448242,18.317655286587758,114000
2021-07-29,18.196006774902344,18.196006774902344,18.196006774902344,18.196006774902344,100000
2021-07-30,18.131980895996094,18.144786260473143,18.12557821375757,18.13838357823462,115000
2021-08-02,18.260032653808594,18.292044844788155,18.22161655920895,18.22161655920895,106000
2021-08-03,18.125577926635742,18.34326423455015,18.09356573713699,18.34326423455015,149050
2021-08-04,18.183198928833008,18.183198928833008,18.183198928833008,18.183198928833008,100000
2021-08-05,18.138381958007812,18.15118732134101,18.138381958007812,18.15118732134101,103000
2021-08-06,18.202409744262695,18.202409744262695,18.196007061825494,18.196007061825494,123000
2021-08-09,18.22161865234375,18.228021335512505,18.22161865234375,18.22161865234375,106912
2021-08-10,18.24722671508789,18.24722671508789,18.24722671508789,18.24722671508789,103000
2021-08-11,18.272836685180664,18.272836685180664,18.253628639282585,18.253628639282585,103000
2021-08-12,18.285642623901367,18.285642623901367,18.285642623901367,18.285642623901367,101000
2021-08-13,18.36887550354004,18.36887550354004,18.324057948448484,18.324057948448484,111000
2021-08-16,18.38167953491211,18.394484899484976,18.33686198009385,18.394484899484976,123000
2021-08-17,18.349666595458984,18.375277323559043,18.349666595458984,18.375277323559043,122000
2021-08-18,18.285642623901367,18.298447989091134,18.285642623901367,18.298447989091134,105000
2021-08-19,18.0871639251709,18.0871639251709,18.080761242725767,18.080761242725767,101005
2021-08-20,18.151187896728516,18.151187896728516,18.138382532989393,18.138382532989393,111305
2021-08-23,18.38167953491211,18.38167953491211,18.38167953491211,18.38167953491211,101768
2021-08-24,18.496925354003906,18.50973071856314,18.48412121063145,18.48412121063145,117000
2021-08-25,18.46491050720215,18.471313188560597,18.46491050720215,18.471313188560597,122000
2021-08-26,18.40088653564453,18.496924322107535,18.40088653564453,18.496924322107535,349758
2021-08-27,18.40088653564453,18.40728921756696,18.368874347219098,18.368874347219098,106002
2021-08-30,18.50973129272461,18.522536657681062,18.503328610246385,18.516133975202834,258000
2021-08-31,18.535341262817383,18.535341262817383,18.484121026278068,18.528938580601622,295000
2021-09-01,18.45210838317871,18.53534203426102,18.407290826989843,18.53534203426102,608124
2021-09-02,18.407289505004883,18.43290023309452,18.407289505004883,18.43290023309452,104512
2021-09-03,18.516132354736328,18.516132354736328,18.477717484415724,18.477717484415724,117000
2021-09-06,18.471315383911133,18.522535619679743,18.452107337552874,18.51613293756032,134527
2021-09-07,18.503324508666992,18.503324508666992,18.503324508666992,18.503324508666992,101000
2021-09-08,18.420095443725586,18.44570495142747,18.420095443725586,18.44570495142747,104000
2021-09-09,18.37527847290039,18.40088798141555,18.37527847290039,18.40088798141555,106144
2021-09-10,18.426498413085938,18.426498413085938,18.381679636832395,18.381679636832395,103000
2021-09-13,18.234420776367188,18.426497573715306,18.234420776367188,18.426497573715306,115000
2021-09-14,18.234420776367188,18.25362882245802,18.22801809433691,18.234420776367188,116000
2021-09-15,18.106372833251953,18.119176977564095,18.106372833251953,18.119176977564095,123006
2021-09-16,18.253629684448242,18.266435049113504,18.24082431978298,18.260032366780873,116521
2021-09-17,18.279239654541016,18.279239654541016,18.260032828244523,18.260032828244523,104018
2021-09-22,17.837465286254883,17.920697715063763,17.799049191862967,17.920697715063763,120150
2021-09-23,17.984722137451172,18.010331644178123,17.984722137451172,18.010331644178123,114000
2021-09-24,18.176799774169922,18.19600782228428,18.176799774169922,18.189605139579495,108000
2021-09-27,18.292041778564453,18.311249822644506,18.272834955671005,18.292041778564453,123000
2021-09-28,18.157588958740234,18.163991640038606,18.157588958740234,18.163991640038606,104000
2021-09-29,17.875879287719727,17.875879287719727,17.786244180883365,17.81825637012871,117000
2021-09-30,17.901487350463867,17.901487350463867,17.843865658708904,17.843865658708904,104000
2021-10-01,17.52374267578125,17.72222096238097,17.498131943994498,17.72222096238097,216000
2021-10-04,17.75423240661621,17.77344045464561,17.741427041263282,17.760635089292677,110000
2021-10-05,17.562156677246094,17.562156677246094,17.4469108323216,17.49813107215617,109000
2021-10-06,17.658193588256836,17.728621872440574,17.6389855413376,17.728621872440574,121000
2021-10-07,17.946306228637695,17.946306228637695,17.914292820597467,17.914292820597467,101000
2021-10-08,18.016735076904297,18.029540441394726,18.016735076904297,18.029540441394726,104000
2021-10-12,17.81825828552246,17.81825828552246,17.773440727286566,17.773440727286566,113000
2021-10-13,17.856672286987305,17.856672286987305,17.837465460790213,17.837465460790213,105000
2021-10-14,18.003931045532227,18.003931045532227,17.997528363247206,17.997528363247206,105000
2021-10-15,18.33045768737793,18.33045768737793,18.311250863392832,18.311250863392832,107000
2021-10-18,18.38808250427246,18.400887869045246,18.336862266368122,18.336862266368122,120000
2021-10-19,18.45210838317871,18.45210838317871,18.413693509472086,18.413693509472086,106000
2021-10-20,18.573759078979492,18.573759078979492,18.567356395748867,18.573759078979492,105000
2021-10-21,18.59296417236328,18.61857368002687,18.573756125725513,18.573756125725513,105000
2021-10-22,18.669795989990234,18.669795989990234,18.656990624142907,18.656990624142907,110000
2021-10-25,18.631378173828125,18.631378173828125,18.586560621621043,18.61857281000133,116000
2021-10-26,18.7274169921875,18.76583186459815,18.7274169921875,18.759429182331914,118000
2021-10-27,18.72101402282715,18.727416704995196,18.701805976322998,18.701805976322998,106000
2021-10-28,18.573759078979492,18.592967128671365,18.573759078979492,18.580161762210114,102000
2021-10-29,18.656984329223633,18.68899773304054,18.656984329223633,18.68899773304054,105000
2021-11-01,18.791440963745117,18.804246327166894,18.791440963745117,18.791440963745117,114000
2021-11-02,18.791440963745117,18.823453151112883,18.785038282034233,18.823453151112883,116000
2021-11-03,18.913089752197266,18.932296576425898,18.900284388587053,18.925893894620792,113000
2021-11-04,19.05394744873047,19.05394744873047,19.034739400935678,19.034739400935678,119000
2021-11-05,19.143579483032227,19.143579483032227,19.12437265951415,19.137176801463987,106000
2021-11-08,19.11797332763672,19.14358283721012,19.111570644946656,19.14358283721012,122000
2021-11-09,19.124372482299805,19.130773942622085,19.111567119281986,19.124372482299805,106000
2021-11-10,18.957908630371094,18.996323502703422,18.957908630371094,18.996323502703422,106000
2021-11-11,18.84906578063965,18.88748065359602,18.823455051210875,18.823455051210875,109000
2021-11-12,18.919490814208984,18.919490814208984,18.913089353725436,18.919490814208984,103000
2021-11-15,19.060346603393555,19.085956107859634,19.060346603393555,19.085956107859634,115000
2021-11-16,19.015533447265625,19.05394832343186,19.015533447265625,19.034740274755293,122000
2021-11-17,19.04754638671875,19.066754436147782,19.041143703575738,19.066754436147782,127000
2021-11-18,19.060346603393555,19.060346603393555,19.04754124056721,19.04754124056721,105000
2021-11-19,19.15638542175293,19.169190785274164,19.11156787061528,19.11156787061528,108000
2021-11-22,19.137178421020508,19.143581103130597,19.130775738910415,19.143581103130597,110000
2021-11-23,18.957908630371094,19.02193301052938,18.93229790135836,19.02193301052938,109000
2021-11-24,18.970712661743164,18.989920708389366,18.970712661743164,18.977115343958566,105000
2021-11-25,19.07315444946289,19.07315444946289,19.060349084969342,19.060349084969342,101000
2021-11-26,18.86187171936035,18.964313425638622,18.855470257580688,18.95791074267205,158000
2021-11-29,18.772235870361328,18.823456110915632,18.78504123579662,18.804249283949556,112000
2021-11-30,18.887479782104492,18.932297335350118,18.887479782104492,18.932297335350118,104000
2021-12-01,18.663393020629883,18.663393020629883,18.618575462038972,18.64418619334057,109000
2021-12-02,18.311248779296875,18.330455601095945,18.292040736311268,18.330455601095945,147000
2021-12-03,18.45210838317871,18.45210838317871,18.381680097060883,18.43930301821423,117000
2021-12-06,18.36247444152832,18.381681269012788,18.356071758637867,18.356071758637867,134000
2021-12-07,18.554548263549805,18.560950945826047,18.50332802652665,18.50973070880289,105000
2021-12-08,19.015533447265625,19.015533447265625,18.96431320531501,18.98352003280468,113000
2021-12-09,18.932294845581055,18.99632043659203,18.932294845581055,18.977112392932764,136000
2021-12-10,18.85546875,18.932298497082176,18.849066067545348,18.932298497082176,125000
2021-12-13,19.066749572753906,19.079553714587007,19.066749572753906,19.073152254263775,120000
2021-12-14,18.89388084411621,18.90028352562898,18.86827011806513,18.86827011806513,111000
2021-12-15,18.759429931640625,18.772235296684585,18.759429931640625,18.759429931640625,105000
2021-12-16,19.04754638671875,19.04754638671875,19.021935654146706,19.021935654146706,135000
2021-12-17,18.823453903198242,18.88107681971186,18.79144171455144,18.88107681971186,106000
2021-12-20,18.47771644592285,18.59296227159427,18.47771644592285,18.59296227159427,151000
2021-12-21,18.567354202270508,18.567354202270508,18.48412177247908,18.496925916240738,111000
2021-12-22,18.778636932373047,18.778636932373047,18.759428885877877,18.765831568042934,118000
2021-12-23,18.983518600463867,18.996323965282055,18.97711591805477,18.996323965282055,114000
2021-12-24,19.079557418823242,19.079557418823242,19.015533033667708,19.015533033667708,109000
2021-12-27,19.111568450927734,19.137177957561146,19.111568450927734,19.117971132882765,115000
2021-12-28,19.297243118286133,19.31004848337433,19.297243118286133,19.31004848337433,118000
2021-12-29,19.297243118286133,19.31004848337433,19.28443897438476,19.303645800830232,107000
2021-12-30,19.271635055541992,19.271635055541992,19.25882968949281,19.271635055541992,125000
2022-01-03,19.252424240112305,19.278034968530697,19.246021558007705,19.271632286426097,120000
2022-01-04,19.271635055541992,19.271635055541992,19.207609446482998,19.233220178581366,147000
2022-01-05,19.14998435974121,19.169192406647728,19.14998435974121,19.169192406647728,124000
2022-01-06,18.75302505493164,18.874672337133923,18.740219692219842,18.874672337133923,141000
2022-01-07,18.829858779907227,18.836261462620207,18.829858779907227,18.836261462620207,103000
2022-01-10,18.778636932373047,18.778636932373047,18.701805967579123,18.73381937840441,131000
2022-01-11,18.682600021362305,18.72741757743979,18.682600021362305,18.721014894973464,118000
2022-01-12,18.925893783569336,18.913089641220942,18.874673550615714,18.881076232383254,150000
2022-01-13,18.919490814208984,18.95150422256004,18.913089353725436,18.932296177549407,113000
2022-01-14,18.63778305053711,18.64418573320449,18.56735476238276,18.63778305053711,136000
2022-01-17,18.567354202270508,18.618574440877577,18.548146154847803,18.618574440877577,181000
2022-01-18,18.496633529663086,18.59949965741058,18.470916384595725,18.59949965741058,137000
2022-01-19,18.110885620117188,18.252326244535947,18.110885620117188,18.22661032476027,147000
2022-01-20,18.130170822143555,18.149457452583043,18.046591336036315,18.110882965443228,114000
2022-01-21,17.776569366455078,17.82157314395385,17.71870701645353,17.82157314395385,145000
2022-01-24,17.6737003326416,17.6737003326416,17.615837992155093,17.622267277349238,140000
2022-01-25,17.36510467529297,17.44225365698287,17.326530184448018,17.44225365698287,138000
2022-01-26,17.39082145690918,17.40368002991601,17.326531044397054,17.33938839114287,132000
2022-02-07,17.982301712036133,18.00158957088746,17.892294156585205,17.943727220594447,143000
2022-02-08,17.97587013244629,17.988728703373386,17.97587013244629,17.982299417909836,111000
2022-02-09,18.220178604125977,18.220178604125977,18.1430284025838,18.16874554518481,129000
2022-02-10,18.374479293823242,18.374479293823242,18.335904803006528,18.36805000764363,105000
2022-02-11,17.956584930419922,18.033733909596595,17.956584930419922,18.014447277932884,114000
2022-02-14,17.782995223999023,17.79585379402257,17.744420740189124,17.79585379402257,122000
2022-02-15,17.641557693481445,17.71870667448725,17.641557693481445,17.692990756238963,109000
2022-02-16,17.885866165161133,17.885866165161133,17.866579531174505,17.873007591662674,120000
2022-02-17,17.840862274169922,17.892295341585555,17.78942920675429,17.88586605487597,129000
2022-02-18,17.628700256347656,17.63512954288895,17.506546264585143,17.51940483766773,117000
2022-02-21,17.49368667602539,17.500115962193476,17.38439248995082,17.38439248995082,111000
2022-02-22,17.127227783203125,17.127227783203125,17.030790932871973,17.107941148893545,172000
2022-02-23,17.29438591003418,17.307244484006205,17.24295284040719,17.307244484006205,122000
2022-02-24,16.66432762145996,16.857201292673306,16.600035988968546,16.837914661308506,251000
2022-02-25,17.133655548095703,17.152943406953046,17.114368915499334,17.133655548095703,153000
2022-03-01,17.590124130249023,17.622269333710022,17.57083627241588,17.57083627241588,178000
2022-03-02,17.4229679107666,17.4229679107666,17.339388412380842,17.384393417959874,123000
2022-03-03,17.680130004882812,17.680130004882812,17.622267663129605,17.641555519134272,110000
2022-03-04,17.467967987060547,17.467967987060547,17.281522396540666,17.300810251985716,143000
2022-03-07,17.307241439819336,17.33938664283424,17.1850874610931,17.1850874610931,259000
2022-03-08,16.947214126586914,17.075796196097148,16.947214126586914,17.011504548211438,113000
2022-03-09,17.01150131225586,17.01150131225586,16.908635185710562,16.947210902860768,116000
2022-03-10,17.313671112060547,17.352245601791466,17.294383254064627,17.332957743795546,148000
2022-03-11,17.230091094970703,17.24937895237851,17.204375178021177,17.24937895237851,128000
2022-03-14,17.255809783935547,17.255809783935547,17.15937294077958,17.255809783935547,129000
2022-03-15,17.107938766479492,17.107938766479492,17.107938766479492,17.107938766479492,102000
2022-03-16,17.37796401977539,17.384393306245364,17.332959014485564,17.358676160365466,116000
2022-03-17,17.660846710205078,17.673705284195886,17.64156007547998,17.64156007547998,112000
2022-03-18,17.731565475463867,17.750853334094586,17.718706903043387,17.731565475463867,109000
2022-03-21,17.950157165527344,18.02087809098289,17.963015738566718,18.02087809098289,126000
2022-03-22,18.033735275268555,18.05945242111558,18.008019355682535,18.008019355682535,107000
2022-03-23,18.36804962158203,18.36804962158203,18.329475131576075,18.329475131576075,122000
2022-03-24,18.1173152923584,18.14303121268159,18.1173152923584,18.14303121268159,340000
2022-03-25,18.38733673095703,18.38733673095703,18.30375724204319,18.310186527825863,117000
2022-03-28,18.451629638671875,18.470916271092907,18.41305392130788,18.41305392130788,219000
2022-03-29,18.68950653076172,18.708794388858543,18.67021989892582,18.67021989892582,163000
2022-03-30,18.84380531311035,18.875951742583137,18.84380531311035,18.85023459900491,119000
2022-03-31,18.74094009399414,18.78594387116279,18.74094009399414,18.78594387116279,105000
2022-04-01,18.432340621948242,18.445199193595045,18.419482050301436,18.419482050301436,113000
2022-04-06,18.374479293823242,18.380908580002856,18.25875459511214,18.36162072146402,124000
2022-04-07,18.130170822143555,18.162316023716595,18.130170822143555,18.162316023716595,108000
2022-04-08,18.355192184448242,18.361621470890263,18.342334837825202,18.342334837825202,111000
2022-04-11,18.220178604125977,18.348761864609322,18.220178604125977,18.348761864609322,123000
2022-04-12,18.0015869140625,18.04016139981104,18.0015869140625,18.04016139981104,222000
2022-04-13,18.130170822143555,18.130170822143555,18.07873776387019,18.12374153657678,107000
2022-04-14,18.265182495117188,18.265182495117188,18.233037292919633,18.233037292919633,103000
2022-04-15,18.194461822509766,18.23946682295445,18.194461822509766,18.23946682295445,106000
2022-04-18,18.104455947875977,18.11088523424817,18.07231074227601,18.07231074227601,111000
2022-04-19,18.194461822509766,18.194461822509766,18.168745905659396,18.18803376299283,106000
2022-04-20,18.32304573059082,18.32304573059082,18.32304573059082,18.32304573059082,109000
2022-04-21,18.458057403564453,18.458057403564453,18.425912199202635,18.425912199202635,128000
2022-04-22,17.950157165527344,18.20089320849008,17.885865526591484,18.20089320849008,111000
2022-04-25,17.538692474365234,17.75728330894668,17.525833901446088,17.75728330894668,120000
2022-04-26,17.725135803222656,17.74442366143331,17.705849171272934,17.725135803222656,115000
2022-04-27,17.313671112060547,17.313671112060547,17.242950192336426,17.242950192336426,103000
2022-04-28,17.48725700378418,17.48725700378418,17.467969147058277,17.474398432633578,114000
2022-04-29,17.795856475830078,17.795856475830078,17.73156484228444,17.73156484228444,124000
2022-05-03,17.44868278503418,17.570836768907256,17.37796309016951,17.564407482781206,108000
2022-05-04,17.48725700378418,17.500114348673943,17.48725700378418,17.500114348673943,103000
2022-05-05,17.969444274902344,17.969444274902344,17.943727129897226,17.950156416148506,103000
2022-05-06,17.410110473632812,17.410110473632812,17.32010290912441,17.345818830586342,140000
2022-05-09,17.242950439453125,17.39724962684906,17.197946663078596,17.384392280928434,108000
2022-05-10,16.93435287475586,16.93435287475586,16.81219888570937,16.81219888570937,107000
2022-05-11,16.90863609313965,16.90863609313965,16.83148710722083,16.83148710722083,126000
2022-05-12,16.535743713378906,16.651468402110577,16.535743713378906,16.651468402110577,131000
2022-05-13,16.754337310791016,16.76719588418357,16.7157628168744,16.722192103570677,111000
2022-05-16,16.90863609313965,17.082223150848527,16.8636323136435,17.082223150848527,142000
2022-05-17,16.998645782470703,16.998645782470703,16.998645782470703,16.998645782470703,100000
2022-05-18,17.230091094970703,17.27509609558892,17.230091094970703,17.27509609558892,105000
2022-05-19,16.61932373046875,16.61932373046875,16.51645760970561,16.529314955105338,109000
2022-05-20,16.61932373046875,16.625753016299058,16.587177301317215,16.587177301317215,109000
2022-05-23,16.61932373046875,16.677186076680627,16.61932373046875,16.677186076680627,103000
2022-05-24,16.57431983947754,16.593606470572077,16.57431983947754,16.593606470572077,101000
2022-05-25,16.66432762145996,16.670756907335193,16.66432762145996,16.670756907335193,110000
2022-05-26,16.690044403076172,16.792911756146463,16.690044403076172,16.792911756146463,111000
2022-05-27,17.037216186523438,17.037216186523438,17.03078690118855,17.03078690118855,102000
2022-05-30,17.44868278503418,17.45511207116023,17.397249722286716,17.45511207116023,166000
2022-05-31,17.287954330444336,17.294383616577743,17.287954330444336,17.294383616577743,101000
2022-06-01,17.21723747253418,17.21723747253418,17.1850910365701,17.1850910365701,131000
2022-06-02,17.107938766479492,17.11436805244105,17.107938766479492,17.11436805244105,151000
2022-06-06,17.307241439819336,17.307241439819336,17.262237665094116,17.262237665094116,184000
2022-06-07,17.17865562438965,17.230088677332763,17.17865562438965,17.210802048892038,201000
2022-06-08,17.41653823852539,17.455112730477794,17.41010895215649,17.442254157739995,222000
2022-06-09,17.332956314086914,17.332956314086914,17.28795254206949,17.28795254206949,239000
2022-06-10,16.93435287475586,16.953640733950884,16.915065015560835,16.92149430195918,258000
2022-06-13,16.278579711914062,16.317154202466487,16.252863793632763,16.317154202466487,331000
2022-06-14,16.014986038208008,16.014986038208008,15.873545413825445,15.905690620102067,543000
2022-06-15,15.783536911010742,15.860687124218627,15.783536911010744,15.860687124218627,438000
2022-06-16,16.00855827331543,16.14357085028444,16.00855827331543,16.098567066715148,507000
2022-06-17,15.590662002563477,15.590662002563477,15.571374144199151,15.571374144199151,508000
2022-06-20,15.539227485656738,15.661381458010814,15.449219940901541,15.661381458010814,654000
2022-06-21,15.809252738952637,15.815682025038821,15.751390390437908,15.751390390437908,677000
2022-06-22,15.777106285095215,15.822110057872873,15.777106285095215,15.822110057872873,742000
2022-06-23,15.918549537658691,15.937837397598742,15.867116470746266,15.931408110952058,884000
2022-06-24,16.11785125732422,16.11785125732422,16.034272989980018,16.034272989980018,937000
2022-06-27,16.510026931762695,16.529313561366497,16.439306019853337,16.45859387571792,1042000
2022-06-28,16.42002296447754,16.42002296447754,16.368588670976024,16.368588670976024,1103000
2022-06-29,16.162853240966797,16.182141097257645,16.156423955536514,16.182141097257645,1208000
2022-06-30,16.08570671081543,16.124281202993554,16.08570671081543,16.124281202993554,1303000
2022-07-01,15.847825050354004,15.995694931223404,15.867112905960749,15.995694931223404,1322000
2022-07-04,16.111421585083008,16.16928393272735,16.072847095407088,16.16928393272735,1477000
2022-07-05,16.285009384155273,16.310726529307253,16.25286417897627,16.265721525291287,2292000
2022-07-06,16.201433181762695,16.34930310646754,16.182145320438146,16.330015245142988,1995000
2022-07-07,16.29786491394043,16.29786491394043,16.201428090147086,16.22071471914931,1783000
2022-07-08,16.439306259155273,16.48431003056696,16.420019629270726,16.426447688391708,1993000
2022-07-11,16.400732040405273,16.458594383523497,16.36858561297247,16.439306527063817,2077000
2022-07-12,16.246435165405273,16.265721798332034,16.227147306217518,16.246435165405273,2151000
2022-07-13,16.182144165039062,16.240006518620238,16.162856305091655,16.240006518620238,2281000
2022-07-14,16.07284927368164,16.079278560542445,16.021416205056305,16.053561413099235,2598000
2022-07-15,16.104991912841797,16.130709056182905,16.079275995761577,16.085705281596855,2906000
2022-07-18,16.426795959472656,16.460458197578838,16.399867453070797,16.460458197578838,309000
2022-07-19,16.245023727416992,16.28541841314806,16.238292563878232,16.27868596552622,553000
2022-07-20,16.696088790893555,16.743215928044275,16.635498041497247,16.709553687222332,227000
2022-07-21,16.770143508911133,16.783608404495048,16.69608786728273,16.7162852106586,416000
2022-07-22,16.87112808227539,16.904790322082462,16.864395634313976,16.877860530236806,276000
2022-07-25,16.756677627563477,16.80380347525173,16.73648156945882,16.80380347525173,156000
2022-07-26,16.763410568237305,16.810536417312278,16.763410568237305,16.783607911019327,225000
2022-07-27,16.763410568237305,16.763410568237305,16.716284719162335,16.736482061944358,135000
2022-07-28,16.978845596313477,17.03270389882353,16.97211314798932,16.992310492961796,326000
2022-07-29,17.3019962310791,17.402980385064676,17.27506643850525,17.27506643850525,229000
2022-08-01,17.45684051513672,17.45684051513672,17.36931996418508,17.402982208429297,369000
2022-08-02,17.429908752441406,17.429908752441406,17.38951534799084,17.40971269225771,190000
2022-08-03,17.45684051513672,17.45684051513672,17.402982208429297,17.41644710612698,137000
2022-08-04,17.692468643188477,17.726129598697,17.578019596743108,17.578019596743108,257000
2022-08-05,17.746328353881836,17.779989312067535,17.692470050334773,17.692470050334773,161000
2022-08-08,17.685733795166016,17.685733795166016,17.62514305620684,17.62514305620684,133000
2022-08-09,17.7059326171875,17.719397513299644,17.67227166099031,17.719397513299644,211000
2022-08-10,17.598215103149414,17.625144893976106,17.58475149181917,17.59148265544274,242000
2022-08-11,18.015615463256836,18.0290803568696,17.98868567603131,17.98868567603131,192000
2022-08-12,18.002153396606445,18.008885844470054,17.941562649917092,17.941562649917092,198000
2022-08-15,18.244518280029297,18.2579831771563,18.210856037211787,18.2512507285928,209000
2022-08-16,18.34549903869629,18.480145416833693,18.332034144065943,18.480145416833693,184000
2022-08-17,18.439754486083984,18.439754486083984,18.40609352673995,18.412825975425417,150000
2022-08-18,18.318571090698242,18.33203598668199,18.284910134822024,18.2916425828139,183000
2022-08-19,18.39262580871582,18.45321655350964,18.338767511574986,18.338767511574986,163000
2022-08-22,18.150264739990234,18.150264739990234,18.082942824540385,18.10987133390368,157000
2022-08-23,17.766521453857422,17.86750687974888,17.766521453857422,17.806916137847217,210000
2022-08-24,17.793453216552734,17.80691811270931,17.766523424239576,17.773255872317865,240000
2022-08-25,17.98868751525879,17.98868751525879,17.91463316098287,17.91463316098287,132000
2022-08-26,18.14353370666504,18.190659561453362,18.14353370666504,18.190659561453362,204000
2022-08-29,17.450103759765625,17.45683620695296,17.33565472574689,17.33565472574689,202000
2022-08-30,17.591480255126953,17.591480255126953,17.517425908624293,17.52415835541234,177000
2022-08-31,17.44337272644043,17.456837621906494,17.382781980926246,17.456837621906494,347000
2022-09-01,17.120223999023438,17.133688895322607,17.10002665457468,17.133688895322607,228000
2022-09-02,17.376049041748047,17.376049041748047,17.322190745490165,17.35585298320326,162000
2022-09-05,17.221208572387695,17.254869529871982,17.19428006321691,17.254869529871982,175000
2022-09-06,17.254867553710938,17.369316593766428,17.254867553710938,17.369316593766428,195000
2022-09-07,17.187545776367188,17.201009387470783,17.13368747970357,17.201009387470783,179000
2022-09-08,17.56455421447754,17.571286662209427,17.490498573509903,17.51069591670556,144000
2022-09-12,17.86750602722168,17.90116697819072,17.75305699621079,17.75305699621079,317000
2022-09-13,18.042545318603516,18.089672449780142,18.042545318603516,18.069475107847303,227000
2022-09-14,17.470304489135742,17.564556199869575,17.41644618527594,17.41644618527594,197000
2022-09-15,17.530895233154297,17.564556191519447,17.530895233154297,17.537626397560725,146000
2022-09-16,17.308727264404297,17.328924608682133,17.295263652302246,17.32219216058952,182000
2022-09-19,17.28179931640625,17.349122515431866,17.254869523162718,17.349122515431866,180000
2022-09-20,17.49049949645996,17.497231944547107,17.47030343628169,17.483767048372812,142000
2022-09-21,17.295263290405273,17.295263290405273,17.26833349859832,17.275065946550058,187000
2022-09-22,16.9923095703125,16.978844674395297,16.871128075223996,16.92498637480965,174000
2022-09-23,16.931716918945312,16.965379154953293,16.87112617821396,16.965379154953293,152000
2022-09-26,16.581640243530273,16.696089297632113,16.56144418250733,16.588372691898996,156000
2022-09-27,16.702821731567383,16.7230190766561,16.581640229201536,16.581640229201536,141000
2022-09-28,16.480653762817383,16.527779610671683,16.467188867978138,16.52104844733511,118000
2022-09-29,16.93844985961914,16.945182307016875,16.85766305901242,16.945182307016875,174000
2022-09-30,16.568174362182617,16.62876510512116,16.527779677501552,16.62876510512116,158000
2022-10-03,16.271955490112305,16.37293964851338,16.231562083568523,16.35274358728311,142000
2022-10-04,16.877859115600586,16.884591562997713,16.770142525412645,16.803803478315235,132000
2022-10-05,17.066364288330078,17.1202225849952,17.059631840736554,17.10675768980815,391000
2022-10-06,17.14715003967285,17.207740780215545,17.100024193491425,17.100024193491425,135000
2022-10-07,16.850929260253906,16.904787551033564,16.850929260253906,16.87112531674444,138000
2022-10-11,16.372940063476562,16.568177220872293,16.366207614868095,16.48738912165396,174000
2022-10-12,16.3662052154541,16.393135005939854,16.3662052154541,16.393135005939854,116000
2022-10-13,16.305614471435547,16.413331065215626,16.305614471435547,16.413331065215626,112000
2022-10-14,16.81726837158203,16.88459156146414,16.729749123593418,16.729749123593418,237000
2022-10-17,16.46718978881836,16.47392223661446,16.43352883392099,16.453726177309285,159000
2022-10-18,17.100025177001953,17.140418578325978,16.904789333866592,16.92498539248707,201000
2022-10-19,17.13368797302246,17.201009882728027,17.14041913672652,17.187546271236783,266000
2022-10-20,16.837465286254883,16.85093018070603,16.797071886984458,16.837465286254883,281000
2022-10-21,16.756677627563477,16.810535922647627,16.756677627563477,16.763410074959378,130000
2022-10-24,17.28179931640625,17.328925170499215,17.24813835893505,17.308727825566567,180000
2022-10-25,17.49723243713379,17.503964885410472,17.44337413500355,17.490499988857106,169000
2022-10-26,17.591480255126953,17.631874935855233,17.584749092421834,17.598212701915,160000
2022-10-27,17.618412017822266,17.705931267714508,17.618412017822266,17.692467656711674,221000
2022-10-28,17.429908752441406,17.503964397336755,17.429908752441406,17.47703460498093,132000
2022-10-31,17.934829711914062,17.975224397991777,17.85404290792483,17.85404290792483,186000
2022-11-01,17.948293685913086,17.955026133247102,17.887702943989986,17.887702943989986,139000
2022-11-02,17.833847045898438,17.867509287092012,17.820382149421004,17.833847045898438,157000
2022-11-03,17.49049949645996,17.49049949645996,17.402980239493385,17.402980239493385,174000
2022-11-04,17.33565902709961,17.362588822530824,17.248139760114796,17.362588822530824,165000
2022-11-07,17.382781982421875,17.42990783247405,17.32892368463609,17.382781982421875,133000
2022-11-08,17.54435920715332,17.58475389892282,17.49723335083885,17.49723335083885,131000
2022-11-09,17.63861083984375,17.672271796298666,17.591483703090415,17.64534200386819,261000
2022-11-10,17.180814743041992,17.227940595991516,17.120223993797406,17.120223993797406,216000
2022-11-11,17.82711410522461,18.09640560691862,17.773255804885807,18.04927975463256,230000
2022-11-14,17.685733795166016,17.874237174965256,17.685733795166016,17.827111330015445,259000
2022-11-15,17.746328353881836,17.746328353881836,17.699202498788562,17.705933663159104,127000
2022-11-16,17.89443588256836,17.975223968711326,17.79345173795195,17.79345173795195,206000
2022-11-17,17.746328353881836,17.746328353881836,17.726131008520472,17.726131008520472,126000
2022-11-18,17.7059326171875,17.719397513299644,17.7059326171875,17.719397513299644,131000
2022-11-21,17.712665557861328,17.759791411481306,17.712665557861328,17.759791411481306,138000
2022-11-22,17.72612762451172,17.73959251884878,17.71266273017466,17.73959251884878,137000
2022-11-23,17.934829711914062,17.9482946072733,17.92809726423444,17.9482946072733,135000
2022-11-24,17.98868751525879,18.042545811133575,17.961759009362925,17.961759009362925,202000
2022-11-25,17.914634704589844,17.94829566088082,17.901169808440184,17.907902256515015,118000
2022-11-28,17.7530574798584,17.89443501867948,17.7530574798584,17.89443501867948,116000
2022-11-29,17.69919776916504,17.726126271701048,17.6655355358914,17.726126271701048,287000
2022-11-30,17.645339965820312,17.65880486048035,17.645339965820312,17.65880486048035,148000
2022-12-01,17.961759567260742,18.116602012199827,17.941562224149212,18.116602012199827,185000
2022-12-02,17.86750602722168,17.874237190149113,17.840576239180074,17.840576239180074,132000
2022-12-05,17.81364631652832,17.847308551325956,17.81364631652832,17.820378763487845,140000
2022-12-06,17.578020095825195,17.591483707960982,17.54435785527778,17.54435785527778,188000
2022-12-07,17.49049949645996,17.53089418498285,17.49049949645996,17.5241617368957,150000
2022-12-08,17.382781982421875,17.382781982421875,17.335656132369703,17.382781982421875,146000
2022-12-09,17.5712890625,17.584753959803116,17.557824165196884,17.5712890625,142000
2022-12-12,17.409711837768555,17.409711837768555,17.409711837768555,17.409711837768555,101000
2022-12-13,17.618412017822266,17.71266371525746,17.598214675193407,17.71266371525746,126000
2022-12-14,17.739595413208008,17.74632786147499,17.705933171873088,17.732862964941024,180000
2022-12-15,17.557825088500977,17.5914860494456,17.557825088500977,17.5914860494456,134000
2022-12-16,17.3019962310791,17.382783040634287,17.25486909407486,17.25486909407486,204000
2022-12-19,17.201011657714844,17.25486996148685,17.201011657714844,17.227941451642472,114000
2022-12-20,16.84419822692871,17.073096302971685,16.84419822692871,17.05289896070329,166000
2022-12-21,17.079830169677734,17.100026229541317,17.059632825730997,17.059632825730997,102000
2022-12-22,17.241405487060547,17.25486909926834,17.22120814262408,17.22120814262408,147000
2022-12-23,16.9923095703125,16.9923095703125,16.92498637480965,16.92498637480965,117000
2022-12-26,17.207744598388672,17.214477047063145,17.201012149714195,17.214477047063145,109000
2022-12-27,17.207744598388672,17.207744598388672,17.207744598388672,17.207744598388672,102000
2022-12-28,16.978845596313477,16.985578044637638,16.97211314798932,16.985578044637638,122000
2022-12-29,16.790342330932617,16.88459404015407,16.783609882547765,16.88459404015407,122000
2022-12-30,16.999040603637695,16.999040603637695,16.951914755932382,16.951914755932382,116000
2023-01-03,17.059633255004883,17.06636570315654,16.945184204593122,17.025972298329794,122000
2023-01-04,17.01250457763672,17.01250457763672,16.992307236534884,17.005772130602775,123000
2023-01-05,17.16735076904297,17.20774417601505,17.10002756803399,17.20774417601505,123000
2023-01-06,17.14042091369629,17.160618259151715,17.032704306100523,17.032704306100523,369000
2023-01-09,17.3962459564209,17.423174461845854,17.369316166912906,17.423174461845854,171000
2023-01-10,17.33565902709961,17.369319987305307,17.328926578241806,17.362588822530824,217000
2023-01-11,17.423173904418945,17.44337124590376,17.33565465948409,17.36931561120911,132000
2023-01-12,17.56455421447754,17.56455421447754,17.490498573509903,17.490498573509903,218000
2023-01-13,17.578020095825195,17.665539353082117,17.557822751496747,17.665539353082117,184000
2023-01-16,17.739595413208008,17.739595413208008,17.58475295531701,17.58475295531701,328000
2023-01-17,17.7530574798584,17.7530574798584,17.692466739197076,17.692466739197076,462000
2023-01-30,17.864179611206055,18.546395213173547,17.84308104468933,18.546395213173547,317000
2023-01-31,17.77978515625,17.82901694031538,17.76571854895546,17.807917029373574,218000
2023-02-01,17.653186798095703,17.779783569517594,17.632086889036923,17.779783569517594,331000
2023-02-02,17.751649856567383,17.76571646220967,17.667252905644347,17.695384775463577,206000
2023-02-03,17.77978515625,18.10330907523138,17.76571854895546,18.10330907523138,211000
2023-02-06,17.72351837158203,17.82901523325917,17.72351837158203,17.82901523325917,199000
2023-02-07,17.744617462158203,17.758684068520612,17.723518894080005,17.730550855795794,173000
2023-02-08,17.885282516479492,17.906381086532004,17.814950819551523,17.814950819551523,203000
2023-02-09,17.77978515625,17.807917029373574,17.76571854895546,17.8008837257263,213000
2023-02-10,17.62505340576172,17.653186617552365,17.61098814133177,17.62505340576172,248000
2023-02-13,17.660221099853516,17.68835297205744,17.639121189601475,17.68835297205744,150000
2023-02-14,17.89231300354004,17.913411570271013,17.88527970080794,17.913411570271013,213000
2023-02-15,17.864179611206055,17.885279519188096,17.850113005884694,17.885279519188096,166000
2023-02-16,17.99077796936035,18.15957322376857,17.99077796936035,18.15957322376857,226000
2023-02-17,17.70241928100586,17.71648588760385,17.68835267440787,17.68835267440787,195000
2023-02-20,17.744617462158203,18.004844314001108,17.730550855795794,18.004844314001108,160000
2023-02-21,17.69538688659668,17.744618670752896,17.6672550134212,17.744618670752896,154000
2023-02-22,17.554725646972656,17.65319056881365,17.540660379394517,17.65319056881365,197000
2023-02-23,17.554725646972656,17.568792256016465,17.547693683916425,17.554725646972656,196000
2023-02-24,17.53362464904785,17.54769125614551,17.50549143485254,17.54769125614551,160000
2023-03-01,17.470325469970703,17.744617588666134,17.470325469970703,17.744617588666134,131000
2023-03-02,17.322629928588867,17.371863054458405,17.308564662663088,17.371863054458405,204000
2023-03-03,17.456260681152344,17.470327289079734,17.41406219883574,17.470327289079734,159000
2023-03-06,17.73758316040039,17.779782977111886,17.68835138236899,17.74461646318564,362000
2023-03-07,17.772750854492188,17.772750854492188,17.744617641483057,17.758684247987624,159000
2023-03-08,17.561756134033203,17.63208782650315,17.561756134033203,17.63208782650315,149000
2023-03-09,17.618022918701172,17.639122830916552,17.603957652023173,17.63208952684476,139000
2023-03-10,17.315597534179688,17.52659127392089,17.294497623619375,17.52659127392089,256000
2023-03-13,17.322629928588867,17.765718671156094,17.273398144184846,17.765718671156094,141000
2023-03-14,17.104602813720703,17.259332811495394,17.104602813720703,17.23119959682163,217000
2023-03-15,17.231199264526367,17.280431047790536,17.203066050395137,17.25229917512479,129000
2023-03-16,17.196033477783203,17.723519150826057,17.15383365808466,17.266363827683236,175000
2023-03-17,17.407028198242188,17.407028198242188,17.32966319920326,17.32966319920326,158000
2023-03-20,17.308565139770508,17.484393712611848,17.308565139770508,17.371863533310634,145000
2023-03-21,17.315597534179688,17.32262949623431,17.308564230659584,17.308564230659584,148000
2023-03-22,17.484392166137695,17.498457431207125,17.435160384731102,17.435160384731102,154000
2023-03-23,17.25933265686035,17.25933265686035,17.210099531622365,17.217132835227794,193000
2023-03-24,17.25933265686035,17.25933265686035,17.217132835227794,17.231199442438648,128000
2023-03-27,17.37186050415039,17.37186050415039,17.322627385508614,17.35779389882417,151000
2023-03-28,17.36482810974121,17.371861412772194,17.322628291555315,17.371861412772194,177000
2023-03-29,17.399993896484375,17.392960593205586,17.371862024834662,17.378893986648013,163000
2023-03-30,17.540658950805664,17.540658950805664,17.498459127111175,17.498459127111175,168000
2023-03-31,17.653186798095703,17.681318668708684,17.589888412384756,17.589888412384756,278000
2023-04-06,17.800884246826172,17.814950854532494,17.716487283519324,17.716487283519324,386000
2023-04-07,17.89231300354004,17.94154478119942,17.864179792611633,17.864179792611633,193000
2023-04-10,17.89934730529785,18.040009343394733,17.89934730529785,18.040009343394733,175000
2023-04-11,17.941547393798828,17.95561400131137,17.934514090042555,17.934514090042555,222000
2023-04-12,17.962646484375,17.969678446344464,17.948579877505143,17.969678446344464,154000
2023-04-13,17.913414001464844,17.9204473051515,17.878248824497078,17.899348735557048,168000
2023-04-14,18.096275329589844,18.138475150442748,18.096275329589844,18.12440854349178,347000
2023-04-17,18.13847541809082,18.14550738020459,18.103308900194488,18.103308900194488,182000
2023-04-18,18.166608810424805,18.173642114592347,18.15254220208972,18.159575506257262,153000
2023-04-19,18.15254020690918,18.173640117092674,18.13847494158564,18.166606813698177,237000
2023-04-20,18.131441116333008,18.14550638125172,18.117374509948874,18.131441116333008,375000
2023-04-21,18.06814193725586,18.110340413093542,18.06110863437202,18.110340413093542,329000
2023-04-24,18.018911361694336,18.05407653699623,18.018911361694336,18.04704323364276,165000
2023-04-25,18.06814193725586,18.0751752401397,18.047042028604338,18.06110863437202,245000
2023-04-26,17.92748260498047,17.948582518389813,17.92748260498047,17.92748260498047,188000
2023-04-27,17.83605194091797,17.892317033983787,17.829018636601536,17.892317033983787,118000
2023-04-28,18.096275329589844,18.11034193654081,18.08924202611436,18.10330863306533,135000
2023-05-02,18.243972778320312,18.258038044390712,18.166607778338232,18.166607778338232,176000
2023-05-03,18.089242935180664,18.110342846667482,18.089242935180664,18.110342846667482,151000
2023-05-04,17.955612182617188,17.955612182617188,17.878247190599893,17.878247190599893,229000
2023-05-05,17.829015731811523,17.955612505950263,17.80791582229993,17.955612505950263,311000
2023-05-08,18.040010452270508,18.06111036294143,18.01891188306507,18.025943845156558,158000
2023-05-09,18.061111450195312,18.07517805815605,18.04704484223457,18.061111450195312,149000
2023-05-10,18.032976150512695,18.040009453680348,18.025942847345043,18.040009453680348,111000
2023-05-11,18.131441116333008,18.138474419525075,18.117374509948874,18.117374509948874,116000
2023-05-12,18.08220863342285,18.1033085437452,18.075176671447537,18.1033085437452,190000
2023-05-15,18.075176239013672,18.075176239013672,18.01187785102646,18.068142935741157,178000
2023-05-16,18.08220863342285,18.117375150626764,18.08220863342285,18.117375150626764,220000
2023-05-17,18.025941848754883,18.03297515153291,18.018909887442195,18.03297515153291,147000
2023-05-18,18.208805084228516,18.21583838754253,18.201771780914502,18.208805084228516,276000
2023-05-19,18.398700714111328,18.426833928078103,18.391667410619636,18.391667410619636,279000
2023-05-22,18.279136657714844,18.300236567520457,18.279136657714844,18.300236567520457,256000
2023-05-23,18.31430435180664,18.370569440107783,18.31430435180664,18.328369617782787,170000
2023-05-24,18.15957260131836,18.173639207403244,18.13847403365642,18.173639207403244,189000
2023-05-25,18.110340118408203,18.131440026716394,18.096273512869406,18.131440026716394,132000
2023-05-26,18.145505905151367,18.173639117181477,18.131440640601696,18.145505905151367,178000
2023-05-29,18.426834106445312,18.48309919345802,18.412767499325764,18.461999282778695,337000
2023-05-30,18.398700714111328,18.412767321094716,18.391667410619636,18.412767321094716,159000
2023-05-31,18.363536834716797,18.39166870920441,18.363536834716797,18.363536834716797,247000
2023-06-01,18.30727195739746,18.349470440352913,18.300238653327288,18.34243713628274,329000
2023-06-02,18.490131378173828,18.497163339842604,18.45496486250289,18.45496486250289,155000
2023-06-05,18.694091796875,18.729256971068622,18.694091796875,18.694091796875,232000
2023-06-06,18.694091796875,18.694091796875,18.644860016417766,18.644860016417766,454000
2023-06-07,18.743324279785156,18.743324279785156,18.722225711064425,18.72925767299436,153000
2023-06-08,18.651893615722656,18.73629057171365,18.630793705992193,18.73629057171365,133000
2023-06-09,18.771455764770508,18.771455764770508,18.715190684254043,18.715190684254043,174000
2023-06-12,18.83475685119629,18.855855421002193,18.827723547439145,18.855855421002193,126000
2023-06-13,19.024648666381836,19.024648666381836,18.968383583765497,18.996516795806357,237000
2023-06-14,19.11608123779297,19.11608123779297,19.045749545573614,19.045749545573614,153000
2023-06-15,19.1512451171875,19.15827842008003,19.10201333840515,19.130146549975272,287000
2023-06-16,19.39037322998047,19.404439836621776,19.3622413581633,19.3622413581633,287000
2023-06-19,19.327075958251953,19.362242476887094,19.320042654524926,19.362242476887094,176000
2023-06-20,19.348176956176758,19.348176956176758,19.327077043810537,19.327077043810537,370000
2023-06-21,19.40443992614746,19.411473229500565,19.37630671273505,19.37630671273505,153000
2023-06-26,19.30597686767578,19.467738824636655,19.24267847730579,19.411473737803938,133000
2023-06-27,19.13718032836914,19.221578629627288,19.13718032836914,19.214545326066986,160000
2023-06-28,19.284875869750977,19.291909172891703,19.228610786090577,19.228610786090577,128000
2023-06-29,19.369272232055664,19.390370797905856,19.355205627178687,19.355205627178687,146000
2023-06-30,19.453672409057617,19.481805623483652,19.44663910545111,19.44663910545111,132000
2023-07-03,19.70686912536621,19.720935734829343,19.685769211171515,19.685769211171515,162000
2023-07-04,19.805328369140625,19.847526846818216,19.763129891463034,19.847526846818216,928000
2023-07-05,19.798297882080078,19.889729495096503,19.79126457788915,19.805331186271005,598000
2023-07-06,19.7560977935791,19.798296273831195,19.727964579100707,19.791262970211594,908000
2023-07-07,19.643566131591797,19.678731305562312,19.629499525417433,19.678731305562312,453000
2023-07-10,19.594335556030273,19.636534035682168,19.58730225251071,19.62246742864304,534000
2023-07-11,19.692800521850586,19.74203230852072,19.671700609792424,19.74203230852072,635000
2023-07-12,19.784229278564453,19.819395795972728,19.77016401306662,19.812362492491072,776000
2023-07-13,19.8475284576416,19.910826850027988,19.83346319158448,19.903793546266666,1229000
2023-07-14,19.882692337036133,19.960055985209674,19.868625731380817,19.89675894269145,866000
2023-07-17,20.058523178100586,20.058523178100586,19.910826484753414,19.910826484753414,2646000
2023-07-18,20.077045440673828,20.277075381013997,20.062228094042716,20.277075381013997,957000
2023-07-19,20.217803955078125,20.269663246371373,20.158534578674747,20.158534578674747,651000
2023-07-20,20.232624053955078,20.291892029507704,20.18076475197903,20.277076095414547,254000
2023-07-21,20.202991485595703,20.210400159433707,20.077046856469767,20.202991485595703,399000
2023-07-24,20.247438430786133,20.26225577576557,20.202987808907622,20.22521241331698,377000
2023-07-25,20.314117431640625,20.38079407873942,20.291891411587706,20.38079407873942,265000
2023-07-26,20.33634376525879,20.37338571952484,20.314117744863168,20.314117744863168,442000
2023-07-27,20.33634376525879,20.343751025664016,20.299300397932758,20.343751025664016,315000
2023-07-28,20.388202667236328,20.388202667236328,20.284482653814347,20.299300000454622,531000
2023-07-31,20.528963088989258,20.558597782079044,20.484512462414518,20.484512462414518,350000
2023-08-01,20.595640182495117,20.610457529361682,20.57341557525524,20.610457529361682,431000
2023-08-02,20.521554946899414,20.595638850320373,20.51414627394534,20.588231590426183,366000
2023-08-04,20.395610809326172,20.425244088774935,20.365976116817492,20.4104267425206,208000
2023-08-07,20.29189109802246,20.321525790968412,20.26966649137293,20.321525790968412,259000
2023-08-08,20.388202667236328,20.388202667236328,20.351159300635636,20.373385320596054,203000
2023-08-09,20.358566284179688,20.365974956884898,20.343748938769263,20.365974956884898,168000
2023-08-10,20.217803955078125,20.262254574320952,20.210395283027704,20.262254574320952,352000
2023-08-11,20.16594696044922,20.202990327515824,20.16594696044922,20.202990327515824,410000
2023-08-14,20.16594696044922,20.232623608109137,20.143722353269226,20.232623608109137,210000
2023-08-15,20.32893180847168,20.373382429023728,20.321523136203048,20.321523136203048,397000
2023-08-16,20.062227249145508,20.136312566121106,20.062227249145508,20.136312566121106,392000
2023-08-17,19.951099395751953,19.965916741324982,19.906648772092716,19.921464704605896,246000
2023-08-18,19.780704498291016,19.899240438777714,19.780704498291016,19.899240438777714,335000
2023-08-21,19.77329444885254,19.82515374257278,19.77329444885254,19.81033639777849,291000
2023-08-22,19.906648635864258,19.92887324101186,19.89183129039263,19.92887324101186,302000
2023-08-23,19.94369125366211,19.96591727261308,19.914056561727477,19.914056561727477,282000
2023-08-24,20.16594696044922,20.17335563386254,20.121496333029263,20.16594696044922,468000
2023-08-25,19.77329444885254,19.802927725381345,19.74365975926396,19.74365975926396,808000
2023-08-28,19.921464920043945,19.943690938643847,19.91405624717731,19.921464920043945,160000
2023-08-29,20.06963348388672,20.06963348388672,20.039998795472847,20.062224811783253,143000
2023-08-30,20.351158142089844,20.37338416078498,20.343749469191465,20.351158142089844,277000
2023-08-31,20.44746971130371,20.45487838428709,20.410426346386814,20.417835019370195,693000
2023-09-01,20.440061569213867,20.447470242389674,20.41783554968645,20.43265289603806,405000
2023-09-04,20.477102279663086,20.477102279663086,20.44746900181767,20.462286347270297,190000
2023-09-05,20.44746971130371,20.46969431719396,20.432652365336953,20.46969431719396,226000
2023-09-06,20.425243377685547,20.440060723424033,20.41042603194706,20.425243377685547,598000
2023-09-07,20.29189109802246,20.38820243703687,20.29189109802246,20.38820243703687,256000
2023-09-08,20.358566284179688,20.365974956884898,20.299298315597817,20.32893300641867,256000
2023-09-11,20.41042709350586,20.41042709350586,20.373385140292935,20.395611160056653,320000
2023-09-12,20.469694137573242,20.469694137573242,20.432652186041274,20.432652186041274,171000
2023-09-13,20.373384475708008,20.403019167759602,20.358567129682207,20.395610494746705,194000
2023-09-14,20.41042709350586,20.447470459778717,20.41042709350586,20.447470459778717,288000
2023-09-15,20.521554946899414,20.54377955270175,20.484511582129052,20.499328928037198,237000
2023-09-18,20.29189109802246,20.29189109802246,20.26966649137293,20.277075164609418,205000
2023-09-19,20.30670738220215,20.328933400748916,20.291890036504306,20.299298709353227,179000
2023-09-20,20.28447914123535,20.29929648530977,20.28447914123535,20.28447914123535,207000
2023-09-21,20.10667610168457,20.128902118735972,20.084451497692932,20.128902118735972,215000
2023-09-22,19.877016067504883,19.88442474103184,19.839974112930097,19.86960739397793,392000
2023-09-25,19.869606018066406,19.891832037108188,19.832564066056666,19.84738141208452,280000
2023-09-26,19.85478973388672,19.85478973388672,19.817747779895946,19.83997380012639,224000
2023-09-27,19.736251831054688,19.736251831054688,19.70661855340851,19.721435898761513,161000
2023-09-28,19.699209213256836,19.75106850717535,19.669574523554953,19.75106850717535,449000
2023-10-02,19.832563400268555,19.862196678269566,19.82515472750334,19.839972073033767,188000
2023-10-03,19.758480072021484,19.78811335300157,19.751071398511467,19.77329741904152,213000
2023-10-04,19.521406173706055,19.528814846457713,19.48436280994777,19.5139975009544,286000
2023-10-05,19.669574737548828,19.69920942757312,19.647350133090406,19.647350133090406,271000
2023-10-06,19.610307693481445,19.669575663259565,19.602899020626698,19.669575663259565,198000
2023-10-11,19.988142013549805,20.025185378718366,19.92887404234,19.943691388407427,346000
2023-10-12,20.121496200561523,20.136313547290616,20.054819553340565,20.054819553340565,533000
2023-10-13,20.025184631347656,20.032593304104864,20.00295861307603,20.017775958590445,153000
2023-10-16,19.98073387145996,20.002959891151704,19.928874571905823,19.995551217921125,195000
2023-10-17,20.09926986694336,20.1214958866903,20.07704526025636,20.07704526025636,971000
2023-10-18,20.121496200561523,20.136313547290616,20.099270180467887,20.10667885383243,489000
2023-10-19,19.9140567779541,19.951100143274605,19.8696061526294,19.936282797146404,456000
2023-10-20,19.751070022583008,19.758478695576912,19.714028070673375,19.751070022583008,161000
2023-10-23,19.6028995513916,19.625125570557632,19.58808361834081,19.610308224446943,411000
2023-10-24,19.58067512512207,19.588083798245457,19.528815826318265,19.54363175950513,182000
2023-10-25,19.632532119750977,19.66957406796057,19.580672827033645,19.66216680876645,213000
2023-10-26,19.343605041503906,19.373238323701308,19.336196367689542,19.373238323701308,218000
2023-10-27,19.343605041503906,19.343605041503906,19.31397034624646,19.31397034624646,163000
2023-10-30,19.210250854492188,19.247292808798477,19.210250854492188,19.247292808798477,239000
2023-10-31,19.28433609008789,19.351012737989574,19.28433609008789,19.351012737989574,194000
2023-11-01,19.48436164855957,19.48436164855957,19.43250235544895,19.43250235544895,216000
2023-11-02,19.706619262695312,19.751069887294374,19.691801916809,19.691801916809,270000
2023-11-03,19.988142013549805,19.988142013549805,19.936282715373714,19.97332466748238,171000
2023-11-06,20.077045440673828,20.121496067507216,20.069636767358272,20.121496067507216,180000
2023-11-07,20.091859817504883,20.106675748886087,20.091859817504883,20.091859817504883,161000
2023-11-08,20.180761337280273,20.24743797512741,20.180761337280273,20.24743797512741,235000
2023-11-09,20.2252140045166,20.26966604295213,20.2252140045166,20.26966604295213,151000
2023-11-10,20.11408805847168,20.217808075254933,20.099270711351213,20.217808075254933,296000
2023-11-13,20.351158142089844,20.4474694767089,20.343749469191465,20.351158142089844,293000
2023-11-14,20.44746971130371,20.45487838428709,20.40301908646332,20.417835019370195,226000
2023-11-15,20.66972541809082,20.75121941245916,20.654908071285675,20.75121941245916,271000
2023-11-16,20.58823013305664,20.65490535880382,20.566004115767726,20.65490535880382,226000
2023-11-17,20.60304832458496,20.662316297462755,20.60304832458496,20.61045699782718,133000
2023-11-20,20.469694137573242,20.595638751065753,20.469694137573242,20.595638751065753,330000
2023-11-21,20.521554946899414,20.647499560998877,20.51414627394534,20.647499560998877,272000
2023-11-22,20.469694137573242,20.484511483409978,20.410426167286168,20.469694137573242,180000
2023-11-23,20.647499084472656,20.647499084472656,20.558596424135466,20.558596424135466,372000
2023-11-24,20.647499084472656,20.669723689762066,20.647499084472656,20.669723689762066,133000
2023-11-27,20.625272750854492,20.66972337381371,20.625272750854492,20.66972337381371,175000
2023-11-28,20.60304832458496,20.654907624220538,20.595639651342744,20.654907624220538,240000
2023-11-29,20.506736755371094,20.595638001034246,20.506736755371094,20.595638001034246,225000
2023-11-30,20.51414680480957,20.51414680480957,20.447470159557348,20.484512112226398,187000
2023-12-01,20.595640182495117,20.610457529361682,20.51414760084895,20.521556274282233,267000
2023-12-04,20.662315368652344,20.662315368652344,20.617864744257123,20.662315368652344,192000
2023-12-05,20.61786460876465,20.640090627346133,20.59563859018316,20.640090627346133,246000
2023-12-06,20.743810653686523,20.743810653686523,20.684542679769816,20.684542679769816,232000
2023-12-07,20.60304832458496,20.647500364038258,20.528963005222735,20.64009169079604,198000
2023-12-08,20.66972541809082,20.66972541809082,20.617866117332774,20.63268346413792,202000
2023-12-11,20.78826141357422,20.7956700869936,20.7438107861179,20.7438107861179,236000
2023-12-12,20.87716293334961,20.891980279373453,20.832712308337978,20.847528241301926,255000
2023-12-13,21.025331497192383,21.040148842753062,21.003106891911216,21.003106891911216,247000
2023-12-14,21.180910110473633,21.19572745555232,21.114233470679334,21.114233470679334,395000
2023-12-15,21.1586856842041,21.1586856842041,21.106826385588146,21.106826385588146,301000
2023-12-18,21.22536277770996,21.240180124216298,21.188320824504057,21.188320824504057,271000
2023-12-19,21.336490631103516,21.35130797801314,21.247589375765738,21.25499804922055,381000
2023-12-20,21.3957576751709,21.4031663483035,21.366124395700396,21.4031663483035,194000
2023-12-21,21.180910110473633,21.225360732649897,21.12164214321868,21.225360732649897,316000
2023-12-22,21.21054458618164,21.21054458618164,21.180911307409485,21.188319980367496,173000
2023-12-25,21.232770919799805,21.336489516629648,21.21054490059631,21.314264910486052,270000
2023-12-26,21.203136444091797,21.232769721631012,21.19572777144204,21.225361048981252,384000
2023-12-27,21.217952728271484,21.24017874658942,21.203136795786037,21.203136795786037,296000
2023-12-28,21.14386749267578,21.203135458057826,21.114232803454883,21.203135458057826,262000
2023-12-29,21.180910110473633,21.21795206011055,21.151275420316253,21.173501437934288,203000
2024-01-02,21.092008590698242,21.114234609515076,21.054966639063394,21.106825936576133,319000
2024-01-03,21.03274154663086,21.054967566426637,21.003108266629763,21.040150219896116,546000
2024-01-04,21.003108978271484,21.032742259276638,20.98088295772263,21.032742259276638,1042000
2024-01-05,20.943838119506836,21.003106086416697,20.936429447010628,20.980880068928077,1182000
2024-01-08,20.87716293334961,20.96606418337288,20.86234558732577,20.96606418337288,1181000
2024-01-09,21.18832015991211,21.195728832932897,21.106826169743325,21.106826169743325,1228000
2024-01-10,21.232770919799805,21.262405612071134,21.21054490059631,21.225362246731972,683000
2024-01-11,21.484663009643555,21.49207168369685,21.410577682170697,21.410577682170697,514000
2024-01-12,21.403165817260742,21.484659806637495,21.38094121147427,21.484659806637495,866000
2024-01-15,21.403165817260742,21.403165817260742,21.403165817260742,21.403165817260742,0
2024-01-16,21.64023780822754,21.64023780822754,21.573562577472877,21.603195856357186,2160000
2024-01-17,21.62462043762207,21.718334099770125,21.601191277309155,21.718334099770125,1362000
2024-01-18,21.577760696411133,21.64023696358061,21.577760696411133,21.64023696358061,359000
2024-01-19,21.671476364135742,21.7495720723673,21.671476364135742,21.671476364135742,326000
2024-01-22,21.968238830566406,21.983858270523086,21.905762560291475,21.983858270523086,325000
2024-01-23,21.97604751586914,21.983857235479782,21.952619846588924,21.9682377962585,337000
2024-01-24,22.116621017456055,22.12443073760615,22.077573906257385,22.101001577155863,360000
2024-01-25,22.08538055419922,22.147856817157354,22.061951397008066,22.147856817157354,530000
2024-01-26,22.030715942382812,22.085383984319424,22.030715942382812,22.085383984319424,373000
2024-01-29,22.061954498291016,22.0775739386141,22.030715617644848,22.030715617644848,231000
2024-01-30,22.179094314575195,22.1947137527806,22.147856927715996,22.1556666468187,419000
2024-01-31,22.116621017456055,22.132240457756247,22.054144745807097,22.132240457756247,216000
2024-02-01,21.97604751586914,22.00728639431171,21.937000407367638,22.00728639431171,290000
2024-02-02,22.249380111694336,22.296236936368796,22.08538048055792,22.08538048055792,1413000
2024-02-05,22.530527114868164,22.553954785628104,22.37433569189349,22.41338429241306,878000
2024-02-15,22.74919319152832,22.772622351708193,22.632050369732546,22.632050369732546,1068000
2024-02-16,22.96786117553711,22.983480615854912,22.75700319990223,22.75700319990223,972000
2024-02-19,22.90538215637207,22.96004870137544,22.88195299870564,22.96004870137544,531000
2024-02-20,22.89757537841797,22.905385098643297,22.866337987068484,22.905385098643297,265000
2024-02-21,22.74919319152832,22.85852778281593,22.70233636072037,22.85852778281593,486000
2024-02-22,22.991289138793945,22.99909885854617,22.77262145438679,22.819478283348417,503000
2024-02-23,23.5301456451416,23.54576508414781,23.303669737758337,23.303669737758337,418000
2024-02-26,23.467670440673828,23.53014670997427,23.42862333094296,23.51452875981298,316000
2024-02-27,23.420814514160156,23.452053394790784,23.397385353687188,23.452053394790784,253000
2024-02-29,23.444242477416992,23.452052197175835,23.288051061343637,23.420813318140468,252000
2024-03-01,23.569194793701172,23.60824190257792,23.444242257833512,23.444242257833512,222000
2024-03-04,23.68633460998535,23.71757348477169,23.631668068660787,23.631668068660787,329000
2024-03-05,23.64729118347168,23.678528573564247,23.569195473912604,23.678528573564247,283000
2024-03-06,23.514530181884766,23.553577293977057,23.4286247478195,23.553577293977057,321000
2024-03-07,23.452051162719727,23.514527428482932,23.42862200447665,23.514527428482932,397000
2024-03-08,23.741004943847656,23.81129093379332,23.686338393790315,23.686338393790315,478000
2024-03-11,23.475481033325195,23.608243296718577,23.475481033325195,23.608243296718577,316000
2024-03-12,23.545764923095703,23.545764923095703,23.467669218150522,23.467669218150522,216000
2024-03-13,23.764434814453125,23.795672205612274,23.647291990890643,23.717577982938497,353000
2024-03-14,23.741004943847656,23.81910065373748,23.741004943847656,23.780053543568453,365000
2024-03-15,23.741004943847656,23.764434103680134,23.709767553622793,23.756624383735975,327000
2024-03-18,23.741004943847656,23.741004943847656,23.741004943847656,23.741004943847656,0
2024-03-19,23.81909942626953,23.834718865352933,23.764432879029314,23.764432879029314,236000
2024-03-20,23.81909942626953,23.81909942626953,23.81909942626953,23.81909942626953,0
2024-03-21,24.506336212158203,24.506336212158203,24.342336584817023,24.350146303673966,367000
2024-03-22,24.514150619506836,24.52196033985744,24.467293786955043,24.50634089915623,220000
2024-03-25,24.514150619506836,24.514150619506836,24.514150619506836,24.514150619506836,0
2024-03-26,24.514150619506836,24.514150619506836,24.514150619506836,24.514150619506836,0
2024-03-27,24.45948028564453,24.45948028564453,24.42043317947927,24.436052617766023,274000
2024-03-28,24.506336212158203,24.51414593101515,24.49852798285282,24.51414593101515,175000
2024-03-29,24.576623916625977,24.615672513650377,24.561005967367887,24.615672513650377,194000
2024-04-01,24.576623916625977,24.600053074840616,24.553196247963008,24.553196247963008,174000
2024-04-02,24.568815231323242,24.576624951056836,24.482911293357205,24.506338963006247,252000
2024-04-03,24.443862915039062,24.52976834333123,24.443862915039062,24.506339183919252,332000
2024-04-08,24.482912063598633,24.561007773839734,24.42043579331611,24.443863463702193,367000
2024-04-09,24.506336212158203,24.56100424415683,24.48290854513893,24.48290854513893,240000
2024-04-10,24.451671600341797,24.467291039288956,24.39700505357843,24.467291039288956,286000
2024-04-11,24.436054229736328,24.436054229736328,24.311100204751103,24.41262507076065,198000
2024-04-12,24.62348175048828,24.62348175048828,24.49852922156234,24.49852922156234,248000
2024-04-15,24.42043685913086,24.45167425085957,24.40481741849058,24.40481741849058,295000
2024-04-16,24.084625244140625,24.209577784509435,24.037768413890266,24.209577784509435,350000
2024-04-17,24.13928985595703,24.13928985595703,24.08462331012941,24.08462331012941,172000
2024-04-18,23.920621871948242,24.006527294018042,23.873765046070005,23.951860748901492,339000
2024-04-19,23.600431442260742,23.819099117942756,23.553574615168767,23.819099117942756,463000
2024-04-22,23.64729118347168,23.655100903382763,23.58481491373477,23.600432864005175,222000
2024-04-23,23.8581485748291,23.936244287373345,23.819101463332892,23.819101463332892,255000
2024-04-24,24.24862289428711,24.25643261360983,24.139289802872298,24.147099522195024,201000
2024-04-25,23.912813186645508,24.09243225704946,23.89719374846648,24.09243225704946,1115000
2024-04-26,24.201766967773438,24.201766967773438,24.06900471345409,24.201766967773438,247000
2024-04-29,24.256433486938477,24.295482084957996,24.201766939262857,24.201766939262857,307000
2024-04-30,24.23300552368164,24.24862347314826,24.19395692613586,24.240815243190795,182000
2024-05-02,23.990909576416016,24.13148155368563,23.920623587781208,24.13148155368563,271000
2024-05-03,23.95966911315918,24.16271733321749,23.95966911315918,24.09243135359917,469000
2024-05-06,24.100244522094727,24.14710135203016,24.092434802180193,24.092434802180193,328000
2024-05-07,24.350149154663086,24.373576824425346,24.24862428718751,24.2954826058155,403000
2024-05-08,24.41262435913086,24.428243797992668,24.397004920269048,24.397004920269048,232000
2024-05-09,24.389196395874023,24.428244994941874,24.381386676060455,24.404815835501164,179000
2024-05-10,24.561006546020508,24.58443421523543,24.490720559272336,24.490720559272336,288000
2024-05-13,24.615673065185547,24.63129250434527,24.60005362602582,24.607863345605683,217000
2024-05-14,24.568815231323242,24.61567354972479,24.568815231323242,24.61567354972479,159000
2024-05-15,24.64691162109375,24.701578171189794,24.600054790947393,24.600054790947393,231000
2024-05-16,24.834339141845703,24.85776830047834,24.740625486418555,24.75624492550698,317000
2024-05-17,24.77186393737793,24.834340206859206,24.756245987171432,24.834340206859206,149000
2024-05-20,24.91243553161621,24.92024525137481,24.803102434099294,24.803102434099294,271000
2024-05-21,24.920244216918945,24.951483094656595,24.912434497484533,24.912434497484533,194000
2024-05-22,24.967103958129883,24.967103958129883,24.92805684595192,24.92805684595192,160000
2024-05-23,25.013957977294922,25.037388625249378,24.951483200657563,24.967101150041064,204000
2024-05-24,24.77186393737793,24.834340206859206,24.756245987171432,24.834340206859206,440000
2024-05-27,24.82653045654297,24.881197002798192,24.810911017741002,24.84214840579327,587000
2024-05-28,24.834339141845703,24.873387739566763,24.82653091185319,24.873387739566763,168000
2024-05-29,24.84214973449707,24.857769174134457,24.80310262495535,24.83434001467838,331000
2024-05-30,24.701576232910156,24.740624829594537,24.693768003124937,24.740624829594537,306000
2024-05-31,24.678152084350586,24.693771525252174,24.60786608984531,24.639103482096615,310000
2024-06-03,24.849956512451172,24.912432774052714,24.84214679355703,24.849956512451172,222000
2024-06-04,24.779672622680664,24.849958609106558,24.725006075360902,24.849958609106558,218000
2024-06-05,24.857769012451172,24.857769012451172,24.818721903163425,24.818721903163425,177000
2024-06-06,25.045196533203125,25.099863079221823,25.0217688646532,25.092054849406292,273000
2024-06-07,25.123289108276367,25.131100316685483,25.04519489880402,25.04519489880402,197000
2024-06-11,25.19357681274414,25.224815690312386,25.123290827767253,25.123290827767253,334000
2024-06-12,25.287294387817383,25.318530287446347,25.248247278953592,25.256055509084973,163000
2024-06-13,25.52157974243164,25.52157974243164,25.412246647161183,25.466913194796412,249000
2024-06-14,25.584056854248047,25.59967629486934,25.568440392730444,25.59967629486934,198000
2024-06-17,25.560626983642578,25.584054653006962,25.53719931427819,25.584054653006962,352000
2024-06-18,25.771486282348633,25.771486282348633,25.638725510257768,25.638725510257768,364000
2024-06-19,25.91205596923828,25.919864199038884,25.78710343870544,25.78710343870544,350000
2024-06-20,25.943294525146484,25.95110275485032,25.89643620961361,25.90424443931745,318000
2024-06-21,25.70119857788086,25.896437097305387,25.70119857788086,25.896437097305387,1327000
2024-06-24,25.63091278076172,25.662151659084856,25.599673902438585,25.615293341600154,300000
2024-06-25,25.61529541015625,25.623106619919533,25.50596230629952,25.59967596973334,353000
2024-06-26,25.81053352355957,25.818344733194767,25.701200421495624,25.701200421495624,546000
2024-06-27,25.802724838256836,25.810533068650813,25.732438848296855,25.810533068650813,253000
2024-06-28,25.849578857421875,25.93548428288195,25.84177062742705,25.93548428288195,322000
2024-07-01,25.818344116210938,25.82615234655594,25.724627477449744,25.82615234655594,265000
2024-07-02,25.89643669128418,25.958914446490088,25.818342476380135,25.818342476380135,765000
2024-07-03,26.091676712036133,26.12291559144025,26.013582492629347,26.013582492629347,975000
2024-07-04,26.247867584228516,26.28691469312007,26.177581596582332,26.177581596582332,1170000
2024-07-05,26.263484954833984,26.333770936943747,26.17757953457725,26.318151498796777,1173000
2024-07-08,26.18539047241211,26.450914990166964,26.17758224208264,26.318154220841297,2748000
2024-07-09,26.294723510742188,26.349393039335947,26.216629291214268,26.24005696125194,1054000
2024-07-10,26.333770751953125,26.372817857494645,26.318151313915877,26.372817857494645,642000
2024-07-11,26.583677291870117,26.630532629504046,26.46653298957857,26.46653298957857,1143000
2024-07-12,26.302532196044922,26.404057054971236,26.271293319590175,26.404057054971236,1689000
2024-07-15,26.497774124145508,26.55244067544313,26.38844102155026,26.38844102155026,1311000
2024-07-16,26.693012237548828,26.72425111754155,26.552440256685152,26.552440256685152,1172000
2024-07-17,26.75548553466797,26.864821608579106,26.739869074641206,26.864821608579106,1900000
2024-07-18,26.419677734375,26.70862990739809,26.39624708638157,26.70862990739809,2007000
2024-07-19,26.302532196044922,26.34939051072704,26.271293319590175,26.318151634272294,2536000
2024-07-22,26.177581787109375,26.224440105582357,26.083868129266875,26.16196234761838,1940000
2024-07-23,26.341581344604492,26.396247893087565,26.23224824763835,26.23224824763835,3010000
2024-07-26,26.90825843811035,27.36726698618604,26.665764727467323,27.36726698618604,2136000
2024-07-29,27.159414291381836,27.254678968940073,26.908258205399896,26.908258205399896,761000
2024-07-30,27.003524780273438,27.159414538249614,26.942901352585928,27.159414538249614,729000
2024-07-31,26.977542877197266,27.02950557976201,26.9082587231561,27.003525054411906,363000
2024-08-01,27.41922950744629,27.453872409803786,27.2200377744842,27.280661201745318,899000
2024-08-02,26.70906639099121,26.934240299568355,26.68308421435614,26.934240299568355,1286000
2024-08-05,25.77372932434082,26.328002540391868,25.687123721366724,26.328002540391868,1323000
2024-08-06,25.860334396362305,25.938279272252217,25.288739741079265,25.288739741079265,1071000
2024-08-07,25.998905181884766,26.024885708421035,25.77373125800433,25.860336867475976,524000
2024-08-08,25.55721664428711,25.808371080788874,25.522573741671962,25.808371080788874,664000
2024-08-09,26.007564544677734,26.06818797257057,25.99024309331849,26.050866521211326,317000
2024-08-12,26.13747215270996,26.215417032041266,26.050866547690234,26.068187999067085,343000
2024-08-13,26.146133422851562,26.206756852068406,26.13747269698279,26.206756852068406,313000
2024-08-14,26.475231170654297,26.475231170654297,26.362645044790856,26.362645044790856,309000
2024-08-15,26.613800048828125,26.674423475749116,26.553176621907138,26.553176621907138,339000
2024-08-16,27.090129852294922,27.150753278790518,26.856295219928057,26.925579371903666,293000
2024-08-19,26.89093780517578,27.090131197377453,26.86495727931024,27.090131197377453,413000
2024-08-20,27.05548667907715,27.08146885525665,27.020845429368947,27.020845429368947,258000
2024-08-21,27.003524780273438,27.020846231574016,26.934240626935637,27.020846231574016,424000
2024-08-22,27.107450485229492,27.16807556545443,27.02084653149436,27.02084653149436,301000
2024-08-23,26.977542877197266,27.072809208453073,26.916919448894312,27.072809208453073,431000
2024-08-26,27.020845413208008,27.107449363358942,26.977541786268073,27.107449363358942,304000
2024-08-27,27.01218605041504,27.020846776239907,26.890937540731468,26.986203872940443,206000
2024-08-28,27.133432388305664,27.133432388305664,26.986203355833233,27.020846258468872,256000
2024-08-29,26.925579071044922,27.072808098831057,26.908257620278444,27.072808098831057,280000
2024-08-30,27.038166046142578,27.07280894876312,26.925579916354835,26.925579916354835,189000
2024-09-02,27.25467872619629,27.28066090267958,27.012185019810186,27.012185019810186,385000
2024-09-03,27.367265701293945,27.37592642653379,27.26333865028022,27.26333865028022,418000
2024-09-04,26.700407028198242,26.80433408817833,26.65710505012754,26.778351910217165,735000
2024-09-05,26.657102584838867,26.804331609273692,26.63978113446667,26.804331609273692,371000
2024-09-06,26.50987434387207,26.60513902000574,26.50987434387207,26.60513902000574,659000
2024-09-09,26.31068229675293,26.371307377921863,26.198096164025458,26.371307377921863,338000
2024-09-10,26.56183624267578,26.587818418217466,26.44058939387676,26.44058939387676,244000
2024-09-11,26.518535614013672,26.63112174334401,26.50121416277377,26.63112174334401,349000
2024-09-12,26.960220336914062,26.968881062302504,26.78701078473859,26.847634210593228,389000
2024-09-13,27.029504776000977,27.055486952442994,26.98620280046209,27.03816550148165,281000
2024-09-16,27.038166046142578,27.05548749745285,27.003524795386546,27.05548749745285,256000
2024-09-18,27.107450485229492,27.13343266246875,27.038166331122667,27.038166331122667,318000
2024-09-19,27.25467872619629,27.28066090267958,27.124771147508806,27.124771147508806,362000
2024-09-20,27.427888870239258,27.453871045716415,27.306642021741364,27.306642021741364,371000
2024-09-23,27.575119018554688,27.592440469579053,27.427889988576563,27.427889988576563,401000
2024-09-24,27.531816482543945,27.60110063336688,27.479852130528407,27.57511845735911,430000
2024-09-25,27.488513946533203,27.53181757493099,27.453872695679493,27.53181757493099,429000
2024-09-26,27.609760284423828,27.61842100994093,27.531817058498884,27.583779759737013,296000
2024-09-27,27.471193313598633,27.583781098922586,27.453873513588047,27.583781098922586,259000
2024-09-30,27.332622528076172,27.462530101650998,27.323961802922593,27.462530101650998,439000
2024-10-01,27.540475845336914,27.59244019789836,27.479852419213035,27.59244019789836,532000
2024-10-04,27.427888870239258,27.497173019647256,27.41056741992115,27.497173019647256,401000
2024-10-07,27.817611694335938,27.85225459510058,27.427888971920318,27.427888971920318,671000
2024-10-08,27.609760284423828,27.782973142901394,27.592440485254112,27.782973142901394,278000
2024-10-09,27.782974243164062,27.895558723751503,27.71368843628338,27.71368843628338,481000
2024-10-11,27.921541213989258,27.990823713817818,27.8868983122105,27.8868983122105,532000
2024-10-14,28.155372619628906,28.155372619628906,28.077427742275372,28.077427742275372,451000
2024-10-15,28.467151641845703,28.467151641845703,28.241979390971927,28.241979390971927,534000
2024-10-16,28.20733642578125,28.267959851022564,28.17269352457796,28.267959851022564,473000
2024-10-17,28.311262130737305,28.328583581525603,28.276622532889643,28.302603057207623,232000
2024-10-18,28.345903396606445,28.39786774597272,28.337244323576435,28.39786774597272,267000
2024-10-21,28.33724594116211,28.397869367018984,28.328583563908882,28.328583563908882,272000
2024-10-22,28.293941497802734,28.345905851669688,28.285282424022757,28.345905851669688,269000
2024-10-23,28.319923400878906,28.345903924181226,28.293939573847787,28.293939573847787,126000
2024-10-24,28.1207332611084,28.3199249929917,28.1207332611084,28.3199249929917,173000
2024-10-25,28.103410720825195,28.16403414540841,28.103410720825195,28.12073217123881,74000
2024-10-28,28.16403579711914,28.190016322398787,28.120733820410045,28.190016322398787,159000
2024-10-29,28.112070083618164,28.146712984802086,28.112070083618164,28.146712984802086,177000
2024-10-30,28.155372619628906,28.22465842337825,28.13805447242053,28.13805447242053,151000
2024-11-01,27.65306282043457,28.12073206871044,27.46253017030836,28.12073206871044,317000
2024-11-04,27.64440155029297,27.713685698464555,27.583778127125882,27.713685698464555,142000
2024-11-05,27.61842155456543,27.644403731629097,27.55779812661473,27.5837803036784,206000
2024-11-06,28.241979598999023,28.345904999880965,27.67038493855494,27.67038493855494,495000
2024-11-07,28.744287490844727,28.856875265193537,28.72696604065808,28.84821619196462,1071000
2024-11-08,28.830894470214844,28.891517893432685,28.81357302019135,28.8395535433622,421000
2024-11-11,29.220619201660156,29.220619201660156,28.88285587757336,28.88285587757336,883000
2024-11-12,29.31588363647461,29.350526538625658,29.263922586977028,29.263922586977028,477000
2024-11-13,29.32454490661621,29.341866357037695,29.272580555351755,29.315882529541035,564000
2024-11-14,29.46311378479004,29.46311378479004,29.33320455594246,29.33320455594246,697000
2024-11-15,29.2812442779541,29.315883876659964,29.246601375519226,29.272581900480876,210000
2024-11-18,28.969465255737305,29.16865699252892,28.787594970457448,29.16865699252892,340000
2024-11-19,29.09071159362793,29.099370667364802,28.96946473893767,29.021425788816916,146000
2024-11-20,29.09071159362793,29.09071159362793,29.09071159362793,29.09071159362793,0
2024-11-21,29.151334762573242,29.159993836233358,29.06473081105615,29.06473081105615,188000
2024-11-22,29.272581100463867,29.324545452696,29.22062005196066,29.22062005196066,394000
2024-11-25,29.46311378479004,29.57570156287601,29.35918838394933,29.35918838394933,190000
2024-11-26,29.393827438354492,29.437132716322406,29.28124296607874,29.437132716322406,277000
2024-11-27,29.52373695373535,29.584360379009087,29.41114917662889,29.41114917662889,677000
2024-11-28,29.4371337890625,29.523737740696596,29.315883631554186,29.523737740696596,1727000
2024-11-29,29.515077590942383,29.532395737654614,29.46311323961909,29.46311323961909,205000
2024-12-02,29.593021392822266,29.60168377056015,29.53239796357354,29.541060341311425,311000
2024-12-03,29.800874710083008,29.809533783859333,29.66230640355861,29.66230640355861,408000
2024-12-04,29.679628372192383,29.783553777964972,29.65364784668151,29.783553777964972,354000
2024-12-05,29.783554077148438,29.7922164548918,29.688287744346137,29.766232625390828,288000
2024-12-06,29.748910903930664,29.783553807131813,29.714271304458602,29.783553807131813,270000
2024-12-09,29.904800415039062,29.913462792631602,29.81819646148802,29.83551791294404,248000
2024-12-10,29.65364646911621,29.835516746701696,29.61900356755833,29.835516746701696,282000
2024-12-11,29.619003295898438,29.65364619713858,29.59301946810388,29.65364619713858,217000
2024-12-12,29.740251541137695,29.774894444002367,29.70560863827302,29.70560863827302,107000
2024-12-13,29.679628372192383,29.774894704037706,29.66230692060877,29.74025180087048,193000
2024-12-16,29.65364646911621,29.705607517724104,29.644984091862277,29.679626993420158,977000
2024-12-17,29.714271545410156,29.74891114516311,29.64498573844602,29.64498573844602,103000
2024-12-18,29.65364646911621,29.714269894978038,29.584360666000446,29.714269894978038,316000
2024-12-19,28.99544334411621,29.272579937553285,28.943478993948464,29.272579937553285,754000
2024-12-20,28.830894470214844,28.87419644340919,28.77893012014436,28.87419644340919,397000
2024-12-23,29.32454490661621,29.32454490661621,28.891518557265655,28.891518557265655,173000
2024-12-24,29.411148071289062,29.42846952124899,29.376505171369203,29.385167548213555,114000
2024-12-25,29.783554077148438,29.783554077148438,29.489096004727294,29.489096004727294,459000
2024-12-26,29.792213439941406,29.792213439941406,29.662304216770607,29.78355106307467,266000
2024-12-27,29.679628372192383,29.79221615562132,29.66230692060877,29.79221615562132,269000
2024-12-30,29.402490615844727,29.627662870254817,29.402490615844727,29.627662870254817,396000
2024-12-31,29.151334762573242,29.159993836233358,29.0993704094256,29.151334762573242,406000
2025-01-02,29.125354766845703,29.134013840663087,29.047409887573075,29.116692389299278,242000
2025-01-03,29.151334762573242,29.220620566770098,29.108032786814697,29.116691860474813,1774000
2025-01-06,29.48909568786621,29.567040568073377,29.454452784723227,29.454452784723227,2759000
2025-01-07,29.393827438354492,29.60168153992234,29.393827438354492,29.60168153992234,2127000
2025-01-08,29.272581100463867,29.28124347770035,29.177314773236084,29.177314773236084,1946000
2025-01-09,29.255260467529297,29.32454627244231,29.255260467529297,29.307224821214056,1419000
2025-01-10,29.26392364501953,29.281245096721317,29.168657312524275,29.237939815602303,793000
2025-01-13,28.89151954650879,29.099370351225687,28.848217570836848,29.099370351225687,2242000
2025-01-14,29.099369049072266,29.151333399790648,29.012765101603783,29.030086551843244,1615000
2025-01-15,29.09071159362793,29.09071159362793,29.021425788816916,29.073390142425175,669000
2025-01-16,29.52373695373535,29.601681829619995,29.471772601902625,29.601681829619995,1160000
2025-01-17,29.64498519897461,29.748910603800493,29.44579346317123,29.619004673700402,3239000
2025-01-20,30.199256896972656,30.199256896972656,29.748909093945073,29.748909093945073,5172000
2025-01-21,30.61496353149414,30.658268812176104,30.095333200601285,30.18193715450707,4272000
2025-01-22,30.029207229614258,30.431914007704968,29.891919002950456,30.431914007704968,9558000
2025-02-03,29.56243133544922,29.928530961522963,29.40684126376799,29.928530961522963,2999000
2025-02-04,29.76378631591797,29.946836127952313,29.681414075071753,29.910225467268493,1257000
2025-02-05,29.855308532714844,30.0200530092008,29.8187013645727,29.882768273052278,1079000
2025-02-06,30.09327507019043,30.157341980249544,29.946835919857484,29.946835919857484,1102000
2025-02-07,30.074970245361328,30.148188076065797,30.038359584316694,30.13903715649704,1062000
2025-02-10,29.919376373291016,30.065815524575676,29.827853213007387,30.065815524575676,1842000
2025-02-11,29.974292755126953,30.010903416271677,29.955987424554593,29.955987424554593,783000
2025-02-12,30.074970245361328,30.084121164930085,30.020054253794378,30.020054253794378,808000
2025-02-13,30.08411979675293,30.11157953697998,30.065814467063106,30.11157953697998,965000
2025-02-14,30.340391159057617,30.358692997506378,30.193952011774826,30.294626088781698,1237000
2025-02-17,30.45937156677246,30.477676897207395,30.386153736417512,30.431915316812454,1346000
2025-02-18,30.477676391601562,30.505136132490815,30.40445856246125,30.459371061470303,1713000
2025-02-19,30.468524932861328,30.605809669338406,30.459370522265388,30.605809669338406,1481000
2025-02-20,30.358694076538086,30.495982309476098,30.340392237438827,30.477676978992044,1339000
2025-02-21,30.267169952392578,30.34039127199887,30.20310304342941,30.3220859420973,1856000
2025-02-24,29.91022491455078,30.065814982504694,29.83700359453621,30.03835873319158,3561000
2025-02-25,29.56243133544922,29.580736665891386,29.534975085478365,29.580736665891386,3561000
2025-02-26,29.47090721130371,29.48005813053328,29.41599122177226,29.434296551616075,2065000
2025-02-27,29.45260238647461,29.46175330586109,29.342773896913187,29.425146136930437,1957000
2025-03-03,29.51667022705078,29.51667022705078,29.370231072556468,29.443448904111204,1042000
2025-03-04,29.086503982543945,29.196332470107002,29.03158799307008,29.196332470107002,3650000
2025-03-05,28.793624877929688,28.839388203978086,28.71125438242735,28.839388203978086,4129000
2025-03-06,28.912607192993164,28.912607192993164,28.839387618494584,28.9034545279693,827000
2025-03-07,28.445833206176758,28.55566344638956,28.42752787519255,28.55566344638956,2741000
2025-03-10,28.345155715942383,28.41837529440501,28.281088802999143,28.326852130596066,1602000
2025-03-11,27.768550872802734,27.78685620326077,27.429909242098724,27.466519903014788,2789000
2025-03-12,27.612958908081055,27.640416903621716,27.585500912540393,27.640416903621716,3395000
2025-03-13,27.567197799682617,27.768551200016454,27.548892469008884,27.731940538668983,2520000
2025-03-14,27.55804443359375,27.585500683213773,27.512281108073093,27.57634801810964,896000
2025-03-17,27.832618713378906,27.84177137891364,27.77770446586296,27.77770446586296,679000
2025-03-18,28.116344451904297,28.198716696287292,28.098040866468875,28.107191786340355,2243000
2025-03-19,27.896684646606445,27.979056887833412,27.887531981393185,27.960751557406887,796000
2025-03-20,28.299392700195312,28.326850695362253,28.14380088563403,28.14380088563403,733000
2025-03-21,28.12549591064453,28.226173481835477,28.11634324547332,28.226173481835477,655000
2025-03-24,28.345155715942383,28.35430838146177,28.290241468518527,28.290241468518527,414000
2025-03-25,28.665491104125977,28.720405349783135,28.619729523693746,28.619729523693746,1076000
2025-03-26,28.784473419189453,28.830234998688205,28.784473419189453,28.821082333649983,1106000
2025-03-27,28.491594314575195,28.500746979915235,28.44583273356742,28.45498539890746,417000
2025-03-28,28.400070190429688,28.48244243000703,28.33600153521992,28.48244243000703,705000
2025-03-31,27.66787338256836,27.66787338256836,27.585501140956694,27.603806471468708,2006000
2025-04-01,27.97905731201172,27.97905731201172,27.75024591528844,27.75024591528844,675000
2025-04-02,28.052276611328125,28.088887272373647,28.006515030713622,28.006515030713622,507000
2025-04-07,24.27231216430664,24.71162960498465,23.951975875844298,24.71162960498465,6160000
2025-04-08,25.343149185180664,25.526197243553558,25.169252045887955,25.17840471066045,3040000
2025-04-09,24.25400733947754,24.64756320957984,24.125873519701855,24.40959915450188,2978000
2025-04-10,26.899066925048828,27.34753704788961,26.88991425980403,27.34753704788961,3475000
2025-04-11,26.1485652923584,26.185175952582185,25.626875604015996,25.764162088470467,2309000
2025-04-14,26.45059585571289,26.459748520630175,26.24924246460963,26.43229052587832,2625000
2025-04-15,26.377376556396484,26.423139881458855,26.313309647001518,26.404834551433908,1291000
2025-04-16,26.029582977294922,26.295003269312193,26.029582977294922,26.295003269312193,795000
2025-04-17,26.066192626953125,26.07534529185963,25.90144815002067,25.90144815002067,1256000
2025-04-18,26.075345993041992,26.111956653652506,26.01127908266598,26.066193327889366,339000
2025-04-21,25.636028289794922,25.93805925411585,25.608570294604885,25.93805925411585,1482000
2025-04-22,25.343149185180664,25.425521422440774,25.3065385260907,25.40721609289579,714000
2025-04-23,26.249242782592773,26.31330969209754,26.084498303470603,26.084498303470603,933000
2025-04-24,26.285850524902344,26.468900325918472,26.249241612114485,26.423138748510578,366000
2025-04-25,26.972286224365234,27.05465846503024,26.908219314001872,26.999744219817696,876000
2025-04-28,26.953983306884766,26.999744888079118,26.944830641507412,26.999744888079118,492000
2025-04-29,26.99059295654297,27.091270532738747,26.99059295654297,27.07296520148634,564000
2025-04-30,26.76177978515625,26.990591173619308,26.76177978515625,26.981438508597705,689000
2025-05-02,26.770931243896484,27.29262090677447,26.597034107706396,26.96313196361268,1080000
2025-05-05,25.480436325073242,26.688560175243484,25.370606090652153,26.633645930879116,3044000
2025-05-06,25.68178939819336,25.755008971664274,25.297386201047967,25.306538865943374,1140000
2025-05-07,25.773313522338867,25.855685758215113,25.70009395108135,25.73670460955625,681000
2025-05-08,26.002126693725586,26.002126693725586,25.892298202112144,25.93805978266901,735000
2025-05-09,25.919754028320312,26.020431598729985,25.86483978341157,25.98382093832924,1230000
2025-05-12,26.27669906616211,26.285851731202175,26.139412581945855,26.139412581945855,967000
2025-05-13,26.770931243896484,26.816692821250165,26.679406343496844,26.770931243896484,2031000
2025-05-14,27.00889778137207,27.091270024770942,26.97228711955371,26.99974511591748,1333000
2025-05-15,26.83500099182129,27.008898146424016,26.825848326242994,27.008898146424016,712000
2025-05-16,26.963134765625,26.990592762306015,26.90822051795543,26.981440096745676,332000
2025-05-19,26.926525115966797,26.97228669683011,26.899067120033365,26.97228669683011,511000
2025-05-20,27.100421905517578,27.173641481341743,27.08211657513844,27.08211657513844,1000000
2025-05-21,26.9448299407959,27.063811096222512,26.926524610517227,27.063811096222512,1095000
2025-05-22,26.468900680541992,26.706864726774228,26.441442686314012,26.69771206203157,982000
2025-05-23,26.45059585571289,26.70686523631986,26.441443190795603,26.70686523631986,248000
2025-05-26,26.45059585571289,26.496359180299315,26.395681611901516,26.496359180299315,520000
2025-05-27,26.441442489624023,26.52381472600291,26.38652824726886,26.52381472600291,331000
2025-05-28,26.71601676940918,26.834997916908556,26.688558775820585,26.834997916908556,291000
2025-05-29,27.07296371459961,27.118725294524868,26.99974413930377,26.99974413930377,416000
2025-06-02,26.642797470092773,26.75262595418069,26.569577898803402,26.75262595418069,485000
2025-06-03,26.825847625732422,26.92652519877221,26.825847625732422,26.92652519877221,385000
2025-06-04,27.091270446777344,27.118726697876365,27.08211778118018,27.091270446777344,730000
2025-06-05,27.045507431030273,27.0546600967331,26.999745848208608,27.0546600967331,261000
2025-06-06,26.963134765625,26.972287431185336,26.926525849076107,26.972287431185336,623000
2025-06-09,27.13703155517578,27.18279488236243,27.045506646494918,27.045506646494918,426000
2025-06-10,27.283470153808594,27.320080814810524,27.18279432743809,27.210250577497135,1620000
2025-06-11,27.22855567932129,27.32923325053866,27.219403014147673,27.292622589844203,632000
2025-06-12,27.018051147460938,27.173642972838913,26.981440484693188,27.173642972838913,1516000
2025-06-13,26.697711944580078,26.743473522399754,26.551272800726363,26.688559279877683,1520000
2025-06-16,26.816696166992188,26.862459495747736,26.770934583929137,26.844154164245516,1026000
2025-06-17,26.816696166992188,26.87161216149884,26.798392581182462,26.835001498494407,1014000
2025-06-18,26.78008460998535,26.844151518235588,26.752626615438537,26.816693523688777,556000
2025-06-19,26.752626419067383,26.752626419067383,26.62449260350744,26.697712176069167,1199000
2025-06-20,26.679407119750977,26.74347402818711,26.64279820594133,26.74347402818711,952000
2025-06-23,26.76177978515625,26.79839044524267,26.633645966238493,26.67940754565416,379000
2025-06-24,27.11872673034668,27.210251640735432,27.109575810431025,27.16449005838729,365000
2025-06-25,27.18279457092285,27.25601414789016,27.12787857892806,27.25601414789016,818000
2025-06-26,26.935678482055664,27.118726555963637,26.935678482055664,27.118726555963637,1733000
2025-06-27,26.972286224365234,27.10957445593516,26.963133559214416,27.100421790784342,1638000
2025-06-30,27.33838653564453,27.393300782239084,27.18279471554962,27.201098300619517,1279000
2025-07-01,27.393301010131836,28.05227721182593,27.393301010131836,28.05227721182593,1751000
2025-07-02,27.301774978637695,27.36584188851205,27.274316983394815,27.347536558350132,2827000
2025-07-03,27.22855567932129,27.32923325053866,27.191945018626832,27.32923325053866,2209000
2025-07-04,27.365842819213867,27.402453480782825,27.338386568729575,27.402453480782825,1275000
2025-07-07,27.49397850036621,27.53058741639101,27.384148260906944,27.420757176931744,879000
2025-07-08,27.47567367553711,27.484826341134983,27.439063013145603,27.47567367553711,708000
2025-07-09,27.47567367553711,27.49397900673286,27.42075768194985,27.47567367553711,1896000
2025-07-10,27.71363639831543,27.72278906346888,27.59465349701295,27.59465349701295,2003000
2025-07-11,27.796009063720703,27.796009063720703,27.722789487066695,27.741093071960893,1891000
2025-07-14,27.612958908081055,27.65872048828977,27.594653577720614,27.65872048828977,2312000
2025-07-15,28.015666961669922,28.015666961669922,27.80515915756049,27.80515915756049,1754000
2025-07-16,27.850923538208008,27.869228868944745,27.78685662632186,27.850923538208008,2930000
2025-07-17,27.960752487182617,27.98821048373546,27.914990905286995,27.92414357080461,1851000
2025-07-18,28.189563751220703,28.198716416693895,28.107191507654438,28.143802169547197,1384000
2025-07-21,28.226173400878906,28.235326066023866,28.116343164831754,28.189562740299063,2974000
2025-07-22,28.098039627075195,28.162106537504346,28.098039627075195,28.143801207183905,4773000
2025-07-23,28.08888816833496,28.12549708485581,28.043124840568325,28.116344419302482,5583000
2025-07-24,28.20396614074707,28.232736571034014,28.184785853889107,28.232736571034014,3439000
2025-07-25,28.39576530456543,28.443714192498998,28.309455842978746,28.328636129805304,1968000
2025-07-28,28.645103454589844,28.66428191222243,28.616333024441726,28.616333024441726,1874000
2025-07-29,28.769771575927734,28.779361719282317,28.654691684805584,28.72182268828765,1709000
2025-07-30,28.693052291870117,28.702642435235944,28.654691718406813,28.68346214850429,1361000
2025-07-31,29.095829010009766,29.10541915332366,28.894439658683623,28.961570661880877,1630000
2025-08-01,28.760181427001953,28.86567117474909,28.664281822607542,28.702642396018433,1933000
2025-08-04,28.347814559936523,28.386175133552342,28.251914955029804,28.366994846744433,2064000
2025-08-05,28.750591278076172,28.7697715647779,28.721822677156396,28.731410991374446,1121000
2025-08-06,28.693052291870117,28.71223257860177,28.597152687344675,28.606742830710502,1036000
2025-08-07,28.798542022705078,28.942390514841637,28.788951879344932,28.942390514841637,1140000
2025-08-08,28.817720413208008,28.856080986559295,28.779361668989537,28.79854195566518,833000
2025-08-11,29.03829002380371,29.095829054642525,29.0191097371465,29.0191097371465,1294000
2025-08-12,29.01910972595215,29.02869986927705,28.98074915265253,29.00951958262724,1250000
2025-08-13,29.306806564331055,29.33557699416358,29.258857677076307,29.297216421053545,1763000
2025-08-14,29.316396713256836,29.33557699981555,29.287628112551566,29.316396713256836,875000
2025-08-15,29.498605728149414,29.52737615793955,29.4602451550959,29.489015584886037,1775000
2025-08-18,29.364347457885742,29.421886488484404,29.364347457885742,29.412296345195827,791000
2025-08-19,29.364347457885742,29.383525915330093,29.34516717130859,29.34516717130859,667000
2025-08-20,29.191728591918945,29.220497192706038,29.162958161999043,29.220497192706038,1237000
2025-08-21,29.450654983520508,29.489015556537147,29.2396773193274,29.2396773193274,992000
2025-08-22,29.47942543029785,29.556144747242605,29.42188639987248,29.44106668639187,2500000
2025-08-25,29.699993133544922,29.75753399290096,29.661634389773685,29.72876356322294,1139000
2025-08-26,29.632863998413086,29.632863998413086,29.55614468163862,29.575324968115435,600000
2025-08-27,29.89179229736328,29.901382440575674,29.863021867726104,29.89179229736328,1498000
2025-08-28,29.834253311157227,29.872612054930496,29.815073024704194,29.872612054930496,1137000
2025-08-29,29.949331283569336,30.006872142759278,29.91097253990883,29.91097253990883,869000
2025-09-01,29.843843460083008,29.92056277677699,29.843843460083008,29.92056277677699,986000
2025-09-02,29.843843460083008,29.891792347091947,29.83425331685466,29.891792347091947,466000
2025-09-03,29.77671241760254,29.824663133680048,29.77671241760254,29.79589270403354,1205000
2025-09-04,29.843843460083008,29.910972633548642,29.843843460083008,29.863021917406908,486000
2025-09-05,29.98769187927246,30.083591482196173,29.98769187927246,30.074001338990524,781000
2025-09-08,29.7958927154541,29.882202175293912,29.75753397171018,29.882202175293912,1450000
2025-09-09,29.747943878173828,29.815073051687396,29.70958330523305,29.757534021409022,1262000
2025-09-10,29.815073013305664,29.90138247317851,29.805482870082816,29.882202186732812,1641000
2025-09-11,29.901382446289062,29.930151046798944,29.853431730217938,29.88220215986061,1422000
2025-09-12,30.016460418701172,30.083591421004172,29.987691818275525,30.083591421004172,813000
2025-09-15,30.10276985168457,30.141130424395296,30.064411108106626,30.112359994862253,656000
2025-09-16,30.10276985168457,30.121950138039935,30.074001251284308,30.10276985168457,1148000
2025-09-17,29.949331283569336,30.054821029618108,29.920562683107153,30.054821029618108,1503000
2025-09-18,30.131540298461914,30.150720584828253,30.035640695762993,30.035640695762993,874000
2025-09-19,30.227439880371094,30.275388767121186,30.208259594017946,30.21784973719452,869000
2025-09-22,30.48636817932129,30.515136779643285,30.448007606714924,30.448007606714924,1287000
2025-09-23,30.572675704956055,30.60144613431252,30.56308739097,30.572675704956055,924000
2025-09-24,30.563087463378906,30.572675777387676,30.4959564613881,30.54390717709582,850000
2025-09-25,30.591856002807617,30.62062643217501,30.563087402572997,30.563087402572997,789000
2025-09-26,30.50554656982422,30.563087428608014,30.495956426693585,30.553497285477384,1327000
2025-09-30,30.716524124145508,30.783653296692986,30.68775552398674,30.726116096375453,971000
2025-10-01,30.716524124145508,30.764476668764164,30.716524124145508,30.75488469653422,777000
2025-10-02,30.946683883666992,30.97545248381038,30.90832331129879,30.956272197626276,1296000
2025-10-03,31.00422477722168,31.032993377397545,30.985044491015923,30.985044491015923,593000
2025-10-07,30.965864181518555,31.071353926438093,30.90832332294457,31.061761954209665,2806000
2025-10-08,31.080942153930664,31.119302726206598,31.061761867792697,31.10971075400485,881000
2025-10-09,31.2343807220459,31.291921580344248,31.186431835930033,31.291921580344248,907000
2025-10-13,30.89873504638672,30.908323360361223,30.726116128721333,30.726116128721333,1699000
2025-10-14,30.89873504638672,31.080942278026612,30.889143074146677,31.080942278026612,1395000
2025-10-15,30.95627212524414,31.004224669725037,30.908323239028768,31.004224669725037,1456000
2025-10-16,30.95627212524414,30.994632697522647,30.908323239028768,30.946683811307274,1113000
2025-10-17,30.61103630065918,30.764476761544007,30.60144615753308,30.687755616535206,1449000
2025-10-20,30.975452423095703,31.01381299538872,30.93709185080269,30.965864109155213,1237000
2025-10-21,31.205612182617188,31.243972754890567,31.19602021041608,31.23438078268946,1344000
2025-10-22,31.378231048583984,31.3974113346895,31.272741304136403,31.33987047637295,1414000
2025-10-23,31.2343807220459,31.2727412942448,31.16725154983058,31.196020149846998,1362000
2025-10-27,31.828954696655273,31.838546668758976,31.733056925211148,31.828954696655273,1589000
2025-10-28,31.838546752929688,31.92485621076377,31.82895478080063,31.92485621076377,817000
2025-10-29,31.934444427490234,31.972804999358807,31.87690722795286,31.934444427490234,996000
2025-10-30,32.0015754699707,32.126245506699156,31.905677692958477,31.98239518291512,2239000
2025-10-31,31.905675888061523,31.963216745973206,31.886495602090964,31.95362477385518,633000
2025-11-03,31.905675888061523,31.991985345796298,31.905675888061523,31.963216745973206,470000
2025-11-04,31.800186157226562,31.963216758909564,31.800186157226562,31.905675900974593,708000
2025-11-05,31.58920669555664,31.608386981550645,31.406999466011847,31.47412863785811,954000
2025-11-06,31.733057022094727,31.733057022094727,31.62756727822483,31.665927850225792,513000
2025-11-07,31.426179885864258,31.483720744091364,31.33027845548575,31.483720744091364,859000
2025-11-10,31.656335830688477,31.694696402631994,31.589206658920066,31.589206658920066,402000
2025-11-11,31.876907348632812,31.924856234517314,31.876907348632816,31.896083976374214,354000
2025-11-12,32.05911636352539,32.10706525207994,32.001575502300504,32.01116747497083,271000
2025-11-13,32.15501403808594,32.17419432509973,32.05911626128267,32.05911626128267,518000
2025-11-14,31.579618453979492,31.67551622590353,31.55084985405538,31.65633593986562,1400000
2025-11-17,31.63715934753418,31.694696547446856,31.311101801055482,31.474128745162076,2134000
2025-11-18,31.25356101989746,31.45494853661914,31.157663247629667,31.359050764351345,1076000
2025-11-19,31.071353912353516,31.186431971183787,31.03299333998825,31.061761940129433,901000
2025-11-20,31.656335830688477,31.675516116660237,31.55084974524204,31.55084974524204,507000
2025-11-21,30.95627212524414,31.0138129836619,30.8987349250919,30.98504438358578,991000
2025-11-24,31.36863899230957,31.387819278363672,31.253560934250473,31.282329534198873,443000
2025-11-25,31.646747589111328,31.646747589111328,31.6083870170802,31.627567303095766,386000
2025-11-26,31.905675888061523,31.95362477385518,31.742645286444507,31.742645286444507,418000
2025-11-27,32.05911636352539,32.07829665060035,32.001575502300504,32.0303477620458,541000
2025-11-28,32.11665725708008,32.14542585858863,32.09747696998581,32.14542585858863,342000
2025-12-01,32.07829666137695,32.20296669827324,32.07829666137695,32.17419443851828,534000
2025-12-02,32.11665725708008,32.1646061456829,32.09747696998581,32.09747696998581,402000
2025-12-03,32.27009582519531,32.28927245398206,32.25091553814287,32.260503852536246,384000
2025-12-04,32.27009582519531,32.27968413958868,32.23173525109043,32.27009582519531,244000
2025-12-05,32.337223052978516,32.35640333887567,32.30845079500004,32.3276310808972,219000
2025-12-08,32.22214126586914,32.337222980995904,32.22214126586914,32.337222980995904,594000
2025-12-09,32.097476959228516,32.222143337900924,32.078296672140674,32.222143337900924,662000
2025-12-10,32.135833740234375,32.1550140272417,32.03993596346345,32.078296537478096,489000
2025-12-11,32.049522399902344,32.1741924290121,31.953624628750514,32.14542382931965,834000
2025-12-12,32.38517379760742,32.413942398971834,32.2988643352485,32.33722490924484,534000
2025-12-15,32.202964782714844,32.318042840092275,32.12624363895289,32.318042840092275,480000
2025-12-16,32.068702697753906,32.097474955722575,31.98239324037886,32.087882983644526,477000
2025-12-17,32.202964782714844,32.23173338249283,32.09747503917491,32.09747503917491,476000
2025-12-18,31.915264129638672,31.963216673589226,31.848134958026478,31.896083843711548,511000
2025-12-19,32.11665725708008,32.14542585858863,32.02075582160873,32.03034779428872,415000
2025-12-22,32.50984191894531,32.53861051861509,32.46188937514173,32.46188937514173,504000
2025-12-23,32.567378997802734,32.653688454758225,32.54819871200535,32.62491985519488,296000
2025-12-24,32.653690338134766,32.797540660779305,32.653690338134766,32.720819513164706,580000
2025-12-26,32.86466979980469,32.91261868787845,32.82630922603941,32.84548951292205,558000
2025-12-29,32.80712890625,32.864669766840194,32.787948619386604,32.8454894799768,987000
2025-12-30,32.62491989135742,32.73999794800382,32.62491989135742,32.73999794800382,889000
2025-12-31,32.596153259277344,32.60574157363269,32.529020425727204,32.60574157363269,460000
2026-01-02,32.57697296142578,32.59615324839575,32.490663499193765,32.509843786163735,762000
2026-01-05,32.50984191894531,32.5865594041532,32.500249946878405,32.57697109035177,2391000
2026-01-06,32.79753875732422,32.816719043114716,32.68246070084672,32.73999789995274,869000
2026-01-07,32.85507583618164,32.94138529279024,32.82630723673392,32.893436407622225,716000
2026-01-08,32.90303039550781,32.96056759792842,32.86466982171696,32.86466982171696,550000
2026-01-09,33.008514404296875,33.008514404296875,32.90302832042319,32.90302832042319,1088000
2026-01-12,33.01810836791992,33.0564689416054,32.97974779423444,33.01810836791992,1247000
2026-01-13,33.23867416381836,33.24826247752552,33.123596108005216,33.13318442171238,965000
2026-01-14,33.161956787109375,33.23867427181225,33.161956787109375,33.20990567233185,1926000
2026-01-15,32.922210693359375,32.941387321995514,32.88385011955576,32.941387321995514,2510000
2026-01-16,32.98933792114258,33.1331845770169,32.960565663355354,32.98933792114258,1450000
2026-01-19,32.73999786376953,32.89343649165844,32.70163729223094,32.71122926424832,3679000
2026-01-20,32.97999954223633,33.0099983215332,32.84000015258789,33.0,2015000
2026-01-21,32.41999816894531,32.5099983215332,32.36000061035156,32.400001525878906,2861000
2026-01-22,32.7400016784668,32.790000915527344,32.709999084472656,32.790000915527344,942000
2026-01-23,32.77000045776367,32.79999923706055,32.7599983215332,32.790000915527344,621000
2026-01-26,32.52000045776367,32.65999984741211,32.47999954223633,32.65999984741211,1684000
2026-01-27,32.86000061035156,32.869998931884766,32.540000915527344,32.540000915527344,674000
2026-01-28,32.84000015258789,33.0,32.79999923706055,33.0,1091000
2026-01-29,32.810001373291016,32.84000015258789,32.709999084472656,32.84000015258789,1406000
2026-01-30,32.720001220703125,32.77000045776367,32.650001525878906,32.77000045776367,904000
2026-02-02,32.5099983215332,32.720001220703125,32.45000076293945,32.720001220703125,1759000
2026-02-03,33.060001373291016,33.099998474121094,33.0,33.060001373291016,1296000
2026-02-04,32.81999969482422,32.84000015258789,32.72999954223633,32.790000915527344,903000
2026-02-05,32.66999816894531,32.849998474121094,32.619998931884766,32.790000915527344,814000
2026-02-06,32.09000015258789,32.36000061035156,32.02000045776367,32.36000061035156,2026000
2026-02-09,32.880001068115234,32.95000076293945,32.86000061035156,32.90999984741211,932000
2026-02-10,32.970001220703125,32.9900016784668,32.91999816894531,32.939998626708984,779000
2026-02-11,32.880001068115234,32.97999954223633,32.869998931884766,32.959999084472656,761000
2026-02-23,32.5,32.900001525878906,32.4900016784668,32.900001525878906,1806000
2026-02-24,32.45000076293945,32.5,32.439998626708984,32.5,769000
2026-02-25,32.5,32.65999984741211,32.4900016784668,32.599998474121094,604000
2026-02-26,32.61000061035156,32.65999984741211,32.599998474121094,32.650001525878906,615000
2026-03-02,32.310001373291016,32.400001525878906,32.119998931884766,32.380001068115234,1746000
2026-03-03,32.439998626708984,32.54999923706055,32.43000030517578,32.43000030517578,712000
2026-03-04,32.33000183105469,32.439998626708984,32.31999969482422,32.439998626708984,1589000
2026-03-05,32.70000076293945,32.79999923706055,32.630001068115234,32.75,485000
2026-03-06,32.619998931884766,32.75,32.58000183105469,32.689998626708984,554000
2026-03-09,31.850000381469727,31.850000381469727,31.68000030517578,31.799999237060547,2265000
2026-03-10,32.439998626708984,32.5,32.150001525878906,32.150001525878906,1099000
2026-03-11,32.54999923706055,32.59000015258789,32.52000045776367,32.54999923706055,470000
2026-03-12,32.290000915527344,32.34000015258789,32.20000076293945,32.27000045776367,672000
2026-03-13,32.2400016784668,32.290000915527344,32.209999084472656,32.27000045776367,812000
2026-03-16,32.209999084472656,32.22999954223633,32.08000183105469,32.13999938964844,613000
2026-03-17,32.150001525878906,32.189998626708984,32.08000183105469,32.15999984741211,1210000
2026-03-18,32.34000015258789,32.349998474121094,32.25,32.33000183105469,774908
