Price,Close,High,Low,Open,Volume
Ticker,00876.TW,00876.TW,00876.TW,00876.TW,00876.TW
Date,,,,,
2021-03-18,28.15999984741211,28.25,28.100000381469727,28.100000381469727,3247620
2021-03-19,27.649999618530273,27.850000381469727,27.600000381469727,27.850000381469727,2300559
2021-03-22,27.709999084472656,27.709999084472656,27.5,27.649999618530273,2312378
2021-03-23,27.899999618530273,28.079999923706055,27.8799991607666,28.0,1912390
2021-03-24,27.739999771118164,27.799999237060547,27.700000762939453,27.719999313354492,1421750
2021-03-25,27.809999465942383,27.809999465942383,27.5,27.709999084472656,2759200
2021-03-26,28.0,28.049999237060547,27.84000015258789,27.84000015258789,2155576
2021-03-29,28.5,28.690000534057617,28.479999542236328,28.549999237060547,4644455
2021-03-30,28.459999084472656,28.479999542236328,28.399999618530273,28.399999618530273,1638800
2021-03-31,28.3799991607666,28.56999969482422,28.350000381469727,28.540000915527344,1747275
2021-04-01,29.010000228881836,29.049999237060547,28.790000915527344,28.790000915527344,8549573
2021-04-07,29.979999542236328,30.020000457763672,29.899999618530273,30.020000457763672,3207210
2021-04-08,30.1299991607666,30.190000534057617,29.93000030517578,30.0,5654042
2021-04-09,30.15999984741211,30.299999237060547,30.15999984741211,30.260000228881836,3806130
2021-04-12,29.93000030517578,30.139999389648438,29.920000076293945,30.139999389648438,3008823
2021-04-13,29.579999923706055,29.770000457763672,29.559999465942383,29.760000228881836,2836234
2021-04-14,29.600000381469727,29.639999389648438,29.3799991607666,29.579999923706055,4046794
2021-04-15,29.549999237060547,29.549999237060547,29.479999542236328,29.530000686645508,1171323
2021-04-16,29.690000534057617,29.760000228881836,29.600000381469727,29.600000381469727,1820548
2021-04-19,29.670000076293945,29.729999542236328,29.610000610351562,29.719999313354492,1921747
2021-04-20,29.399999618530273,29.510000228881836,29.350000381469727,29.510000228881836,1401498
2021-04-21,28.81999969482422,29.0,28.780000686645508,29.0,2954450
2021-04-22,29.31999969482422,29.43000030517578,29.229999542236328,29.280000686645508,3292062
2021-04-23,29.350000381469727,29.450000762939453,29.209999084472656,29.25,4233746
2021-04-26,29.770000457763672,29.81999969482422,29.610000610351562,29.610000610351562,2765766
2021-04-27,29.799999237060547,29.899999618530273,29.799999237060547,29.850000381469727,1856767
2021-04-28,29.729999542236328,29.799999237060547,29.700000762939453,29.799999237060547,1295824
2021-04-29,29.799999237060547,29.8799991607666,29.729999542236328,29.75,1557763
2021-05-03,29.09000015258789,29.540000915527344,29.09000015258789,29.540000915527344,1742066
2021-05-04,28.780000686645508,28.950000762939453,28.600000381469727,28.899999618530273,3723300
2021-05-05,28.450000762939453,28.65999984741211,28.450000762939453,28.65999984741211,2749000
2021-05-06,28.59000015258789,28.65999984741211,28.459999084472656,28.459999084472656,2457430
2021-05-07,28.8700008392334,28.8700008392334,28.719999313354492,28.719999313354492,1927560
2021-05-10,28.739999771118164,29.1299991607666,28.719999313354492,29.100000381469727,1693760
2021-05-11,27.700000762939453,28.15999984741211,27.579999923706055,28.100000381469727,5602379
2021-05-12,27.170000076293945,27.530000686645508,26.649999618530273,27.200000762939453,7370006
2021-05-13,26.549999237060547,26.719999313354492,26.100000381469727,26.110000610351562,5062689
2021-05-14,26.959999084472656,27.100000381469727,26.729999542236328,26.729999542236328,2500966
2021-05-17,27.0,27.219999313354492,26.229999542236328,26.229999542236328,5383307
2021-05-18,27.469999313354492,27.5,27.15999984741211,27.15999984741211,3544873
2021-05-19,27.270000457763672,27.290000915527344,27.049999237060547,27.290000915527344,3791499
2021-05-20,27.34000015258789,27.450000762939453,27.329999923706055,27.3799991607666,1038138
2021-05-21,27.850000381469727,27.959999084472656,27.770000457763672,27.8799991607666,2010815
2021-05-24,27.729999542236328,27.799999237060547,27.6200008392334,27.700000762939453,1304910
2021-05-25,28.31999969482422,28.420000076293945,28.1200008392334,28.1299991607666,4081147
2021-05-26,28.299999237060547,28.5,28.25,28.440000534057617,8755880
2021-05-27,28.239999771118164,28.290000915527344,28.1299991607666,28.270000457763672,1216560
2021-05-28,28.530000686645508,28.559999465942383,28.389999389648438,28.459999084472656,2597812
2021-05-31,28.6200008392334,28.65999984741211,28.56999969482422,28.649999618530273,1630433
2021-06-01,28.65999984741211,28.75,28.639999389648438,28.65999984741211,836910
2021-06-02,28.600000381469727,28.829999923706055,28.559999465942383,28.700000762939453,1572258
2021-06-03,28.799999237060547,28.860000610351562,28.719999313354492,28.75,2502431
2021-06-04,28.579999923706055,28.59000015258789,28.440000534057617,28.59000015258789,1781834
2021-06-07,28.860000610351562,28.899999618530273,28.670000076293945,28.81999969482422,3092065
2021-06-08,28.850000381469727,28.90999984741211,28.850000381469727,28.8700008392334,1030595
2021-06-09,28.649999618530273,28.700000762939453,28.56999969482422,28.600000381469727,955930
2021-06-10,28.68000030517578,28.729999542236328,28.600000381469727,28.600000381469727,639319
2021-06-11,28.809999465942383,28.899999618530273,28.799999237060547,28.829999923706055,1148886
2021-06-15,29.1299991607666,29.1299991607666,28.93000030517578,28.93000030517578,2211681
2021-06-16,29.0,29.049999237060547,28.950000762939453,28.950000762939453,861819
2021-06-17,28.809999465942383,28.809999465942383,28.549999237060547,28.639999389648438,1590487
2021-06-18,29.020000457763672,29.06999969482422,28.989999771118164,29.0,1170265
2021-06-21,28.34000015258789,28.5,28.31999969482422,28.5,1231429
2021-06-22,28.399999618530273,28.600000381469727,28.399999618530273,28.5,697898
2021-06-23,28.799999237060547,28.799999237060547,28.510000228881836,28.510000228881836,1337090
2021-06-24,28.809999465942383,28.920000076293945,28.809999465942383,28.920000076293945,576806
2021-06-25,29.059999465942383,29.1299991607666,29.049999237060547,29.110000610351562,1588471
2021-06-28,29.030000686645508,29.059999465942383,28.899999618530273,29.0,961577
2021-06-29,29.219999313354492,29.260000228881836,29.170000076293945,29.219999313354492,2279521
2021-06-30,29.479999542236328,29.549999237060547,29.469999313354492,29.469999313354492,2331289
2021-07-01,29.350000381469727,29.540000915527344,29.34000015258789,29.5,811000
2021-07-02,29.100000381469727,29.18000030517578,29.06999969482422,29.18000030517578,735751
2021-07-05,29.190000534057617,29.239999771118164,29.100000381469727,29.100000381469727,746323
2021-07-06,29.260000228881836,29.299999237060547,29.25,29.270000457763672,1331630
2021-07-07,29.260000228881836,29.299999237060547,29.18000030517578,29.190000534057617,1406470
2021-07-08,29.170000076293945,29.260000228881836,29.149999618530273,29.18000030517578,1072383
2021-07-09,28.940000534057617,29.059999465942383,28.850000381469727,29.059999465942383,920578
2021-07-12,29.31999969482422,29.360000610351562,29.25,29.25,1988048
2021-07-13,29.5,29.59000015258789,29.5,29.520000457763672,1543486
2021-07-14,29.389999389648438,29.5,29.3799991607666,29.5,654910
2021-07-15,29.440000534057617,29.479999542236328,29.399999618530273,29.399999618530273,1013671
2021-07-16,29.209999084472656,29.270000457763672,29.010000228881836,29.270000457763672,720467
2021-07-19,28.729999542236328,28.899999618530273,28.690000534057617,28.899999618530273,1032778
2021-07-20,28.600000381469727,28.690000534057617,28.56999969482422,28.68000030517578,725108
2021-07-21,28.719999313354492,28.90999984741211,28.690000534057617,28.8799991607666,845308
2021-07-22,29.229999542236328,29.299999237060547,29.100000381469727,29.100000381469727,2023803
2021-07-23,29.25,29.399999618530273,29.239999771118164,29.280000686645508,588035
2021-07-26,29.350000381469727,29.450000762939453,29.309999465942383,29.3799991607666,1181883
2021-07-27,29.3700008392334,29.43000030517578,29.329999923706055,29.350000381469727,1862354
2021-07-28,28.760000228881836,29.170000076293945,28.68000030517578,29.15999984741211,1782500
2021-07-29,29.25,29.270000457763672,28.959999084472656,29.010000228881836,2634745
2021-07-30,29.239999771118164,29.40999984741211,29.239999771118164,29.350000381469727,1408829
2021-08-02,29.809999465942383,29.850000381469727,29.780000686645508,29.809999465942383,3500597
2021-08-03,29.989999771118164,30.040000915527344,29.940000534057617,29.950000762939453,3288222
2021-08-04,30.0,30.020000457763672,29.75,29.920000076293945,2096925
2021-08-05,30.06999969482422,30.1299991607666,30.06999969482422,30.09000015258789,1682606
2021-08-06,30.079999923706055,30.1299991607666,30.06999969482422,30.09000015258789,1267258
2021-08-09,29.950000762939453,30.049999237060547,29.920000076293945,30.049999237060547,498470
2021-08-10,29.90999984741211,30.049999237060547,29.899999618530273,30.0,1029229
2021-08-11,29.610000610351562,29.700000762939453,29.579999923706055,29.700000762939453,725526
2021-08-12,29.440000534057617,29.530000686645508,29.440000534057617,29.510000228881836,525938
2021-08-13,29.010000228881836,29.25,29.010000228881836,29.239999771118164,1246463
2021-08-16,28.8799991607666,29.0,28.780000686645508,29.0,556001
2021-08-17,28.780000686645508,28.90999984741211,28.760000228881836,28.8799991607666,851737
2021-08-18,28.739999771118164,28.739999771118164,28.3799991607666,28.389999389648438,1535422
2021-08-19,28.399999618530273,28.610000610351562,28.399999618530273,28.600000381469727,2035500
2021-08-20,28.34000015258789,28.510000228881836,28.25,28.399999618530273,702186
2021-08-23,28.950000762939453,29.010000228881836,28.459999084472656,28.459999084472656,1408000
2021-08-24,29.170000076293945,29.299999237060547,29.170000076293945,29.190000534057617,851755
2021-08-25,29.209999084472656,29.260000228881836,29.15999984741211,29.200000762939453,468274
2021-08-26,29.299999237060547,29.389999389648438,29.260000228881836,29.360000610351562,517480
2021-08-27,29.219999313354492,29.280000686645508,29.1299991607666,29.229999542236328,342777
2021-08-30,29.649999618530273,29.65999984741211,29.579999923706055,29.6200008392334,1486280
2021-08-31,29.700000762939453,29.729999542236328,29.540000915527344,29.649999618530273,846637
2021-09-01,29.719999313354492,29.729999542236328,29.559999465942383,29.559999465942383,938535
2021-09-02,29.690000534057617,29.829999923706055,29.690000534057617,29.729999542236328,1592499
2021-09-03,29.940000534057617,29.950000762939453,29.780000686645508,29.920000076293945,2442199
2021-09-06,30.049999237060547,30.1299991607666,30.020000457763672,30.020000457763672,2694764
2021-09-07,30.1200008392334,30.139999389648438,30.059999465942383,30.06999969482422,2787562
2021-09-08,30.059999465942383,30.139999389648438,30.040000915527344,30.09000015258789,1713907
2021-09-09,29.920000076293945,29.979999542236328,29.850000381469727,29.8700008392334,762891
2021-09-10,30.290000915527344,30.290000915527344,30.040000915527344,30.040000915527344,3576665
2021-09-13,30.420000076293945,30.540000915527344,30.399999618530273,30.399999618530273,1932999
2021-09-14,30.649999618530273,30.649999618530273,30.5,30.5,2118185
2021-09-15,30.510000228881836,30.6299991607666,30.440000534057617,30.6299991607666,733818
2021-09-16,30.469999313354492,30.610000610351562,30.450000762939453,30.559999465942383,1048397
2021-09-17,30.530000686645508,30.56999969482422,30.399999618530273,30.40999984741211,553372
2021-09-22,29.760000228881836,29.850000381469727,29.709999084472656,29.75,1146958
2021-09-23,30.0,30.229999542236328,29.8799991607666,29.899999618530273,317615
2021-09-24,30.190000534057617,30.25,30.15999984741211,30.209999084472656,403607
2021-09-27,30.25,30.299999237060547,30.229999542236328,30.260000228881836,482835
2021-09-28,30.1299991607666,30.190000534057617,30.020000457763672,30.149999618530273,285494
2021-09-29,29.280000686645508,29.479999542236328,29.1299991607666,29.479999542236328,1372853
2021-09-30,29.049999237060547,29.09000015258789,28.8799991607666,29.09000015258789,1298100
2021-10-01,28.610000610351562,29.0,28.559999465942383,29.0,2442731
2021-10-04,28.420000076293945,28.709999084472656,28.420000076293945,28.600000381469727,1318000
2021-10-05,28.170000076293945,28.200000762939453,27.940000534057617,28.15999984741211,3017626
2021-10-06,28.170000076293945,28.34000015258789,28.049999237060547,28.25,1901905
2021-10-07,28.360000610351562,28.450000762939453,28.219999313354492,28.219999313354492,1432952
2021-10-08,28.420000076293945,28.56999969482422,28.3799991607666,28.549999237060547,938384
2021-10-12,28.18000030517578,28.399999618530273,28.1200008392334,28.399999618530273,841277
2021-10-13,27.950000762939453,28.170000076293945,27.93000030517578,28.170000076293945,1093364
2021-10-14,28.15999984741211,28.170000076293945,28.049999237060547,28.049999237060547,1152442
2021-10-15,28.799999237060547,28.84000015258789,28.459999084472656,28.459999084472656,1574683
2021-10-18,28.739999771118164,28.899999618530273,28.700000762939453,28.809999465942383,1084200
2021-10-19,29.0,29.049999237060547,28.84000015258789,28.84000015258789,2006204
2021-10-20,29.059999465942383,29.1200008392334,29.040000915527344,29.079999923706055,1616487
2021-10-21,28.81999969482422,29.040000915527344,28.799999237060547,28.979999542236328,2115100
2021-10-22,29.030000686645508,29.06999969482422,28.90999984741211,28.93000030517578,1155425
2021-10-25,29.110000610351562,29.1299991607666,28.959999084472656,29.0,1479124
2021-10-26,29.43000030517578,29.469999313354492,29.3799991607666,29.389999389648438,2046038
2021-10-27,29.309999465942383,29.31999969482422,29.139999389648438,29.299999237060547,967981
2021-10-28,29.479999542236328,29.549999237060547,29.40999984741211,29.489999771118164,2933657
2021-10-29,29.549999237060547,29.65999984741211,29.549999237060547,29.59000015258789,1621432
2021-11-01,29.81999969482422,29.84000015258789,29.739999771118164,29.84000015258789,1403681
2021-11-02,30.049999237060547,30.200000762939453,30.010000228881836,30.010000228881836,2799586
2021-11-03,30.34000015258789,30.399999618530273,30.31999969482422,30.329999923706055,2666408
2021-11-04,30.68000030517578,30.739999771118164,30.59000015258789,30.719999313354492,3246619
2021-11-05,31.31999969482422,31.350000381469727,31.200000762939453,31.200000762939453,3944608
2021-11-08,31.6200008392334,31.639999389648438,31.440000534057617,31.440000534057617,2926903
2021-11-09,31.799999237060547,31.8799991607666,31.719999313354492,31.719999313354492,2010344
2021-11-10,31.65999984741211,31.799999237060547,31.65999984741211,31.780000686645508,2060815
2021-11-11,31.3799991607666,31.420000076293945,31.209999084472656,31.350000381469727,1453886
2021-11-12,31.950000762939453,31.989999771118164,31.709999084472656,31.709999084472656,1943133
2021-11-15,32.279998779296875,32.31999969482422,32.25,32.25,2437256
2021-11-16,32.40999984741211,32.459999084472656,32.310001373291016,32.31999969482422,2289804
2021-11-17,32.7400016784668,32.79999923706055,32.70000076293945,32.70000076293945,1521348
2021-11-18,32.83000183105469,32.84000015258789,32.72999954223633,32.7400016784668,1721642
2021-11-19,33.189998626708984,33.2400016784668,33.0,33.0,1697500
2021-11-22,33.11000061035156,33.189998626708984,33.040000915527344,33.189998626708984,1003212
2021-11-23,32.72999954223633,33.04999923706055,32.72999954223633,33.04999923706055,1799618
2021-11-24,32.5099983215332,32.630001068115234,32.470001220703125,32.630001068115234,1525927
2021-11-25,32.599998474121094,32.650001525878906,32.560001373291016,32.560001373291016,1023630
2021-11-26,32.130001068115234,32.529998779296875,32.099998474121094,32.529998779296875,2221861
2021-11-29,31.950000762939453,32.099998474121094,31.809999465942383,31.899999618530273,2564950
2021-11-30,32.369998931884766,32.619998931884766,32.349998474121094,32.4900016784668,2150771
2021-12-01,32.52000045776367,32.52000045776367,32.130001068115234,32.189998626708984,1383000
2021-12-02,32.36000061035156,32.5099983215332,32.33000183105469,32.400001525878906,1761600
2021-12-03,32.209999084472656,32.29999923706055,32.029998779296875,32.29999923706055,1776088
2021-12-06,32.13999938964844,32.15999984741211,32.0,32.06999969482422,911756
2021-12-07,32.13999938964844,32.16999816894531,32.04999923706055,32.099998474121094,1125490
2021-12-08,33.119998931884766,33.15999984741211,32.9900016784668,33.0,2115210
2021-12-09,33.0,33.06999969482422,32.970001220703125,33.0,1071683
2021-12-10,32.77000045776367,32.84000015258789,32.709999084472656,32.79999923706055,788946
2021-12-13,32.869998931884766,32.91999816894531,32.810001373291016,32.849998474121094,1067009
2021-12-14,32.529998779296875,32.77000045776367,32.52000045776367,32.77000045776367,992271
2021-12-15,32.439998626708984,32.5,32.380001068115234,32.5,924948
2021-12-16,33.06999969482422,33.06999969482422,32.88999938964844,32.88999938964844,2034227
2021-12-17,32.380001068115234,32.61000061035156,32.33000183105469,32.61000061035156,1398400
2021-12-20,31.940000534057617,32.209999084472656,31.920000076293945,32.209999084472656,1332875
2021-12-21,32.279998779296875,32.29999923706055,32.0,32.0,1139629
2021-12-22,32.56999969482422,32.59000015258789,32.5,32.540000915527344,1351000
2021-12-23,32.91999816894531,32.9900016784668,32.869998931884766,32.869998931884766,1102356
2021-12-24,33.08000183105469,33.13999938964844,32.95000076293945,32.95000076293945,1080040
2021-12-27,33.2599983215332,33.29999923706055,33.119998931884766,33.119998931884766,1356565
2021-12-28,33.63999938964844,33.68000030517578,33.599998474121094,33.599998474121094,1624212
2021-12-29,33.52000045776367,33.63999938964844,33.4900016784668,33.619998931884766,1261660
2021-12-30,33.59000015258789,33.619998931884766,33.470001220703125,33.529998779296875,1124891
2022-01-03,33.560001373291016,33.79999923706055,33.560001373291016,33.599998474121094,1203161
2022-01-04,33.779998779296875,33.810001373291016,33.68000030517578,33.75,1244053
2022-01-05,33.380001068115234,33.599998474121094,33.36000061035156,33.599998474121094,688583
2022-01-06,32.720001220703125,33.18000030517578,32.630001068115234,33.18000030517578,1414022
2022-01-07,32.630001068115234,33.029998779296875,32.630001068115234,32.97999954223633,615330
2022-01-10,32.43000030517578,32.52000045776367,32.20000076293945,32.52000045776367,545380
2022-01-11,32.04999923706055,32.18000030517578,32.02000045776367,32.15999984741211,938848
2022-01-12,32.40999984741211,32.45000076293945,32.279998779296875,32.29999923706055,856154
2022-01-13,32.619998931884766,32.70000076293945,32.58000183105469,32.650001525878906,521941
2022-01-14,32.470001220703125,32.63999938964844,32.33000183105469,32.63999938964844,1357181
2022-01-17,32.83000183105469,32.83000183105469,32.5,32.5,686031
2022-01-18,32.65999984741211,33.0,32.630001068115234,32.83000183105469,665840
2022-01-19,31.719999313354492,31.989999771118164,31.719999313354492,31.969999313354492,1706200
2022-01-20,31.489999771118164,31.520000457763672,31.229999542236328,31.34000015258789,862822
2022-01-21,30.899999618530273,31.1299991607666,30.780000686645508,31.1299991607666,2815090
2022-01-24,30.59000015258789,30.65999984741211,30.280000686645508,30.65999984741211,2081500
2022-01-25,30.5,30.5,30.219999313354492,30.31999969482422,3188452
2022-01-26,30.18000030517578,30.649999618530273,29.75,30.0,2362181
2022-02-07,30.450000762939453,31.0,30.229999542236328,30.43000030517578,1018567
2022-02-08,30.139999389648438,30.799999237060547,30.1200008392334,30.40999984741211,2370475
2022-02-09,30.5,30.520000457763672,30.260000228881836,30.270000457763672,1136614
2022-02-10,30.979999542236328,30.979999542236328,30.8799991607666,30.8799991607666,811614
2022-02-11,30.399999618530273,30.59000015258789,30.399999618530273,30.59000015258789,1527063
2022-02-14,29.850000381469727,29.989999771118164,29.75,29.989999771118164,1190000
2022-02-15,29.700000762939453,29.790000915527344,29.600000381469727,29.610000610351562,1245134
2022-02-16,30.40999984741211,30.43000030517578,29.93000030517578,29.93000030517578,773552
2022-02-17,30.510000228881836,30.59000015258789,30.450000762939453,30.469999313354492,1195345
2022-02-18,30.280000686645508,30.299999237060547,29.950000762939453,30.1299991607666,602436
2022-02-21,29.920000076293945,29.969999313354492,29.780000686645508,29.8799991607666,758967
2022-02-22,29.329999923706055,29.59000015258789,29.219999313354492,29.59000015258789,1676013
2022-02-23,29.489999771118164,29.489999771118164,29.309999465942383,29.309999465942383,496672
2022-02-24,28.579999923706055,29.100000381469727,28.510000228881836,29.100000381469727,1738259
2022-02-25,29.329999923706055,29.3799991607666,29.040000915527344,29.040000915527344,1373464
2022-03-01,29.889999389648438,29.989999771118164,29.690000534057617,29.690000534057617,930193
2022-03-02,29.389999389648438,29.540000915527344,29.299999237060547,29.510000228881836,1050984
2022-03-03,29.540000915527344,29.809999465942383,29.510000228881836,29.549999237060547,509036
2022-03-04,28.979999542236328,29.100000381469727,28.860000610351562,29.100000381469727,834259
2022-03-07,28.059999465942383,28.40999984741211,27.850000381469727,28.40999984741211,2136255
2022-03-08,27.1200008392334,27.40999984741211,27.079999923706055,27.389999389648438,1836174
2022-03-09,27.3799991607666,27.440000534057617,27.200000762939453,27.200000762939453,829360
2022-03-10,28.170000076293945,28.25,28.0,28.0,684086
2022-03-11,27.6200008392334,27.889999389648438,27.600000381469727,27.889999389648438,738097
2022-03-14,27.549999237060547,27.790000915527344,27.440000534057617,27.690000534057617,605000
2022-03-15,26.969999313354492,27.209999084472656,26.90999984741211,27.209999084472656,1610177
2022-03-16,27.399999618530273,27.399999618530273,27.18000030517578,27.200000762939453,594032
2022-03-17,28.510000228881836,28.520000457763672,28.1299991607666,28.1299991607666,899946
2022-03-18,28.469999313354492,28.489999771118164,28.280000686645508,28.399999618530273,951092
2022-03-21,28.8700008392334,28.920000076293945,28.729999542236328,28.729999542236328,1319770
2022-03-22,28.959999084472656,28.979999542236328,28.799999237060547,28.860000610351562,467900
2022-03-23,29.31999969482422,29.360000610351562,29.15999984741211,29.15999984741211,1031330
2022-03-24,29.079999923706055,29.079999923706055,28.969999313354492,29.079999923706055,515619
2022-03-25,29.450000762939453,29.549999237060547,29.389999389648438,29.389999389648438,788467
2022-03-28,29.260000228881836,29.329999923706055,29.1299991607666,29.329999923706055,644920
2022-03-29,29.190000534057617,29.3799991607666,29.15999984741211,29.299999237060547,473198
2022-03-30,29.450000762939453,29.579999923706055,29.40999984741211,29.43000030517578,940898
2022-03-31,29.18000030517578,29.299999237060547,29.18000030517578,29.299999237060547,371999
2022-04-01,28.790000915527344,28.899999618530273,28.75,28.899999618530273,445055
2022-04-06,27.920000076293945,28.100000381469727,27.8799991607666,28.100000381469727,1241208
2022-04-07,27.09000015258789,27.280000686645508,27.09000015258789,27.280000686645508,1238360
2022-04-08,27.100000381469727,27.100000381469727,27.020000457763672,27.06999969482422,590172
2022-04-11,26.309999465942383,26.8799991607666,26.299999237060547,26.8799991607666,2147994
2022-04-12,26.290000915527344,26.290000915527344,26.100000381469727,26.1200008392334,732000
2022-04-13,26.610000610351562,26.6200008392334,26.420000076293945,26.450000762939453,382000
2022-04-14,26.780000686645508,26.84000015258789,26.709999084472656,26.709999084472656,205447
2022-04-15,26.399999618530273,26.75,26.389999389648438,26.75,312000
2022-04-18,26.270000457763672,26.350000381469727,26.200000762939453,26.329999923706055,597699
2022-04-19,26.549999237060547,26.639999389648438,26.469999313354492,26.469999313354492,268305
2022-04-20,26.65999984741211,26.729999542236328,26.649999618530273,26.709999084472656,423139
2022-04-21,26.950000762939453,26.979999542236328,26.780000686645508,26.780000686645508,693278
2022-04-22,26.520000457763672,26.610000610351562,26.40999984741211,26.610000610351562,313302
2022-04-25,25.860000610351562,26.299999237060547,25.799999237060547,26.299999237060547,1020100
2022-04-26,26.020000457763672,26.100000381469727,25.989999771118164,25.989999771118164,437282
2022-04-27,25.420000076293945,25.520000457763672,25.25,25.5,682166
2022-04-28,25.899999618530273,25.899999618530273,25.649999618530273,25.670000076293945,363030
2022-04-29,26.350000381469727,26.350000381469727,26.25,26.25,384000
2022-05-03,26.270000457763672,26.350000381469727,26.239999771118164,26.350000381469727,175877
2022-05-04,26.3799991607666,26.5,26.350000381469727,26.5,1250469
2022-05-05,26.899999618530273,26.93000030517578,26.700000762939453,26.700000762939453,1405132
2022-05-06,26.34000015258789,26.34000015258789,26.1200008392334,26.270000457763672,1367400
2022-05-09,25.829999923706055,26.010000228881836,25.81999969482422,26.010000228881836,1581780
2022-05-10,25.549999237060547,25.56999969482422,25.209999084472656,25.3700008392334,1667750
2022-05-11,25.75,25.81999969482422,25.65999984741211,25.75,2408674
2022-05-12,25.43000030517578,25.649999618530273,25.43000030517578,25.649999618530273,1359301
2022-05-13,25.959999084472656,26.06999969482422,25.799999237060547,25.799999237060547,2381000
2022-05-16,26.420000076293945,26.6200008392334,26.34000015258789,26.34000015258789,2211575
2022-05-17,26.489999771118164,26.5,26.280000686645508,26.360000610351562,1241551
2022-05-18,27.049999237060547,27.079999923706055,27.0,27.030000686645508,1546469
2022-05-19,26.399999618530273,26.399999618530273,26.25,26.299999237060547,1730374
2022-05-20,26.579999923706055,26.6200008392334,26.440000534057617,26.489999771118164,1517969
2022-05-23,26.59000015258789,26.770000457763672,26.56999969482422,26.65999984741211,1345545
2022-05-24,26.360000610351562,26.649999618530273,26.350000381469727,26.600000381469727,1460943
2022-05-25,26.239999771118164,26.260000228881836,26.139999389648438,26.200000762939453,1137615
2022-05-26,26.040000915527344,26.34000015258789,25.979999542236328,26.309999465942383,1643828
2022-05-27,26.549999237060547,26.610000610351562,26.5,26.510000228881836,1297156
2022-05-30,27.209999084472656,27.219999313354492,27.059999465942383,27.110000610351562,3759802
2022-05-31,27.25,27.270000457763672,27.110000610351562,27.15999984741211,3489771
2022-06-01,27.200000762939453,27.25,27.170000076293945,27.239999771118164,3353775
2022-06-02,27.059999465942383,27.200000762939453,27.020000457763672,27.200000762939453,3500078
2022-06-06,27.510000228881836,27.549999237060547,27.25,27.25,3639234
2022-06-07,27.299999237060547,27.510000228881836,27.299999237060547,27.5,2927129
2022-06-08,27.549999237060547,27.700000762939453,27.520000457763672,27.540000915527344,4026446
2022-06-09,27.329999923706055,27.399999618530273,27.309999465942383,27.399999618530273,3562149
2022-06-10,26.8700008392334,26.950000762939453,26.780000686645508,26.950000762939453,3461406
2022-06-13,26.020000457763672,26.1299991607666,25.920000076293945,26.1299991607666,4409151
2022-06-14,25.399999618530273,25.690000534057617,25.299999237060547,25.600000381469727,5113401
2022-06-15,25.360000610351562,25.510000228881836,25.350000381469727,25.450000762939453,3573450
2022-06-16,25.389999389648438,25.780000686645508,25.360000610351562,25.5,3791893
2022-06-17,24.520000457763672,24.670000076293945,24.389999389648438,24.65999984741211,4517462
2022-06-20,24.18000030517578,24.510000228881836,24.149999618530273,24.510000228881836,3817366
2022-06-21,24.510000228881836,24.639999389648438,24.3799991607666,24.530000686645508,4161621
2022-06-22,24.219999313354492,24.600000381469727,24.200000762939453,24.559999465942383,3642000
2022-06-23,23.950000762939453,24.309999465942383,23.8799991607666,24.309999465942383,4071691
2022-06-24,24.229999542236328,24.260000228881836,24.010000228881836,24.020000457763672,3897177
2022-06-27,24.829999923706055,24.920000076293945,24.549999237060547,24.549999237060547,3532100
2022-06-28,24.790000915527344,24.940000534057617,24.6299991607666,24.850000381469727,3517456
2022-06-29,24.56999969482422,24.65999984741211,24.469999313354492,24.65999984741211,3797000
2022-06-30,24.030000686645508,24.260000228881836,24.010000228881836,24.260000228881836,3351395
2022-07-01,23.25,23.8799991607666,23.209999084472656,23.799999237060547,4140892
2022-07-04,22.850000381469727,23.15999984741211,22.790000915527344,23.15999984741211,3909167
2022-07-05,23.1200008392334,23.25,22.889999389648438,22.969999313354492,3489620
2022-07-06,22.799999237060547,23.09000015258789,22.799999237060547,22.979999542236328,3005287
2022-07-07,23.40999984741211,23.40999984741211,22.959999084472656,23.059999465942383,4259097
2022-07-08,23.81999969482422,24.0,23.729999542236328,23.829999923706055,3995209
2022-07-11,23.65999984741211,23.950000762939453,23.600000381469727,23.899999618530273,3399929
2022-07-12,23.190000534057617,23.43000030517578,23.149999618530273,23.43000030517578,3314482
2022-07-13,23.3799991607666,23.43000030517578,23.280000686645508,23.299999237060547,4294504
2022-07-14,23.579999923706055,23.65999984741211,23.280000686645508,23.299999237060547,3335181
2022-07-15,23.90999984741211,23.950000762939453,23.700000762939453,23.700000762939453,4192249
2022-07-18,24.34000015258789,24.3700008392334,24.139999389648438,24.139999389648438,3575730
2022-07-19,24.260000228881836,24.31999969482422,24.190000534057617,24.200000762939453,3982954
2022-07-20,24.860000610351562,25.0,24.850000381469727,24.920000076293945,3657356
2022-07-21,25.260000228881836,25.270000457763672,25.110000610351562,25.149999618530273,3873600
2022-07-22,25.540000915527344,25.68000030517578,25.540000915527344,25.579999923706055,3553013
2022-07-25,25.350000381469727,25.469999313354492,25.34000015258789,25.3799991607666,3296176
2022-07-26,25.09000015258789,25.25,25.049999237060547,25.239999771118164,4222126
2022-07-27,25.239999771118164,25.25,25.09000015258789,25.100000381469727,3292669
2022-07-28,25.440000534057617,25.479999542236328,25.31999969482422,25.420000076293945,6512329
2022-07-29,25.719999313354492,25.790000915527344,25.6200008392334,25.700000762939453,5903316
2022-08-01,26.06999969482422,26.09000015258789,25.760000228881836,25.899999618530273,2224905
2022-08-02,26.139999389648438,26.18000030517578,26.0,26.0,1413101
2022-08-03,26.139999389648438,26.190000534057617,25.979999542236328,26.079999923706055,371679
2022-08-04,26.43000030517578,26.450000762939453,26.299999237060547,26.299999237060547,1067337
2022-08-05,26.920000076293945,26.959999084472656,26.700000762939453,26.700000762939453,789121
2022-08-08,26.739999771118164,26.770000457763672,26.579999923706055,26.770000457763672,1412477
2022-08-09,26.479999542236328,26.600000381469727,26.3700008392334,26.600000381469727,872794
2022-08-10,25.739999771118164,25.920000076293945,25.709999084472656,25.920000076293945,1324977
2022-08-11,26.399999618530273,26.40999984741211,26.18000030517578,26.200000762939453,514900
2022-08-12,26.610000610351562,26.65999984741211,26.350000381469727,26.350000381469727,559424
2022-08-15,27.059999465942383,27.079999923706055,26.770000457763672,26.770000457763672,590381
2022-08-16,27.010000228881836,27.049999237060547,26.93000030517578,27.0,384181
2022-08-17,27.040000915527344,27.059999465942383,26.93000030517578,26.93000030517578,656294
2022-08-18,26.729999542236328,26.780000686645508,26.670000076293945,26.780000686645508,476575
2022-08-19,26.829999923706055,27.040000915527344,26.81999969482422,27.040000915527344,1010121
2022-08-22,26.309999465942383,26.360000610351562,26.229999542236328,26.329999923706055,138000
2022-08-23,25.799999237060547,25.899999618530273,25.790000915527344,25.899999618530273,432117
2022-08-24,25.670000076293945,25.899999618530273,25.639999389648438,25.81999969482422,148378
2022-08-25,25.809999465942383,25.850000381469727,25.709999084472656,25.709999084472656,160172
2022-08-26,26.110000610351562,26.25,26.030000686645508,26.030000686645508,1062823
2022-08-29,25.170000076293945,25.209999084472656,25.020000457763672,25.15999984741211,1021679
2022-08-30,25.290000915527344,25.329999923706055,25.100000381469727,25.100000381469727,340556
2022-08-31,25.239999771118164,25.239999771118164,25.1299991607666,25.190000534057617,886210
2022-09-01,24.709999084472656,24.780000686645508,24.639999389648438,24.780000686645508,524017
2022-09-02,24.530000686645508,24.6200008392334,24.5,24.6200008392334,673205
2022-09-05,24.540000915527344,24.600000381469727,24.459999084472656,24.5,138600
2022-09-06,24.65999984741211,24.75,24.540000915527344,24.540000915527344,1329009
2022-09-07,24.329999923706055,24.540000915527344,24.18000030517578,24.540000915527344,274355
2022-09-08,24.670000076293945,24.68000030517578,24.59000015258789,24.6200008392334,271156
2022-09-12,25.219999313354492,25.440000534057617,25.190000534057617,25.229999542236328,391902
2022-09-13,25.559999465942383,25.59000015258789,25.520000457763672,25.520000457763672,413865
2022-09-14,24.709999084472656,24.75,24.690000534057617,24.700000762939453,836255
2022-09-15,24.690000534057617,24.850000381469727,24.65999984741211,24.850000381469727,115239
2022-09-16,24.3799991607666,24.5,24.309999465942383,24.5,498340
2022-09-19,24.299999237060547,24.399999618530273,24.260000228881836,24.3799991607666,292050
2022-09-20,24.540000915527344,24.56999969482422,24.440000534057617,24.440000534057617,98821
2022-09-21,24.229999542236328,24.3799991607666,24.190000534057617,24.190000534057617,114041
2022-09-22,24.020000457763672,24.059999465942383,23.8700008392334,24.049999237060547,730298
2022-09-23,23.729999542236328,23.860000610351562,23.610000610351562,23.729999542236328,516000
2022-09-26,23.229999542236328,23.600000381469727,23.209999084472656,23.520000457763672,733430
2022-09-27,23.25,23.3700008392334,23.190000534057617,23.190000534057617,464789
2022-09-28,22.760000228881836,23.25,22.75,23.25,790160
2022-09-29,22.90999984741211,23.149999618530273,22.899999618530273,23.059999465942383,603434
2022-09-30,22.489999771118164,22.639999389648438,22.420000076293945,22.639999389648438,309150
2022-10-03,22.399999618530273,22.469999313354492,22.219999313354492,22.229999542236328,866212
2022-10-04,23.219999313354492,23.229999542236328,22.959999084472656,22.959999084472656,458354
2022-10-05,23.610000610351562,23.670000076293945,23.5,23.5,284052
2022-10-06,23.889999389648438,23.889999389648438,23.68000030517578,23.690000534057617,591313
2022-10-07,23.600000381469727,23.809999465942383,23.559999465942383,23.559999465942383,68841
2022-10-11,22.329999923706055,22.920000076293945,22.299999237060547,22.860000610351562,288565
2022-10-12,21.8799991607666,22.059999465942383,21.81999969482422,22.059999465942383,322882
2022-10-13,21.780000686645508,21.979999542236328,21.780000686645508,21.8799991607666,357835
2022-10-14,22.530000686645508,22.549999237060547,22.229999542236328,22.239999771118164,304608
2022-10-17,22.149999618530273,22.200000762939453,22.0,22.1200008392334,477684
2022-10-18,22.59000015258789,22.6299991607666,22.329999923706055,22.489999771118164,598663
2022-10-19,22.59000015258789,22.729999542236328,22.59000015258789,22.700000762939453,282930
2022-10-20,22.389999389648438,22.420000076293945,22.18000030517578,22.350000381469727,248703
2022-10-21,22.450000762939453,22.540000915527344,22.43000030517578,22.540000915527344,697996
2022-10-24,23.0,23.229999542236328,23.0,23.149999618530273,315114
2022-10-25,23.100000381469727,23.25,23.030000686645508,23.09000015258789,244606
2022-10-26,23.350000381469727,23.399999618530273,23.18000030517578,23.200000762939453,375840
2022-10-27,23.5,23.729999542236328,23.489999771118164,23.6200008392334,82993
2022-10-28,23.209999084472656,23.5,23.200000762939453,23.5,93000
2022-10-31,23.649999618530273,23.690000534057617,23.579999923706055,23.6299991607666,557049
2022-11-01,23.610000610351562,23.6299991607666,23.559999465942383,23.600000381469727,128642
2022-11-02,23.690000534057617,23.75,23.649999618530273,23.709999084472656,211350
2022-11-03,23.229999542236328,23.239999771118164,23.100000381469727,23.190000534057617,197194
2022-11-04,23.079999923706055,23.110000610351562,22.940000534057617,23.110000610351562,305796
2022-11-07,23.600000381469727,23.6200008392334,23.239999771118164,23.260000228881836,487335
2022-11-08,23.809999465942383,24.0,23.799999237060547,23.8700008392334,200152
2022-11-09,24.31999969482422,24.360000610351562,24.100000381469727,24.100000381469727,286185
2022-11-10,23.90999984741211,24.110000610351562,23.8799991607666,24.110000610351562,172411
2022-11-11,25.299999237060547,25.329999923706055,25.15999984741211,25.239999771118164,1466160
2022-11-14,25.520000457763672,25.729999542236328,25.520000457763672,25.600000381469727,316389
2022-11-15,25.889999389648438,25.920000076293945,25.59000015258789,25.690000534057617,933704
2022-11-16,26.239999771118164,26.25,26.09000015258789,26.100000381469727,922474
2022-11-17,25.770000457763672,25.989999771118164,25.610000610351562,25.850000381469727,439350
2022-11-18,25.739999771118164,26.020000457763672,25.739999771118164,25.979999542236328,262098
2022-11-21,25.729999542236328,25.84000015258789,25.700000762939453,25.829999923706055,101587
2022-11-22,25.6200008392334,25.670000076293945,25.579999923706055,25.670000076293945,300693
2022-11-23,25.790000915527344,25.940000534057617,25.75,25.809999465942383,309500
2022-11-24,26.100000381469727,26.149999618530273,26.059999465942383,26.09000015258789,549808
2022-11-25,26.0,26.200000762939453,26.0,26.09000015258789,234165
2022-11-28,25.75,25.799999237060547,25.700000762939453,25.700000762939453,192976
2022-11-29,25.469999313354492,25.510000228881836,25.309999465942383,25.5,184379
2022-11-30,25.469999313354492,25.469999313354492,25.34000015258789,25.34000015258789,209460
2022-12-01,26.190000534057617,26.350000381469727,26.149999618530273,26.31999969482422,326897
2022-12-02,26.049999237060547,26.1200008392334,26.020000457763672,26.1200008392334,147543
2022-12-05,25.989999771118164,26.15999984741211,25.979999542236328,26.049999237060547,494685
2022-12-06,25.84000015258789,25.889999389648438,25.790000915527344,25.8799991607666,254447
2022-12-07,25.459999084472656,25.559999465942383,25.450000762939453,25.559999465942383,219320
2022-12-08,25.219999313354492,25.280000686645508,25.1299991607666,25.280000686645508,225082
2022-12-09,25.729999542236328,25.799999237060547,25.56999969482422,25.56999969482422,283891
2022-12-12,25.559999465942383,25.59000015258789,25.459999084472656,25.479999542236328,217285
2022-12-13,25.6200008392334,25.780000686645508,25.600000381469727,25.700000762939453,214304
2022-12-14,26.100000381469727,26.149999618530273,26.049999237060547,26.1299991607666,347812
2022-12-15,25.8700008392334,25.989999771118164,25.829999923706055,25.989999771118164,197153
2022-12-16,25.1200008392334,25.3799991607666,25.100000381469727,25.3799991607666,394125
2022-12-19,24.889999389648438,25.030000686645508,24.8700008392334,25.020000457763672,397631
2022-12-20,24.350000381469727,24.719999313354492,24.350000381469727,24.719999313354492,586644
2022-12-21,24.3700008392334,24.559999465942383,24.3700008392334,24.5,129313
2022-12-22,24.610000610351562,24.670000076293945,24.59000015258789,24.639999389648438,89338
2022-12-23,23.979999542236328,24.329999923706055,23.860000610351562,24.329999923706055,203114
2022-12-26,24.18000030517578,24.280000686645508,23.850000381469727,23.979999542236328,160355
2022-12-27,24.1200008392334,24.219999313354492,24.1200008392334,24.18000030517578,177222
2022-12-28,23.760000228881836,23.84000015258789,23.709999084472656,23.739999771118164,114025
2022-12-29,23.579999923706055,23.600000381469727,23.469999313354492,23.56999969482422,102010
2022-12-30,23.860000610351562,23.93000030517578,23.84000015258789,23.860000610351562,224126
2023-01-03,24.079999923706055,24.100000381469727,23.81999969482422,23.81999969482422,291664
2023-01-04,23.93000030517578,24.010000228881836,23.899999618530273,23.989999771118164,132340
2023-01-05,24.270000457763672,24.280000686645508,24.139999389648438,24.139999389648438,196250
2023-01-06,24.399999618530273,24.469999313354492,24.15999984741211,24.190000534057617,316371
2023-01-09,25.020000457763672,25.020000457763672,24.700000762939453,24.700000762939453,487455
2023-01-10,25.260000228881836,25.34000015258789,25.049999237060547,25.049999237060547,349433
2023-01-11,25.489999771118164,25.510000228881836,25.3700008392334,25.40999984741211,281879
2023-01-12,25.65999984741211,25.700000762939453,25.549999237060547,25.549999237060547,438118
2023-01-13,25.899999618530273,26.049999237060547,25.799999237060547,26.040000915527344,1354816
2023-01-16,26.100000381469727,26.100000381469727,25.8799991607666,25.889999389648438,2089896
2023-01-17,26.18000030517578,26.200000762939453,25.899999618530273,26.100000381469727,765266
2023-01-30,26.950000762939453,27.010000228881836,26.40999984741211,26.579999923706055,1821571
2023-01-31,26.459999084472656,26.809999465942383,26.43000030517578,26.780000686645508,310667
2023-02-01,26.770000457763672,26.799999237060547,26.600000381469727,26.6200008392334,1117818
2023-02-02,27.219999313354492,27.25,26.84000015258789,26.8700008392334,1065130
2023-02-03,27.389999389648438,27.5,27.299999237060547,27.299999237060547,839281
2023-02-06,27.170000076293945,27.389999389648438,27.1200008392334,27.389999389648438,453532
2023-02-07,27.010000228881836,27.200000762939453,26.899999618530273,26.899999618530273,246470
2023-02-08,27.549999237060547,27.579999923706055,27.219999313354492,27.229999542236328,924345
2023-02-09,27.389999389648438,27.389999389648438,27.229999542236328,27.389999389648438,451889
2023-02-10,27.209999084472656,27.3799991607666,27.190000534057617,27.3799991607666,1142765
2023-02-13,26.920000076293945,27.110000610351562,26.899999618530273,26.979999542236328,245903
2023-02-14,27.25,27.299999237060547,27.219999313354492,27.219999313354492,653478
2023-02-15,27.270000457763672,27.329999923706055,27.170000076293945,27.229999542236328,1185273
2023-02-16,27.68000030517578,27.690000534057617,27.360000610351562,27.360000610351562,974229
2023-02-17,27.18000030517578,27.399999618530273,27.1200008392334,27.399999618530273,606897
2023-02-20,27.1299991607666,27.149999618530273,26.979999542236328,27.049999237060547,553186
2023-02-21,27.040000915527344,27.06999969482422,27.020000457763672,27.040000915527344,190362
2023-02-22,26.600000381469727,26.600000381469727,26.309999465942383,26.309999465942383,346290
2023-02-23,26.600000381469727,26.6299991607666,26.549999237060547,26.559999465942383,301824
2023-02-24,26.799999237060547,26.81999969482422,26.709999084472656,26.709999084472656,421078
2023-03-01,26.979999542236328,26.979999542236328,26.540000915527344,26.600000381469727,299373
2023-03-02,26.790000915527344,27.149999618530273,26.770000457763672,26.969999313354492,126508
2023-03-03,26.889999389648438,26.959999084472656,26.860000610351562,26.8799991607666,180979
2023-03-06,27.399999618530273,27.450000762939453,27.15999984741211,27.15999984741211,830905
2023-03-07,27.399999618530273,27.600000381469727,27.149999618530273,27.299999237060547,694244
2023-03-08,27.06999969482422,27.200000762939453,27.0,27.200000762939453,133154
2023-03-09,27.34000015258789,27.360000610351562,27.149999618530273,27.190000534057617,303099
2023-03-10,26.979999542236328,27.239999771118164,26.950000762939453,27.239999771118164,358029
2023-03-13,26.969999313354492,27.049999237060547,26.81999969482422,26.979999542236328,149043
2023-03-14,26.520000457763672,26.90999984741211,26.5,26.90999984741211,121268
2023-03-15,26.809999465942383,26.899999618530273,26.559999465942383,26.8799991607666,364148
2023-03-16,26.610000610351562,26.899999618530273,26.510000228881836,26.899999618530273,244502
2023-03-17,27.110000610351562,27.170000076293945,26.540000915527344,26.690000534057617,655966
2023-03-20,27.049999237060547,27.299999237060547,26.950000762939453,26.950000762939453,227095
2023-03-21,27.299999237060547,27.31999969482422,26.790000915527344,27.059999465942383,1112451
2023-03-22,27.59000015258789,27.6299991607666,27.1299991607666,27.440000534057617,1276331
2023-03-23,27.600000381469727,27.600000381469727,27.389999389648438,27.540000915527344,382131
2023-03-24,27.84000015258789,27.860000610351562,27.520000457763672,27.670000076293945,664922
2023-03-27,27.68000030517578,27.68000030517578,27.309999465942383,27.420000076293945,574468
2023-03-28,27.420000076293945,27.559999465942383,27.360000610351562,27.559999465942383,154985
2023-03-29,27.350000381469727,27.360000610351562,27.18000030517578,27.309999465942383,241118
2023-03-30,27.719999313354492,27.739999771118164,27.639999389648438,27.639999389648438,1348559
2023-03-31,28.219999313354492,28.260000228881836,28.1299991607666,28.18000030517578,1330700
2023-04-06,27.6200008392334,27.709999084472656,27.350000381469727,27.350000381469727,477616
2023-04-07,27.549999237060547,27.950000762939453,27.469999313354492,27.6200008392334,414838
2023-04-10,27.469999313354492,27.530000686645508,27.440000534057617,27.520000457763672,307348
2023-04-11,27.639999389648438,27.780000686645508,27.6299991607666,27.68000030517578,689045
2023-04-12,27.700000762939453,27.709999084472656,27.510000228881836,27.510000228881836,282109
2023-04-13,27.450000762939453,27.59000015258789,27.450000762939453,27.59000015258789,95787
2023-04-14,27.600000381469727,27.700000762939453,27.399999618530273,27.700000762939453,120540
2023-04-17,27.579999923706055,27.579999923706055,27.450000762939453,27.459999084472656,219467
2023-04-18,27.440000534057617,27.450000762939453,27.31999969482422,27.43000030517578,885066
2023-04-19,27.299999237060547,27.43000030517578,27.280000686645508,27.43000030517578,202739
2023-04-20,27.200000762939453,27.260000228881836,27.030000686645508,27.260000228881836,298431
2023-04-21,27.170000076293945,27.3700008392334,27.15999984741211,27.200000762939453,124540
2023-04-24,27.049999237060547,27.139999389648438,26.959999084472656,26.959999084472656,69686
2023-04-25,26.770000457763672,27.110000610351562,26.770000457763672,27.049999237060547,291764
2023-04-26,26.469999313354492,26.690000534057617,26.399999618530273,26.520000457763672,262564
2023-04-27,26.360000610351562,26.600000381469727,26.360000610351562,26.540000915527344,250577
2023-04-28,26.520000457763672,26.579999923706055,26.360000610351562,26.360000610351562,170000
2023-05-02,26.639999389648438,26.690000534057617,26.520000457763672,26.520000457763672,176959
2023-05-03,26.719999313354492,26.770000457763672,26.6200008392334,26.6200008392334,66203
2023-05-04,26.639999389648438,26.639999389648438,26.59000015258789,26.610000610351562,56622
2023-05-05,26.450000762939453,26.649999618530273,26.399999618530273,26.639999389648438,104002
2023-05-08,26.719999313354492,26.760000228881836,26.540000915527344,26.540000915527344,234626
2023-05-09,26.719999313354492,26.770000457763672,26.6299991607666,26.719999313354492,125829
2023-05-10,26.399999618530273,26.610000610351562,26.3799991607666,26.610000610351562,97960
2023-05-11,26.600000381469727,26.649999618530273,26.600000381469727,26.649999618530273,242862
2023-05-12,26.56999969482422,26.600000381469727,26.520000457763672,26.600000381469727,44778
2023-05-15,26.5,26.700000762939453,26.389999389648438,26.56999969482422,56920
2023-05-16,26.90999984741211,26.920000076293945,26.81999969482422,26.829999923706055,316509
2023-05-17,27.020000457763672,27.040000915527344,26.940000534057617,26.940000534057617,228675
2023-05-18,27.450000762939453,27.489999771118164,27.15999984741211,27.290000915527344,1137227
2023-05-19,27.81999969482422,27.850000381469727,27.540000915527344,27.540000915527344,951664
2023-05-22,27.729999542236328,27.729999542236328,27.600000381469727,27.649999618530273,200720
2023-05-23,27.90999984741211,27.93000030517578,27.729999542236328,27.790000915527344,1052909
2023-05-24,27.700000762939453,27.799999237060547,27.510000228881836,27.799999237060547,463202
2023-05-25,27.459999084472656,27.68000030517578,27.440000534057617,27.68000030517578,1471473
2023-05-26,27.979999542236328,28.09000015258789,27.809999465942383,27.809999465942383,2615574
2023-05-29,28.719999313354492,28.81999969482422,28.520000457763672,28.520000457763672,1366403
2023-05-30,28.719999313354492,28.75,28.649999618530273,28.719999313354492,571816
2023-05-31,28.75,28.850000381469727,28.559999465942383,28.559999465942383,702300
2023-06-01,28.579999923706055,28.639999389648438,28.440000534057617,28.5,320770
2023-06-02,28.950000762939453,28.989999771118164,28.5,28.68000030517578,1096906
2023-06-05,28.889999389648438,29.0,28.790000915527344,28.829999923706055,283390
2023-06-06,28.850000381469727,28.850000381469727,28.739999771118164,28.790000915527344,258958
2023-06-07,28.950000762939453,28.950000762939453,28.829999923706055,28.850000381469727,741227
2023-06-08,28.829999923706055,28.950000762939453,28.760000228881836,28.860000610351562,424221
2023-06-09,29.049999237060547,29.059999465942383,28.790000915527344,28.790000915527344,958529
2023-06-12,29.170000076293945,29.25,28.989999771118164,29.0,2098959
2023-06-13,29.84000015258789,29.8799991607666,29.399999618530273,29.399999618530273,2037115
2023-06-14,30.020000457763672,30.030000686645508,29.850000381469727,29.920000076293945,1580160
2023-06-15,30.25,30.299999237060547,30.010000228881836,30.1200008392334,1263395
2023-06-16,30.200000762939453,30.229999542236328,30.040000915527344,30.229999542236328,760633
2023-06-19,30.15999984741211,30.260000228881836,29.799999237060547,29.809999465942383,664301
2023-06-20,30.0,30.15999984741211,29.989999771118164,30.1200008392334,2178526
2023-06-21,30.139999389648438,30.25,30.0,30.049999237060547,902132
2023-06-26,29.530000686645508,29.59000015258789,29.290000915527344,29.290000915527344,429295
2023-06-27,29.549999237060547,29.6200008392334,29.479999542236328,29.5,451875
2023-06-28,29.959999084472656,29.969999313354492,29.84000015258789,29.84000015258789,578120
2023-06-29,30.06999969482422,30.200000762939453,29.959999084472656,29.959999084472656,370368
2023-06-30,30.229999542236328,30.229999542236328,30.06999969482422,30.06999969482422,603999
2023-07-03,30.649999618530273,30.709999084472656,30.5,30.5,527756
2023-07-04,30.75,30.799999237060547,30.56999969482422,30.670000076293945,610457
2023-07-05,30.75,30.790000915527344,30.700000762939453,30.790000915527344,532451
2023-07-06,30.360000610351562,30.600000381469727,30.260000228881836,30.600000381469727,508470
2023-07-07,30.09000015258789,30.200000762939453,30.09000015258789,30.1299991607666,245477
2023-07-10,30.049999237060547,30.15999984741211,29.989999771118164,29.989999771118164,321133
2023-07-11,30.469999313354492,30.530000686645508,30.360000610351562,30.360000610351562,5734946
2023-07-12,30.479999542236328,30.520000457763672,30.350000381469727,30.350000381469727,729205
2023-07-13,30.799999237060547,30.93000030517578,30.709999084472656,30.709999084472656,820946
2023-07-14,31.299999237060547,31.309999465942383,31.020000457763672,31.020000457763672,1718083
2023-07-17,31.350000381469727,31.350000381469727,31.049999237060547,31.139999389648438,1341581
2023-07-18,31.350000381469727,31.600000381469727,31.34000015258789,31.389999389648438,2567117
2023-07-19,31.290000915527344,31.479999542236328,31.229999542236328,31.270000457763672,1669741
2023-07-20,31.049999237060547,31.299999237060547,30.989999771118164,31.229999542236328,1596893
2023-07-21,30.329999923706055,30.3700008392334,30.229999542236328,30.239999771118164,4239476
2023-07-24,30.670000076293945,30.719999313354492,30.540000915527344,30.540000915527344,1448691
2023-07-25,30.799999237060547,30.850000381469727,30.690000534057617,30.690000534057617,323491
2023-07-26,30.90999984741211,30.979999542236328,30.90999984741211,30.93000030517578,296622
2023-07-27,30.950000762939453,31.010000228881836,30.90999984741211,30.920000076293945,361579
2023-07-28,31.639999389648438,31.690000534057617,31.360000610351562,31.3799991607666,832790
2023-07-31,31.780000686645508,32.0,31.780000686645508,31.920000076293945,520800
2023-08-01,32.13999938964844,32.18000030517578,31.940000534057617,31.940000534057617,895120
2023-08-02,31.729999542236328,31.93000030517578,31.700000762939453,31.899999618530273,415337
2023-08-04,30.959999084472656,31.729999542236328,30.8799991607666,31.59000015258789,708745
2023-08-07,31.229999542236328,31.260000228881836,30.760000228881836,30.969999313354492,1455407
2023-08-08,31.190000534057617,31.40999984741211,31.1299991607666,31.229999542236328,124300
2023-08-09,30.979999542236328,31.06999969482422,30.959999084472656,31.040000915527344,72086
2023-08-10,30.549999237060547,30.84000015258789,30.520000457763672,30.84000015258789,141791
2023-08-11,30.479999542236328,30.65999984741211,30.459999084472656,30.559999465942383,196794
2023-08-14,29.959999084472656,30.209999084472656,29.739999771118164,30.209999084472656,226896
2023-08-15,30.270000457763672,30.3700008392334,30.239999771118164,30.239999771118164,770395
2023-08-16,29.950000762939453,30.1200008392334,29.75,30.1200008392334,271323
2023-08-17,29.729999542236328,29.780000686645508,29.520000457763672,29.780000686645508,595262
2023-08-18,29.59000015258789,29.709999084472656,29.59000015258789,29.690000534057617,1231302
2023-08-21,29.479999542236328,29.610000610351562,29.469999313354492,29.600000381469727,570121
2023-08-22,29.81999969482422,29.90999984741211,29.780000686645508,29.81999969482422,423206
2023-08-23,29.969999313354492,30.030000686645508,29.899999618530273,29.899999618530273,509720
2023-08-24,30.40999984741211,30.440000534057617,30.299999237060547,30.399999618530273,533370
2023-08-25,29.56999969482422,29.729999542236328,29.549999237060547,29.670000076293945,82118
2023-08-28,29.829999923706055,29.8799991607666,29.68000030517578,29.68000030517578,331435
2023-08-29,30.09000015258789,30.09000015258789,29.6299991607666,29.979999542236328,504427
2023-08-30,30.700000762939453,30.719999313354492,30.43000030517578,30.43000030517578,1018136
2023-08-31,30.670000076293945,30.709999084472656,30.549999237060547,30.600000381469727,221100
2023-09-01,30.81999969482422,30.8799991607666,30.790000915527344,30.829999923706055,1008208
2023-09-04,30.959999084472656,30.979999542236328,30.6299991607666,30.81999969482422,644607
2023-09-05,30.989999771118164,31.0,30.809999465942383,30.829999923706055,425698
2023-09-06,30.959999084472656,31.0,30.8700008392334,30.989999771118164,407186
2023-09-07,30.65999984741211,30.940000534057617,30.440000534057617,30.940000534057617,310296
2023-09-08,30.09000015258789,30.3700008392334,30.030000686645508,30.1299991607666,183337
2023-09-11,30.020000457763672,30.06999969482422,29.940000534057617,30.040000915527344,214485
2023-09-12,30.1299991607666,30.190000534057617,29.940000534057617,30.030000686645508,363550
2023-09-13,29.959999084472656,30.139999389648438,29.950000762939453,30.1299991607666,252636
2023-09-14,30.139999389648438,30.25,29.950000762939453,30.0,485513
2023-09-15,30.389999389648438,30.579999923706055,30.15999984741211,30.200000762939453,645422
2023-09-18,30.079999923706055,30.1200008392334,29.860000610351562,29.969999313354492,1889000
2023-09-19,29.84000015258789,30.09000015258789,29.84000015258789,30.020000457763672,413109
2023-09-20,29.709999084472656,29.850000381469727,29.6200008392334,29.780000686645508,750762
2023-09-21,29.399999618530273,29.59000015258789,29.389999389648438,29.59000015258789,1353638
2023-09-22,29.290000915527344,29.290000915527344,29.170000076293945,29.239999771118164,271206
2023-09-25,29.43000030517578,29.5,29.290000915527344,29.290000915527344,93112
2023-09-26,29.34000015258789,29.440000534057617,29.229999542236328,29.389999389648438,1174226
2023-09-27,29.059999465942383,29.09000015258789,28.969999313354492,28.969999313354492,66575
2023-09-28,29.1200008392334,29.270000457763672,29.059999465942383,29.079999923706055,297000
2023-10-02,29.670000076293945,29.81999969482422,29.5,29.549999237060547,458504
2023-10-03,29.459999084472656,29.6200008392334,29.389999389648438,29.389999389648438,325103
2023-10-04,29.1299991607666,29.25,29.030000686645508,29.25,198814
2023-10-05,29.389999389648438,29.389999389648438,29.229999542236328,29.229999542236328,97033
2023-10-06,29.270000457763672,29.34000015258789,29.200000762939453,29.34000015258789,187200
2023-10-11,29.780000686645508,29.899999618530273,29.729999542236328,29.75,191801
2023-10-12,30.049999237060547,30.059999465942383,29.81999969482422,29.81999969482422,341738
2023-10-13,30.010000228881836,30.190000534057617,30.0,30.18000030517578,2909208
2023-10-16,29.690000534057617,29.790000915527344,29.5,29.709999084472656,354625
2023-10-17,29.639999389648438,29.899999618530273,29.639999389648438,29.809999465942383,150213
2023-10-18,29.600000381469727,29.729999542236328,29.600000381469727,29.709999084472656,390000
2023-10-19,29.110000610351562,29.270000457763672,29.06999969482422,29.270000457763672,85108
2023-10-20,28.809999465942383,28.940000534057617,28.739999771118164,28.860000610351562,141530
2023-10-23,28.600000381469727,28.719999313354492,28.56999969482422,28.65999984741211,82157
2023-10-24,28.459999084472656,28.549999237060547,28.34000015258789,28.510000228881836,637123
2023-10-25,28.649999618530273,28.760000228881836,28.6299991607666,28.6299991607666,232034
2023-10-26,28.040000915527344,28.1200008392334,27.989999771118164,28.030000686645508,829407
2023-10-27,28.239999771118164,28.3799991607666,28.239999771118164,28.290000915527344,758648
2023-10-30,28.559999465942383,28.600000381469727,28.31999969482422,28.31999969482422,407245
2023-10-31,28.200000762939453,28.399999618530273,28.200000762939453,28.399999618530273,257084
2023-11-01,28.540000915527344,28.549999237060547,28.489999771118164,28.5,190523
2023-11-02,29.100000381469727,29.139999389648438,29.0,29.0,516998
2023-11-03,29.489999771118164,29.6200008392334,29.34000015258789,29.34000015258789,283172
2023-11-06,29.950000762939453,30.0,29.799999237060547,29.799999237060547,497879
2023-11-07,29.93000030517578,30.020000457763672,29.850000381469727,29.850000381469727,297694
2023-11-08,29.989999771118164,30.040000915527344,29.90999984741211,29.93000030517578,349402
2023-11-09,30.049999237060547,30.100000381469727,29.979999542236328,30.0,454000
2023-11-10,30.030000686645508,30.059999465942383,29.979999542236328,30.0,103854
2023-11-13,30.510000228881836,30.670000076293945,30.489999771118164,30.510000228881836,671641
2023-11-14,30.579999923706055,30.670000076293945,30.549999237060547,30.56999969482422,274351
2023-11-15,31.290000915527344,31.309999465942383,31.09000015258789,31.09000015258789,978494
2023-11-16,31.299999237060547,31.559999465942383,31.229999542236328,31.510000228881836,501182
2023-11-17,31.260000228881836,31.299999237060547,31.1200008392334,31.299999237060547,1549470
2023-11-20,31.190000534057617,31.5,31.190000534057617,31.260000228881836,689064
2023-11-21,31.360000610351562,31.40999984741211,31.360000610351562,31.3700008392334,1217297
2023-11-22,31.100000381469727,31.190000534057617,31.040000915527344,31.040000915527344,136153
2023-11-23,31.15999984741211,31.239999771118164,31.1299991607666,31.139999389648438,164392
2023-11-24,31.299999237060547,31.3799991607666,31.280000686645508,31.34000015258789,335453
2023-11-27,31.200000762939453,31.399999618530273,31.170000076293945,31.299999237060547,282444
2023-11-28,31.229999542236328,31.31999969482422,31.200000762939453,31.260000228881836,293783
2023-11-29,31.100000381469727,31.229999542236328,31.030000686645508,31.030000686645508,340092
2023-11-30,31.299999237060547,31.3700008392334,31.270000457763672,31.360000610351562,303149
2023-12-01,31.260000228881836,31.270000457763672,31.15999984741211,31.25,146858
2023-12-04,31.360000610351562,31.40999984741211,31.34000015258789,31.3799991607666,245454
2023-12-05,31.049999237060547,31.260000228881836,30.989999771118164,31.25,152486
2023-12-06,31.1299991607666,31.18000030517578,31.030000686645508,31.030000686645508,674090
2023-12-07,31.049999237060547,31.15999984741211,30.989999771118164,31.1299991607666,725050
2023-12-08,31.209999084472656,31.299999237060547,31.15999984741211,31.219999313354492,534129
2023-12-11,31.43000030517578,31.43000030517578,31.360000610351562,31.3700008392334,528787
2023-12-12,31.81999969482422,31.899999618530273,31.780000686645508,31.8799991607666,1595103
2023-12-13,32.150001525878906,32.15999984741211,31.920000076293945,32.0,1282601
2023-12-14,32.400001525878906,32.5,32.220001220703125,32.220001220703125,1516724
2023-12-15,32.959999084472656,33.0099983215332,32.709999084472656,32.709999084472656,2475540
2023-12-18,33.0099983215332,33.0099983215332,32.77000045776367,32.77000045776367,1056286
2023-12-19,32.93000030517578,32.95000076293945,32.7400016784668,32.88999938964844,1282193
2023-12-20,33.220001220703125,33.22999954223633,32.97999954223633,32.97999954223633,1462019
2023-12-21,32.880001068115234,32.93000030517578,32.650001525878906,32.849998474121094,1249144
2023-12-22,33.04999923706055,33.060001373291016,32.91999816894531,32.91999816894531,773629
2023-12-25,33.119998931884766,33.25,32.880001068115234,33.20000076293945,232726
2023-12-26,33.189998626708984,33.220001220703125,33.11000061035156,33.150001525878906,718390
2023-12-27,33.380001068115234,33.38999938964844,33.16999816894531,33.16999816894531,904121
2023-12-28,33.40999984741211,33.40999984741211,33.34000015258789,33.380001068115234,502120
2023-12-29,33.400001525878906,33.41999816894531,33.29999923706055,33.310001373291016,668090
2024-01-02,33.25,33.400001525878906,33.13999938964844,33.400001525878906,346387
2024-01-03,32.66999816894531,32.77000045776367,32.619998931884766,32.7599983215332,865588
2024-01-04,32.06999969482422,32.130001068115234,31.989999771118164,32.0,284578
2024-01-05,31.6299991607666,31.950000762939453,31.6200008392334,31.950000762939453,1602084
2024-01-08,31.690000534057617,31.829999923706055,31.649999618530273,31.649999618530273,501176
2024-01-09,31.8799991607666,32.15999984741211,31.8799991607666,31.989999771118164,2839128
2024-01-10,31.899999618530273,32.060001373291016,31.8700008392334,32.060001373291016,2360523
2024-01-11,32.09000015258789,32.189998626708984,32.04999923706055,32.06999969482422,3393857
2024-01-12,32.130001068115234,32.20000076293945,32.130001068115234,32.150001525878906,1823429
2024-01-15,32.130001068115234,32.130001068115234,32.130001068115234,32.130001068115234,0
2024-01-16,32.290000915527344,32.439998626708984,32.2599983215332,32.439998626708984,3143051
2024-01-17,32.119998931884766,32.47999954223633,32.08000183105469,32.41999816894531,3167072
2024-01-18,32.060001373291016,32.13999938964844,32.0,32.13999938964844,230450
2024-01-19,33.09000015258789,33.099998474121094,32.880001068115234,32.95000076293945,1158253
2024-01-22,33.47999954223633,33.709999084472656,33.47999954223633,33.58000183105469,1988299
2024-01-23,33.70000076293945,33.79999923706055,33.650001525878906,33.66999816894531,2014770
2024-01-24,33.70000076293945,33.779998779296875,33.58000183105469,33.58000183105469,1163243
2024-01-25,34.04999923706055,34.099998474121094,33.939998626708984,34.0099983215332,616857
2024-01-26,33.689998626708984,34.04999923706055,33.66999816894531,34.04999923706055,1687384
2024-01-29,33.54999923706055,33.61000061035156,33.470001220703125,33.470001220703125,465269
2024-01-30,33.86000061035156,33.86000061035156,33.650001525878906,33.65999984741211,1434999
2024-01-31,33.380001068115234,33.47999954223633,33.34000015258789,33.369998931884766,1191300
2024-02-01,33.29999923706055,33.459999084472656,33.29999923706055,33.38999938964844,1894522
2024-02-02,33.369998931884766,33.560001373291016,33.349998474121094,33.349998474121094,1048000
2024-02-05,33.459999084472656,33.5099983215332,33.29999923706055,33.47999954223633,733450
2024-02-15,35.29999923706055,35.349998474121094,33.869998931884766,33.880001068115234,2012351
2024-02-16,35.849998474121094,36.09000015258789,35.689998626708984,36.09000015258789,1431225
2024-02-19,35.4900016784668,35.7400016784668,35.4900016784668,35.56999969482422,1254238
2024-02-20,35.439998626708984,35.70000076293945,35.439998626708984,35.4900016784668,1419216
2024-02-21,35.08000183105469,35.220001220703125,35.060001373291016,35.060001373291016,1739485
2024-02-22,35.7400016784668,35.83000183105469,35.34000015258789,35.34000015258789,2290589
2024-02-23,36.47999954223633,36.4900016784668,36.150001525878906,36.150001525878906,2726967
2024-02-26,36.5099983215332,36.5099983215332,36.16999816894531,36.439998626708984,687742
2024-02-27,36.7599983215332,36.77000045776367,36.470001220703125,36.5099983215332,618434
2024-02-29,36.619998931884766,36.68000030517578,36.380001068115234,36.5,2184293
2024-03-01,37.08000183105469,37.189998626708984,36.93000030517578,36.93000030517578,1897493
2024-03-04,37.9900016784668,38.0099983215332,37.349998474121094,37.619998931884766,1393785
2024-03-05,38.279998779296875,38.290000915527344,37.83000183105469,37.9900016784668,874227
2024-03-06,38.0,38.0,37.54999923706055,38.0,271171
2024-03-07,38.04999923706055,38.45000076293945,38.0,38.0,2360700
2024-03-08,38.61000061035156,38.939998626708984,38.27000045776367,38.27000045776367,4026287
2024-03-11,38.099998474121094,38.130001068115234,37.90999984741211,38.02000045776367,998916
2024-03-12,38.0099983215332,38.060001373291016,37.75,37.79999923706055,1221605
2024-03-13,38.310001373291016,38.36000061035156,38.02000045776367,38.04999923706055,1088002
2024-03-14,37.7599983215332,37.88999938964844,37.650001525878906,37.68000030517578,125526
2024-03-15,37.38999938964844,37.529998779296875,37.38999938964844,37.45000076293945,1823631
2024-03-18,37.650001525878906,37.650001525878906,37.220001220703125,37.220001220703125,253819
2024-03-19,37.810001373291016,37.849998474121094,37.56999969482422,37.63999938964844,1771330
2024-03-20,37.779998779296875,37.900001525878906,37.77000045776367,37.810001373291016,165272
2024-03-21,38.5099983215332,38.54999923706055,38.040000915527344,38.09000015258789,1638410
2024-03-22,39.189998626708984,39.22999954223633,38.84000015258789,38.970001220703125,2223825
2024-03-25,38.959999084472656,39.06999969482422,38.66999816894531,38.959999084472656,1789007
2024-03-26,38.599998474121094,38.7599983215332,38.5099983215332,38.52000045776367,887540
2024-03-27,38.47999954223633,38.650001525878906,38.41999816894531,38.599998474121094,968753
2024-03-28,38.5,38.5,38.369998931884766,38.5,376150
2024-03-29,38.459999084472656,38.5,38.31999969482422,38.5,161000
2024-04-01,38.43000030517578,38.88999938964844,38.41999816894531,38.45000076293945,142337
2024-04-02,38.47999954223633,38.599998474121094,38.40999984741211,38.40999984741211,261053
2024-04-03,38.16999816894531,38.75,38.16999816894531,38.459999084472656,1025003
2024-04-08,38.060001373291016,38.349998474121094,38.029998779296875,38.16999816894531,2050444
2024-04-09,38.65999984741211,38.65999984741211,38.31999969482422,38.400001525878906,665800
2024-04-10,38.93000030517578,38.939998626708984,38.72999954223633,38.75,1318323
2024-04-11,38.5099983215332,38.5099983215332,38.34000015258789,38.470001220703125,92917
2024-04-12,38.810001373291016,38.959999084472656,38.70000076293945,38.709999084472656,3292026
2024-04-15,38.20000076293945,38.47999954223633,38.119998931884766,38.45000076293945,1473749
2024-04-16,37.7599983215332,38.0,37.630001068115234,38.0,511372
2024-04-17,37.88999938964844,37.970001220703125,37.65999984741211,37.66999816894531,727000
2024-04-18,37.2400016784668,37.599998474121094,37.119998931884766,37.38999938964844,320581
2024-04-19,36.02000045776367,36.560001373291016,35.790000915527344,36.560001373291016,795569
2024-04-22,35.66999816894531,35.779998779296875,35.59000015258789,35.61000061035156,666192
2024-04-23,35.7400016784668,35.900001525878906,35.720001220703125,35.7599983215332,108138
2024-04-24,36.7599983215332,36.77000045776367,36.470001220703125,36.470001220703125,211224
2024-04-25,36.52000045776367,36.93000030517578,36.52000045776367,36.90999984741211,379082
2024-04-26,36.81999969482422,36.849998474121094,36.52000045776367,36.52000045776367,1629780
2024-04-29,37.41999816894531,37.5,37.0,37.0,462100
2024-04-30,37.470001220703125,37.5,37.41999816894531,37.41999816894531,158213
2024-05-02,36.970001220703125,37.029998779296875,36.650001525878906,37.029998779296875,141134
2024-05-03,37.09000015258789,37.380001068115234,37.09000015258789,37.380001068115234,1157284
2024-05-06,37.560001373291016,37.59000015258789,37.279998779296875,37.279998779296875,330533
2024-05-07,37.970001220703125,37.970001220703125,37.77000045776367,37.880001068115234,567030
2024-05-08,38.0,38.08000183105469,37.970001220703125,38.040000915527344,110054
2024-05-09,37.900001525878906,37.9900016784668,37.810001373291016,37.97999954223633,29000
2024-05-10,37.81999969482422,38.0,37.75,37.95000076293945,469006
2024-05-13,38.0099983215332,38.099998474121094,37.91999816894531,37.91999816894531,847025
2024-05-14,37.939998626708984,38.040000915527344,37.720001220703125,37.7599983215332,131030
2024-05-15,38.22999954223633,38.31999969482422,38.189998626708984,38.220001220703125,639715
2024-05-16,38.959999084472656,39.060001373291016,38.72999954223633,38.72999954223633,1256104
2024-05-17,38.84000015258789,39.040000915527344,38.5099983215332,38.61000061035156,289077
2024-05-20,38.88999938964844,39.0,38.38999938964844,38.84000015258789,1040206
2024-05-21,39.209999084472656,39.34000015258789,39.16999816894531,39.189998626708984,400477
2024-05-22,39.22999954223633,39.31999969482422,39.060001373291016,39.209999084472656,369012
2024-05-23,39.63999938964844,39.709999084472656,39.279998779296875,39.310001373291016,590426
2024-05-24,39.369998931884766,39.619998931884766,39.33000183105469,39.619998931884766,259064
2024-05-27,39.689998626708984,39.70000076293945,39.40999984741211,39.40999984741211,315422
2024-05-28,39.86000061035156,39.86000061035156,39.720001220703125,39.83000183105469,1242058
2024-05-29,39.81999969482422,39.88999938964844,39.68000030517578,39.68000030517578,188041
2024-05-30,39.20000076293945,39.439998626708984,39.0099983215332,39.439998626708984,1015387
2024-05-31,39.33000183105469,39.4900016784668,39.20000076293945,39.40999984741211,1456280
2024-06-03,39.470001220703125,39.4900016784668,39.36000061035156,39.400001525878906,140428
2024-06-04,39.29999923706055,39.47999954223633,39.29999923706055,39.47999954223633,82103
2024-06-05,39.08000183105469,39.279998779296875,39.029998779296875,39.279998779296875,1413062
2024-06-06,40.34000015258789,40.43000030517578,40.0099983215332,40.119998931884766,2001260
2024-06-07,40.04999923706055,40.34000015258789,40.04999923706055,40.279998779296875,356188
2024-06-11,40.470001220703125,40.47999954223633,40.119998931884766,40.119998931884766,1100919
2024-06-12,40.459999084472656,40.5,40.2400016784668,40.369998931884766,1880105
2024-06-13,41.36000061035156,41.470001220703125,41.02000045776367,41.02000045776367,1678359
2024-06-14,41.439998626708984,41.47999954223633,41.15999984741211,41.36000061035156,344110
2024-06-17,41.2400016784668,41.33000183105469,40.959999084472656,41.33000183105469,660121
2024-06-18,41.849998474121094,42.06999969482422,41.56999969482422,41.56999969482422,1484097
2024-06-19,42.33000183105469,42.41999816894531,42.22999954223633,42.22999954223633,206078
2024-06-20,42.5,42.5099983215332,42.2400016784668,42.5,126282
2024-06-21,41.65999984741211,42.0,41.619998931884766,42.0,3606180
2024-06-24,41.41999816894531,41.63999938964844,41.369998931884766,41.47999954223633,158165
2024-06-25,40.90999984741211,40.95000076293945,40.65999984741211,40.720001220703125,510396
2024-06-26,41.36000061035156,41.439998626708984,41.060001373291016,41.060001373291016,380508
2024-06-27,41.13999938964844,41.939998626708984,41.04999923706055,41.290000915527344,3248322
2024-06-28,41.099998474121094,41.41999816894531,41.099998474121094,41.29999923706055,584080
2024-07-01,41.599998474121094,41.599998474121094,41.349998474121094,41.52000045776367,1348519
2024-07-02,41.47999954223633,41.5,41.220001220703125,41.22999954223633,1131579
2024-07-03,42.33000183105469,42.33000183105469,41.81999969482422,42.119998931884766,1147316
2024-07-04,42.59000015258789,42.59000015258789,42.29999923706055,42.54999923706055,1084900
2024-07-05,42.459999084472656,42.459999084472656,42.29999923706055,42.34000015258789,1032099
2024-07-08,42.84000015258789,42.84000015258789,42.09000015258789,42.459999084472656,1240488
2024-07-09,43.36000061035156,43.380001068115234,43.029998779296875,43.29999923706055,389950
2024-07-10,43.79999923706055,43.79999923706055,43.349998474121094,43.5,1069142
2024-07-11,44.29999923706055,44.29999923706055,44.06999969482422,44.08000183105469,1155894
2024-07-12,43.15999984741211,43.349998474121094,42.9900016784668,42.9900016784668,306985
2024-07-15,43.29999923706055,43.68000030517578,43.29999923706055,43.68000030517578,1385308
2024-07-16,43.880001068115234,43.959999084472656,43.56999969482422,43.56999969482422,171156
2024-07-17,43.68000030517578,44.0,43.65999984741211,43.970001220703125,418114
2024-07-18,41.5099983215332,42.02000045776367,41.47999954223633,42.0,2936809
2024-07-19,41.130001068115234,41.459999084472656,41.130001068115234,41.2400016784668,396042
2024-07-22,40.349998474121094,40.66999816894531,40.20000076293945,40.40999984741211,882455
2024-07-23,41.040000915527344,41.27000045776367,41.02000045776367,41.27000045776367,474707
2024-07-26,39.119998931884766,39.119998931884766,38.56999969482422,39.0,307117
2024-07-29,39.70000076293945,39.97999954223633,39.65999984741211,39.97999954223633,370513
2024-07-30,39.38999938964844,39.70000076293945,39.099998474121094,39.70000076293945,141569
2024-07-31,39.040000915527344,39.09000015258789,38.83000183105469,39.06999969482422,800035
2024-08-01,40.119998931884766,40.220001220703125,39.97999954223633,40.099998474121094,599380
2024-08-02,37.77000045776367,38.59000015258789,37.75,38.59000015258789,968138
2024-08-05,34.47999954223633,36.38999938964844,34.47999954223633,36.38999938964844,802883
2024-08-06,36.279998779296875,36.61000061035156,35.79999923706055,35.79999923706055,1479085
2024-08-07,37.11000061035156,37.189998626708984,36.290000915527344,36.290000915527344,1228162
2024-08-08,36.33000183105469,36.619998931884766,36.0,36.040000915527344,1035289
2024-08-09,36.689998626708984,37.06999969482422,36.650001525878906,36.7400016784668,263441
2024-08-12,37.029998779296875,37.11000061035156,36.619998931884766,36.65999984741211,248789
2024-08-13,37.27000045776367,37.47999954223633,37.25,37.47999954223633,147211
2024-08-14,37.7599983215332,38.0,37.650001525878906,37.650001525878906,120000
2024-08-15,37.84000015258789,37.900001525878906,37.689998626708984,37.7599983215332,154265
2024-08-16,38.849998474121094,38.900001525878906,38.25,38.79999923706055,236219
2024-08-19,38.650001525878906,38.900001525878906,38.650001525878906,38.900001525878906,452086
2024-08-20,38.720001220703125,38.9900016784668,38.529998779296875,38.9900016784668,503101
2024-08-21,38.4900016784668,38.650001525878906,38.41999816894531,38.650001525878906,266189
2024-08-22,38.810001373291016,38.93000030517578,38.689998626708984,38.689998626708984,456214
2024-08-23,38.40999984741211,38.849998474121094,37.72999954223633,38.66999816894531,52751
2024-08-26,38.47999954223633,38.630001068115234,38.41999816894531,38.439998626708984,528460
2024-08-27,37.95000076293945,38.0,37.86000061035156,37.970001220703125,77376
2024-08-28,38.11000061035156,38.13999938964844,37.900001525878906,37.90999984741211,206061
2024-08-29,37.88999938964844,37.90999984741211,37.7400016784668,37.75,347295
2024-08-30,38.41999816894531,38.41999816894531,38.099998474121094,38.099998474121094,60204
2024-09-02,38.61000061035156,38.86000061035156,38.56999969482422,38.650001525878906,98281
2024-09-03,38.45000076293945,38.81999969482422,38.40999984741211,38.56999969482422,585276
2024-09-04,36.459999084472656,37.150001525878906,36.29999923706055,37.150001525878906,148461
2024-09-05,36.25,36.880001068115234,36.2400016784668,36.83000183105469,67125
2024-09-06,36.029998779296875,36.2599983215332,35.900001525878906,36.15999984741211,193675
2024-09-09,35.34000015258789,35.349998474121094,34.88999938964844,35.349998474121094,446238
2024-09-10,35.380001068115234,35.5099983215332,35.34000015258789,35.5099983215332,195482
2024-09-11,35.20000076293945,35.61000061035156,35.20000076293945,35.59000015258789,128524
2024-09-12,36.36000061035156,36.41999816894531,36.15999984741211,36.22999954223633,374173
2024-09-13,36.369998931884766,36.52000045776367,36.31999969482422,36.52000045776367,36932
2024-09-16,36.630001068115234,36.75,36.47999954223633,36.75,237236
2024-09-18,36.220001220703125,36.79999923706055,36.220001220703125,36.54999923706055,128100
2024-09-19,36.5,36.529998779296875,36.18000030517578,36.43000030517578,119109
2024-09-20,37.150001525878906,37.279998779296875,36.849998474121094,36.849998474121094,139392
2024-09-23,36.95000076293945,37.029998779296875,36.790000915527344,37.0099983215332,58532
2024-09-24,37.060001373291016,37.099998474121094,36.86000061035156,36.939998626708984,67026
2024-09-25,37.310001373291016,37.4900016784668,37.310001373291016,37.400001525878906,152580
2024-09-26,38.04999923706055,38.04999923706055,37.75,37.75,338757
2024-09-27,38.369998931884766,38.880001068115234,38.18000030517578,38.43000030517578,402952
2024-09-30,38.25,38.34000015258789,38.130001068115234,38.27000045776367,363100
2024-10-01,38.38999938964844,38.4900016784668,38.25,38.25,65605
2024-10-04,38.27000045776367,38.34000015258789,37.849998474121094,37.849998474121094,1126035
2024-10-07,38.7599983215332,38.90999984741211,38.439998626708984,38.88999938964844,1479134
2024-10-08,38.459999084472656,38.91999816894531,38.2599983215332,38.900001525878906,534248
2024-10-09,38.83000183105469,39.0099983215332,38.630001068115234,38.9900016784668,964232
2024-10-11,38.66999816894531,39.09000015258789,38.630001068115234,39.09000015258789,161717
2024-10-14,38.75,38.77000045776367,38.52000045776367,38.77000045776367,163257
2024-10-15,39.560001373291016,39.63999938964844,39.2599983215332,39.2599983215332,364136
2024-10-16,37.939998626708984,38.029998779296875,37.70000076293945,38.0,1021200
2024-10-17,37.54999923706055,38.15999984741211,37.470001220703125,37.779998779296875,104250
2024-10-18,37.630001068115234,37.7400016784668,37.52000045776367,37.70000076293945,635208
2024-10-21,37.9900016784668,38.150001525878906,37.95000076293945,37.95000076293945,352270
2024-10-22,37.7400016784668,37.849998474121094,37.619998931884766,37.849998474121094,70423
2024-10-23,37.56999969482422,37.7400016784668,37.540000915527344,37.7400016784668,79199
2024-10-24,37.25,37.65999984741211,37.25,37.56999969482422,401739
2024-10-25,37.5099983215332,37.5099983215332,37.369998931884766,37.369998931884766,172330
2024-10-28,37.88999938964844,37.97999954223633,37.75,37.900001525878906,221350
2024-10-29,37.540000915527344,37.779998779296875,37.43000030517578,37.779998779296875,254580
2024-10-30,37.81999969482422,38.279998779296875,37.72999954223633,37.849998474121094,196074
2024-11-01,36.70000076293945,37.06999969482422,36.52000045776367,37.06999969482422,115226
2024-11-04,36.91999816894531,37.18000030517578,36.83000183105469,37.18000030517578,154579
2024-11-05,37.15999984741211,37.29999923706055,36.939998626708984,36.939998626708984,219839
2024-11-06,38.04999923706055,38.18000030517578,37.689998626708984,37.81999969482422,197629
2024-11-07,38.189998626708984,38.58000183105469,37.77000045776367,38.380001068115234,90469
2024-11-08,38.38999938964844,39.029998779296875,38.13999938964844,39.029998779296875,37343
2024-11-11,38.36000061035156,38.5,38.13999938964844,38.31999969482422,186732
2024-11-12,38.02000045776367,38.61000061035156,38.02000045776367,38.61000061035156,42067
2024-11-13,37.79999923706055,38.040000915527344,37.79999923706055,38.02000045776367,165010
2024-11-14,37.2599983215332,37.66999816894531,37.2599983215332,37.66999816894531,222010
2024-11-15,37.349998474121094,37.540000915527344,37.25,37.540000915527344,99000
2024-11-18,36.65999984741211,36.869998931884766,36.599998474121094,36.869998931884766,235039
2024-11-19,36.65999984741211,36.720001220703125,36.369998931884766,36.599998474121094,76194
2024-11-20,36.540000915527344,36.540000915527344,36.540000915527344,36.540000915527344,124
2024-11-21,36.439998626708984,36.5,36.31999969482422,36.4900016784668,32578
2024-11-22,36.90999984741211,37.02000045776367,36.83000183105469,36.83000183105469,201000
2024-11-25,37.13999938964844,37.4900016784668,37.09000015258789,37.47999954223633,117285
2024-11-26,36.959999084472656,37.0099983215332,36.79999923706055,36.959999084472656,491264
2024-11-27,36.720001220703125,36.84000015258789,36.70000076293945,36.83000183105469,34027
2024-11-28,36.70000076293945,36.72999954223633,36.5,36.720001220703125,463000
2024-11-29,36.81999969482422,36.869998931884766,36.54999923706055,36.869998931884766,102877
2024-12-02,37.380001068115234,37.400001525878906,36.81999969482422,36.880001068115234,426288
2024-12-03,38.25,38.599998474121094,37.86000061035156,37.86000061035156,221043
2024-12-04,38.119998931884766,38.27000045776367,37.900001525878906,38.27000045776367,206091
2024-12-05,37.9900016784668,38.38999938964844,37.70000076293945,38.38999938964844,56050
2024-12-06,37.849998474121094,37.900001525878906,37.599998474121094,37.900001525878906,189375
2024-12-09,37.77000045776367,38.20000076293945,37.650001525878906,38.119998931884766,50328
2024-12-10,37.849998474121094,37.91999816894531,37.5099983215332,37.900001525878906,91052
2024-12-11,37.56999969482422,37.849998474121094,37.38999938964844,37.849998474121094,100979
2024-12-12,37.84000015258789,38.029998779296875,37.720001220703125,37.849998474121094,85000
2024-12-13,37.59000015258789,37.790000915527344,37.43000030517578,37.790000915527344,123174
2024-12-16,37.52000045776367,37.9900016784668,37.52000045776367,37.59000015258789,155037
2024-12-17,37.599998474121094,37.70000076293945,37.4900016784668,37.68000030517578,312561
2024-12-18,37.81999969482422,37.81999969482422,37.58000183105469,37.599998474121094,170929
2024-12-19,37.310001373291016,37.630001068115234,37.2400016784668,37.630001068115234,27130
2024-12-20,36.88999938964844,36.95000076293945,36.88999938964844,36.91999816894531,37232
2024-12-23,37.349998474121094,37.36000061035156,37.06999969482422,37.06999969482422,236545
2024-12-24,37.43000030517578,37.560001373291016,37.43000030517578,37.459999084472656,194000
2024-12-25,37.5,37.619998931884766,37.34000015258789,37.439998626708984,39074
2024-12-26,37.75,37.75,37.349998474121094,37.5,206718
2024-12-27,37.90999984741211,37.9900016784668,37.810001373291016,37.9900016784668,73088
2024-12-30,37.7599983215332,37.90999984741211,37.41999816894531,37.90999984741211,92000
2024-12-31,37.400001525878906,37.7400016784668,37.150001525878906,37.7400016784668,89000
2025-01-02,37.209999084472656,37.72999954223633,37.16999816894531,37.72999954223633,98188
2025-01-03,37.209999084472656,37.7400016784668,37.06999969482422,37.209999084472656,245571
2025-01-06,37.65999984741211,37.790000915527344,37.349998474121094,37.599998474121094,152376
2025-01-07,38.290000915527344,38.70000076293945,38.130001068115234,38.15999984741211,350000
2025-01-08,38.5,38.59000015258789,38.290000915527344,38.290000915527344,158077
2025-01-09,38.209999084472656,38.38999938964844,38.11000061035156,38.11000061035156,48185
2025-01-10,38.150001525878906,38.349998474121094,38.0,38.349998474121094,80025
2025-01-13,37.459999084472656,37.970001220703125,37.41999816894531,37.959999084472656,223344
2025-01-14,37.40999984741211,37.4900016784668,37.349998474121094,37.459999084472656,255054
2025-01-15,37.400001525878906,37.849998474121094,37.38999938964844,37.849998474121094,237250
2025-01-16,37.900001525878906,38.11000061035156,37.63999938964844,37.63999938964844,176080
2025-01-17,38.349998474121094,38.40999984741211,38.029998779296875,38.029998779296875,155462
2025-01-20,38.65999984741211,38.720001220703125,38.06999969482422,38.06999969482422,293591
2025-01-21,39.040000915527344,39.119998931884766,38.099998474121094,38.099998474121094,614905
2025-01-22,39.400001525878906,39.439998626708984,39.099998474121094,39.099998474121094,231222
2025-02-03,38.779998779296875,39.0,37.75,37.75,388050
2025-02-04,37.93000030517578,38.540000915527344,37.93000030517578,38.119998931884766,158020
2025-02-05,38.36000061035156,38.709999084472656,38.2599983215332,38.349998474121094,107025
2025-02-06,38.97999954223633,38.97999954223633,38.5,38.5,145008
2025-02-07,39.11000061035156,39.310001373291016,39.0,39.0,99871
2025-02-10,39.04999923706055,39.290000915527344,38.61000061035156,39.11000061035156,124053
2025-02-11,39.25,39.31999969482422,39.06999969482422,39.31999969482422,201648
2025-02-12,39.06999969482422,39.25,39.04999923706055,39.25,205085
2025-02-13,39.08000183105469,39.349998474121094,39.060001373291016,39.15999984741211,242237
2025-02-14,39.18000030517578,39.31999969482422,39.099998474121094,39.20000076293945,62000
2025-02-17,39.439998626708984,39.439998626708984,39.06999969482422,39.18000030517578,373976
2025-02-18,39.540000915527344,39.66999816894531,39.34000015258789,39.36000061035156,229060
2025-02-19,39.599998474121094,39.75,39.220001220703125,39.54999923706055,1249259
2025-02-20,39.70000076293945,39.880001068115234,39.65999984741211,39.7400016784668,942114
2025-02-21,39.9900016784668,40.119998931884766,39.63999938964844,39.63999938964844,259333
2025-02-24,39.84000015258789,39.9900016784668,39.709999084472656,39.9900016784668,144297
2025-02-25,39.349998474121094,39.90999984741211,39.060001373291016,39.70000076293945,61000
2025-02-26,39.0,39.06999969482422,38.849998474121094,39.06999969482422,200875
2025-02-27,38.7599983215332,39.290000915527344,38.7599983215332,39.0,124150
2025-03-03,37.61000061035156,37.970001220703125,37.56999969482422,37.849998474121094,351717
2025-03-04,37.130001068115234,37.65999984741211,36.7599983215332,37.4900016784668,137043
2025-03-05,37.04999923706055,37.20000076293945,37.0,37.0,81892
2025-03-06,37.689998626708984,37.689998626708984,37.31999969482422,37.52000045776367,140267
2025-03-07,37.04999923706055,37.220001220703125,36.900001525878906,37.06999969482422,108222
2025-03-10,37.119998931884766,37.29999923706055,37.04999923706055,37.279998779296875,65295
2025-03-11,36.40999984741211,36.45000076293945,36.029998779296875,36.349998474121094,563820
2025-03-12,36.40999984741211,36.43000030517578,36.2400016784668,36.40999984741211,26030
2025-03-13,36.33000183105469,36.86000061035156,36.33000183105469,36.5,73432
2025-03-14,36.439998626708984,36.70000076293945,36.33000183105469,36.34000015258789,69000
2025-03-17,37.04999923706055,37.04999923706055,36.709999084472656,36.709999084472656,135158
2025-03-18,37.130001068115234,37.34000015258789,37.099998474121094,37.099998474121094,44213
2025-03-19,37.15999984741211,37.43000030517578,37.11000061035156,37.400001525878906,25100
2025-03-20,37.400001525878906,37.5,37.33000183105469,37.47999954223633,67015
2025-03-21,37.0,37.4900016784668,37.0,37.400001525878906,45176
2025-03-24,36.880001068115234,36.97999954223633,36.75,36.97999954223633,28105
2025-03-25,37.040000915527344,37.34000015258789,37.0099983215332,37.0099983215332,53000
2025-03-26,37.279998779296875,37.34000015258789,37.150001525878906,37.220001220703125,121634
2025-03-27,36.66999816894531,36.86000061035156,36.61000061035156,36.86000061035156,45035
2025-03-28,36.04999923706055,36.40999984741211,36.04999923706055,36.40999984741211,49000
2025-03-31,34.880001068115234,35.11000061035156,34.880001068115234,34.91999816894531,137091
2025-04-01,35.15999984741211,35.15999984741211,34.849998474121094,34.849998474121094,64582
2025-04-02,35.599998474121094,35.599998474121094,35.119998931884766,35.15999984741211,483720
2025-04-07,29.389999389648438,30.0,29.0,30.0,842066
2025-04-08,30.239999771118164,30.75,29.399999618530273,29.940000534057617,362307
2025-04-09,28.799999237060547,30.100000381469727,28.799999237060547,30.100000381469727,331838
2025-04-10,32.72999954223633,32.900001525878906,31.979999542236328,31.979999542236328,279075
2025-04-11,31.989999771118164,31.989999771118164,31.280000686645508,31.8700008392334,210014
2025-04-14,32.560001373291016,32.650001525878906,32.380001068115234,32.380001068115234,141100
2025-04-15,32.709999084472656,32.709999084472656,32.439998626708984,32.560001373291016,515273
2025-04-16,32.20000076293945,32.4900016784668,32.130001068115234,32.4900016784668,233305
2025-04-17,32.04999923706055,32.439998626708984,31.829999923706055,32.439998626708984,179160
2025-04-18,32.16999816894531,32.349998474121094,31.989999771118164,31.989999771118164,46025
2025-04-21,31.799999237060547,32.33000183105469,31.799999237060547,32.16999816894531,57761
2025-04-22,31.719999313354492,31.899999618530273,31.700000762939453,31.780000686645508,40035
2025-04-23,32.45000076293945,32.66999816894531,32.150001525878906,32.150001525878906,245149
2025-04-24,32.83000183105469,33.130001068115234,32.81999969482422,32.959999084472656,63010
2025-04-25,33.86000061035156,33.900001525878906,33.560001373291016,33.560001373291016,183000
2025-04-28,34.0,34.04999923706055,33.88999938964844,33.93000030517578,136713
2025-04-29,33.93000030517578,34.119998931884766,33.93000030517578,34.08000183105469,65009
2025-04-30,33.439998626708984,33.75,33.439998626708984,33.75,98010
2025-05-02,33.13999938964844,33.779998779296875,33.13999938964844,33.560001373291016,288499
2025-05-05,32.09000015258789,32.97999954223633,31.860000610351562,32.97999954223633,62292
2025-05-06,32.459999084472656,32.560001373291016,31.780000686645508,31.780000686645508,186366
2025-05-07,32.599998474121094,32.84000015258789,32.5099983215332,32.84000015258789,135200
2025-05-08,33.099998474121094,33.099998474121094,32.959999084472656,32.97999954223633,102181
2025-05-09,33.13999938964844,33.27000045776367,33.040000915527344,33.27000045776367,142647
2025-05-12,33.59000015258789,33.630001068115234,33.36000061035156,33.36000061035156,110474
2025-05-13,34.66999816894531,35.0099983215332,34.56999969482422,35.0099983215332,192448
2025-05-14,35.220001220703125,35.22999954223633,35.06999969482422,35.119998931884766,125302
2025-05-15,35.20000076293945,35.349998474121094,35.119998931884766,35.13999938964844,21960
2025-05-16,35.0,35.0,34.880001068115234,34.939998626708984,115145
2025-05-19,34.56999969482422,34.9900016784668,34.56999969482422,34.9900016784668,44168
2025-05-20,34.56999969482422,34.79999923706055,34.560001373291016,34.560001373291016,30057
2025-05-21,34.7599983215332,34.7599983215332,34.70000076293945,34.70000076293945,154939
2025-05-22,34.38999938964844,34.470001220703125,34.369998931884766,34.459999084472656,10087
2025-05-23,34.20000076293945,34.56999969482422,34.20000076293945,34.56999969482422,33044
2025-05-26,34.189998626708984,34.22999954223633,34.0,34.0,112022
2025-05-27,34.0,34.2599983215332,34.0,34.2599983215332,255000
2025-05-28,34.209999084472656,34.5,34.209999084472656,34.5,61000
2025-05-29,34.619998931884766,34.68000030517578,34.400001525878906,34.400001525878906,137000
2025-06-02,33.630001068115234,33.9900016784668,33.630001068115234,33.9900016784668,119336
2025-06-03,33.790000915527344,34.13999938964844,33.790000915527344,34.13999938964844,52075
2025-06-04,34.279998779296875,34.439998626708984,34.2400016784668,34.2400016784668,88237
2025-06-05,34.52000045776367,34.599998474121094,34.380001068115234,34.380001068115234,443300
2025-06-06,34.68000030517578,34.68000030517578,34.459999084472656,34.58000183105469,485370
2025-06-09,34.83000183105469,34.95000076293945,34.720001220703125,34.95000076293945,166105
2025-06-10,35.36000061035156,35.56999969482422,35.130001068115234,35.130001068115234,88100
2025-06-11,35.790000915527344,35.849998474121094,35.70000076293945,35.70000076293945,70445
2025-06-12,35.5,35.650001525878906,35.4900016784668,35.599998474121094,86111
2025-06-13,34.779998779296875,35.0,34.75,35.0,175089
2025-06-16,34.939998626708984,34.95000076293945,34.560001373291016,34.560001373291016,118143
2025-06-17,35.25,35.439998626708984,35.20000076293945,35.439998626708984,74048
2025-06-18,35.31999969482422,35.380001068115234,35.18000030517578,35.25,78166
2025-06-19,35.0,35.27000045776367,35.0,35.27000045776367,98100
2025-06-20,34.90999984741211,35.0,34.86000061035156,34.9900016784668,30057
2025-06-23,34.65999984741211,34.65999984741211,34.41999816894531,34.540000915527344,139947
2025-06-24,35.41999816894531,35.4900016784668,34.900001525878906,34.900001525878906,163546
2025-06-25,35.939998626708984,36.0,35.84000015258789,35.849998474121094,152200
2025-06-26,36.029998779296875,36.060001373291016,35.900001525878906,35.939998626708984,140020
2025-06-27,36.130001068115234,36.400001525878906,36.06999969482422,36.400001525878906,142070
2025-06-30,36.619998931884766,36.650001525878906,36.36000061035156,36.36000061035156,91392
2025-07-01,36.56999969482422,36.849998474121094,36.529998779296875,36.7400016784668,66136
2025-07-02,36.369998931884766,36.65999984741211,36.290000915527344,36.65999984741211,476000
2025-07-03,36.540000915527344,36.90999984741211,36.52000045776367,36.90999984741211,158449
2025-07-04,36.54999923706055,36.72999954223633,36.5099983215332,36.72999954223633,113200
2025-07-07,36.630001068115234,36.7400016784668,36.33000183105469,36.33000183105469,171068
2025-07-08,36.459999084472656,36.79999923706055,36.380001068115234,36.79999923706055,178100
2025-07-09,36.779998779296875,36.86000061035156,36.54999923706055,36.54999923706055,213252
2025-07-10,37.060001373291016,37.060001373291016,36.95000076293945,36.95000076293945,71262
2025-07-11,37.2400016784668,37.2400016784668,37.060001373291016,37.09000015258789,133503
2025-07-14,37.06999969482422,37.08000183105469,36.91999816894531,36.939998626708984,26756
2025-07-15,37.40999984741211,37.439998626708984,36.7400016784668,37.06999969482422,272404
2025-07-16,37.619998931884766,37.70000076293945,37.439998626708984,37.439998626708984,348131
2025-07-17,37.47999954223633,37.47999954223633,37.310001373291016,37.33000183105469,159173
2025-07-18,37.689998626708984,37.70000076293945,37.61000061035156,37.61000061035156,239677
2025-07-21,37.630001068115234,37.689998626708984,37.56999969482422,37.689998626708984,42103
2025-07-22,37.61000061035156,37.90999984741211,37.599998474121094,37.81999969482422,83000
2025-07-23,37.619998931884766,37.630001068115234,37.4900016784668,37.619998931884766,100025
2025-07-24,37.88999938964844,37.95000076293945,37.650001525878906,37.650001525878906,460400
2025-07-25,37.709999084472656,37.84000015258789,37.70000076293945,37.72999954223633,29400
2025-07-28,37.91999816894531,37.91999816894531,37.709999084472656,37.709999084472656,117138
2025-07-29,37.93000030517578,38.0,37.86000061035156,38.0,176000
2025-07-30,38.18000030517578,38.220001220703125,37.939998626708984,37.939998626708984,2141512
2025-07-31,38.2400016784668,38.349998474121094,38.06999969482422,38.06999969482422,559050
2025-08-01,37.5099983215332,37.70000076293945,37.45000076293945,37.47999954223633,166380
2025-08-04,37.150001525878906,37.16999816894531,36.869998931884766,36.869998931884766,168560
2025-08-05,37.54999923706055,37.7400016784668,37.52000045776367,37.720001220703125,87000
2025-08-06,37.459999084472656,37.52000045776367,37.20000076293945,37.20000076293945,98778
2025-08-07,37.5099983215332,37.68000030517578,37.439998626708984,37.439998626708984,218000
2025-08-08,37.779998779296875,37.83000183105469,37.5099983215332,37.5099983215332,180864
2025-08-11,38.220001220703125,38.29999923706055,37.83000183105469,37.83000183105469,1160732
2025-08-12,38.27000045776367,38.349998474121094,38.099998474121094,38.099998474121094,1155003
2025-08-13,38.9900016784668,39.04999923706055,38.720001220703125,38.720001220703125,1307736
2025-08-14,39.02000045776367,39.15999984741211,38.95000076293945,39.0,1185494
2025-08-15,38.779998779296875,38.9900016784668,38.63999938964844,38.869998931884766,452380
2025-08-18,38.790000915527344,38.849998474121094,38.5,38.689998626708984,141112
2025-08-19,38.720001220703125,38.939998626708984,38.66999816894531,38.7400016784668,80480
2025-08-20,38.31999969482422,38.599998474121094,38.29999923706055,38.599998474121094,53052
2025-08-21,38.61000061035156,38.61000061035156,38.290000915527344,38.31999969482422,255725
2025-08-22,38.720001220703125,38.849998474121094,38.619998931884766,38.84000015258789,46189
2025-08-25,39.279998779296875,39.29999923706055,39.099998474121094,39.11000061035156,554802
2025-08-26,39.599998474121094,39.599998474121094,38.84000015258789,38.84000015258789,283350
2025-08-27,39.88999938964844,39.93000030517578,39.599998474121094,39.599998474121094,320497
2025-08-28,39.9900016784668,40.06999969482422,39.47999954223633,39.709999084472656,274207
2025-08-29,40.29999923706055,40.29999923706055,40.09000015258789,40.099998474121094,369459
2025-09-01,39.72999954223633,39.95000076293945,39.54999923706055,39.70000076293945,437143
2025-09-02,39.54999923706055,40.0,39.5099983215332,39.79999923706055,125536
2025-09-03,39.220001220703125,39.38999938964844,39.209999084472656,39.38999938964844,93107
2025-09-04,39.08000183105469,39.369998931884766,39.08000183105469,39.15999984741211,40000
2025-09-05,39.619998931884766,39.630001068115234,39.220001220703125,39.220001220703125,181267
2025-09-08,40.150001525878906,40.29999923706055,40.04999923706055,40.04999923706055,176000
2025-09-09,40.2400016784668,40.560001373291016,40.220001220703125,40.560001373291016,210000
2025-09-10,40.45000076293945,40.45000076293945,40.150001525878906,40.150001525878906,337683
2025-09-11,40.97999954223633,41.099998474121094,40.470001220703125,40.470001220703125,642177
2025-09-12,41.47999954223633,41.599998474121094,41.36000061035156,41.41999816894531,377082
2025-09-15,41.709999084472656,41.720001220703125,41.470001220703125,41.470001220703125,167038
2025-09-16,42.310001373291016,42.33000183105469,41.7400016784668,41.7400016784668,313478
2025-09-17,42.54999923706055,42.7400016784668,42.5099983215332,42.7400016784668,149322
2025-09-18,43.209999084472656,43.36000061035156,42.720001220703125,42.720001220703125,286423
2025-09-19,43.68000030517578,43.86000061035156,43.630001068115234,43.72999954223633,3312100
2025-09-22,44.18000030517578,44.2599983215332,43.400001525878906,43.400001525878906,4983252
2025-09-23,44.5,44.720001220703125,44.40999984741211,44.459999084472656,3807342
2025-09-24,44.86000061035156,44.880001068115234,44.56999969482422,44.56999969482422,1402488
2025-09-25,44.849998474121094,44.900001525878906,44.529998779296875,44.529998779296875,541005
2025-09-26,44.349998474121094,44.63999938964844,44.27000045776367,44.63999938964844,148036
2025-09-30,44.63999938964844,44.63999938964844,44.36000061035156,44.36000061035156,110400
2025-10-01,44.66999816894531,44.7400016784668,44.619998931884766,44.619998931884766,247000
2025-10-02,45.84000015258789,45.849998474121094,45.2400016784668,45.2400016784668,319120
2025-10-03,46.47999954223633,46.47999954223633,46.220001220703125,46.220001220703125,156026
2025-10-07,47.33000183105469,47.400001525878906,47.04999923706055,47.04999923706055,357225
2025-10-08,46.4900016784668,46.83000183105469,46.31999969482422,46.63999938964844,116029
2025-10-09,46.91999816894531,46.939998626708984,46.619998931884766,46.619998931884766,188668
2025-10-13,45.65999984741211,45.880001068115234,45.220001220703125,45.560001373291016,373034
2025-10-14,45.58000183105469,46.75,45.54999923706055,46.02000045776367,231064
2025-10-15,46.04999923706055,46.04999923706055,45.33000183105469,45.33000183105469,378101
2025-10-16,47.0,47.0,46.439998626708984,46.439998626708984,206163
2025-10-17,46.540000915527344,46.9900016784668,46.540000915527344,46.9900016784668,297236
2025-10-20,46.790000915527344,46.84000015258789,46.540000915527344,46.540000915527344,387125
2025-10-21,47.29999923706055,47.400001525878906,47.02000045776367,47.02000045776367,302569
2025-10-22,47.34000015258789,47.380001068115234,46.61000061035156,46.79999923706055,127143
2025-10-23,46.630001068115234,46.900001525878906,46.599998474121094,46.900001525878906,139100
2025-10-27,48.58000183105469,48.65999984741211,48.15999984741211,48.20000076293945,573576
2025-10-28,49.04999923706055,49.349998474121094,48.9900016784668,49.349998474121094,107305
2025-10-29,49.20000076293945,49.220001220703125,48.83000183105469,48.83000183105469,297048
2025-10-30,49.52000045776367,49.75,49.099998474121094,49.099998474121094,337229
2025-10-31,49.66999816894531,49.689998626708984,49.380001068115234,49.380001068115234,518051
2025-11-03,49.61000061035156,49.70000076293945,49.45000076293945,49.4900016784668,241100
2025-11-04,49.790000915527344,50.150001525878906,49.790000915527344,49.900001525878906,318166
2025-11-05,48.93000030517578,49.310001373291016,48.2400016784668,48.400001525878906,219088
2025-11-06,49.72999954223633,49.869998931884766,49.5,49.869998931884766,161121
2025-11-07,48.7599983215332,49.40999984741211,48.66999816894531,49.40999984741211,58282
2025-11-10,48.7599983215332,48.90999984741211,48.630001068115234,48.880001068115234,275040
2025-11-11,48.720001220703125,49.15999984741211,48.66999816894531,49.0,161339
2025-11-12,48.5,48.650001525878906,48.2599983215332,48.2599983215332,138178
2025-11-13,48.95000076293945,48.97999954223633,48.77000045776367,48.88999938964844,506352
2025-11-14,47.5,48.29999923706055,47.36000061035156,48.29999923706055,454021
2025-11-17,47.58000183105469,47.9900016784668,46.650001525878906,46.959999084472656,167137
2025-11-18,46.77000045776367,47.439998626708984,46.72999954223633,47.439998626708984,249895
2025-11-19,46.13999938964844,46.56999969482422,46.130001068115234,46.56999969482422,202251
2025-11-20,47.33000183105469,47.439998626708984,46.91999816894531,46.91999816894531,153746
2025-11-21,45.54999923706055,46.47999954223633,45.54999923706055,46.47999954223633,185628
2025-11-24,46.02000045776367,46.060001373291016,45.93000030517578,46.060001373291016,87358
2025-11-25,47.16999816894531,47.22999954223633,46.900001525878906,46.900001525878906,109200
2025-11-26,48.029998779296875,48.029998779296875,47.34000015258789,47.34000015258789,165002
2025-11-27,48.68000030517578,48.790000915527344,48.54999923706055,48.790000915527344,136029
2025-11-28,48.349998474121094,48.650001525878906,48.33000183105469,48.41999816894531,70147
2025-12-01,48.720001220703125,48.900001525878906,48.529998779296875,48.66999816894531,180903
2025-12-02,48.970001220703125,49.220001220703125,48.93000030517578,48.93000030517578,114285
2025-12-03,49.709999084472656,49.97999954223633,49.619998931884766,49.97999954223633,182147
2025-12-04,49.9900016784668,50.0,49.849998474121094,49.849998474121094,135603
2025-12-05,50.25,50.29999923706055,49.88999938964844,49.970001220703125,380733
2025-12-08,50.5,50.54999923706055,50.150001525878906,50.25,223246
2025-12-09,50.79999923706055,51.099998474121094,50.70000076293945,51.099998474121094,88000
2025-12-10,50.900001525878906,51.0,50.79999923706055,51.0,102705
2025-12-11,51.099998474121094,51.599998474121094,51.0,51.29999923706055,151245
2025-12-12,51.400001525878906,51.400001525878906,51.099998474121094,51.099998474121094,152027
2025-12-15,50.150001525878906,50.599998474121094,50.04999923706055,50.599998474121094,176603
2025-12-16,50.0,50.20000076293945,49.849998474121094,50.20000076293945,122005
2025-12-17,50.04999923706055,50.150001525878906,49.58000183105469,49.58000183105469,50543
2025-12-18,49.15999984741211,49.63999938964844,49.0,49.63999938964844,288161
2025-12-19,49.849998474121094,49.9900016784668,49.72999954223633,49.9900016784668,240250
2025-12-22,50.95000076293945,51.0,50.599998474121094,50.849998474121094,898275
2025-12-23,51.150001525878906,51.29999923706055,51.04999923706055,51.29999923706055,418120
2025-12-24,51.150001525878906,51.400001525878906,51.150001525878906,51.150001525878906,161085
2025-12-26,51.70000076293945,51.75,51.25,51.25,312185
2025-12-29,51.79999923706055,51.79999923706055,51.54999923706055,51.75,568000
2025-12-30,51.5,51.54999923706055,51.04999923706055,51.04999923706055,50614
2025-12-31,51.29999923706055,51.349998474121094,51.0,51.0,38060
2026-01-02,51.599998474121094,51.650001525878906,51.25,51.54999923706055,74599
2026-01-05,53.20000076293945,53.400001525878906,52.849998474121094,53.25,434650
2026-01-06,54.599998474121094,54.599998474121094,53.599998474121094,53.599998474121094,341365
2026-01-07,55.45000076293945,55.79999923706055,55.25,55.75,336557
2026-01-08,55.0,55.54999923706055,54.900001525878906,55.54999923706055,194500
2026-01-09,54.5,54.54999923706055,54.099998474121094,54.20000076293945,427100
2026-01-12,55.650001525878906,56.0,55.150001525878906,55.150001525878906,497096
2026-01-13,56.349998474121094,56.45000076293945,56.150001525878906,56.349998474121094,106456
2026-01-14,56.54999923706055,56.70000076293945,56.04999923706055,56.04999923706055,180056
2026-01-15,56.20000076293945,56.25,55.349998474121094,55.349998474121094,83333
2026-01-16,57.900001525878906,57.900001525878906,57.29999923706055,57.5,270255
2026-01-19,57.54999923706055,57.900001525878906,57.29999923706055,57.900001525878906,419438
2026-01-20,57.45000076293945,58.0,57.45000076293945,57.75,261122
2026-01-21,57.75,57.900001525878906,57.400001525878906,57.599998474121094,631208
2026-01-22,58.70000076293945,58.900001525878906,58.599998474121094,58.79999923706055,241590
2026-01-23,58.54999923706055,58.70000076293945,58.349998474121094,58.70000076293945,307134
2026-01-26,58.349998474121094,58.54999923706055,57.75,57.75,116018
2026-01-27,59.0,59.099998474121094,58.54999923706055,58.900001525878906,329401
2026-01-28,60.150001525878906,60.349998474121094,60.04999923706055,60.04999923706055,345775
2026-01-29,60.0,60.04999923706055,59.849998474121094,59.849998474121094,183200
2026-01-30,59.650001525878906,59.70000076293945,58.79999923706055,59.45000076293945,154875
2026-02-02,58.150001525878906,59.25,57.95000076293945,59.25,411251
2026-02-03,60.5,60.5,59.54999923706055,59.54999923706055,164046
2026-02-04,59.79999923706055,59.95000076293945,59.70000076293945,59.79999923706055,116050
2026-02-05,57.95000076293945,58.599998474121094,57.79999923706055,58.599998474121094,100118
2026-02-06,58.20000076293945,58.599998474121094,57.599998474121094,57.95000076293945,375286
2026-02-09,60.75,60.79999923706055,60.400001525878906,60.54999923706055,382637
2026-02-10,61.79999923706055,61.849998474121094,61.099998474121094,61.099998474121094,393208
2026-02-11,61.900001525878906,62.0,61.70000076293945,61.79999923706055,244284
2026-02-23,64.0999984741211,64.5,63.04999923706055,63.54999923706055,434296
2026-02-24,65.55000305175781,65.75,64.6500015258789,65.1500015258789,512523
2026-02-25,66.8499984741211,66.94999694824219,66.0,66.0,524000
2026-02-26,67.69999694824219,67.8499984741211,66.9000015258789,66.9000015258789,419597
2026-03-02,65.8499984741211,66.19999694824219,65.4000015258789,65.69999694824219,253789
2026-03-03,65.1500015258789,66.1500015258789,65.0999984741211,65.8499984741211,180248
2026-03-04,62.099998474121094,62.79999923706055,62.0,62.45000076293945,576013
2026-03-05,63.70000076293945,64.19999694824219,63.349998474121094,63.70000076293945,125441
2026-03-06,63.150001525878906,63.150001525878906,62.54999923706055,63.150001525878906,267622
2026-03-09,58.5,59.70000076293945,58.04999923706055,59.70000076293945,293022
2026-03-10,61.400001525878906,61.79999923706055,60.45000076293945,60.45000076293945,141300
2026-03-11,63.150001525878906,63.400001525878906,62.099998474121094,62.099998474121094,210887
2026-03-12,62.20000076293945,62.95000076293945,62.04999923706055,62.95000076293945,251271
2026-03-13,61.75,62.0,61.54999923706055,61.95000076293945,451155
2026-03-16,61.900001525878906,62.0,61.29999923706055,61.79999923706055,159424
2026-03-17,62.150001525878906,62.599998474121094,62.099998474121094,62.54999923706055,302140
2026-03-18,63.45000076293945,63.5,62.650001525878906,62.650001525878906,798396
