Price,Close,High,Low,Open,Volume
Ticker,00877.TWO,00877.TWO,00877.TWO,00877.TWO,00877.TWO
Date,,,,,
2021-03-18,11.579999923706055,11.699999809265137,11.470000267028809,11.65999984741211,5696956
2021-03-19,11.380000114440918,11.5,11.359999656677246,11.470000267028809,4361903
2021-03-22,11.399999618530273,11.489999771118164,11.329999923706055,11.380000114440918,7555937
2021-03-23,11.399999618530273,11.510000228881836,11.359999656677246,11.510000228881836,2941438
2021-03-24,11.170000076293945,11.399999618530273,11.15999984741211,11.399999618530273,9640577
2021-03-25,11.229999542236328,11.270000457763672,11.069999694824219,11.109999656677246,5299049
2021-03-26,11.4399995803833,11.460000038146973,11.25,11.279999732971191,3955255
2021-03-29,11.390000343322754,11.520000457763672,11.359999656677246,11.460000038146973,3872888
2021-03-30,11.329999923706055,11.399999618530273,11.279999732971191,11.399999618530273,4146537
2021-03-31,11.319999694824219,11.34000015258789,11.289999961853027,11.329999923706055,2554829
2021-04-01,11.5,11.529999732971191,11.350000381469727,11.359999656677246,4202051
2021-04-07,11.6899995803833,11.789999961853027,11.579999923706055,11.779999732971191,3701946
2021-04-08,11.789999961853027,11.800000190734863,11.699999809265137,11.699999809265137,2967114
2021-04-09,11.649999618530273,11.789999961853027,11.630000114440918,11.789999961853027,3306137
2021-04-12,11.550000190734863,11.699999809265137,11.510000228881836,11.649999618530273,3338943
2021-04-13,11.510000228881836,11.630000114440918,11.449999809265137,11.529999732971191,2956532
2021-04-14,11.510000228881836,11.5600004196167,11.470000267028809,11.510000228881836,2667869
2021-04-15,11.449999809265137,11.600000381469727,11.40999984741211,11.5600004196167,2613351
2021-04-16,11.460000038146973,11.5,11.390000343322754,11.5,2237355
2021-04-19,11.8100004196167,11.84000015258789,11.430000305175781,11.460000038146973,6727031
2021-04-20,11.84000015258789,11.899999618530273,11.779999732971191,11.850000381469727,5207652
2021-04-21,11.710000038146973,11.819999694824219,11.630000114440918,11.819999694824219,4470780
2021-04-22,11.949999809265137,11.949999809265137,11.720000267028809,11.720000267028809,6381200
2021-04-23,11.949999809265137,12.029999732971191,11.9399995803833,12.0,4772033
2021-04-26,12.0,12.109999656677246,11.899999618530273,11.949999809265137,4678031
2021-04-27,11.779999732971191,11.989999771118164,11.75,11.989999771118164,4844985
2021-04-28,11.800000190734863,11.859999656677246,11.789999961853027,11.8100004196167,2218056
2021-04-29,11.850000381469727,11.960000038146973,11.760000228881836,11.8100004196167,3140000
2021-05-03,11.609999656677246,11.760000228881836,11.600000381469727,11.710000038146973,3827305
2021-05-04,11.569999694824219,11.619999885559082,11.5,11.609999656677246,4770500
2021-05-05,11.579999923706055,11.649999618530273,11.5600004196167,11.569999694824219,1867187
2021-05-06,11.520000457763672,11.65999984741211,11.510000228881836,11.65999984741211,1711853
2021-05-07,11.380000114440918,11.579999923706055,11.380000114440918,11.579999923706055,3995631
2021-05-10,11.050000190734863,11.359999656677246,11.050000190734863,11.350000381469727,8548492
2021-05-11,11.039999961853027,11.050000190734863,10.930000305175781,11.029999732971191,6002676
2021-05-12,11.039999961853027,11.079999923706055,10.949999809265137,11.020000457763672,7858403
2021-05-13,11.119999885559082,11.199999809265137,10.9399995803833,11.0,4810493
2021-05-14,11.25,11.279999732971191,11.020000457763672,11.119999885559082,3659202
2021-05-17,11.550000190734863,11.630000114440918,11.0600004196167,11.0600004196167,9101423
2021-05-18,11.520000457763672,11.600000381469727,11.479999542236328,11.550000190734863,1680202
2021-05-19,11.640000343322754,11.680000305175781,11.460000038146973,11.520000457763672,3424427
2021-05-20,11.699999809265137,11.729999542236328,11.59000015258789,11.640000343322754,2211863
2021-05-21,11.670000076293945,11.800000190734863,11.619999885559082,11.710000038146973,1673346
2021-05-24,11.720000267028809,11.739999771118164,11.579999923706055,11.600000381469727,2855808
2021-05-25,12.010000228881836,12.039999961853027,11.779999732971191,11.779999732971191,11380500
2021-05-26,12.0,12.140000343322754,11.979999542236328,12.0600004196167,5461152
2021-05-27,12.300000190734863,12.380000114440918,11.949999809265137,12.020000457763672,8208978
2021-05-28,12.329999923706055,12.380000114440918,12.270000457763672,12.300000190734863,3802500
2021-05-31,12.270000457763672,12.359999656677246,12.239999771118164,12.300000190734863,3095199
2021-06-01,12.390000343322754,12.430000305175781,12.25,12.300000190734863,4467802
2021-06-02,12.199999809265137,12.430000305175781,12.170000076293945,12.430000305175781,3202402
2021-06-03,12.369999885559082,12.380000114440918,12.170000076293945,12.199999809265137,4290690
2021-06-04,12.350000381469727,12.369999885559082,12.199999809265137,12.300000190734863,2851358
2021-06-07,12.420000076293945,12.479999542236328,12.289999961853027,12.329999923706055,3973314
2021-06-08,12.4399995803833,12.5600004196167,12.430000305175781,12.479999542236328,4745888
2021-06-09,12.4399995803833,12.510000228881836,12.40999984741211,12.449999809265137,1662398
2021-06-10,12.600000381469727,12.619999885559082,12.460000038146973,12.460000038146973,5248308
2021-06-11,12.4399995803833,12.630000114440918,12.430000305175781,12.630000114440918,2077251
2021-06-15,12.460000038146973,12.489999771118164,12.380000114440918,12.4399995803833,2471599
2021-06-16,12.260000228881836,12.470000267028809,12.260000228881836,12.430000305175781,3046814
2021-06-17,12.460000038146973,12.460000038146973,12.130000114440918,12.25,4951006
2021-06-18,12.65999984741211,12.699999809265137,12.5,12.5,7445560
2021-06-21,12.859999656677246,12.890000343322754,12.579999923706055,12.579999923706055,10030314
2021-06-22,12.850000381469727,12.930000305175781,12.75,12.899999618530273,2208346
2021-06-23,13.220000267028809,13.229999542236328,12.770000457763672,12.899999618530273,11149393
2021-06-24,13.170000076293945,13.329999923706055,13.15999984741211,13.220000267028809,3862057
2021-06-25,13.210000038146973,13.270000457763672,13.0600004196167,13.1899995803833,4050000
2021-06-28,13.460000038146973,13.479999542236328,13.140000343322754,13.140000343322754,9799870
2021-06-29,13.34000015258789,13.470000267028809,13.279999732971191,13.449999809265137,3185441
2021-06-30,13.449999809265137,13.489999771118164,13.25,13.25,5496998
2021-07-01,13.5,13.539999961853027,13.399999618530273,13.449999809265137,5739121
2021-07-02,13.119999885559082,13.479999542236328,13.109999656677246,13.420000076293945,5125731
2021-07-05,13.100000381469727,13.25,13.0,13.050000190734863,4217717
2021-07-06,13.109999656677246,13.3100004196167,13.109999656677246,13.220000267028809,3782457
2021-07-07,13.199999809265137,13.239999771118164,13.0,13.130000114440918,4232514
2021-07-08,13.420000076293945,13.5,13.220000267028809,13.25,7516391
2021-07-09,13.220000267028809,13.399999618530273,13.100000381469727,13.390000343322754,2979010
2021-07-12,13.529999732971191,13.550000190734863,13.229999542236328,13.229999542236328,6695130
2021-07-13,13.260000228881836,13.550000190734863,13.25,13.529999732971191,3029255
2021-07-14,13.170000076293945,13.300000190734863,13.149999618530273,13.300000190734863,1693616
2021-07-15,12.979999542236328,13.229999542236328,12.9399995803833,13.130000114440918,4138927
2021-07-16,13.029999732971191,13.109999656677246,12.970000267028809,13.0,1613775
2021-07-19,13.140000343322754,13.180000305175781,12.880000114440918,12.9399995803833,3156836
2021-07-20,13.140000343322754,13.15999984741211,13.079999923706055,13.100000381469727,2181579
2021-07-21,13.470000267028809,13.470000267028809,13.210000038146973,13.210000038146973,7311452
2021-07-22,13.390000343322754,13.470000267028809,13.300000190734863,13.470000267028809,2019599
2021-07-23,13.260000228881836,13.390000343322754,13.229999542236328,13.390000343322754,1833811
2021-07-26,12.949999809265137,13.300000190734863,12.949999809265137,13.260000228881836,4295444
2021-07-27,13.550000190734863,13.640000343322754,12.970000267028809,13.0,14359607
2021-07-28,12.979999542236328,13.3100004196167,12.760000228881836,13.300000190734863,5809067
2021-07-29,13.449999809265137,13.460000038146973,13.119999885559082,13.199999809265137,5612574
2021-07-30,13.449999809265137,13.65999984741211,13.390000343322754,13.449999809265137,6414000
2021-08-02,13.680000305175781,13.770000457763672,13.579999923706055,13.609999656677246,5666488
2021-08-03,13.65999984741211,13.850000381469727,13.65999984741211,13.720000267028809,5401245
2021-08-04,13.84000015258789,13.869999885559082,13.550000190734863,13.65999984741211,4740540
2021-08-05,13.899999618530273,13.960000038146973,13.829999923706055,13.84000015258789,4473231
2021-08-06,13.739999771118164,13.890000343322754,13.720000267028809,13.890000343322754,1402071
2021-08-09,13.6899995803833,13.699999809265137,13.520000457763672,13.680000305175781,2032844
2021-08-10,13.609999656677246,13.6899995803833,13.539999961853027,13.6899995803833,1523701
2021-08-11,13.5600004196167,13.680000305175781,13.529999732971191,13.619999885559082,1735692
2021-08-12,13.649999618530273,13.75,13.510000228881836,13.640000343322754,2416049
2021-08-13,13.270000457763672,13.630000114440918,13.270000457763672,13.630000114440918,1878002
2021-08-16,13.239999771118164,13.670000076293945,13.15999984741211,13.399999618530273,2519172
2021-08-17,12.890000343322754,13.239999771118164,12.890000343322754,13.239999771118164,2681160
2021-08-18,12.75,12.819999694824219,12.670000076293945,12.8100004196167,2203000
2021-08-19,12.84000015258789,12.859999656677246,12.670000076293945,12.75,2129354
2021-08-20,12.720000267028809,12.890000343322754,12.699999809265137,12.84000015258789,1618000
2021-08-23,13.029999732971191,13.050000190734863,12.75,12.75,1459999
2021-08-24,13.180000305175781,13.180000305175781,12.989999771118164,13.029999732971191,1579999
2021-08-25,13.0600004196167,13.220000267028809,13.020000457763672,13.180000305175781,732061
2021-08-26,12.880000114440918,13.170000076293945,12.850000381469727,13.170000076293945,1360209
2021-08-27,12.84000015258789,12.9399995803833,12.779999732971191,12.829999923706055,909668
2021-08-30,12.729999542236328,12.899999618530273,12.720000267028809,12.829999923706055,1003926
2021-08-31,12.34000015258789,12.710000038146973,12.3100004196167,12.710000038146973,4073432
2021-09-01,12.430000305175781,12.4399995803833,12.1899995803833,12.34000015258789,2118250
2021-09-02,12.300000190734863,12.449999809265137,12.300000190734863,12.430000305175781,689380
2021-09-03,12.369999885559082,12.399999618530273,12.279999732971191,12.289999961853027,750377
2021-09-06,12.470000267028809,12.479999542236328,12.289999961853027,12.329999923706055,1657610
2021-09-07,12.529999732971191,12.550000190734863,12.460000038146973,12.470000267028809,866802
2021-09-08,12.59000015258789,12.649999618530273,12.449999809265137,12.510000228881836,1605881
2021-09-09,12.529999732971191,12.680000305175781,12.529999732971191,12.600000381469727,1229100
2021-09-10,12.680000305175781,12.739999771118164,12.529999732971191,12.529999732971191,908570
2021-09-13,12.479999542236328,12.649999618530273,12.470000267028809,12.600000381469727,757572
2021-09-14,12.470000267028809,12.550000190734863,12.470000267028809,12.5,491170
2021-09-15,12.279999732971191,12.460000038146973,12.239999771118164,12.449999809265137,1356556
2021-09-16,12.149999618530273,12.34000015258789,12.09000015258789,12.279999732971191,1720321
2021-09-17,11.949999809265137,12.100000381469727,11.920000076293945,12.100000381469727,3301386
2021-09-22,12.0,12.020000457763672,11.8100004196167,11.899999618530273,1224407
2021-09-23,12.260000228881836,12.270000457763672,12.020000457763672,12.050000190734863,1476142
2021-09-24,12.289999961853027,12.34000015258789,12.239999771118164,12.260000228881836,1013244
2021-09-27,12.229999542236328,12.350000381469727,12.210000038146973,12.270000457763672,1023000
2021-09-28,12.260000228881836,12.34000015258789,12.109999656677246,12.229999542236328,609000
2021-09-29,11.979999542236328,12.15999984741211,11.979999542236328,12.140000343322754,3006000
2021-09-30,12.0600004196167,12.109999656677246,11.970000267028809,11.979999542236328,656000
2021-10-01,11.90999984741211,12.069999694824219,11.899999618530273,12.069999694824219,779000
2021-10-04,11.90999984741211,11.949999809265137,11.869999885559082,11.90999984741211,1420000
2021-10-05,11.890000343322754,11.90999984741211,11.829999923706055,11.880000114440918,896000
2021-10-06,11.880000114440918,11.949999809265137,11.829999923706055,11.90999984741211,554000
2021-10-07,12.039999961853027,12.069999694824219,11.920000076293945,11.920000076293945,562000
2021-10-08,12.359999656677246,12.460000038146973,12.119999885559082,12.140000343322754,2860000
2021-10-12,12.170000076293945,12.449999809265137,12.170000076293945,12.399999618530273,1009000
2021-10-13,12.140000343322754,12.199999809265137,12.050000190734863,12.199999809265137,1183000
2021-10-14,12.170000076293945,12.239999771118164,12.149999618530273,12.210000038146973,364000
2021-10-15,12.270000457763672,12.300000190734863,12.140000343322754,12.180000305175781,1507000
2021-10-18,12.0,12.300000190734863,11.960000038146973,12.25,1470000
2021-10-19,12.1899995803833,12.229999542236328,12.010000228881836,12.010000228881836,1740000
2021-10-20,12.210000038146973,12.270000457763672,12.180000305175781,12.25,857000
2021-10-21,12.109999656677246,12.210000038146973,12.109999656677246,12.199999809265137,998000
2021-10-22,12.289999961853027,12.3100004196167,12.109999656677246,12.109999656677246,1612000
2021-10-25,12.229999542236328,12.34000015258789,12.199999809265137,12.34000015258789,225000
2021-10-26,12.489999771118164,12.510000228881836,12.220000267028809,12.260000228881836,3022000
2021-10-27,12.270000457763672,12.489999771118164,12.260000228881836,12.489999771118164,961000
2021-10-28,12.3100004196167,12.399999618530273,12.270000457763672,12.270000457763672,609000
2021-10-29,12.430000305175781,12.470000267028809,12.229999542236328,12.3100004196167,1005000
2021-11-01,12.739999771118164,12.739999771118164,12.34000015258789,12.449999809265137,4151000
2021-11-02,12.699999809265137,12.869999885559082,12.6899995803833,12.6899995803833,2396000
2021-11-03,12.699999809265137,12.880000114440918,12.699999809265137,12.739999771118164,691000
2021-11-04,12.949999809265137,12.970000267028809,12.710000038146973,12.710000038146973,3159000
2021-11-05,13.210000038146973,13.260000228881836,12.90999984741211,12.960000038146973,4661000
2021-11-08,13.039999961853027,13.149999618530273,12.90999984741211,13.109999656677246,1145000
2021-11-09,12.979999542236328,13.079999923706055,12.869999885559082,13.050000190734863,1078000
2021-11-10,12.90999984741211,13.029999732971191,12.859999656677246,12.960000038146973,1266000
2021-11-11,13.229999542236328,13.239999771118164,12.949999809265137,12.949999809265137,3558000
2021-11-12,13.210000038146973,13.279999732971191,13.199999809265137,13.229999542236328,2068000
2021-11-15,13.359999656677246,13.430000305175781,13.220000267028809,13.239999771118164,2302000
2021-11-16,13.40999984741211,13.520000457763672,13.359999656677246,13.359999656677246,3396000
2021-11-17,13.380000114440918,13.40999984741211,13.329999923706055,13.380000114440918,1007000
2021-11-18,13.220000267028809,13.390000343322754,13.149999618530273,13.380000114440918,1537000
2021-11-19,13.350000381469727,13.479999542236328,13.149999618530273,13.210000038146973,1678000
2021-11-22,13.619999885559082,13.670000076293945,13.399999618530273,13.430000305175781,5273000
2021-11-23,13.699999809265137,13.720000267028809,13.640000343322754,13.640000343322754,3659000
2021-11-24,13.760000228881836,13.779999732971191,13.630000114440918,13.699999809265137,3788000
2021-11-25,13.670000076293945,13.75,13.670000076293945,13.739999771118164,1050000
2021-11-26,13.319999694824219,13.609999656677246,13.319999694824219,13.550000190734863,1670000
2021-11-29,13.289999961853027,13.390000343322754,13.15999984741211,13.15999984741211,1677000
2021-11-30,13.380000114440918,13.430000305175781,13.350000381469727,13.399999618530273,889000
2021-12-01,13.399999618530273,13.470000267028809,13.350000381469727,13.350000381469727,471000
2021-12-02,13.420000076293945,13.510000228881836,13.359999656677246,13.399999618530273,981000
2021-12-03,13.479999542236328,13.550000190734863,13.369999885559082,13.369999885559082,881000
2021-12-06,13.449999809265137,13.510000228881836,13.420000076293945,13.5,1327000
2021-12-07,13.239999771118164,13.479999542236328,13.210000038146973,13.449999809265137,1298000
2021-12-08,13.619999885559082,13.649999618530273,13.279999732971191,13.319999694824219,2773000
2021-12-09,14.010000228881836,14.029999732971191,13.670000076293945,13.6899995803833,11678000
2021-12-10,13.850000381469727,14.010000228881836,13.800000190734863,14.010000228881836,1511000
2021-12-13,14.09000015258789,14.140000343322754,13.850000381469727,13.859999656677246,4239000
2021-12-14,14.130000114440918,14.170000076293945,13.970000267028809,14.079999923706055,7690000
2021-12-15,14.0600004196167,14.199999809265137,14.050000190734863,14.050000190734863,2045000
2021-12-16,14.039999961853027,14.100000381469727,14.0,14.0600004196167,1265000
2021-12-17,13.829999923706055,14.0,13.789999961853027,14.0,1559000
2021-12-20,13.59000015258789,13.819999694824219,13.5600004196167,13.819999694824219,1418000
2021-12-21,13.609999656677246,13.680000305175781,13.460000038146973,13.539999961853027,931000
2021-12-22,14.050000190734863,14.149999618530273,13.699999809265137,13.699999809265137,5224000
2021-12-23,14.140000343322754,14.1899995803833,14.029999732971191,14.069999694824219,2382000
2021-12-24,14.1899995803833,14.260000228881836,14.100000381469727,14.100000381469727,2604000
2021-12-27,14.09000015258789,14.210000038146973,14.09000015258789,14.1899995803833,1107000
2021-12-28,13.970000267028809,14.130000114440918,13.960000038146973,14.119999885559082,1551000
2021-12-29,13.739999771118164,14.0,13.720000267028809,13.970000267028809,1402000
2021-12-30,14.020000457763672,14.079999923706055,13.729999542236328,13.729999542236328,1898000
2022-01-03,13.989999771118164,14.079999923706055,13.949999809265137,14.010000228881836,862000
2022-01-04,14.029999732971191,14.100000381469727,13.90999984741211,14.0,1976000
2022-01-05,13.609999656677246,14.0600004196167,13.600000381469727,14.039999961853027,2921000
2022-01-06,13.609999656677246,13.609999656677246,13.4399995803833,13.600000381469727,1525000
2022-01-07,13.600000381469727,13.680000305175781,13.5,13.609999656677246,873000
2022-01-10,13.630000114440918,13.65999984741211,13.359999656677246,13.5,1112000
2022-01-11,13.369999885559082,13.619999885559082,13.369999885559082,13.5,1251000
2022-01-12,13.300000190734863,13.420000076293945,13.279999732971191,13.369999885559082,1049000
2022-01-13,13.170000076293945,13.399999618530273,13.170000076293945,13.369999885559082,1088000
2022-01-14,13.239999771118164,13.239999771118164,13.050000190734863,13.15999984741211,941000
2022-01-17,13.539999961853027,13.539999961853027,13.199999809265137,13.199999809265137,1607000
2022-01-18,13.600000381469727,13.739999771118164,13.529999732971191,13.539999961853027,1647000
2022-01-19,13.380000114440918,13.649999618530273,13.380000114440918,13.600000381469727,656000
2022-01-20,13.40999984741211,13.489999771118164,13.369999885559082,13.430000305175781,474000
2022-01-21,13.149999618530273,13.399999618530273,13.130000114440918,13.399999618530273,1304000
2022-01-24,13.25,13.25,13.100000381469727,13.149999618530273,670000
2022-01-25,13.010000228881836,13.229999542236328,13.0,13.199999809265137,1359000
2022-01-26,12.800000190734863,13.010000228881836,12.789999961853027,12.989999771118164,1618000
2022-02-07,12.539999961853027,12.850000381469727,12.489999771118164,12.850000381469727,2161000
2022-02-08,12.079999923706055,12.529999732971191,12.0600004196167,12.5,5693000
2022-02-09,12.300000190734863,12.300000190734863,12.050000190734863,12.1899995803833,2029000
2022-02-10,12.34000015258789,12.40999984741211,12.3100004196167,12.350000381469727,1086000
2022-02-11,12.119999885559082,12.350000381469727,12.09000015258789,12.34000015258789,2846000
2022-02-14,11.979999542236328,12.069999694824219,11.949999809265137,12.0,1496000
2022-02-15,12.210000038146973,12.239999771118164,11.979999542236328,11.979999542236328,944000
2022-02-16,12.350000381469727,12.369999885559082,12.260000228881836,12.260000228881836,947000
2022-02-17,12.359999656677246,12.449999809265137,12.260000228881836,12.369999885559082,1338000
2022-02-18,12.329999923706055,12.34000015258789,12.279999732971191,12.34000015258789,625000
2022-02-21,12.350000381469727,12.369999885559082,12.270000457763672,12.270000457763672,739000
2022-02-22,12.140000343322754,12.319999694824219,12.09000015258789,12.300000190734863,800000
2022-02-23,12.5600004196167,12.5600004196167,12.119999885559082,12.140000343322754,2725000
2022-02-24,12.380000114440918,12.600000381469727,12.289999961853027,12.5,2658000
2022-02-25,12.529999732971191,12.680000305175781,12.380000114440918,12.380000114440918,1520000
2022-03-01,12.460000038146973,12.550000190734863,12.449999809265137,12.529999732971191,1168000
2022-03-02,12.300000190734863,12.489999771118164,12.25,12.460000038146973,967000
2022-03-03,12.109999656677246,12.350000381469727,12.100000381469727,12.300000190734863,2196000
2022-03-04,11.949999809265137,12.0600004196167,11.949999809265137,12.0600004196167,2562000
2022-03-07,11.479999542236328,11.920000076293945,11.399999618530273,11.920000076293945,2971000
2022-03-08,11.319999694824219,11.449999809265137,11.109999656677246,11.390000343322754,2558000
2022-03-09,11.149999618530273,11.420000076293945,11.140000343322754,11.359999656677246,1427000
2022-03-10,11.4399995803833,11.569999694824219,11.430000305175781,11.449999809265137,902000
2022-03-11,11.119999885559082,11.3100004196167,11.09000015258789,11.220000267028809,2063000
2022-03-14,11.140000343322754,11.399999618530273,11.069999694824219,11.399999618530273,1383000
2022-03-15,10.84000015258789,11.020000457763672,10.680000305175781,11.0,3404000
2022-03-16,10.760000228881836,10.869999885559082,10.430000305175781,10.75,5019000
2022-03-17,11.270000457763672,11.279999732971191,11.0,11.0,2107000
2022-03-18,11.079999923706055,11.229999542236328,11.020000457763672,11.220000267028809,1266000
2022-03-21,11.109999656677246,11.229999542236328,11.09000015258789,11.149999618530273,769000
2022-03-22,11.1899995803833,11.199999809265137,11.130000114440918,11.130000114440918,564000
2022-03-23,11.329999923706055,11.350000381469727,11.140000343322754,11.25,1653000
2022-03-24,11.149999618530273,11.279999732971191,11.109999656677246,11.270000457763672,1034000
2022-03-25,11.039999961853027,11.199999809265137,11.0,11.15999984741211,1137000
2022-03-28,10.880000114440918,11.010000228881836,10.760000228881836,11.0,2039000
2022-03-29,10.600000381469727,10.949999809265137,10.569999694824219,10.880000114440918,4501000
2022-03-30,10.729999542236328,10.75,10.609999656677246,10.65999984741211,1345000
2022-03-31,10.619999885559082,10.75,10.600000381469727,10.699999809265137,1200000
2022-04-01,10.640000343322754,10.699999809265137,10.510000228881836,10.59000015258789,1146000
2022-04-06,10.380000114440918,10.630000114440918,10.350000381469727,10.630000114440918,4196000
2022-04-07,10.260000228881836,10.40999984741211,10.25,10.350000381469727,2974000
2022-04-08,10.180000305175781,10.34000015258789,10.069999694824219,10.260000228881836,5301000
2022-04-11,9.789999961853027,10.180000305175781,9.789999961853027,10.180000305175781,6245000
2022-04-12,9.8100004196167,9.869999885559082,9.609999656677246,9.760000228881836,4455000
2022-04-13,9.670000076293945,9.9399995803833,9.649999618530273,9.8100004196167,4682000
2022-04-14,9.699999809265137,9.720000267028809,9.619999885559082,9.670000076293945,2430000
2022-04-15,9.850000381469727,9.850000381469727,9.65999984741211,9.680000305175781,2924000
2022-04-18,10.050000190734863,10.069999694824219,9.779999732971191,9.859999656677246,3554000
2022-04-19,9.970000267028809,10.130000114440918,9.960000038146973,10.09000015258789,2183000
2022-04-20,9.9399995803833,10.039999961853027,9.9399995803833,9.989999771118164,1576000
2022-04-21,9.800000190734863,9.930000305175781,9.720000267028809,9.899999618530273,5516000
2022-04-22,9.460000038146973,9.649999618530273,9.399999618530273,9.609999656677246,9973000
2022-04-25,9.039999961853027,9.359999656677246,9.020000457763672,9.359999656677246,7383000
2022-04-26,8.789999961853027,8.920000076293945,8.739999771118164,8.869999885559082,8545000
2022-04-27,8.930000305175781,8.930000305175781,8.479999542236328,8.5600004196167,5877000
2022-04-28,9.010000228881836,9.180000305175781,8.970000267028809,9.050000190734863,4775000
2022-04-29,9.390000343322754,9.420000076293945,9.09000015258789,9.149999618530273,6673000
2022-05-03,9.4399995803833,9.449999809265137,9.40999984741211,9.449999809265137,1375000
2022-05-04,9.449999809265137,9.5,9.4399995803833,9.460000038146973,1487000
2022-05-05,9.59000015258789,9.640000343322754,9.489999771118164,9.59000015258789,1795000
2022-05-06,9.3100004196167,9.399999618530273,9.25,9.399999618530273,1859000
2022-05-09,9.109999656677246,9.25,9.109999656677246,9.210000038146973,836000
2022-05-10,9.359999656677246,9.359999656677246,8.970000267028809,9.0,2099000
2022-05-11,9.8100004196167,9.8100004196167,9.34000015258789,9.359999656677246,3404000
2022-05-12,9.609999656677246,9.699999809265137,9.579999923706055,9.65999984741211,1817000
2022-05-13,9.539999961853027,9.680000305175781,9.520000457763672,9.680000305175781,1775000
2022-05-16,9.5,9.729999542236328,9.489999771118164,9.699999809265137,1339000
2022-05-17,9.65999984741211,9.65999984741211,9.5,9.550000190734863,1235000
2022-05-18,9.710000038146973,9.75,9.680000305175781,9.699999809265137,1393000
2022-05-19,9.720000267028809,9.720000267028809,9.520000457763672,9.520000457763672,775000
2022-05-20,9.84000015258789,9.920000076293945,9.770000457763672,9.770000457763672,2027000
2022-05-23,9.84000015258789,9.930000305175781,9.819999694824219,9.920000076293945,1988000
2022-05-24,9.760000228881836,10.0,9.739999771118164,9.869999885559082,1778000
2022-05-25,9.59000015258789,9.699999809265137,9.5600004196167,9.699999809265137,2297000
2022-05-26,9.680000305175781,9.6899995803833,9.399999618530273,9.600000381469727,2813000
2022-05-27,9.600000381469727,9.720000267028809,9.59000015258789,9.720000267028809,1371000
2022-05-30,9.619999885559082,9.720000267028809,9.579999923706055,9.720000267028809,1606000
2022-05-31,9.949999809265137,9.949999809265137,9.550000190734863,9.619999885559082,2615000
2022-06-01,9.9399995803833,9.979999542236328,9.890000343322754,9.949999809265137,1834000
2022-06-02,10.109999656677246,10.140000343322754,9.90999984741211,9.9399995803833,2447000
2022-06-06,10.4399995803833,10.479999542236328,10.130000114440918,10.1899995803833,5042000
2022-06-07,10.350000381469727,10.489999771118164,10.350000381469727,10.470000267028809,2014000
2022-06-08,10.260000228881836,10.479999542236328,10.220000267028809,10.399999618530273,2058000
2022-06-09,10.130000114440918,10.359999656677246,10.109999656677246,10.300000190734863,2778000
2022-06-10,10.170000076293945,10.170000076293945,10.020000457763672,10.039999961853027,2366000
2022-06-13,10.109999656677246,10.1899995803833,10.069999694824219,10.140000343322754,1669000
2022-06-14,9.869999885559082,10.09000015258789,9.779999732971191,10.09000015258789,3502000
2022-06-15,10.25,10.279999732971191,9.979999542236328,10.010000228881836,4063000
2022-06-16,10.3100004196167,10.380000114440918,10.210000038146973,10.319999694824219,3616000
2022-06-17,10.239999771118164,10.3100004196167,10.140000343322754,10.210000038146973,1888000
2022-06-20,10.329999923706055,10.420000076293945,10.229999542236328,10.300000190734863,2649000
2022-06-21,10.390000343322754,10.479999542236328,10.369999885559082,10.399999618530273,2071000
2022-06-22,10.119999885559082,10.40999984741211,10.100000381469727,10.40999984741211,1853000
2022-06-23,10.130000114440918,10.25,10.010000228881836,10.25,1839000
2022-06-24,10.319999694824219,10.399999618530273,10.199999809265137,10.199999809265137,1529000
2022-06-27,10.399999618530273,10.5,10.350000381469727,10.350000381469727,3151000
2022-06-28,10.479999542236328,10.489999771118164,10.319999694824219,10.399999618530273,3359000
2022-06-29,10.600000381469727,10.760000228881836,10.550000190734863,10.5600004196167,4977000
2022-06-30,10.649999618530273,10.6899995803833,10.479999542236328,10.569999694824219,2316000
2022-07-01,10.5600004196167,10.680000305175781,10.5600004196167,10.649999618530273,1660000
2022-07-04,10.40999984741211,10.6899995803833,10.359999656677246,10.649999618530273,2044000
2022-07-05,10.199999809265137,10.479999542236328,10.15999984741211,10.479999542236328,1901000
2022-07-06,10.199999809265137,10.350000381469727,10.180000305175781,10.220000267028809,1052000
2022-07-07,10.279999732971191,10.289999961853027,10.0600004196167,10.199999809265137,1321000
2022-07-08,10.430000305175781,10.5,10.300000190734863,10.300000190734863,1896000
2022-07-11,10.119999885559082,10.430000305175781,10.109999656677246,10.430000305175781,2010000
2022-07-12,10.039999961853027,10.140000343322754,9.979999542236328,10.119999885559082,1644000
2022-07-13,9.90999984741211,10.119999885559082,9.880000114440918,10.100000381469727,2431000
2022-07-14,10.020000457763672,10.050000190734863,9.90999984741211,9.90999984741211,648000
2022-07-15,10.079999923706055,10.15999984741211,9.960000038146973,10.0,1032000
2022-07-18,10.079999923706055,10.100000381469727,9.880000114440918,10.010000228881836,1514000
2022-07-19,10.100000381469727,10.199999809265137,10.079999923706055,10.079999923706055,1107000
2022-07-20,10.220000267028809,10.270000457763672,10.199999809265137,10.199999809265137,960000
2022-07-21,10.34000015258789,10.369999885559082,10.199999809265137,10.25,1235000
2022-07-22,10.15999984741211,10.329999923706055,10.15999984741211,10.329999923706055,1394000
2022-07-25,10.010000228881836,10.170000076293945,10.010000228881836,10.170000076293945,825000
2022-07-26,10.0600004196167,10.079999923706055,10.0,10.079999923706055,559000
2022-07-27,10.020000457763672,10.0600004196167,10.0,10.0600004196167,415000
2022-07-28,10.319999694824219,10.390000343322754,10.0600004196167,10.0600004196167,2986000
2022-07-29,10.25,10.390000343322754,10.239999771118164,10.359999656677246,1295000
2022-08-01,10.449999809265137,10.479999542236328,10.170000076293945,10.25,4571000
2022-08-02,10.279999732971191,10.449999809265137,10.210000038146973,10.4399995803833,1371000
2022-08-03,10.460000038146973,10.479999542236328,10.260000228881836,10.329999923706055,2414000
2022-08-04,10.329999923706055,10.40999984741211,10.300000190734863,10.369999885559082,571000
2022-08-05,10.600000381469727,10.649999618530273,10.369999885559082,10.369999885559082,3973000
2022-08-08,10.670000076293945,10.739999771118164,10.600000381469727,10.65999984741211,1513000
2022-08-09,10.630000114440918,10.710000038146973,10.579999923706055,10.65999984741211,1194000
2022-08-10,10.539999961853027,10.680000305175781,10.529999732971191,10.630000114440918,940000
2022-08-11,10.84000015258789,10.880000114440918,10.59000015258789,10.59000015258789,2588000
2022-08-12,10.829999923706055,10.920000076293945,10.819999694824219,10.920000076293945,729000
2022-08-15,10.670000076293945,10.869999885559082,10.65999984741211,10.869999885559082,1264000
2022-08-16,10.550000190734863,10.699999809265137,10.550000190734863,10.670000076293945,1022000
2022-08-17,10.739999771118164,10.770000457763672,10.520000457763672,10.529999732971191,1459000
2022-08-18,10.829999923706055,10.84000015258789,10.720000267028809,10.779999732971191,1187000
2022-08-19,10.770000457763672,10.989999771118164,10.770000457763672,10.829999923706055,1584000
2022-08-22,10.699999809265137,10.800000190734863,10.619999885559082,10.699999809265137,1044000
2022-08-23,10.619999885559082,10.729999542236328,10.59000015258789,10.710000038146973,612000
2022-08-24,10.369999885559082,10.670000076293945,10.350000381469727,10.670000076293945,1314000
2022-08-25,10.210000038146973,10.380000114440918,10.210000038146973,10.380000114440918,1427000
2022-08-26,10.279999732971191,10.40999984741211,10.279999732971191,10.319999694824219,852000
2022-08-29,10.140000343322754,10.210000038146973,10.100000381469727,10.1899995803833,938000
2022-08-30,10.149999618530273,10.25,10.109999656677246,10.220000267028809,628000
2022-08-31,10.119999885559082,10.15999984741211,10.0,10.149999618530273,3294000
2022-09-01,10.029999732971191,10.09000015258789,10.0,10.09000015258789,1697000
2022-09-02,10.0600004196167,10.100000381469727,9.960000038146973,10.0,2100000
2022-09-05,10.010000228881836,10.0600004196167,9.960000038146973,9.970000267028809,1013000
2022-09-06,10.0600004196167,10.069999694824219,9.979999542236328,10.039999961853027,697000
2022-09-07,10.100000381469727,10.170000076293945,10.0,10.0600004196167,1401000
2022-09-08,10.069999694824219,10.1899995803833,10.069999694824219,10.1899995803833,427000
2022-09-12,10.050000190734863,10.109999656677246,10.029999732971191,10.109999656677246,698000
2022-09-13,10.140000343322754,10.180000305175781,10.100000381469727,10.109999656677246,819000
2022-09-14,10.0,10.0600004196167,9.970000267028809,10.039999961853027,1586000
2022-09-15,9.800000190734863,10.020000457763672,9.800000190734863,10.010000228881836,4760000
2022-09-16,9.699999809265137,9.779999732971191,9.699999809265137,9.779999732971191,1559000
2022-09-19,9.479999542236328,9.630000114440918,9.479999542236328,9.630000114440918,3226000
2022-09-20,9.420000076293945,9.520000457763672,9.40999984741211,9.510000228881836,1564000
2022-09-21,9.239999771118164,9.399999618530273,9.1899995803833,9.399999618530273,3032000
2022-09-22,9.149999618530273,9.25,9.149999618530273,9.239999771118164,1752000
2022-09-23,9.029999732971191,9.170000076293945,8.949999809265137,9.149999618530273,4033000
2022-09-26,8.989999771118164,9.029999732971191,8.899999618530273,8.979999542236328,1600000
2022-09-27,8.960000038146973,8.989999771118164,8.920000076293945,8.989999771118164,1659000
2022-09-28,8.739999771118164,9.0,8.739999771118164,8.960000038146973,2440000
2022-09-29,8.779999732971191,8.850000381469727,8.75,8.789999961853027,1128000
2022-09-30,8.720000267028809,8.770000457763672,8.670000076293945,8.6899995803833,1221000
2022-10-03,8.5600004196167,8.6899995803833,8.550000190734863,8.680000305175781,1724000
2022-10-04,8.699999809265137,8.699999809265137,8.619999885559082,8.619999885559082,363000
2022-10-05,8.949999809265137,8.970000267028809,8.75,8.800000190734863,1345000
2022-10-06,8.890000343322754,8.9399995803833,8.850000381469727,8.899999618530273,1492000
2022-10-07,8.829999923706055,8.890000343322754,8.8100004196167,8.869999885559082,372000
2022-10-11,8.220000267028809,8.520000457763672,8.220000267028809,8.520000457763672,3351000
2022-10-12,8.170000076293945,8.220000267028809,8.140000343322754,8.210000038146973,2093000
2022-10-13,8.489999771118164,8.520000457763672,8.319999694824219,8.34000015258789,3362000
2022-10-14,8.75,8.75,8.5,8.5,1377000
2022-10-17,8.779999732971191,8.779999732971191,8.630000114440918,8.670000076293945,1264000
2022-10-18,8.800000190734863,8.84000015258789,8.739999771118164,8.8100004196167,496000
2022-10-19,8.720000267028809,8.829999923706055,8.710000038146973,8.8100004196167,904000
2022-10-20,8.800000190734863,8.819999694824219,8.529999732971191,8.699999809265137,2697000
2022-10-21,8.670000076293945,8.800000190734863,8.640000343322754,8.800000190734863,670000
2022-10-24,8.529999732971191,8.720000267028809,8.529999732971191,8.6899995803833,1588000
2022-10-25,8.460000038146973,8.529999732971191,8.350000381469727,8.529999732971191,1684000
2022-10-26,8.5600004196167,8.640000343322754,8.40999984741211,8.460000038146973,1644000
2022-10-27,8.609999656677246,8.729999542236328,8.609999656677246,8.609999656677246,1014000
2022-10-28,8.380000114440918,8.609999656677246,8.369999885559082,8.609999656677246,907000
2022-10-31,8.449999809265137,8.539999961853027,8.270000457763672,8.359999656677246,2046000
2022-11-01,8.520000457763672,8.600000381469727,8.420000076293945,8.479999542236328,1800000
2022-11-02,8.84000015258789,8.850000381469727,8.550000190734863,8.609999656677246,1986000
2022-11-03,8.8100004196167,8.850000381469727,8.760000228881836,8.829999923706055,809000
2022-11-04,9.100000381469727,9.119999885559082,8.829999923706055,8.84000015258789,1960000
2022-11-07,9.210000038146973,9.289999961853027,9.0600004196167,9.109999656677246,1844000
2022-11-08,9.039999961853027,9.210000038146973,9.020000457763672,9.210000038146973,1561000
2022-11-09,8.930000305175781,9.15999984741211,8.930000305175781,9.15999984741211,1335000
2022-11-10,8.6899995803833,8.899999618530273,8.6899995803833,8.899999618530273,1766000
2022-11-11,8.770000457763672,8.960000038146973,8.770000457763672,8.920000076293945,2102000
2022-11-14,8.880000114440918,8.989999771118164,8.819999694824219,8.899999618530273,1059000
2022-11-15,9.300000190734863,9.3100004196167,8.84000015258789,8.880000114440918,2901000
2022-11-16,9.279999732971191,9.420000076293945,9.279999732971191,9.350000381469727,1594000
2022-11-17,9.15999984741211,9.279999732971191,9.09000015258789,9.25,1326000
2022-11-18,9.3100004196167,9.359999656677246,9.239999771118164,9.239999771118164,2797000
2022-11-21,9.130000114440918,9.300000190734863,9.09000015258789,9.300000190734863,691000
2022-11-22,9.15999984741211,9.210000038146973,9.130000114440918,9.130000114440918,455000
2022-11-23,9.039999961853027,9.15999984741211,8.949999809265137,9.15999984741211,2156000
2022-11-24,8.9399995803833,9.039999961853027,8.9399995803833,9.039999961853027,808000
2022-11-25,8.789999961853027,8.9399995803833,8.779999732971191,8.9399995803833,2909000
2022-11-28,8.640000343322754,8.829999923706055,8.59000015258789,8.789999961853027,2354000
2022-11-29,8.819999694824219,8.829999923706055,8.600000381469727,8.640000343322754,1148000
2022-11-30,8.829999923706055,8.890000343322754,8.770000457763672,8.880000114440918,1220000
2022-12-01,8.949999809265137,9.079999923706055,8.9399995803833,8.960000038146973,1810000
2022-12-02,8.920000076293945,8.979999542236328,8.920000076293945,8.960000038146973,724000
2022-12-05,9.020000457763672,9.09000015258789,8.949999809265137,9.020000457763672,1156000
2022-12-06,9.130000114440918,9.220000267028809,8.970000267028809,9.0,2542000
2022-12-07,9.149999618530273,9.170000076293945,9.079999923706055,9.130000114440918,692000
2022-12-08,9.039999961853027,9.100000381469727,9.029999732971191,9.100000381469727,407000
2022-12-09,9.029999732971191,9.079999923706055,9.010000228881836,9.069999694824219,1065000
2022-12-12,9.1899995803833,9.239999771118164,8.979999542236328,9.020000457763672,1767000
2022-12-13,9.100000381469727,9.270000457763672,9.09000015258789,9.25,935000
2022-12-14,9.100000381469727,9.180000305175781,9.100000381469727,9.109999656677246,559000
2022-12-15,9.130000114440918,9.170000076293945,9.050000190734863,9.100000381469727,828000
2022-12-16,9.050000190734863,9.130000114440918,9.029999732971191,9.100000381469727,623000
2022-12-19,8.930000305175781,9.109999656677246,8.90999984741211,9.050000190734863,909000
2022-12-20,8.84000015258789,8.930000305175781,8.819999694824219,8.899999618530273,1323000
2022-12-21,8.779999732971191,8.899999618530273,8.779999732971191,8.850000381469727,508000
2022-12-22,8.850000381469727,8.899999618530273,8.819999694824219,8.84000015258789,255000
2022-12-23,8.800000190734863,8.819999694824219,8.739999771118164,8.819999694824219,325000
2022-12-26,8.869999885559082,8.899999618530273,8.75,8.8100004196167,505000
2022-12-27,8.960000038146973,9.069999694824219,8.880000114440918,8.949999809265137,914000
2022-12-28,8.90999984741211,9.010000228881836,8.890000343322754,9.0,412000
2022-12-29,8.890000343322754,8.989999771118164,8.859999656677246,8.989999771118164,497000
2022-12-30,8.899999618530273,8.930000305175781,8.880000114440918,8.880000114440918,222000
2023-01-03,9.069999694824219,9.079999923706055,8.819999694824219,8.899999618530273,1246000
2023-01-04,8.989999771118164,9.109999656677246,8.989999771118164,9.069999694824219,645000
2023-01-05,9.170000076293945,9.199999809265137,9.050000190734863,9.0600004196167,1586000
2023-01-06,9.229999542236328,9.300000190734863,9.180000305175781,9.199999809265137,1809000
2023-01-09,9.270000457763672,9.319999694824219,9.210000038146973,9.289999961853027,1073000
2023-01-10,9.319999694824219,9.390000343322754,9.260000228881836,9.270000457763672,1599000
2023-01-11,9.34000015258789,9.380000114440918,9.329999923706055,9.350000381469727,715000
2023-01-12,9.289999961853027,9.350000381469727,9.279999732971191,9.329999923706055,739000
2023-01-13,9.3100004196167,9.369999885559082,9.3100004196167,9.359999656677246,653000
2023-01-16,9.579999923706055,9.609999656677246,9.319999694824219,9.380000114440918,3821000
2023-01-17,9.619999885559082,9.710000038146973,9.5600004196167,9.579999923706055,1857000
2023-01-30,9.949999809265137,10.010000228881836,9.680000305175781,9.680000305175781,3799000
2023-01-31,9.819999694824219,10.0,9.789999961853027,9.90999984741211,2121000
2023-02-01,9.859999656677246,9.930000305175781,9.800000190734863,9.819999694824219,950000
2023-02-02,9.960000038146973,10.0,9.850000381469727,9.899999618530273,1627000
2023-02-03,9.800000190734863,10.0,9.779999732971191,10.0,1936000
2023-02-06,9.84000015258789,9.930000305175781,9.8100004196167,9.8100004196167,1098000
2023-02-07,9.930000305175781,9.979999542236328,9.84000015258789,9.84000015258789,487000
2023-02-08,9.880000114440918,9.989999771118164,9.880000114440918,9.930000305175781,1219000
2023-02-09,10.050000190734863,10.0600004196167,9.84000015258789,9.880000114440918,2553000
2023-02-10,10.140000343322754,10.270000457763672,10.0600004196167,10.109999656677246,3504000
2023-02-13,10.149999618530273,10.1899995803833,10.119999885559082,10.1899995803833,732000
2023-02-14,10.180000305175781,10.260000228881836,10.180000305175781,10.260000228881836,980000
2023-02-15,10.319999694824219,10.350000381469727,10.15999984741211,10.25,2261000
2023-02-16,10.470000267028809,10.5,10.329999923706055,10.390000343322754,1748000
2023-02-17,9.970000267028809,10.380000114440918,9.949999809265137,10.380000114440918,3760000
2023-02-20,9.920000076293945,9.970000267028809,9.84000015258789,9.970000267028809,2372000
2023-02-21,10.020000457763672,10.119999885559082,9.970000267028809,9.970000267028809,1079000
2023-02-22,10.0,10.020000457763672,9.920000076293945,10.020000457763672,640000
2023-02-23,9.9399995803833,10.09000015258789,9.920000076293945,10.079999923706055,1261000
2023-02-24,9.859999656677246,9.949999809265137,9.8100004196167,9.930000305175781,1427000
2023-03-01,10.100000381469727,10.149999618530273,9.800000190734863,9.850000381469727,1690000
2023-03-02,10.170000076293945,10.239999771118164,10.100000381469727,10.119999885559082,1366000
2023-03-03,10.119999885559082,10.229999542236328,10.069999694824219,10.199999809265137,978000
2023-03-06,10.109999656677246,10.180000305175781,10.079999923706055,10.130000114440918,729000
2023-03-07,9.90999984741211,10.100000381469727,9.899999618530273,10.09000015258789,2118000
2023-03-08,9.880000114440918,9.90999984741211,9.800000190734863,9.859999656677246,1919000
2023-03-09,9.920000076293945,9.930000305175781,9.859999656677246,9.899999618530273,534000
2023-03-10,9.970000267028809,10.0,9.829999923706055,9.920000076293945,953000
2023-03-13,9.989999771118164,10.020000457763672,9.899999618530273,9.970000267028809,982000
2023-03-14,9.920000076293945,10.010000228881836,9.819999694824219,9.979999542236328,950000
2023-03-15,9.970000267028809,10.0600004196167,9.920000076293945,9.920000076293945,465000
2023-03-16,9.930000305175781,10.010000228881836,9.920000076293945,10.0,856000
2023-03-17,10.119999885559082,10.140000343322754,9.920000076293945,9.930000305175781,2807000
2023-03-20,10.239999771118164,10.350000381469727,10.010000228881836,10.119999885559082,2469000
2023-03-21,10.279999732971191,10.289999961853027,10.199999809265137,10.239999771118164,1021000
2023-03-22,10.5,10.510000228881836,10.300000190734863,10.300000190734863,3417000
2023-03-23,10.949999809265137,10.960000038146973,10.489999771118164,10.5,6186000
2023-03-24,11.109999656677246,11.149999618530273,10.960000038146973,11.010000228881836,4170000
2023-03-27,11.010000228881836,11.229999542236328,10.930000305175781,11.149999618530273,5139000
2023-03-28,10.930000305175781,11.140000343322754,10.84000015258789,11.029999732971191,1533000
2023-03-29,10.979999542236328,11.010000228881836,10.779999732971191,10.960000038146973,2002000
2023-03-30,10.9399995803833,11.010000228881836,10.75,10.899999618530273,1496000
2023-03-31,11.020000457763672,11.020000457763672,10.850000381469727,10.960000038146973,1228000
2023-04-06,11.9399995803833,11.9399995803833,11.020000457763672,11.09000015258789,9249000
2023-04-07,11.890000343322754,11.9399995803833,11.760000228881836,11.920000076293945,3853000
2023-04-10,11.770000457763672,12.069999694824219,11.75,11.899999618530273,4949000
2023-04-11,11.609999656677246,11.770000457763672,11.529999732971191,11.729999542236328,2721000
2023-04-12,11.899999618530273,11.970000267028809,11.5600004196167,11.609999656677246,3558000
2023-04-13,11.699999809265137,11.930000305175781,11.670000076293945,11.899999618530273,2930000
2023-04-14,11.579999923706055,11.6899995803833,11.369999885559082,11.649999618530273,3290000
2023-04-17,11.489999771118164,11.640000343322754,11.460000038146973,11.579999923706055,1334000
2023-04-18,11.5,11.529999732971191,11.350000381469727,11.489999771118164,2001000
2023-04-19,11.569999694824219,11.609999656677246,11.479999542236328,11.479999542236328,1953000
2023-04-20,11.65999984741211,11.6899995803833,11.449999809265137,11.449999809265137,1898000
2023-04-21,11.350000381469727,11.760000228881836,11.260000228881836,11.699999809265137,2822000
2023-04-24,11.220000267028809,11.369999885559082,11.170000076293945,11.260000228881836,1460000
2023-04-25,10.800000190734863,11.260000228881836,10.800000190734863,11.25,2913000
2023-04-26,10.640000343322754,10.890000343322754,10.470000267028809,10.829999923706055,1264000
2023-04-27,10.369999885559082,10.619999885559082,10.359999656677246,10.619999885559082,1362000
2023-04-28,10.539999961853027,10.649999618530273,10.420000076293945,10.479999542236328,770000
2023-05-02,10.59000015258789,10.640000343322754,10.539999961853027,10.550000190734863,251000
2023-05-03,10.529999732971191,10.59000015258789,10.5,10.539999961853027,219000
2023-05-04,10.40999984741211,10.600000381469727,10.380000114440918,10.510000228881836,1015000
2023-05-05,10.220000267028809,10.5,10.170000076293945,10.5,1146000
2023-05-08,10.279999732971191,10.34000015258789,10.210000038146973,10.25,761000
2023-05-09,10.369999885559082,10.420000076293945,10.270000457763672,10.289999961853027,375000
2023-05-10,10.140000343322754,10.3100004196167,10.050000190734863,10.3100004196167,1169000
2023-05-11,10.149999618530273,10.180000305175781,10.119999885559082,10.15999984741211,533000
2023-05-12,10.050000190734863,10.149999618530273,10.039999961853027,10.140000343322754,775000
2023-05-15,9.880000114440918,10.109999656677246,9.84000015258789,10.050000190734863,2288000
2023-05-16,9.979999542236328,10.069999694824219,9.899999618530273,10.039999961853027,2843000
2023-05-17,9.989999771118164,10.079999923706055,9.90999984741211,9.9399995803833,819000
2023-05-18,10.350000381469727,10.369999885559082,10.0,10.029999732971191,4056000
2023-05-19,10.279999732971191,10.369999885559082,10.220000267028809,10.300000190734863,1059000
2023-05-22,10.180000305175781,10.319999694824219,10.15999984741211,10.260000228881836,631000
2023-05-23,10.09000015258789,10.25,10.0600004196167,10.25,1027000
2023-05-24,10.069999694824219,10.149999618530273,9.9399995803833,10.039999961853027,1053000
2023-05-25,10.020000457763672,10.220000267028809,10.0,10.0,871000
2023-05-26,10.210000038146973,10.270000457763672,10.069999694824219,10.100000381469727,1170000
2023-05-29,10.270000457763672,10.420000076293945,10.25,10.25,1167000
2023-05-30,10.199999809265137,10.319999694824219,10.149999618530273,10.270000457763672,855000
2023-05-31,10.4399995803833,10.510000228881836,10.350000381469727,10.350000381469727,1901000
2023-06-01,10.779999732971191,10.779999732971191,10.539999961853027,10.59000015258789,2866000
2023-06-02,10.75,10.819999694824219,10.699999809265137,10.779999732971191,590000
2023-06-05,10.760000228881836,10.880000114440918,10.600000381469727,10.600000381469727,545000
2023-06-06,10.569999694824219,10.859999656677246,10.569999694824219,10.770000457763672,580000
2023-06-07,10.5600004196167,10.600000381469727,10.479999542236328,10.550000190734863,1125000
2023-06-08,10.40999984741211,10.5600004196167,10.329999923706055,10.5600004196167,1491000
2023-06-09,10.539999961853027,10.59000015258789,10.350000381469727,10.449999809265137,361000
2023-06-12,10.899999618530273,10.920000076293945,10.630000114440918,10.640000343322754,2448000
2023-06-13,10.989999771118164,11.039999961853027,10.819999694824219,10.899999618530273,1223000
2023-06-14,11.199999809265137,11.220000267028809,11.050000190734863,11.09000015258789,1490000
2023-06-15,11.300000190734863,11.420000076293945,11.25,11.25,1934000
2023-06-16,11.5600004196167,11.630000114440918,11.369999885559082,11.369999885559082,2481000
2023-06-19,11.979999542236328,11.979999542236328,11.609999656677246,11.65999984741211,4425000
2023-06-20,12.109999656677246,12.140000343322754,11.920000076293945,12.079999923706055,4476000
2023-06-21,11.90999984741211,12.210000038146973,11.829999923706055,12.180000305175781,2263000
2023-06-26,11.4399995803833,11.800000190734863,11.390000343322754,11.800000190734863,1782000
2023-06-27,11.449999809265137,11.460000038146973,11.3100004196167,11.390000343322754,943000
2023-06-28,11.149999618530273,11.5,10.979999542236328,11.460000038146973,2072000
2023-06-29,11.279999732971191,11.279999732971191,11.130000114440918,11.149999618530273,910000
2023-06-30,11.520000457763672,11.529999732971191,11.25,11.260000228881836,1392000
2023-07-03,11.539999961853027,11.710000038146973,11.40999984741211,11.5600004196167,1348000
2023-07-04,11.869999885559082,11.9399995803833,11.5,11.579999923706055,1919000
2023-07-05,11.770000457763672,11.880000114440918,11.75,11.850000381469727,978000
2023-07-06,11.729999542236328,11.920000076293945,11.640000343322754,11.6899995803833,871000
2023-07-07,11.640000343322754,11.6899995803833,11.420000076293945,11.640000343322754,1483000
2023-07-10,11.5,11.75,11.5,11.640000343322754,401000
2023-07-11,11.789999961853027,11.84000015258789,11.5600004196167,11.5600004196167,1947000
2023-07-12,11.65999984741211,11.899999618530273,11.65999984741211,11.890000343322754,1444000
2023-07-13,11.789999961853027,11.789999961853027,11.579999923706055,11.609999656677246,796000
2023-07-14,11.979999542236328,12.020000457763672,11.800000190734863,11.84000015258789,3016000
2023-07-17,11.9399995803833,12.079999923706055,11.899999618530273,11.970000267028809,971000
2023-07-18,11.829999923706055,12.0600004196167,11.819999694824219,12.0,2038000
2023-07-19,11.65999984741211,11.859999656677246,11.65999984741211,11.800000190734863,1105000
2023-07-20,11.390000343322754,11.6899995803833,11.34000015258789,11.65999984741211,1834000
2023-07-21,11.220000267028809,11.319999694824219,11.199999809265137,11.279999732971191,1116000
2023-07-24,11.289999961853027,11.460000038146973,11.079999923706055,11.130000114440918,1229000
2023-07-25,11.529999732971191,11.579999923706055,11.359999656677246,11.449999809265137,1497000
2023-07-26,11.300000190734863,11.550000190734863,11.270000457763672,11.550000190734863,1321000
2023-07-27,11.270000457763672,11.420000076293945,11.260000228881836,11.300000190734863,1256000
2023-07-28,11.239999771118164,11.329999923706055,11.170000076293945,11.199999809265137,608000
2023-07-31,11.359999656677246,11.449999809265137,11.270000457763672,11.289999961853027,1036000
2023-08-01,11.460000038146973,11.539999961853027,11.270000457763672,11.359999656677246,1224000
2023-08-02,11.460000038146973,11.550000190734863,11.4399995803833,11.520000457763672,806000
2023-08-04,11.630000114440918,11.680000305175781,11.489999771118164,11.550000190734863,1885000
2023-08-07,11.720000267028809,11.869999885559082,11.649999618530273,11.699999809265137,1838000
2023-08-08,11.649999618530273,11.720000267028809,11.579999923706055,11.649999618530273,876000
2023-08-09,11.380000114440918,11.65999984741211,11.380000114440918,11.579999923706055,1394000
2023-08-10,11.15999984741211,11.319999694824219,11.130000114440918,11.319999694824219,1053000
2023-08-11,11.079999923706055,11.260000228881836,11.0600004196167,11.15999984741211,1213000
2023-08-14,10.819999694824219,10.989999771118164,10.8100004196167,10.960000038146973,1243000
2023-08-15,10.770000457763672,11.0600004196167,10.760000228881836,10.90999984741211,860000
2023-08-16,10.600000381469727,10.760000228881836,10.550000190734863,10.760000228881836,570000
2023-08-17,10.569999694824219,10.649999618530273,10.420000076293945,10.550000190734863,701000
2023-08-18,10.380000114440918,10.619999885559082,10.359999656677246,10.569999694824219,931000
2023-08-21,10.270000457763672,10.369999885559082,10.199999809265137,10.270000457763672,901000
2023-08-22,10.300000190734863,10.350000381469727,10.220000267028809,10.25,2072000
2023-08-23,10.319999694824219,10.550000190734863,10.3100004196167,10.489999771118164,812000
2023-08-24,10.449999809265137,10.449999809265137,10.270000457763672,10.34000015258789,844000
2023-08-25,10.020000457763672,10.319999694824219,10.0,10.300000190734863,4834000
2023-08-28,10.149999618530273,10.390000343322754,10.140000343322754,10.180000305175781,1475000
2023-08-29,10.420000076293945,10.470000267028809,10.079999923706055,10.149999618530273,2783000
2023-08-30,10.510000228881836,10.720000267028809,10.510000228881836,10.510000228881836,870000
2023-08-31,10.520000457763672,10.619999885559082,10.489999771118164,10.600000381469727,480000
2023-09-01,10.460000038146973,10.609999656677246,10.4399995803833,10.5600004196167,509000
2023-09-04,10.539999961853027,10.619999885559082,10.510000228881836,10.600000381469727,718000
2023-09-05,10.470000267028809,10.579999923706055,10.449999809265137,10.579999923706055,250000
2023-09-06,10.399999618530273,10.460000038146973,10.329999923706055,10.399999618530273,716000
2023-09-07,10.239999771118164,10.449999809265137,10.220000267028809,10.380000114440918,1028000
2023-09-08,10.140000343322754,10.15999984741211,10.069999694824219,10.130000114440918,1083000
2023-09-11,10.380000114440918,10.380000114440918,10.079999923706055,10.079999923706055,822000
2023-09-12,10.40999984741211,10.449999809265137,10.359999656677246,10.399999618530273,891000
2023-09-13,10.220000267028809,10.529999732971191,10.1899995803833,10.529999732971191,911000
2023-09-14,10.170000076293945,10.260000228881836,10.15999984741211,10.229999542236328,1129000
2023-09-15,10.130000114440918,10.220000267028809,10.0600004196167,10.15999984741211,1939000
2023-09-18,10.069999694824219,10.15999984741211,10.029999732971191,10.0600004196167,917000
2023-09-19,9.970000267028809,10.069999694824219,9.90999984741211,10.039999961853027,2535000
2023-09-20,9.970000267028809,10.0600004196167,9.960000038146973,10.0,587000
2023-09-21,9.960000038146973,10.029999732971191,9.90999984741211,9.930000305175781,660000
2023-09-22,10.229999542236328,10.279999732971191,9.920000076293945,9.920000076293945,2927000
2023-09-25,10.279999732971191,10.380000114440918,10.25,10.3100004196167,799000
2023-09-26,10.3100004196167,10.380000114440918,10.239999771118164,10.319999694824219,1531000
2023-09-27,10.300000190734863,10.380000114440918,10.25,10.3100004196167,741000
2023-09-28,10.359999656677246,10.380000114440918,10.3100004196167,10.3100004196167,1088000
2023-10-02,10.449999809265137,10.479999542236328,10.420000076293945,10.430000305175781,622000
2023-10-03,10.319999694824219,10.470000267028809,10.319999694824219,10.449999809265137,570000
2023-10-04,10.210000038146973,10.300000190734863,10.199999809265137,10.300000190734863,516000
2023-10-05,10.25,10.329999923706055,10.199999809265137,10.329999923706055,321000
2023-10-06,10.319999694824219,10.34000015258789,10.239999771118164,10.279999732971191,294000
2023-10-11,10.609999656677246,10.6899995803833,10.329999923706055,10.329999923706055,2493000
2023-10-12,10.59000015258789,10.739999771118164,10.5600004196167,10.699999809265137,2166000
2023-10-13,10.520000457763672,10.609999656677246,10.510000228881836,10.569999694824219,925000
2023-10-16,10.399999618530273,10.539999961853027,10.380000114440918,10.5,925000
2023-10-17,10.319999694824219,10.420000076293945,10.289999961853027,10.40999984741211,1456000
2023-10-18,10.100000381469727,10.4399995803833,10.039999961853027,10.4399995803833,2338000
2023-10-19,10.029999732971191,10.199999809265137,10.010000228881836,10.100000381469727,1056000
2023-10-20,9.800000190734863,10.029999732971191,9.800000190734863,9.979999542236328,2280000
2023-10-23,9.649999618530273,9.789999961853027,9.59000015258789,9.710000038146973,1584000
2023-10-24,9.579999923706055,9.75,9.529999732971191,9.619999885559082,1173000
2023-10-25,9.609999656677246,9.75,9.579999923706055,9.699999809265137,1149000
2023-10-26,9.59000015258789,9.6899995803833,9.579999923706055,9.600000381469727,525000
2023-10-27,9.789999961853027,9.789999961853027,9.619999885559082,9.710000038146973,517000
2023-10-30,10.140000343322754,10.140000343322754,9.800000190734863,9.819999694824219,2616000
2023-10-31,10.09000015258789,10.210000038146973,10.050000190734863,10.199999809265137,425000
2023-11-01,10.050000190734863,10.239999771118164,10.039999961853027,10.1899995803833,609000
2023-11-02,9.989999771118164,10.100000381469727,9.979999542236328,10.050000190734863,1323000
2023-11-03,10.109999656677246,10.149999618530273,10.0,10.029999732971191,1003000
2023-11-06,10.329999923706055,10.399999618530273,10.170000076293945,10.199999809265137,2358000
2023-11-07,10.3100004196167,10.380000114440918,10.270000457763672,10.319999694824219,319000
2023-11-08,10.430000305175781,10.520000457763672,10.369999885559082,10.479999542236328,1403000
2023-11-09,10.390000343322754,10.529999732971191,10.369999885559082,10.430000305175781,704000
2023-11-10,10.40999984741211,10.489999771118164,10.359999656677246,10.390000343322754,366000
2023-11-13,10.449999809265137,10.569999694824219,10.399999618530273,10.399999618530273,1671000
2023-11-14,10.460000038146973,10.609999656677246,10.449999809265137,10.510000228881836,777000
2023-11-15,10.569999694824219,10.6899995803833,10.489999771118164,10.680000305175781,602000
2023-11-16,10.40999984741211,10.649999618530273,10.40999984741211,10.609999656677246,786000
2023-11-17,10.34000015258789,10.460000038146973,10.319999694824219,10.380000114440918,581000
2023-11-20,10.4399995803833,10.5,10.329999923706055,10.4399995803833,396000
2023-11-21,10.359999656677246,10.449999809265137,10.350000381469727,10.399999618530273,1267000
2023-11-22,10.1899995803833,10.3100004196167,10.149999618530273,10.3100004196167,1250000
2023-11-23,10.1899995803833,10.210000038146973,10.079999923706055,10.149999618530273,901000
2023-11-24,10.100000381469727,10.25,10.09000015258789,10.220000267028809,766000
2023-11-27,10.069999694824219,10.140000343322754,10.039999961853027,10.140000343322754,768000
2023-11-28,10.0600004196167,10.130000114440918,10.050000190734863,10.069999694824219,465000
2023-11-29,10.0600004196167,10.119999885559082,10.0600004196167,10.119999885559082,841000
2023-11-30,10.0,10.0600004196167,9.970000267028809,10.0600004196167,1070000
2023-12-01,10.029999732971191,10.039999961853027,9.970000267028809,9.970000267028809,567000
2023-12-04,10.119999885559082,10.180000305175781,10.079999923706055,10.100000381469727,991000
2023-12-05,9.960000038146973,10.1899995803833,9.930000305175781,10.1899995803833,1468000
2023-12-06,9.869999885559082,9.899999618530273,9.800000190734863,9.890000343322754,2440000
2023-12-07,9.880000114440918,9.90999984741211,9.8100004196167,9.850000381469727,1027000
2023-12-08,10.09000015258789,10.130000114440918,9.829999923706055,9.869999885559082,3550000
2023-12-11,10.170000076293945,10.170000076293945,10.020000457763672,10.109999656677246,2128000
2023-12-12,10.1899995803833,10.329999923706055,10.1899995803833,10.300000190734863,1382000
2023-12-13,10.229999542236328,10.300000190734863,10.199999809265137,10.220000267028809,1097000
2023-12-14,10.199999809265137,10.3100004196167,10.180000305175781,10.220000267028809,1486000
2023-12-15,10.130000114440918,10.229999542236328,10.09000015258789,10.199999809265137,1519000
2023-12-18,10.09000015258789,10.130000114440918,10.0600004196167,10.119999885559082,996000
2023-12-19,10.039999961853027,10.130000114440918,9.989999771118164,10.069999694824219,1015000
2023-12-20,9.979999542236328,10.140000343322754,9.949999809265137,10.109999656677246,1569000
2023-12-21,9.989999771118164,10.0600004196167,9.8100004196167,9.9399995803833,3697000
2023-12-22,9.880000114440918,10.020000457763672,9.850000381469727,10.010000228881836,1915000
2023-12-25,9.829999923706055,9.989999771118164,9.800000190734863,9.899999618530273,1567000
2023-12-26,9.710000038146973,9.899999618530273,9.699999809265137,9.84000015258789,2390000
2023-12-27,9.680000305175781,9.739999771118164,9.649999618530273,9.699999809265137,2190000
2023-12-28,9.84000015258789,9.850000381469727,9.630000114440918,9.6899995803833,1445000
2023-12-29,10.020000457763672,10.079999923706055,9.84000015258789,9.84000015258789,3172000
2024-01-02,9.960000038146973,10.09000015258789,9.9399995803833,10.039999961853027,811000
2024-01-03,9.680000305175781,9.90999984741211,9.680000305175781,9.899999618530273,3725000
2024-01-04,9.5600004196167,9.710000038146973,9.550000190734863,9.6899995803833,3008000
2024-01-05,9.430000305175781,9.569999694824219,9.420000076293945,9.550000190734863,3212000
2024-01-08,9.140000343322754,9.380000114440918,9.130000114440918,9.380000114440918,4376000
2024-01-09,9.100000381469727,9.229999542236328,9.079999923706055,9.140000343322754,1476000
2024-01-10,9.100000381469727,9.140000343322754,8.979999542236328,9.100000381469727,2397000
2024-01-11,9.1899995803833,9.199999809265137,9.050000190734863,9.100000381469727,936000
2024-01-12,9.069999694824219,9.180000305175781,9.020000457763672,9.180000305175781,1776000
2024-01-15,9.069999694824219,9.069999694824219,9.069999694824219,9.069999694824219,0
2024-01-16,9.020000457763672,9.109999656677246,8.989999771118164,9.0600004196167,951000
2024-01-17,9.0,9.09000015258789,8.989999771118164,9.039999961853027,815000
2024-01-18,8.859999656677246,8.949999809265137,8.789999961853027,8.949999809265137,2824000
2024-01-19,9.069999694824219,9.140000343322754,8.970000267028809,9.0,2655000
2024-01-22,8.970000267028809,9.079999923706055,8.9399995803833,9.069999694824219,2073000
2024-01-23,8.970000267028809,8.970000267028809,8.739999771118164,8.789999961853027,3740000
2024-01-24,8.739999771118164,9.029999732971191,8.710000038146973,9.0,4386000
2024-01-25,9.15999984741211,9.15999984741211,8.880000114440918,8.880000114440918,4080000
2024-01-26,8.960000038146973,9.15999984741211,8.9399995803833,9.149999618530273,3693000
2024-01-29,8.520000457763672,8.960000038146973,8.520000457763672,8.960000038146973,10001000
2024-01-30,8.369999885559082,8.479999542236328,8.359999656677246,8.479999542236328,4341000
2024-01-31,8.130000114440918,8.279999732971191,8.029999732971191,8.279999732971191,9490000
2024-02-01,8.270000457763672,8.399999618530273,7.989999771118164,8.0600004196167,9816000
2024-02-02,8.020000457763672,8.289999961853027,8.010000228881836,8.260000228881836,4616000
2024-02-05,7.96999979019165,8.020000457763672,7.710000038146973,8.0,9420000
2024-02-15,8.800000190734863,8.819999694824219,8.149999618530273,8.279999732971191,13964000
2024-02-16,8.899999618530273,8.90999984741211,8.800000190734863,8.890000343322754,2171000
2024-02-19,9.039999961853027,9.170000076293945,8.899999618530273,8.90999984741211,6373000
2024-02-20,9.180000305175781,9.25,9.109999656677246,9.199999809265137,4570000
2024-02-21,9.319999694824219,9.380000114440918,9.140000343322754,9.210000038146973,7119000
2024-02-22,9.34000015258789,9.399999618530273,9.1899995803833,9.25,5145000
2024-02-23,9.350000381469727,9.5,9.34000015258789,9.369999885559082,5026000
2024-02-26,9.5,9.510000228881836,9.369999885559082,9.399999618530273,3507000
2024-02-27,9.819999694824219,9.890000343322754,9.399999618530273,9.449999809265137,9786000
2024-02-29,9.8100004196167,9.989999771118164,9.539999961853027,9.630000114440918,4593000
2024-03-01,10.1899995803833,10.300000190734863,9.880000114440918,9.880000114440918,6643000
2024-03-04,10.489999771118164,10.579999923706055,10.260000228881836,10.260000228881836,6995000
2024-03-05,10.569999694824219,10.670000076293945,10.329999923706055,10.479999542236328,4340000
2024-03-06,10.420000076293945,10.479999542236328,10.239999771118164,10.479999542236328,3772000
2024-03-07,10.270000457763672,10.529999732971191,10.199999809265137,10.350000381469727,3225000
2024-03-08,10.369999885559082,10.430000305175781,10.180000305175781,10.25,3330000
2024-03-11,10.4399995803833,10.529999732971191,10.34000015258789,10.489999771118164,2529000
2024-03-12,10.539999961853027,10.729999542236328,10.489999771118164,10.59000015258789,5387000
2024-03-13,10.680000305175781,10.710000038146973,10.539999961853027,10.539999961853027,2909000
2024-03-14,10.430000305175781,10.630000114440918,10.40999984741211,10.630000114440918,3397000
2024-03-15,10.399999618530273,10.489999771118164,10.380000114440918,10.399999618530273,1540000
2024-03-18,10.399999618530273,10.399999618530273,10.399999618530273,10.399999618530273,0
2024-03-19,11.09000015258789,11.119999885559082,10.880000114440918,10.9399995803833,3425000
2024-03-20,11.09000015258789,11.09000015258789,11.09000015258789,11.09000015258789,0
2024-03-21,10.970000267028809,11.079999923706055,10.949999809265137,10.970000267028809,1001000
2024-03-22,10.899999618530273,11.010000228881836,10.760000228881836,10.949999809265137,2218000
2024-03-25,10.899999618530273,10.899999618530273,10.899999618530273,10.899999618530273,0
2024-03-26,10.899999618530273,10.899999618530273,10.899999618530273,10.899999618530273,0
2024-03-27,10.25,10.600000381469727,10.25,10.600000381469727,3783000
2024-03-28,10.430000305175781,10.520000457763672,10.149999618530273,10.199999809265137,1952000
2024-03-29,10.34000015258789,10.4399995803833,10.279999732971191,10.4399995803833,1460000
2024-04-01,10.619999885559082,10.670000076293945,10.359999656677246,10.359999656677246,1328000
2024-04-02,10.5,10.6899995803833,10.479999542236328,10.569999694824219,1010000
2024-04-03,10.369999885559082,10.5,10.319999694824219,10.5,2150000
2024-04-08,10.359999656677246,10.390000343322754,10.289999961853027,10.359999656677246,602000
2024-04-09,10.270000457763672,10.380000114440918,10.229999542236328,10.319999694824219,1491000
2024-04-10,10.0,10.289999961853027,10.0,10.270000457763672,4535000
2024-04-11,10.119999885559082,10.119999885559082,9.90999984741211,9.90999984741211,2402000
2024-04-12,10.300000190734863,10.34000015258789,10.050000190734863,10.050000190734863,2801000
2024-04-15,10.270000457763672,10.350000381469727,10.130000114440918,10.15999984741211,859000
2024-04-16,10.109999656677246,10.25,10.020000457763672,10.25,1982000
2024-04-17,10.260000228881836,10.329999923706055,10.0,10.029999732971191,3043000
2024-04-18,10.420000076293945,10.420000076293945,10.170000076293945,10.359999656677246,2645000
2024-04-19,10.119999885559082,10.319999694824219,9.989999771118164,10.3100004196167,3052000
2024-04-22,9.970000267028809,10.140000343322754,9.739999771118164,10.09000015258789,4659000
2024-04-23,9.9399995803833,10.050000190734863,9.920000076293945,10.0,1166000
2024-04-24,10.180000305175781,10.199999809265137,9.960000038146973,10.020000457763672,2513000
2024-04-25,10.220000267028809,10.329999923706055,10.199999809265137,10.239999771118164,2229000
2024-04-26,10.65999984741211,10.699999809265137,10.199999809265137,10.199999809265137,6042000
2024-04-29,10.970000267028809,11.020000457763672,10.710000038146973,10.720000267028809,4547000
2024-04-30,10.930000305175781,11.079999923706055,10.90999984741211,11.0,2019000
2024-05-02,10.989999771118164,11.0,10.899999618530273,10.90999984741211,1892000
2024-05-03,11.0,11.100000381469727,10.979999542236328,11.100000381469727,2110000
2024-05-06,11.029999732971191,11.140000343322754,11.010000228881836,11.050000190734863,3447000
2024-05-07,10.920000076293945,11.130000114440918,10.869999885559082,11.050000190734863,1604000
2024-05-08,10.75,10.9399995803833,10.739999771118164,10.899999618530273,1404000
2024-05-09,10.789999961853027,10.800000190734863,10.649999618530273,10.710000038146973,1095000
2024-05-10,10.670000076293945,10.850000381469727,10.609999656677246,10.8100004196167,3058000
2024-05-13,10.699999809265137,10.779999732971191,10.619999885559082,10.670000076293945,1764000
2024-05-14,10.65999984741211,10.869999885559082,10.640000343322754,10.699999809265137,2238000
2024-05-15,10.649999618530273,10.760000228881836,10.630000114440918,10.65999984741211,1808000
2024-05-16,10.779999732971191,10.8100004196167,10.609999656677246,10.630000114440918,3317000
2024-05-17,10.699999809265137,10.800000190734863,10.699999809265137,10.800000190734863,2069000
2024-05-20,10.829999923706055,10.930000305175781,10.739999771118164,10.760000228881836,2354000
2024-05-21,10.890000343322754,10.930000305175781,10.850000381469727,10.850000381469727,1491000
2024-05-22,10.84000015258789,10.890000343322754,10.770000457763672,10.8100004196167,1223000
2024-05-23,10.720000267028809,10.930000305175781,10.699999809265137,10.829999923706055,1580000
2024-05-24,10.59000015258789,10.869999885559082,10.579999923706055,10.649999618530273,2556000
2024-05-27,10.510000228881836,10.600000381469727,10.4399995803833,10.539999961853027,1756000
2024-05-28,10.479999542236328,10.630000114440918,10.470000267028809,10.569999694824219,1910000
2024-05-29,10.460000038146973,10.479999542236328,10.390000343322754,10.399999618530273,750000
2024-05-30,10.529999732971191,10.569999694824219,10.40999984741211,10.449999809265137,1121000
2024-05-31,10.579999923706055,10.75,10.550000190734863,10.609999656677246,1294000
2024-06-03,10.720000267028809,10.800000190734863,10.5600004196167,10.569999694824219,1623000
2024-06-04,10.710000038146973,10.770000457763672,10.640000343322754,10.640000343322754,615000
2024-06-05,10.770000457763672,10.84000015258789,10.729999542236328,10.729999542236328,1279000
2024-06-06,10.869999885559082,10.949999809265137,10.729999542236328,10.75,2697000
2024-06-07,10.550000190734863,10.850000381469727,10.520000457763672,10.850000381469727,2483000
2024-06-11,10.5600004196167,10.609999656677246,10.510000228881836,10.539999961853027,1659000
2024-06-12,10.779999732971191,10.899999618530273,10.569999694824219,10.569999694824219,4060000
2024-06-13,10.9399995803833,11.079999923706055,10.779999732971191,10.779999732971191,2598000
2024-06-14,11.319999694824219,11.369999885559082,10.920000076293945,10.920000076293945,7527000
2024-06-17,11.609999656677246,11.680000305175781,11.279999732971191,11.319999694824219,5276000
2024-06-18,11.8100004196167,11.960000038146973,11.600000381469727,11.609999656677246,4391000
2024-06-19,11.729999542236328,11.930000305175781,11.710000038146973,11.819999694824219,1669000
2024-06-20,11.600000381469727,11.75,11.600000381469727,11.729999542236328,1606000
2024-06-21,11.600000381469727,11.619999885559082,11.359999656677246,11.479999542236328,2525000
2024-06-24,11.470000267028809,11.680000305175781,11.449999809265137,11.600000381469727,1353000
2024-06-25,11.140000343322754,11.380000114440918,11.0600004196167,11.380000114440918,3996000
2024-06-26,11.1899995803833,11.25,11.010000228881836,11.079999923706055,1546000
2024-06-27,11.3100004196167,11.539999961853027,11.3100004196167,11.369999885559082,1958000
2024-06-28,11.489999771118164,11.600000381469727,11.270000457763672,11.300000190734863,3693000
2024-07-01,11.420000076293945,11.529999732971191,11.3100004196167,11.449999809265137,1081000
2024-07-02,11.470000267028809,11.640000343322754,11.470000267028809,11.550000190734863,1268000
2024-07-03,11.449999809265137,11.470000267028809,11.300000190734863,11.470000267028809,1169000
2024-07-04,11.380000114440918,11.550000190734863,11.380000114440918,11.449999809265137,1034000
2024-07-05,11.199999809265137,11.380000114440918,11.109999656677246,11.380000114440918,2154000
2024-07-08,11.300000190734863,11.399999618530273,11.220000267028809,11.220000267028809,1011000
2024-07-09,11.720000267028809,11.739999771118164,11.279999732971191,11.300000190734863,4208000
2024-07-10,12.069999694824219,12.100000381469727,11.890000343322754,11.890000343322754,5022000
2024-07-11,12.09000015258789,12.25,11.9399995803833,12.100000381469727,4515000
2024-07-12,11.930000305175781,12.199999809265137,11.869999885559082,12.130000114440918,2344000
2024-07-15,11.920000076293945,11.989999771118164,11.800000190734863,11.930000305175781,2040000
2024-07-16,12.069999694824219,12.109999656677246,11.850000381469727,11.850000381469727,3656000
2024-07-17,11.890000343322754,12.1899995803833,11.850000381469727,12.149999618530273,1107000
2024-07-18,11.609999656677246,11.829999923706055,11.369999885559082,11.800000190734863,4522000
2024-07-19,11.680000305175781,11.800000190734863,11.609999656677246,11.649999618530273,1930000
2024-07-22,11.630000114440918,11.699999809265137,11.510000228881836,11.6899995803833,1928000
2024-07-23,11.460000038146973,11.65999984741211,11.460000038146973,11.630000114440918,1195000
2024-07-26,11.039999961853027,11.199999809265137,10.9399995803833,11.199999809265137,3036000
2024-07-29,11.170000076293945,11.239999771118164,10.949999809265137,11.100000381469727,1283000
2024-07-30,10.979999542236328,11.130000114440918,10.899999618530273,11.130000114440918,868000
2024-07-31,11.3100004196167,11.329999923706055,10.949999809265137,11.039999961853027,2897000
2024-08-01,11.359999656677246,11.520000457763672,11.3100004196167,11.350000381469727,1616000
2024-08-02,11.0,11.300000190734863,10.989999771118164,11.300000190734863,1471000
2024-08-05,10.5600004196167,10.899999618530273,10.550000190734863,10.850000381469727,2657000
2024-08-06,10.5,10.630000114440918,10.5,10.529999732971191,1172000
2024-08-07,10.569999694824219,10.600000381469727,10.5,10.520000457763672,809000
2024-08-08,10.449999809265137,10.520000457763672,10.3100004196167,10.5,2210000
2024-08-09,10.5,10.600000381469727,10.390000343322754,10.479999542236328,977000
2024-08-12,10.470000267028809,10.529999732971191,10.399999618530273,10.5,1039000
2024-08-13,10.489999771118164,10.609999656677246,10.430000305175781,10.430000305175781,636000
2024-08-14,10.529999732971191,10.619999885559082,10.520000457763672,10.579999923706055,676000
2024-08-15,10.539999961853027,10.619999885559082,10.470000267028809,10.479999542236328,925000
2024-08-16,10.630000114440918,10.720000267028809,10.510000228881836,10.529999732971191,903000
2024-08-19,10.579999923706055,10.699999809265137,10.569999694824219,10.600000381469727,987000
2024-08-20,10.420000076293945,10.579999923706055,10.420000076293945,10.579999923706055,904000
2024-08-21,10.5,10.630000114440918,10.420000076293945,10.420000076293945,525000
2024-08-22,10.449999809265137,10.510000228881836,10.350000381469727,10.5,1183000
2024-08-23,10.350000381469727,10.399999618530273,10.279999732971191,10.399999618530273,683000
2024-08-26,10.319999694824219,10.420000076293945,10.289999961853027,10.350000381469727,828000
2024-08-27,10.180000305175781,10.300000190734863,10.140000343322754,10.300000190734863,2105000
2024-08-28,10.100000381469727,10.25,10.09000015258789,10.180000305175781,1381000
2024-08-29,10.140000343322754,10.140000343322754,9.829999923706055,10.130000114440918,3646000
2024-08-30,10.479999542236328,10.579999923706055,10.100000381469727,10.140000343322754,4090000
2024-09-02,10.210000038146973,10.529999732971191,10.170000076293945,10.529999732971191,1610000
2024-09-03,10.170000076293945,10.229999542236328,10.09000015258789,10.1899995803833,1281000
2024-09-04,10.0600004196167,10.149999618530273,9.970000267028809,10.050000190734863,2368000
2024-09-05,10.09000015258789,10.239999771118164,10.09000015258789,10.140000343322754,347000
2024-09-06,9.949999809265137,10.149999618530273,9.9399995803833,10.079999923706055,1550000
2024-09-09,9.850000381469727,9.960000038146973,9.800000190734863,9.890000343322754,1385000
2024-09-10,9.949999809265137,10.010000228881836,9.800000190734863,9.84000015258789,503000
2024-09-11,9.90999984741211,10.0,9.90999984741211,9.949999809265137,822000
2024-09-12,10.010000228881836,10.100000381469727,9.930000305175781,9.960000038146973,593000
2024-09-13,10.050000190734863,10.149999618530273,9.920000076293945,9.960000038146973,1030000
2024-09-16,10.039999961853027,10.050000190734863,9.989999771118164,10.050000190734863,393000
2024-09-18,9.930000305175781,10.109999656677246,9.90999984741211,10.109999656677246,1923000
2024-09-19,9.970000267028809,10.050000190734863,9.859999656677246,10.0,749000
2024-09-20,9.9399995803833,10.0600004196167,9.9399995803833,10.0,707000
2024-09-23,10.100000381469727,10.220000267028809,10.010000228881836,10.010000228881836,606000
2024-09-24,10.489999771118164,10.569999694824219,10.069999694824219,10.100000381469727,4523000
2024-09-25,10.640000343322754,10.899999618530273,10.640000343322754,10.680000305175781,4196000
2024-09-26,10.720000267028809,10.720000267028809,10.529999732971191,10.710000038146973,2146000
2024-09-27,11.40999984741211,11.569999694824219,10.9399995803833,10.960000038146973,8143000
2024-09-30,12.510000228881836,12.600000381469727,11.619999885559082,11.619999885559082,10480000
2024-10-01,12.489999771118164,12.609999656677246,12.479999542236328,12.609999656677246,2071000
2024-10-04,14.140000343322754,14.15999984741211,12.960000038146973,13.020000457763672,16817000
2024-10-07,14.829999923706055,14.850000381469727,14.449999809265137,14.569999694824219,10642000
2024-10-08,13.880000114440918,15.199999809265137,13.489999771118164,15.0,17984000
2024-10-09,13.850000381469727,14.5600004196167,13.229999542236328,14.300000190734863,14256000
2024-10-11,13.0,13.550000190734863,12.760000228881836,13.550000190734863,7619000
2024-10-14,13.0,13.050000190734863,12.520000457763672,12.979999542236328,6316000
2024-10-15,12.819999694824219,13.180000305175781,12.819999694824219,13.029999732971191,3636000
2024-10-16,12.34000015258789,12.680000305175781,12.270000457763672,12.680000305175781,5605000
2024-10-17,12.5,12.550000190734863,12.319999694824219,12.369999885559082,3778000
2024-10-18,13.0600004196167,13.199999809265137,12.220000267028809,12.399999618530273,5735000
2024-10-21,13.489999771118164,13.699999809265137,13.100000381469727,13.3100004196167,9348000
2024-10-22,13.399999618530273,13.529999732971191,13.260000228881836,13.4399995803833,4917000
2024-10-23,13.479999542236328,13.5,13.210000038146973,13.420000076293945,3421000
2024-10-24,13.239999771118164,13.449999809265137,13.079999923706055,13.300000190734863,3163000
2024-10-25,13.390000343322754,13.430000305175781,13.180000305175781,13.239999771118164,2064000
2024-10-28,13.170000076293945,13.369999885559082,13.079999923706055,13.369999885559082,2405000
2024-10-29,13.140000343322754,13.350000381469727,13.069999694824219,13.210000038146973,3136000
2024-10-30,12.869999885559082,13.15999984741211,12.869999885559082,13.15999984741211,2465000
2024-11-01,12.829999923706055,13.0,12.699999809265137,12.829999923706055,2177000
2024-11-04,12.880000114440918,13.029999732971191,12.729999542236328,12.800000190734863,1813000
2024-11-05,13.4399995803833,13.449999809265137,12.90999984741211,12.90999984741211,4282000
2024-11-06,13.260000228881836,13.550000190734863,13.220000267028809,13.550000190734863,3394000
2024-11-07,13.210000038146973,13.380000114440918,13.039999961853027,13.25,2869000
2024-11-08,13.510000228881836,13.75,13.430000305175781,13.550000190734863,5469000
2024-11-11,13.829999923706055,13.84000015258789,13.149999618530273,13.3100004196167,6579000
2024-11-12,13.710000038146973,13.90999984741211,13.680000305175781,13.890000343322754,3217000
2024-11-13,13.720000267028809,13.850000381469727,13.529999732971191,13.59000015258789,4038000
2024-11-14,13.550000190734863,13.880000114440918,13.539999961853027,13.850000381469727,2418000
2024-11-15,13.3100004196167,13.510000228881836,13.220000267028809,13.4399995803833,2941000
2024-11-18,12.75,13.050000190734863,12.529999732971191,13.050000190734863,3374000
2024-11-19,12.5,12.739999771118164,12.5,12.699999809265137,2078000
2024-11-20,12.5,12.5,12.5,12.5,0
2024-11-21,12.760000228881836,12.850000381469727,12.720000267028809,12.850000381469727,612000
2024-11-22,12.630000114440918,12.920000076293945,12.619999885559082,12.800000190734863,1277000
2024-11-25,12.079999923706055,12.470000267028809,12.0600004196167,12.470000267028809,5118000
2024-11-26,12.100000381469727,12.1899995803833,12.039999961853027,12.109999656677246,1357000
2024-11-27,12.130000114440918,12.319999694824219,11.960000038146973,12.100000381469727,2554000
2024-11-28,12.1899995803833,12.4399995803833,12.170000076293945,12.40999984741211,1024000
2024-11-29,12.40999984741211,12.520000457763672,12.149999618530273,12.1899995803833,2050000
2024-12-02,12.569999694824219,12.670000076293945,12.350000381469727,12.380000114440918,1702000
2024-12-03,12.489999771118164,12.649999618530273,12.449999809265137,12.609999656677246,1255000
2024-12-04,12.380000114440918,12.470000267028809,12.369999885559082,12.470000267028809,898000
2024-12-05,12.399999618530273,12.449999809265137,12.229999542236328,12.3100004196167,961000
2024-12-06,12.550000190734863,12.619999885559082,12.359999656677246,12.359999656677246,835000
2024-12-09,12.390000343322754,12.550000190734863,12.359999656677246,12.550000190734863,780000
2024-12-10,12.670000076293945,13.15999984741211,12.640000343322754,12.949999809265137,3226000
2024-12-11,12.739999771118164,12.789999961853027,12.600000381469727,12.630000114440918,948000
2024-12-12,12.800000190734863,12.869999885559082,12.760000228881836,12.760000228881836,744000
2024-12-13,12.630000114440918,12.859999656677246,12.630000114440918,12.789999961853027,445000
2024-12-16,12.600000381469727,12.680000305175781,12.5600004196167,12.640000343322754,840000
2024-12-17,12.75,12.9399995803833,12.520000457763672,12.579999923706055,1879000
2024-12-18,12.8100004196167,12.829999923706055,12.569999694824219,12.779999732971191,842000
2024-12-19,13.15999984741211,13.180000305175781,12.670000076293945,12.800000190734863,3627000
2024-12-20,13.369999885559082,13.460000038146973,13.210000038146973,13.210000038146973,3211000
2024-12-23,13.15999984741211,13.380000114440918,13.15999984741211,13.369999885559082,2218000
2024-12-24,13.109999656677246,13.210000038146973,12.979999542236328,13.100000381469727,3158000
2024-12-25,13.229999542236328,13.350000381469727,13.170000076293945,13.170000076293945,1266000
2024-12-26,13.680000305175781,13.710000038146973,13.180000305175781,13.229999542236328,4945000
2024-12-27,13.710000038146973,13.869999885559082,13.6899995803833,13.770000457763672,2769000
2024-12-30,13.520000457763672,13.779999732971191,13.5,13.779999732971191,2045000
2024-12-31,13.210000038146973,13.569999694824219,13.170000076293945,13.569999694824219,2918000
2025-01-02,12.729999542236328,13.119999885559082,12.729999542236328,13.109999656677246,3320000
2025-01-03,12.609999656677246,12.710000038146973,12.460000038146973,12.699999809265137,1529000
2025-01-06,12.319999694824219,12.649999618530273,12.279999732971191,12.5600004196167,3566000
2025-01-07,12.359999656677246,12.5,12.300000190734863,12.329999923706055,1496000
2025-01-08,12.229999542236328,12.609999656677246,12.229999542236328,12.529999732971191,1388000
2025-01-09,12.710000038146973,12.720000267028809,12.489999771118164,12.5,2938000
2025-01-10,12.489999771118164,12.699999809265137,12.449999809265137,12.699999809265137,989000
2025-01-13,12.279999732971191,12.4399995803833,12.239999771118164,12.25,1651000
2025-01-14,12.720000267028809,12.75,12.170000076293945,12.279999732971191,2429000
2025-01-15,12.680000305175781,12.829999923706055,12.640000343322754,12.829999923706055,1536000
2025-01-16,12.649999618530273,12.890000343322754,12.600000381469727,12.6899995803833,1806000
2025-01-17,13.0,13.010000228881836,12.720000267028809,12.720000267028809,4976000
2025-01-20,13.170000076293945,13.270000457763672,12.979999542236328,13.029999732971191,2444000
2025-01-21,13.449999809265137,13.600000381469727,13.180000305175781,13.1899995803833,4465000
2025-01-22,13.770000457763672,13.890000343322754,13.479999542236328,13.5,6024000
2025-02-03,13.270000457763672,13.569999694824219,13.210000038146973,13.569999694824219,2340000
2025-02-04,13.390000343322754,13.600000381469727,13.279999732971191,13.600000381469727,1302000
2025-02-05,13.069999694824219,13.470000267028809,13.069999694824219,13.399999618530273,4922000
2025-02-06,13.420000076293945,13.420000076293945,13.069999694824219,13.069999694824219,3470000
2025-02-07,13.920000076293945,13.920000076293945,13.380000114440918,13.380000114440918,5293000
2025-02-10,13.75,13.859999656677246,13.649999618530273,13.850000381469727,3205000
2025-02-11,13.800000190734863,13.84000015258789,13.680000305175781,13.75,1761000
2025-02-12,13.880000114440918,13.960000038146973,13.729999542236328,13.760000228881836,1745000
2025-02-13,13.8100004196167,14.119999885559082,13.729999542236328,14.029999732971191,3099000
2025-02-14,13.800000190734863,13.890000343322754,13.6899995803833,13.8100004196167,834000
2025-02-17,14.170000076293945,14.25,13.859999656677246,13.949999809265137,5144000
2025-02-18,14.069999694824219,14.25,14.020000457763672,14.25,3418000
2025-02-19,13.979999542236328,14.09000015258789,13.829999923706055,13.9399995803833,1771000
2025-02-20,14.180000305175781,14.210000038146973,14.010000228881836,14.050000190734863,3182000
2025-02-21,14.8100004196167,14.819999694824219,14.210000038146973,14.210000038146973,8643000
2025-02-24,14.619999885559082,14.859999656677246,14.600000381469727,14.819999694824219,3254000
2025-02-25,14.6899995803833,14.720000267028809,14.369999885559082,14.479999542236328,3216000
2025-02-26,14.5600004196167,14.680000305175781,14.390000343322754,14.680000305175781,3099000
2025-02-27,14.180000305175781,14.600000381469727,14.119999885559082,14.489999771118164,3457000
2025-03-03,13.420000076293945,13.819999694824219,13.380000114440918,13.819999694824219,5008000
2025-03-04,13.260000228881836,13.3100004196167,13.09000015258789,13.300000190734863,2675000
2025-03-05,13.369999885559082,13.489999771118164,13.319999694824219,13.40999984741211,1349000
2025-03-06,13.770000457763672,13.84000015258789,13.5,13.569999694824219,2724000
2025-03-07,13.65999984741211,13.789999961853027,13.59000015258789,13.770000457763672,1407000
2025-03-10,13.369999885559082,13.609999656677246,13.359999656677246,13.609999656677246,1388000
2025-03-11,13.380000114440918,13.520000457763672,13.279999732971191,13.319999694824219,1169000
2025-03-12,13.630000114440918,13.640000343322754,13.479999542236328,13.5600004196167,1808000
2025-03-13,13.300000190734863,13.600000381469727,13.289999961853027,13.529999732971191,2458000
2025-03-14,13.569999694824219,13.65999984741211,13.3100004196167,13.329999923706055,1692000
2025-03-17,13.680000305175781,13.84000015258789,13.65999984741211,13.760000228881836,1922000
2025-03-18,13.779999732971191,13.84000015258789,13.680000305175781,13.720000267028809,1217000
2025-03-19,13.699999809265137,13.899999618530273,13.630000114440918,13.829999923706055,1276000
2025-03-20,13.600000381469727,13.800000190734863,13.569999694824219,13.800000190734863,537000
2025-03-21,13.270000457763672,13.489999771118164,13.25,13.489999771118164,2609000
2025-03-24,13.140000343322754,13.279999732971191,13.140000343322754,13.199999809265137,1606000
2025-03-25,13.130000114440918,13.300000190734863,13.079999923706055,13.25,1211000
2025-03-26,13.0600004196167,13.15999984741211,13.010000228881836,13.079999923706055,790000
2025-03-27,12.979999542236328,13.100000381469727,12.859999656677246,13.010000228881836,1168000
2025-03-28,12.899999618530273,13.010000228881836,12.899999618530273,13.010000228881836,1144000
2025-03-31,12.729999542236328,12.890000343322754,12.65999984741211,12.859999656677246,1402000
2025-04-01,12.859999656677246,12.960000038146973,12.829999923706055,12.880000114440918,1754000
2025-04-02,12.90999984741211,12.989999771118164,12.800000190734863,12.850000381469727,663000
2025-04-07,10.75,11.729999542236328,10.510000228881836,10.520000457763672,4358000
2025-04-08,10.260000228881836,10.670000076293945,10.25,10.630000114440918,4990000
2025-04-09,10.210000038146973,10.399999618530273,9.8100004196167,10.15999984741211,3125000
2025-04-10,10.930000305175781,11.0600004196167,10.399999618530273,10.6899995803833,3250000
2025-04-11,11.069999694824219,11.119999885559082,10.779999732971191,10.920000076293945,1595000
2025-04-14,11.050000190734863,11.3100004196167,11.050000190734863,11.100000381469727,2535000
2025-04-15,10.9399995803833,11.09000015258789,10.90999984741211,11.0600004196167,1994000
2025-04-16,10.550000190734863,10.930000305175781,10.550000190734863,10.90999984741211,2723000
2025-04-17,10.770000457763672,10.819999694824219,10.630000114440918,10.630000114440918,1120000
2025-04-18,10.819999694824219,10.84000015258789,10.699999809265137,10.720000267028809,624000
2025-04-21,10.989999771118164,11.0,10.8100004196167,10.880000114440918,1712000
2025-04-22,10.949999809265137,11.039999961853027,10.9399995803833,10.970000267028809,885000
2025-04-23,11.270000457763672,11.319999694824219,10.979999542236328,11.0600004196167,2034000
2025-04-24,11.079999923706055,11.270000457763672,11.050000190734863,11.270000457763672,914000
2025-04-25,11.300000190734863,11.329999923706055,11.09000015258789,11.119999885559082,1590000
2025-04-28,11.130000114440918,11.300000190734863,11.109999656677246,11.300000190734863,633000
2025-04-29,11.079999923706055,11.140000343322754,11.010000228881836,11.140000343322754,949000
2025-04-30,11.109999656677246,11.170000076293945,10.949999809265137,10.949999809265137,1236000
2025-05-02,11.029999732971191,11.170000076293945,10.979999542236328,11.15999984741211,1374000
2025-05-05,10.550000190734863,11.140000343322754,10.520000457763672,10.949999809265137,1362000
2025-05-06,10.84000015258789,10.84000015258789,10.550000190734863,10.550000190734863,833000
2025-05-07,10.899999618530273,11.149999618530273,10.899999618530273,11.0,1441000
2025-05-08,11.229999542236328,11.260000228881836,10.949999809265137,10.979999542236328,1600000
2025-05-09,11.069999694824219,11.279999732971191,11.010000228881836,11.239999771118164,1701000
2025-05-12,11.270000457763672,11.300000190734863,11.15999984741211,11.15999984741211,1243000
2025-05-13,11.479999542236328,11.619999885559082,11.470000267028809,11.600000381469727,3023000
2025-05-14,11.4399995803833,11.630000114440918,11.369999885559082,11.470000267028809,3083000
2025-05-15,11.180000305175781,11.550000190734863,11.170000076293945,11.529999732971191,3084000
2025-05-16,11.149999618530273,11.1899995803833,11.09000015258789,11.119999885559082,1655000
2025-05-19,11.020000457763672,11.149999618530273,10.989999771118164,11.149999618530273,1372000
2025-05-20,11.09000015258789,11.130000114440918,10.979999542236328,11.050000190734863,378000
2025-05-21,11.0600004196167,11.149999618530273,10.979999542236328,11.149999618530273,872000
2025-05-22,10.970000267028809,11.010000228881836,10.970000267028809,11.010000228881836,652000
2025-05-23,10.920000076293945,10.989999771118164,10.899999618530273,10.979999542236328,691000
2025-05-26,10.630000114440918,10.819999694824219,10.630000114440918,10.800000190734863,2148000
2025-05-27,10.550000190734863,10.789999961853027,10.550000190734863,10.760000228881836,911000
2025-05-28,10.630000114440918,10.670000076293945,10.520000457763672,10.65999984741211,1620000
2025-05-29,10.899999618530273,10.960000038146973,10.65999984741211,10.699999809265137,1487000
2025-06-02,10.649999618530273,10.890000343322754,10.619999885559082,10.890000343322754,1633000
2025-06-03,10.75,10.8100004196167,10.699999809265137,10.8100004196167,865000
2025-06-04,11.0,11.020000457763672,10.739999771118164,10.739999771118164,1591000
2025-06-05,11.229999542236328,11.239999771118164,10.989999771118164,11.029999732971191,2270000
2025-06-06,11.329999923706055,11.390000343322754,11.260000228881836,11.289999961853027,1165000
2025-06-09,11.460000038146973,11.5600004196167,11.359999656677246,11.369999885559082,2010000
2025-06-10,11.270000457763672,11.569999694824219,11.270000457763672,11.5,1675000
2025-06-11,11.380000114440918,11.5,11.329999923706055,11.359999656677246,1160000
2025-06-12,11.489999771118164,11.539999961853027,11.289999961853027,11.34000015258789,2171000
2025-06-13,11.279999732971191,11.4399995803833,11.260000228881836,11.380000114440918,1541000
2025-06-16,11.449999809265137,11.5600004196167,11.260000228881836,11.279999732971191,1658000
2025-06-17,11.420000076293945,11.510000228881836,11.40999984741211,11.5,616000
2025-06-18,11.609999656677246,11.609999656677246,11.390000343322754,11.479999542236328,1929000
2025-06-19,11.640000343322754,11.779999732971191,11.630000114440918,11.65999984741211,1777000
2025-06-20,11.510000228881836,11.649999618530273,11.449999809265137,11.640000343322754,1726000
2025-06-23,11.479999542236328,11.59000015258789,11.430000305175781,11.510000228881836,1096000
2025-06-24,11.609999656677246,11.680000305175781,11.5600004196167,11.5600004196167,928000
2025-06-25,11.649999618530273,11.729999542236328,11.630000114440918,11.720000267028809,586000
2025-06-26,11.770000457763672,11.90999984741211,11.699999809265137,11.770000457763672,1974000
2025-06-27,11.899999618530273,11.949999809265137,11.609999656677246,11.729999542236328,3300000
2025-06-30,12.100000381469727,12.149999618530273,11.899999618530273,11.949999809265137,2020000
2025-07-01,12.210000038146973,12.270000457763672,12.140000343322754,12.199999809265137,1806000
2025-07-02,11.949999809265137,12.220000267028809,11.9399995803833,12.210000038146973,1121000
2025-07-03,12.119999885559082,12.119999885559082,11.829999923706055,11.949999809265137,1226000
2025-07-04,12.260000228881836,12.260000228881836,12.140000343322754,12.140000343322754,1424000
2025-07-07,12.050000190734863,12.220000267028809,11.930000305175781,12.220000267028809,922000
2025-07-08,12.460000038146973,12.470000267028809,12.050000190734863,12.050000190734863,2258000
2025-07-09,12.600000381469727,12.680000305175781,12.489999771118164,12.489999771118164,1116000
2025-07-10,12.619999885559082,12.710000038146973,12.510000228881836,12.600000381469727,856000
2025-07-11,12.619999885559082,12.699999809265137,12.569999694824219,12.649999618530273,833000
2025-07-14,12.670000076293945,12.699999809265137,12.550000190734863,12.569999694824219,1305000
2025-07-15,13.260000228881836,13.3100004196167,12.6899995803833,12.6899995803833,5752000
2025-07-16,13.449999809265137,13.640000343322754,13.319999694824219,13.319999694824219,2353000
2025-07-17,13.850000381469727,13.890000343322754,13.300000190734863,13.399999618530273,2683000
2025-07-18,13.869999885559082,14.1899995803833,13.869999885559082,13.899999618530273,4491000
2025-07-21,13.770000457763672,13.9399995803833,13.670000076293945,13.869999885559082,1512000
2025-07-22,13.850000381469727,14.109999656677246,13.819999694824219,13.829999923706055,2084000
2025-07-23,13.75,13.90999984741211,13.649999618530273,13.859999656677246,1186000
2025-07-24,13.710000038146973,13.8100004196167,13.649999618530273,13.779999732971191,752000
2025-07-25,13.859999656677246,13.920000076293945,13.819999694824219,13.819999694824219,1251000
2025-07-28,14.109999656677246,14.109999656677246,13.899999618530273,13.9399995803833,2584000
2025-07-29,14.510000228881836,14.539999961853027,14.119999885559082,14.130000114440918,9475000
2025-07-30,14.710000038146973,14.75,14.539999961853027,14.65999984741211,4823000
2025-07-31,14.989999771118164,15.239999771118164,14.6899995803833,14.699999809265137,19442000
2025-08-01,14.520000457763672,15.050000190734863,14.520000457763672,14.8100004196167,3131000
2025-08-04,14.449999809265137,14.569999694824219,14.34000015258789,14.5,4217000
2025-08-05,14.619999885559082,14.720000267028809,14.449999809265137,14.539999961853027,2304000
2025-08-06,14.670000076293945,14.770000457763672,14.569999694824219,14.619999885559082,1897000
2025-08-07,14.649999618530273,15.039999961853027,14.470000267028809,14.75,3139000
2025-08-08,14.680000305175781,14.770000457763672,14.569999694824219,14.729999542236328,804000
2025-08-11,14.979999542236328,15.039999961853027,14.600000381469727,14.680000305175781,4496000
2025-08-12,15.270000457763672,15.3100004196167,14.970000267028809,14.979999542236328,10263000
2025-08-13,16.170000076293945,16.270000457763672,15.40999984741211,15.40999984741211,16522000
2025-08-14,15.970000267028809,16.399999618530273,15.970000267028809,16.260000228881836,7793000
2025-08-15,16.110000610351562,16.219999313354492,15.899999618530273,15.899999618530273,5208000
2025-08-18,16.760000228881836,16.90999984741211,16.020000457763672,16.110000610351562,9761000
2025-08-19,17.030000686645508,17.200000762939453,16.760000228881836,16.799999237060547,7960000
2025-08-20,17.09000015258789,17.260000228881836,16.649999618530273,16.989999771118164,9327000
2025-08-21,17.670000076293945,17.790000915527344,17.239999771118164,17.3700008392334,9356000
2025-08-22,18.219999313354492,18.239999771118164,17.6200008392334,17.670000076293945,14300000
2025-08-25,18.75,19.18000030517578,18.440000534057617,18.479999542236328,12922000
2025-08-26,19.350000381469727,19.350000381469727,18.940000534057617,18.950000762939453,10505000
2025-08-27,20.239999771118164,20.270000457763672,19.15999984741211,19.200000762939453,16952000
2025-08-28,20.0,20.59000015258789,19.579999923706055,19.729999542236328,19152000
2025-08-29,20.969999313354492,21.270000457763672,20.559999465942383,20.799999237060547,15399000
2025-09-01,22.079999923706055,22.079999923706055,21.209999084472656,21.229999542236328,22682000
2025-09-02,20.760000228881836,22.81999969482422,20.729999542236328,22.299999237060547,36249000
2025-09-03,20.940000534057617,21.280000686645508,20.610000610351562,21.170000076293945,17058000
2025-09-04,19.84000015258789,21.670000076293945,19.56999969482422,21.25,22844000
2025-09-05,20.110000610351562,20.299999237060547,19.399999618530273,19.780000686645508,12323000
2025-09-08,20.0,20.780000686645508,19.700000762939453,20.780000686645508,14378000
2025-09-09,19.729999542236328,20.209999084472656,19.700000762939453,20.170000076293945,11138000
2025-09-10,20.389999389648438,20.43000030517578,19.709999084472656,19.75,10083000
2025-09-11,21.93000030517578,21.979999542236328,20.209999084472656,20.3700008392334,20553000
2025-09-12,22.110000610351562,22.440000534057617,21.829999923706055,22.239999771118164,17704000
2025-09-15,21.799999237060547,22.149999618530273,21.639999389648438,21.950000762939453,12635000
2025-09-16,21.489999771118164,22.09000015258789,21.399999618530273,21.899999618530273,8313000
2025-09-17,21.799999237060547,21.940000534057617,21.350000381469727,21.780000686645508,9666000
2025-09-18,22.3700008392334,22.6200008392334,21.700000762939453,21.90999984741211,18367000
2025-09-19,22.399999618530273,22.739999771118164,22.149999618530273,22.280000686645508,8866000
2025-09-22,23.139999389648438,23.139999389648438,22.309999465942383,22.440000534057617,12075000
2025-09-23,22.760000228881836,23.950000762939453,22.6299991607666,23.200000762939453,16454000
2025-09-24,23.06999969482422,23.309999465942383,22.719999313354492,23.209999084472656,11440000
2025-09-25,23.979999542236328,24.049999237060547,23.1299991607666,23.309999465942383,13809000
2025-09-26,23.579999923706055,24.200000762939453,23.31999969482422,24.200000762939453,11734000
2025-09-30,23.559999465942383,24.079999923706055,23.31999969482422,23.8799991607666,10371000
2025-10-01,23.309999465942383,23.450000762939453,23.309999465942383,23.420000076293945,2913000
2025-10-02,23.559999465942383,23.6200008392334,23.309999465942383,23.309999465942383,3835000
2025-10-03,23.350000381469727,23.649999618530273,23.31999969482422,23.649999618530273,2968000
2025-10-07,23.290000915527344,23.489999771118164,23.280000686645508,23.440000534057617,4959000
2025-10-08,23.139999389648438,23.34000015258789,23.030000686645508,23.299999237060547,2712000
2025-10-09,23.690000534057617,23.920000076293945,23.219999313354492,23.219999313354492,9518000
2025-10-13,22.1299991607666,22.700000762939453,21.899999618530273,22.700000762939453,13863000
2025-10-14,21.700000762939453,22.799999237060547,21.489999771118164,22.43000030517578,11340000
2025-10-15,21.5,21.6299991607666,21.020000457763672,21.420000076293945,7075000
2025-10-16,22.0,22.34000015258789,21.65999984741211,21.709999084472656,5569000
2025-10-17,21.549999237060547,22.010000228881836,21.299999237060547,22.0,7458000
2025-10-20,21.690000534057617,22.25,21.360000610351562,21.360000610351562,6765000
2025-10-21,23.040000915527344,23.110000610351562,21.8700008392334,21.940000534057617,9569000
2025-10-22,23.020000457763672,23.239999771118164,22.770000457763672,23.030000686645508,4795000
2025-10-23,22.399999618530273,22.950000762939453,22.290000915527344,22.790000915527344,5269000
2025-10-27,24.59000015258789,24.649999618530273,23.469999313354492,23.469999313354492,23645000
2025-10-28,24.940000534057617,25.440000534057617,24.68000030517578,24.899999618530273,12454000
2025-10-29,25.0,25.600000381469727,24.84000015258789,24.989999771118164,10742000
2025-10-30,24.809999465942383,25.489999771118164,24.649999618530273,25.389999389648438,8462000
2025-10-31,23.649999618530273,24.770000457763672,23.56999969482422,24.65999984741211,12157000
2025-11-03,23.6299991607666,23.68000030517578,23.170000076293945,23.6200008392334,7388000
2025-11-04,23.399999618530273,24.010000228881836,23.389999389648438,23.799999237060547,5180000
2025-11-05,23.09000015258789,23.170000076293945,22.65999984741211,23.010000228881836,6684000
2025-11-06,23.8799991607666,23.8799991607666,23.34000015258789,23.389999389648438,8041000
2025-11-07,23.719999313354492,23.8799991607666,23.389999389648438,23.770000457763672,5058000
2025-11-10,23.049999237060547,23.780000686645508,22.81999969482422,23.68000030517578,7785000
2025-11-11,22.760000228881836,23.40999984741211,22.700000762939453,23.309999465942383,4891000
2025-11-12,22.43000030517578,22.920000076293945,22.399999618530273,22.760000228881836,8817000
2025-11-13,22.799999237060547,22.84000015258789,22.540000915527344,22.780000686645508,3523000
2025-11-14,22.270000457763672,22.709999084472656,22.219999313354492,22.670000076293945,5715000
2025-11-17,22.020000457763672,22.459999084472656,21.790000915527344,22.040000915527344,3972000
2025-11-18,22.139999389648438,22.530000686645508,21.920000076293945,22.1200008392334,5702000
2025-11-19,22.15999984741211,22.59000015258789,22.079999923706055,22.079999923706055,3259000
2025-11-20,22.399999618530273,22.93000030517578,22.329999923706055,22.43000030517578,6454000
2025-11-21,21.510000228881836,22.270000457763672,21.309999465942383,22.030000686645508,8433000
2025-11-24,20.950000762939453,21.559999465942383,20.809999465942383,21.440000534057617,5532000
2025-11-25,21.920000076293945,22.229999542236328,21.229999542236328,21.229999542236328,7770000
2025-11-26,23.170000076293945,23.280000686645508,21.889999389648438,22.030000686645508,12494000
2025-11-27,23.15999984741211,23.690000534057617,22.719999313354492,23.0,8631000
2025-11-28,22.969999313354492,23.270000457763672,22.8700008392334,23.079999923706055,5562000
2025-12-01,23.600000381469727,23.75,22.899999618530273,23.079999923706055,8236000
2025-12-02,23.6299991607666,23.969999313354492,23.6200008392334,23.68000030517578,4215000
2025-12-03,23.729999542236328,24.149999618530273,23.610000610351562,23.719999313354492,4835000
2025-12-04,23.450000762939453,23.649999618530273,23.100000381469727,23.600000381469727,5210000
2025-12-05,23.719999313354492,23.809999465942383,23.3799991607666,23.549999237060547,3818000
2025-12-08,24.690000534057617,24.729999542236328,23.75,23.81999969482422,11119000
2025-12-09,25.06999969482422,25.450000762939453,24.709999084472656,24.719999313354492,13689000
2025-12-10,24.90999984741211,25.329999923706055,24.639999389648438,25.15999984741211,5380000
2025-12-11,25.030000686645508,25.510000228881836,24.969999313354492,25.309999465942383,9116000
2025-12-12,24.920000076293945,25.1299991607666,24.420000076293945,25.010000228881836,8826000
2025-12-15,24.3799991607666,24.760000228881836,24.3799991607666,24.729999542236328,6670000
2025-12-16,23.829999923706055,24.459999084472656,23.829999923706055,24.3799991607666,4392000
2025-12-17,24.68000030517578,24.739999771118164,23.8700008392334,23.8700008392334,4768000
2025-12-18,24.90999984741211,25.200000762939453,24.690000534057617,25.010000228881836,4503000
2025-12-19,24.989999771118164,25.239999771118164,24.799999237060547,24.90999984741211,4724000
2025-12-22,25.690000534057617,25.700000762939453,24.989999771118164,24.989999771118164,6025000
2025-12-23,25.760000228881836,25.969999313354492,25.68000030517578,25.8799991607666,3934000
2025-12-24,26.049999237060547,26.049999237060547,25.65999984741211,25.959999084472656,5952000
2025-12-26,26.280000686645508,26.479999542236328,26.1200008392334,26.25,5577000
2025-12-29,26.3799991607666,26.65999984741211,26.229999542236328,26.329999923706055,4972000
2025-12-30,26.350000381469727,26.68000030517578,26.1200008392334,26.399999618530273,3401000
2025-12-31,26.079999923706055,26.530000686645508,25.90999984741211,26.350000381469727,4389000
2026-01-02,26.459999084472656,26.459999084472656,26.059999465942383,26.100000381469727,3586000
2026-01-05,26.510000228881836,26.889999389648438,26.5,26.68000030517578,4502000
2026-01-06,26.68000030517578,26.989999771118164,26.43000030517578,26.84000015258789,4725000
2026-01-07,26.709999084472656,27.059999465942383,26.6200008392334,26.739999771118164,3934000
2026-01-08,26.700000762939453,26.860000610351562,26.520000457763672,26.700000762939453,3036000
2026-01-09,26.649999618530273,26.829999923706055,26.1200008392334,26.799999237060547,3478000
2026-01-12,26.989999771118164,27.0,26.40999984741211,26.799999237060547,7464000
2026-01-13,26.649999618530273,27.399999618530273,26.59000015258789,27.139999389648438,5691000
2026-01-14,26.709999084472656,26.81999969482422,26.420000076293945,26.510000228881836,3679000
2026-01-15,26.450000762939453,26.729999542236328,26.290000915527344,26.5,4486000
2026-01-16,27.350000381469727,27.56999969482422,26.899999618530273,26.899999618530273,7088000
2026-01-19,27.299999237060547,27.440000534057617,27.1200008392334,27.399999618530273,3832000
2026-01-20,26.530000686645508,27.299999237060547,26.459999084472656,27.299999237060547,5362000
2026-01-21,26.959999084472656,27.0,26.420000076293945,26.5,3372000
2026-01-22,27.209999084472656,27.360000610351562,26.93000030517578,27.360000610351562,4881000
2026-01-23,27.0,27.469999313354492,26.989999771118164,27.309999465942383,3311000
2026-01-26,26.81999969482422,27.18000030517578,26.65999984741211,27.18000030517578,2312000
2026-01-27,27.329999923706055,27.540000915527344,26.65999984741211,26.860000610351562,4519000
2026-01-28,27.309999465942383,27.600000381469727,27.200000762939453,27.360000610351562,4861000
2026-01-29,27.049999237060547,27.420000076293945,27.0,27.360000610351562,3358000
2026-01-30,27.40999984741211,27.43000030517578,26.40999984741211,26.950000762939453,5724000
2026-02-02,27.020000457763672,27.739999771118164,26.969999313354492,27.3799991607666,4464000
2026-02-03,26.920000076293945,27.479999542236328,26.6299991607666,27.020000457763672,5665000
2026-02-04,26.239999771118164,27.25,26.18000030517578,27.200000762939453,6385000
2026-02-05,26.0,26.5,26.0,26.239999771118164,4277000
2026-02-06,26.1200008392334,26.399999618530273,25.600000381469727,26.059999465942383,2669000
2026-02-09,27.059999465942383,27.15999984741211,26.350000381469727,26.350000381469727,4802000
2026-02-10,27.190000534057617,27.420000076293945,27.09000015258789,27.139999389648438,2401000
2026-02-11,26.729999542236328,27.25,26.719999313354492,27.09000015258789,2932000
2026-02-23,27.149999618530273,27.290000915527344,26.920000076293945,26.920000076293945,2452000
2026-02-24,27.59000015258789,27.84000015258789,27.170000076293945,27.209999084472656,4423000
2026-02-25,27.600000381469727,27.690000534057617,27.31999969482422,27.600000381469727,2824000
2026-02-26,28.579999923706055,28.579999923706055,27.649999618530273,27.649999618530273,4289000
2026-03-02,28.399999618530273,28.440000534057617,27.799999237060547,27.809999465942383,3013000
2026-03-03,27.889999389648438,28.700000762939453,27.799999237060547,28.350000381469727,4481000
2026-03-04,27.09000015258789,27.579999923706055,26.950000762939453,27.389999389648438,7093000
2026-03-05,28.1200008392334,28.450000762939453,27.479999542236328,27.489999771118164,5261000
2026-03-06,27.829999923706055,28.110000610351562,27.43000030517578,28.110000610351562,2713000
2026-03-09,26.610000610351562,27.5,26.15999984741211,27.0,4217000
2026-03-10,28.209999084472656,28.239999771118164,27.260000228881836,27.260000228881836,5420000
2026-03-11,28.700000762939453,29.040000915527344,28.309999465942383,28.309999465942383,3866000
2026-03-12,28.200000762939453,29.190000534057617,28.200000762939453,28.65999984741211,3543000
2026-03-13,28.579999923706055,28.760000228881836,28.299999237060547,28.299999237060547,3702000
2026-03-16,28.690000534057617,28.700000762939453,28.040000915527344,28.6200008392334,2099000
2026-03-17,28.290000915527344,28.90999984741211,28.260000228881836,28.790000915527344,3491000
2026-03-18,28.110000610351562,28.299999237060547,27.8799991607666,27.979999542236328,2430969
