Price,Close,High,Low,Open,Volume
Ticker,00890B.TWO,00890B.TWO,00890B.TWO,00890B.TWO,00890B.TWO
Date,,,,,
2021-05-03,31.85068130493164,31.850681304931637,31.850681304931637,31.850681304931637,0
2021-05-04,31.84519386291504,31.84519386291504,31.84519386291504,31.84519386291504,0
2021-05-05,31.923784255981445,31.923784255981445,31.923784255981445,31.923784255981445,0
2021-05-06,32.01176071166992,32.01176071166992,32.01176071166992,32.01176071166992,0
2021-05-07,31.890731811523438,31.890731811523438,31.890731811523438,31.890731811523438,0
2021-05-10,31.500404357910156,31.500404357910156,31.500404357910156,31.500404357910156,0
2021-05-11,31.588478088378906,31.652182051170602,31.47699919106557,31.47699919106557,107000
2021-05-12,31.580501556396484,31.580501556396484,31.43717074601761,31.43717074601761,104000
2021-05-13,31.31773567199707,31.31773567199707,31.31773567199707,31.31773567199707,100000
2021-05-14,31.341623306274414,31.341623306274414,31.31773584626956,31.31773584626956,102000
2021-05-17,31.787532806396484,31.787532806396484,31.787532806396484,31.787532806396484,100000
2021-05-18,31.660140991210938,31.660140991210938,31.660140991210938,31.660140991210938,100000
2021-05-19,31.4610595703125,31.4610595703125,31.4610595703125,31.4610595703125,100000
2021-05-20,31.437171936035156,31.437171936035156,31.437171936035156,31.437171936035156,100000
2021-05-21,31.6680908203125,31.6680908203125,31.6680908203125,31.6680908203125,100000
2021-05-24,31.771617889404297,31.771617889404297,31.771617889404297,31.771617889404297,100000
2021-05-25,31.81938934326172,31.81938934326172,31.81938934326172,31.81938934326172,100000
2021-05-26,31.914941787719727,31.914941787719723,31.859199326910176,31.859199326910176,106000
2021-05-27,31.87513542175293,31.87513542175293,31.87513542175293,31.87513542175293,100000
2021-05-28,31.71587371826172,31.715873718261722,31.715873718261722,31.715873718261722,100000
2021-05-31,31.73179817199707,31.73179817199707,31.73179817199707,31.73179817199707,100000
2021-06-01,31.644214630126953,31.644214630126953,31.644214630126953,31.644214630126953,100000
2021-06-02,31.65216636657715,31.65216636657715,31.6442048939594,31.6442048939594,101000
2021-06-03,31.755693435668945,31.755693435668945,31.755693435668945,31.755693435668945,100000
2021-06-04,31.660140991210938,31.660140991210938,31.660140991210938,31.660140991210938,100000
2021-06-07,31.986608505249023,31.986608505249023,31.891055629216947,31.891055629216947,101000
2021-06-08,31.962726593017578,31.962726593017578,31.93087461628834,31.93087461628834,101000
2021-06-09,32.0821533203125,32.17770616328891,32.0821533203125,32.17770616328891,101000
2021-06-10,32.392704010009766,32.392704010009766,32.392704010009766,32.392704010009766,100000
2021-06-11,32.567901611328125,32.567901611328125,32.567901611328125,32.567901611328125,100000
2021-06-15,32.23344802856445,32.23344802856445,32.23344802856445,32.23344802856445,100000
2021-06-16,32.35289764404297,32.35289764404297,32.24938026427974,32.24938026427974,101000
2021-06-17,32.424556732177734,32.424556732177734,32.24937397559643,32.24937397559643,103000
2021-06-18,32.83066940307617,32.93418679664213,32.83066940307617,32.93418679664213,101000
2021-06-21,33.921573638916016,33.921573638916016,33.61102449598287,33.61102449598287,109000
2021-06-22,33.08547592163086,33.08547592163086,33.08547592163086,33.08547592163086,100000
2021-06-23,33.2128791809082,33.2128791809082,33.2128791809082,33.2128791809082,100000
2021-06-24,33.02973556518555,33.12528843480944,33.02973556518555,33.04566154971802,102000
2021-06-25,33.02973556518555,33.02973556518555,33.02973556518555,33.02973556518555,100000
2021-06-28,32.91825485229492,32.91825485229492,32.86251542836408,32.86251542836408,103000
2021-06-29,33.196956634521484,33.196956634521484,33.196956634521484,33.196956634521484,100000
2021-06-30,33.2447395324707,33.2447395324707,33.2447395324707,33.2447395324707,100000
2021-07-01,33.18899154663086,33.18899154663086,33.18899154663086,33.18899154663086,100000
2021-07-02,33.467689514160156,33.467689514160156,33.467689514160156,33.467689514160156,100000
2021-07-05,33.467689514160156,33.467689514160156,33.467689514160156,33.467689514160156,100000
2021-07-06,33.42787170410156,33.42787170410156,33.411945721647115,33.411945721647115,104000
2021-07-07,33.85787582397461,33.85787582397461,33.85787582397461,33.85787582397461,100000
2021-07-08,34.033050537109375,34.033050537109375,33.921568647971895,33.921568647971895,102000
2021-07-09,33.84989547729492,33.84989547729492,33.84989547729492,33.84989547729492,100000
2021-07-12,33.650840759277344,33.650840759277344,33.650840759277344,33.650840759277344,100000
2021-07-13,33.45973205566406,33.587136909662995,33.45973205566406,33.587136909662995,105000
2021-07-14,33.483619689941406,33.483619689941406,33.483619689941406,33.483619689941406,100000
2021-07-15,33.88971710205078,33.88971710205078,33.88971710205078,33.88971710205078,100000
2021-07-16,33.897682189941406,33.897682189941406,33.897682189941406,33.897682189941406,100000
2021-07-19,34.0808219909668,34.0808219909668,34.0808219909668,34.0808219909668,100000
2021-07-20,34.3197021484375,34.3197021484375,34.3197021484375,34.3197021484375,100000
2021-07-21,34.12860107421875,34.12860107421875,34.12860107421875,34.12860107421875,100000
2021-07-22,33.91360855102539,33.91360855102539,33.91360855102539,33.91360855102539,100000
2021-07-23,34.12860107421875,34.12860107421875,34.12860107421875,34.12860107421875,100000
2021-07-26,34.23210906982422,34.23210906982422,34.16044368439967,34.16044368439967,101000
2021-07-27,34.001197814941406,34.001197814941406,34.001197814941406,34.001197814941406,100000
2021-07-28,34.208229064941406,34.208229064941406,34.208229064941406,34.208229064941406,100000
2021-07-29,34.327667236328125,34.327667236328125,34.327667236328125,34.327667236328125,100000
2021-07-30,34.208229064941406,34.208229064941406,34.208229064941406,34.208229064941406,100000
2021-08-02,34.23210906982422,34.23210906982422,34.23210906982422,34.23210906982422,100000
2021-08-03,34.335628509521484,34.335628509521484,34.335628509521484,34.335628509521484,100000
2021-08-04,34.20026397705078,34.20026397705078,34.20026397705078,34.20026397705078,100000
2021-08-05,34.120635986328125,34.120635986328125,34.120635986328125,34.120635986328125,100000
2021-08-06,33.953426361083984,33.953426361083984,33.88176093901268,33.88176093901268,101000
2021-08-09,33.52341842651367,33.52341842651367,33.52341842651367,33.52341842651367,100000
2021-08-10,33.403987884521484,33.403987884521484,33.403987884521484,33.403987884521484,100000
2021-08-11,33.20491409301758,33.20491409301758,33.20491409301758,33.20491409301758,100000
2021-08-12,33.284542083740234,33.284542083740234,33.20491520620569,33.20491520620569,101000
2021-08-13,33.403987884521484,33.403987884521484,33.403987884521484,33.403987884521484,100000
2021-08-16,33.9056396484375,33.9056396484375,33.9056396484375,33.9056396484375,100000
2021-08-17,33.826019287109375,33.826019287109375,33.826019287109375,33.826019287109375,100000
2021-08-18,33.68267822265625,33.68267822265625,33.68267822265625,33.68267822265625,100000
2021-08-19,33.897682189941406,33.897682189941406,33.897682189941406,33.897682189941406,100000
2021-08-20,34.05693054199219,34.05693054199219,34.05693054199219,34.05693054199219,100000
2021-08-23,33.961387634277344,33.961387634277344,33.961387634277344,33.961387634277344,100000
2021-08-24,33.97731018066406,33.97731018066406,33.97731018066406,33.97731018066406,100000
2021-08-25,33.85787582397461,33.85787582397461,33.85787582397461,33.85787582397461,100000
2021-08-26,33.75434875488281,33.75434875488281,33.75434875488281,33.75434875488281,100000
2021-08-27,33.81008529663086,33.81008529663086,33.81008529663086,33.81008529663086,100000
2021-08-30,33.921573638916016,33.921573638916016,33.921573638916016,33.921573638916016,100000
2021-08-31,33.99323654174805,33.99323654174805,33.881757682035875,33.881757682035875,101000
2021-09-01,33.64287185668945,33.64287185668945,33.64287185668945,33.64287185668945,100000
2021-09-02,33.6986083984375,33.6986083984375,33.6986083984375,33.6986083984375,100000
2021-09-03,33.84194564819336,33.84194564819336,33.84194564819336,33.84194564819336,100000
2021-09-06,33.467689514160156,33.467689514160156,33.467689514160156,33.467689514160156,100000
2021-09-07,33.42787170410156,33.42787170410156,33.42787170410156,33.42787170410156,100000
2021-09-08,33.403987884521484,33.403987884521484,33.403987884521484,33.403987884521484,100000
2021-09-09,33.53138732910156,33.53138732910156,33.45175742096661,33.45175742096661,101000
2021-09-10,33.826019287109375,33.826019287109375,33.826019287109375,33.826019287109375,100000
2021-09-13,33.76231002807617,33.76231002807617,33.76231002807617,33.76231002807617,100000
2021-09-14,33.88175582885742,33.88175582885742,33.88175582885742,33.88175582885742,100000
2021-09-15,34.10472106933594,34.10472106933594,34.10472106933594,34.10472106933594,100000
2021-09-16,34.09675598144531,34.09675598144531,34.09675598144531,34.09675598144531,100000
2021-09-17,34.001197814941406,34.001197814941406,34.001197814941406,34.001197814941406,100000
2021-09-22,33.96934509277344,33.96934509277344,33.81805280630096,33.81805280630096,101000
2021-09-23,34.478965759277344,34.478965759277344,34.478965759277344,34.478965759277344,100000
2021-09-24,33.64287185668945,33.64287185668945,33.64287185668945,33.64287185668945,100000
2021-09-27,33.66676330566406,33.66676330566406,33.66676330566406,33.66676330566406,100000
2021-09-28,33.53935623168945,33.53935623168945,33.53935623168945,33.53935623168945,110000
2021-09-29,33.11732864379883,33.11732864379883,33.069550687774125,33.069550687774125,101000
2021-09-30,33.403987884521484,33.403987884521484,33.403987884521484,33.403987884521484,100000
2021-10-01,33.29250717163086,33.29250717163086,33.29250717163086,33.29250717163086,100000
2021-10-04,33.36417770385742,33.36417770385742,33.36417770385742,33.36417770385742,100000
2021-10-05,33.26862716674805,33.26862716674805,33.26862716674805,33.26862716674805,100000
2021-10-06,32.989925384521484,32.989925384521484,32.989925384521484,32.989925384521484,100000
2021-10-07,33.08547592163086,33.08547592163086,33.08547592163086,33.08547592163086,100000
2021-10-08,32.9739875793457,32.9739875793457,32.9739875793457,32.9739875793457,100000
2021-10-12,32.838626861572266,32.838626861572266,32.838626861572266,32.838626861572266,100000
2021-10-13,33.25269317626953,33.25269317626953,33.25269317626953,33.25269317626953,100000
2021-10-14,33.41194534301758,33.41194534301758,33.41194534301758,33.41194534301758,100000
2021-10-15,33.58713150024414,33.58713150024414,33.58713150024414,33.58713150024414,100000
2021-10-18,33.372135162353516,33.372135162353516,33.372135162353516,33.372135162353516,100000
2021-10-19,33.50749588012695,33.50749588012695,33.50749588012695,33.50749588012695,100000
2021-10-20,32.98195266723633,32.98195266723633,32.98195266723633,32.98195266723633,100000
2021-10-21,32.75102615356445,32.75102615356445,32.75102615356445,32.75102615356445,100000
2021-10-22,32.80677795410156,32.80677795410156,32.80677795410156,32.80677795410156,100000
2021-10-25,33.11732864379883,33.11732864379883,33.11732864379883,33.11732864379883,100000
2021-10-26,32.98195266723633,32.98195266723633,32.98195266723633,32.98195266723633,100000
2021-10-27,33.2447395324707,33.2447395324707,33.2447395324707,33.2447395324707,100000
2021-10-28,33.63491439819336,33.63491439819336,33.63491439819336,33.63491439819336,100000
2021-10-29,33.45973205566406,33.49158402855663,33.45973205566406,33.49158402855663,103000
2021-11-01,33.57120895385742,33.57120895385742,33.57120895385742,33.57120895385742,100000
2021-11-02,33.45973205566406,33.45973205566406,33.45973205566406,33.45973205566406,100000
2021-11-03,33.64287185668945,33.64287185668945,33.64287185668945,33.64287185668945,100000
2021-11-04,33.26862716674805,33.26862716674805,33.26862716674805,33.26862716674805,100000
2021-11-05,33.76231002807617,33.76231002807617,33.76231002807617,33.76231002807617,100000
2021-11-08,34.09675598144531,34.09675598144531,34.09675598144531,34.09675598144531,100000
2021-11-09,34.144527435302734,34.144527435302734,34.06489751904579,34.06489751904579,102000
2021-11-10,34.152488708496094,34.152488708496094,34.152488708496094,34.152488708496094,100000
2021-11-11,33.76231002807617,33.76231002807617,33.76231002807617,33.76231002807617,100000
2021-11-12,33.78620147705078,33.78620147705078,33.78620147705078,33.78620147705078,100000
2021-11-15,33.57917785644531,33.57917785644531,33.57917785644531,33.57917785644531,100000
2021-11-16,33.203941345214844,33.203941345214844,33.203941345214844,33.203941345214844,100000
2021-11-17,32.996368408203125,32.996368408203125,32.996368408203125,32.996368408203125,100000
2021-11-18,33.235870361328125,33.235870361328125,33.235870361328125,33.235870361328125,100000
2021-11-19,33.2518424987793,33.2518424987793,33.2518424987793,33.2518424987793,100000
2021-11-22,33.45143508911133,33.45143508911133,33.45143508911133,33.45143508911133,100000
2021-11-23,33.17200469970703,33.17200469970703,33.17200469970703,33.17200469970703,100000
2021-11-24,32.7728271484375,32.7728271484375,32.7728271484375,32.7728271484375,100000
2021-11-25,33.04426574707031,33.04426574707031,33.04426574707031,33.04426574707031,100000
2021-11-26,33.37158966064453,33.37158966064453,33.30772217202557,33.30772217202557,104000
2021-11-29,33.363609313964844,33.363609313964844,33.363609313964844,33.363609313964844,100000
2021-11-30,33.3476448059082,33.3476448059082,33.339659465169426,33.339659465169426,102000
2021-12-01,33.579166412353516,33.579166412353516,33.579166412353516,33.579166412353516,100000
2021-12-02,33.627071380615234,33.627071380615234,33.57118617657518,33.57118617657518,102000
2021-12-03,33.603118896484375,33.603118896484375,33.603118896484375,33.603118896484375,100000
2021-12-06,33.89052963256836,33.89052963256836,33.89052963256836,33.89052963256836,100000
2021-12-07,33.81867218017578,33.81867218017578,33.81867218017578,33.81867218017578,100000
2021-12-08,33.850608825683594,33.850608825683594,33.850608825683594,33.850608825683594,100000
2021-12-09,33.2518424987793,33.2518424987793,33.2518424987793,33.2518424987793,100000
2021-12-10,33.395545959472656,33.395545959472656,33.395545959472656,33.395545959472656,100000
2021-12-13,33.33966064453125,33.33966064453125,33.33966064453125,33.33966064453125,100000
2021-12-14,33.77876281738281,33.77876281738281,33.77876281738281,33.77876281738281,100000
2021-12-15,33.61109161376953,33.61109161376953,33.61109161376953,33.61109161376953,100000
2021-12-16,33.363609313964844,33.363609313964844,33.363609313964844,33.363609313964844,100000
2021-12-17,33.43547058105469,33.43547058105469,33.43547058105469,33.43547058105469,100000
2021-12-20,33.68295669555664,33.68295669555664,33.68295669555664,33.68295669555664,100000
2021-12-21,33.29175567626953,33.29175567626953,33.29175567626953,33.29175567626953,100000
2021-12-22,33.38755798339844,33.38755798339844,33.38755798339844,33.38755798339844,100000
2021-12-23,33.45941162109375,33.45941162109375,33.45941162109375,33.45941162109375,101000
2021-12-24,33.2119140625,33.2119140625,33.2119140625,33.2119140625,100000
2021-12-27,33.2119140625,33.2119140625,33.2119140625,33.2119140625,100000
2021-12-28,33.33168411254883,33.33168411254883,33.33168411254883,33.33168411254883,100000
2021-12-29,33.24385070800781,33.24385070800781,33.24385070800781,33.24385070800781,100000
2021-12-30,32.908538818359375,32.93248874469996,32.908538818359375,32.93248874469996,101000
2022-01-03,33.092166900634766,33.092166900634766,33.092166900634766,33.092166900634766,100000
2022-01-04,32.461463928222656,32.461463928222656,32.461463928222656,32.461463928222656,100000
2022-01-05,32.5173454284668,32.5173454284668,32.5173454284668,32.5173454284668,100000
2022-01-06,32.30178451538086,32.357669713342275,32.30178451538086,32.357669713342275,102000
2022-01-07,32.485408782958984,32.485408782958984,32.485408782958984,32.485408782958984,100000
2022-01-10,32.20597457885742,32.20597457885742,32.20597457885742,32.20597457885742,100000
2022-01-11,32.22992706298828,32.22992706298828,32.22992706298828,32.22992706298828,100000
2022-01-12,32.30178451538086,32.30178451538086,32.30178451538086,32.30178451538086,100000
2022-01-13,32.134124755859375,32.134124755859375,32.134124755859375,32.134124755859375,100000
2022-01-14,32.22992706298828,32.22992706298828,32.22992706298828,32.22992706298828,100000
2022-01-17,31.58325958251953,31.58325958251953,31.58325958251953,31.58325958251953,100000
2022-01-18,31.567298889160156,31.567298889160153,31.55133125098294,31.55133125098294,107000
2022-01-19,31.415607452392578,31.415607452392578,31.415607452392578,31.415607452392578,100000
2022-01-20,31.527368545532227,31.527368545532227,31.527368545532227,31.527368545532227,100000
2022-01-21,31.934545516967773,31.934545516967773,31.918577878747417,31.918577878747417,103000
2022-01-24,31.77486801147461,31.77486801147461,31.742932739223754,31.742932739223754,101000
2022-01-25,31.455520629882812,31.455520629882812,31.455520629882812,31.455520629882812,100000
2022-01-26,31.55929946899414,31.55929946899414,31.55929946899414,31.55929946899414,100000
2022-02-07,30.713041305541992,30.713041305541992,30.713041305541992,30.713041305541992,100000
2022-02-08,30.689090728759766,30.689090728759766,30.689090728759766,30.689090728759766,100000
2022-02-09,30.69707489013672,30.69707489013672,30.69707489013672,30.69707489013672,100000
2022-02-10,30.721017837524414,30.721017837524414,30.721017837524414,30.721017837524414,100000
2022-02-11,30.26595687866211,30.32184207395614,30.26595687866211,30.32184207395614,105000
2022-02-14,30.457569122314453,30.47353371245991,30.457569122314453,30.47353371245991,101000
2022-02-15,30.154186248779297,30.154186248779293,30.154186248779293,30.154186248779293,100000
2022-02-16,29.874755859375,29.874755859375,29.874755859375,29.874755859375,100000
2022-02-17,29.962581634521484,29.962581634521484,29.882746501517598,29.882746501517598,103000
2022-02-18,29.770977020263672,29.770977020263675,29.723074111666875,29.723074111666875,102000
2022-02-21,29.92266082763672,29.92266082763672,29.92266082763672,29.92266082763672,100000
2022-02-22,30.091907501220703,30.091907501220703,30.091907501220703,30.091907501220703,100000
2022-02-23,29.946840286254883,29.946840286254883,29.946840286254883,29.946840286254883,100000
2022-02-24,29.882366180419922,29.882366180419922,29.721187762421174,29.721187762421174,105000
2022-02-25,29.640600204467773,29.640600204467773,29.640600204467773,29.640600204467773,100000
2022-03-01,30.18054962158203,30.180549621582028,30.180549621582028,30.180549621582028,100000
2022-03-02,30.51902198791504,30.519021987915036,30.519021987915036,30.519021987915036,100000
2022-03-03,29.809831619262695,29.809831619262695,29.809831619262695,29.809831619262695,100000
2022-03-04,30.341726303100586,30.341726303100586,30.341726303100586,30.341726303100586,100000
2022-03-07,30.54320526123047,30.54320526123047,30.430378178502227,30.430378178502227,102000
2022-03-08,29.930721282958984,29.930721282958984,29.930721282958984,29.930721282958984,100000
2022-03-09,29.801776885986328,29.801776885986328,29.801776885986328,29.801776885986328,103000
2022-03-10,29.64866065979004,29.64866065979004,29.64866065979004,29.64866065979004,100000
2022-03-11,29.37466049194336,29.374660491943363,29.374660491943363,29.374660491943363,100000
2022-03-14,29.157068252563477,29.157068252563477,29.157068252563477,29.157068252563477,100000
2022-03-15,28.713829040527344,28.713829040527344,28.713829040527344,28.713829040527344,100000
2022-03-16,28.939483642578125,28.939483642578125,28.939483642578125,28.939483642578125,100000
2022-03-17,29.487483978271484,29.487483978271484,29.487483978271484,29.487483978271484,100000
2022-03-18,29.608367919921875,29.608367919921875,29.608367919921875,29.608367919921875,100000
2022-03-21,29.898483276367188,29.898483276367188,29.898483276367188,29.898483276367188,101000
2022-03-22,29.47942352294922,29.47942352294922,29.47942352294922,29.47942352294922,100000
2022-03-23,29.253768920898438,29.253768920898434,29.253768920898434,29.253768920898434,100000
2022-03-24,29.801776885986328,29.801776885986328,29.801776885986328,29.801776885986328,100000
2022-03-25,29.576129913330078,29.576129913330075,29.576129913330075,29.576129913330075,100000
2022-03-28,29.350481033325195,29.350481033325195,29.350481033325195,29.350481033325195,100000
2022-03-29,29.721193313598633,29.721193313598633,29.721193313598633,29.721193313598633,100000
2022-03-30,30.13218116760254,30.13218116760254,30.13218116760254,30.13218116760254,100000
2022-03-31,30.188615798950195,30.188615798950195,30.132203787611733,30.132203787611733,106000
2022-04-01,30.05967140197754,30.05967140197754,30.05967140197754,30.05967140197754,100000
2022-04-06,29.69700813293457,29.69700813293457,29.62447800066754,29.62447800066754,103000
2022-04-07,29.721193313598633,29.721193313598633,29.721193313598633,29.721193313598633,100000
2022-04-08,29.584184646606445,29.584184646606445,29.584184646606445,29.584184646606445,100000
2022-04-11,29.076480865478516,29.076480865478516,29.076480865478516,29.076480865478516,100000
2022-04-12,28.754125595092773,28.754125595092773,28.754125595092773,28.754125595092773,100000
2022-04-13,28.60906410217285,28.60906410217285,28.60906410217285,28.60906410217285,100000
2022-04-14,28.68160057067871,28.68160057067871,28.68160057067871,28.68160057067871,100000
2022-04-15,28.3834228515625,28.3834228515625,28.3834228515625,28.3834228515625,100000
2022-04-18,28.310884475708008,28.310884475708008,28.310884475708008,28.310884475708008,100000
2022-04-19,28.318941116333008,28.318941116333008,28.318941116333008,28.318941116333008,100000
2022-04-20,27.964353561401367,27.964353561401367,27.964353561401367,27.964353561401367,100000
2022-04-21,28.3834228515625,28.3834228515625,28.3834228515625,28.3834228515625,100000
2022-04-22,28.05299949645996,28.05299949645996,28.05299949645996,28.05299949645996,100000
2022-04-25,28.077173233032227,28.077173233032227,28.077173233032227,28.077173233032227,100000
2022-04-26,27.99658966064453,27.99658966064453,27.99658966064453,27.99658966064453,100000
2022-04-27,28.391475677490234,28.391475677490234,28.391475677490234,28.391475677490234,100000
2022-04-28,28.117460250854492,28.117460250854492,28.117460250854492,28.117460250854492,100000
2022-04-29,28.14970588684082,28.14970588684082,28.14970588684082,28.14970588684082,100000
2022-05-03,27.279340744018555,27.279340744018555,27.279340744018555,27.279340744018555,100000
2022-05-04,27.617816925048828,27.617816925048828,27.601698775835057,27.601698775835057,102000
2022-05-05,27.72258758544922,27.859587263324435,27.72258758544922,27.859587263324435,102000
2022-05-06,27.62588119506836,27.62588119506836,27.62588119506836,27.62588119506836,100000
2022-05-09,27.222930908203125,27.222930908203125,27.222930908203125,27.222930908203125,100000
2022-05-10,27.41634750366211,27.41634750366211,27.41634750366211,27.41634750366211,100000
2022-05-11,27.448585510253906,27.448585510253906,27.448585510253906,27.448585510253906,100000
2022-05-12,27.899879455566406,27.899879455566406,27.899879455566406,27.899879455566406,100000
2022-05-13,27.617816925048828,27.617816925048828,27.617816925048828,27.617816925048828,100000
2022-05-16,27.57752799987793,27.57752799987793,27.57752799987793,27.57752799987793,100000
2022-05-17,27.28740882873535,27.40829036431148,27.28740882873535,27.40829036431148,101000
2022-05-18,27.15703773498535,27.15703773498535,27.15703773498535,27.15703773498535,100000
2022-05-19,27.328147888183594,27.328147888183594,27.328147888183594,27.328147888183594,100000
2022-05-20,27.40147590637207,27.40147590637207,27.40147590637207,27.40147590637207,100000
2022-05-23,27.48296356201172,27.48296356201172,27.48296356201172,27.48296356201172,100000
2022-05-24,27.303699493408203,27.3036994934082,27.3036994934082,27.3036994934082,100000
2022-05-25,27.711095809936523,27.711095809936523,27.6948026926405,27.6948026926405,101000
2022-05-26,27.963680267333984,27.963680267333984,27.963680267333984,27.963680267333984,100000
2022-05-27,28.14293098449707,28.142930984497067,28.110338541672416,28.110338541672416,101000
2022-05-30,28.08590316772461,28.08590316772461,28.08590316772461,28.08590316772461,100000
2022-05-31,27.882205963134766,27.93924120097294,27.882205963134766,27.93924120097294,101000
2022-06-01,27.841459274291992,27.841459274291992,27.841459274291992,27.841459274291992,100000
2022-06-02,28.09404182434082,28.09404182434082,28.09404182434082,28.09404182434082,100000
2022-06-06,27.792573928833008,27.792573928833008,27.686650028751828,27.686650028751828,102000
2022-06-07,27.743680953979492,27.743680953979496,27.743680953979496,27.743680953979496,100000
2022-06-08,27.95553970336914,27.95553970336914,27.95553970336914,27.95553970336914,100000
2022-06-09,27.833314895629883,27.833314895629883,27.833314895629883,27.833314895629883,100000
2022-06-10,27.784427642822266,27.784427642822266,27.784427642822266,27.784427642822266,100000
2022-06-13,27.515544891357422,27.515544891357422,27.515544891357422,27.515544891357422,100000
2022-06-14,26.57853889465332,26.57853889465332,26.57853889465332,26.57853889465332,100000
2022-06-15,26.39927864074707,26.39927864074707,26.35853652858427,26.35853652858427,105000
2022-06-16,26.912599563598633,26.912599563598633,26.912599563598633,26.912599563598633,100000
2022-06-17,26.89630699157715,26.89630699157715,26.871864203986487,26.871864203986487,105000
2022-06-20,26.99407958984375,26.99407958984375,26.99407958984375,26.99407958984375,100000
2022-06-21,26.99407958984375,26.99407958984375,26.99407958984375,26.99407958984375,100000
2022-06-22,26.708900451660156,26.708900451660156,26.708900451660156,26.708900451660156,100000
2022-06-23,27.034818649291992,27.034818649291992,27.034818649291992,27.034818649291992,100000
2022-06-24,27.116287231445312,27.116287231445312,27.116287231445312,27.116287231445312,100000
2022-06-27,26.904455184936523,26.904455184936527,26.904455184936527,26.904455184936527,100000
2022-06-28,26.72519874572754,26.72519874572754,26.72519874572754,26.72519874572754,100000
2022-06-29,26.660017013549805,26.660017013549805,26.660017013549805,26.660017013549805,1000
2022-06-30,26.961488723754883,26.961488723754883,26.961488723754883,26.961488723754883,200000
2022-07-01,27.018526077270508,27.018526077270508,27.018526077270508,27.018526077270508,100000
2022-07-04,27.23036766052246,27.23036766052246,27.23036766052246,27.23036766052246,100000
2022-07-05,27.23036766052246,27.23036766052246,27.23036766052246,27.23036766052246,100000
2022-07-06,27.29555320739746,27.29555320739746,27.29555320739746,27.29555320739746,100000
2022-07-07,27.12445068359375,27.12445068359375,27.12445068359375,27.12445068359375,100000
2022-07-08,27.15703773498535,27.15703773498535,27.15703773498535,27.15703773498535,100000
2022-07-11,27.132593154907227,27.132593154907227,27.132593154907227,27.132593154907227,100000
2022-07-12,27.474807739257812,27.474807739257812,27.474807739257812,27.474807739257812,100000
2022-07-13,27.491104125976562,27.491104125976562,27.491104125976562,27.491104125976562,100000
2022-07-14,27.702951431274414,27.702951431274414,27.702951431274414,27.702951431274414,100000
2022-07-15,27.548141479492188,27.548141479492188,27.548141479492188,27.548141479492188,100000
2022-07-18,27.833314895629883,27.833314895629883,27.833314895629883,27.833314895629883,112000
2022-07-19,27.73554229736328,27.73554229736328,27.73554229736328,27.73554229736328,100000
2022-07-20,27.645912170410156,27.645912170410156,27.645912170410156,27.645912170410156,100000
2022-07-21,27.80072021484375,27.80072021484375,27.80072021484375,27.80072021484375,100000
2022-07-22,28.191829681396484,28.191829681396484,28.191829681396484,28.191829681396484,100000
2022-07-25,28.542184829711914,28.542184829711914,28.493299261159557,28.493299261159557,101000
2022-07-26,28.199970245361328,28.208116803141383,28.199970245361328,28.208116803141383,105000
2022-07-27,28.126638412475586,28.126638412475586,28.126638412475586,28.126638412475586,100000
2022-07-28,28.199970245361328,28.199970245361328,28.199970245361328,28.199970245361328,100000
2022-07-29,28.419963836669922,28.419963836669922,28.419963836669922,28.419963836669922,100000
2022-08-01,28.58292007446289,28.58292007446289,28.58292007446289,28.58292007446289,100000
2022-08-02,29.0473575592041,29.0473575592041,29.006615442477788,29.006615442477788,103000
2022-08-03,28.49329948425293,28.49329948425293,28.49329948425293,28.49329948425293,100000
2022-08-04,28.90884780883789,28.90884780883789,28.90884780883789,28.90884780883789,100000
2022-08-05,28.892539978027344,28.892539978027344,28.892539978027344,28.892539978027344,100000
2022-08-08,28.38736915588379,28.38736915588379,28.38736915588379,28.38736915588379,100000
2022-08-09,28.60736846923828,28.60736846923828,28.273303630065605,28.273303630065605,105000
2022-08-10,28.436260223388672,28.436260223388672,28.436260223388672,28.436260223388672,100000
2022-08-11,28.50958824157715,28.50958824157715,28.50958824157715,28.50958824157715,100000
2022-08-12,28.191829681396484,28.191829681396484,28.191829681396484,28.191829681396484,100000
2022-08-15,28.615524291992188,28.615524291992188,28.615524291992188,28.615524291992188,100000
2022-08-16,28.640254974365234,28.640254974365234,28.640254974365234,28.640254974365234,100000
2022-08-17,28.57428550720215,28.57428550720215,28.541298565485157,28.541298565485157,101000
2022-08-18,28.252666473388672,28.252666473388672,28.227927840942485,28.227927840942485,101000
2022-08-19,28.293907165527344,28.293907165527344,28.293907165527344,28.293907165527344,100000
2022-08-22,28.293907165527344,28.293907165527344,28.293907165527344,28.293907165527344,0
2022-08-23,27.70840072631836,27.70840072631836,27.70840072631836,27.70840072631836,100000
2022-08-24,27.74138641357422,27.74138641357422,27.74138641357422,27.74138641357422,100000
2022-08-25,27.592945098876953,27.592945098876953,27.592945098876953,27.592945098876953,100000
2022-08-26,27.980531692504883,27.980531692504883,27.980531692504883,27.980531692504883,100000
2022-08-29,28.17020034790039,28.17020034790039,28.17020034790039,28.17020034790039,100000
2022-08-30,27.88981819152832,27.88981819152832,27.88981819152832,27.88981819152832,100000
2022-08-31,27.873323440551758,27.873323440551758,27.873323440551758,27.873323440551758,100000
2022-09-01,27.584699630737305,27.60943826443892,27.584699630737305,27.60943826443892,109000
2022-09-02,27.17237091064453,27.17237091064453,27.17237091064453,27.17237091064453,100000
2022-09-05,27.320810317993164,27.320810317993164,27.320810317993164,27.320810317993164,100000
2022-09-06,27.362041473388672,27.362041473388672,27.362041473388672,27.362041473388672,100000
2022-09-07,26.86724853515625,26.86724853515625,26.735300778409037,26.735300778409037,102000
2022-09-08,27.23834228515625,27.23834228515625,27.180616710892117,27.180616710892117,102000
2022-09-12,27.16412353515625,27.16412353515625,27.16412353515625,27.16412353515625,100000
2022-09-13,27.21360206604004,27.21360206604004,27.21360206604004,27.21360206604004,100000
2022-09-14,27.370288848876953,27.370288848876953,27.370288848876953,27.370288848876953,100000
2022-09-15,27.493982315063477,27.493982315063477,27.452750217486457,27.452750217486457,101000
2022-09-16,27.551715850830078,27.551715850830078,27.551715850830078,27.551715850830078,100000
2022-09-19,27.370288848876953,27.370288848876953,27.370288848876953,27.370288848876953,100000
2022-09-20,27.403270721435547,27.403270721435547,27.403270721435547,27.403270721435547,100000
2022-09-21,27.180622100830078,27.180622100830078,27.180622100830078,27.180622100830078,100000
2022-09-22,27.658920288085938,27.658920288085938,27.658920288085938,27.658920288085938,100000
2022-09-23,27.048673629760742,27.056921938443406,27.048673629760742,27.056921938443406,102000
2022-09-26,27.114646911621094,27.114646911621094,27.073414806550943,27.09815344043144,120000
2022-09-27,26.57037353515625,26.57037353515625,26.57037353515625,26.57037353515625,100000
2022-09-28,25.852920532226562,25.852920532226562,25.852920532226562,25.852920532226562,100000
2022-09-29,26.306480407714844,26.306480407714844,26.306480407714844,26.306480407714844,100000
2022-09-30,25.92714500427246,26.009610791384635,25.92714500427246,26.009610791384635,101000
2022-10-03,26.001361846923828,26.001361846923828,25.927142802117167,25.927142802117167,101000
2022-10-04,26.57037353515625,26.57037353515625,26.57037353515625,26.57037353515625,100000
2022-10-05,26.545631408691406,26.545631408691406,26.545631408691406,26.545631408691406,100000
2022-10-06,26.248760223388672,26.248760223388672,26.224020015026042,26.224020015026042,101000
2022-10-07,26.31473159790039,26.31473159790039,26.31473159790039,26.31473159790039,100000
2022-10-11,26.240510940551758,26.240510940551758,26.158045160250616,26.158045160250616,110000
2022-10-12,26.05084228515625,26.100321127097015,26.05084228515625,26.100321127097015,101000
2022-10-13,25.98487091064453,25.98487091064453,25.98487091064453,25.98487091064453,100000
2022-10-14,25.885910034179688,25.885910034179688,25.885910034179688,25.885910034179688,100000
2022-10-17,25.745716094970703,25.745716094970703,25.745716094970703,25.745716094970703,100000
2022-10-18,25.786945343017578,25.786945343017578,25.786945343017578,25.786945343017578,100000
2022-10-19,25.960126876831055,25.960126876831055,25.960126876831055,25.960126876831055,100000
2022-10-20,25.68798828125,25.68798828125,25.68798828125,25.68798828125,100000
2022-10-21,25.424104690551758,25.424104690551758,25.424104690551758,25.424104690551758,100000
2022-10-24,25.20969581604004,25.20969581604004,25.20969581604004,25.20969581604004,100000
2022-10-25,25.283910751342773,25.283910751342773,25.283910751342773,25.283910751342773,100000
2022-10-26,25.828182220458984,25.828182220458984,25.828182220458984,25.828182220458984,100000
2022-10-27,25.960126876831055,25.960126876831055,25.960126876831055,25.960126876831055,100000
2022-10-28,26.182781219482422,26.182781219482422,26.182781219482422,26.182781219482422,100000
2022-10-31,26.191036224365234,26.191036224365234,26.191036224365234,26.191036224365234,100000
2022-11-01,26.141551971435547,26.141551971435547,26.141551971435547,26.141551971435547,100000
2022-11-02,26.36421012878418,26.36421012878418,26.281745917307486,26.281745917307486,101000
2022-11-03,26.413686752319336,26.413686752319336,26.413686752319336,26.413686752319336,100000
2022-11-04,26.158044815063477,26.158044815063477,26.158044815063477,26.158044815063477,100000
2022-11-07,25.910648345947266,25.910648345947266,25.910648345947266,25.910648345947266,100000
2022-11-08,25.778703689575195,25.778703689575195,25.778703689575195,25.778703689575195,100000
2022-11-09,25.902408599853516,25.902408599853516,25.902408599853516,25.902408599853516,100000
2022-11-10,25.770462036132812,25.770462036132812,25.770462036132812,25.770462036132812,100000
2022-11-11,26.479660034179688,26.50439866582473,26.479660034179688,26.50439866582473,106000
2022-11-14,26.191036224365234,26.265255281028978,26.191036224365234,26.265255281028978,105000
2022-11-15,26.355960845947266,26.355960845947266,26.339468948988152,26.339468948988152,101000
2022-11-16,26.866352081298828,26.866352081298828,26.866352081298828,26.866352081298828,100000
2022-11-17,27.318164825439453,27.318164825439453,27.318164825439453,27.318164825439453,100000
2022-11-18,27.15082550048828,27.15082550048828,27.108991277724908,27.108991277724908,120000
2022-11-21,27.20102882385254,27.20102882385254,27.20102882385254,27.20102882385254,100000
2022-11-22,27.25123405456543,27.25123405456543,27.25123405456543,27.25123405456543,100000
2022-11-23,27.652843475341797,27.652843475341797,27.652843475341797,27.652843475341797,100000
2022-11-24,27.9122257232666,27.9122257232666,27.9122257232666,27.9122257232666,100000
2022-11-25,27.744876861572266,27.744876861572266,27.744876861572266,27.744876861572266,101000
2022-11-28,27.903846740722656,27.903846740722656,27.903846740722656,27.903846740722656,100000
2022-11-29,27.67794418334961,27.67794418334961,27.67794418334961,27.67794418334961,100000
2022-11-30,27.326526641845703,27.326526641845703,27.326526641845703,27.326526641845703,100000
2022-12-01,27.30143165588379,27.351631447236777,27.30143165588379,27.351631447236777,109000
2022-12-02,27.903846740722656,27.962415281821333,27.903846740722656,27.962415281821333,102000
2022-12-05,28.146495819091797,28.146495819091797,28.146495819091797,28.146495819091797,100000
2022-12-06,27.954059600830078,27.954059600830078,27.954059600830078,27.954059600830078,100000
2022-12-07,28.305477142333984,28.305477142333984,28.305477142333984,28.305477142333984,100000
2022-12-08,28.715444564819336,28.715444564819336,28.715444564819336,28.715444564819336,100000
2022-12-09,28.907888412475586,28.907888412475586,28.8242199668853,28.8242199668853,102000
2022-12-12,28.439342498779297,28.439342498779297,28.439342498779297,28.439342498779297,100000
2022-12-13,28.464441299438477,28.464441299438477,28.464441299438477,28.464441299438477,100000
2022-12-14,28.58157730102539,28.631780283945332,28.58157730102539,28.631780283945332,101000
2022-12-15,28.56484031677246,28.56484031677246,28.56484031677246,28.56484031677246,100000
2022-12-16,28.665245056152344,28.665245056152344,28.523008062262832,28.523008062262832,101000
2022-12-19,28.40587615966797,28.40587615966797,28.364041929797487,28.364041929797487,101000
2022-12-20,27.66957664489746,27.920585171049844,27.66957664489746,27.920585171049844,101000
2022-12-21,27.510604858398438,27.510604858398438,27.510604858398438,27.510604858398438,100000
2022-12-22,27.803447723388672,27.803447723388672,27.803447723388672,27.803447723388672,100000
2022-12-23,27.67794418334961,27.6946753181746,27.67794418334961,27.6946753181746,101000
2022-12-26,27.47713851928711,27.50223841606908,27.47713851928711,27.49387284772402,102000
2022-12-27,27.460403442382812,27.460403442382812,27.460403442382812,27.460403442382812,100000
2022-12-28,27.050426483154297,27.058792052169792,27.050426483154297,27.058792052169792,102000
2022-12-29,26.983484268188477,26.983484268188477,26.983484268188477,26.983484268188477,100000
2022-12-30,27.175926208496094,27.175926208496094,27.175926208496094,27.175926208496094,100000
2023-01-03,26.941652297973633,27.008586418786134,26.91654920989055,26.96675219430998,127000
2023-01-04,27.217754364013672,27.251223012461693,27.226123121998672,27.226123121998672,105000
2023-01-05,27.510604858398438,27.510604858398438,27.485501771984605,27.485501771984605,103000
2023-01-06,27.552440643310547,27.552440643310547,27.493872091266198,27.502237659381088,125000
2023-01-09,27.9122257232666,27.9122257232666,27.836922829735414,27.8452883993512,110000
2023-01-10,28.054452896118164,28.054452896118164,28.054452896118164,28.054452896118164,101000
2023-01-11,27.920589447021484,27.920589447021484,27.853655319278452,27.853655319278452,101000
2023-01-12,28.305477142333984,28.330577045252294,28.305477142333984,28.330577045252294,102000
2023-01-13,28.715444564819336,28.748913215244198,28.715444564819336,28.748913215244198,101000
2023-01-16,28.497913360595703,28.52301326015109,28.4979133605957,28.52301326015109,107000
2023-01-17,28.58157730102539,28.58157730102539,28.5062744225188,28.5062744225188,107000
2023-01-30,28.263629913330078,28.34730154695312,28.263629913330078,28.33056722022851,140000
2023-01-31,28.213430404663086,28.213430404663086,28.17159299156348,28.17159299156348,104000
2023-02-01,28.37240219116211,28.37240219116211,28.37240219116211,28.37240219116211,100000
2023-02-02,28.51464080810547,28.51464080810547,28.330566411138214,28.338931978388374,215000
2023-02-03,28.665245056152344,28.665245056152344,28.581576611716933,28.581576611716933,228000
2023-02-06,28.648513793945312,28.69034801597798,28.481173714068102,28.481173714068102,517000
2023-02-07,28.380765914916992,28.43096889315609,28.347300454503937,28.43096889315609,630000
2023-02-08,28.163225173950195,28.2468936099719,28.146490848396603,28.238528043068225,711000
2023-02-09,28.113027572631836,28.171596127394857,28.096296435625415,28.171596127394857,482000
2023-02-10,27.903846740722656,27.92894982386931,27.887115607619698,27.92894982386931,424000
2023-02-13,27.67794418334961,27.67794418334961,27.61100687706389,27.66120985677818,735000
2023-02-14,27.744876861572266,27.820179731372146,27.719776968887732,27.744876861572266,430000
2023-02-15,27.81181526184082,27.820180829150345,27.76161228274448,27.76161228274448,348000
2023-02-16,27.55619239807129,27.760692472174163,27.55619239807129,27.760692472174163,513000
2023-02-17,27.215362548828125,27.29204804763809,27.206841576691627,27.29204804763809,316000
2023-02-20,27.309097290039062,27.377265085348316,27.300577940835097,27.377265085348316,219000
2023-02-21,27.275007247924805,27.30909113790108,27.266487900640062,27.30909113790108,199000
2023-02-22,26.985300064086914,27.044945241373792,26.985300064086914,27.027903297803487,491000
2023-02-23,26.985300064086914,27.03642426958864,26.97677909230176,27.03642426958864,170000
2023-02-24,27.198320388793945,27.21536233293175,27.16423650051834,27.189799416725045,301000
2023-03-01,27.198320388793945,27.275005886995572,27.138675209520876,27.18127844465614,217000
2023-03-02,27.00234031677246,27.09606775012156,26.985298374269323,27.09606775012156,209000
2023-03-03,26.968257904052734,27.019382109144104,26.968257904052734,27.010862762636524,205000
2023-03-06,27.343170166015625,27.351689511785555,27.275002398183915,27.30908628209977,339000
2023-03-07,27.351694107055664,27.385777996697843,27.33465541265319,27.33465541265319,274000
2023-03-08,27.377262115478516,27.428384705995324,27.351697569801082,27.38578146375831,321000
2023-03-09,27.351694107055664,27.3943005943177,27.351694107055664,27.377258649496607,132000
2023-03-10,27.479501724243164,27.539146894308857,27.385772671163362,27.385772671163362,299000
2023-03-13,27.55619239807129,27.66696340697778,27.488024623230864,27.530631107715333,254000
2023-03-14,27.36873435974121,27.556192490764545,27.35169241597378,27.556192490764545,160000
2023-03-15,27.334657669067383,27.43690609601568,27.32613507074401,27.368738311104224,127000
2023-03-16,27.56471061706543,27.692523564453293,27.52210738474223,27.52210738474223,178000
2023-03-17,27.649921417236328,27.692524651231466,27.26648581044329,27.556192352195986,263000
2023-03-20,27.684005737304688,27.726608971965717,27.64992184940848,27.64992184940848,200000
2023-03-21,27.72661018371582,27.735129530852973,27.70104564146718,27.735129530852973,115000
2023-03-22,27.72661018371582,27.777732767375916,27.72661018371582,27.74365212840872,156000
2023-03-23,27.82033348083496,27.828852826204113,27.803291539678735,27.803291539678735,144000
2023-03-24,27.82033348083496,27.905539936198167,27.769207657366284,27.82033348083496,154000
2023-03-27,27.931106567382812,27.94814851180004,27.90554527596624,27.939629164800696,190000
2023-03-28,27.675485610961914,27.684008208906082,27.624359774553138,27.649924317966896,133000
2023-03-29,27.63287925720215,27.63287925720215,27.58175342655723,27.624356660218808,200000
2023-03-30,27.769214630126953,27.777733977635286,27.743653337183215,27.75217268469155,163000
2023-03-31,27.948150634765625,27.99927647190087,27.9225893414074,27.948150634765625,179000
2023-04-06,28.519039154052734,28.54460044267355,28.45939398032538,28.45939398032538,418000
2023-04-07,28.553129196166992,28.604255040671283,28.553129196166992,28.587213092503188,278000
2023-04-10,28.510520935058594,28.51904353285288,28.46791769734323,28.46791769734323,147000
2023-04-11,28.433834075927734,28.442356673802625,28.391230837809434,28.391230837809434,99000
2023-04-12,28.501996994018555,28.519038936441788,28.48495505159532,28.519038936441788,55000
2023-04-13,28.501996994018555,28.527558282444325,28.501996994018555,28.519038936441788,62000
2023-04-14,28.416786193847656,28.43382813561837,28.416786193847656,28.425308789942033,52000
2023-04-17,28.314542770385742,28.408271841390064,28.30602342321199,28.408271841390064,62000
2023-04-18,28.144121170043945,28.306017989031822,28.127079228549537,28.306017989031822,72000
2023-04-19,28.203773498535156,28.203773498535156,28.17821220501476,28.17821220501476,91000
2023-04-20,28.195253372192383,28.220814665006877,28.186734024727127,28.186734024727127,74000
2023-04-21,28.374181747436523,28.374181747436523,28.297494637967052,28.297494637967052,130000
2023-04-24,28.314542770385742,28.314542770385742,28.29750082561963,28.30602342321199,116000
2023-04-25,28.61276626586914,28.61276626586914,28.54459850029468,28.54459850029468,152000
2023-04-26,28.817272186279297,28.82579478488363,28.638336620616233,28.638336620616233,163000
2023-04-27,28.553129196166992,28.595735691796865,28.544609847292573,28.587213092503188,140000
2023-04-28,28.493480682373047,28.493480682373047,28.37419030951682,28.442358094245453,87000
2023-05-02,28.26341438293457,28.306020866210336,28.24637569012624,28.271936979757047,212000
2023-05-03,28.493480682373047,28.638335599711947,28.484961334491405,28.638335599711947,74000
2023-05-04,28.527557373046875,28.553118660657805,28.5105154311669,28.553118660657805,70000
2023-05-05,28.27193832397461,28.27193832397461,28.246377033128464,28.27193832397461,266000
2023-05-08,28.229337692260742,28.23785703985558,28.17821185543541,28.186734453449017,185000
2023-05-09,28.024837493896484,28.161169807851586,27.973714907675046,28.161169807851586,257000
2023-05-10,28.007795333862305,28.033359877196006,28.007795333862305,28.01631793177978,124000
2023-05-11,28.13560676574707,28.16116805726882,28.033358349241503,28.033358349241503,130000
2023-05-12,28.340103149414062,28.348625746731887,28.314541858297595,28.331583802514743,140000
2023-05-15,28.17820930480957,28.22933513700711,28.17820930480957,28.212293192941264,177000
2023-05-16,28.050399780273438,28.144128858890035,28.016319138391932,28.144128858890035,550000
2023-05-17,27.795509338378906,27.804151380244676,27.778231846593872,27.78687059248639,305000
2023-05-18,27.752309799194336,27.78687137568506,27.726390264812967,27.78687137568506,89000
2023-05-19,27.579505920410156,27.648627423048314,27.527665205428196,27.648627423048314,216000
2023-05-22,27.493106842041016,27.50174723687854,27.45854691067773,27.45854691067773,157000
2023-05-23,27.380779266357422,27.39805840442411,27.37213887333085,27.389419659383996,149000
2023-05-24,27.519031524658203,27.519031524658203,27.47582954497893,27.47582954497893,129000
2023-05-25,27.41534423828125,27.778234220268015,27.41534423828125,27.778234220268015,319000
2023-05-26,27.41534423828125,27.423984632898723,27.372143913180654,27.41534423828125,55000
2023-05-29,27.44990348815918,27.45854388204368,27.432622700390173,27.45854388204368,301000
2023-05-30,27.62270736694336,27.63998815530359,27.579507044029466,27.579507044029466,85000
2023-05-31,27.743671417236328,27.75231016348573,27.691829051819735,27.70910984029193,144000
2023-06-01,27.82143211364746,27.899194010421194,27.82143211364746,27.88191322269667,50000
2023-06-02,27.976957321166992,28.01151560238939,27.959676532569087,27.994238109764897,271000
2023-06-05,27.735029220581055,27.760952051131703,27.735029220581055,27.75231000895703,175000
2023-06-06,27.804153442382812,27.847353766995923,27.804153442382812,27.838715020462697,98000
2023-06-07,28.037437438964844,28.04607618497073,28.00287586299471,28.00287586299471,255000
2023-06-08,27.700469970703125,27.700469970703125,27.683189182931716,27.691827928830794,125000
2023-06-09,27.873273849487305,27.873273849487305,27.847354313405557,27.847354313405557,172000
2023-06-12,27.8646297454834,27.916472103653156,27.8646297454834,27.907830062638396,137000
2023-06-13,27.959672927856445,27.98559245942491,27.916472609918006,27.916472609918006,57000
2023-06-14,27.830076217651367,27.855999052215704,27.830076217651367,27.855999052215704,104000
2023-06-15,27.8646297454834,27.94239163475157,27.84734895942681,27.94239163475157,169000
2023-06-16,28.0633602142334,28.08064100421437,28.037440677248778,28.08064100421437,124000
2023-06-19,28.175682067871094,28.184320814373983,28.15840127889183,28.16704002539472,76000
2023-06-20,28.097917556762695,28.106556302463538,28.02879440726323,28.02879440726323,85000
2023-06-21,28.42624282836914,28.452162358621344,28.39168125738432,28.452162358621344,675000
2023-06-26,28.469444274902344,28.478083020005265,28.391682385084252,28.478083020005265,36000
2023-06-27,28.443527221679688,28.44352722167969,28.391688148592937,28.44352722167969,78000
2023-06-28,28.46080780029297,28.49536937941023,28.43488826394182,28.43488826394182,589000
2023-06-29,28.633615493774414,28.702738659477713,28.633615493774418,28.694096615777823,1088000
2023-06-30,28.452167510986328,28.452167510986328,28.408967187418625,28.408967187418625,463000
2023-07-03,28.75456428527832,28.75456428527832,28.720006014568323,28.737283501937117,207000
2023-07-04,28.84096908569336,28.849607829642455,28.815046261901056,28.84096908569336,249000
2023-07-05,28.83233642578125,28.8496172152739,28.83233642578125,28.840978468514365,137000
2023-07-06,28.529930114746094,28.555849650330664,28.504010579161523,28.555849650330664,348000
2023-07-07,28.25344467163086,28.270725461039085,28.218883092814405,28.218883092814405,316000
2023-07-10,28.141122817993164,28.149764861184483,28.12384202758428,28.1324840707756,180000
2023-07-11,28.400325775146484,28.40896781763579,28.348486704104623,28.348486704104623,225000
2023-07-12,28.4953670501709,28.529928626463064,28.4953670501709,28.52128658440336,254000
2023-07-13,28.650890350341797,28.71137145981691,28.650890350341797,28.71137145981691,158000
2023-07-14,28.79777717590332,28.91873940231705,28.79777717590332,28.86689703557968,233000
2023-07-17,28.650890350341797,28.650890350341797,28.616328774649368,28.62497081655911,310000
2023-07-18,28.668170928955078,28.668170928955078,28.642251395361562,28.65952888710841,188000
2023-07-19,28.78049659729004,28.797777386328768,28.73729297670647,28.73729297670647,276000
2023-07-20,28.961942672729492,29.031062539436984,28.901461553370257,28.901461553370257,564000
2023-07-21,28.858259201049805,28.86689794779229,28.840978411591262,28.840978411591262,378000
2023-07-24,28.9705753326416,28.979217374147762,28.961936587108557,28.9705753326416,185000
2023-07-25,29.03106117248535,29.074264795113788,29.022422425543855,29.022422425543855,210000
2023-07-26,28.97922134399414,28.99650213340063,28.970579301304113,28.97922134399414,167000
2023-07-27,28.987855911254883,29.013778739613855,28.97057512433993,28.97921716578395,263000
2023-07-28,28.823698043823242,28.823698043823242,28.702735811817348,28.737294095266442,502000
2023-07-31,28.884178161621094,28.910097697305574,28.884178161621094,28.884178161621094,232000
2023-08-01,29.091537475585938,29.100179517071197,29.065617943076376,29.091537475585938,305000
2023-08-02,28.884178161621094,28.93602052896356,28.849616583392784,28.892816908191417,771000
2023-08-04,28.141122817993164,28.417608872587746,27.99424104347831,27.99424104347831,925000
2023-08-07,28.54720687866211,28.555845623981078,28.512645305440167,28.555845623981078,546000
2023-08-08,28.521286010742188,28.52992805262807,28.39168504621328,28.39168504621328,287000
2023-08-09,28.71137237548828,28.71137237548828,28.61632968728961,28.676810798693605,145000
2023-08-10,28.659528732299805,28.702732349353283,28.659528732299805,28.702732349353283,132000
2023-08-11,28.43488311767578,28.45216390410686,28.40896358601566,28.43488311767578,246000
2023-08-14,28.408966064453125,28.4435243443572,28.40032402249714,28.408966064453125,120000
2023-08-15,28.34848403930664,28.38304231809486,28.3398419976297,28.34848403930664,403000
2023-08-16,28.296056747436523,28.313534637158178,28.269838246070737,28.296056747436523,195000
2023-08-17,27.998937606811523,28.051367939259276,27.998937606811523,28.051367939259276,405000
2023-08-18,28.060102462768555,28.060102462768555,27.972713038370664,27.998931532472874,229000
2023-08-21,27.85911750793457,27.95524423348041,27.85911750793457,27.95524423348041,277000
2023-08-22,27.745512008666992,27.762989896574418,27.719295176805854,27.745512008666992,204000
2023-08-23,27.990196228027344,28.007674116219377,27.97271833983531,27.990196228027344,149000
2023-08-24,28.35722541809082,28.418396360422353,28.26983597649839,28.26983597649839,204000
2023-08-25,28.21739959716797,28.278570526388506,28.21739959716797,28.278570526388506,158000
2023-08-28,28.4271297454834,28.4271297454834,28.339743649422434,28.357221535347804,184000
2023-08-29,28.497045516967773,28.54947584895649,28.4883049059254,28.540738571480496,177000
2023-08-30,28.689298629760742,28.73299168377493,28.6805580188181,28.698035907137044,156000
2023-08-31,28.75920295715332,28.767940233347105,28.73298779500608,28.73298779500608,170000
2023-09-01,28.776683807373047,28.82037685997454,28.776683807373047,28.776683807373047,150000
2023-09-04,28.514524459838867,28.54073962680256,28.514524459838867,28.52326173763793,134000
2023-09-05,28.4708309173584,28.49704608387427,28.453353028492337,28.49704608387427,115000
2023-09-06,28.28731346130371,28.28731346130371,28.2086646317756,28.217405242593333,122000
2023-09-07,28.313528060913086,28.331002613009403,28.226138632602332,28.226138632602332,135000
2023-09-08,28.505781173706055,28.531999671776102,28.48830328618142,28.531999671776102,149000
2023-09-11,28.43587303161621,28.505781248331576,28.43587303161621,28.505781248331576,330000
2023-09-12,28.418397903442383,28.435875792709858,28.40092001417491,28.409657292025386,115000
2023-09-13,28.488304138183594,28.488304138183594,28.462088972895714,28.488304138183594,118000
2023-09-14,28.566951751708984,28.566951751708984,28.55821447484034,28.55821447484034,118000
2023-09-15,28.374704360961914,28.39218224992997,28.374704360961914,28.39218224992997,141000
2023-09-18,28.26983070373535,28.331001634657554,28.25235615224248,28.331001634657554,151000
2023-09-19,28.4708309173584,28.505783361524077,28.4708309173584,28.505783361524077,104000
2023-09-20,28.374704360961914,28.470831083502993,28.365963749694654,28.470831083502993,115000
2023-09-21,28.34848403930664,28.357224650012306,28.296053709337638,28.31353159718272,116000
2023-09-22,28.033889770507812,28.051364323360275,28.007671274097167,28.025149160515603,128000
2023-09-25,28.20866584777832,28.287314680696774,28.19992857015024,28.287314680696774,116000
2023-09-26,27.929025650024414,27.929025650024414,27.876593651548333,27.876593651548333,23000
2023-09-27,27.98145866394043,28.02515171718956,27.955241831921068,27.955241831921068,250000
2023-09-28,27.797945022583008,27.815422911129858,27.745513023725657,27.789206078309583,213000
2023-10-02,27.693077087402344,27.71929224971209,27.65812131527874,27.675599201340543,220000
2023-10-03,27.352264404296875,27.378481232841292,27.343527128231656,27.361003347145015,268000
2023-10-04,26.70560073852539,26.819205341972335,26.6881245175808,26.819205341972335,251000
2023-10-05,27.186233520507812,27.221187630298903,27.160016688077118,27.177494576364246,228000
2023-10-06,26.993980407714844,27.037675128958412,26.993980407714844,27.00271935196356,143000
2023-10-11,27.31730842590332,27.378479354861458,27.23865961244777,27.247398554696478,120000
2023-10-12,27.588214874267578,27.588214874267578,27.579475930148135,27.579475930148135,118000
2023-10-13,27.229928970336914,27.229928970336914,27.160019077820365,27.186235912557812,130000
2023-10-16,27.387226104736328,27.579477888667117,27.343533047819466,27.579477888667117,111000
2023-10-17,27.072629928588867,27.221188651033756,27.072629928588867,27.221188651033756,130000
2023-10-18,27.011457443237305,27.020196387210056,26.985240611319043,27.020196387210056,127000
2023-10-19,26.565784454345703,26.670650127681828,26.565784454345703,26.670650127681828,207000
2023-10-20,26.417221069335938,26.45217684321828,26.35605013182488,26.37352801876605,256000
2023-10-23,26.23371124267578,26.41722407609605,26.198755464814838,26.41722407609605,287000
2023-10-24,26.714340209960938,26.723079153997368,26.61821349234332,26.61821349234332,196000
2023-10-25,26.845420837402344,26.932808610333982,26.819205672271046,26.91533072239103,151000
2023-10-26,26.417221069335938,26.469654730159448,26.417221069335938,26.45217684321828,248000
2023-10-27,26.792985916137695,26.82794168820849,26.758031810849854,26.792985916137695,176000
2023-10-30,26.670644760131836,26.731815696107347,26.670644760131836,26.72307675285613,127000
2023-10-31,26.626951217651367,26.65316804856071,26.54830239170641,26.54830239170641,169000
2023-11-01,26.55704116821289,26.591996942538696,26.495870229925792,26.504609173507244,148000
2023-11-02,27.151275634765625,27.168753521695034,27.098843640760432,27.11632152768984,217000
2023-11-03,27.52704429626465,27.553261128969705,27.48335124187274,27.53578324049967,183000
2023-11-06,27.553255081176758,27.553255081176758,27.518299311909292,27.52703825422616,158000
2023-11-07,27.500825881958008,27.50956482569044,27.465871773811365,27.483349661276232,771000
2023-11-08,27.8154239654541,27.8154239654541,27.780469853818687,27.780469853818687,387000
2023-11-09,28.1737117767334,28.23488271729678,28.147493278230346,28.199926941670206,374000
2023-11-10,27.824161529541016,27.824161529541016,27.728034810442328,27.754251642955563,296000
2023-11-13,27.797945022583008,27.84163974395013,27.771729856545928,27.84163974395013,238000
2023-11-14,27.972719192504883,27.99893769237529,27.86785519372251,27.86785519372251,1218000
2023-11-15,28.313528060913086,28.593167564375836,28.226138632602332,28.593167564375836,769000
2023-11-16,28.211795806884766,28.379883300843847,28.211795806884766,28.379883300843847,788000
2023-11-17,28.18525505065918,28.238334153549715,28.07909515752385,28.18525505065918,331000
2023-11-20,28.194103240966797,28.486040852308996,28.194103240966797,28.486040852308996,360000
2023-11-21,28.247180938720703,28.353339144452157,28.185255037484982,28.353339144452157,805000
2023-11-22,28.194103240966797,28.22064195004514,28.176409643345004,28.22064195004514,208000
2023-11-23,28.441804885864258,28.494882297191225,28.432956400837597,28.441804885864258,313000
2023-11-24,28.31795310974121,28.388727499597273,28.30910799836353,28.388727499597273,203000
2023-11-27,28.326801300048828,28.56565980125598,28.317952814054888,28.56565980125598,211000
2023-11-28,28.54796600341797,28.592198308951076,28.53911751748619,28.556811114641153,226000
2023-11-29,28.62758445739746,28.680661872214653,28.5479649604632,28.680661872214653,251000
2023-11-30,28.733745574951172,28.822213566463393,28.733745574951172,28.76028428505043,245000
2023-12-01,28.786821365356445,28.786821365356445,28.698353389224117,28.742589064644395,386000
2023-12-04,29.096450805664062,29.096450805664062,29.043373394764735,29.0699121002144,311000
2023-12-05,29.299928665161133,29.299928665161133,29.105305823664402,29.122996048129487,301000
2023-12-06,29.653797149658203,29.67149075077171,29.476864513232485,29.476864513232485,1067000
2023-12-07,29.883800506591797,30.060733103300826,29.857261798233452,29.972268492300607,571000
2023-12-08,29.680330276489258,29.998808287158454,29.63609796938714,29.998808287158454,663000
2023-12-11,29.662633895874023,30.01649906891015,29.565320804553668,30.01649906891015,186000
2023-12-12,29.72456169128418,29.742255288535624,29.636097079735578,29.636097079735578,417000
2023-12-13,29.866098403930664,29.892640479438725,29.71570793311804,29.71570793311804,227000
2023-12-14,30.45883560180664,30.52076151461318,30.11381883768187,30.11381883768187,341000
2023-12-15,30.74192237854004,31.131171403833616,30.715383669343048,31.131171403833616,363000
2023-12-18,30.98077964782715,30.989624758969907,30.830385760731794,30.830385760731794,296000
2023-12-19,30.8215389251709,30.927697126487395,30.74191943050643,30.927697126487395,269000
2023-12-20,30.8215389251709,30.848077631822928,30.8215389251709,30.8215389251709,140000
2023-12-21,30.874618530273438,30.963083132196413,30.80384414896846,30.963083132196413,146000
2023-12-22,30.618066787719727,30.963083463502574,30.609218302607804,30.963083463502574,198000
2023-12-25,30.49420928955078,30.85691949300037,30.49420928955078,30.830377417337857,256000
2023-12-26,30.503061294555664,30.556142083173757,30.494216183806856,30.511909780012886,147000
2023-12-27,30.49420928955078,30.503054398299852,30.47651569734499,30.503054398299852,168000
2023-12-28,30.5384464263916,30.573833616415918,30.520752831379443,30.520752831379443,341000
2023-12-29,30.47652816772461,30.503066879538576,30.46767968064727,30.503066879538576,195000
2024-01-02,30.237667083740234,30.255360681691688,30.193434776215973,30.228818597410136,190000
2024-01-03,30.122661590576172,30.228819807826913,30.122661590576172,30.228819807826913,182000
2024-01-04,30.149192810058594,30.211118695695653,30.149192810058594,30.184576619917152,196000
2024-01-05,29.9014892578125,29.96341515041848,29.9014892578125,29.919182852086784,296000
2024-01-08,29.662633895874023,29.7687954726099,29.6537887851669,29.7687954726099,501000
2024-01-09,29.981107711791992,29.989956195978312,29.866101040325322,29.866101040325322,372000
2024-01-10,30.237667083740234,30.29074787759459,30.21997348578878,30.29074787759459,287000
2024-01-11,30.361515045166016,30.361515045166016,30.326127853749842,30.35266993466613,196000
2024-01-12,30.5384464263916,30.5384464263916,30.50305923636728,30.50305923636728,160000
2024-01-15,30.5384464263916,30.5384464263916,30.5384464263916,30.5384464263916,0
2024-01-16,30.6888370513916,30.7065306464784,30.60037245066581,30.60037245066581,820000
2024-01-17,30.547298431396484,30.61807282741966,30.53845331924806,30.61807282741966,257000
2024-01-18,30.582674026489258,30.609212727574818,30.582674026489254,30.582674026489254,229000
2024-01-19,30.273056030273438,30.343827051463048,30.2553624312988,30.31728834035556,792000
2024-01-22,30.441139221191406,30.582684633921414,30.38805842590184,30.582684633921414,1004000
2024-01-23,30.42344093322754,30.494215316037646,30.40574733752501,30.458828124632593,936000
2024-01-24,30.308435440063477,30.317283925616767,30.228815943626095,30.228815943626095,796000
2024-01-25,30.15804100036621,30.166886110057717,30.113808702492648,30.166886110057717,853000
2024-01-26,30.396902084350586,30.414595679970063,30.33497618703657,30.33497618703657,680000
2024-01-29,30.326129913330078,30.405749412069625,30.299591205319743,30.405749412069625,781000
2024-01-30,30.41460609436035,30.41460609436035,30.37921889100432,30.3880640044886,612000
2024-01-31,30.609222412109375,30.609222412109375,30.503064199471776,30.503064199471776,542000
2024-02-01,30.70654296875,30.84808841153715,30.680004252824144,30.84808841153715,1106000
2024-02-02,30.8392333984375,30.856926994944963,30.79500109452308,30.81269469103054,711000
2024-02-05,30.57383155822754,30.688834856002426,30.538444370585438,30.688834856002426,555000
2024-02-15,29.998811721801758,30.255363856959576,29.901498610210233,30.246515369700838,997000
2024-02-16,29.936885833740234,29.96342454611945,29.866111434450193,29.96342454611945,742000
2024-02-19,29.9014892578125,29.9014892578125,29.87495055375509,29.9014892578125,687000
2024-02-20,29.866098403930664,29.901485588136325,29.83955970313023,29.901485588136325,297000
2024-02-21,29.963422775268555,29.963422775268555,29.866109669350543,29.883803268127355,927000
2024-02-22,30.016502380371094,30.02534749205402,29.910344166632097,29.910344166632097,149000
2024-02-23,30.078426361083984,30.33497845468211,30.034194056082924,30.33497845468211,241000
2024-02-26,30.22881317138672,30.25535525090401,30.202274466577567,30.25535525090401,134000
2024-02-27,30.184066772460938,30.21091983072338,30.103504182991735,30.21091983072338,141000
2024-02-29,30.05874252319336,30.14825497770247,30.05874252319336,30.112448630026325,201000
2024-03-01,30.005033493041992,30.03188654689822,29.987130318910737,29.987130318910737,145000
2024-03-04,30.040842056274414,30.28252980284452,30.040842056274414,30.28252980284452,156000
2024-03-05,30.094552993774414,30.148262528740915,30.03189357698789,30.049796755310055,168000
2024-03-06,30.264625549316406,30.282528724129957,30.21091602487575,30.21091602487575,175000
2024-03-07,30.309383392333984,30.389945975942474,30.26462716025852,30.26462716025852,158000
2024-03-08,30.389942169189453,30.389942169189453,30.30937959567252,30.30937959567252,142000
2024-03-11,30.479454040527344,30.53316356007416,30.434697814912226,30.434697814912226,145000
2024-03-12,30.470504760742188,30.497357813703328,30.470504760742188,30.48840793427668,212000
2024-03-13,30.389942169189453,30.46155144860384,30.389942169189453,30.434698395658593,122000
2024-03-14,30.380992889404297,30.389946184689865,30.03188949626341,30.03188949626341,355000
2024-03-15,30.148258209228516,30.237770673332275,30.09454868195729,30.237770673332275,144000
2024-03-18,30.148258209228516,30.148258209228516,30.148258209228516,30.148258209228516,0
2024-03-19,30.25566291809082,30.282519379364338,30.166150486326803,30.18405365561568,129000
2024-03-20,30.25566291809082,30.25566291809082,30.25566291809082,30.25566291809082,0
2024-03-21,30.345190048217773,30.363089809482187,30.30043040101176,30.345190048217773,114000
2024-03-22,30.60477638244629,30.613729677414867,30.506314040562614,30.506314040562614,186000
2024-03-25,30.60477638244629,30.60477638244629,30.60477638244629,30.60477638244629,0
2024-03-26,30.65848731994629,30.676390496026308,30.613731087087086,30.65848731994629,122000
2024-03-27,30.6763858795166,30.6763858795166,30.61372648000703,30.64953282677855,131000
2024-03-28,30.81961441040039,30.828564291657237,30.756954997556765,30.783808056009203,224000
2024-03-29,30.837512969970703,30.855416144485467,30.810656500857867,30.810656500857867,118000
2024-04-01,30.84646224975586,30.864365423922308,30.739046619438493,30.84646224975586,609000
2024-04-02,30.667442321777344,30.74800492024967,30.667442321777344,30.74800492024967,551000
2024-04-03,30.5421085357666,30.64057426511979,30.5421085357666,30.613721216998226,542000
2024-04-08,30.318334579467773,30.47945975362856,30.318334579467773,30.47945975362856,607000
2024-04-09,30.4615535736084,30.506313217881182,30.4615535736084,30.506313217881182,539000
2024-04-10,30.577917098999023,30.61372344221749,30.524207584171325,30.61372344221749,514000
2024-04-11,30.389942169189453,30.434698395658593,30.282526542727275,30.327282769196415,905000
2024-04-12,30.264625549316406,30.425750707956926,30.21091602487575,30.425750707956926,537000
2024-04-15,30.23777198791504,30.336237751518933,30.219868811379623,30.219868811379623,529000
2024-04-16,29.978181838989258,30.085597474111157,29.969228544164906,30.085597474111157,577000
2024-04-17,29.76334571838379,29.80810194630224,29.754395838672625,29.80810194630224,556000
2024-04-18,29.897619247436523,29.951325357636005,29.888665952615625,29.924472302536262,540000
2024-04-19,30.005033493041992,30.130352297279476,29.897617862935768,29.897617862935768,575000
2024-04-22,29.933422088623047,29.996081493446543,29.91551891371898,29.996081493446543,509000
2024-04-23,30.130352020263672,30.166158368196985,30.130352020263675,30.166158368196985,506000
2024-04-24,30.094552993774414,30.103506290276556,30.058750051812197,30.103506290276556,539000
2024-04-25,29.978181838989258,29.978181838989258,29.969228544164906,29.969228544164906,505000
2024-04-26,29.933422088623047,29.933422088623047,29.852859508895484,29.852859508895484,536000
2024-04-29,30.21091651916504,30.237769574483995,30.184063463846087,30.201966638952555,601000
2024-04-30,30.309383392333984,30.318333272876426,30.246723984492007,30.246723984492007,524000
2024-05-02,30.246721267700195,30.246721267700195,30.20196503964478,30.20196503964478,957000
2024-05-03,30.264625549316406,30.273575429382458,30.246722374502852,30.246722374502852,517000
2024-05-06,30.470504760742188,30.48840793427668,30.4346984136732,30.4346984136732,514000
2024-05-07,30.783798217773438,30.783798217773438,30.66742931053353,30.685332482007425,542000
2024-05-08,30.77485466003418,30.8017077154198,30.765901365117966,30.783804540268882,528000
2024-05-09,30.613731384277344,30.622681265063395,30.595828208023526,30.622681265063395,543000
2024-05-10,30.748003005981445,30.783809361891574,30.748003005981445,30.774859480255063,515000
2024-05-13,30.667442321777344,30.685345500847,30.649542557389942,30.685345500847,519000
2024-05-14,30.622676849365234,30.64058002303747,30.622676849365234,30.64058002303747,516000
2024-05-15,30.595827102661133,30.667436390407598,30.595827102661133,30.667436390407598,539000
2024-05-16,30.864364624023438,31.01653989315372,30.855414744512824,31.01653989315372,625000
2024-05-17,30.95049285888672,30.950492858886722,30.896100531938714,30.896100531938714,596000
2024-05-20,30.787311553955078,30.85983927374214,30.787311553955078,30.85983927374214,570000
2024-05-21,30.82357406616211,30.82357406616211,30.82357406616211,30.82357406616211,509000
2024-05-22,30.877967834472656,30.923295925237632,30.877967834472656,30.923295925237632,544000
2024-05-23,30.877967834472656,30.905163997269312,30.877967834472656,30.877967834472656,546000
2024-05-24,30.705720901489258,30.805444791272702,30.696656665287207,30.796380555070648,688000
2024-05-27,30.6966552734375,30.7510476048079,30.67852334354336,30.7510476048079,579000
2024-05-28,30.651323318481445,30.678519480742317,30.651323318481445,30.66945524609255,572000
2024-05-29,30.388416290283203,30.45187630930055,30.37934859710263,30.45187630930055,537000
2024-05-30,30.370281219482422,30.370281219482422,30.297753514789754,30.297753514789754,601000
2024-05-31,30.72385025024414,30.732917943996338,30.65132599178597,30.65132599178597,625000
2024-06-03,30.887027740478516,30.941423516759897,30.82356773063915,30.941423516759897,553000
2024-06-04,31.113672256469727,31.122739948524114,31.077408404874642,31.113672256469727,782000
2024-06-05,31.267789840698242,31.331249847661454,31.249657916092897,31.30405023159793,531000
2024-06-06,31.258726119995117,31.349385754538226,31.258726119995117,31.349385754538226,548000
2024-06-07,31.249656677246094,31.267788601132626,31.24965667724609,31.267788601132626,531000
2024-06-11,30.959556579589844,30.986752739574094,30.932356961294303,30.932356961294303,628000
2024-06-12,31.113672256469727,31.122739948524114,31.08647609692903,31.122739948524114,599000
2024-06-13,31.285919189453125,31.32218303968669,31.267790722647447,31.31311880628385,793000
2024-06-14,31.494443893432617,31.530704296055845,31.494443893432617,31.494443893432617,656000
2024-06-17,31.476306915283203,31.53069923965151,31.44910729478748,31.53069923965151,672000
2024-06-18,31.421913146972656,31.440045075695004,31.41284891176738,31.421913146972656,539000
2024-06-19,31.548837661743164,31.576037287838105,31.548837661743164,31.55790535654557,522000
2024-06-20,31.476306915283203,31.53069923965151,31.46723922234744,31.53069923965151,642000
2024-06-21,31.34031867980957,31.358450607075667,31.331254445332277,31.331254445332277,544000
2024-06-24,31.403776168823242,31.421908094630147,31.3765800092685,31.421908094630147,553000
2024-06-25,31.61229705810547,31.612297058105472,31.5125731671527,31.5125731671527,699000
2024-06-26,31.53976821899414,31.548832453988037,31.48537243409563,31.503504362395134,652000
2024-06-27,31.29499053955078,31.29499053955078,31.285922846776824,31.29499053955078,547000
2024-06-28,31.34031867980957,31.43097485782854,31.31312251806618,31.43097485782854,527000
2024-07-01,30.941423416137695,30.959555341505858,30.914223798929875,30.959555341505858,561000
2024-07-02,30.968618392944336,30.968618392944336,30.94142223508576,30.94142223508576,664000
2024-07-03,31.213403701782227,31.24059986792961,31.131811745028003,31.131811745028003,612000
2024-07-04,31.313121795654297,31.385646044733996,31.30405410307469,31.385646044733996,594000
2024-07-05,31.285919189453125,31.285919189453125,31.249658797530664,31.276854956050286,525000
2024-07-08,31.458173751831055,31.521633766641983,31.430974132403918,31.458173751831055,684000
2024-07-09,31.666677474975586,31.702941319225268,31.61228170860107,31.61228170860107,533000
2024-07-10,31.57602882385254,31.58509305791299,31.53976497098803,31.58509305791299,652000
2024-07-11,31.603227615356445,31.675751868811847,31.557899524657863,31.639491471239968,706000
2024-07-12,31.76641082763672,31.76641082763672,31.69388311742424,31.712015044977356,565000
2024-07-15,31.79361915588379,31.79361915588379,31.739223352409457,31.79361915588379,540000
2024-07-16,31.893333435058594,31.893333435058594,31.85706957702692,31.86613727069076,593000
2024-07-17,32.083717346191406,32.083717346191406,32.038389247377,32.038389247377,522000
2024-07-18,32.03838348388672,32.03838348388672,32.01118732115293,32.029319249079336,502000
2024-07-19,32.01118087768555,32.01118087768555,31.993048953408884,32.01118087768555,564000
2024-07-22,32.0293083190918,32.03837255080602,31.920516788658443,31.920516788658443,550000
2024-07-23,31.866132736206055,31.8842612043304,31.857065043832524,31.8842612043304,517000
2024-07-26,31.639490127563477,31.639490127563477,31.594158580478407,31.60322627322002,550000
2024-07-29,31.94773292541504,31.97492909293539,31.94773292541504,31.97492909293539,508000
2024-07-30,31.97492218017578,31.993054107373435,31.97492218017578,31.993054107373435,511000
2024-07-31,32.0293083190918,32.0746363942838,31.983976785589334,31.983976785589334,541000
2024-08-01,32.20156478881836,32.24689287583545,32.20156478881836,32.21062902289723,545000
2024-08-02,32.34661865234375,32.43727483173123,32.30129056265001,32.38288250742337,564000
2024-08-05,32.47353744506836,32.67298518206809,32.34661741545451,32.34661741545451,676000
2024-08-06,32.2922248840332,32.31942450619535,32.25596448500332,32.301292577524514,562000
2024-08-07,32.183433532714844,32.19249776698252,32.14716967902127,32.19249776698252,656000
2024-08-08,31.938661575317383,32.01118929148718,31.911465410909635,32.00212159781003,612000
2024-08-09,31.62135887145996,31.757343140666535,31.62135887145996,31.65761926826144,735000
2024-08-12,31.983991622924805,31.983991622924805,31.784547307895927,31.8026792380462,732000
2024-08-13,31.983991622924805,32.01119124730625,31.956795456855428,31.983991622924805,623000
2024-08-14,32.14716720581055,32.16529913126237,32.10183912133657,32.11997104678839,600000
2024-08-15,32.455406188964844,32.455406188964844,32.40101386561277,32.455406188964844,524000
2024-08-16,32.50591278076172,32.55182438440407,32.47836301631165,32.51509370035786,734000
2024-08-19,32.303897857666016,32.36817480400068,32.26716717323739,32.36817480400068,535000
2024-08-20,32.230430603027344,32.30389195846941,32.21206876699706,32.30389195846941,509000
2024-08-21,32.386531829833984,32.39571274716818,32.33143581733888,32.33143581733888,589000
2024-08-22,32.4508171081543,32.4508171081543,32.404905504011865,32.404905504011865,530000
2024-08-23,32.37736129760742,32.39572664298342,32.368180376335154,32.368180376335154,514000
2024-08-26,32.4508171081543,32.5610056586623,32.38654016178872,32.5610056586623,523000
2024-08-27,32.41408157348633,32.42326599463904,32.41408157348633,32.42326599463904,503000
2024-08-28,32.43244552612305,32.44162994688302,32.368168592123965,32.38653393081373,541000
2024-08-29,32.322261810302734,32.358992493152265,32.322261810302734,32.358992493152265,509000
2024-08-30,32.24879455566406,32.24879455566406,32.230429217592985,32.230429217592985,516000
2024-09-02,32.13861083984375,32.13861083984375,32.10188015820459,32.120245499024165,504000
2024-09-03,32.212074279785156,32.212074279785156,32.138612911770885,32.138612911770885,557000
2024-09-04,32.34981918334961,32.40491522654967,32.32227291316554,32.40491522654967,593000
2024-09-05,32.56100082397461,32.57018524513791,32.524270144982125,32.533454566145416,590000
2024-09-06,32.680381774902344,32.698747118891866,32.6161048223546,32.6161048223546,634000
2024-09-09,32.62527847290039,32.67119357405834,32.62527847290039,32.65282823416125,515000
2024-09-10,32.882389068603516,32.891569986952575,32.7905623709612,32.7905623709612,547000
2024-09-11,33.102779388427734,33.102779388427734,32.96504454107411,32.98340638512252,764000
2024-09-12,33.0201301574707,33.0293145804015,32.91912252221806,32.91912252221806,553000
2024-09-13,33.038490295410156,33.05685563554734,33.0293093767568,33.0293093767568,530000
2024-09-16,32.9833984375,33.02012912240978,32.9833984375,33.02012912240978,513000
2024-09-18,33.33232879638672,33.35069413655941,33.286417197370234,33.286417197370234,543000
2024-09-19,33.18541717529297,33.26805947357493,33.18541717529297,33.26805947357493,501000
2024-09-20,33.176231384277344,33.268054589852724,33.16704696202135,33.268054589852724,525000
2024-09-23,33.139495849609375,33.139495849609375,33.09358425354271,33.09358425354271,508000
2024-09-24,33.102779388427734,33.25888308549328,33.102779388427734,33.25888308549328,504000
2024-09-25,32.974220275878906,33.02931630785218,32.974220275878906,32.98340119645885,629000
2024-09-26,32.73548126220703,32.772208451231556,32.73548126220703,32.772208451231556,521000
2024-09-27,32.56100082397461,32.689554697617965,32.56100082397461,32.689554697617965,670000
2024-09-30,32.579368591308594,32.59773393217343,32.50591073067984,32.515091649696956,603000
2024-10-01,32.79975128173828,32.836478462992034,32.6436476257942,32.6436476257942,525000
2024-10-04,32.7722053527832,32.808936041166604,32.69874747884766,32.71711282303935,615000
2024-10-07,32.78137969970703,32.81811037679987,32.78137969970703,32.79974503825345,669000
2024-10-08,32.61610412597656,32.61610412597656,32.51509648760635,32.551827174801176,521000
2024-10-09,32.5701904296875,32.63446737674084,32.5701904296875,32.63446737674084,650000
2024-10-11,32.51509475708008,32.5793717048345,32.51509475708008,32.57019078493998,529000
2024-10-14,32.331451416015625,32.4508244159329,32.331451416015625,32.4508244159329,521000
2024-10-15,32.542640686035156,32.542640686035156,32.46918281913916,32.46918281913916,562000
2024-10-16,32.6987419128418,32.73547259497286,32.6987419128418,32.6987419128418,506000
2024-10-17,32.818111419677734,32.87320393423754,32.799746080547706,32.818111419677734,534000
2024-10-18,32.4508171081543,32.46918245037744,32.42327084623501,32.441636188458155,594000
2024-10-21,32.166160583496094,32.28553356033707,32.13861432069855,32.28553356033707,524000
2024-10-22,31.6243953704834,31.771314610772027,31.624395370483395,31.771314610772027,584000
2024-10-23,31.670312881469727,31.762136100053734,31.651947537186675,31.716224490761732,529000
2024-10-24,31.679492950439453,31.679492950439453,31.624396919071643,31.6703120299604,507000
2024-10-25,31.909055709838867,31.936601975157174,31.835594331881655,31.86314410003126,562000
2024-10-28,31.59683609008789,31.59683609008789,31.569289838517147,31.57847075476421,542000
2024-10-29,31.688669204711914,31.688669204711914,31.670307366457617,31.670307366457617,508000
2024-10-30,31.77130699157715,31.798856750720763,31.76212607374938,31.76212607374938,576000
2024-11-01,31.688669204711914,31.734584308839597,31.63357668428773,31.734584308839597,538000
2024-11-04,31.413196563720703,31.45910816570411,31.413196563720703,31.440746327175304,540000
2024-11-05,31.70703125,31.70703125,31.70703125,31.70703125,500000
2024-11-06,31.743757247924805,31.817218593797183,31.49583045985018,31.72539191145671,633000
2024-11-07,31.863140106201172,31.927417052441402,31.863140106201172,31.927417052441402,512000
2024-11-08,32.15697479248047,32.20288639113217,32.11106319382877,32.11106319382877,537000
2024-11-11,32.49673080444336,32.49673080444336,32.3957231671286,32.4049075902469,530000
2024-11-12,32.808929443359375,32.827294783857845,32.71710624369758,32.71710624369758,544000
2024-11-13,32.322261810302734,32.56100424316323,32.322261810302734,32.56100424316323,540000
2024-11-14,32.10187911987305,32.10187911987305,32.0284212618013,32.03760218049884,508000
2024-11-15,32.12943649291992,32.18452902381724,32.11107114834371,32.14779833466482,529000
2024-11-18,32.157318115234375,32.157318115234375,32.01786605498055,32.03645989944194,555000
2024-11-19,32.1201286315918,32.194504005281615,32.1201286315918,32.194504005281615,540000
2024-11-20,32.1666145324707,32.1666145324707,32.1666145324707,32.1666145324707,512331
2024-11-21,32.19451141357422,32.19451141357422,32.12013602276984,32.12013602276984,531000
2024-11-22,32.213104248046875,32.213104248046875,32.18521170416565,32.19451040093063,513000
2024-11-25,32.361846923828125,32.37114207287115,32.361846923828125,32.361846923828125,511000
2024-11-26,32.65934371948242,32.69652786477349,32.65934371948242,32.69652786477349,653000
2024-11-27,32.65004348754883,32.65004348754883,32.60356064831135,32.60356064831135,590000
2024-11-28,32.8173828125,32.826681507704315,32.733712287726746,32.733712287726746,600000
2024-11-29,32.901058197021484,32.901058197021484,32.85457535337338,32.85457535337338,641000
2024-12-02,33.170658111572266,33.18925195520678,33.02191090890924,33.02191090890924,549000
2024-12-03,33.34729766845703,33.37519020992737,33.25433198732501,33.25433198732501,571000
2024-12-04,33.00332260131836,33.096288288672106,33.00332260131836,33.096288288672106,517000
2024-12-05,33.161354064941406,33.179947905575226,33.09627739592928,33.09627739592928,524000
2024-12-06,33.179954528808594,33.18925322418791,33.17065937984247,33.18925322418791,526000
2024-12-09,33.282222747802734,33.282222747802734,33.2264447547302,33.2264447547302,524000
2024-12-10,33.12417221069336,33.12417221069336,33.10557836877935,33.10557836877935,501000
2024-12-11,33.04979705810547,33.04979705810547,33.02190806825933,33.04050191029434,512000
2024-12-12,32.901058197021484,32.99402743073135,32.89176304685732,32.99402743073135,511000
2024-12-13,32.60356140136719,32.64074909218143,32.58496755596007,32.64074909218143,538000
2024-12-16,32.32466125488281,32.38973794149047,32.32466125488281,32.38973794149047,561000
2024-12-17,32.3153190612793,32.34334508383353,32.3153190612793,32.34334508383353,501000
2024-12-18,32.362030029296875,32.37137441263264,32.34334482646338,32.37137441263264,507000
2024-12-19,31.988340377807617,32.072422018400715,31.988340377807617,32.016366403392496,576000
2024-12-20,31.708053588867188,31.820164775472833,31.708053588867188,31.78279437993762,538000
2024-12-23,31.85753631591797,31.885565898630865,31.75477305876267,31.75477305876267,521000
2024-12-24,31.736103057861328,31.736103057861328,31.698732638904414,31.698732638904414,520000
2024-12-25,31.885574340820312,31.885574340820312,31.866889135343722,31.866889135343722,514000
2024-12-26,31.810821533203125,31.838851112776272,31.810821533203125,31.838851112776272,505000
2024-12-27,31.969655990600586,31.969655990600586,31.95097078511987,31.95097078511987,505000
2024-12-30,31.736103057861328,31.78281429963782,31.736103057861328,31.77346991297894,516000
2024-12-31,32.06307601928711,32.06307601928711,31.997679586990103,31.997679586990103,517000
2025-01-02,31.866884231567383,31.866884231567383,31.745432196578232,31.78280260178074,563000
2025-01-03,32.06307601928711,32.072420403237125,32.044390815225356,32.044390815225356,544000
2025-01-06,31.764114379882812,31.85753682017093,31.736088360563905,31.85753682017093,540000
2025-01-07,31.502531051635742,31.60529788193975,31.493186668605603,31.60529788193975,565000
2025-01-08,31.325023651123047,31.343708853487776,31.296997629494925,31.315682831859654,523000
2025-01-09,31.502531051635742,31.502531051635742,31.40910504052395,31.40910504052395,535000
2025-01-10,31.437137603759766,31.4651636278292,31.418452399767393,31.42779321984445,513000
2025-01-13,31.381086349487305,31.42779758403562,31.353060321526065,31.42779758403562,529000
2025-01-14,31.493181228637695,31.493181228637695,31.418443996495903,31.427784814074638,607000
2025-01-15,31.381086349487305,31.409112377448544,31.325030729726073,31.362401142900225,601000
2025-01-16,31.782800674438477,31.782800674438477,31.68937466709766,31.68937466709766,529000
2025-01-17,31.857913970947266,31.857913970947266,31.829747200494054,31.829747200494054,508000
2025-01-20,31.764022827148438,31.83913541006799,31.764022827148438,31.83913541006799,518000
2025-01-21,31.95180892944336,31.96120024173211,31.867305027525546,31.867305027525546,503000
2025-01-22,31.961196899414062,31.97058462898491,31.961196899414062,31.961196899414062,525000
2025-02-03,32.44944381713867,32.477610589843984,32.242877932670126,32.242877932670126,595000
2025-02-04,32.22410202026367,32.167764887644836,32.13959811220365,32.167764887644836,512000
2025-02-05,32.29920959472656,32.30859732346121,32.25226020584684,32.26165151631698,528000
2025-02-06,32.60906982421875,32.66540696781175,32.54334494756216,32.54334494756216,532000
2025-02-07,32.486995697021484,32.571499590050294,32.47760796745642,32.50577473788742,526000
2025-02-10,32.35554885864258,32.364940170775306,32.280436270261426,32.280436270261426,509000
2025-02-11,32.289825439453125,32.31799221363412,32.289825439453125,32.29921675200431,560000
2025-02-12,32.13959503173828,32.1959321589574,32.12081598933191,32.1959321589574,530000
2025-02-13,31.970584869384766,32.0081429514222,31.923639057705895,31.923639057705895,679000
2025-02-14,32.30859375,32.30859375,32.224089873792664,32.23348118322409,531000
2025-02-17,32.30859375,32.355539551951836,32.29920602230368,32.355539551951836,519000
2025-02-18,32.3369140625,32.34634840331908,32.31804178134227,32.34634840331908,516000
2025-02-19,32.25197982788086,32.25197982788086,32.20480094049969,32.22367321535583,525000
2025-02-20,32.27085876464844,32.28973104340052,32.18593531002361,32.242548546760744,647000
2025-02-21,32.36521911621094,32.36521911621094,32.33691249560574,32.33691249560574,507000
2025-02-24,32.43126678466797,32.43126678466797,32.43126678466797,32.43126678466797,504000
2025-02-25,32.7143440246582,32.7143440246582,32.65773078911919,32.70490968524138,549000
2025-02-26,32.86532974243164,33.01630440414553,32.8558918013446,33.006866463058486,514000
2025-02-27,32.99742126464844,33.035162218019444,32.99742126464844,33.035162218019444,511000
2025-03-03,33.006866455078125,33.054045361942336,32.978559830863574,33.054045361942336,533000
2025-03-04,33.18614196777344,33.35598888255322,33.17670762784978,33.27106542516333,576000
2025-03-05,32.79926681518555,32.81813909315715,32.71434336407281,32.81813909315715,552000
2025-03-06,32.67660903930664,32.686043380447636,32.64829881684424,32.66717109864594,522000
2025-03-07,32.85588455200195,32.85588455200195,32.837012273511725,32.837012273511725,515000
2025-03-10,32.70491409301758,32.73322071460208,32.638862909640714,32.638862909640714,528000
2025-03-11,32.92194747924805,32.969126392555744,32.92194747924805,32.969126392555744,504000
2025-03-12,32.487892150878906,32.54450900034463,32.46901986772367,32.50676443403415,602000
2025-03-13,32.384098052978516,32.39353599479982,32.34635348473361,32.37466371067736,539000
2025-03-14,32.327476501464844,32.38409334560233,32.3086078196053,32.3086078196053,518000
2025-03-17,32.45957565307617,32.48788226943938,32.45957565307617,32.48788226943938,534000
2025-03-18,32.691810607910156,32.71076469419914,32.691810607910156,32.71076469419914,528000
2025-03-19,32.653892517089844,32.69180791817222,32.653892517089844,32.69180791817222,503000
2025-03-20,32.92877197265625,33.004599154913734,32.92877197265625,32.97616441354361,528000
2025-03-21,32.87190246582031,32.87190246582031,32.85294476423168,32.85294476423168,501000
2025-03-24,32.653892517089844,32.653892517089844,32.56858467256033,32.56858467256033,518000
2025-03-25,32.55909729003906,32.55909729003906,32.55909729003906,32.55909729003906,501000
2025-03-26,32.54015350341797,32.549630546823565,32.54015350341797,32.549630546823565,502000
2025-03-27,32.3979606628418,32.483268485462,32.3979606628418,32.483268485462,504000
2025-03-28,32.435882568359375,32.435882568359375,32.39796716940004,32.39796716940004,511000
2025-03-31,32.653892517089844,32.710762002901745,32.653892517089844,32.69180791817222,538000
2025-04-01,32.720237731933594,32.739195429618896,32.69180299331119,32.739195429618896,539000
2025-04-02,32.729713439941406,32.748671136854654,32.729713439941406,32.748671136854654,524000
2025-04-07,31.611238479614258,32.435882124544705,31.611238479614258,32.435882124544705,123000
2025-04-08,31.45010757446289,31.506980679564208,31.421672829818174,31.46906527616333,1019000
2025-04-09,29.99987030029297,30.44536535911775,29.78186219541524,30.41693061981537,53000
2025-04-10,31.279489517211914,31.450105203843453,30.663376913730065,30.663376913730065,1039000
2025-04-11,30.331628799438477,30.57807169247667,30.293713395644318,30.454852053863533,516000
2025-04-14,30.255794525146484,30.331623511609283,29.99987101786993,30.331623511609283,570000
2025-04-15,30.644424438476562,30.644424438476562,30.46432808434623,30.46432808434623,562000
2025-04-16,30.710771560668945,30.739206301863305,30.710771560668945,30.739206301863305,577000
2025-04-17,30.976173400878906,30.976173400878906,30.815034757224367,30.815034757224367,584000
2025-04-18,30.947742462158203,30.9477424621582,30.900346397968246,30.9477424621582,510000
2025-04-21,30.65726089477539,30.771549669767833,30.647738646722264,30.771549669767833,522000
2025-04-22,30.381071090698242,30.381071090698242,30.28583225888447,30.28583225888447,520000
2025-04-23,30.87630844116211,30.87630844116211,30.79059731086514,30.79059731086514,530000
2025-04-24,30.952499389648438,30.98106976496772,30.952499389648438,30.9715475175476,508000
2025-04-25,31.20964813232422,31.219170381106828,31.162029622292287,31.162029622292287,516000
2025-04-28,31.53345489501953,31.552503023112084,31.50488451941018,31.52392901444378,527000
2025-04-29,31.362028121948242,31.362028121948242,31.362028121948242,31.362028121948242,500000
2025-04-30,31.19059181213379,31.34297318406157,31.19059181213379,31.34297318406157,505000
2025-05-02,30.181068420410156,30.714403286682437,30.00011483815494,30.714403286682437,583000
2025-05-05,28.19058609008789,30.000116567352443,23.923903280920417,30.000116567352443,150000
2025-05-06,28.619155883789062,28.65725213889843,28.17153578543056,28.1810598492079,1020000
2025-05-07,28.99058723449707,28.99058723449707,28.866776221367953,28.866776221367953,617000
2025-05-08,28.981061935424805,29.06677668962097,28.981061935424805,29.06677668962097,507000
2025-05-09,28.866777420043945,28.95249218145276,28.866777420043945,28.95249218145276,34000
2025-05-12,28.80010986328125,28.819157991101005,28.75249136026131,28.762015424171185,1024000
2025-05-13,29.047731399536133,29.085827656912326,28.88582593874639,28.88582593874639,533000
2025-05-14,29.057254791259766,29.066778855383347,29.04773072713618,29.066778855383347,504000
2025-05-15,28.666776657104492,28.752491415929903,28.666776657104492,28.742967352001585,526000
2025-05-16,28.866777420043945,28.895349612690055,28.847731108142714,28.895349612690055,89000
2025-05-19,28.766260147094727,28.909853592201113,28.766260147094727,28.909853592201113,527000
2025-05-20,29.06302261352539,29.091739846185327,29.053449594016488,29.053449594016488,637000
2025-05-21,28.766260147094727,28.814125237419024,28.766260147094727,28.814125237419024,538000
2025-05-22,28.316343307495117,28.316343307495117,28.2780530556199,28.2780530556199,503000
2025-05-23,28.43121337890625,28.43121337890625,28.421640360930706,28.43121337890625,501000
2025-05-26,28.13445472717285,28.18231981607729,28.124881709391964,28.18231981607729,523000
2025-05-27,28.479076385498047,28.479076385498047,28.230183397982994,28.230183397982994,553000
2025-05-28,28.680103302001953,28.708822354686106,28.680103302001953,28.708822354686106,501000
2025-05-29,28.86199188232422,28.86199188232422,28.727973265452327,28.727973265452327,578000
2025-06-02,29.005582809448242,29.005582809448242,29.005582809448242,29.005582809448242,500000
2025-06-03,29.034303665161133,29.024730645615907,29.024730645615907,29.024730645615907,500000
2025-06-04,29.10131072998047,29.12045676759317,29.10131072998047,29.12045676759317,501000
2025-06-05,29.311914443969727,29.311914443969727,29.283195386617948,29.29276840573521,508000
2025-06-06,29.235332489013672,29.340632048910408,29.235332489013672,29.340632048910408,525000
2025-06-09,29.091739654541016,29.091739654541016,29.091739654541016,29.091739654541016,3000
2025-06-10,29.24489974975586,29.24489974975586,29.225755539718737,29.225755539718737,1010000
2025-06-11,29.264047622680664,29.302339696891615,29.264047622680664,29.302339696891615,517000
2025-06-12,29.24489974975586,29.24489974975586,29.24489974975586,29.24489974975586,501000
2025-06-13,29.43636131286621,29.43636131286621,29.359778982485295,29.359778982485295,505000
2025-06-16,29.04387664794922,29.235333386877866,29.005584569816776,29.225760367344755,507000
2025-06-17,28.99578857421875,29.043875560291763,28.99578857421875,29.043875560291763,506000
2025-06-18,29.063108444213867,29.063108444213867,29.063108444213867,29.063108444213867,500000
2025-06-19,29.130430221557617,29.130430221557617,29.111195427180796,29.111195427180796,502000
2025-06-20,29.063108444213867,29.063108444213867,29.015023292597846,29.015023292597846,504000
2025-06-23,29.16889762878418,29.18813242293205,29.16889762878418,29.178515025858115,503000
2025-06-24,29.16889762878418,29.178515025858115,29.16889762878418,29.178515025858115,502000
2025-06-25,29.21697998046875,29.24583216892615,29.21697998046875,29.236214772773682,1002000
2025-06-26,29.0150203704834,29.043872559145864,29.0150203704834,29.043872559145864,500000
2025-06-27,28.899612426757812,28.899612426757812,28.899612426757812,28.899612426757812,1000
2025-06-30,28.966936111450195,28.976551673634933,28.880381377140946,28.880381377140946,520000
2025-07-01,29.4189395904541,29.428556985939487,29.361237051872415,29.361237051872415,656000
2025-07-02,29.409326553344727,29.476646497388415,29.409326553344727,29.42856134716604,598000
2025-07-03,29.2843017578125,29.2843017578125,29.2843017578125,29.2843017578125,530000
2025-07-04,29.120811462402344,29.130428859140952,29.063107081970692,29.063107081970692,506000
2025-07-07,29.26506805419922,29.27468545071087,29.04387343742375,29.082341189139523,544000
2025-07-08,28.99578857421875,29.043875560291763,28.99578857421875,29.043875560291763,538000
2025-07-09,28.8419132232666,28.947702755860114,28.8419132232666,28.947702755860114,683000
2025-07-10,29.207368850708008,29.245836606824398,29.159281862648733,29.159281862648733,551000
2025-07-11,29.188133239746094,29.265070584159687,29.188133239746094,29.265070584159687,513000
2025-07-14,28.880382537841797,28.889999934743884,28.851530347135537,28.851530347135537,506000
2025-07-15,28.97655487060547,29.00540706333541,28.92846971705326,29.00540706333541,569000
2025-07-16,28.93308448791504,28.942743328458892,28.904102438522774,28.93308448791504,503000
2025-07-17,28.92342185974121,28.933082542222305,28.904100494779026,28.933082542222305,504000
2025-07-18,29.145612716674805,29.155273399383823,29.07798978029851,29.07798978029851,507000
2025-07-21,29.145612716674805,29.145612716674805,29.13595203396579,29.13595203396579,510000
2025-07-22,29.300180435180664,29.300180435180664,29.261539546297954,29.261539546297954,505000
2025-07-23,29.21323585510254,29.30984084027405,29.21323585510254,29.300180157498215,522000
2025-07-24,29.184253692626953,29.193914375365004,29.184253692626953,29.193914375365004,511000
2025-07-25,29.39678382873535,29.39678382873535,29.329160894913855,29.329160894913855,536000
2025-07-28,29.51270866394043,29.51270866394043,29.45474641181044,29.45474641181044,535000
2025-07-29,29.60931396484375,29.60931396484375,29.570673077203093,29.570673077203093,504000
2025-07-30,29.92810821533203,29.92810821533203,29.879806646592755,29.879806646592755,536000
2025-07-31,30.073017120361328,30.073017120361328,29.792864683067418,29.792864683067418,520000
2025-08-01,30.024717330932617,30.092340273516527,30.024717330932617,30.06336006531599,524000
2025-08-04,30.015052795410156,30.015052795410156,30.015052795410156,30.015052795410156,500000
2025-08-05,30.29520606994629,30.333846955526102,30.24690265973815,30.24690265973815,519000
2025-08-06,30.333850860595703,30.333850860595703,30.324190177310395,30.324190177310395,551000
2025-08-07,30.169618606567383,30.169618606567383,30.140638403451298,30.169618606567383,532000
2025-08-08,30.237241744995117,30.266223790896955,30.198600859712677,30.198600859712677,542000
2025-08-11,30.208263397216797,30.208263397216797,30.188942032095426,30.188942032095426,500000
2025-08-12,30.266225814819336,30.266225814819336,30.237243766979446,30.237243766979446,513000
2025-08-13,30.3435115814209,30.3435115814209,30.275888640927008,30.275888640927008,505000
2025-08-14,30.507736206054688,30.536718252805567,30.430452590639074,30.430452590639074,527000
2025-08-15,30.54637908935547,30.556037929067816,30.498075677860005,30.498075677860005,528000
2025-08-18,30.444507598876953,30.493018123466804,30.444507598876953,30.493018123466804,530000
2025-08-19,30.37659454345703,30.37659454345703,30.337787974491523,30.366892438593833,508000
2025-08-20,30.59973907470703,30.59973907470703,30.5124219819381,30.5124219819381,504000
2025-08-21,30.842288970947266,30.842288970947266,30.677356875095075,30.677356875095075,522000
2025-08-22,30.86168670654297,30.91989933199278,30.84228434854687,30.91989933199278,566000
2025-08-25,30.890796661376953,30.929603232431724,30.890796661376953,30.929603232431724,510000
2025-08-26,30.754968643188477,30.832583630122915,30.754968643188477,30.832583630122915,520000
2025-08-27,30.86168670654297,30.88109091502624,30.86168670654297,30.86168670654297,513000
2025-08-28,30.91990089416504,30.949005357873226,30.88109247523777,30.88109247523777,521000
2025-08-29,30.949007034301758,31.007217815358523,30.949007034301758,31.007217815358523,527000
2025-09-01,30.74526596069336,30.754968065188734,30.725861751702613,30.725861751702613,506000
2025-09-02,30.77437400817871,30.77437400817871,30.77437400817871,30.77437400817871,500000
2025-09-03,30.687055587768555,30.696757692976572,30.677355333047892,30.696757692976572,515000
2025-09-04,31.01692008972168,31.055726660475308,30.978113518968048,30.978113518968048,524000
2025-09-05,31.269168853759766,31.3273814848346,31.25946859906798,31.3273814848346,511000
2025-09-08,31.472909927368164,31.482613883779667,31.472909927368164,31.482613883779667,504000
2025-09-09,31.531118392944336,31.637839693507143,31.531118392944336,31.637839693507143,516000
2025-09-10,31.288572311401367,31.434102035100057,31.288572311401367,31.404993869775552,523000
2025-09-11,31.57962989807129,31.599034109093502,31.502016754957268,31.502016754957268,512000
2025-09-12,31.7542667388916,31.79307516416567,31.7542667388916,31.773670951528636,503000
2025-09-15,31.74456214904785,31.75426240355445,31.734858193566627,31.75426240355445,509000
2025-09-16,31.74456214904785,31.74456214904785,31.74456214904785,31.74456214904785,500000
2025-09-17,31.725072860717773,31.725072860717773,31.725072860717773,31.725072860717773,500000
2025-09-18,31.676355361938477,31.676355361938477,31.63738389332103,31.63738389332103,526000
2025-09-19,31.53019905090332,31.539940987311567,31.53019905090332,31.539940987311567,502000
2025-09-22,31.598411560058594,31.66661628239346,31.598411560058594,31.66661628239346,510000
2025-09-23,31.500972747802734,31.500972747802734,31.500972747802734,31.500972747802734,505000
2025-09-24,31.686098098754883,31.695840035792536,31.647122916848428,31.647122916848428,532000
2025-09-25,31.598411560058594,31.617899154565496,31.598411560058594,31.617899154565496,505000
2025-09-26,31.57891845703125,31.62763557636116,31.57891845703125,31.61789363924636,518000
2025-09-30,31.851736068725586,31.86148172234198,31.744559897089907,31.744559897089907,527000
2025-10-01,31.754308700561523,31.754308700561523,31.715333511423346,31.725079167147197,516000
2025-10-02,31.83225440979004,31.86148765920855,31.812770532682364,31.812770532682364,560000
2025-10-03,31.929689407348633,31.968664591692736,31.929689407348633,31.958918937167635,502000
2025-10-07,31.754308700561523,31.7932838896997,31.705591572578108,31.7932838896997,583000
2025-10-08,31.949172973632812,31.949172973632812,31.929685383916375,31.93942732033575,618000
2025-10-09,31.871225357055664,32.00763477993008,31.871225357055664,31.997892842672485,772000
2025-10-13,32.01738357543945,32.036871168744675,31.99789598213423,32.036871168744675,524000
2025-10-14,32.241485595703125,32.241485595703125,32.124563751761706,32.124563751761706,658000
2025-10-15,32.26097106933594,32.2804586615254,32.2804586615254,32.2804586615254,500000
2025-10-16,32.36814880371094,32.37789074071521,32.31942796805583,32.31942796805583,506000
2025-10-17,32.50455856323242,32.533788091429074,32.446095789961156,32.446095789961156,591000
2025-10-20,32.22080993652344,32.31865481349696,32.240379658426704,32.31865481349696,525000
2025-10-21,32.49477005004883,32.49477005004883,32.49477005004883,32.49477005004883,500000
2025-10-22,32.66111373901367,32.670896732013844,32.63175729492883,32.63175729492883,518000
2025-10-23,32.71003341674805,32.73938612582088,32.58283212319604,32.58283212319604,567000
2025-10-27,32.54369354248047,32.65132512195801,32.56326325988929,32.65132512195801,657000
2025-10-28,32.690467834472656,32.71982054725795,32.670898115101686,32.68068484105833,547000
2025-10-29,32.61219024658203,32.68068239297859,32.57305081077199,32.68068239297859,509000
2025-10-30,32.47520446777344,32.47520446777344,32.426282035897614,32.445851755156404,528000
2025-10-31,32.14252471923828,32.24037330948576,32.13274172648457,32.24037330948576,521000
2025-11-03,31.94683837890625,32.06425296706562,31.94683837890625,32.06425296706562,517000
2025-11-04,31.819631576538086,31.829414568638086,31.829414568638086,31.829414568638086,511000
2025-11-05,32.025115966796875,32.13274756936935,31.985976523580934,31.985976523580934,535000
2025-11-06,31.87834358215332,31.927266012119006,31.868556856634893,31.927266012119006,527000
2025-11-07,32.09360122680664,32.09360122680664,32.05446179200472,32.083818234377134,505000
2025-11-10,31.829418182373047,31.907697058227658,31.829418182373047,31.907697058227658,509000
2025-11-11,31.94683837890625,31.96640436648076,31.94683837890625,31.956621372693505,516000
2025-11-12,32.20123291015625,32.24037234508447,32.044678902985325,32.044678902985325,573000
2025-11-13,32.19145584106445,32.20123883532565,32.19145584106445,32.19145584106445,502000
2025-11-14,31.966407775878906,32.0055472202873,31.966407775878906,32.0055472202873,565000
2025-11-17,31.760923385620117,31.8489852473472,31.760923385620117,31.8489852473472,514000
2025-11-18,31.97711753845215,31.97711753845215,31.849365254546665,31.849365254546665,535000
2025-11-19,31.927988052368164,31.927988052368164,31.888679074619258,31.888679074619258,507000
2025-11-20,31.908334732055664,31.97712357128025,31.908334732055664,31.96729445212783,513000
2025-11-21,32.09504699707031,32.11470148680966,32.08522162655595,32.10487236758468,540000
2025-11-24,32.340721130371094,32.340721130371094,32.21296882681416,32.21296882681416,529000
2025-11-25,32.537261962890625,32.537261962890625,32.44881863798967,32.44881863798967,504000
2025-11-26,32.576568603515625,32.60604846013112,32.576568603515625,32.60604846013112,501000
2025-11-27,32.714149475097656,32.7534584535811,32.68466586687982,32.72397484536326,536000
2025-11-28,32.68466567993164,32.73380377711015,32.68466567993164,32.73380377711015,514000
2025-12-01,32.655181884765625,32.74362520083245,32.655181884765625,32.68466174055122,554000
2025-12-02,32.547088623046875,32.5569177421535,32.53726325265082,32.53726325265082,505000
2025-12-03,32.537261962890625,32.55691645161422,32.52743284417362,32.55691645161422,511000
2025-12-04,32.46847152709961,32.497951384377416,32.46847152709961,32.497951384377416,502000
2025-12-05,32.46847152709961,32.46847152709961,32.46847152709961,32.46847152709961,500000
2025-12-08,32.20314407348633,32.3898560986375,32.20314407348633,32.3898560986375,108000
2025-12-09,32.16383743286133,32.21297178529257,32.16383743286133,32.21297178529257,105000
2025-12-10,32.24245071411133,32.24245071411133,32.20314173838969,32.20314173838969,308000
2025-12-11,32.43899154663086,32.46847515591411,32.281759375725905,32.281759375725905,317000
2025-12-12,32.21297073364258,32.271934203861576,32.16383638281542,32.271934203861576,319000
2025-12-15,32.04591369628906,32.04591369628906,32.03608457674227,32.03608457674227,302000
2025-12-16,32.19395065307617,32.19395065307617,32.124865220988724,32.124865220988724,328000
2025-12-17,32.28277587890625,32.28277587890625,32.263036645841986,32.263036645841986,383000
2025-12-18,32.312381744384766,32.37159566978561,32.27290328420208,32.322249476993846,342000
2025-12-19,32.361732482910156,32.40121094863824,32.361732482910156,32.40121094863824,317000
2025-12-22,32.30251693725586,32.322256171435505,32.30251693725586,32.322256171435505,302000
2025-12-23,32.35185623168945,32.35185623168945,32.35185623168945,32.35185623168945,300000
2025-12-24,32.34199523925781,32.39134144201612,32.34199523925781,32.39134144201612,317000
2025-12-26,32.40121078491211,32.420946252802715,32.40121078491211,32.420946252802715,301000
2025-12-29,32.46042251586914,32.46042251586914,32.42094405301919,32.42094405301919,303000
2025-12-30,32.33211898803711,32.460422108251585,32.33211898803711,32.45055437509973,349000
2025-12-31,32.37159729003906,32.37159729003906,32.37159729003906,32.37159729003906,307000
2026-01-02,32.27290725708008,32.27290725708008,32.27290725708008,32.27290725708008,23000
2026-01-05,32.213687896728516,32.213687896728516,32.12486323740442,32.12486323740442,612000
2026-01-06,32.24329376220703,32.39133611099083,32.24329376220703,32.302511454695214,352000
2026-01-07,32.37159729003906,32.42094348530069,32.37159729003906,32.42094348530069,362000
2026-01-08,32.58872604370117,32.58872604370117,32.41107672353658,32.41107672353658,315000
2026-01-09,32.529510498046875,32.529510498046875,32.529510498046875,32.529510498046875,300000
2026-01-12,32.58872604370117,32.618333008770776,32.58872604370117,32.618333008770776,301000
2026-01-13,32.68741989135742,32.69729139006877,32.66768065880838,32.66768065880838,310000
2026-01-14,32.726898193359375,32.786115890711386,32.70715896090871,32.70715896090871,359000
2026-01-15,32.8354606628418,32.85519989443488,32.8354606628418,32.85519989443488,321000
2026-01-16,32.76637649536133,32.795983461453325,32.76637649536133,32.78611572771386,318000
2026-01-19,32.4406852722168,32.56898840190407,32.4406852722168,32.56898840190407,324000
2026-01-20,32.544776916503906,32.55468837327177,32.544776916503906,32.55468837327177,312000
2026-01-21,32.475379943847656,32.475379943847656,32.39607694906533,32.39607694906533,307000
2026-01-22,32.75294876098633,32.75294876098633,32.67364198735704,32.70338391824557,379000
2026-01-23,32.842166900634766,32.871905049886784,32.82234020728172,32.82234020728172,414000
2026-01-26,32.59434127807617,32.67364427570446,32.58442603990053,32.67364427570446,349000
2026-01-27,32.614166259765625,32.63398917196494,32.614166259765625,32.63398917196494,301000
2026-01-28,32.316768646240234,32.40598687462813,32.316768646240234,32.34651057673957,347000
2026-01-29,32.237464904785156,32.31676789397559,32.237464904785156,32.31676789397559,323000
2026-01-30,32.29694747924805,32.29694747924805,32.257294090810326,32.257294090810326,341000
2026-02-02,32.6934700012207,32.6934700012207,32.50512207857661,32.50512207857661,378000
2026-02-03,32.58442687988281,32.64390696580387,32.58442687988281,32.64390696580387,334000
2026-02-04,32.59434127807617,32.61416797287209,32.59434127807617,32.61416797287209,307000
2026-02-05,32.65381622314453,32.65381622314453,32.60425137899336,32.60425137899336,535000
2026-02-06,32.77277755737305,32.8223424032943,32.77277755737305,32.8223424032943,348000
2026-02-09,32.68355941772461,32.69347087431572,32.66373272298703,32.69347087431572,313000
2026-02-10,32.70338821411133,32.70338821411133,32.67364627931594,32.6835615180996,308000
2026-02-11,32.663734436035156,32.78269082914397,32.663734436035156,32.78269082914397,558000
2026-02-23,32.961124420166016,32.99086257044744,32.95121296392395,32.99086257044744,313000
2026-02-24,32.88181686401367,32.92147025115177,32.87190540800672,32.87190540800672,341000
2026-02-25,32.75294876098633,32.86199368394905,32.75294876098633,32.86199368394905,324000
2026-02-26,32.738014221191406,32.74796936662659,32.70814118843761,32.74796936662659,310000
2026-03-02,32.80771255493164,32.94710738428223,32.7778395213392,32.94710738428223,378000
2026-03-03,32.8276252746582,32.83758041995742,32.64840227347966,32.64840227347966,540000
2026-03-04,32.996891021728516,33.01680511157061,32.9471076962354,32.9471076962354,430000
2026-03-05,32.90727996826172,32.95706329443819,32.877410732200694,32.947108148492624,371000
2026-03-06,32.797752380371094,32.92719205915026,32.797752380371094,32.90727797024392,360000
2026-03-09,32.588661193847656,32.66831755203869,32.52891892520438,32.66831755203869,391000
2026-03-10,33.036720275878906,33.086503602991144,33.036720275878906,33.076548456858454,329000
2026-03-11,32.66831970214844,32.67827484846542,32.66831970214844,32.67827484846542,317000
2026-03-12,32.25012969970703,32.260088643726334,32.22026046409765,32.23021560989269,307000
2026-03-13,32.21030044555664,32.21030044555664,32.18043121094369,32.18043121094369,351000
2026-03-16,32.279998779296875,32.289957723268046,32.279998779296875,32.289957723268046,303000
2026-03-17,32.130001068115234,32.20000076293945,32.119998931884766,32.20000076293945,322000
2026-03-18,32.5,32.540000915527344,32.2400016784668,32.2400016784668,334061
