Price,Close,High,Low,Open,Volume
Ticker,00892.TW,00892.TW,00892.TW,00892.TW,00892.TW
Date,,,,,
2021-06-02,12.645098686218262,12.645098686218262,12.645098686218262,12.645098686218262,0
2021-06-03,12.645098686218262,12.645098686218262,12.645098686218262,12.645098686218262,0
2021-06-04,12.645098686218262,12.645098686218262,12.645098686218262,12.645098686218262,0
2021-06-07,12.645098686218262,12.645098686218262,12.645098686218262,12.645098686218262,0
2021-06-08,12.645098686218262,12.645098686218262,12.645098686218262,12.645098686218262,0
2021-06-09,12.6282377243042,12.6282377243042,12.6282377243042,12.6282377243042,0
2021-06-10,12.889570236206055,12.923290466358866,12.720969085441999,12.729399343968627,74630830
2021-06-11,12.9064302444458,13.0413111597396,12.88956972805724,13.03288090154532,28045612
2021-06-15,13.041312217712402,13.066602190393214,12.990731468397042,12.999161727275226,18323093
2021-06-16,12.948580741882324,13.049741434714953,12.906431056167353,13.041311979944192,18463400
2021-06-17,13.075032234191895,13.075032234191895,12.881140302951826,12.94015131017466,30095000
2021-06-18,13.100320816040039,13.167761270890793,13.100320816040039,13.150901559154923,25266884
2021-06-21,12.9064302444458,13.049740613980209,12.9064302444458,13.049740613980209,29559006
2021-06-22,12.779979705810547,12.957011120899637,12.771549447007796,12.931721148445117,40593570
2021-06-23,12.94015121459961,12.948580669323135,12.771549256869625,12.81369974630212,15762798
2021-06-24,12.923290252685547,12.973870999055315,12.898000281477508,12.957010482280829,9278616
2021-06-25,12.914860725402832,13.024451678779815,12.914860725402832,13.007591965004599,10105904
2021-06-28,12.89799976348877,12.948579703873538,12.830559307006641,12.931719991729834,10779340
2021-06-29,12.889570236206055,12.999161185191117,12.881139977679426,12.98230066813786,9991600
2021-06-30,12.948580741882324,13.024451462495225,12.914860510938114,12.914860510938114,10423122
2021-07-01,12.855849266052246,12.982299920858184,12.838988749969504,12.982299920858184,13867182
2021-07-02,12.914860725402832,12.931721243131785,12.813700030890324,12.838990003530018,8898918
2021-07-05,13.100320816040039,13.167761270890793,12.940149936757912,12.940149936757912,19604077
2021-07-06,13.016020774841309,13.142472239680309,13.00759132034833,13.134041981233636,9726506
2021-07-07,13.016020774841309,13.083462038460993,12.982300545008314,13.00759132034833,8776625
2021-07-08,13.066601753234863,13.125611955500416,13.024451264207881,13.066601753234863,9846201
2021-07-09,12.96544075012207,13.024450950968419,12.91486000371542,12.96544075012207,8635170
2021-07-12,13.235203742980957,13.268923975545793,13.100322812721618,13.108753071851266,18446932
2021-07-13,13.386945724487305,13.572407412954746,13.353225490579932,13.361655750045223,14708472
2021-07-14,13.462815284729004,13.530254942743877,13.370084046556892,13.437524508525488,9564997
2021-07-15,13.597695350646973,13.597695350646973,13.488105203349035,13.488105203349035,10659670
2021-07-16,13.454383850097656,13.521825110125691,13.336362649990662,13.403803106065045,12208469
2021-07-19,13.378514289855957,13.395374807305513,13.294214114469334,13.386944548580736,9147238
2021-07-20,13.201482772827148,13.378514184889928,13.167762542146319,13.302643464869634,12135867
2021-07-21,13.26892375946045,13.39537523248463,13.193053036436691,13.336364223491847,15474779
2021-07-22,13.43752384185791,13.530254271475721,13.353223670556359,13.353223670556359,12338148
2021-07-23,13.344794273376465,13.563976180020884,13.302643783028886,13.496535717046251,9107120
2021-07-26,13.445955276489258,13.488105767804397,13.395375330074092,13.395375330074092,8250388
2021-07-27,13.454383850097656,13.614554732285901,13.412233364062756,13.479673820137137,9723174
2021-07-28,13.100320816040039,13.403802862868426,12.897999451487783,13.403802862868426,19674277
2021-07-29,13.319502830505371,13.344792800340846,13.117181463914276,13.20148163135041,5956516
2021-07-30,13.26892375946045,13.445955178531303,13.260493500468089,13.31107425046851,9008970
2021-08-02,13.445955276489258,13.479675508750619,13.361655097812731,13.361655097812731,6641340
2021-08-03,13.53868579864502,13.53868579864502,13.479675592808098,13.488105851914446,7457979
2021-08-04,13.741007804870605,13.766298583314946,13.62298738794553,13.639847906908424,11665912
2021-08-05,13.926469802856445,13.934900062038375,13.7157181470308,13.766298094214847,9920790
2021-08-06,13.757866859436035,13.926468815303675,13.715717174422835,13.926468815303675,9465060
2021-08-09,13.55554485321045,13.757866226194803,13.530254078622152,13.757866226194803,7610482
2021-08-10,13.454383850097656,13.580835308202362,13.353223165986083,13.572405050204651,9421715
2021-08-11,13.27735424041748,13.445955403314569,13.193053256992055,13.445955403314569,14256296
2021-08-12,13.27735424041748,13.395375456422324,13.235203748704768,13.235203748704768,4373970
2021-08-13,13.024450302124023,13.319502899564393,13.016020044150606,13.319502899564393,13607964
2021-08-16,12.94015121459961,13.04131190686537,12.847419977057374,12.999161417432875,15037561
2021-08-17,12.729399681091309,12.973871557162155,12.720969422341414,12.973871557162155,18307104
2021-08-18,12.9064302444458,12.923289956880689,12.5270766652399,12.64509786809881,13349421
2021-08-19,12.61137866973877,12.864280808555867,12.602948410855662,12.864280808555867,15533489
2021-08-20,12.543935775756836,12.729397415476885,12.44277510062415,12.645096450889524,8435042
2021-08-23,12.973871231079102,13.032881432937756,12.670388355340409,12.670388355340409,8354647
2021-08-24,12.999160766601562,13.125611424614307,12.957010279279423,13.07503148299068,7457271
2021-08-25,13.252062797546387,13.311072997028715,13.066601136947206,13.066601136947206,12149823
2021-08-26,13.294214248657227,13.479675118752017,13.243633499751729,13.429095173800249,10442695
2021-08-27,13.386945724487305,13.412235698929384,13.184624321043072,13.209914295485154,7097192
2021-08-30,13.56397533416748,13.56397533416748,13.420664158294882,13.437523871010296,14040133
2021-08-31,13.631415367126465,13.631415367126465,13.403803222925756,13.530253878179266,9353870
2021-09-01,13.909607887268066,13.92646840393828,13.631415793838999,13.631415793838999,22721506
2021-09-02,13.808446884155273,14.120360021970608,13.808446884155273,13.909608379851644,14460513
2021-09-03,14.095067977905273,14.095067977905273,13.850596931154737,13.850596931154737,13399296
2021-09-06,14.095067977905273,14.229948888093285,14.061348554311913,14.103498235780435,12156368
2021-09-07,13.926469802856445,14.15408197704595,13.800019130942564,14.103500421954374,11357823
2021-09-08,13.614555358886719,13.95175765477814,13.572405674865559,13.884317195599856,13454893
2021-09-09,13.74943733215332,13.78315836828336,13.50496625184054,13.555546198128097,5864525
2021-09-10,14.103499412536621,14.103499412536621,13.791587884667061,13.791587884667061,10280781
2021-09-13,13.87588882446289,14.10350100811222,13.859029913305886,14.078211837422915,6810500
2021-09-14,13.87588882446289,13.943330900721296,13.859029913305886,13.909609862592093,2890139
2021-09-15,13.74943733215332,13.901178778923494,13.707287644898273,13.867459350700956,4621549
2021-09-16,13.673565864562988,13.850598078795437,13.639846438175683,13.842167820221757,5913414
2021-09-17,13.808446884155273,13.859028435957171,13.614555759303608,13.68199622046538,3507982
2021-09-22,13.462815284729004,13.521826291916817,13.40380427754119,13.479674998244292,9490373
2021-09-23,13.656705856323242,13.732576569473384,13.580835143173102,13.580835143173102,6785290
2021-09-24,13.800017356872559,13.825306523259751,13.732576899994504,13.741005550185353,3688027
2021-09-27,13.808446884155273,13.859028435957171,13.774727457528101,13.842167918689873,2361937
2021-09-28,13.63984489440918,13.757865285268245,13.589264956599184,13.757865285268245,7013300
2021-09-29,13.201482772827148,13.403804156912122,13.193052514168512,13.403804156912122,17454599
2021-09-30,13.302642822265625,13.311073080517026,13.066601218902164,13.159331647806534,4880827
2021-10-01,13.007591247558594,13.193052108625388,12.957010501115303,13.18462265417958,11138576
2021-10-04,12.822129249572754,13.125611308490608,12.796839278984685,13.066601109133886,10884715
2021-10-05,12.881141662597656,12.898002181856354,12.518649342027539,12.678820255216129,12126052
2021-10-06,12.813700675964355,12.990732101261887,12.77155018347375,12.957011868060157,5592748
2021-10-07,13.27735424041748,13.294214758684069,12.931721655490009,12.931721655490009,7998740
2021-10-08,13.209914207458496,13.370085116462738,13.184624233184941,13.31107490850651,6268874
2021-10-12,13.007591247558594,13.07503170684719,12.940150788269998,13.066601448447694,6050354
2021-10-13,12.729399681091309,13.049741474050027,12.720969422341414,13.032881760503964,10634188
2021-10-14,12.75468921661377,12.898000394639496,12.68724875683151,12.813699417934822,5104241
2021-10-15,13.10875129699707,13.150901782984604,12.973870384999879,12.973870384999879,7396901
2021-10-18,13.075032234191895,13.201482899469621,13.066601975452386,13.125612178721497,4701637
2021-10-19,13.302642822265625,13.34479330956895,13.12561141875461,13.12561141875461,5471178
2021-10-20,13.319502830505371,13.429093771730624,13.294212860669896,13.370082770176321,4692026
2021-10-21,13.327934265136719,13.538685104310725,13.302643489114717,13.319504006462719,7214783
2021-10-22,13.42066478729248,13.462815276987044,13.285783863432853,13.31950409439776,5468633
2021-10-25,13.40380573272705,13.437525967372192,13.302645028791632,13.386946017381387,5396645
2021-10-26,13.471243858337402,13.555544832260766,13.462814404108002,13.479674116520473,5755800
2021-10-27,13.766298294067383,13.783158812676014,13.47124565004654,13.488106168655172,11567568
2021-10-28,13.631415367126465,13.757866022379975,13.597694334841625,13.741005506237556,6998952
2021-10-29,13.63984489440918,13.724145862697325,13.606123863931028,13.690424832219174,7759724
2021-11-01,13.774728775024414,13.791589293904353,13.690427788532299,13.690427788532299,5678069
2021-11-02,13.665135383605957,13.968618255689963,13.665135383605957,13.833737336520935,8178729
2021-11-03,13.68199634552002,13.816877269076386,13.62298614245254,13.749436807298203,3711289
2021-11-04,13.63984489440918,13.825305738317315,13.631414636789641,13.791586315746397,3835736
2021-11-05,13.89274787902832,13.909608396315576,13.74100643925787,13.749436697901498,11302995
2021-11-08,13.977049827575684,13.993910346033072,13.901179102424969,13.909609361653663,7420090
2021-11-09,14.162508010864258,14.280530009691402,14.086637300156534,14.086637300156534,10349424
2021-11-10,14.120361328125,14.16251101728473,14.036060341897961,14.16251101728473,5399993
2021-11-11,14.07820987701416,14.145650335973798,13.951757609545885,14.019198068505524,3683402
2021-11-12,14.154081344604492,14.288962269673469,14.12879056818876,14.12879056818876,5793118
2021-11-15,14.373260498046875,14.415411788718574,14.263670358115116,14.263670358115116,10419524
2021-11-16,14.512890815734863,14.556526485373631,14.434349939446275,14.521617949662616,8237942
2021-11-17,14.617618560791016,14.669979713447548,14.521621727144845,14.565257408134482,4325394
2021-11-18,14.722339630126953,14.765973637989045,14.66124968877704,14.66124968877704,4264597
2021-11-19,14.731066703796387,14.870699206123948,14.69615982661266,14.861972070695295,5972306
2021-11-22,14.809610366821289,14.870700319395262,14.704888062899355,14.722342335063347,4404493
2021-11-23,14.54780101776123,14.783428667207744,14.539073882833865,14.74852012749828,6284420
2021-11-24,14.460532188415527,14.652525839113176,14.434352446615584,14.539074742877132,4980625
2021-11-25,14.390716552734375,14.486713376637894,14.347082540704154,14.477986241325677,4323071
2021-11-26,14.120180130004883,14.338353490074104,14.059091855510403,14.320899221781211,12666020
2021-11-29,14.285992622375488,14.364533502131179,13.989276713856048,13.989276713856048,7733112
2021-11-30,14.408171653747559,14.591436512273654,14.399444517932368,14.451805668292545,7952559
2021-12-01,14.54780101776123,14.582707892939904,14.364534513348124,14.408170187984954,6235050
2021-12-02,14.591435432434082,14.704886525104632,14.460531733955694,14.460531733955694,8706373
2021-12-03,14.626344680786133,14.669978694213153,14.547802124992764,14.626344680786133,3336101
2021-12-06,14.582708358764648,14.635071170001503,14.49544033576491,14.608889764383076,3532124
2021-12-07,14.52161979675293,14.600162347562405,14.425624640398645,14.600162347562405,5720034
2021-12-08,14.591435432434082,14.73106626608181,14.591435432434082,14.704886525104632,4916315
2021-12-09,14.539073944091797,14.608889359274091,14.460531393945367,14.608889359274091,5152953
2021-12-10,14.469259262084961,14.486713532897664,14.373262437145979,14.469259262084961,4000523
2021-12-13,14.504167556762695,14.556528703778422,14.477986150989407,14.48671328624717,3746867
2021-12-14,14.268538475036621,14.451803303575495,14.251084206262247,14.451803303575495,6507707
2021-12-15,14.35580825805664,14.381987996876587,14.242357174734538,14.329626854705994,3391933
2021-12-16,14.722339630126953,14.748519369031927,14.49543912727653,14.49543912727653,9889689
2021-12-17,14.600162506103516,14.66125078750072,14.556528494971463,14.556528494971463,4861760
2021-12-20,14.399442672729492,14.573982037605179,14.390715538032634,14.573982037605179,5435577
2021-12-21,14.591435432434082,14.617616837942094,14.42562485780918,14.42562485780918,7172281
2021-12-22,14.696158409118652,14.722339812879326,14.617615862367355,14.617615862367355,8003011
2021-12-23,14.783429145812988,14.879424304060226,14.765974875393185,14.818336022121754,8274771
2021-12-24,14.809610366821289,14.914334335274232,14.792157759188306,14.861973183313266,8267687
2021-12-27,14.914331436157227,14.975419712325566,14.827061756832162,14.844516025603312,5558461
2021-12-28,15.036507606506348,15.06268900899796,14.975419331889894,14.975419331889894,5174324
2021-12-29,15.071417808532715,15.106324684514716,15.01905499776347,15.062690673404507,5513542
2021-12-30,15.158686637878418,15.167412107982269,15.080144090697903,15.088871225332486,6022840
2022-01-03,15.053962707519531,15.350678627380926,15.036508438226335,15.272136080092277,9045684
2022-01-04,15.132506370544434,15.22850319420423,15.115052099964315,15.167413247173814,5076319
2022-01-05,15.010329246520996,15.132505806969933,14.984147841625884,15.132505806969933,6398006
2022-01-06,14.81833553314209,14.923059487674362,14.72234037806253,14.923059487674362,9397095
2022-01-07,14.556528091430664,14.923059434183623,14.521619551868104,14.861971154479926,13279612
2022-01-10,14.661250114440918,14.661250114440918,14.39944273060584,14.495439548126386,6054740
2022-01-11,14.539073944091797,14.678704774456385,14.469258528909503,14.669977639492249,9615504
2022-01-12,14.60888957977295,14.713613536392435,14.565255568824474,14.669977860913141,6038840
2022-01-13,14.60888957977295,14.704886401296577,14.573982703920333,14.652525255252243,7022647
2022-01-14,14.556528091430664,14.696158920619336,14.373261587788793,14.696158920619336,11216557
2022-01-17,14.704886436462402,14.704886436462402,14.573982738773111,14.573982738773111,5167571
2022-01-18,14.63507080078125,14.853244181838104,14.63507080078125,14.704886216138211,6378174
2022-01-19,14.477984428405762,14.565254106069236,14.3994418849617,14.477984428405762,5158000
2022-01-20,14.469259262084961,14.504167803710365,14.364535301739627,14.434352384990436,4651406
2022-01-21,14.22490406036377,14.329628017735319,14.181270049101942,14.312173747418255,10653654
2022-01-24,14.294717788696289,14.303444922824024,13.971822148623238,14.181268374096993,7041243
2022-01-25,14.085272789001465,14.216178147778983,14.067820183757807,14.172542473342883,6857007
2022-01-26,13.980551719665527,14.085274018390965,13.945643177069762,13.989278855314467,6744429
2022-02-07,13.806010246276855,14.0416378795444,13.710014265463414,14.032910745216267,14022479
2022-02-08,13.823466300964355,13.919462294180752,13.788558591406987,13.840919739610316,6775622
2022-02-09,13.971823692321777,13.989277962505712,13.858373432922436,13.91073457894342,6632171
2022-02-10,14.172542572021484,14.172542572021484,14.04163887686331,14.04163887686331,7151593
2022-02-11,14.128910064697266,14.146362671918865,14.024186098712816,14.094001521192126,4785917
2022-02-14,13.74492359161377,13.971824117314272,13.718743017806922,13.971824117314272,11680070
2022-02-15,13.753650665283203,13.902008636632313,13.736196394646635,13.753650665283203,6425791
2022-02-16,13.963096618652344,14.015457764903658,13.936916045526687,13.963096618652344,6672462
2022-02-17,13.875828742980957,13.99800698622208,13.840921030168717,13.971825577413759,7421185
2022-02-18,13.84964656829834,13.84964656829834,13.710015733161676,13.753650577208239,5494103
2022-02-21,13.797285079956055,13.806011382737166,13.710015394021687,13.7711036748165,6874156
2022-02-22,13.56165599822998,13.69255968107212,13.439478617249415,13.69255968107212,13379252
2022-02-23,13.605292320251465,13.622745758143227,13.535476904153601,13.579111747281118,4697853
2022-02-24,13.238759994506836,13.456933361809499,13.221305725635256,13.439479092937919,14633564
2022-02-25,13.299849510192871,13.378392062902208,13.238761227981353,13.29112237494396,9255438
2022-03-01,13.579110145568848,13.614017849500271,13.422025061744785,13.422025061744785,6107887
2022-03-02,13.535476684570312,13.544203819507318,13.404572157311398,13.518022414696299,3576462
2022-03-03,13.570383071899414,13.701286754158366,13.570383071899414,13.683833318247652,6095435
2022-03-04,13.334757804870605,13.439480935662925,13.334757804870605,13.422027496663603,7651100
2022-03-07,12.86350154876709,13.134036890678791,12.784959003300294,13.134036890678791,23451804
2022-03-08,12.514424324035645,12.78495883001522,12.496970055383885,12.680235714900675,18161768
2022-03-09,12.732598304748535,12.784959448707008,12.636601487049038,12.654055756545446,10810215
2022-03-10,13.134038925170898,13.195127211212075,13.011861520823068,13.011861520823068,6990011
2022-03-11,12.933317184448242,13.090402278110483,12.924590882117844,13.090402278110483,6243381
2022-03-14,12.854774475097656,13.07294784364119,12.802413332715805,13.020586701259338,7121129
2022-03-15,12.38352108001709,12.793687280614517,12.366067641834977,12.793687280614517,18002299
2022-03-16,12.444610595703125,12.56678716371483,12.348613769676271,12.540606589464529,9854522
2022-03-17,13.003131866455078,13.003131866455078,12.828593345668393,12.846047613879719,9327153
2022-03-18,12.976953506469727,13.029315487756003,12.89841095067304,13.029315487756003,6306300
2022-03-21,13.020588874816895,13.125312009327628,13.020588874816895,13.09040429782405,6160979
2022-03-22,13.029314994812012,13.046768433070142,12.95949957724864,13.046768433070142,5244017
2022-03-23,13.18639850616455,13.230033347686389,13.11658309263576,13.11658309263576,5565590
2022-03-24,13.116583824157715,13.125310959401878,13.01186069802404,13.099130385934815,5625849
2022-03-25,13.116583824157715,13.195126376824327,13.072948980202328,13.195126376824327,5685199
2022-03-28,12.907136917114258,12.976952330994987,12.78495952669029,12.976952330994987,9556457
2022-03-29,12.95077133178711,12.994406172089995,12.915863625997874,12.968224768549051,4852197
2022-03-30,13.107856750488281,13.151490759612734,13.04676763963637,13.09912961575724,7283692
2022-03-31,13.020588874816895,13.099131433766317,13.00313460293236,13.09040429782405,3995580
2022-04-01,12.828594207763672,12.854774779574708,12.767505929449463,12.854774779574708,6591269
2022-04-06,12.59296703338623,12.654055309936876,12.54933219345062,12.654055309936876,11480780
2022-04-07,12.339886665344238,12.505698067852448,12.339886665344238,12.462063225424373,16736041
2022-04-08,12.270071029663086,12.435882429188837,12.24388962531793,12.435882429188837,12462871
2022-04-11,11.92099380493164,12.261344590334653,11.912266669654926,12.261344590334653,21785079
2022-04-12,11.877358436584473,11.982081558486616,11.746454742273142,11.859904999066812,9006105
2022-04-13,12.112985610961914,12.156620451446289,11.973354787224197,11.973354787224197,7667802
2022-04-14,12.112985610961914,12.208981594215254,12.069350770477538,12.208981594215254,5623116
2022-04-15,11.746455192565918,11.964628579625266,11.729000922113766,11.964628579625266,15560399
2022-04-18,11.763908386230469,11.842450937101733,11.641731824666643,11.659185262490587,7225965
2022-04-19,11.816269874572754,11.955900700439699,11.798816437472071,11.868631850405544,7032179
2022-04-20,11.798816680908203,11.912266105066784,11.781362411182029,11.859904960419037,5761770
2022-04-21,11.842452049255371,11.90354116803972,11.824998609792331,11.824998609792331,4540795
2022-04-22,11.563189506530762,11.676639767598763,11.545735236090104,11.667912632378435,11852146
2022-04-25,11.179204940795898,11.336289216653045,11.135570096065686,11.336289216653045,15777703
2022-04-26,11.083209037780762,11.275201871203407,11.074481901655753,11.231567022843873,8259234
2022-04-27,10.873761177062988,10.891214614499711,10.699222641368838,10.734130348507668,10964859
2022-04-28,11.12684154510498,11.249018928353026,10.95230302065444,11.013391296145796,8808271
2022-04-29,11.30138111114502,11.467193348854085,11.275200538130845,11.38865079754615,9084680
2022-05-03,11.266473770141602,11.310108614763953,11.214112622407129,11.292654344008838,6929272
2022-05-04,11.292654037475586,11.345016016054156,11.24029289116243,11.336288880913491,5164174
2022-05-05,11.49337387084961,11.54573501664553,11.449739027842739,11.49337387084961,5810358
2022-05-06,11.266473770141602,11.27520090551916,11.135570068539984,11.187931216274455,7059750
2022-05-09,11.039573669433594,11.135570497756014,11.02212023027118,11.135570497756014,5545748
2022-05-10,11.13556957244873,11.144296707437494,10.777765360563462,10.838853640954001,6674300
2022-05-11,11.179204940795898,11.24029322405893,11.083208115936344,11.135570096065686,5633357
2022-05-12,11.039573669433594,11.187931647508725,11.030847365985121,11.06575507657542,6522007
2022-05-13,11.257747650146484,11.283929058640567,11.170478785296082,11.170478785296082,3980538
2022-05-16,11.310108184814453,11.537008702412795,11.292653914722855,11.441011881439817,5839500
2022-05-17,11.519554138183594,11.528281273006556,11.345015603051266,11.362469872697192,5336697
2022-05-18,11.554461479187012,11.676638866041989,11.554461479187012,11.676638866041989,6034427
2022-05-19,11.475918769836426,11.493373038681575,11.283926806131857,11.31883451155681,6160231
2022-05-20,11.571916580200195,11.571916580200195,11.441012049387817,11.510827466248251,4069040
2022-05-23,11.43228530883789,11.624277281721698,11.423558173998067,11.606823844307435,4716171
2022-05-24,11.153021812438965,11.458464846120961,11.153021812438965,11.449737712069405,5699614
2022-05-25,11.275200843811035,11.310108552864783,11.14429714292584,11.20538542570354,4678634
2022-05-26,11.083209037780762,11.336290159547449,11.083209037780762,11.310109583437933,5564197
2022-05-27,11.336289405822754,11.345016541367515,11.231566276081987,11.231566276081987,4196012
2022-05-30,11.659186363220215,11.667913499088808,11.493374943044364,11.493374943044364,5979503
2022-05-31,11.772635459899902,11.772635459899902,11.598096921243368,11.641731763973851,6801012
2022-06-01,11.798816680908203,11.894812667605997,11.763908141455854,11.781362411182029,5812964
2022-06-02,11.685367584228516,11.755183005531448,11.676640448499281,11.720275294879983,4678150
2022-06-06,11.7377290725708,11.781363920209863,11.5980982259382,11.702821360912651,4232237
2022-06-07,11.650459289550781,11.702820436770432,11.598097310065702,11.685366998452357,3361510
2022-06-08,11.772635459899902,11.842450875362518,11.737727752168595,11.737727752168595,4508007
2022-06-09,11.72900104522705,11.763908754232338,11.694093336221764,11.737728180544732,3233375
2022-06-10,11.633005142211914,11.641732277596125,11.554462588284899,11.554462588284899,2999800
2022-06-13,11.266473770141602,11.362470594763863,11.257746634764043,11.362470594763863,6073081
2022-06-14,11.19665813446045,11.205385269668719,11.013392456413888,11.153023290684521,5681482
2022-06-15,11.12684154510498,11.231564659775305,11.100660974503732,11.205384089174057,5868099
2022-06-16,10.969757080078125,11.345015553161465,10.969757080078125,11.345015553161465,5141080
2022-06-17,10.777765274047852,10.891214698929481,10.68176845447285,10.81267298145729,10216990
2022-06-20,10.559592247009277,10.786491936608781,10.550865111799377,10.7777656336643,8403565
2022-06-21,10.725403785705566,10.725403785705566,10.55959237601877,10.603226388070526,4870190
2022-06-22,10.315237998962402,10.707950781473532,10.315237998962402,10.707950781473532,11362088
2022-06-23,10.097063064575195,10.376325537679675,10.02724765436541,10.376325537679675,8527771
2022-06-24,10.053428649902344,10.22796716835232,10.035974381924694,10.193059464662324,6582812
2022-06-27,10.33269214630127,10.428688140726692,10.236695319610392,10.236695319610392,8857064
2022-06-28,10.123245239257812,10.323964350844633,10.07961039648425,10.323964350844633,5612802
2022-06-29,10.001068115234375,10.079610667888549,9.922525562580203,9.96616040652868,7169500
2022-06-30,9.651991844177246,9.896345825775324,9.634537572216065,9.887618689794733,10812042
2022-07-01,9.180736541748047,9.634536754785191,9.172009406507899,9.608356181330173,15944069
2022-07-04,9.05855941772461,9.233097966451727,8.988743998233762,9.163282546960879,11020638
2022-07-05,9.06728744506836,9.285460860502738,8.866567470090654,9.276733724141634,10287500
2022-07-06,8.779296875,9.093466231763113,8.779296875,9.049831390813004,11514731
2022-07-07,9.137100219726562,9.154553655118033,8.753114653930721,8.857837763075418,8138279
2022-07-08,9.320367813110352,9.442544383133672,9.259278695833228,9.32909411649383,11219133
2022-07-11,9.206915855407715,9.425089212965883,9.163281017443019,9.425089212965883,6305968
2022-07-12,8.85783863067627,9.067285701745714,8.805477487107938,9.058558567062535,7562709
2022-07-13,9.05855941772461,9.233097966451727,9.041105146719172,9.206917392209022,7023554
2022-07-14,9.180736541748047,9.206917115203064,8.901474039921302,8.98001659255178,5452447
2022-07-15,9.425088882446289,9.451269451400881,9.198188398799081,9.29418437314277,13317519
2022-07-18,9.584534645080566,9.664702820005486,9.504366470155647,9.664702820005486,7634090
2022-07-19,9.522181510925293,9.566719481968056,9.45982886116011,9.468736625266892,4575184
2022-07-20,9.682518005371094,9.7805008634737,9.664703326393871,9.744870656028102,7965700
2022-07-21,9.940837860107422,9.940837860107422,9.709241072092725,9.709241072092725,7119793
2022-07-22,9.8873929977417,10.065544046905533,9.860669703248716,9.967560332747016,6711600
2022-07-25,9.744871139526367,9.82503932262935,9.718148694989106,9.798316878092088,3985170
2022-07-26,9.557812690734863,9.718149063012719,9.522182480172143,9.709241297999233,5507314
2022-07-27,9.70924186706543,9.70924186706543,9.468738144043764,9.522183038274678,6032711
2022-07-28,9.637981414794922,9.842855774083564,9.629074498775545,9.807225561532228,6097000
2022-07-29,9.691427230834961,9.771595422047744,9.64688925243994,9.744872125315961,5677798
2022-08-01,9.646888732910156,9.709241389610437,9.584536076209876,9.673611178711528,6458059
2022-08-02,9.379661560058594,9.504367720738516,9.335123584852106,9.504367720738516,10035519
2022-08-03,9.433107376098633,9.442015141109842,9.335123659957787,9.335123659957787,5026855
2022-08-04,9.397477149963379,9.424199595461472,9.272770988486906,9.397477149963379,9366169
2022-08-05,9.629075050354004,9.629075050354004,9.49546110851428,9.49546110851428,5783541
2022-08-08,9.575629234313965,9.60235168269169,9.504368805645818,9.557813702401269,5167000
2022-08-09,9.531089782714844,9.575627756129965,9.406384476541929,9.513275103043508,5228500
2022-08-10,9.335124015808105,9.397477523772226,9.326217099948597,9.388569758421458,6172328
2022-08-11,9.531089782714844,9.548905311877366,9.477644894209648,9.504367338462245,6273798
2022-08-12,9.735963821411133,9.735963821411133,9.54890501840948,9.54890501840948,7481469
2022-08-15,9.931930541992188,9.931930541992188,9.79831746185431,9.91411586106972,5415769
2022-08-16,9.905207633972168,9.985375818113063,9.887392953880417,9.958653373229833,4665763
2022-08-17,9.905207633972168,9.923023163555126,9.833947214622752,9.851762744205708,6713039
2022-08-18,9.896300315856934,9.896300315856934,9.74487170553179,9.833947658484666,4508314
2022-08-19,9.931930541992188,9.994284048948945,9.896300330656004,9.91411586106972,4004900
2022-08-22,9.798316955566406,9.851762694554717,9.780501426073236,9.851762694554717,2617000
2022-08-23,9.629075050354004,9.682519947496834,9.611259518312178,9.646889732904505,4450614
2022-08-24,9.602350234985352,9.727056391098841,9.584535555249818,9.673610652909863,3576968
2022-08-25,9.735963821411133,9.789408708273799,9.673610320749809,9.673610320749809,3529913
2022-08-26,9.825039863586426,9.887393370261421,9.816132947911063,9.825039863586426,3666917
2022-08-29,9.513275146484375,9.531089826237059,9.442014728491257,9.4954596172405,6191805
2022-08-30,9.575629234313965,9.60235168269169,9.513276571602166,9.539999019979891,2517384
2022-08-31,9.664703369140625,9.664703369140625,9.486551481633521,9.486551481633521,3349935
2022-09-01,9.433107376098633,9.53999800775946,9.397477165545023,9.50436779720585,7712796
2022-09-02,9.35293960571289,9.4420155608019,9.35293960571289,9.4420155608019,4800315
2022-09-05,9.201509475708008,9.37966050704245,9.16587926944112,9.335122536836058,7814721
2022-09-06,9.16588020324707,9.290586362631617,9.13024999335023,9.254956152734778,6300179
2022-09-07,9.005544662475586,9.050082641316932,8.907561788617656,9.014452428142112,8479147
2022-09-08,9.148065567016602,9.156972482415215,9.014451642142795,9.0500818522109,2946010
2022-09-12,9.35293960571289,9.40638534866455,9.335124074898582,9.3707551365272,6352300
2022-09-13,9.40638542175293,9.495460528042795,9.388569890800193,9.44201563416713,3907013
2022-09-14,9.263862609863281,9.281678138676082,9.085711569191135,9.094619333597535,3865375
2022-09-15,9.290586471557617,9.352939127235327,9.272770941654715,9.290586471557617,2304100
2022-09-16,9.130249977111816,9.219325926441098,9.121342212280645,9.165880186945287,3817297
2022-09-19,9.041173934936523,9.156972328078945,9.023359254948337,9.156972328078945,3902018
2022-09-20,9.06789779663086,9.130250454728388,9.041174500739414,9.1035280083282,3420355
2022-09-21,9.023360252380371,9.05899046578647,8.969914507525575,9.03226801810472,6030960
2022-09-22,8.898651123046875,8.916466648574183,8.79176051835607,8.871928684246926,9607682
2022-09-23,8.773947715759277,8.898653023113825,8.738317506587807,8.871930578608021,10287995
2022-09-26,8.426552772521973,8.622519353136312,8.373107032539437,8.622519353136312,13452015
2022-09-27,8.444368362426758,8.462183894170312,8.355293252182909,8.462183894170312,6681560
2022-09-28,8.159324645996094,8.471089578987963,8.159324645996094,8.471089578987963,10842496
2022-09-29,8.123695373535156,8.319661949616847,8.088065164201321,8.275123975576754,9922338
2022-09-30,8.132604598999023,8.168234814732665,7.927730221412062,7.963360437145705,9319246
2022-10-03,8.07025146484375,8.177142105832841,7.998990188026387,7.998990188026387,10790527
2022-10-04,8.39983081817627,8.408737734117878,8.301847097397161,8.301847097397161,6011639
2022-10-05,8.622517585754395,8.711592668145691,8.577979619813226,8.631424499349794,9734018
2022-10-06,8.622517585754395,8.684870228377406,8.569071856726783,8.658147788609122,5990518
2022-10-07,8.408736228942871,8.551257901883526,8.399829314595612,8.5245346103684,5509245
2022-10-11,7.909914016723633,8.105880590307812,7.909914016723633,8.105880590307812,14370299
2022-10-12,7.8653764724731445,7.909914448376105,7.7584858400007795,7.909914448376105,8555426
2022-10-13,7.705039978027344,7.918822089106303,7.696133062579603,7.865376348963758,8143219
2022-10-14,8.079157829284668,8.114788040513936,7.954452514727856,7.96335943041674,6888655
2022-10-17,7.998989582061768,7.998989582061768,7.79411608139239,7.92772916013405,7867339
2022-10-18,8.025712966918945,8.159326047150877,7.927729248557032,8.13260360100274,11170900
2022-10-19,7.998989582061768,8.096973299330807,7.981174901325457,8.02571287740309,5384313
2022-10-20,7.990082740783691,7.998989656489103,7.829746365208845,7.883192106897542,5416750
2022-10-21,7.92772912979126,8.088065503260566,7.92772912979126,8.007897316525913,6321398
2022-10-24,8.016804695129395,8.168233296218911,8.007896930479143,8.114787557808592,6464269
2022-10-25,7.7941155433654785,8.007896794391334,7.7852077788666065,8.007896794391334,7250519
2022-10-26,7.7941155433654785,7.856468195875225,7.758485334861168,7.7941155433654785,3783963
2022-10-27,7.990082740783691,7.998989656489103,7.874284341700885,7.892099022602953,5367416
2022-10-28,7.8386549949646,7.936637874461047,7.811932545918539,7.91882319159412,5126480
2022-10-31,7.9455437660217285,7.990081736918064,7.847560909642701,7.954451530099224,4189353
2022-11-01,8.025712966918945,8.061343178280211,7.945544778983288,7.945544778983288,4468994
2022-11-02,8.123695373535156,8.123695373535156,8.016804745533651,8.061342719573744,4874975
2022-11-03,8.096973419189453,8.096973419189453,7.963359488978683,7.981175019469952,5557129
2022-11-04,8.150419235229492,8.150419235229492,7.99008369009621,8.043528588643522,4442645
2022-11-07,8.33747673034668,8.355292259974604,8.221678336238796,8.266216310817398,5794577
2022-11-08,8.37310791015625,8.515629615217506,8.355293227955661,8.444368337941224,7627586
2022-11-09,8.711594581604004,8.729410111689981,8.52453576315739,8.533443528200378,7321522
2022-11-10,8.720501899719238,8.729409664305702,8.613611273155232,8.613611273155232,6151768
2022-11-11,9.219325065612793,9.326215685132597,9.094618918094122,9.246047508119961,13132782
2022-11-14,9.335124015808105,9.352939546509642,9.23714114542343,9.254956676124968,12113693
2022-11-15,9.700334548950195,9.709241464625311,9.45092222123961,9.495460197580162,17563237
2022-11-16,9.810774803161621,9.847588182476104,9.663521285903691,9.838384618222433,12013496
2022-11-17,9.801569938659668,9.819977064725169,9.654316440935967,9.691129815366892,9043053
2022-11-18,9.76475715637207,9.967231166870398,9.75555447048134,9.856791036880438,8224950
2022-11-21,9.663520812988281,9.810774323039887,9.663520812988281,9.764757381723722,4934573
2022-11-22,9.672724723815918,9.709538102649558,9.580690837881725,9.617504216715366,4706309
2022-11-23,9.691130638122559,9.810774334605572,9.681927952008598,9.783164520863386,3054950
2022-11-24,9.902807235717773,9.921213483821303,9.755553740089267,9.755553740089267,6157978
2022-11-25,9.792367935180664,9.912011629837117,9.792367935180664,9.912011629837117,4015036
2022-11-28,9.617504119873047,9.709538004880516,9.59909786949166,9.626707683913828,4520657
2022-11-29,9.59909725189209,9.626707064537863,9.461046433262986,9.49785980935739,3343070
2022-11-30,9.672724723815918,9.681928287949374,9.580690837881725,9.599097966148637,2462569
2022-12-01,9.985638618469238,10.031654682518276,9.912011862750584,9.921214548940295,11688443
2022-12-02,10.004044532775879,10.031654345818644,9.875197275742746,9.939621343109378,2688160
2022-12-05,10.013249397277832,10.151299358127243,10.004045832501138,10.031655649130972,9932055
2022-12-06,9.727945327758789,9.985639883110213,9.709539075348127,9.985639883110213,7726051
2022-12-07,9.589893341064453,9.755553966338532,9.589893341064453,9.672723653701492,4223529
2022-12-08,9.46104621887207,9.571486344652666,9.424232843611872,9.571486344652666,4676650
2022-12-09,9.635910034179688,9.681926970886957,9.553079723646613,9.571485971709482,3370576
2022-12-12,9.516266822814941,9.571486447448237,9.470249883820458,9.571486447448237,3416970
2022-12-13,9.488656997680664,9.589893561171689,9.479453434354177,9.571486434518716,2964773
2022-12-14,9.727945327758789,9.727945327758789,9.525472162740162,9.553081980206288,3459050
2022-12-15,9.691130638122559,9.727944015678858,9.635911010638186,9.663520824380372,2792332
2022-12-16,9.507062911987305,9.54387628629732,9.433436163367274,9.479453100679812,3849511
2022-12-19,9.451844215393066,9.516267407322275,9.387420145763695,9.451844215393066,2754932
2022-12-20,9.203352928161621,9.488657255122689,9.203352928161621,9.387419811184827,5336270
2022-12-21,9.194148063659668,9.295385493272942,9.184944501385733,9.276978368725072,4604550
2022-12-22,9.295387268066406,9.359810460884434,9.28618370403521,9.313793518428625,2936550
2022-12-23,9.175743103027344,9.203352916019366,9.083709222787098,9.157335975899242,4638419
2022-12-26,9.157336235046387,9.221760304117774,9.120522857448519,9.203353176468761,2310098
2022-12-27,9.258572578430176,9.322995762124505,9.194148517035797,9.194148517035797,2393321
2022-12-28,9.019286155700684,9.138929850557444,8.982472778644768,9.12972628686843,6496163
2022-12-29,9.037692070007324,9.046895633354811,8.908845693942931,8.936455506285284,3521437
2022-12-30,9.074505805969238,9.18494593742341,9.074505805969238,9.18494593742341,2481382
2023-01-03,9.240166664123535,9.249370228057662,8.98247301786914,9.000879268037227,3424930
2023-01-04,9.240166664123535,9.276980042159877,9.194149722153066,9.221760413955446,1588862
2023-01-05,9.304590225219727,9.39662411281011,9.28618397432177,9.332200918116962,2123762
2023-01-06,9.543877601623535,9.543877601623535,9.258574130825739,9.258574130825739,5527545
2023-01-09,9.930418014526367,9.930418014526367,9.74635112705186,9.74635112705186,8288117
2023-01-10,9.967230796813965,9.994840608861344,9.884400482971728,9.948824548015745,8045121
2023-01-11,9.985638618469238,10.013248432438694,9.921214548940295,9.99484130465895,3881452
2023-01-12,9.912013053894043,10.031655888039417,9.912013053894043,10.022453200743804,4205270
2023-01-13,9.939620971679688,10.123687847920031,9.939620971679688,10.086874472671964,9075878
2023-01-16,9.994841575622559,10.050062082758677,9.98563888918336,9.994841575622559,4061455
2023-01-17,9.994841575622559,10.013248703901327,9.939621946186627,10.004045139761942,8727541
2023-01-30,10.556245803833008,10.565448489490668,10.399788737551342,10.399788737551342,9999446
2023-01-31,10.482619285583496,10.574652288108382,10.455008594895913,10.510229098570948,5384788
2023-02-01,10.574653625488281,10.602264319667798,10.501026863076719,10.556247373735511,4967082
2023-02-02,10.859957695007324,10.869161259485432,10.703500609680336,10.703500609680336,8950081
2023-02-03,10.896769523620605,10.924379335423335,10.777125835541991,10.869159711817877,6307338
2023-02-06,10.694295883178711,10.832346702249335,10.6758896339227,10.832346702249335,4803999
2023-02-07,10.712703704833984,10.731109955283605,10.63907694763514,10.63907694763514,2880011
2023-02-08,11.071632385253906,11.117649321521307,10.859955707203941,10.859955707203941,10092301
2023-02-09,11.007211685180664,11.090042013614923,10.979601868269329,11.071634883873863,6846473
2023-02-10,10.93358325958252,11.044023388139903,10.91517613263956,11.044023388139903,6902079
2023-02-13,10.777127265930176,10.878363841110145,10.767923701541031,10.878363841110145,6070421
2023-02-14,10.878363609313965,10.905974301893071,10.832347543749167,10.841550230242014,3241680
2023-02-15,10.675890922546387,10.813940880580084,10.63907754189072,10.767923935335443,7365620
2023-02-16,10.841550827026367,10.841550827026367,10.721907119031565,10.721907119031565,4022990
2023-02-17,10.721905708312988,10.740312835290409,10.639076270014964,10.675889646269683,5003600
2023-02-20,10.813939094543457,10.850752469119007,10.666685596241262,10.721905219254545,3640523
2023-02-21,10.93358325958252,10.970396635768314,10.813939567553655,10.813939567553655,3777436
2023-02-22,10.749515533447266,10.804735154534123,10.721904845203785,10.786328906738522,5110427
2023-02-23,11.016413688659668,11.071633314655884,10.823143242272652,10.823143242272652,5667381
2023-02-24,11.007211685180664,11.154465212308123,10.988804555439604,11.080838448744393,5338251
2023-03-01,11.182074546813965,11.191278111287444,10.832347873823922,10.859957689544142,5155210
2023-03-02,11.136056900024414,11.182072960463284,11.04402302374649,11.182072960463284,3885173
2023-03-03,11.172870635986328,11.320124140628632,11.136057259825751,11.191276885216556,6215796
2023-03-06,11.28331184387207,11.347735038891013,11.237294899844168,11.264904715180828,6109632
2023-03-07,11.329328536987305,11.347734787570698,11.21888752268621,11.274108029836757,3413971
2023-03-08,11.28331184387207,11.292515408217692,11.209685084507507,11.228091335498545,5005800
2023-03-09,11.320124626159668,11.384547817778818,11.320124626159668,11.329328190019591,3372827
2023-03-10,11.08083724975586,11.200480947026083,11.062430999706681,11.163667569227565,6074789
2023-03-13,11.053226470947266,11.062430034018517,10.8875658464651,10.99800597021985,7443525
2023-03-14,10.896769523620605,10.9888025221964,10.887565960453,10.951989147226064,4967088
2023-03-15,10.970396041870117,11.154462912834367,10.970396041870117,11.044022790255816,4341901
2023-03-16,10.97960090637207,11.0164142849288,10.887567021130154,10.887567021130154,3525306
2023-03-17,11.172870635986328,11.218886697911957,11.10844656943023,11.145259945590805,4163898
2023-03-20,11.182074546813965,11.255701307201365,11.172871860040702,11.209685240234403,3343277
2023-03-21,11.163667678833008,11.301717627507792,11.163667678833008,11.274107813312868,2431254
2023-03-22,11.356937408447266,11.36614097182464,11.274107093451116,11.28331065682849,3979835
2023-03-23,11.458174705505371,11.458174705505371,11.320124756813808,11.329328320779956,3577082
2023-03-24,11.448969841003418,11.504190340827419,11.412156467020772,11.504190340827419,4215955
2023-03-27,11.347734451293945,11.448971020753039,11.338530887424893,11.421361206846044,4835525
2023-03-28,11.163667678833008,11.338531005667745,11.154464114867977,11.301717627507792,3422322
2023-03-29,11.071632385253906,11.237293004736527,10.998005638306086,11.228089441943034,4292613
2023-03-30,11.200480461120605,11.209684024596001,11.15446352144375,11.182073334169814,2512781
2023-03-31,11.237293243408203,11.292513743641937,11.209683432141373,11.237293243408203,1496001
2023-04-06,11.136056900024414,11.163666711827753,11.07163283554983,11.154463148659943,2984083
2023-04-07,11.191276550292969,11.23729348854156,11.154463175234113,11.182072987103231,1593068
2023-04-10,11.218887329101562,11.274107835299267,11.200481078835775,11.209684642818754,1886159
2023-04-11,11.338530540466309,11.347734104053732,11.200480597455488,11.218886846930202,2793632
2023-04-12,11.310920715332031,11.329327842487231,11.23729396211149,11.329327842487231,2890881
2023-04-13,11.154462814331055,11.292513624610192,11.1452592514391,11.292513624610192,5337090
2023-04-14,11.29251480102539,11.301717487175985,11.200480917918194,11.209684481768944,4632998
2023-04-17,11.301716804504395,11.320123931094027,11.20048024136172,11.237293616840885,4167717
2023-04-18,11.2280912399292,11.32012512720165,11.209684989094828,11.301717998667081,5015707
2023-04-19,11.099244117736816,11.218886934506742,11.090040554077548,11.218886934506742,2709878
2023-04-20,10.97960090637207,11.108447292470538,10.961193778243615,11.108447292470538,9439745
2023-04-21,10.767922401428223,11.00720978045332,10.75871883815031,10.988802653897494,11736596
2023-04-24,10.758719444274902,10.78633013566417,10.675890003207558,10.712703380693094,3124224
2023-04-25,10.427398681640625,10.758719067404538,10.40899243239269,10.758719067404538,8669716
2023-04-26,10.38138198852539,10.390585552218,10.243332043936812,10.326162361770015,6224319
2023-04-27,10.436601638793945,10.519431949847878,10.316957953682719,10.353771327740015,2655898
2023-04-28,10.556245803833008,10.602262742921752,10.519432428102034,10.528635113759695,3049009
2023-05-02,10.685091972351074,10.721905347366492,10.51943222363174,10.583855410483698,3437499
2023-05-03,10.666686058044434,10.6758896215118,10.583855742238374,10.602262869173108,2027399
2023-05-04,10.685091972351074,10.694295535529951,10.611465222320238,10.657482160514533,2847581
2023-05-05,10.703499794006348,10.767922985043224,10.66668641659954,10.694296230229607,2281410
2023-05-08,10.777127265930176,10.859957590032064,10.767923701541031,10.813940645786547,2170155
2023-05-09,10.740313529968262,10.77712690860405,10.648279644528701,10.77712690860405,4265455
2023-05-10,10.648279190063477,10.703499694510455,10.583855999625454,10.703499694510455,4045589
2023-05-11,10.52863597869873,10.675890371419845,10.52863597869873,10.648279679078284,3070784
2023-05-12,10.547042846679688,10.556246410566445,10.455008963212435,10.482619654872709,2135359
2023-05-15,10.445805549621582,10.473415361659056,10.390585047846535,10.473415361659056,2554396
2023-05-16,10.556245803833008,10.593059179563982,10.528635113759695,10.537838677117467,2097232
2023-05-17,10.666686058044434,10.6758896215118,10.547042366069029,10.547042366069029,2502140
2023-05-18,10.7955322265625,10.832346479718483,10.749516165517731,10.813939353140492,3316494
2023-05-19,10.859957695007324,10.887567510741434,10.813940750316995,10.878363946263326,3038373
2023-05-22,10.82314395904541,10.887567152874192,10.813940394869816,10.869160902223191,1867272
2023-05-23,10.859957695007324,10.887567510741434,10.804737185838887,10.823144314795105,1737852
2023-05-24,10.7955322265625,10.823142916429488,10.731109038939739,10.823142916429488,2287833
2023-05-25,10.93358325958252,11.025616261196946,10.896769883396724,11.00721001195411,2978110
2023-05-26,11.2280912399292,11.237294804196484,11.136058230356948,11.145260916924034,6742644
2023-05-29,11.421361923217773,11.485785118941576,11.40295567202535,11.40295567202535,5132044
2023-05-30,11.430564880371094,11.439768444328436,11.356938124112677,11.42136131641375,3673984
2023-05-31,11.310920715332031,11.421360845162841,11.29251446587696,11.41215728158524,4182301
2023-06-01,11.274106979370117,11.283310542654363,11.209683791780607,11.246497167217486,3701190
2023-06-02,11.39375114440918,11.421360957713928,11.356937767436134,11.384547580740882,2619761
2023-06-05,11.366141319274902,11.430564509485647,11.366141319274902,11.412157382168212,2628619
2023-06-06,11.421361923217773,11.43976905211041,11.34773516304765,11.375344978686392,2416076
2023-06-07,11.605428695678711,11.623835824368387,11.467378741306959,11.467378741306959,6115100
2023-06-08,11.439767837524414,11.559411529523075,11.393750897878757,11.550207966053918,3792286
2023-06-09,11.587020874023438,11.61463068561513,11.504190561548276,11.504190561548276,5641059
2023-06-12,11.67905330657959,11.715866679486615,11.63303724872084,11.63303724872084,6386175
2023-06-13,12.001172065734863,12.001172065734863,11.83551143378557,11.83551143378557,6568827
2023-06-14,11.909138679504395,11.97356274887516,11.899935993337278,11.97356274887516,6234128
2023-06-15,12.019579887390137,12.084003080115984,11.945952252946087,11.945952252946087,9189552
2023-06-16,11.964359283447266,12.019579789405096,11.918342341432435,12.019579789405096,4680166
2023-06-19,12.019579887390137,12.056393265762075,11.87232549620221,11.927546002610205,5287111
2023-06-20,11.964359283447266,12.047189603533928,11.899936091246603,12.010376225462096,5369588
2023-06-21,11.872326850891113,11.92754736360003,11.817107215882471,11.899937546095709,6243971
2023-06-26,11.752681732177734,11.798697793176938,11.706664793478428,11.798697793176938,5302515
2023-06-27,11.642242431640625,11.771089703310803,11.633039744714367,11.70666650632583,3929255
2023-06-28,11.642242431640625,11.72507275787858,11.633039744714367,11.697462941699339,2472397
2023-06-29,11.697461128234863,11.835511065429335,11.669851316335988,11.75268162973271,3628973
2023-06-30,11.706665992736816,11.706665992736816,11.587022290942079,11.642241920877993,2935531
2023-07-03,11.807902336120605,11.85391927863779,11.771088957646892,11.771088957646892,3562200
2023-07-04,11.909138679504395,11.91834224337167,11.826309237799396,11.835511923966513,3833134
2023-07-05,11.844715118408203,11.909138308069512,11.817105305367662,11.88152849502897,4471654
2023-07-06,11.688258171081543,11.826308993134164,11.679054607404673,11.771088488773088,9579720
2023-07-07,11.577817916870117,11.651444670101396,11.541004540254479,11.596225044028003,3193750
2023-07-10,11.513394355773926,11.642240730921769,11.48578366592787,11.596224669911884,3121422
2023-07-11,11.623836517333984,11.642242769420761,11.596226700353691,11.623836517333984,2069646
2023-07-12,11.587020874023438,11.623834248712388,11.541003936237228,11.577817310926179,2836115
2023-07-13,11.697461128234863,11.826308379929774,11.67905400183555,11.771087878431928,5964146
2023-07-14,11.945952415466309,11.973563107896025,11.807902464118465,11.807902464118465,5707894
2023-07-17,11.899935722351074,11.973562476212322,11.890732158693384,11.964358912554632,4527531
2023-07-18,11.929100036621094,12.05140164013958,11.891468843015284,12.032585594737462,3822587
2023-07-19,11.90087604522705,12.07962488890562,11.891468919663783,11.976138432923786,4384711
2023-07-20,11.872653007507324,11.900876178911027,11.825613790368859,11.872653007507324,2714300
2023-07-21,11.71272087097168,11.740944043973961,11.543380935759503,11.599827281764064,4668704
2023-07-24,11.656272888183594,11.712719226261914,11.628048821946066,11.712719226261914,2902328
2023-07-25,11.750349998474121,11.82561237802765,11.693903662408143,11.693903662408143,2682344
2023-07-26,11.571602821350098,11.778574827136403,11.543379651487818,11.778574827136403,5534924
2023-07-27,11.665680885314941,11.68449693088018,11.590418497450852,11.590418497450852,2623953
2023-07-28,11.750349998474121,11.778574063705445,11.628048407400055,11.646864450887605,2896851
2023-07-31,11.68449592590332,11.85383673263183,11.609233544512506,11.84442871065839,5183312
2023-08-01,11.68449592590332,11.731535138572168,11.62804869126103,11.712719094625285,3379459
2023-08-02,11.449301719665527,11.665680860005729,11.421078548577334,11.646865711679744,5994292
2023-08-04,11.374038696289062,11.42107791027273,11.317591460068984,11.364630674052652,4790166
2023-08-07,11.402261734008789,11.439892925321093,11.336407373511848,11.374038564824154,4576400
2023-08-08,11.232921600341797,11.402262420034877,11.204698429459091,11.392854397341168,7078000
2023-08-09,11.251737594604492,11.289368788009922,11.16706718514267,11.2046983785481,3008968
2023-08-10,11.091804504394531,11.232921251625635,11.072989356789636,11.223514126422387,4406250
2023-08-11,11.110620498657227,11.214106053009402,11.110620498657227,11.214106053009402,3334261
2023-08-14,10.960095405578613,11.044765816838623,10.922464211373992,11.007134622634,5240256
2023-08-15,10.997725486755371,11.091803911344913,10.960094296359223,11.035356677151517,3628034
2023-08-16,10.931872367858887,10.997726734222386,10.913057219125795,10.931872367858887,3376300
2023-08-17,11.072989463806152,11.082396589100318,10.837794284682301,10.856609432469039,3015715
2023-08-18,10.997725486755371,11.120027079842435,10.988318362055097,11.044764699050141,2853163
2023-08-21,10.913057327270508,11.101213302458248,10.894241281152503,11.091805279399246,2864898
2023-08-22,10.922462463378906,11.007132861088543,10.913055339232066,10.997724839743407,2703693
2023-08-23,11.02595043182373,11.035357557274267,10.894240806333565,10.922463977082023,2140172
2023-08-24,11.232921600341797,11.270552793918212,11.176475258576387,11.176475258576387,4869601
2023-08-25,11.0823974609375,11.15765985240205,11.063582311670602,11.09180548417019,2547000
2023-08-28,11.214106559753418,11.279960924844417,11.157659320247964,11.157659320247964,1748085
2023-08-29,11.289368629455566,11.298776651974398,11.148251880466736,11.242329414059821,2700092
2023-08-30,11.411669731140137,11.468116069385767,11.402261709033075,11.402261709033075,1831330
2023-08-31,11.38344669342041,11.421077885084678,11.364630648989086,11.392853818437692,1403457
2023-09-01,11.4210786819458,11.468117001909263,11.336408270494058,11.336408270494058,1262551
2023-09-04,11.50574779510498,11.524563840193187,11.374039068281185,11.402262238715082,1692796
2023-09-05,11.609233856201172,11.618641878427203,11.458709089378203,11.477524236631885,2442157
2023-09-06,11.656272888183594,11.69390407930193,11.618641697065259,11.665680013064403,2659256
2023-09-07,11.56219482421875,11.61864206126484,11.552786801844668,11.581010868966912,2232860
2023-09-08,11.468116760253906,11.515155976424605,11.411670418607807,11.49634082827538,3078117
2023-09-11,11.364630699157715,11.496340319163265,11.364630699157715,11.48693229690607,2283020
2023-09-12,11.581011772155762,11.590418898065098,11.411670945009204,11.421078968117005,2042721
2023-09-13,11.675088882446289,11.684496905208238,11.581011346422093,11.581011346422093,2343929
2023-09-14,11.919692039489746,11.919692039489746,11.740943196579886,11.750351219301127,5426153
2023-09-15,11.985547065734863,11.99495508897542,11.92910072068848,11.947915869971116,4702745
2023-09-18,11.853837013244629,11.94791454361104,11.853837013244629,11.9102833520248,3028051
2023-09-19,11.769166946411133,11.872652501950418,11.769166946411133,11.872652501950418,1863800
2023-09-20,11.59041690826416,11.759757706338899,11.581009783969806,11.759757706338899,2463271
2023-09-21,11.336406707763672,11.47752344259792,11.317590664613334,11.430484231920397,3543017
2023-09-22,11.4210786819458,11.458709876235636,11.20469864188041,11.232921813298177,3228940
2023-09-25,11.524563789367676,11.581011027184939,11.439893381240983,11.439893381240983,1988113
2023-09-26,11.336406707763672,11.47752344259792,11.326998686188503,11.41166908596838,2406012
2023-09-27,11.279960632324219,11.326999847825835,11.214106268941002,11.279960632324219,3294000
2023-09-28,11.327000617980957,11.421079055380853,11.27996139928101,11.327000617980957,3375718
2023-10-02,11.50574779510498,11.543379885281393,11.449301454237187,11.449301454237187,2572882
2023-10-03,11.49634075164795,11.628049479409908,11.4681166838146,11.4681166838146,3560500
2023-10-04,11.411669731140137,11.421077753247198,11.308184179557568,11.364630517803198,2438330
2023-10-05,11.628049850463867,11.628049850463867,11.468117049765063,11.477525072676391,3029272
2023-10-06,11.628049850463867,11.665681044910736,11.552787461570128,11.646865896286524,3822472
2023-10-11,11.882061004638672,11.910284175981245,11.769167422069945,11.797390593412517,6101771
2023-10-12,12.032586097717285,12.032586097717285,11.900876465992082,11.91969251218074,4376562
2023-10-13,12.098440170288086,12.117256216018422,11.98554658750139,12.013770656096895,7283181
2023-10-16,12.013771057128906,12.060809378628052,11.947915792072854,11.976138964412035,5421861
2023-10-17,12.032586097717285,12.201926924621336,12.032586097717285,12.098440464980655,5020796
2023-10-18,11.947915077209473,12.079624702242706,11.947915077209473,12.03258548635952,5338644
2023-10-19,12.079625129699707,12.079625129699707,11.910284305407213,11.910284305407213,6690439
2023-10-20,12.070216178894043,12.107847370599778,11.957322603776836,12.060808156668013,6809550
2023-10-23,11.79738998413086,12.013770012444704,11.79738998413086,12.013770012444704,5324993
2023-10-24,11.806798934936523,11.835022107040865,11.693905349320689,11.82561408393993,4849376
2023-10-25,11.90087604522705,12.041993695057254,11.872652874140384,11.872652874140384,2501683
2023-10-26,11.533971786499023,11.665680512452239,11.533971786499023,11.618642194439465,4233167
2023-10-27,11.571602821350098,11.628049161074658,11.56219479899654,11.59041796885882,2520567
2023-10-30,11.731535911560059,11.778575127328308,11.57160311626706,11.57160311626706,3544092
2023-10-31,11.56219482421875,11.778574852830634,11.552786801844668,11.722127615784544,2650776
2023-11-01,11.722126960754395,11.740942107252774,11.62804853666746,11.665679726862566,3135240
2023-11-02,11.966732025146484,11.966732025146484,11.882061609609366,11.91028478238891,3685222
2023-11-03,11.976137161254883,12.032584394632883,11.929098846837944,12.032584394632883,3697809
2023-11-06,12.145479202270508,12.192518418680844,12.079624837615093,12.089032860336845,4925183
2023-11-07,12.183110237121582,12.211333407720453,12.098439828126553,12.098439828126553,6853400
2023-11-08,12.211332321166992,12.239556386452929,12.136069941467838,12.173701131317415,9212326
2023-11-09,12.25837230682373,12.26778032917977,12.136070707790383,12.183109922372193,10694350
2023-11-10,12.192519187927246,12.239558407305365,12.154887991864447,12.164296015179767,7073343
2023-11-13,12.437121391296387,12.540606947685358,12.41830534620835,12.41830534620835,15026433
2023-11-14,12.512384414672852,12.559423632590862,12.46534519675484,12.502976391649558,10312427
2023-11-15,12.578238487243652,12.728763263301865,12.550015316032345,12.70054009209056,11764345
2023-11-16,12.557228088378906,12.624073269750006,12.490383817692694,12.624073269750006,5187753
2023-11-17,12.68136978149414,12.700468667473075,12.557229754686098,12.557229754686098,6963733
2023-11-20,12.643171310424805,12.748213348564404,12.633621868651224,12.710016492154974,3033627
2023-11-21,12.79595947265625,12.81505835730283,12.7386646400864,12.7386646400864,5178703
2023-11-22,12.834156036376953,12.843705478480828,12.681368605454656,12.700467489662405,8555190
2023-11-23,12.805509567260742,12.891452731178195,12.757763263897157,12.872353845558765,4349828
2023-11-24,12.82460880279541,12.87235419677672,12.805509916654874,12.815059359725142,2993574
2023-11-27,12.700468063354492,12.891452360634304,12.69091862081926,12.82460808425761,3683975
2023-11-28,12.901001930236816,12.92009990481042,12.710017631075923,12.729115605649525,5312220
2023-11-29,12.986945152282715,13.006043126944187,12.910551432266875,12.910551432266875,6257501
2023-11-30,12.986945152282715,13.053789429625333,12.929649406928347,13.006043126944187,3207521
2023-12-01,12.986945152282715,12.986945152282715,12.910551432266875,12.929649406928347,3326714
2023-12-04,12.958296775817871,13.044239938185635,12.948748243865321,13.015592520958037,2961340
2023-12-05,12.82460880279541,12.881903639846989,12.795960473584605,12.881903639846989,3392354
2023-12-06,12.89145278930664,12.95829706790607,12.824608510707213,12.824608510707213,3144966
2023-12-07,12.786410331726074,12.881902018353816,12.748213474937998,12.881902018353816,3397224
2023-12-08,12.986945152282715,13.053789429625333,12.948748292274795,12.948748292274795,5060620
2023-12-11,13.063339233398438,13.091986651525014,12.986945511270903,12.986945511270903,4183193
2023-12-12,13.168379783630371,13.206576642982691,13.149281809296692,13.177929226139693,3534238
2023-12-13,13.235224723815918,13.273421585084513,13.168380444267127,13.168380444267127,5521537
2023-12-14,13.340265274047852,13.407109546074203,13.263871560107763,13.388011572931633,4322124
2023-12-15,13.321166038513184,13.445306048059493,13.311616596851572,13.416658633759539,3932690
2023-12-18,13.273421287536621,13.321167590723297,13.197027566711935,13.311618147948964,2707980
2023-12-19,13.177928924560547,13.29251949999508,13.09198576531341,13.244773199226122,3165868
2023-12-20,13.168379783630371,13.244773502335011,13.139732366787372,13.244773502335011,1967242
2023-12-21,13.025141716003418,13.053789132686463,12.967845971952373,13.015592273547417,2958368
2023-12-22,13.158829689025879,13.158829689025879,13.053788558683628,13.06333800071972,3901770
2023-12-25,13.187478065490723,13.23522345448366,13.177928623418167,13.206576038950914,2055637
2023-12-26,13.311617851257324,13.321167293818817,13.206576715135801,13.206576715135801,3105678
2023-12-27,13.42620849609375,13.42620849609375,13.36891275501376,13.36891275501376,4903489
2023-12-28,13.349815368652344,13.49305428207817,13.330717393273241,13.46440686366701,3990488
2023-12-29,13.35936450958252,13.36891395239863,13.311618206186955,13.36891395239863,2788492
2024-01-02,13.158829689025879,13.407109717854743,13.130182273602523,13.359363418359205,4503251
2024-01-03,12.910552024841309,13.034691142551111,12.87235425239519,13.034691142551111,5200968
2024-01-04,12.862804412841797,12.97739498648032,12.834156086418472,12.929648686459704,2993188
2024-01-05,12.89145278930664,12.967846510758845,12.862805371433314,12.91055167501219,1899848
2024-01-08,12.967845916748047,13.072887051262018,12.967845916748047,12.99649333330914,2666260
2024-01-09,13.04423999786377,13.130183160624728,13.006043137823896,13.101535743266068,3725392
2024-01-10,13.082437515258789,13.101536401580878,12.977396372542366,13.025142677662567,1742389
2024-01-11,13.197028160095215,13.235225022225018,13.101536460113218,13.101536460113218,3065368
2024-01-12,13.130183219909668,13.197027497610014,13.111084334461008,13.168380080122006,3603277
2024-01-15,13.130183219909668,13.130183219909668,13.130183219909668,13.130183219909668,0
2024-01-16,13.111083984375,13.168379728506114,13.034690265990154,13.082436567651923,5023645
2024-01-17,12.910552024841309,13.08243744742374,12.88190369550672,13.0633394718857,5121645
2024-01-18,12.958296775817871,12.996493635682992,12.862805081497557,12.929649358590275,2563221
2024-01-19,13.244773864746094,13.302069610684814,13.177929586721744,13.302069610684814,6049898
2024-01-22,13.388011932373047,13.4262087903686,13.340265632207371,13.359363605862685,6970603
2024-01-23,13.435758590698242,13.493054338444926,13.407111172167408,13.426210058311307,3807209
2024-01-24,13.41666030883789,13.473955144591095,13.388012890961289,13.435758283860627,2764146
2024-01-25,13.52170181274414,13.540800698966812,13.454857532334833,13.464406975446169,6235891
2024-01-26,13.435758590698242,13.493054338444926,13.39756172909546,13.426210058311307,2287880
2024-01-29,13.464406967163086,13.473955499583528,13.38801324368944,13.416660662320801,2980609
2024-01-30,13.512152671813965,13.55034953442851,13.464407276559566,13.464407276559566,3885201
2024-01-31,13.435758590698242,13.502603781516877,13.416660615239358,13.445308033770193,2556451
2024-02-01,13.349815368652344,13.435758534570837,13.321167950241183,13.435758534570837,3055872
2024-02-02,13.502602577209473,13.531249993185222,13.416659418597291,13.416659418597291,3478738
2024-02-05,13.42620849609375,13.483503326488831,13.378462196974576,13.445306469330474,3242816
2024-02-15,14.01826000213623,14.04690741685301,13.817726277748985,13.941866289101556,16102069
2024-02-16,13.970514297485352,14.104203756319517,13.922767997138513,14.046908013766323,5058969
2024-02-19,13.970514297485352,13.980063739691706,13.884571138998027,13.932317439344866,3646261
2024-02-20,14.12330150604248,14.218794105221585,13.98006351795874,13.98006351795874,7979143
2024-02-21,13.960965156555176,14.085105175861916,13.960965156555176,14.085105175861916,2812259
2024-02-22,14.190146446228027,14.190146446228027,14.08510531074028,14.142401055078572,6562972
2024-02-23,14.295188903808594,14.40023004231937,14.276090018251187,14.342935207017124,8001967
2024-02-26,14.314286231994629,14.323835674341911,14.190146213534804,14.276089373290448,4238041
2024-02-27,14.304737091064453,14.457525439785545,14.180597980673824,14.33338541870995,7841719
2024-02-29,14.304737091064453,14.323835976161451,14.171048538125325,14.228343372046389,4344816
2024-03-01,14.371582984924316,14.457526150717031,14.352484098888151,14.371582984924316,6575397
2024-03-04,14.648509979248047,14.715354256821533,14.50527107070989,14.50527107070989,10299957
2024-03-05,14.772649765014648,14.791747739435225,14.696256045962413,14.772649765014648,7496424
2024-03-06,14.820395469665527,14.849042885484062,14.629410269048812,14.667607127035168,6200485
2024-03-07,15.116421699523926,15.164168002230658,14.973183702088706,15.049577422145486,18044969
2024-03-08,15.087774276733398,15.507939736894185,14.954084811339749,15.45064490221475,15087902
2024-03-11,14.93498706817627,15.087774510603035,14.877691321923736,14.906338739707506,5684918
2024-03-12,15.030478477478027,15.040027920118687,14.88724048060803,14.906338455204375,4115822
2024-03-13,14.925437927246094,15.22146337526433,14.87769162285073,15.145069652505752,6641075
2024-03-14,14.820395469665527,14.944534575107491,14.705803985021525,14.925436601456777,6003842
2024-03-15,14.734452247619629,14.858592263208111,14.677156505546128,14.705803921240417,6062544
2024-03-18,14.915887832641602,14.925437275240517,14.74400150860101,14.74400150860101,3747617
2024-03-19,14.887240409851074,14.934986712142466,14.772649830762713,14.896789852446346,4839667
2024-03-20,14.772649765014648,15.03047833914471,14.753550879909106,14.98273203706582,5262069
2024-03-21,14.992281913757324,15.040028217218827,14.925437635322217,15.001831356586624,5968250
2024-03-22,14.93498706817627,15.001831346566732,14.839494461317043,14.99228190374381,2926328
2024-03-25,14.858593940734863,14.954085640725088,14.858593940734863,14.934987665001055,1698490
2024-03-26,14.763100624084473,15.020929203482188,14.638960600417061,14.963634368364913,4098360
2024-03-27,14.753551483154297,14.820396673071905,14.686707203921692,14.820396673071905,2025974
2024-03-28,14.658059120178223,14.782198230063244,14.591213933295947,14.782198230063244,3754633
2024-03-29,14.763100624084473,14.772650066832348,14.648510043164935,14.658059485912808,3006000
2024-04-01,14.753551483154297,14.887240952304508,14.753551483154297,14.858593534159821,2697090
2024-04-02,14.954084396362305,14.982731812907055,14.820395845363505,14.820395845363505,4455631
2024-04-03,14.89678955078125,14.934986409703871,14.801296948132222,14.810846390534117,2838367
2024-04-08,14.89678955078125,14.973183268626492,14.868141223575572,14.915887524900086,2810586
2024-04-09,15.049577713012695,15.049577713012695,14.973183991479432,14.973183991479432,5481830
2024-04-10,15.116421699523926,15.145069116873973,15.001831119438753,15.049577422145486,4384300
2024-04-11,15.078225135803223,15.078225135803223,14.982732528513198,15.02092938929221,3908006
2024-04-12,15.135519981384277,15.183265371502287,15.068674795986169,15.078224238283747,5679998
2024-04-15,14.906338691711426,14.973183880571648,14.810846995844662,14.973183880571648,6080134
2024-04-16,14.495721817016602,14.705804081984281,14.47662293255503,14.705804081984281,11341400
2024-04-17,14.763100624084473,14.791748041643112,14.600763740110548,14.600763740110548,4670307
2024-04-18,14.801297187805176,14.868141464330913,14.600763447542997,14.705804583609867,3859800
2024-04-19,14.046908378601074,14.486172713967962,13.884571499616467,14.486172713967962,8455289
2024-04-22,13.693586349487305,14.037358060229304,13.693586349487305,13.92276748998197,5057681
2024-04-23,13.817728042602539,13.903671208414764,13.77953118120655,13.894121765394514,5291065
2024-04-24,14.247442245483398,14.266540219879802,14.075555922490942,14.075555922490942,10405499
2024-04-25,13.913219451904297,14.0755563371383,13.913219451904297,14.037359476535299,2246001
2024-04-26,14.151948928833008,14.276088943556008,14.094654097843883,14.094654097843883,4105858
2024-04-29,14.438426971435547,14.495722717695347,14.409779553648143,14.409779553648143,3322469
2024-04-30,14.323836326599121,14.428877465147584,14.323836326599121,14.428877465147584,4521907
2024-05-02,14.237893104553223,14.276089964840143,14.113753080949484,14.142401409178413,2473150
2024-05-03,14.209245681762695,14.486173146411865,14.199696239023245,14.428877400660147,2168865
2024-05-06,14.276089668273926,14.409779131843425,14.228343366235894,14.371582272349992,3204467
2024-05-07,14.295188903808594,14.323836321459716,14.142401462089287,14.30473743590231,3528395
2024-05-08,14.314286231994629,14.35248309069881,14.228343072238985,14.266539930943166,1730100
2024-05-09,14.190146446228027,14.333385351731279,14.171048471905237,14.323835909227403,2425046
2024-05-10,14.180597305297852,14.285638436273679,14.094654147824484,14.27608899417999,1575856
2024-05-13,14.247442245483398,14.28563910496117,14.180597969068538,14.276089662420485,3383474
2024-05-14,14.438426971435547,14.438426971435547,14.26654064334114,14.27609008616527,4061502
2024-05-15,14.54346752166748,14.64850956711042,14.533918989914904,14.581665291417607,8331266
2024-05-16,14.715353965759277,14.839493986429593,14.68670654889227,14.744001382626285,6391610
2024-05-17,14.763100624084473,14.772650066832348,14.667608017975699,14.715354321030086,2495232
2024-05-20,14.715353965759277,14.772649710178255,14.600763387606284,14.763100267660931,3417498
2024-05-21,14.677157402038574,14.753551122346147,14.619862567150383,14.734453147611745,1294161
2024-05-22,14.973183631896973,14.973183631896973,14.72490358753384,14.72490358753384,5641707
2024-05-23,15.011380195617676,15.068675028918932,14.906338150090445,15.030478169823109,6357134
2024-05-24,15.135519981384277,15.164167397592072,14.944534778172471,14.954084220470051,8757969
2024-05-27,15.32650375366211,15.507939519198333,15.26920891978696,15.278758362327807,6283613
2024-05-28,15.536587715148926,15.565234221158757,15.374250836070194,15.374250836070194,7961148
2024-05-29,15.43154525756836,15.584332690109047,15.421995815363333,15.546136742658808,2440320
2024-05-30,15.231013298034668,15.31695737720144,15.173718459503537,15.21191532208597,3150797
2024-05-31,14.944535255432129,15.345602737889262,14.944535255432129,15.288307903643942,5858494
2024-06-03,15.240561485290527,15.288307787254785,15.087774047552873,15.135520349517131,3897210
2024-06-04,15.078225135803223,15.28830832543028,15.059127160756216,15.231012578919266,4761729
2024-06-05,15.22146224975586,15.278757992930725,15.040027399291182,15.173716859575906,3700712
2024-06-06,15.565234184265137,15.62253083888882,15.527038235885923,15.565234184265137,7793579
2024-06-07,15.565234184265137,15.574783626702416,15.47929102369952,15.555686563197765,2698028
2024-06-11,15.622530937194824,15.632080379692196,15.517488891093661,15.612981494697452,4011256
2024-06-12,15.94720458984375,15.956752210907268,15.660726780950622,15.679825665817479,6704265
2024-06-13,16.367368698120117,16.386467582484542,16.13818754985661,16.13818754985661,6797769
2024-06-14,16.405567169189453,16.453312560774684,16.300525122058016,16.35781995623428,3520500
2024-06-17,16.39601707458496,16.501059117539235,16.367368747951105,16.424665401218817,3132423
2024-06-18,16.79708480834961,16.79708480834961,16.491509938197172,16.491509938197172,9676395
2024-06-19,17.11220932006836,17.15995471107177,16.959421883213547,16.968971325688212,5830654
2024-06-20,17.245899200439453,17.28409697328052,17.121760081446098,17.121760081446098,4267662
2024-06-21,17.12175941467285,17.21725202168669,17.035816250497394,17.07401220048094,4103219
2024-06-24,16.672943115234375,17.054913506797394,16.66339549467813,17.054913506797394,5871349
2024-06-25,16.60610008239746,16.62519896767488,16.290975760799824,16.558354690573857,9423220
2024-06-26,16.892578125,16.959422403001444,16.730241240695072,16.730241240695072,5437565
2024-06-27,16.739789962768555,16.816183680248386,16.711141635699907,16.711141635699907,2336346
2024-06-28,16.940324783325195,16.98807200072981,16.79708677385156,16.806636217332482,2491842
2024-07-01,16.902128219604492,17.04536622389876,16.863930447062,16.940324170776943,5008147
2024-07-02,16.730241775512695,16.87347977886184,16.625199723083973,16.863930335789224,3661395
2024-07-03,16.949872970581055,17.07401208389238,16.921224642261528,17.045365576942828,3552368
2024-07-04,17.169504165649414,17.226800820537797,17.102659889649555,17.18860305061221,6236944
2024-07-05,17.255449295043945,17.28409762575622,17.150407237135724,17.236350407902428,3620049
2024-07-08,17.513277053833008,17.580121330765433,17.255447567347986,17.255447567347986,7104135
2024-07-09,17.723358154296875,17.771105364210044,17.389134970384003,17.561021283331755,10492054
2024-07-10,17.76155662536621,17.76155662536621,17.561021978531855,17.704261792572066,4464043
2024-07-11,18.095781326293945,18.105328948078142,17.904796105949135,17.952541500350314,4456958
2024-07-12,17.465532302856445,17.742458863359875,17.44643341692655,17.73290942039493,7971158
2024-07-15,17.513277053833008,17.637416165083234,17.455982219515207,17.59922021599468,3411559
2024-07-16,17.614343643188477,17.835727508779925,17.59509438886814,17.63359473339382,4475477
2024-07-17,17.44108772277832,17.614342010916403,17.39296000172482,17.59509275837984,3873239
2024-07-18,16.89244270324707,17.046447738713386,16.719188415261094,17.036824030395977,8369107
2024-07-19,16.60368537902832,16.844318500463515,16.60368537902832,16.815441864972684,5262914
2024-07-22,16.08391571044922,16.565181916064837,15.968412849197003,16.565181916064837,9274387
2024-07-23,16.459304809570312,16.478555898653326,16.35342565549865,16.35342565549865,2934344
2024-07-26,15.862532615661621,15.968411761165989,15.593024733846509,15.70852758722877,6230571
2024-07-29,15.670027732849121,16.151293920561976,15.670027732849121,16.141668376501542,4228569
2024-07-30,15.737403869628906,15.78552975149047,15.371641476238407,15.564147757511734,5477972
2024-07-31,15.641151428222656,15.775905376121115,15.535272277225381,15.631525883960645,2804357
2024-08-01,15.881784439086914,16.035789474655758,15.804781921302492,15.997289133705966,2618658
2024-08-02,14.977005004882812,15.487146935424716,14.977005004882812,15.429395503710326,7424464
2024-08-05,13.667959213256836,14.486112079540728,13.62945795589891,14.486112079540728,9490589
2024-08-06,14.129975318908691,14.360982864681544,13.465827477383751,14.322481607052735,10666669
2024-08-07,14.948126792907715,15.005879136467252,14.293605434239653,14.303230059880944,8372579
2024-08-08,14.74599552154541,14.91925164079296,14.591990490188653,14.70749426370622,3897482
2024-08-09,15.140633583068848,15.285013987842685,15.044380897828681,15.16951021478905,3369125
2024-08-12,15.39089298248291,15.516023223609244,15.265763659299012,15.265763659299012,4188362
2024-08-13,15.487146377563477,15.583399984210258,15.400518315169858,15.516023010322964,2907830
2024-08-14,15.87215805053711,15.997288282708347,15.766278905759101,15.775904449455716,3988500
2024-08-15,15.862532615661621,16.01653764409447,15.785530101445195,15.881783703186915,2586633
2024-08-16,16.295673370361328,16.334173710625315,16.151293881572965,16.247545650175336,3555750
2024-08-19,16.440053939819336,16.507430916623875,16.29567444154034,16.29567444154034,3570577
2024-08-20,16.536306381225586,16.642185529222296,16.507429749257902,16.613308897254612,2684744
2024-08-21,16.324546813964844,16.517054006988392,16.286046476890927,16.517054006988392,2579666
2024-08-22,16.353424072265625,16.488178011030897,16.324547441436756,16.324547441436756,2861417
2024-08-23,16.488178253173828,16.49780379692481,16.199419284183367,16.237921459187294,2383285
2024-08-26,16.33417510986328,16.699938471070062,16.32454956500153,16.63256149292275,1776851
2024-08-27,16.36305046081543,16.45930406599719,16.247545767420355,16.276422399740326,1940338
2024-08-28,16.478553771972656,16.507428565985762,16.26679549115832,16.40155126146326,2311428
2024-08-29,16.478553771972656,16.536305195883536,16.218669610546698,16.247544404559804,2482758
2024-08-30,16.459304809570312,16.57480767229858,16.459304809570312,16.55555841910047,2051091
2024-09-02,16.372676849365234,16.671061388521945,16.353425760159016,16.632561045994425,1896454
2024-09-03,16.20904541015625,16.411176328533077,16.20904541015625,16.39192707622444,2523316
2024-09-04,15.419769287109375,15.660402383964822,15.063631495973988,15.294639966591454,6447612
2024-09-05,15.37164306640625,15.641151888069091,15.333141806168701,15.612275254434092,1970904
2024-09-06,15.525646209716797,15.631525357145724,15.323515294681341,15.487145869851142,939190
2024-09-09,15.333141326904297,15.352391497450148,15.208012005557789,15.256138808836049,3433573
2024-09-10,15.227261543273926,15.544897146590438,15.121383314815883,15.516022350942881,1736392
2024-09-11,15.285014152526855,15.30426432260534,15.18876054830724,15.236887350417048,1296789
2024-09-12,15.939536094665527,15.978038272046575,15.698902993688575,15.698902993688575,2465384
2024-09-13,15.910660743713379,16.074291320117624,15.83365822751637,16.026163600066493,1371319
2024-09-16,15.843282699584961,15.949161852918008,15.74703092661116,15.929910763969293,1314031
2024-09-18,15.516022682189941,15.766279483940354,15.477520505991535,15.766279483940354,1987290
2024-09-19,15.77590560913086,15.77590560913086,15.487146620544955,15.516023253757496,1497284
2024-09-20,15.824031829833984,16.122416334514597,15.824031829833984,16.055039365962656,1331446
2024-09-23,15.852909088134766,15.949162702118402,15.843283543147903,15.852909088134766,721689
2024-09-24,15.852909088134766,15.881785723095353,15.621901516105032,15.843283543147903,1391216
2024-09-25,16.36305046081543,16.430427433677217,16.12241736580344,16.12241736580344,4094680
2024-09-26,16.545930862426758,16.671059254479808,16.50742868894294,16.50742868894294,4335213
2024-09-27,16.536306381225586,16.786565017291124,16.51705529324713,16.738437297344984,3454417
2024-09-30,16.07429313659668,16.36305214599554,16.07429313659668,16.33417551070165,2275751
2024-10-01,16.08391571044922,16.20904595200481,16.0742920019156,16.103166799286214,1068041
2024-10-04,16.132041931152344,16.21866998697158,16.05503941885577,16.07429050590109,1892933
2024-10-07,16.51705551147461,16.536306599707416,16.334173845032595,16.334173845032595,5710687
2024-10-08,16.43042755126953,16.49780452461353,16.31492469293262,16.39192721045217,4240889
2024-10-09,16.69993782043457,16.76731479595685,16.603684211452073,16.603684211452073,3847534
2024-10-11,16.979068756103516,17.036822014483253,16.776937859428294,16.78656340249158,3193244
2024-10-14,17.04644775390625,17.075324386538735,16.892442718302675,16.97907078031529,3797341
2024-10-15,17.34483528137207,17.402586714629805,17.152328055999664,17.1715791457139,4720798
2024-10-16,17.12345314025879,17.277458185149964,16.988697349065298,17.036825073021884,2940981
2024-10-17,17.181203842163086,17.22932972818725,17.056073601084464,17.21970418380544,3129992
2024-10-18,17.16195297241211,17.66247027134421,17.10420154126914,17.63359363783028,4251417
2024-10-21,17.46033477783203,17.566213914939397,17.287078675614378,17.287078675614378,5806886
2024-10-22,17.546964645385742,17.575841277372835,17.315957097143396,17.42183624521127,4034003
2024-10-23,17.546964645385742,17.672094881445013,17.46996212930496,17.46996212930496,2269358
2024-10-24,17.29670524597168,17.595091589018246,17.28707970240069,17.55658941473428,3242339
2024-10-25,17.306331634521484,17.373708606923373,17.22932911807864,17.364084898767224,2849005
2024-10-28,17.10420036315918,17.43146151023626,17.065698187792574,17.42183596639461,3240505
2024-10-29,16.69993782043457,16.911694291488153,16.603684211452073,16.911694291488153,5574320
2024-10-30,16.767314910888672,17.01757356160461,16.767314910888672,16.796191544546826,2910755
2024-11-01,16.748062133789062,16.757687677371646,16.29567260071595,16.363049569909315,4352797
2024-11-04,16.776939392089844,16.825065275918224,16.661434700663026,16.74806276026194,1391150
2024-11-05,16.69993782043457,16.882819493912827,16.690312275947832,16.748063706983373,2215295
2024-11-06,17.036823272705078,17.152326126225557,16.805813893894612,16.805813893894612,2659961
2024-11-07,17.238954544067383,17.315957059982914,17.027198084270868,17.027198084270868,2350588
2024-11-08,17.267831802368164,17.41221129546143,17.22932962507137,17.364085409725295,2036942
2024-11-11,17.181203842163086,17.296706702975026,17.065699145466272,17.28708115859322,2383524
2024-11-12,16.719186782836914,17.0175712804337,16.719186782836914,16.940568770218896,2407778
2024-11-13,16.680686950683594,16.844317537338853,16.680686950683594,16.72881283786488,1282628
2024-11-14,16.497804641723633,16.66143522209982,16.449678756389105,16.66143522209982,1780949
2024-11-15,16.57480812072754,16.642186934341005,16.488180053395176,16.613310299935232,1312019
2024-11-18,16.242919921875,16.516238966230393,16.242919921875,16.516238966230393,3088871
2024-11-19,16.58456802368164,16.66265891211401,16.340533764601275,16.418624653033646,2723230
2024-11-20,16.496715545654297,16.496715545654297,16.496715545654297,16.496715545654297,5216
2024-11-21,16.555282592773438,16.643135071542105,16.360056310269172,16.37957949706967,1564383
2024-11-22,16.65289878845215,16.77003606235843,16.643137193807142,16.7309896837784,866501
2024-11-25,16.691946029663086,16.887172347151004,16.691946029663086,16.789560119323998,829060
2024-11-26,16.428388595581055,16.5260026855358,16.408865405223324,16.516241090356935,1452856
2024-11-27,16.096500396728516,16.42838715639993,16.0867388024048,16.42838715639993,2631548
2024-11-28,15.950079917907715,16.067215324012498,15.764613352769148,16.057455591698524,5093561
2024-11-29,16.242919921875,16.27220470364533,15.784136178475203,15.823180692335306,3134320
2024-12-02,16.438148498535156,16.45767168688307,16.34053441862929,16.34053441862929,1020800
2024-12-03,16.5260009765625,16.691944353774996,16.5260009765625,16.67242116543618,1378592
2024-12-04,16.86764907836914,16.9066935926418,16.633376407232113,16.633376407232113,3871777
2024-12-05,17.121444702148438,17.140966028099516,16.935978141860726,16.965261061704176,2846900
2024-12-06,17.033592224121094,17.170250814988435,16.984784254644428,17.082398331764097,1519084
2024-12-09,17.004308700561523,17.121445974138695,16.9652623220912,17.05311481181563,1805013
2024-12-10,16.94573974609375,17.101921524799657,16.94573974609375,17.033592229345032,2021097
2024-12-11,16.877410888671875,16.975023106521224,16.809079729610133,16.85788770036852,1381644
2024-12-12,17.062875747680664,17.180013016735472,17.04335255919924,17.04335255919924,2620898
2024-12-13,17.1019229888916,17.1800138849299,17.01407049811929,17.06287660995554,1886817
2024-12-16,17.0726375579834,17.463092023384593,17.04335277489065,17.316671831588366,1990393
2024-12-17,17.502138137817383,17.54118265285386,17.20929589679204,17.20929589679204,3176164
2024-12-18,17.453330993652344,17.492377372372527,17.326433986479373,17.433809666126063,1402444
2024-12-19,17.27762794494629,17.297149272551696,17.14096748070552,17.209296781908993,1152123
2024-12-20,17.033592224121094,17.336194187541775,17.033592224121094,17.277626486003438,1285682
2024-12-23,17.248342514038086,17.306910218325875,17.16049002668953,17.258104108391677,1621098
2024-12-24,17.22882080078125,17.44357217128371,17.21905920559169,17.44357217128371,568892
2024-12-25,17.306909561157227,17.365479125054794,17.267865047059196,17.316671155140153,1655819
2024-12-26,17.33619499206543,17.375239507625047,17.287387020323724,17.306910209020405,1474001
2024-12-27,17.44356918334961,17.4533289150335,17.29714714242099,17.29714714242099,1652200
2024-12-30,17.189775466918945,17.404524965406587,17.189775466918945,17.375240181226253,1021450
2024-12-31,17.219057083129883,17.258103459075166,17.053113709029788,17.150727787059317,2125370
2025-01-02,16.809080123901367,17.180013263031256,16.770035608212503,17.180013263031256,2301717
2025-01-03,16.887170791625977,17.02383124929663,16.877411059209393,17.02383124929663,1996555
2025-01-06,17.365480422973633,17.39476334527738,17.170252252390824,17.189775441815872,4070938
2025-01-07,17.687604904174805,17.804740312441734,17.570467634074127,17.570467634074127,5497406
2025-01-08,17.502138137817383,17.71688762510232,17.46309176094718,17.64855832741319,1572232
2025-01-09,17.189775466918945,17.550945162640605,17.180013872192166,17.492377456113765,1346365
2025-01-10,17.22882080078125,17.316673295653363,17.17025309147781,17.199537877046485,1948125
2025-01-13,16.613853454589844,17.18001288331831,16.574807077930224,17.18001288331831,4194530
2025-01-14,16.760272979736328,16.828602274351297,16.604091202949643,16.672420497564612,1317350
2025-01-15,16.701705932617188,16.877410903837845,16.67242115013584,16.81884133887515,841999
2025-01-16,17.23858070373535,17.306910001520762,17.092160513933223,17.092160513933223,3115180
2025-01-17,17.160490036010742,17.316671822085514,17.101922331691142,17.306910227726622,1698151
2025-01-20,17.482614517211914,17.511899299140644,17.228818659330607,17.228818659330607,1891296
2025-01-21,17.482614517211914,17.521660893116888,17.385000439283154,17.47285292323567,2997228
2025-01-22,17.648557662963867,17.707125364230436,17.5899899616973,17.66808085066394,3184255
2025-02-03,16.83836555480957,16.965262562972267,16.691945357134514,16.83836555480957,4865537
2025-02-04,17.033592224121094,17.140966033302433,16.88717017752476,16.984784254644428,2464314
2025-02-05,17.404523849487305,17.463091552258987,17.23858047343946,17.23858047343946,1983260
2025-02-06,17.375240325927734,17.599753282845725,17.3654805929535,17.53142211918922,1429309
2025-02-07,17.67784309387207,17.68760468808068,17.45333015074152,17.45333015074152,2937048
2025-02-10,17.47285270690918,17.619272891072693,17.414285005610505,17.580228377484797,1634271
2025-02-11,17.502138137817383,17.668081515848293,17.48261494938228,17.609513812376715,1661897
2025-02-12,17.453330993652344,17.619274379545498,17.44357126080611,17.619274379545498,717401
2025-02-13,17.502138137817383,17.521661326252485,17.37523927482295,17.45333016672963,749410
2025-02-14,17.375240325927734,17.560706903613436,17.3654805929535,17.453331222558475,2367345
2025-02-17,17.67784309387207,17.68760468808068,17.45333015074152,17.50213812178456,2399501
2025-02-18,17.86330795288086,17.86330795288086,17.72664935644547,17.72664935644547,2628558
2025-02-19,17.83402442932129,17.95115983321319,17.814501241394748,17.873068943340698,2063169
2025-02-20,17.687604904174805,17.84378668975321,17.66808171551907,17.83402509542534,1737578
2025-02-21,17.78521728515625,17.79497887957269,17.687605064659394,17.74617276932426,1103845
2025-02-24,17.619272232055664,17.62903382554594,17.5216600208201,17.619272232055664,917559
2025-02-25,17.433809280395508,17.472853796418,17.316672008660483,17.42404768593144,2364209
2025-02-26,17.453330993652344,17.453330993652344,17.277627874912955,17.385001692725833,2333008
2025-02-27,17.20929527282715,17.599751580037328,17.199535540797186,17.580228392310087,1249355
2025-03-03,16.809080123901367,16.92621739463548,16.70170630938167,16.906694205874167,2366485
2025-03-04,16.799318313598633,16.818841502109013,16.379580931627874,16.477193150512306,2056133
2025-03-05,17.023832321166992,17.082400028522738,16.906695044621657,16.965262751977402,1908819
2025-03-06,16.926218032836914,17.072638230399996,16.887171653842053,17.06287663565128,561380
2025-03-07,16.633377075195312,16.818841783647294,16.633377075195312,16.721227701295124,1183161
2025-03-10,16.5162410736084,16.70170765815095,16.4869562881015,16.70170765815095,663347
2025-03-11,16.223398208618164,16.242919534165416,15.852465095715985,16.06721457140477,2170047
2025-03-12,16.233158111572266,16.39910148239152,16.17459041064595,16.291727674332222,1697336
2025-03-13,16.116024017333984,16.535763275335388,16.116024017333984,16.4869553024086,693008
2025-03-14,16.067216873168945,16.15506936713488,15.959843050859162,16.116024848613293,924057
2025-03-17,16.076976776123047,16.272204933684492,16.076976776123047,16.242920151500165,766235
2025-03-18,16.281967163085938,16.350296462348616,16.24292078531654,16.24292078531654,1146000
2025-03-19,16.037933349609375,16.281967632197873,16.01841016016218,16.281967632197873,1198458
2025-03-20,16.34053611755371,16.418627017230765,16.223400698955082,16.223400698955082,1059235
2025-03-21,16.26244354248047,16.369819216662037,16.213637433398148,16.369819216662037,503052
2025-03-24,16.252683639526367,16.44791181983823,16.242922044327383,16.418627034241275,880308
2025-03-25,16.379581451416016,16.49671686252799,16.379581451416016,16.438149156972003,954040
2025-03-26,16.418624877929688,16.496715767431716,16.369818770178544,16.418624877929688,533010
2025-03-27,16.067216873168945,16.116024848613293,16.028172354647356,16.106263253524425,927871
2025-03-28,15.74509048461914,15.989124757772055,15.676761186029726,15.920795459182639,1801267
2025-03-31,14.993465423583984,15.422966266110597,14.94465931363417,15.422966266110597,3707700
2025-04-01,15.335113525390625,15.364397377060106,15.071556067614724,15.11060151347965,1944179
2025-04-02,15.315589904785156,15.383920131308107,15.266783797018979,15.335113092625095,1243085
2025-04-07,13.792817115783691,13.792817115783691,13.792817115783691,13.792817115783691,640370
2025-04-08,12.904533386230469,13.197374717472261,12.728828401302009,12.748351591146028,6539614
2025-04-09,12.113861083984375,12.74835074820776,11.996724745416259,12.680020519188707,4269171
2025-04-10,13.324270248413086,13.324270248413086,13.324270248413086,13.324270248413086,436000
2025-04-11,13.900192260742188,13.900192260742188,12.894771295367521,13.109521720807656,2896627
2025-04-14,13.91971492767334,14.368738019885928,13.909953333492949,14.232078494111015,2318180
2025-04-15,14.251602172851562,14.290647619999776,13.997806300929724,14.085658789742428,1526755
2025-04-16,13.929476737976074,14.183271674186003,13.929476737976074,14.09541918703312,937520
2025-04-17,13.909954071044922,13.978283372096994,13.69520364227381,13.792817727419836,1075760
2025-04-18,13.880669593811035,14.00756752642894,13.861146405292804,13.939237297531996,672170
2025-04-21,13.626873970031738,13.880669839764591,13.617112375599655,13.880669839764591,930002
2025-04-22,13.334033012390137,13.665919784679048,13.334033012390137,13.451169355977356,1288459
2025-04-23,14.095418930053711,14.10518052420759,13.851384661707845,13.851384661707845,2611642
2025-04-24,13.988044738769531,14.22231742220072,13.968522480608712,14.2027951640399,1895000
2025-04-25,14.427306175231934,14.56396570528924,14.427306175231934,14.456590958690784,1445037
2025-04-28,14.544442176818848,14.593249217194119,14.495636067360444,14.505396730702005,828200
2025-04-29,14.612772941589355,14.632295199905263,14.427306367545283,14.54444271019143,1031193
2025-04-30,14.573726654052734,14.70062458400125,14.544441871891415,14.612772099350982,1442100
2025-05-02,14.856806755065918,14.93489764771167,14.78847652581323,14.90561379569873,1035111
2025-05-05,14.7006254196167,14.973943552240426,14.44682954529336,14.973943552240426,1870798
2025-05-06,14.7103853225708,14.798237807671562,14.573726728784592,14.5932489860754,2010049
2025-05-07,14.622532844543457,14.856806448564432,14.573726735834402,14.798237814829976,1706119
2025-05-08,14.7006254196167,14.817761762169726,14.690863825008055,14.759193125434763,1187339
2025-05-09,14.915374755859375,14.934897944867696,14.749431372956197,14.837283861659866,1362100
2025-05-12,15.17893123626709,15.198453493090769,15.022749458010349,15.032510120963773,1319452
2025-05-13,15.34487533569336,15.579148014182266,15.34487533569336,15.530340973434525,1603352
2025-05-14,15.618193626403809,15.627955220840363,15.491295691479252,15.579148179574474,1122364
2025-05-15,15.588910102844238,15.676761661875723,15.540103060548812,15.618193955854734,1151108
2025-05-16,15.608431816101074,15.666999520076637,15.530340923522411,15.588909558414844,671607
2025-05-19,15.266783714294434,15.549863420021806,15.247260526560282,15.549863420021806,984767
2025-05-20,15.38392162322998,15.588910460844835,15.374160028363338,15.481534779145624,1050108
2025-05-21,15.65723991394043,15.65723991394043,15.471773344382001,15.471773344382001,1309092
2025-05-22,15.559624671936035,15.569386266172607,15.471773116557484,15.491295374113763,377109
2025-05-23,15.471773147583008,15.66699944720474,15.432727701475288,15.66699944720474,277172
2025-05-26,15.452250480651855,15.588910012100166,15.442488886066213,15.4620120752375,849380
2025-05-27,15.276545524597168,15.452250503733612,15.247261671713394,15.452250503733612,326573
2025-05-28,15.393682479858398,15.540102672168421,15.383920885459895,15.540102672168421,774105
2025-05-29,15.5401029586792,15.618193853473214,15.501057511282193,15.598670664316261,683770
2025-06-02,15.100841522216797,15.34487580246179,15.032511290724706,15.34487580246179,739670
2025-06-03,15.159408569335938,15.305829689669629,15.159408569335938,15.286306501258391,721050
2025-06-04,15.530341148376465,15.540102742819347,15.422966402255408,15.422966402255408,1096021
2025-06-05,15.608431816101074,15.647478193307277,15.569386369811744,15.588909558414844,688347
2025-06-06,15.579147338867188,15.608431189679704,15.52057870632532,15.579147338867188,419043
2025-06-09,15.696284294128418,15.754851998070947,15.618193401593798,15.696284294128418,1016162
2025-06-10,16.18435287475586,16.18435287475586,15.959841790937169,15.959841790937169,3169020
2025-06-11,16.50647735595703,16.516238949870804,16.34053398309021,16.379580358745304,2593763
2025-06-12,16.350296020507812,16.506477803697308,16.350296020507812,16.486954615340192,1121203
2025-06-13,16.19411277770996,16.29172684886367,16.125783486452427,16.21363596430741,1632104
2025-06-16,16.252683639526367,16.252683639526367,16.096501840010443,16.125786625607397,1017275
2025-06-17,16.350296020507812,16.555283912756384,16.350296020507812,16.457671694638236,2040000
2025-06-18,16.418624877929688,16.496715767431716,16.330772394510696,16.330772394510696,1219020
2025-06-19,16.19411277770996,16.399100651482556,16.155066404515058,16.379579326718655,711380
2025-06-20,16.13554573059082,16.252681131233178,15.989123687037436,16.24291953754071,1119739
2025-06-23,16.096500396728516,16.096500396728516,15.842704529813098,15.911033828245374,1047675
2025-06-24,16.535762786865234,16.535762786865234,16.360057813186753,16.36981940748375,1788189
2025-06-25,16.86764907836914,16.86764907836914,16.701705703584533,16.770034999936957,3230032
2025-06-26,16.750513076782227,16.93597965362533,16.750513076782227,16.896933274570436,2471327
2025-06-27,16.926218032836914,16.945741222334345,16.78955943002255,16.848127136681015,2457382
2025-06-30,16.848125457763672,16.935977939913776,16.848125457763672,16.935977939913776,739060
2025-07-01,17.004308700561523,17.18001368001038,16.9652623220912,16.975023916708782,3997632
2025-07-02,17.062875747680664,17.072637341921375,16.916455557737446,16.935978746218872,1579747
2025-07-03,17.22882080078125,17.33619648603248,17.22882080078125,17.258105586349924,3085415
2025-07-04,17.180011749267578,17.37523803417766,17.170250155747034,17.345955115449623,1107080
2025-07-07,16.984785079956055,17.180013243681774,16.92621737557184,17.180013243681774,2467732
2025-07-08,16.86764907836914,16.926216780694975,16.779796593963543,16.86764907836914,2385224
2025-07-09,17.180011749267578,17.199534936308666,16.867648203944572,16.867648203944572,1567350
2025-07-10,17.28738784790039,17.316672632347327,17.238581735656002,17.24834333047165,1694430
2025-07-11,17.267864227294922,17.3264319265784,17.248341040255898,17.287385552500353,1404500
2025-07-14,17.082399368286133,17.26786593988384,17.072637773798487,17.26786593988384,962636
2025-07-15,17.248342514038086,17.336195001386645,17.10192232240174,17.13120524362876,2644476
2025-07-16,17.384498596191406,17.473293959046202,17.384498596191406,17.384498596191406,1393509
2025-07-17,17.394363403320312,17.51276035769875,17.315432727686606,17.493027218326386,1243882
2025-07-18,17.542360305786133,17.66075537992205,17.52262716614489,17.63115755231596,1759280
2025-07-21,17.34503173828125,17.542359360347245,17.325298599703515,17.542359360347245,986777
2025-07-22,17.07863998413086,17.51275962282758,17.068773414858697,17.394362673417323,2251287
2025-07-23,17.187170028686523,17.25623413038749,17.12797249606507,17.216769735925066,2541152
2025-07-24,17.2069034576416,17.31543195563912,17.177303749902823,17.285834129756008,1548000
2025-07-25,17.187170028686523,17.226634423148948,17.0786396506675,17.216769735925066,1221000
2025-07-28,17.21677017211914,17.295700844899365,17.17730389480119,17.275967706240387,1295171
2025-07-29,17.06877326965332,17.226634612953614,17.029308874756076,17.206903356432818,1068000
2025-07-30,17.049041748046875,17.16743681275341,17.01944204094243,17.13783898750459,2694727
2025-07-31,17.197036743164062,17.236501137960154,17.068773225901566,17.088506364227435,1560000
2025-08-01,17.098373413085938,17.127973121405162,16.8023838573165,16.8023838573165,602370
2025-08-04,16.861581802368164,16.891181511407595,16.772784557105616,16.841848663008545,1653763
2025-08-05,17.06877326965332,17.088506408029772,17.009575736379624,17.05890858232075,672438
2025-08-06,16.851715087890625,16.96024547158025,16.841848518295592,16.940512332390185,1006607
2025-08-07,17.246368408203125,17.30556782558724,17.157571163982677,17.187170872674734,2425000
2025-08-08,17.167438507080078,17.29570203533592,17.167438507080078,17.29570203533592,1453093
2025-08-11,17.137840270996094,17.206904377556544,16.98984360624568,17.088507422127368,1503228
2025-08-12,17.187170028686523,17.216769735925066,17.098372788826527,17.167436890527494,1520985
2025-08-13,17.40423011779785,17.48316079408821,17.295701614058462,17.35489915081229,3567281
2025-08-14,17.502893447875977,17.54235972585375,17.423962773776143,17.463429051753916,2056100
2025-08-15,17.443696975708008,17.522627654617537,17.38449943698982,17.512761084521866,1232000
2025-08-18,17.384498596191406,17.40422985357262,17.31543260886209,17.335165748099037,1218770
2025-08-19,17.34503173828125,17.473293375325177,17.325298599703515,17.414095841447647,1907056
2025-08-20,16.76291847229004,17.157571861619004,16.75305190232484,17.157571861619004,2172502
2025-08-21,17.0885066986084,17.098373267964398,16.871447818343466,16.871447818343466,2295154
2025-08-22,16.970111846923828,17.088506916997524,16.950378707959644,17.088506916997524,963190
2025-08-25,17.374631881713867,17.463429125684062,17.305567776816098,17.315432464496592,2143210
2025-08-26,17.571958541870117,17.59169168197008,17.32529993618806,17.32529993618806,2427090
2025-08-27,17.74955177307129,17.74955177307129,17.660754530810745,17.719952065032547,1483848
2025-08-28,17.6015567779541,17.719951844927078,17.6015567779541,17.690354019111663,2115659
2025-08-29,17.68048858642578,17.808750230867368,17.660755446709913,17.798885542865214,2114005
2025-09-01,17.70022201538086,17.87781651201419,17.52262751874753,17.660755735304203,1936500
2025-09-02,17.670621871948242,17.98634457739509,17.6114243351409,17.88768076147901,2217000
2025-09-03,17.80875015258789,17.848216431846154,17.69035507852465,17.69035507852465,1747480
2025-09-04,17.867948532104492,18.06527427135013,17.85808196286386,18.0356764454839,1954166
2025-09-05,18.163938522338867,18.183671661298618,18.085007848355573,18.09487441783545,2644407
2025-09-08,18.37113380432129,18.519128591561604,18.3415340941309,18.440197912909714,2030161
2025-09-09,18.42046356201172,18.48952766606058,18.36126602737779,18.42046356201172,1916436
2025-09-10,18.4993953704834,18.578326048789894,18.450064402237768,18.578326048789894,1817568
2025-09-11,18.459928512573242,18.686855852225023,18.459928512573242,18.686855852225023,1733418
2025-09-12,18.459928512573242,18.647389573379233,18.459928512573242,18.62765643395634,1187273
2025-09-15,18.331666946411133,18.479661728987924,18.242869700493905,18.479661728987924,606648
2025-09-16,18.66712188720703,18.676988456482107,18.430329870172212,18.430329870172212,2352018
2025-09-17,18.548725128173828,18.667122078834474,18.538860440653153,18.667122078834474,888053
2025-09-18,18.913780212402344,18.913780212402344,18.6671216294977,18.6671216294977,3394334
2025-09-19,19.042041778564453,19.14070558774028,18.943379851244266,19.10124119318333,1710160
2025-09-22,19.268970489501953,19.28870174727112,19.042043147526705,19.05190971733917,1740768
2025-09-23,19.48602867126465,19.56495934503858,19.338033893170486,19.49589524071835,1931549
2025-09-24,19.42683219909668,19.634024523391325,19.377499349129522,19.51562944718176,1757358
2025-09-25,19.42683219909668,19.584693555279976,19.407099059109818,19.42683219909668,831205
2025-09-26,19.002578735351562,19.347901151096295,18.874315209745003,19.347901151096295,3315126
2025-09-30,19.2887020111084,19.357768000740393,19.160440365503437,19.160440365503437,1171000
2025-10-01,19.239370346069336,19.535359906343498,19.229503776479433,19.426831404566027,1070465
2025-10-02,19.53536033630371,19.614291012904413,19.505762508738304,19.594559755146065,2148070
2025-10-03,19.653757095336914,19.70308806202248,19.56495984981829,19.584692989234817,1461115
2025-10-07,19.920148849487305,20.068143631530475,19.880682570619392,19.880682570619392,2118362
2025-10-08,20.01881217956543,20.01881217956543,19.801751414764745,19.82148455372039,1300500
2025-10-09,20.245737075805664,20.304934609190642,20.216137368185347,20.255603645012435,1283300
2025-10-13,19.88068199157715,19.88068199157715,19.574825866682154,19.574825866682154,1487601
2025-10-14,19.73268699645996,20.462796189506296,19.722820427139048,20.383865516794685,1847000
2025-10-15,20.20627212524414,20.20627212524414,19.801752170493547,19.910282557035924,1760969
2025-10-16,20.62065887451172,20.669991724321093,20.403599980917882,20.413466550879757,1338381
2025-10-17,20.40359878540039,20.521993854294106,20.295068404034744,20.383865646632874,936045
2025-10-20,20.60092544555664,20.709455831758778,20.502263511033725,20.502263511033725,779352
2025-10-21,20.709455490112305,20.837719013845355,20.669991093325343,20.778519595881296,845521
2025-10-22,20.5318603515625,20.581193198308014,20.433196539927152,20.541726920911604,998000
2025-10-23,20.265470504760742,20.324668038994425,20.20627108867138,20.285201761601513,796405
2025-10-27,20.61079216003418,20.719322546998022,20.551594622533806,20.70945597710533,1068872
2025-10-28,20.462797164916992,20.55159441118226,20.393733058234176,20.55159441118226,928350
2025-10-29,20.66999053955078,20.837718455577154,20.66012397015444,20.66012397015444,755300
2025-10-30,20.502262115478516,20.739054129555864,20.38386516751202,20.669990027348593,682536
2025-10-31,20.946247100830078,21.005446517619625,20.63052440537531,20.63052440537531,2934050
2025-11-03,20.78838539123535,21.015310839411367,20.729187857331972,20.99557958268069,719967
2025-11-04,20.689722061157227,20.946247223176506,20.689722061157227,20.877183118374337,1381980
2025-11-05,20.40359878540039,20.443063181079733,20.078009523159135,20.235870869587885,1273238
2025-11-06,20.827852249145508,20.867316645562912,20.68972215704528,20.68972215704528,1665609
2025-11-07,20.502262115478516,20.610790612437523,20.423331444119402,20.59105935598948,629250
2025-11-10,20.62065887451172,20.630525444473594,20.37400027103226,20.571327906558146,742300
2025-11-11,20.373998641967773,20.79825170712694,20.30493453961268,20.758787312290735,1527098
2025-11-12,20.295068740844727,20.423332263106506,20.255604344510445,20.403599124011507,423098
2025-11-13,20.433197021484375,20.46279673022927,20.196404997092383,20.216138136255648,613005
2025-11-14,20.13720703125,20.295068377472138,20.0286766500264,20.0286766500264,1576100
2025-11-17,20.373998641967773,20.52199341585092,20.245737006430552,20.334534247131568,1523000
2025-11-18,19.940000534057617,20.350000381469727,19.899999618530273,20.209999084472656,1702200
2025-11-19,19.68000030517578,19.93000030517578,19.600000381469727,19.8700008392334,960387
2025-11-20,20.34000015258789,20.34000015258789,20.049999237060547,20.25,735142
2025-11-21,19.59000015258789,19.739999771118164,19.489999771118164,19.709999084472656,2717228
2025-11-24,20.0,20.15999984741211,19.8799991607666,19.940000534057617,1236258
2025-11-25,20.520000457763672,20.559999465942383,20.360000610351562,20.40999984741211,1039378
2025-11-26,20.899999618530273,20.979999542236328,20.739999771118164,20.739999771118164,1209168
2025-11-27,21.100000381469727,21.209999084472656,21.0,21.139999389648438,936839
2025-11-28,21.709999084472656,21.709999084472656,21.219999313354492,21.219999313354492,1904651
2025-12-01,21.149999618530273,21.579999923706055,21.139999389648438,21.540000915527344,1940200
2025-12-02,21.209999084472656,21.3799991607666,21.209999084472656,21.229999542236328,566600
2025-12-03,21.209999084472656,21.40999984741211,21.209999084472656,21.399999618530273,269173
2025-12-04,21.139999389648438,21.299999237060547,21.030000686645508,21.209999084472656,817000
2025-12-05,21.290000915527344,21.350000381469727,21.200000762939453,21.200000762939453,409364
2025-12-08,21.520000457763672,21.520000457763672,21.34000015258789,21.459999084472656,1248233
2025-12-09,21.600000381469727,21.700000762939453,21.559999465942383,21.559999465942383,684641
2025-12-10,21.770000457763672,21.799999237060547,21.549999237060547,21.639999389648438,1018165
2025-12-11,21.610000610351562,21.950000762939453,21.559999465942383,21.93000030517578,532102
2025-12-12,21.760000228881836,21.84000015258789,21.670000076293945,21.770000457763672,808500
2025-12-15,21.540000915527344,21.6200008392334,21.34000015258789,21.43000030517578,382900
2025-12-16,21.059999465942383,21.540000915527344,20.93000030517578,21.43000030517578,1673100
2025-12-17,20.920000076293945,21.15999984741211,20.889999389648438,21.149999618530273,835200
2025-12-18,20.81999969482422,20.8799991607666,20.709999084472656,20.8700008392334,1046104
2025-12-19,21.040000915527344,21.1200008392334,20.969999313354492,21.040000915527344,705000
2025-12-22,21.209999084472656,21.3700008392334,21.200000762939453,21.3700008392334,685193
2025-12-23,21.299999237060547,21.3799991607666,21.280000686645508,21.329999923706055,1082000
2025-12-24,21.31999969482422,21.40999984741211,21.31999969482422,21.34000015258789,482247
2025-12-26,21.649999618530273,21.719999313354492,21.559999465942383,21.59000015258789,690230
2025-12-29,21.68000030517578,21.719999313354492,21.579999923706055,21.68000030517578,684000
2025-12-30,21.850000381469727,21.860000610351562,21.610000610351562,21.610000610351562,712533
2025-12-31,21.8799991607666,21.950000762939453,21.809999465942383,21.850000381469727,1605096
2026-01-02,22.18000030517578,22.219999313354492,21.8799991607666,21.8799991607666,1524435
2026-01-05,22.549999237060547,22.700000762939453,22.440000534057617,22.510000228881836,1605512
2026-01-06,23.049999237060547,23.139999389648438,22.700000762939453,22.700000762939453,1287024
2026-01-07,23.219999313354492,23.329999923706055,23.049999237060547,23.1299991607666,1014600
2026-01-08,23.100000381469727,23.34000015258789,23.06999969482422,23.219999313354492,586000
2026-01-09,23.100000381469727,23.100000381469727,22.610000610351562,22.950000762939453,739100
2026-01-12,23.420000076293945,23.510000228881836,23.200000762939453,23.40999984741211,1164713
2026-01-13,23.639999389648438,23.889999389648438,23.5,23.770000457763672,1235209
2026-01-14,23.75,23.8700008392334,23.690000534057617,23.690000534057617,1152079
2026-01-15,23.760000228881836,23.799999237060547,23.6200008392334,23.739999771118164,1390040
2026-01-16,24.0,24.350000381469727,23.93000030517578,24.299999237060547,1154525
2026-01-19,24.309999465942383,24.43000030517578,23.899999618530273,24.079999923706055,1798057
2026-01-20,24.520000457763672,24.540000915527344,24.1299991607666,24.1299991607666,546168
2026-01-21,24.229999542236328,24.479999542236328,24.149999618530273,24.290000915527344,1361798
2026-01-22,24.329999923706055,24.739999771118164,24.229999542236328,24.719999313354492,437500
2026-01-23,24.8799991607666,24.889999389648438,24.6299991607666,24.760000228881836,774431
2026-01-26,25.139999389648438,25.219999313354492,25.030000686645508,25.040000915527344,1129122
2026-01-27,25.5,25.549999237060547,25.229999542236328,25.25,1455134
2026-01-28,25.68000030517578,25.729999542236328,25.5,25.649999618530273,875460
2026-01-29,25.649999618530273,25.790000915527344,25.3799991607666,25.68000030517578,1549208
2026-01-30,25.030000686645508,25.350000381469727,24.940000534057617,25.34000015258789,1481800
2026-02-02,25.0,25.0,24.510000228881836,24.809999465942383,2374196
2026-02-03,25.790000915527344,25.850000381469727,25.399999618530273,25.489999771118164,1082171
2026-02-04,25.610000610351562,25.790000915527344,25.59000015258789,25.690000534057617,487070
2026-02-05,25.09000015258789,25.540000915527344,25.040000915527344,25.31999969482422,756385
2026-02-06,24.979999542236328,25.149999618530273,24.579999923706055,25.010000228881836,1119244
2026-02-09,25.90999984741211,26.06999969482422,25.799999237060547,25.920000076293945,1605700
2026-02-10,26.290000915527344,26.350000381469727,26.09000015258789,26.200000762939453,731300
2026-02-11,26.75,26.770000457763672,26.3799991607666,26.3799991607666,983444
2026-02-23,26.75,27.09000015258789,26.729999542236328,27.09000015258789,1016174
2026-02-24,27.489999771118164,27.510000228881836,26.90999984741211,26.90999984741211,1156653
2026-02-25,27.959999084472656,27.989999771118164,27.530000686645508,27.559999465942383,1421728
2026-02-26,28.709999084472656,28.770000457763672,28.06999969482422,28.06999969482422,1342010
2026-03-02,28.219999313354492,28.489999771118164,27.979999542236328,27.979999542236328,1410270
2026-03-03,27.530000686645508,28.469999313354492,27.5,28.200000762939453,2124449
2026-03-04,26.030000686645508,26.889999389648438,25.989999771118164,26.889999389648438,3370926
2026-03-05,27.1200008392334,27.40999984741211,26.799999237060547,27.110000610351562,1037254
2026-03-06,27.290000915527344,27.479999542236328,26.780000686645508,26.940000534057617,1029120
2026-03-09,25.899999618530273,25.899999618530273,25.219999313354492,25.68000030517578,3412144
2026-03-10,26.709999084472656,27.059999465942383,26.3799991607666,26.75,1377414
2026-03-11,28.09000015258789,28.190000534057617,27.34000015258789,27.34000015258789,1361602
2026-03-12,28.209999084472656,28.3700008392334,27.899999618530273,28.059999465942383,689206
2026-03-13,28.219999313354492,28.350000381469727,27.579999923706055,27.799999237060547,737347
2026-03-16,28.100000381469727,28.75,28.0,28.559999465942383,818020
2026-03-17,28.639999389648438,28.709999084472656,28.43000030517578,28.43000030517578,662293
2026-03-18,29.649999618530273,29.729999542236328,29.290000915527344,29.360000610351562,1319126
