Price,Close,High,Low,Open,Volume
Ticker,00894.TW,00894.TW,00894.TW,00894.TW,00894.TW
Date,,,,,
2021-08-05,11.600963592529297,11.600963592529297,11.600963592529297,11.600963592529297,0
2021-08-06,11.600963592529297,11.600963592529297,11.600963592529297,11.600963592529297,0
2021-08-09,11.600963592529297,11.600963592529297,11.600963592529297,11.600963592529297,0
2021-08-10,11.593230247497559,11.593230247497559,11.593230247497559,11.593230247497559,0
2021-08-11,11.593230247497559,11.593230247497559,11.593230247497559,11.593230247497559,0
2021-08-12,11.577762603759766,11.577762603759766,11.577762603759766,11.577762603759766,0
2021-08-13,11.585495948791504,11.678304311893935,11.585495948791504,11.678304311893935,37035000
2021-08-16,11.268404960632324,11.407616791397059,11.191065628317137,11.407616791397059,16613011
2021-08-17,11.105989456176758,11.361210609438722,11.105989456176758,11.361210609438722,10463211
2021-08-18,11.252934455871582,11.260668608357893,10.94357499454349,11.03638334924048,6850800
2021-08-19,11.005449295043945,11.214267035250966,11.005449295043945,11.214267035250966,8830000
2021-08-20,10.974513053894043,11.098257305626365,10.928109604867757,11.044118965002998,5311350
2021-08-23,11.26067066192627,11.291606539943807,11.067321239924283,11.067321239924283,3667712
2021-08-24,11.268404960632324,11.35347918501947,11.252937389197115,11.330276721512302,2385000
2021-08-25,11.399880409240723,11.423082868213893,11.299338633065265,11.314806939047378,3014215
2021-08-26,11.438549995422363,11.554559335535833,11.399879969528074,11.52362346233428,2398556
2021-08-27,11.492687225341797,11.508155530237635,11.407613761122805,11.446283785793028,1743601
2021-08-30,11.600963592529297,11.600963592529297,11.523623540218008,11.531357692963017,2917363
2021-08-31,11.647368431091309,11.647368431091309,11.469486595728574,11.600964249562505,3325362
2021-09-01,11.724706649780273,11.724706649780273,11.624164880545505,11.639633185459795,5263300
2021-09-02,11.6318998336792,11.809781664591089,11.6318998336792,11.740175762824236,3252725
2021-09-03,11.740175247192383,11.747908662272827,11.67830350113248,11.732441094542548,2903711
2021-09-06,11.732442855834961,11.794314611183149,11.709241131971766,11.755644579698155,3526020
2021-09-07,11.670570373535156,11.755643847447372,11.600964468711773,11.740176278358541,3044360
2021-09-08,11.554559707641602,11.678303942002294,11.500422112187776,11.678303942002294,4146788
2021-09-09,11.577762603759766,11.600964325892104,11.469486671193104,11.52362426869171,1846400
2021-09-10,11.732442855834961,11.74017700964586,11.600965191327687,11.616433498949485,4130694
2021-09-13,11.701506614685059,11.740176644968871,11.678304891542563,11.732442491398212,1387075
2021-09-14,11.771111488342285,11.8020473623397,11.716973155669747,11.716973155669747,4217175
2021-09-15,11.709242820739746,11.763380430085041,11.670572783677558,11.763380430085041,2098398
2021-09-16,11.647368431091309,11.747909472193074,11.616432555928586,11.709240181416753,1707986
2021-09-17,11.701506614685059,11.74791006097005,11.608698984545596,11.647369014829408,2284999
2021-09-22,11.44628620147705,11.461753772067873,11.376680289894528,11.4308178933167,5022279
2021-09-23,11.593230247497559,11.616432707349128,11.500422620799641,11.500422620799641,2396430
2021-09-24,11.686037063598633,11.740175395260893,11.662835342925895,11.662835342925895,1930259
2021-09-27,11.678303718566895,11.701505439378996,11.639633692167124,11.701505439378996,1940021
2021-09-28,11.562295913696289,11.639635981708793,11.515892462944429,11.639635981708793,2160322
2021-09-29,11.29934024810791,11.42308450094361,11.283872677484403,11.42308450094361,7771300
2021-09-30,11.338006973266602,11.361208691217747,11.198795190421093,11.307071103475302,3038955
2021-10-01,11.075055122375488,11.260671135862381,11.04411924305593,11.260671135862381,7691949
2021-10-04,10.982246398925781,11.167861656496822,10.974512245467954,11.13692578023498,4203450
2021-10-05,10.951309204101562,10.974510924112035,10.765693968879015,10.904905764080615,6812334
2021-10-06,10.897173881530762,11.036385705731405,10.850769694274037,10.982247364336969,3798376
2021-10-07,11.206530570983887,11.237466444167103,10.98224530601322,10.98224530601322,3512500
2021-10-08,11.191065788269043,11.260671704646276,11.160129907386894,11.252937550033343,1763150
2021-10-12,11.090522766113281,11.113724489819978,11.005448549906234,11.105990336061247,2894250
2021-10-13,10.951309204101562,11.144658591850726,10.935841636617706,11.121456871840254,2634930
2021-10-14,10.935840606689453,11.067318236981983,10.897170585267654,11.067318236981983,2520601
2021-10-15,11.136924743652344,11.16012720186623,11.06731958171889,11.113723023007859,2574407
2021-10-18,11.129193305969238,11.222000942607059,11.113724997744836,11.175596755503381,1801500
2021-10-19,11.338006973266602,11.338006973266602,11.198795190421093,11.2142634941014,2582056
2021-10-20,11.338006973266602,11.376676994898055,11.322539407155608,11.361208691217747,1453754
2021-10-21,11.361211776733398,11.515891905267758,11.345744206421672,11.384414238555262,3076010
2021-10-22,11.407614707946777,11.423083014126474,11.322541236666746,11.376678833156816,1899167
2021-10-25,11.376678466796875,11.423082646272192,11.322540872050181,11.423082646272192,1857000
2021-10-26,11.523625373840332,11.554561252173439,11.446286046792324,11.446286046792324,2997485
2021-10-27,11.686037063598633,11.686037063598633,11.51589012857268,11.546826001992798,5909017
2021-10-28,11.678303718566895,11.732441312984934,11.639633692167124,11.686037133791325,2850849
2021-10-29,11.639636039733887,11.732443679269819,11.593231851181145,11.709241953778225,3010120
2021-11-01,11.755644798278809,11.778846522573408,11.701507195734903,11.724708920029503,4819050
2021-11-02,11.670570373535156,11.887121503764995,11.662836220206012,11.817515598941611,3283584
2021-11-03,11.670570373535156,11.755643847447372,11.62416619112975,11.732442125029396,3034411
2021-11-04,11.693771362304688,11.763377262761109,11.686037209460773,11.740175541798772,2391221
2021-11-05,11.90259075164795,11.90259075164795,11.755644777051947,11.755644777051947,6193357
2021-11-08,11.910323143005371,11.941259018536446,11.879387267474296,11.925791449555634,2855039
2021-11-09,12.057267189025879,12.103670626164144,11.995395447795302,11.995395447795302,4808751
2021-11-10,12.018599510192871,12.041801233286728,11.97992947999012,12.03406781730176,1987200
2021-11-11,11.995397567749023,12.026333443831629,11.879387479262158,11.879387479262158,3296300
2021-11-12,12.010866165161133,12.12687626357871,12.003132748655585,12.02633447331129,2622061
2021-11-15,12.165544509887695,12.196481123520615,12.088205188513793,12.088205188513793,3598036
2021-11-16,12.258706092834473,12.281996650798108,12.17330688670548,12.212124236513711,3017233
2021-11-17,12.320816993713379,12.367398858551075,12.297526431491344,12.336344528790486,2163171
2021-11-18,12.413980484008789,12.429508019712568,12.359635589832868,12.398453688698662,2972693
2021-11-19,12.42950439453125,12.561485447945254,12.39845007257463,12.561485447945254,2380299
2021-11-22,12.42950439453125,12.476085507269465,12.42950439453125,12.460557976094435,1646720
2021-11-23,12.204362869262695,12.398452606253034,12.196599102088621,12.398452606253034,4019943
2021-11-24,12.165544509887695,12.250943725769249,12.118962648247301,12.196598837516767,2031884
2021-11-25,12.103433609008789,12.188832809045731,12.095669843443584,12.165542252743554,2096291
2021-11-26,11.878291130065918,12.056853318850687,11.862763596922791,12.01027220020837,3816325
2021-11-29,11.986982345581055,12.025800442725044,11.800656367762244,11.839474464906235,3431978
2021-11-30,12.056854248046875,12.204362862700629,12.02579991976086,12.126726671788802,2460711
2021-12-01,12.157780647277832,12.188834974662704,12.049090871627563,12.056853898178606,1889348
2021-12-02,12.227652549743652,12.274234409039641,12.118962038315368,12.150016364381516,1569500
2021-12-03,12.25094223022461,12.274233528398286,12.196597348606325,12.258705996282501,1523901
2021-12-06,12.188835144042969,12.212125704806885,12.118962721357642,12.212125704806885,1752000
2021-12-07,12.196599006652832,12.204362773766158,12.103436022473682,12.188835239539507,1502190
2021-12-08,12.297525405883789,12.39845215428687,12.289761638992731,12.344106526443019,2127127
2021-12-09,12.297525405883789,12.344106526443019,12.250943544930998,12.305289172774849,932780
2021-12-10,12.258706092834473,12.274233625072556,12.188833678550075,12.274233625072556,932000
2021-12-13,12.266472816467285,12.320817711616451,12.258709048476357,12.281999612055476,1106574
2021-12-14,12.072381019592285,12.212125117852807,12.064617252912939,12.212125117852807,1104326
2021-12-15,12.126726150512695,12.150016710627646,12.056853729774284,12.072381263446623,1412400
2021-12-16,12.3518705368042,12.367398070892383,12.250943786411732,12.274235087544008,3987226
2021-12-17,12.359634399414062,12.382924960332847,12.289761976264128,12.29752574336825,3040108
2021-12-20,12.204362869262695,12.367398277950324,12.196599102088621,12.351870743602174,2020081
2021-12-21,12.390689849853516,12.413980412882086,12.243181963481033,12.243181963481033,2635498
2021-12-22,12.460559844970703,12.476087378474604,12.429506258749997,12.445033792253898,2257795
2021-12-23,12.561488151550293,12.59254173979713,12.538196849774769,12.561488151550293,1646001
2021-12-24,12.577013969421387,12.65464866983566,12.56925020322256,12.615831319628523,1317173
2021-12-27,12.69346809387207,12.755576745577418,12.600304375920519,12.60806814248207,2378765
2021-12-28,12.75557804107666,12.77110557577679,12.732286739026463,12.75557804107666,1246489
2021-12-29,12.794395446777344,12.817686748918083,12.740050555902835,12.778867912016851,1766770
2021-12-30,12.825448989868164,12.8332127563244,12.786630157586982,12.802157690499454,1921702
2022-01-03,12.84097671508789,12.988483837604331,12.833212948515383,12.910847652666327,2223140
2022-01-04,13.066122055053711,13.066122055053711,12.988485858038942,12.996249625819148,2947400
2022-01-05,12.965195655822754,13.12823033207102,12.957431888269895,13.120466564518162,2807166
2022-01-06,12.740049362182617,12.864266667053185,12.685704476400128,12.864266667053185,2847189
2022-01-07,12.538195610046387,12.825449047059896,12.507142024870008,12.802157747587325,3683409
2022-01-10,12.577013969421387,12.577013969421387,12.367396724414064,12.42950537321768,2732291
2022-01-11,12.476089477539062,12.545961909275347,12.40621704580278,12.538198141217165,2289000
2022-01-12,12.51490592956543,12.615831933487017,12.468323330105868,12.60030440033383,1983310
2022-01-13,12.53043270111084,12.577015303243991,12.476087812742644,12.538196468133032,2776079
2022-01-14,12.40621566772461,12.491615626091058,12.243180998974683,12.491615626091058,3565155
2022-01-17,12.538195610046387,12.538195610046387,12.437269607239344,12.437269607239344,2392842
2022-01-18,12.483850479125977,12.685703961545105,12.483850479125977,12.545959129040554,2799023
2022-01-19,12.344107627868652,12.429507590503144,12.32858083309469,12.36739893062004,1438998
2022-01-20,12.344107627868652,12.375161957810207,12.243181610853826,12.359635163036243,1137200
2022-01-21,12.080143928527832,12.212124250737821,12.064616396271663,12.188833692747057,2394123
2022-01-24,12.111200332641602,12.118963359709431,11.909346821005732,12.02580037135294,2090000
2022-01-25,11.91711139678955,11.986983087501015,11.862765761266859,11.955928755942475,3414835
2022-01-26,11.893818855285645,11.979218813481097,11.886055828498995,11.893818855285645,2319242
2022-02-07,11.940401077270508,12.01803653022825,11.839474322071192,12.01803653022825,2213500
2022-02-08,12.049089431762695,12.080143755436579,12.018034367695332,12.018034367695332,4272796
2022-02-09,12.235416412353516,12.235416412353516,12.080144780804572,12.118962133396652,2922129
2022-02-10,12.344107627868652,12.344107627868652,12.227654075686235,12.266472173211584,2964189
2022-02-11,12.375160217285156,12.375160217285156,12.266470447973388,12.32857909912112,4390062
2022-02-14,12.056854248046875,12.250943984932855,12.02579991976086,12.250943984932855,6818658
2022-02-15,12.025798797607422,12.150016099160489,12.018035031161975,12.072380655886581,4828692
2022-02-16,12.274234771728516,12.305289098712281,12.212125377367427,12.24318044474475,4236189
2022-02-17,12.235416412353516,12.305288831648927,12.18107078601623,12.305288831648927,5381700
2022-02-18,12.227652549743652,12.227652549743652,12.111199012093984,12.157780130996436,7399129
2022-02-21,12.274234771728516,12.281997798179288,12.134489930104793,12.227652911056088,19851787
2022-02-22,11.972539901733398,12.147205816104774,11.916964693269726,12.10750891413554,16235398
2022-02-23,12.02017593383789,12.043993771361317,11.972539501635634,11.980479033195245,5772850
2022-02-24,11.726418495178223,11.916962683915825,11.694660373233322,11.916962683915825,12844100
2022-02-25,11.774053573608398,11.845507830092167,11.71847837730114,11.821689996982665,5470393
2022-03-01,12.028115272521973,12.051933868318214,11.86932841965756,11.86932841965756,4836083
2022-03-02,11.964599609375,11.996356977500636,11.901084873123729,11.988418203335762,2959723
2022-03-03,11.98047924041748,12.06781181761754,11.972539708720543,12.02811491628827,1796638
2022-03-04,11.789935111999512,11.861388626347365,11.789935111999512,11.82963125647429,5592849
2022-03-07,11.337390899658203,11.639086272199723,11.313573063107796,11.639086272199723,10946226
2022-03-08,11.035696983337402,11.289756716302682,11.02775820820995,11.099211727289854,10500169
2022-03-09,11.170663833618164,11.234178565232847,11.138906467810822,11.218300260906839,3674943
2022-03-10,11.519997596740723,11.559694500118828,11.432664257877802,11.472361161255906,3534087
2022-03-11,11.385026931762695,11.512056398462947,11.36914786984749,11.512056398462947,2415953
2022-03-14,11.305632591247559,11.496176782108343,11.2659356955294,11.472358947539572,4175983
2022-03-15,10.932485580444336,11.250059285338436,10.916606516621913,11.250059285338436,11409687
2022-03-16,10.956302642822266,11.099210421322576,10.876908843645683,11.075392584431755,5123860
2022-03-17,11.45648193359375,11.472360239375792,11.242119126870728,11.289755558527643,5469958
2022-03-18,11.416786193847656,11.456483098070784,11.3373923854014,11.456483098070784,2545356
2022-03-21,11.4644193649292,11.527934852083147,11.440601530468536,11.48823795654517,2204436
2022-03-22,11.480301856994629,11.504119698573463,11.44854448250434,11.472362324083173,1694500
2022-03-23,11.623207092285156,11.67878229243942,11.57557066561342,11.57557066561342,3345151
2022-03-24,11.607329368591309,11.623208431696833,11.5279363245299,11.575571999535665,1999670
2022-03-25,11.591450691223145,11.67878326403897,11.575571628626426,11.67084373274061,2340006
2022-03-28,11.4644193649292,11.472358895467856,11.337389904931916,11.45648059154585,2169920
2022-03-29,11.504117965698242,11.551754398835923,11.48030012770711,11.512057497413759,1708328
2022-03-30,11.6549654006958,11.678783237381136,11.615268501449991,11.62320803273023,1573550
2022-03-31,11.575571060180664,11.654964854954688,11.567631529272193,11.654964854954688,1623950
2022-04-01,11.488240242004395,11.488240242004395,11.377089063816811,11.400906903015773,1352200
2022-04-06,11.361209869384766,11.377088175225435,11.289755600213258,11.353270337886732,1906410
2022-04-07,11.099209785461426,11.273875679350265,11.099209785461426,11.242118312930053,6130758
2022-04-08,11.059514045715332,11.154786148425321,11.035695452171309,11.099210187311302,5794249
2022-04-11,10.78957462310791,11.035694000102325,10.781635092971246,11.035694000102325,6885379
2022-04-12,10.741939544677734,10.82927287280742,10.678424809940887,10.718121708440258,3592233
2022-04-13,10.996000289916992,10.996000289916992,10.829273906036441,10.83721268076947,1920496
2022-04-14,11.003936767578125,11.043633661578278,10.964240630733249,11.043633661578278,1168349
2022-04-15,10.72606372833252,10.884850602017847,10.718124195359369,10.884850602017847,4378479
2022-04-18,10.734001159667969,10.789576365287736,10.630789522691693,10.638728296954952,2501286
2022-04-19,10.797514915466309,10.924544377999153,10.797514915466309,10.80545368900812,1580563
2022-04-20,10.837210655212402,10.884847080484136,10.773695926286953,10.884847080484136,1721205
2022-04-21,10.853089332580566,10.916604059262033,10.845149802456566,10.861028862704567,1086349
2022-04-22,10.630790710449219,10.710183762039977,10.606972113532064,10.710183762039977,5042139
2022-04-25,10.329093933105469,10.416426505468252,10.29733656523215,10.416426505468252,4288442
2022-04-26,10.28145694732666,10.384668576628428,10.241760050340545,10.368790272127182,2902983
2022-04-27,10.08297348022461,10.106791316169904,9.955944012309237,10.019458746266922,4759863
2022-04-28,10.194125175476074,10.249700381301862,10.051216638032173,10.170307338287222,3076875
2022-04-29,10.29733657836914,10.39260868211064,10.265579210455307,10.337033477550275,2612162
2022-05-03,10.305274963378906,10.31321449434643,10.241760229949401,10.281457127631679,1578797
2022-05-04,10.305274963378906,10.368790453963758,10.289396658599204,10.32909355628148,1712000
2022-05-05,10.487881660461426,10.543456869656339,10.464063821828669,10.464063821828669,3643722
2022-05-06,10.217944145202637,10.217944145202637,10.154429400888914,10.170308465545082,3857650
2022-05-09,9.995640754699707,10.098852385062886,9.995640754699707,10.098852385062886,3234350
2022-05-10,10.011517524719238,10.011517524719238,9.733640799864611,9.8050950527903,3314430
2022-05-11,10.01945972442627,10.043277562696803,9.940066677806016,10.011520192617617,2142000
2022-05-12,9.813035011291504,9.971822595719113,9.813035011291504,9.916246638307323,2797517
2022-05-13,9.971824645996094,9.995642485695223,9.892430837458367,9.892430837458367,2050215
2022-05-16,10.011517524719238,10.20206245157282,10.003578752181559,10.114729139261321,1839160
2022-05-17,10.210002899169922,10.210002899169922,10.051216065037293,10.051216065037293,1556230
2022-05-18,10.289397239685059,10.344972445285606,10.265579402592737,10.289397239685059,1736266
2022-05-19,10.130609512329102,10.146487816618697,10.03533741512556,10.08297308514967,1679704
2022-05-20,10.186184883117676,10.202063944827671,10.154427516853024,10.162367047708022,1017010
2022-05-23,10.130609512329102,10.265578505989616,10.114730450884183,10.217942078810184,2166190
2022-05-24,9.932127952575684,10.138551253431544,9.924188420122269,10.130611720978129,1656538
2022-05-25,10.0353364944458,10.043275267284605,9.924185345994768,10.003579131624829,1580850
2022-05-26,9.844793319702148,10.075034430588808,9.844793319702148,10.075034430588808,1865100
2022-05-27,10.075034141540527,10.090913203910784,9.971823264755333,9.979762038785093,996655
2022-05-30,10.376728057861328,10.376728057861328,10.194123409127933,10.202062939200323,1645877
2022-05-31,10.519638061523438,10.519638061523438,10.32115432451356,10.400548122179659,1779074
2022-06-01,10.487881660461426,10.551396401585738,10.45612428989927,10.519639031023582,1211494
2022-06-02,10.384669303894043,10.440244509273482,10.376729772509727,10.440244509273482,1487070
2022-06-06,10.440245628356934,10.479942532378214,10.344973512999141,10.408488256571003,944105
2022-06-07,10.352911949157715,10.456123585823702,10.313215049339199,10.456123585823702,1376300
2022-06-08,10.487881660461426,10.551396401585738,10.440245226040473,10.440245226040473,1590376
2022-06-09,10.487881660461426,10.495821192390824,10.432306451266513,10.464063821828669,979461
2022-06-10,10.408487319946289,10.44818422039538,10.32909427620351,10.44818422039538,1282096
2022-06-13,10.090911865234375,10.154426591978702,10.051214971730355,10.146487061846845,1846308
2022-06-14,10.011517524719238,10.019457054412143,9.88448807825367,9.940064028948775,1782242
2022-06-15,9.963882446289062,10.059154536735845,9.955942916129679,10.01151811293482,1156079
2022-06-16,9.86067008972168,10.194122759975473,9.852730560154871,10.082971617505804,1907295
2022-06-17,9.630431175231934,9.76540017927868,9.574855970208702,9.693945911588592,2975450
2022-06-20,9.47164535522461,9.646310520453705,9.47164535522461,9.630432213230815,3026720
2022-06-21,9.70982551574707,9.70982551574707,9.543099878378545,9.56691771840898,2025100
2022-06-22,9.352555274963379,9.709825918874815,9.352555274963379,9.709825918874815,3151840
2022-06-23,9.265220642089844,9.408129170983937,9.209645439588963,9.400189640010854,2243400
2022-06-24,9.320795059204102,9.43194621199542,9.289037695143051,9.352552423265152,2479612
2022-06-27,9.57485580444336,9.654248844936996,9.447825576773878,9.447825576773878,1921090
2022-06-28,9.39224910736084,9.574854514490255,9.376370804263432,9.574854514490255,1435770
2022-06-29,9.312856674194336,9.38431094140796,9.233463632855601,9.233463632855601,1498450
2022-06-30,9.019100189208984,9.273159872012206,9.01116141564898,9.273159872012206,2208689
2022-07-01,8.57449722290039,9.019100350747367,8.56655769204286,9.019100350747367,9987711
2022-07-04,8.5189208984375,8.669768949635122,8.479224760164204,8.542739489987843,4337186
2022-07-05,8.55862045288086,8.741225925722649,8.383955270178063,8.733286392739194,3844070
2022-07-06,8.312498092651367,8.638011260051474,8.312498092651367,8.638011260051474,1922201
2022-07-07,8.677709579467773,8.69358788535754,8.296620395093218,8.399832033420589,2520603
2022-07-08,8.836496353149414,8.923828927729986,8.741224247110047,8.772981615789837,2488070
2022-07-11,8.757102012634277,8.8920710104858,8.71740511494465,8.8920710104858,957886
2022-07-12,8.49510383605957,8.638012369727637,8.439528631702155,8.638012369727637,1554752
2022-07-13,8.76504135131836,8.820616552571437,8.749163046884052,8.804738248137127,1585116
2022-07-14,8.876192092895508,8.900009927002776,8.645951010777813,8.709465739834053,1416818
2022-07-15,9.058798789978027,9.074677854396215,8.852375495474393,8.907951463782581,2568860
2022-07-18,9.177888870239258,9.249342383738934,9.10643459958417,9.10643459958417,1193261
2022-07-19,9.138191223144531,9.209645487966926,9.082615263196365,9.082615263196365,1032088
2022-07-20,9.296979904174805,9.368434183189025,9.273162063555231,9.32873727738607,1594747
2022-07-21,9.495462417602539,9.495462417602539,9.328736041050735,9.344615104129671,1461852
2022-07-22,9.431947708129883,9.55103765296054,9.416068645002913,9.52721981542549,1647170
2022-07-25,9.39224910736084,9.424006470710921,9.344613440913351,9.408128167613514,1057260
2022-07-26,9.273160934448242,9.3763725741066,9.241403565103779,9.3763725741066,823005
2022-07-27,9.352555274963379,9.352555274963379,9.185828873517307,9.265222686455632,1177060
2022-07-28,9.304917335510254,9.495461531748745,9.296977804711485,9.455764634910226,1467494
2022-07-29,9.360491752624512,9.447824312628784,9.344613449512494,9.408128176271102,1324050
2022-08-01,9.320795059204102,9.384309787326202,9.281098164838967,9.360491953569236,1351040
2022-08-02,9.130250930786133,9.20964472000291,9.090554036177744,9.20964472000291,1631115
2022-08-03,9.177888870239258,9.193767176409605,9.114373374091635,9.138191969080275,895703
2022-08-04,9.138191223144531,9.193766425937348,9.019100529388759,9.18582689492256,1724489
2022-08-05,9.431947708129883,9.447826014101448,9.273160862637205,9.273160862637205,1980663
2022-08-08,9.447826385498047,9.447826385498047,9.360493806332858,9.408130240430964,1269096
2022-08-09,9.439886093139648,9.479582231824834,9.34461399741564,9.40018919729915,841633
2022-08-10,9.28903865814209,9.344614618876978,9.28903865814209,9.344614618876978,1678270
2022-08-11,9.455765724182129,9.487523093880217,9.42400835448404,9.487523093880217,970360
2022-08-12,9.606613159179688,9.622491464394958,9.447825564094773,9.447825564094773,1425184
2022-08-15,9.805097579956055,9.820975886279113,9.64630997379295,9.686006875333726,2266355
2022-08-16,9.805095672607422,9.853476417847606,9.788969270184598,9.853476417847606,1199619
2022-08-17,9.788969993591309,9.805096397205876,9.72446284116121,9.772842820990826,909250
2022-08-18,9.797033309936523,9.797033309936523,9.659955411793758,9.756716914353554,1199200
2022-08-19,9.845412254333496,9.8937929967343,9.805095097163795,9.805095097163795,1279695
2022-08-22,9.716400146484375,9.78090730483396,9.70833655944418,9.78090730483396,962000
2022-08-23,9.56319522857666,9.603512395465815,9.530941648862537,9.595448808290785,1054907
2022-08-24,9.539003372192383,9.668017665840514,9.530939786592914,9.627700506829012,1350544
2022-08-25,9.684144973754883,9.73252495006301,9.619637826020142,9.619637826020142,1053685
2022-08-26,9.724464416503906,9.837351567051101,9.724464416503906,9.788971579384029,587503
2022-08-29,9.434181213378906,9.450308388248054,9.329356883687515,9.39386404519206,1615600
2022-08-30,9.482561111450195,9.52287827599098,9.434180360204062,9.434180360204062,878700
2022-08-31,9.5309419631958,9.53900555063677,9.409991227525346,9.418054814966315,560974
2022-09-01,9.264848709106445,9.377736613888539,9.23259513188098,9.361609440782837,2905000
2022-09-02,9.192277908325195,9.297102225872766,9.192277908325195,9.264848648857047,1058536
2022-09-05,9.168086051940918,9.232593192844003,9.127768896630046,9.20033962239246,1199707
2022-09-06,9.176152229309082,9.28097655513872,9.151962236882548,9.27291296800121,1352185
2022-09-07,9.039074897766113,9.079392067027223,8.958440559243893,9.055201304078931,1443116
2022-09-08,9.208407402038574,9.224533810117661,9.079393061461367,9.111646646605669,1259499
2022-09-12,9.377737045288086,9.426117028858915,9.361609871440495,9.393863450149704,1352528
2022-09-13,9.426115989685059,9.490623908977835,9.401926000566448,9.450306747789558,827903
2022-09-14,9.248722076416016,9.272912066490804,9.143897760777374,9.143897760777374,789934
2022-09-15,9.264848709106445,9.337419450110223,9.248722304986682,9.248722304986682,889590
2022-09-16,9.119707107543945,9.20034065825844,9.119707107543945,9.20034065825844,602400
2022-09-19,9.08745288848877,9.160022848285482,9.063262132904056,9.127769276491673,971546
2022-09-20,9.14389705657959,9.151960642312158,9.087453494423325,9.12776988511445,364861
2022-09-21,9.07132625579834,9.111643415176836,9.047136267765584,9.0551990844526,479411
2022-09-22,8.96650218963623,8.974565775525498,8.853614294144117,8.910058626383112,698800
2022-09-23,8.8052339553833,8.966501821620279,8.764916796577594,8.950375419489504,1258402
2022-09-26,8.523015975952148,8.692347454831342,8.498825984393969,8.692347454831342,2015851
2022-09-27,8.579460144042969,8.603650135119407,8.498825815140243,8.539142979591606,1241130
2022-09-28,8.31336784362793,8.595586453705417,8.30530425702933,8.571396462895562,2151220
2022-09-29,8.31336784362793,8.466572144071602,8.297240670430732,8.418191393465948,869771
2022-09-30,8.281113624572754,8.297240027534485,8.119844981040142,8.160162141923296,1128000
2022-10-03,8.216606140136719,8.329494042780157,8.152098986907875,8.168226159708048,1170100
2022-10-04,8.531078338623047,8.531078338623047,8.40206404351119,8.40206404351119,672900
2022-10-05,8.684283256530762,8.756853219669706,8.643966097685228,8.65202891426566,601000
2022-10-06,8.781044960021973,8.7891077775056,8.73266421019055,8.748791383129667,809001
2022-10-07,8.603650093078613,8.740727990151862,8.579460102120379,8.740727990151862,951043
2022-10-11,8.103719711303711,8.506889838542842,8.095656124202291,8.506889838542842,3227395
2022-10-12,8.095654487609863,8.135971645980582,7.998893768911638,8.103718073081174,2161109
2022-10-13,7.934387683868408,8.12790914713692,7.9263240973190685,8.103719156474842,2401531
2022-10-14,8.200481414794922,8.289178576392613,8.176291419629385,8.22467140996046,2332605
2022-10-17,8.111781120300293,8.192414662705508,7.950512497518294,8.192414662705508,2111000
2022-10-18,8.18435287475586,8.248860030437774,8.079529323512215,8.224670039303545,2364031
2022-10-19,8.119847297668457,8.248861634114201,8.111784478380175,8.14403806249161,1325700
2022-10-20,8.023085594177246,8.063402761783365,7.886007685708048,8.063402761783365,1876000
2022-10-21,7.902134418487549,8.047275137173443,7.902134418487548,8.023085145556788,1720001
2022-10-24,7.974706172943115,8.103720503229642,7.966642585053691,8.063403332768587,1388156
2022-10-25,7.748929500579834,7.974705323518853,7.732803095504753,7.974705323518853,2315155
2022-10-26,7.781181335449219,7.805372091118102,7.700547790177042,7.748927763543185,1976400
2022-10-27,7.998895168304443,7.998895168304443,7.86988085413598,7.86988085413598,2356889
2022-10-28,7.966641426086426,8.031148581845347,7.926324261490611,7.982767830533179,1173101
2022-10-31,8.095654487609863,8.127908060509272,7.998893768911638,8.063400914710455,1587177
2022-11-01,8.232733726501465,8.240797313306619,8.103719413562851,8.103719413562851,668242
2022-11-02,8.32949447631836,8.32949447631836,8.208543749965447,8.232733741438837,808330
2022-11-03,8.297240257263184,8.297240257263184,8.19241594365903,8.216605933264326,860174
2022-11-04,8.33755874633789,8.345622333818426,8.232734416049025,8.281115171946205,1020325
2022-11-07,8.506889343261719,8.547206507435517,8.410128610636171,8.434318601546071,994916
2022-11-08,8.571395874023438,8.684283771690373,8.547205884875485,8.547205884875485,1060343
2022-11-09,8.861678123474121,8.877805295695687,8.692346660077154,8.692346660077154,1378800
2022-11-10,8.829424858093262,8.84555203088119,8.781044877701323,8.837488444487226,953200
2022-11-11,9.289040565490723,9.353547727557794,9.200342640908977,9.224532634437622,2190413
2022-11-14,9.401928901672363,9.45030966382408,9.369675316566592,9.369675316566592,1713790
2022-11-15,9.700272560119629,9.716399733514574,9.466433928794583,9.466433928794583,3049962
2022-11-16,9.773452758789062,9.78971433956881,9.643356235391964,9.781583161463026,2186990
2022-11-17,9.797844886779785,9.814106466512431,9.716534661821239,9.757189774300512,1611426
2022-11-18,9.749056816101074,9.919807636981808,9.749056816101074,9.797843097251985,1472378
2022-11-21,9.724664688110352,9.805974903442666,9.708402334871217,9.749057442537373,845800
2022-11-22,9.732797622680664,9.757190381513537,9.643356214573757,9.651487392661988,1293306
2022-11-23,9.773452758789062,9.854762213551448,9.757190402577493,9.805976695780382,943000
2022-11-24,9.976726531982422,10.001119288357316,9.830368442869567,9.838499620138446,2180219
2022-11-25,9.887284278869629,9.99298724793969,9.879153102303084,9.976725670238276,1069000
2022-11-28,9.732797622680664,9.789714318434642,9.708404088415968,9.757190381513537,828737
2022-11-29,9.789713859558105,9.805976214972299,9.651486940264608,9.724665988764905,1330800
2022-11-30,9.927939414978027,9.927939414978027,9.78971251467377,9.78971251467377,1302500
2022-12-01,10.090558052062988,10.179999434670762,10.0824268762929,10.106820403603166,1959254
2022-12-02,10.082427024841309,10.090558200731197,10.017379168585425,10.04177269625509,504300
2022-12-05,10.082427024841309,10.16373723287697,10.082427024841309,10.082427024841309,885144
2022-12-06,9.895415306091309,10.058034957809523,9.895415306091309,10.058034957809523,677114
2022-12-07,9.781582832336426,9.919809753756486,9.773452429936032,9.89541699569171,1557166
2022-12-08,9.724664688110352,9.781581373583961,9.659616826017173,9.781581373583961,1120302
2022-12-09,9.86289119720459,9.911676704121081,9.797843337694832,9.797843337694832,891700
2022-12-12,9.75718879699707,9.781581551868687,9.716533688589909,9.765319973764841,796001
2022-12-13,9.675878524780273,9.854760535488513,9.675878524780273,9.854760535488513,657000
2022-12-14,9.895415306091309,9.895415306091309,9.724664477929267,9.724664477929267,624071
2022-12-15,9.87102222442627,9.895414977516129,9.838498295162577,9.879152625168464,635467
2022-12-16,9.675878524780273,9.757188741129024,9.64335459332711,9.757188741129024,1333970
2022-12-19,9.643355369567871,9.700272835766238,9.578307501425526,9.667748901695067,1009000
2022-12-20,9.383163452148438,9.684010021901772,9.383163452148438,9.63522451082378,803050
2022-12-21,9.423819541931152,9.472605058083799,9.399426783854828,9.448212300007475,381234
2022-12-22,9.513258934020996,9.578306797382066,9.513258934020996,9.529521287577113,605000
2022-12-23,9.383163452148438,9.415687384677671,9.32624676408021,9.399425806128914,763000
2022-12-26,9.383163452148438,9.391294629138676,9.342508342628967,9.383163452148438,610707
2022-12-27,9.440081596374512,9.505129471466786,9.391296077771225,9.391296077771225,498201
2022-12-28,9.244935989379883,9.350638957604604,9.204280882303962,9.350638957604604,2543000
2022-12-29,9.228673934936523,9.253066687748962,9.131101372823501,9.188018829961369,751343
2022-12-30,9.269329071044922,9.39129439658312,9.269329071044922,9.350639288070386,749410
2023-01-03,9.431951522827148,9.440081925923634,9.212414355152898,9.269331053987615,996250
2023-01-04,9.431951522827148,9.472605864605168,9.41568916577045,9.431951522827148,569000
2023-01-05,9.440081596374512,9.537653409012924,9.42382001531736,9.51326064971128,582340
2023-01-06,9.570175170898438,9.58643674694111,9.440078685399055,9.440078685399055,815300
2023-01-09,9.879154205322266,9.879154205322266,9.708403355518662,9.708403355518662,1124373
2023-01-10,9.936070442199707,9.984855950143302,9.87915298235662,9.87915298235662,1129232
2023-01-11,9.944202423095703,9.992988714221765,9.903548085161074,9.952333600855345,850100
2023-01-12,9.903548240661621,9.960464935009211,9.87915470699968,9.944202579234583,385158
2023-01-13,9.879154205322266,10.066167410074671,9.879154205322266,10.03364347560883,888284
2023-01-16,9.960464477539062,10.001119589676597,9.944202122511342,9.944202122511342,1288797
2023-01-17,9.992989540100098,10.017382299963192,9.944203244942054,9.960465601805353,1240090
2023-01-30,10.358882904052734,10.513372175588852,10.301966212135097,10.456454708239443,1953795
2023-01-31,10.236917495727539,10.350750870144829,10.220655141992665,10.310096536671058,782576
2023-02-01,10.36701488494873,10.36701488494873,10.29383583228,10.29383583228,844613
2023-02-02,10.610942840576172,10.61907401724337,10.456453585626146,10.456453585626146,2308058
2023-02-03,10.675992012023926,10.708515947248763,10.562157851021103,10.619075319238405,1612382
2023-02-06,10.521503448486328,10.594682501540806,10.521503448486328,10.594682501540806,1121113
2023-02-07,10.537764549255371,10.554026128312097,10.505240615710177,10.521502194766903,592874
2023-02-08,10.781692504882812,10.797954081023054,10.610941690536466,10.610941690536466,2641246
2023-02-09,10.749170303344727,10.789825413371403,10.716646370409729,10.773563059188042,705850
2023-02-10,10.708514213562012,10.74103814352129,10.667859107255,10.724775790825824,1349719
2023-02-13,10.610942840576172,10.708514634287495,10.602811663908973,10.708514634287495,760000
2023-02-14,10.716647148132324,10.757301485677619,10.675992035155247,10.675992035155247,1020469
2023-02-15,10.562156677246094,10.667859648837965,10.513371167546275,10.619074139138144,1058300
2023-02-16,10.742427825927734,10.767010603918388,10.644099058307862,10.644099058307862,1389070
2023-02-17,10.644097328186035,10.68506783673008,10.619515335638589,10.652291586184335,749209
2023-02-20,10.693262100219727,10.717844092779796,10.635903075649626,10.635903075649626,802647
2023-02-21,10.775203704833984,10.791592222921073,10.6932634587412,10.6932634587412,1520100
2023-02-22,10.611321449279785,10.693262469237691,10.578545197586118,10.693262469237691,1266686
2023-02-23,10.8407564163208,10.86533919390957,10.693263658026023,10.693263658026023,1965100
2023-02-24,10.832561492919922,10.971860754875921,10.799785241956595,10.881725478641178,1671453
2023-03-01,11.01283073425293,11.029219250832973,10.693262475416889,10.734232985419517,2164962
2023-03-02,10.98005485534668,11.012831108172138,10.898114614006783,10.996443372483164,1418932
2023-03-03,10.955472946166992,11.11116073438259,10.939085210350752,10.988249199246985,1028180
2023-03-06,11.160324096679688,11.193100347919449,11.045606826616787,11.061995342960403,1956700
2023-03-07,11.2012939453125,11.225875936930331,11.127547189011585,11.160323438317834,1048804
2023-03-08,11.127549171447754,11.143937689744298,11.086578657153957,11.102967175450502,1061400
2023-03-09,11.127549171447754,11.201295940887075,11.127549171447754,11.143937689744298,1266000
2023-03-10,10.898114204406738,11.012830694260535,10.865337952813157,11.012830694260535,787037
2023-03-13,10.98005485534668,10.98005485534668,10.78339733839392,10.81617359121938,1151109
2023-03-14,10.824368476867676,10.939085759126371,10.807979958781768,10.930891500083417,880443
2023-03-15,10.898114204406738,11.05380120411438,10.783396933105465,10.783396933105465,2011337
2023-03-16,10.816174507141113,10.881727018343069,10.767010514463433,10.873533540528504,1405070
2023-03-17,10.996444702148438,11.021026699378055,10.873533934552748,10.873533934552748,1045710
2023-03-20,11.029219627380371,11.061995880211988,11.012831110240809,11.012831110240809,1679595
2023-03-21,11.061996459960938,11.143937487058185,11.053802200961702,11.070190718960172,949044
2023-03-22,11.275040626525879,11.291428360346156,11.184905355448395,11.201293870716091,1880000
2023-03-23,11.381564140319824,11.397951874872835,11.234070622105468,11.234070622105468,2132044
2023-03-24,11.47989273071289,11.47989273071289,11.414340230526813,11.414340230526813,3233627
2023-03-27,11.44711685180664,11.520863612269167,11.430728335504982,11.47989310296249,1822734
2023-03-28,11.29142951965332,11.471699298869426,11.29142951965332,11.447117304891433,1110100
2023-03-29,11.275040626525879,11.389757107610068,11.176711879261967,11.356980858522098,505056
2023-03-30,11.356980323791504,11.397950828584273,11.332398333494796,11.373368838287565,1352152
2023-03-31,11.406147003173828,11.455310992031574,11.365176491494031,11.365176491494031,1494143
2023-04-06,11.242265701293945,11.307818207189158,11.184906672550001,11.307818207189158,1022260
2023-04-07,11.266847610473633,11.316012380247146,11.250459093399959,11.275041869010469,675500
2023-04-10,11.3651762008667,11.37337045928262,11.316012213266163,11.316012213266163,997587
2023-04-11,11.44711685180664,11.47169884481166,11.356981575042456,11.373370091344114,1262709
2023-04-12,11.455309867858887,11.471698383501517,11.381563891809368,11.471698383501517,480188
2023-04-13,11.283236503601074,11.414341518769978,11.283236503601074,11.414341518769978,846796
2023-04-14,11.406147003173828,11.447117514853625,11.28323624958195,11.28323624958195,1208015
2023-04-17,11.356980323791504,11.365174581039534,11.291427828702027,11.340592590742826,559355
2023-04-18,11.234070777893066,11.356981523811182,11.217682261665336,11.356981523811182,1237533
2023-04-19,11.168519020080566,11.266847779656594,11.14393702554844,11.234071526464586,741939
2023-04-20,11.061996459960938,11.143937487058185,11.045607941962468,11.143937487058185,869577
2023-04-21,10.889920234680176,11.086577749452198,10.85714398221817,11.06199575546757,1444455
2023-04-24,10.91450309753418,10.939085874923265,10.824368591450218,10.88172684246296,863249
2023-04-25,10.619516372680664,10.898114920249595,10.57854586013567,10.898114920249595,2158740
2023-04-26,10.619516372680664,10.62771063147917,10.504799093844184,10.586740118934173,1079624
2023-04-27,10.676875114440918,10.758816143315004,10.578546348660556,10.619516863097598,614000
2023-04-28,10.8407564163208,10.86533919390957,10.78339816484214,10.799786683234654,947191
2023-05-02,10.955472946166992,10.988249199246985,10.816173675215147,10.816173675215147,928927
2023-05-03,10.922698020935059,10.955474277999587,10.865339766434035,10.922698020935059,665048
2023-05-04,10.955472946166992,10.963667204798869,10.88172618137513,10.898114698638883,786224
2023-05-05,10.963667869567871,11.02102612057383,10.898115359433188,10.98005560637776,672000
2023-05-08,11.004637718200684,11.07838448300387,10.963667206482523,10.963667206482523,1315064
2023-05-09,10.971861839294434,10.996443834584657,10.889920813063638,10.996443834584657,829050
2023-05-10,10.8407564163208,10.914503186191974,10.807980160983343,10.914503186191974,1245470
2023-05-11,10.775203704833984,10.857144732374321,10.767010227237993,10.840756214287232,850000
2023-05-12,10.816174507141113,10.82436876640325,10.676875225475063,10.726039999600317,1121715
2023-05-15,10.775203704833984,10.816174218604152,10.734233972511369,10.816174218604152,1227179
2023-05-16,10.9063081741333,10.922695908772804,10.807978640506452,10.807978640506452,956200
2023-05-17,11.030149459838867,11.05491832706203,10.93933264210979,10.980613300118666,1365420
2023-05-18,11.145735740661621,11.187016400877432,11.104455080445808,11.170503821845866,930144
2023-05-19,11.236553192138672,11.244809482116548,11.178760737019843,11.187017026997717,1627350
2023-05-22,11.187017440795898,11.25306618833569,11.170504860229363,11.236553607769153,707100
2023-05-23,11.236553192138672,11.286090144642776,11.178760737019843,11.20352881959032,1494790
2023-05-24,11.129222869873047,11.187016107605354,11.063174130204484,11.187016107605354,1473079
2023-05-25,11.310858726501465,11.319115016843792,11.211785604483085,11.277834352495338,2118250
2023-05-26,11.575052261352539,11.616332130333078,11.426442213460899,11.426442213460899,4615362
2023-05-29,11.797966957092285,11.855759405570051,11.723661930556267,11.731918219585392,3802218
2023-05-30,11.789711952209473,11.839248904416783,11.764943869787391,11.80622453206629,1573255
2023-05-31,11.674126625061035,11.80622410973765,11.608077882722727,11.789711530471514,1039103
2023-06-01,11.632845878601074,11.665870249527055,11.566797136749113,11.566797136749113,897449
2023-06-02,11.740175247192383,11.79796769930589,11.69889458681283,11.69889458681283,1546001
2023-06-05,11.76494312286377,11.830991863371501,11.731918752609904,11.731918752609904,1190623
2023-06-06,11.756686210632324,11.80622315707038,11.723661842127973,11.764942499599176,1295564
2023-06-07,11.872273445129395,11.880529735174887,11.756687746581967,11.756687746581967,2075125
2023-06-08,11.657611846923828,11.806221882835596,11.624587481983765,11.806221882835596,1558721
2023-06-09,11.731917381286621,11.789709825634855,11.657612360060034,11.657612360060034,1198469
2023-06-12,11.888784408569336,11.946577647493328,11.781455794917134,11.789711297023619,2478385
2023-06-13,12.152981758117676,12.20251792672277,12.020884258686484,12.02913976187853,5088581
2023-06-14,12.177748680114746,12.186004969881974,12.111699936703173,12.144724308408959,2103304
2023-06-15,12.334612846374512,12.359381712859864,12.177747295449143,12.177747295449143,2998070
2023-06-16,12.243796348571777,12.359382033075649,12.235540059529416,12.351125744033288,1362834
2023-06-19,12.301589965820312,12.326358835300493,12.202516849989,12.219029429642452,2249970
2023-06-20,12.243796348571777,12.342869454990927,12.227284557850115,12.301588797142184,1777350
2023-06-21,12.186004638671875,12.219029009480073,12.14472397832085,12.210772719937246,1474399
2023-06-26,12.078675270080566,12.11995593054566,12.020882817847301,12.11995593054566,889664
2023-06-27,11.963088989257812,12.103442755511058,11.954832700098663,12.03739401696401,1499062
2023-06-28,11.979602813720703,12.095187724519898,11.96309023368473,12.053907849156273,870041
2023-06-29,12.078675270080566,12.202516464112735,12.045650899181114,12.095187061848737,1770197
2023-06-30,12.152981758117676,12.152981758117676,12.053908633544282,12.053908633544282,1414146
2023-07-03,12.359381675720215,12.384149754768101,12.202515337903185,12.202515337903185,2676663
2023-07-04,12.433687210083008,12.441942711862136,12.342869604244962,12.359382182529359,2870781
2023-07-05,12.39240837097168,12.441944538370766,12.367639499908952,12.43368903537971,1158066
2023-07-06,12.177748680114746,12.342870538643675,12.177748680114746,12.301589877170661,1002940
2023-07-07,12.037394523620605,12.136467635611186,12.012626442463736,12.136467635611186,1160190
2023-07-10,12.053906440734863,12.128210680125308,12.029137573574989,12.045650151681572,537761
2023-07-11,12.210771560668945,12.243795928341871,12.152979114082084,12.16123461547804,826884
2023-07-12,12.243796348571777,12.252052637614138,12.202515690723033,12.202515690723033,921120
2023-07-13,12.425432205200195,12.582297778299827,12.400664122576707,12.408919625209103,3838219
2023-07-14,12.557527542114258,12.582295620490127,12.433686362871892,12.433686362871892,3220612
2023-07-17,12.417176246643066,12.549273740645146,12.400664453574393,12.549273740645146,1128300
2023-07-18,12.351126670837402,12.474967866313374,12.33461409151361,12.425431703068233,1374762
2023-07-19,12.342870712280273,12.491480780728486,12.334614422396896,12.400663954100766,945190
2023-07-20,12.326356887817383,12.384149332747375,12.301588022250522,12.359381254543523,1080250
2023-07-21,12.235541343688965,12.235541343688965,12.02088331759995,12.07867577223586,1165375
2023-07-24,12.235541343688965,12.268565715961362,12.169492599144169,12.227285841143221,1437686
2023-07-25,12.293333053588867,12.400662446938648,12.260308685432245,12.260308685432245,1221003
2023-07-26,12.111699104309082,12.301589031726108,12.095186525909476,12.26856466228997,719939
2023-07-27,12.12821102142334,12.202516050267851,12.07867486043572,12.11169923021516,828103
2023-07-28,12.152981758117676,12.169493551864973,12.037396052433781,12.111701092704626,1057067
2023-07-31,12.037394523620605,12.252053326615084,12.012626442463736,12.17774829578137,1270639
2023-08-01,12.053906440734863,12.186003916135292,12.03739386262828,12.128210680125308,1161000
2023-08-02,11.797966957092285,12.078674485178109,11.773198877367966,12.078674485178109,1808861
2023-08-04,11.748431205749512,11.814480737340373,11.682382461521788,11.764943785488011,1047990
2023-08-07,11.797966957092285,11.864015694599178,11.682381272773695,11.682381272773695,693339
2023-08-08,11.690637588500977,11.839247641912397,11.632845139891227,11.797966984035552,1962562
2023-08-09,11.723663330078125,11.764943992788611,11.649358294671883,11.665870874701337,1140176
2023-08-10,11.525516510009766,11.723662736146032,11.500748428583512,11.723662736146032,1662029
2023-08-11,11.550284385681152,11.641101994898131,11.533772594145491,11.558540675130532,890086
2023-08-14,11.343881607055664,11.475979085689191,11.310857237397283,11.475979085689191,1070100
2023-08-15,11.409930229187012,11.492491546166562,11.376905859867806,11.442954598506217,895999
2023-08-16,11.418343544006348,11.460415715555053,11.37627217491757,11.418343544006348,689000
2023-08-17,11.544561386108398,11.561389775186942,11.34261509994573,11.367858887253576,929100
2023-08-18,11.468831062316895,11.586632989885029,11.46041646696346,11.544560815577839,935000
2023-08-21,11.510903358459473,11.603461500946972,11.46041658826448,11.603461500946972,690000
2023-08-22,11.61187744140625,11.653949621032014,11.569805261780486,11.62029203782342,637010
2023-08-23,11.662362098693848,11.679191289628726,11.569803955931988,11.611876130809193,657188
2023-08-24,11.906378746032715,11.906378746032715,11.80540601631787,11.80540601631787,1349020
2023-08-25,11.586634635925293,11.771750945239267,11.561390846278764,11.771750945239267,1036000
2023-08-28,11.662362098693848,11.704434273571053,11.611876130809193,11.611876130809193,333000
2023-08-29,11.771750450134277,11.771750450134277,11.637120120855553,11.662363106980298,516150
2023-08-30,11.864309310913086,11.906380686639826,11.855894714783716,11.855894714783716,660100
2023-08-31,11.80540657043457,11.85589333889168,11.788578182588841,11.85589333889168,330990
2023-09-01,11.738092422485352,11.822236776322248,11.738092422485352,11.805407584570856,312404
2023-09-04,11.822235107421875,11.822235107421875,11.721262378547557,11.805405918046196,652895
2023-09-05,11.839064598083496,11.872722177512804,11.80540701865419,11.830650805071164,558005
2023-09-06,11.864309310913086,11.923209878898566,11.847480118654346,11.864309310913086,347200
2023-09-07,11.738092422485352,11.855894357365,11.738092422485352,11.855894357365,285100
2023-09-08,11.620290756225586,11.696019708247743,11.586633176729075,11.696019708247743,553316
2023-09-11,11.50248908996582,11.670776991299261,11.50248908996582,11.670776991299261,633028
2023-09-12,11.662362098693848,11.687605885096165,11.510903392579895,11.510903392579895,782000
2023-09-13,11.771750450134277,11.780165046329213,11.662363106980298,11.662363106980298,507323
2023-09-14,11.998939514160156,11.998939514160156,11.839065399207618,11.839065399207618,1517698
2023-09-15,12.125155448913574,12.125155448913574,12.024182702094496,12.024182702094496,952558
2023-09-18,11.99052619934082,12.083084358309733,11.99052619934082,11.998940796281666,358123
2023-09-19,11.94845199584961,12.091496909805427,11.94845199584961,12.015767155068819,592208
2023-09-20,11.79699420928955,11.940038331946303,11.788579613115607,11.940038331946303,237000
2023-09-21,11.586634635925293,11.712850374317556,11.57822003937645,11.712850374317556,740666
2023-09-22,11.696020126342773,11.712849317922617,11.468831657235063,11.561389803544127,929000
2023-09-25,11.839064598083496,11.872722177512804,11.729677264323252,11.729677264323252,452015
2023-09-26,11.687605857849121,11.796993191290847,11.687605857849121,11.754921016511723,634132
2023-09-27,11.687605857849121,11.7128488417326,11.645533683069997,11.645533683069997,451250
2023-09-28,11.754921913146973,11.839065466663484,11.73809272096764,11.813822480854537,772148
2023-10-02,11.965280532836914,12.024181093319093,11.897965377297293,11.897965377297293,811871
2023-10-03,11.940037727355957,12.049425064698163,11.940037727355957,11.998939095131002,979047
2023-10-04,11.872722625732422,11.8979664131024,11.75492149451261,11.830651251702502,647001
2023-10-05,12.066254615783691,12.091497601319546,11.965281871180235,11.965281871180235,836564
2023-10-06,12.074668884277344,12.125154853979705,12.057839692736543,12.091497273358124,662253
2023-10-11,12.301857948303223,12.343930126731617,12.226128187624123,12.226128187624123,1587176
2023-10-12,12.377586364746094,12.38600096000994,12.301856612291433,12.318685802819122,1109300
2023-10-13,12.453315734863281,12.478558717419844,12.360756794722642,12.369171389728146,1490456
2023-10-16,12.335514068603516,12.40282922512703,12.293441895161328,12.40282922512703,800020
2023-10-17,12.285030364990234,12.47014667829302,12.285030364990234,12.419660702832301,804397
2023-10-18,12.091497421264648,12.217713951984505,12.083082825391317,12.217713951984505,1334406
2023-10-19,12.150397300720215,12.192469475248924,11.990524000463099,11.990524000463099,994000
2023-10-20,12.150397300720215,12.150397300720215,12.007353191258577,12.133568912384721,2068032
2023-10-23,11.94845199584961,12.083082314288028,11.940037400332209,12.083082314288028,803460
2023-10-24,12.007353782653809,12.007353782653809,11.864308863686832,11.948452414428568,590140
2023-10-25,12.057840347290039,12.175642287090398,12.057840347290039,12.099912525965886,648053
2023-10-26,11.738092422485352,11.864308953240696,11.738092422485352,11.822236776322248,898900
2023-10-27,11.830650329589844,11.889550890608882,11.780163561244983,11.780163561244983,1405100
2023-10-30,11.94845199584961,11.982109575459214,11.906379820722604,11.906379820722604,2340384
2023-10-31,11.771750450134277,12.03259731495685,11.754922060204466,12.01576812256698,2433500
2023-11-01,11.79699420928955,11.889552359822757,11.746507434705947,11.85589477758704,1415100
2023-11-02,12.032597541809082,12.066255124763314,11.965282375900617,11.965282375900617,1358200
2023-11-03,12.141983032226562,12.18405440264751,12.08308166920932,12.09149626427749,1021538
2023-11-06,12.352344512939453,12.394415888192643,12.217714186225134,12.217714186225134,2252387
2023-11-07,12.394413948059082,12.411243137494072,12.301855813546391,12.310270408263888,1269667
2023-11-08,12.461731910705566,12.503803286150164,12.41124513672798,12.41124513672798,1439090
2023-11-09,12.486974716186523,12.520632297532309,12.436487942937829,12.45331713484074,1183036
2023-11-10,12.377586364746094,12.470144505268475,12.377586364746094,12.453316117200757,855070
2023-11-13,12.554288864135742,12.663676195282955,12.554288864135742,12.61318942611502,1725465
2023-11-14,12.579532623291016,12.646847784693053,12.579532623291016,12.621604799782295,1639410
2023-11-15,12.646848678588867,12.806722800063833,12.621605691893901,12.773065216983852,1838000
2023-11-16,12.629916191101074,12.680706286442103,12.579125288466036,12.663776523759763,1008225
2023-11-17,12.70610237121582,12.72303213420436,12.612985849249764,12.629916419532329,1259833
2023-11-20,12.723033905029297,12.782290101971679,12.689173567045422,12.7314991913488,1383001
2023-11-21,12.858473777770996,12.883869633808054,12.816148965630655,12.816148965630655,1712130
2023-11-22,12.816149711608887,12.841544761830047,12.739963753651312,12.782289375549308,818000
2023-11-23,12.748429298400879,12.883870645389907,12.748429298400879,12.824614450611627,2095526
2023-11-24,12.790754318237305,12.858474992813871,12.782289839385824,12.782289839385824,614374
2023-11-27,12.655312538146973,12.83307950468069,12.655312538146973,12.83307950468069,829000
2023-11-28,12.866939544677734,12.875404830340244,12.672242818204456,12.6891725822354,2005032
2023-11-29,12.934659957885742,12.951590528873707,12.875404574015981,12.875404574015981,1713196
2023-11-30,12.934659957885742,12.976985578061596,12.875404574015981,12.976985578061596,692130
2023-12-01,12.951590538024902,12.968520301730772,12.892334346819215,12.909264917819142,1022002
2023-12-04,12.875405311584473,12.985451607428079,12.850010260941826,12.960056556785432,910547
2023-12-05,12.765358924865723,12.799219261246238,12.714568823941999,12.799219261246238,804000
2023-12-06,12.841544151306152,12.92619539107758,12.807683816856391,12.807683816856391,1003370
2023-12-07,12.841544151306152,12.892334249333768,12.816149102292345,12.833078865870199,878629
2023-12-08,12.976984977722168,13.044705643953028,12.968519692619806,12.993915547926894,1793438
2023-12-11,13.019312858581543,13.044707911008047,12.97698723300793,12.97698723300793,1107356
2023-12-12,13.078567504882812,13.180148516095608,13.07010221879155,13.146288179024676,1139226
2023-12-13,13.180147171020508,13.205543026702568,13.087031455401723,13.087031455401723,1620021
2023-12-14,13.307125091552734,13.374845764198268,13.256334183421536,13.3409854278755,2042960
2023-12-15,13.324054718017578,13.434101011749913,13.324054718017578,13.383310911439043,2056300
2023-12-18,13.264800071716309,13.307125695865412,13.180148823418103,13.281729836999471,574200
2023-12-19,13.146286964416504,13.273263822171474,13.103961345164846,13.264798536862335,676435
2023-12-20,13.137824058532715,13.205544734521512,13.137824058532715,13.197079448199379,455237
2023-12-21,13.05317211151123,13.061637397380442,12.976986153276505,13.010846489459261,633400
2023-12-22,13.146286964416504,13.163217535034782,13.103961345164846,13.103961345164846,705200
2023-12-25,13.205543518066406,13.256333616732304,13.188612946981733,13.188612946981733,503007
2023-12-26,13.31558895111084,13.31558895111084,13.247868281613695,13.247868281613695,1057045
2023-12-27,13.44256591796875,13.451031203546211,13.357914676782274,13.357914676782274,1696310
2023-12-28,13.391776084899902,13.501822384342862,13.366381033426645,13.476427332869603,824023
2023-12-29,13.434100151062012,13.434100151062012,13.349449720202534,13.383310054005133,1117407
2024-01-02,13.205543518066406,13.50182124640164,13.188612946981733,13.50182124640164,1324101
2024-01-03,13.002381324768066,13.087032569660929,12.968520988269741,13.078567283712822,1689600
2024-01-04,12.917731285095215,13.053172635260731,12.90080071267746,13.0023817253016,1068900
2024-01-05,12.917731285095215,12.985451960177974,12.90080071267746,12.926196571304091,1285000
2024-01-08,13.027777671813965,13.095498347353569,13.010847099281998,13.027777671813965,649128
2024-01-09,13.095498085021973,13.205544382392894,13.053172461834063,13.154753473108578,1498485
2024-01-10,13.095498085021973,13.120893136017074,13.002381552549746,13.061637747930467,653001
2024-01-11,13.290194511413574,13.324054847715116,13.154753166207408,13.163218452106317,1103050
2024-01-12,13.290194511413574,13.366380469915567,13.230939124709401,13.247868889213123,1371350
2024-01-15,13.290194511413574,13.290194511413574,13.290194511413574,13.290194511413574,0
2024-01-16,13.324054718017578,13.374845625622536,13.23093899591826,13.256334046073695,1950001
2024-01-17,13.120892524719238,13.349450394909054,13.120892524719238,13.315589252101011,2461500
2024-01-18,13.171684265136719,13.247869419393549,13.120893355004704,13.188614030317972,1067010
2024-01-19,13.510286331176758,13.535681380132328,13.425635091599457,13.425635091599457,2570075
2024-01-22,13.78963565826416,13.78963565826416,13.58647202920172,13.58647202920172,3143976
2024-01-23,13.840426445007324,13.899681833679093,13.806565300287314,13.806565300287314,1322345
2024-01-24,13.75577449798584,13.865819983550933,13.75577449798584,13.848891026640418,984425
2024-01-25,13.772705078125,13.86581999224983,13.764239792370349,13.81502989231009,1234592
2024-01-26,13.730379104614258,13.772705534790944,13.696519575061128,13.738844390649595,745716
2024-01-29,13.908146858215332,13.908146858215332,13.747309652997496,13.747309652997496,2650400
2024-01-30,14.111308097839355,14.13670395449586,13.916611373903864,13.916611373903864,1940102
2024-01-31,14.018192291259766,14.060518721194287,14.001263333874167,14.052053435207382,1067021
2024-02-01,14.026658058166504,14.026658058166504,13.93354152370616,13.984333241369038,1225776
2024-02-02,14.272146224975586,14.322936327012972,14.170564406312584,14.179029692416853,2852490
2024-02-05,14.221354484558105,14.297540444780843,14.179029668695799,14.280611487188859,1787735
2024-02-15,14.82237720489502,14.84777306372157,14.6192151780474,14.729260670452595,2893282
2024-02-16,14.712329864501953,14.873167072008695,14.686935620666526,14.830842255890824,1501152
2024-02-19,14.619214057922363,14.729259541895866,14.593818201041644,14.703865299603288,1173584
2024-02-20,14.7885160446167,14.839307762217679,14.62768044931172,14.62768044931172,1841576
2024-02-21,14.619214057922363,14.729259541895866,14.619214057922363,14.712328970642053,795347
2024-02-22,14.847774505615234,14.890099326514793,14.720796813739712,14.720796813739712,2237640
2024-02-23,15.02553939819336,15.11019064729802,14.940888149088698,14.957818721827286,2658900
2024-02-26,15.067863464355469,15.07632875030279,14.923956832427423,15.02553864920707,1229000
2024-02-27,15.00827407836914,15.195559318021115,14.855042914622466,15.110429811243879,3137341
2024-02-29,15.170019149780273,15.178532262363756,14.923145379700127,14.982735544074293,1491970
2024-03-01,15.30622386932373,15.374327138119552,15.238120600527907,15.255146823654364,2489500
2024-03-04,15.570128440856934,15.629718609510702,15.459459593033946,15.459459593033946,1814572
2024-03-05,15.731870651245117,15.740383763320272,15.536073944646843,15.587150993387674,1871108
2024-03-06,15.893616676330566,15.927667501227619,15.612690470161878,15.64674129505893,1528600
2024-03-07,16.021310806274414,16.2256206356511,15.902130478398893,16.06387636888009,2997927
2024-03-08,15.893616676330566,16.361826478708338,15.782949465777497,16.2171068195481,6376201
2024-03-11,15.859563827514648,15.978745770922126,15.808486779602916,15.885103163325553,1828669
2024-03-12,15.927669525146484,15.970235091314228,15.842541640231648,15.842541640231648,683069
2024-03-13,15.816999435424805,16.183055119608103,15.791460100350378,16.055361691656028,2832097
2024-03-14,15.697819709777832,15.825513142534234,15.536073828974342,15.817000030522461,2897339
2024-03-15,15.595664024353027,15.765923017550458,15.561613199939599,15.561613199939599,2250271
2024-03-18,15.859563827514648,15.859563827514647,15.629716300056813,15.629716300056813,1156074
2024-03-19,15.697819709777832,15.808486918510688,15.646741037707198,15.808486918510688,966801
2024-03-20,15.612691879272461,15.808488605304811,15.595665653432189,15.7063344976837,1744062
2024-03-21,15.910642623901367,15.953206560209901,15.799973791563037,15.82551312757421,2011857
2024-03-22,16.0383358001709,16.0383358001709,15.910642369576335,15.910642369576335,1354999
2024-03-25,16.029823303222656,16.12346591364892,16.02131019102844,16.02131019102844,838749
2024-03-26,15.834025382995605,16.217105660178966,15.714843445101003,16.080899122907994,1393238
2024-03-27,15.842541694641113,15.936182693111098,15.78295152551194,15.86807941071914,1002042
2024-03-28,15.740385055541992,15.842540785120331,15.663768664285797,15.842540785120331,1547428
2024-03-29,15.885106086730957,15.92767003053895,15.80848968890827,15.80848968890827,1032000
2024-04-01,15.995774269104004,16.046851324277966,15.961721816514492,15.978748042809249,991618
2024-04-02,16.174543380737305,16.20008271797939,16.114953217549267,16.149004043495218,3109252
2024-04-03,16.28521156311035,16.319264014791422,16.06387712202446,16.106441062915533,2043327
2024-04-08,16.30223846435547,16.455471255848213,16.30223846435547,16.30223846435547,768301
2024-04-09,16.51506233215332,16.540601673374994,16.36182953224413,16.446959045939284,1632313
2024-04-10,16.446956634521484,16.540599248227515,16.446956634521484,16.515059910750367,955165
2024-04-11,16.327774047851562,16.429928136205213,16.30223471390817,16.40439042597178,1007292
2024-04-12,16.446956634521484,16.4895221969834,16.42141892075452,16.42141892075452,829255
2024-04-15,16.080902099609375,16.37034145081519,16.029825044605495,16.37034145081519,1774628
2024-04-16,15.57863712310791,16.055361633854073,15.519046965192146,16.055361633854073,1215507
2024-04-17,15.859563827514648,15.859563827514647,15.64674090022067,15.64674090022067,593752
2024-04-18,16.063875198364258,16.089412910356636,15.70633261708033,15.74889655287434,1129050
2024-04-19,15.229607582092285,15.731869801424017,14.999760063319641,15.689305867057605,5753784
2024-04-22,14.72734546661377,15.229607689487317,14.72734546661377,15.229607689487317,3527601
2024-04-23,14.846529006958008,14.99976178621365,14.786938842516413,14.991248673620536,1594350
2024-04-24,15.46796989440918,15.493509229351162,15.263660086003387,15.263660086003387,1887080
2024-04-25,15.127455711364746,15.340278661866636,15.127455711364746,15.289199984674799,2066397
2024-04-26,15.493510246276855,15.672280731474373,15.399867635719987,15.40838074792608,1923220
2024-04-29,15.748897552490234,15.86807787924615,15.748897552490236,15.86807787924615,1658050
2024-04-30,15.834025382995605,15.876589317001534,15.757409002816933,15.82551227145242,1484273
2024-05-02,15.655255317687988,15.731871707799856,15.553101213345641,15.595665152869916,809606
2024-05-03,15.765924453735352,15.961721177151283,15.72335888970347,15.927668725925775,1127269
2024-05-06,15.876592636108398,16.04685165514589,15.851054919850013,15.910645089400033,2491207
2024-05-07,15.893616676330566,15.970233061986583,15.748897017170327,15.961719949834789,1459518
2024-05-08,15.995774269104004,16.02982509798321,15.87659230875102,15.893618535045777,558309
2024-05-09,15.91915512084961,16.063874771901336,15.902128897499988,16.038335436876903,541134
2024-05-10,15.851052284240723,16.004283427443784,15.78294901269156,16.004283427443784,245089
2024-05-13,15.842541694641113,15.95320891963667,15.817002354852756,15.944695806373884,1552118
2024-05-14,16.080902099609375,16.080902099609375,15.910644708359678,15.910644708359678,1502282
2024-05-15,16.208593368530273,16.3447998990465,16.097924547667137,16.097924547667137,2024101
2024-05-16,16.429929733276367,16.574649392269812,16.370339571992616,16.370339571992616,1301291
2024-05-17,16.429929733276367,16.472715354056543,16.310127057191615,16.472715354056543,908187
2024-05-20,16.344356536865234,16.48982992967931,16.258783664827522,16.429929408902947,2132159
2024-05-21,16.27589988708496,16.34435786383978,16.173212105869283,16.34435786383978,373001
2024-05-22,16.541173934936523,16.549731385840637,16.352914911546648,16.361472362450762,813000
2024-05-23,16.695205688476562,16.712320591209053,16.532617376851817,16.54973227958431,1529906
2024-05-24,16.789337158203125,16.80645042992746,16.626748835568954,16.626748835568954,785286
2024-05-27,17.0289363861084,17.18296723058461,16.99470821631746,17.003265666806893,1183124
2024-05-28,17.165855407714844,17.165855407714844,17.028939439666303,17.028939439666303,1305133
2024-05-29,17.08884048461914,17.200085732102234,17.080283032338354,17.200085732102234,732009
2024-05-30,16.780780792236328,16.977597303223337,16.780780792236328,16.977597303223337,666229
2024-05-31,16.566850662231445,16.87491081529041,16.566850662231445,16.81501027531137,3984033
2024-06-03,16.840681076049805,16.900581610484526,16.678092745321887,16.78933799398678,1371345
2024-06-04,16.566850662231445,16.763667188496093,16.515505943248865,16.746552282168565,1451090
2024-06-05,16.618192672729492,16.67809320882893,16.4470468848735,16.601077767510453,1167103
2024-06-06,17.0289363861084,17.080279456878205,16.986150765828025,17.0289363861084,1816352
2024-06-07,16.866348266601562,16.986150942533126,16.857792448189915,16.97759349195467,590014
2024-06-11,17.003267288208008,17.037495461262885,16.90057950470948,16.90057950470948,3436165
2024-06-12,17.311330795288086,17.3284457012811,17.071728640054957,17.080284460884194,2796232
2024-06-13,17.764863967895508,17.790536323932354,17.576604920126535,17.6022756439963,2600674
2024-06-14,18.02157974243164,18.02157974243164,17.764862728639763,17.764862728639763,1499468
2024-06-17,17.927453994750977,18.021582711493352,17.91033908910064,17.978797079534747,544905
2024-06-18,18.192726135253906,18.22695430993137,18.02158036536552,18.055810172210006,1675769
2024-06-19,18.66337776184082,18.74039320831041,18.269744708478285,18.269744708478285,1794138
2024-06-20,18.87730598449707,18.885863436223616,18.680489491287606,18.680489491287606,1385232
2024-06-21,18.74894905090332,18.791734680969995,18.61203307608937,18.731834146009785,2779432
2024-06-24,18.23551368713379,18.569247810438494,18.20984296145687,18.569247810438494,3411298
2024-06-25,18.226953506469727,18.226953506469727,17.87610616261454,18.04725192495866,3754001
2024-06-26,18.50934410095215,18.56924626426732,18.269741976359708,18.269741976359708,2002500
2024-06-27,18.389543533325195,18.466558970349315,18.346757904830508,18.389543533325195,1680056
2024-06-28,18.66337776184082,18.69760757456833,18.449446328795798,18.449446328795798,1128069
2024-07-01,18.612031936645508,18.800290982447528,18.603474484722636,18.697604823707177,2530500
2024-07-02,18.543575286865234,18.663376358066014,18.440887488573722,18.552132739403458,2964278
2024-07-03,18.68048858642578,18.800289640460335,18.67193113511375,18.74894656475509,1424400
2024-07-04,19.039894104003906,19.06556645891527,18.89442069050686,18.89442069050686,1040288
2024-07-05,19.031335830688477,19.193924140440014,18.997107657784802,19.074123087026745,709212
2024-07-08,19.279499053955078,19.356514491318226,19.031337837525573,19.031337837525573,2256472
2024-07-09,19.501985549926758,19.55332862455623,19.202481288948825,19.339397242738695,4706825
2024-07-10,19.60466957092285,19.62178447133034,19.35651004368125,19.501983432811407,2435466
2024-07-11,19.912734985351562,19.964078064039583,19.681688683004893,19.707361038432424,1336127
2024-07-12,19.288057327270508,19.656017993244177,19.288057327270508,19.57044673223511,2523176
2024-07-15,19.35651206970215,19.510541292991352,19.339397167503268,19.416412595231325,3030000
2024-07-16,19.424972534179688,19.613231585977886,19.382185273202516,19.450643258598873,1760506
2024-07-17,19.16825294494629,19.424971601988204,19.142582221759024,19.424971601988204,1600512
2024-07-18,18.66337776184082,18.77462302103792,18.509346868901634,18.766065567856046,2205219
2024-07-19,18.338199615478516,18.586359187318912,18.338199615478516,18.55213101251925,1425051
2024-07-22,17.66217613220215,18.24406981026056,17.610833052422606,18.24406981026056,3835075
2024-07-23,18.149938583374023,18.149938583374023,17.824763584441722,17.824763584441722,1199763
2024-07-26,17.550933837890625,17.645064184690387,17.302772608024778,17.37123059692446,3349648
2024-07-29,17.448246002197266,17.841880661677802,17.448246002197266,17.833323209062225,853350
2024-07-30,17.57660484313965,17.57660484313965,17.191527665109003,17.33700108434646,2136293
2024-07-31,17.525259017944336,17.585159545795495,17.354114885822014,17.431130316535498,1715100
2024-08-01,17.79053497314453,17.936006749806808,17.696404640323568,17.833320597790266,843134
2024-08-02,16.832122802734375,17.41401647829211,16.832122802734375,17.41401647829211,1541877
2024-08-05,15.317488670349121,16.02774088815347,15.274703041102057,16.02774088815347,2610377
2024-08-06,15.899382591247559,16.190329444276347,15.172015458675585,15.925054948456154,5872000
2024-08-07,16.71232032775879,16.755105951748593,16.079083626141493,16.104754347668603,2538408
2024-08-08,16.464162826538086,16.63530862516798,16.284461206927265,16.395704833519588,1787080
2024-08-09,16.960481643676758,17.1401848738372,16.883466206774727,16.951924191557964,2429310
2024-08-12,17.277097702026367,17.388341295009802,17.17440992743898,17.217197180253226,1522345
2024-08-13,17.396902084350586,17.448245165414537,17.285658470017506,17.36267390769699,986795
2024-08-14,17.61083221435547,17.73919072377952,17.58515985960386,17.593717311187728,1461049
2024-08-15,17.593717575073242,17.68784791174066,17.525259593542494,17.61938993020991,1711242
2024-08-16,18.05437660217285,18.08981289378726,17.921493888009582,18.018942000253826,764394
2024-08-19,18.134109497070312,18.231557625051366,18.054379517757756,18.10753396376323,711050
2024-08-20,18.18726348876953,18.36443990194173,18.18726348876953,18.20497994729982,580250
2024-08-21,18.03666114807129,18.160684796220977,17.983506707696726,18.125248502637934,471338
2024-08-22,17.98350715637207,18.13410802846642,17.974649772450803,18.089814350078,327187
2024-08-23,18.16068458557129,18.196120878743297,17.815189175621505,17.815189175621505,795000
2024-08-26,18.089815139770508,18.470746873443964,18.080956065766987,18.33786414278233,1326500
2024-08-27,18.107532501220703,18.151826179618684,18.01894345472922,18.045520675585323,814237
2024-08-28,18.18726348876953,18.213839021412774,17.95693263091962,18.14296811820477,353180
2024-08-29,18.11639404296875,18.160687727401182,17.8772040917638,17.93921592584751,478000
2024-08-30,18.11639404296875,18.240417711136164,18.11639404296875,18.196124026703732,209300
2024-09-02,17.98350715637207,18.25813336940593,17.974649772450803,18.24927429578914,637208
2024-09-03,17.91263771057129,18.072097669221066,17.886062177260097,18.054379520549833,545133
2024-09-04,16.947019577026367,17.25708040174919,16.72554780075229,16.929303119093067,3939304
2024-09-05,16.93816375732422,17.336811977619558,16.87615023489561,17.336811977619558,377453
2024-09-06,17.115339279174805,17.239362938106453,16.938162864943255,17.017891153045298,684550
2024-09-09,16.876148223876953,16.885007297453935,16.698971821423864,16.74326549961326,806150
2024-09-10,16.76984214782715,17.079902953654067,16.654675884953644,17.07104388037953,478545
2024-09-11,16.78756332397461,16.84071608351868,16.752127024481393,16.82299793377207,321188
2024-09-12,17.451974868774414,17.505127616551775,17.195066823408958,17.195066823408958,3507050
2024-09-13,17.460832595825195,17.584857929341826,17.37224524435028,17.505127961258072,508059
2024-09-16,17.35452651977539,17.478550159463072,17.283655627140234,17.478550159463072,808188
2024-09-18,17.133056640625,17.35452841551447,17.133056640625,17.35452841551447,557565
2024-09-19,17.549423217773438,17.567141365542565,17.150775031141528,17.230505006407025,572484
2024-09-20,17.65572738647461,17.948070015741827,17.65572738647461,17.850621909420994,606045
2024-09-23,17.744319915771484,17.832907277482196,17.70002454522051,17.70002454522051,1043050
2024-09-24,17.85062599182129,17.859485066212443,17.584860518869377,17.779755086387734,502100
2024-09-25,18.231557846069336,18.302428751906806,18.196123237998442,18.204980622744408,2154394
2024-09-26,18.497323989868164,18.577053973032335,18.417595696399736,18.44417123099063,1924813
2024-09-27,18.373300552368164,18.727655098809564,18.373300552368164,18.71879602393656,1881652
2024-09-30,17.8151912689209,18.32900575242042,17.8151912689209,18.32900575242042,1195631
2024-10-01,17.98350715637207,18.01894345083922,17.859483505128082,17.859483505128082,857343
2024-10-04,17.948074340820312,18.116393376927743,17.93035619182044,17.96579248982019,644854
2024-10-07,18.35557746887207,18.42644835911114,18.187260160613846,18.187260160613846,672200
2024-10-08,18.24041748046875,18.293570239054652,18.134110273601213,18.231558405755145,1019422
2024-10-09,18.444169998168945,18.559336272684167,18.426451849828815,18.49732275349371,1150000
2024-10-11,18.798524856567383,18.8339611538887,18.523900311109784,18.523900311109784,1313399
2024-10-14,18.91368865966797,18.91368865966797,18.72765150245196,18.798522398130572,904515
2024-10-15,19.197175979614258,19.241469664400526,19.028856935974062,19.046575085766875,1105096
2024-10-16,18.9757022857666,19.1351622386236,18.798524184882027,18.887113235324314,920020
2024-10-17,19.055431365966797,19.099725044256893,18.89597142060963,19.07314951316104,792077
2024-10-18,19.26804542541504,19.4983762861375,19.18831544709974,19.4983762861375,1139126
2024-10-21,19.392066955566406,19.5072332181282,19.383207882315848,19.383207882315848,803020
2024-10-22,19.35663604736328,19.35663604736328,19.206035152745606,19.338917897479842,1283200
2024-10-23,19.303482055664062,19.418646643166273,19.25918668378193,19.347775737850526,807062
2024-10-24,19.0377140045166,19.30348115431274,19.002279398361136,19.30348115431274,768560
2024-10-25,19.1617374420166,19.20603281132512,19.064291008929,19.099725614680246,936674
2024-10-28,19.064289093017578,19.312336377434892,18.97570005299908,19.312336377434892,729611
2024-10-29,18.64792251586914,18.869394287742622,18.50618071704575,18.869394287742622,1393793
2024-10-30,18.630205154418945,18.87825244547777,18.61248700800176,18.76308787315695,871672
2024-11-01,18.559335708618164,18.568193092823403,18.080955856147604,18.18726305326181,1489000
2024-11-04,18.771949768066406,18.807384376531676,18.568194433032225,18.57705350757247,790000
2024-11-05,18.780805587768555,18.89597015744153,18.66563932840018,18.74536929574893,1824141
2024-11-06,19.064289093017578,19.223749027111793,18.895970085951973,18.895970085951973,1420413
2024-11-07,19.20603370666504,19.276904611166934,19.028855600562483,19.064291897661253,1309200
2024-11-08,19.383207321166992,19.631256295915165,19.330054572897886,19.631256295915165,1246455
2024-11-11,19.338912963867188,19.462936602019635,19.188312107669784,19.383206637580106,1702079
2024-11-12,18.887113571166992,19.1440216530483,18.887113571166992,19.1440216530483,2640160
2024-11-13,18.833961486816406,18.957985150242074,18.833961486816406,18.88711424404231,1304200
2024-11-14,18.692216873168945,18.887111413587146,18.63020505074931,18.887111413587146,1828160
2024-11-15,18.63906478881836,18.79852304228772,18.550475743760607,18.692217539974813,3152816
2024-11-18,18.292545318603516,18.62082685673423,18.292545318603516,18.62082685673423,1817105
2024-11-19,18.629945755004883,18.721135263298176,18.392853729160404,18.429328488900598,2056634
2024-11-20,18.57523536682129,18.57523536682129,18.57523536682129,18.57523536682129,2000
2024-11-21,18.51140022277832,18.58435148687546,18.356378569159986,18.52051934820238,1001335
2024-11-22,18.775848388671875,18.848799647898623,18.739371889410894,18.757610139041386,1080228
2024-11-25,18.83968162536621,19.076773666548856,18.83968162536621,19.012941528402628,569146
2024-11-26,18.51140022277832,18.602589737723576,18.4566872095293,18.566114975322673,1429057
2024-11-27,18.19223976135254,18.484044821461424,18.19223976135254,18.4749256959211,1141403
2024-11-28,18.082813262939453,18.19224103780593,17.90043421792715,18.19224103780593,2110015
2024-11-29,18.265188217163086,18.356375979950766,17.854836327438182,17.87307457571375,1673001
2024-12-02,18.712017059326172,18.73937269565364,18.493163272229964,18.493163272229964,880142
2024-12-03,18.85791778564453,19.122365434263948,18.830560412630746,19.122365434263948,765010
2024-12-04,19.231794357299805,19.240913482192642,18.95822756769562,18.95822756769562,1895049
2024-12-05,19.304744720458984,19.359457727979404,19.18619958094888,19.33210209386677,859200
2024-12-06,19.186201095581055,19.468887019263878,19.104130708173898,19.468887019263878,1141563
2024-12-09,19.186201095581055,19.25003323260989,19.158843720013575,19.24091410742073,478050
2024-12-10,19.031179428100586,19.259152339729845,19.022060302919982,19.186201077580293,474727
2024-12-11,19.02206039428711,19.104130782011467,18.85791961883839,18.967345642940675,1079472
2024-12-12,19.177082061767578,19.30474633643355,19.177082061767578,19.240914199100565,820755
2024-12-13,19.24091339111328,19.304745525765753,19.1497238819118,19.17708125646081,486094
2024-12-16,19.076772689819336,19.514480248378863,19.049415315173654,19.277388219335315,1271147
2024-12-17,19.259153366088867,19.359460269830507,19.09501258268116,19.09501258268116,526463
2024-12-18,19.259153366088867,19.32298550645956,19.06765520568142,19.259153366088867,1358028
2024-12-19,19.14972496032715,19.177082336416788,18.949109420222417,18.967345931653526,1691105
2024-12-20,19.02206039428711,19.240914181786966,18.97646476816508,19.240914181786966,594183
2024-12-23,19.350341796875,19.36858004882336,19.067655848857147,19.067655848857147,844293
2024-12-24,19.28650665283203,19.47800478989649,19.28650665283203,19.386815283641756,542200
2024-12-25,19.37769889831543,19.43241191408443,19.313866756702364,19.368579772471364,517236
2024-12-26,19.432411193847656,19.441530319353735,19.368579054600442,19.377698180106524,575000
2024-12-27,19.47800636291504,19.487125488206477,19.31386558625975,19.386816849295958,756720
2024-12-30,19.28650665283203,19.450647416231522,19.28650665283203,19.423290042566553,442360
2024-12-31,19.332103729248047,19.332103729248047,19.113248202062188,19.24091421613649,362500
2025-01-02,18.939990997314453,19.33210470599892,18.830563228192705,19.33210470599892,1375127
2025-01-03,19.131486892700195,19.25003378426121,19.040297377490646,19.131486892700195,514524
2025-01-06,19.642147064208984,19.660383575426586,19.405055025427146,19.405055025427146,1175223
2025-01-07,19.997785568237305,20.05249858407987,19.924834300682082,19.924834300682082,1121884
2025-01-08,19.769813537597656,20.00690560274396,19.724217906245197,19.93395433187552,890308
2025-01-09,19.386817932128906,19.75157426768306,19.377698806328127,19.69686125217379,925646
2025-01-10,19.332103729248047,19.505361890935184,19.277388977803934,19.41417411711892,625391
2025-01-13,18.68465805053711,19.377695852079853,18.611706794548144,19.377695852079853,1372539
2025-01-14,18.848800659179688,18.885275421102406,18.629946869757443,18.693779007593683,806420
2025-01-15,18.602588653564453,18.949108442302183,18.593469528671857,18.72113553787297,657001
2025-01-16,19.131486892700195,19.286508546767827,18.99470348953354,19.003822614984028,1017539
2025-01-17,19.1679630279541,19.304746428505055,18.976464875746526,19.231795165591524,1037030
2025-01-20,19.459768295288086,19.51448130825581,19.29562751708959,19.29562751708959,1048560
2025-01-21,19.468887329101562,19.51448121647768,19.37769781505401,19.459768203767275,1427331
2025-01-22,19.733335494995117,19.742454620555094,19.614790341306144,19.614790341306144,1628936
2025-02-03,18.602588653564453,18.784967672825914,18.47492438365857,18.739372048362934,3027258
2025-02-04,18.712017059326172,18.92175172121479,18.684659683703412,18.867038709264563,2746368
2025-02-05,19.14972496032715,19.250033600027173,18.985584182379952,18.985584182379952,2531160
2025-02-06,19.277387619018555,19.496241391482997,19.259151109117898,19.42329013399485,2188020
2025-02-07,19.550960540771484,19.560079667422478,19.332106719034318,19.341224106389745,1336450
2025-02-10,19.259153366088867,19.587433193608902,19.240915114755705,19.587433193608902,7493718
2025-02-11,19.432411193847656,19.532719835119188,19.386817305612603,19.441530319353735,2991949
2025-02-12,19.32298469543457,19.605670622052173,19.31386557015074,19.560076734928312,4945301
2025-02-13,19.28650665283203,19.350338785421798,19.250031893907234,19.33210227560698,4258965
2025-02-14,19.09501075744629,19.250032400369356,19.085891632651375,19.250032400369356,7361642
2025-02-17,19.359458923339844,19.377697173404496,19.22267552644545,19.22267552644545,5522891
2025-02-18,19.574771881103516,19.60285684531431,19.415627321681818,19.49988042876113,6023684
2025-02-19,19.499881744384766,19.58413485714849,19.49052008901622,19.556049891042854,3048765
2025-02-20,19.41562843322754,19.509243200403237,19.368821942416275,19.49988154513035,2457600
2025-02-21,19.527965545654297,19.537327200464425,19.378182639798432,19.415627473485856,2234648
2025-02-24,19.387542724609375,19.387542724609375,19.237759817088197,19.322012925762998,2898935
2025-02-25,19.022449493408203,19.144149236983548,18.966281342440606,19.144149236983548,4990134
2025-02-26,19.18159294128418,19.18159294128418,18.900750417503264,18.900750417503264,3084530
2025-02-27,18.88202476501465,19.24712035776764,18.88202476501465,19.228398834576126,3886439
2025-03-03,18.423315048217773,18.816495617620703,18.385868429439846,18.816495617620703,7704786
2025-03-04,18.395231246948242,18.451399393112617,18.030135618550045,18.067580454141904,3746509
2025-03-05,18.66671371459961,18.694796894635928,18.55437563779487,18.601183913777326,2621400
2025-03-06,18.6292667388916,18.69479653846542,18.60118355939032,18.68543488344729,1777316
2025-03-07,18.273530960083008,18.498205301532437,18.264169305995164,18.423313854382627,2992490
2025-03-10,18.0582218170166,18.282896202562974,18.0582218170166,18.282896202562974,2369265
2025-03-11,17.721208572387695,17.73993188342094,17.3280279684556,17.562063999711533,3089100
2025-03-12,17.749290466308594,17.917796682282287,17.69312232283506,17.749290466308594,1818231
2025-03-13,17.655677795410156,18.086303212101566,17.646316140409937,18.030135067653365,2034402
2025-03-14,17.590150833129883,17.693125483635157,17.50589771009158,17.665042299657994,2691350
2025-03-17,17.69312286376953,17.86162908489499,17.69312286376953,17.80546093970422,1641201
2025-03-18,17.936519622802734,17.955242932092926,17.852266516549918,17.870989825840113,1642301
2025-03-19,17.674400329589844,17.945882983446577,17.627593837467824,17.927159672376483,1761826
2025-03-20,17.955244064331055,17.97396737480192,17.8148228069059,17.8148228069059,1652300
2025-03-21,17.870990753173828,17.964605518929453,17.852267442912073,17.964605518929453,719232
2025-03-24,17.702484130859375,18.020773255885498,17.702484130859375,17.992688291129156,1435050
2025-03-25,17.908435821533203,17.992688933255966,17.861629330821966,17.94588244254473,1210300
2025-03-26,17.955244064331055,18.020773865425916,17.917797443389325,17.97396737480192,903750
2025-03-27,17.580787658691406,17.627594151647667,17.533979380181894,17.618232495945765,2313101
2025-03-28,17.22504997253418,17.45908598244783,17.168881830109758,17.412279494686324,3703936
2025-03-31,16.363800048828125,16.756980680919114,16.363800048828125,16.72889749791119,3918325
2025-04-01,16.77570152282715,16.803786487252495,16.504218890041386,16.532303854466733,1465630
2025-04-02,16.766340255737305,16.878678330483403,16.72889542119069,16.785063565787176,1642400
2025-04-07,15.090643882751465,15.090643882751465,15.090643882751465,15.090643882751465,583751
2025-04-08,14.088968276977539,14.425979817068482,13.789401570786822,14.042160895437439,5685943
2025-04-09,13.208992958068848,14.014077457181005,13.059210044590285,13.948546762951693,2826708
2025-04-10,14.528956413269043,14.528956413269043,14.528956413269043,14.528956413269043,467002
2025-04-11,15.259147644042969,15.259147644042969,14.042161065887313,14.14513659230426,3517330
2025-04-14,15.45573902130127,15.895726097418336,15.371485911004982,15.7553048421089,3068579
2025-04-15,15.680414199829102,15.708499166568258,15.399571674650469,15.539992937239786,1200100
2025-04-16,15.324679374694824,15.605521884463519,15.324679374694824,15.549353739620406,1263671
2025-04-17,15.277871131896973,15.315317752240874,15.025111801235049,15.231064642020232,1631050
2025-04-18,15.315316200256348,15.380845993664547,15.221701444436224,15.334037722978008,1057200
2025-04-21,15.015751838684082,15.268509382227114,14.987666873600135,15.240426202696291,1036300
2025-04-22,14.68809986114502,15.006389876137936,14.660015789413146,14.837883660193611,1524523
2025-04-23,15.493183135986328,15.539991409282534,14.978304628599444,14.978304628599444,2035517
2025-04-24,15.418292999267578,15.633607503687854,15.390209818447738,15.558716045579603,1058486
2025-04-25,16.02678871154785,16.09231851667786,15.689776244532627,15.689776244532627,2745278
2025-04-28,16.08295440673828,16.19529068823291,16.06423109797151,16.08295440673828,1471000
2025-04-29,16.19529151916504,16.19529151916504,16.00806377855023,16.064231922179363,922259
2025-04-30,16.111040115356445,16.23273985590631,16.064233621639286,16.157848394626885,1090250
2025-05-02,16.616558074951172,16.616558074951172,16.457413503656273,16.457413503656273,1223141
2025-05-05,16.41996955871582,16.785065212746037,16.18593351678808,16.785065212746037,3493172
2025-05-06,16.44805145263672,16.55102787439596,16.185932248963248,16.316991850799983,1447160
2025-05-07,16.42932891845703,16.6727266087631,16.35443745879003,16.532305345081625,1010018
2025-05-08,16.66336441040039,16.738255867628247,16.56038977268283,16.579111297824902,1448184
2025-05-09,16.850595474243164,16.86931878663624,16.663365921419125,16.775704010224217,1340833
2025-05-12,17.028461456298828,17.103352911897456,16.972291525434997,17.000376490866913,1375020
2025-05-13,17.309303283691406,17.53397764159972,17.29994162891776,17.47780949851091,1565457
2025-05-14,17.73056983947754,17.739931494789076,17.552701959664713,17.590148580910856,2359292
2025-05-15,17.6650390625,17.721207205714794,17.599507478937483,17.721207205714794,2115685
2025-05-16,17.721208572387695,17.758653408900972,17.590148966261403,17.702485261354447,1905065
2025-05-19,17.262157440185547,17.78815227389057,17.262157440185547,17.78815227389057,2655379
2025-05-20,17.329103469848633,17.55862778959599,17.30041224584378,17.42473723500384,2409193
2025-05-21,17.577754974365234,17.577754974365234,17.367358119019972,17.367358119019972,1526500
2025-05-22,17.39604949951172,17.424738902164364,17.338667046011793,17.38648575726173,1705290
2025-05-23,17.290849685668945,17.539501505071932,17.223905315848388,17.510810279107147,1158665
2025-05-26,17.243032455444336,17.376921192411405,17.23346871364708,17.300413082130618,1388213
2025-05-27,17.147396087646484,17.262157335839472,17.090015463549992,17.24303167720541,977453
2025-05-28,17.290849685668945,17.45342965127485,17.214341573860125,17.424738425310064,789100
2025-05-29,17.453428268432617,17.56819133910176,17.39604764514661,17.56819133910176,1415300
2025-06-02,17.070890426635742,17.271723551796235,17.023071712956522,17.23347040495027,1656166
2025-06-03,17.3004150390625,17.472558762690575,17.26216006754629,17.33866818648127,2042499
2025-06-04,17.682952880859375,17.74033350510325,17.57775354966464,17.58731729105481,1516050
2025-06-05,17.78815269470215,17.81684209555394,17.70208084395236,17.749897728103484,1761800
2025-06-06,17.73077392578125,17.76902707228882,17.625574580714982,17.721210183130008,992000
2025-06-09,17.89335060119629,17.9029143430579,17.797716830774657,17.826406232262247,1086615
2025-06-10,18.400218963623047,18.409782705998364,18.07505901925165,18.07505901925165,3121500
2025-06-11,18.62017822265625,18.629741964341612,18.49585322894094,18.49585322894094,2836728
2025-06-12,18.56279945373535,18.63930757077522,18.53410822580888,18.57236319637751,1853900
2025-06-13,18.409780502319336,18.524543572988478,18.285455514516798,18.352399879033328,1315060
2025-06-16,18.428909301757812,18.428909301757812,18.29501873905946,18.29501873905946,999023
2025-06-17,18.52454376220703,18.696685633823396,18.495852538222397,18.57236064475094,1769010
2025-06-18,18.581926345825195,18.687125687433237,18.53410763414093,18.53410763414093,1203809
2025-06-19,18.41934585571289,18.6297427089081,18.400218371577704,18.620178966840506,1193393
2025-06-20,18.275894165039062,18.45759979990729,18.17069482183308,18.419346654076165,919045
2025-06-23,18.26633071899414,18.26633071899414,17.969861993626534,18.06549577180503,1484400
2025-06-24,18.667999267578125,18.667999267578125,18.505419286772778,18.620180553166293,1823641
2025-06-25,18.89752197265625,18.916649456749074,18.821013860382227,18.887958230609836,2455060
2025-06-26,18.830577850341797,19.002721561249018,18.792322881652503,19.002721561249018,2704255
2025-06-27,18.840139389038086,18.935773151381728,18.801884424822955,18.916647493371254,907274
2025-06-30,18.878395080566406,18.96446693758595,18.878395080566406,18.926213792298007,989440
2025-07-01,19.088790893554688,19.26093459815783,18.935774672595723,18.935774672595723,2169707
2025-07-02,19.127046585083008,19.136610327267224,19.012283502969694,19.079229698259223,1232060
2025-07-03,19.327878952026367,19.37569766110023,19.289625808864518,19.299189550679287,2049250
2025-07-04,19.23224639892578,19.471334487130836,19.222682656505896,19.433079517451297,1194335
2025-07-07,19.0792293548584,19.203554352820937,18.974030016822752,19.203554352820937,2409504
2025-07-08,19.040973663330078,19.07922862992488,18.93577432929158,19.06966488827618,1422400
2025-07-09,19.45220375061035,19.45220375061035,19.02184453414227,19.06009949742701,1449730
2025-07-10,19.71042251586914,19.729548176553855,19.538278801025285,19.538278801025285,2118135
2025-07-11,19.691293716430664,19.700857458183187,19.60522186475518,19.672166232925616,1582115
2025-07-14,19.413951873779297,19.605223072417427,19.404389955534995,19.605223072417427,1126347
2025-07-15,19.75823974609375,19.796494716320748,19.48089850833754,19.547842882137406,1962077
2025-07-16,19.901691436767578,20.045143921161344,19.844310807829533,19.844310807829533,2525600
2025-07-17,19.96863555908203,20.083398639625553,19.80605559236879,20.00689052729563,1244150
2025-07-18,20.274669647216797,20.312922790983535,20.140779083790047,20.169470309688048,3456243
2025-07-21,20.1885986328125,20.293796150616792,20.150343663358324,20.25554300525996,1230601
2025-07-22,19.873003005981445,20.36074293604475,19.844311778060995,20.21728862053989,2487257
2025-07-23,20.01645278930664,20.092960895979452,19.92081719994134,19.92081719994134,1370421
2025-07-24,20.131214141845703,20.159905366033485,20.073833517567298,20.14077788324163,1111220
2025-07-25,20.121652603149414,20.159905745355722,20.026017011487852,20.131214520628095,1161320
2025-07-28,20.31292152404785,20.341612748156358,20.121652168949275,20.217285934449986,1566719
2025-07-29,20.198162078857422,20.312923337341644,20.064271511829407,20.312923337341644,1338600
2025-07-30,20.265106201171875,20.408558684562124,20.19816183052958,20.33205057181417,1397176
2025-07-31,20.752845764160156,20.771971423961002,20.418122092332297,20.418122092332297,2820623
2025-08-01,20.647647857666016,20.733719717074884,20.437250992498445,20.44681291101286,2606400
2025-08-04,20.427684783935547,20.4563741842103,20.360740417831554,20.418121042478237,2041300
2025-08-05,20.848480224609375,20.886735193670123,20.705027738826214,20.771972110585203,2234307
2025-08-06,20.7432804107666,20.800661033906046,20.733716669560508,20.752844151972695,1544550
2025-08-07,21.278839111328125,21.3362197397575,21.049314773513338,21.049314773513338,2436735
2025-08-08,21.422290802001953,21.470109510671943,21.269274582452436,21.3266552087592,1738514
2025-08-11,21.556182861328125,21.603999749226368,21.250148576848392,21.4127285494387,2349755
2025-08-12,21.6039981842041,21.61356192591041,21.49879884953193,21.594434442497793,1547380
2025-08-13,21.852651596069336,21.99610408397142,21.661380396134994,21.766579738508618,2215869
2025-08-14,21.823959350585938,21.919594946090935,21.70919809525775,21.852650576466615,1480035
2025-08-15,21.804832458496094,21.833523685155516,21.661379973393615,21.8143962007159,1714143
2025-08-18,21.90217399597168,21.95084475107239,21.746425351645062,21.78536158439157,1855141
2025-08-19,21.54200553894043,21.941113555523167,21.5322728726044,21.90217546349737,2600548
2025-08-20,20.724327087402344,21.25971288338657,20.724327087402344,21.22077478937364,4747616
2025-08-21,21.05529022216797,21.103962836491753,20.81193272056021,20.81193272056021,1618445
2025-08-22,20.987150192260742,21.094228085946938,20.95794848065205,21.094228085946938,1092200
2025-08-25,21.473865509033203,21.512803600650045,21.357054947523473,21.395991182469917,1226037
2025-08-26,21.503068923950195,21.503068923950195,21.249976900262094,21.366789317606752,1021117
2025-08-27,21.756160736083984,21.795096970373336,21.600412085585848,21.649082842615126,1451020
2025-08-28,21.571208953857422,21.746426653380933,21.532272718780202,21.746426653380933,1457500
2025-08-29,21.658817291259766,21.804831418518454,21.658817291259766,21.804831418518454,1227231
2025-09-01,21.172101974487305,21.59067716116511,21.03582237200442,21.532271882482494,1785184
2025-09-02,21.13316535949707,21.43493000987496,21.084494599975713,21.38625739368314,1539200
2025-09-03,21.249977111816406,21.308382392735,21.11369750411623,21.11369750411623,1137000
2025-09-04,21.357053756713867,21.571207678654684,21.347319234352426,21.49333335643345,1575178
2025-09-05,21.76589584350586,21.76589584350586,21.590678142821112,21.610147188823955,1698409
2025-09-08,21.950847625732422,22.057925528981144,21.92164591151589,21.970316672990467,1214150
2025-09-09,22.272077560424805,22.34995188607883,22.048189106253286,22.057923629043838,1707987
2025-09-10,22.826934814453125,22.875605573004112,22.554373739224488,22.56410826226877,2167899
2025-09-11,22.92427635192871,23.30391532431143,22.92427635192871,23.021619725787623,3942225
2025-09-12,23.1773681640625,23.255242491085664,23.06055760186296,23.167633641100803,2461611
2025-09-15,23.060558319091797,23.235776024511132,22.97294946638213,23.177368884924377,1843098
2025-09-16,23.362319946289062,23.381788991845195,23.09949340129242,23.118962446848553,1944716
2025-09-17,23.30391502380371,23.401258396407364,23.206571651200058,23.362320304697743,2227204
2025-09-18,23.683551788330078,23.722489879470366,23.381789008674353,23.401258054244497,3088832
2025-09-19,23.615413665771484,23.84903665922465,23.5764755718607,23.819833088791565,2097991
2025-09-22,23.703022003173828,23.78089633262558,23.605678627191523,23.6154131504568,1415301
2025-09-23,23.8587703704834,23.975580934898172,23.800365088276013,23.956113745276006,2106488
2025-09-24,23.625146865844727,23.87823889207589,23.498599924393943,23.87823889207589,2341031
2025-09-25,23.391523361206055,23.664082570522762,23.381788838491833,23.527802965864407,2169088
2025-09-26,22.99241828918457,23.35258636311264,22.778262492791228,23.35258636311264,2004110
2025-09-30,23.44993019104004,23.50833547451603,23.18710363039235,23.18710363039235,2033400
2025-10-01,23.469398498535156,23.790630332540932,23.43046040633061,23.654348866495454,1677612
2025-10-02,23.975582122802734,24.06319097878974,23.887975123486264,23.946380408587423,2152794
2025-10-03,24.472028732299805,24.472028732299805,24.06318807262717,24.06318807262717,2106993
2025-10-07,24.822465896606445,25.017152646306833,24.72512252175625,24.87113665569632,2606414
2025-10-08,24.773794174194336,24.773794174194336,24.462295015452188,24.55963838651721,1238068
2025-10-09,24.890605926513672,25.036620061770787,24.85166969022466,24.987949302241905,860608
2025-10-13,24.656982421875,24.656982421875,24.033987800947127,24.033987800947127,2374358
2025-10-14,24.37468910217285,25.153432391804063,24.37468910217285,24.99768373387782,2616927
2025-10-15,24.880868911743164,24.890603434008234,24.36495222838641,24.53043539355204,1435642
2025-10-16,25.279977798461914,25.299446845115476,25.017153095320733,25.114494615247587,1665300
2025-10-17,24.949010848999023,25.192368356470094,24.86140385444624,25.11449402834617,1934500
2025-10-20,25.26051139831543,25.28971311253836,25.00741935391696,25.03662106813989,1295457
2025-10-21,25.47466468811035,25.56227354185018,25.357852264233752,25.357852264233752,1302785
2025-10-22,25.289710998535156,25.36758532440425,25.153431392431838,25.36758532440425,1733931
2025-10-23,25.202102661132812,25.2410407531925,25.026884960205056,25.065823052264744,922781
2025-10-27,25.951642990112305,25.951642990112305,25.81536338771979,25.81536338771979,1442675
2025-10-28,26.07819175720215,26.12686251671015,25.941910288572913,26.04898818749507,1634919
2025-10-29,26.360485076904297,26.379954123059978,26.185267374844013,26.33128150767077,1903664
2025-10-30,26.331279754638672,26.61357533509066,26.14632939848424,26.506497445033656,2431231
2025-10-31,26.642780303955078,26.769325388858338,26.42862451257515,26.42862451257515,2611030
2025-11-03,26.662246704101562,26.83746439852853,26.56490519090467,26.779059119276326,2209748
2025-11-04,26.496763229370117,27.041885351725732,26.496763229370117,26.847198614217252,2510841
2025-11-05,26.146329879760742,26.165797068308276,25.65961488933583,25.912706907157226,3943720
2025-11-06,26.62331199645996,26.681717279060518,26.272876587515714,26.272876587515714,3732508
2025-11-07,26.107393264770508,26.428625102338383,26.04898798248647,26.428625102338383,2540797
2025-11-10,26.496763229370117,26.496763229370117,26.117126133565943,26.126860656108402,1630385
2025-11-11,26.302078247070312,26.749855142274033,26.26314015705069,26.671980818905112,1479147
2025-11-12,26.253406524658203,26.37995346484218,26.136595963979563,26.30207913883296,1822400
2025-11-13,26.18526840209961,26.2826117800264,26.08792502417282,26.18526840209961,1200430
2025-11-14,25.64988136291504,25.854300775630964,25.572007035689392,25.64988136291504,2405073
2025-11-17,25.88350486755371,26.11712785395088,25.83483410830572,25.951644673169078,1695810
2025-11-18,25.053335189819336,25.636430707073604,24.99403788375052,25.636430707073604,4827872
2025-11-19,24.756845474243164,25.122516287864972,24.66789857052509,25.033569384146894,4025074
2025-11-20,25.58701515197754,25.74514256088295,25.32017632759179,25.74514256088295,2705052
2025-11-21,24.588834762573242,24.944622375955433,24.361526847369024,24.934739177247327,3058370
2025-11-24,24.54930305480957,24.786494161012158,24.54930305480957,24.73708005410521,2026200
2025-11-25,25.13239860534668,25.250993216127316,24.98415439935721,25.211462307542888,1519659
2025-11-26,25.507951736450195,25.537601332841074,25.349824325753694,25.359707524550654,2222892
2025-11-27,25.88350486755371,26.051515471315128,25.74514197414425,25.74514197414425,2220310
2025-11-28,26.259056091308594,26.259056091308594,25.9032684989599,25.992215397047072,1212422
2025-12-01,25.725378036499023,26.288707166089292,25.725378036499023,26.288707166089292,3614341
2025-12-02,25.666078567504883,26.17999358317598,25.656195368931126,25.952685671061705,2053500
2025-12-03,25.81432342529297,26.04163132652549,25.764907434789837,25.982334022949026,1633767
2025-12-04,25.71549415588379,25.89338795735849,25.616664056728137,25.81432425503944,1173316
2025-12-05,25.962568283081055,25.97245148143153,25.745141689425324,25.745141689425324,2008909
2025-12-08,26.160226821899414,26.1799932187718,25.98233490513004,26.1799932187718,1288752
2025-12-09,26.278823852539062,26.397418466130507,26.199760148468968,26.229409744380526,1737100
2025-12-10,26.624727249145508,26.654374958898778,26.328236956421566,26.43695025225641,1768443
2025-12-11,26.387537002563477,26.852036025707164,26.367770605401436,26.802621917829445,2182019
2025-12-12,26.585195541381836,26.65437604700002,26.417184934154502,26.604961938709145,1603353
2025-12-15,26.288705825805664,26.288705825805664,26.002098733768793,26.09104563233008,1323179
2025-12-16,25.71549415588379,26.110812667479042,25.44865345367173,26.110812667479042,3492001
2025-12-17,25.52771759033203,25.83408920640269,25.52771759033203,25.715494593419965,2027167
2025-12-18,25.45853614807129,25.567249443492976,25.300408746563736,25.567249443492976,2263600
2025-12-19,25.82420539855957,25.883504588679305,25.695727590021495,25.715493986728074,2079029
2025-12-22,26.249174118041992,26.259057316627,26.08116351215165,26.130579505076682,1573523
2025-12-23,26.33812141418457,26.427068317752507,26.298590504280718,26.298590504280718,1149269
2025-12-24,26.525897979736328,26.585195286121508,26.436951077644864,26.506131582598808,1156439
2025-12-26,26.861919403076172,26.901450312635983,26.664259200194927,26.664259200194927,1432087
2025-12-29,27.108993530273438,27.168290836724616,26.901450130153236,27.010163429503216,1544706
2025-12-30,27.138641357421875,27.168290953288366,26.931099841438616,27.069460852094124,1504529
2025-12-31,27.336301803588867,27.415365508243852,27.168291195568592,27.17817439427889,2229725
2026-01-02,27.692089080810547,27.73161999014435,27.435131572544982,27.484545680469083,2694291
2026-01-05,28.334482192993164,28.383896301412605,28.117057476909267,28.166471585328704,3993544
2026-01-06,28.868160247802734,28.878043445985682,28.3641303356636,28.51237453835319,2207840
2026-01-07,28.59143829345703,29.036170902376135,28.48272499826406,28.96699039999054,4615376
2026-01-08,28.403661727905273,28.710033336693776,28.383895331202183,28.59143872652993,1721698
2026-01-09,28.39377784729004,28.561788445174543,27.95892844043498,28.354246939861078,1811700
2026-01-12,28.710033416748047,28.779215805401762,28.542022814358003,28.70015210339629,1888966
2026-01-13,28.700151443481445,29.05593715181166,28.54202215807909,28.917576147740313,2095250
2026-01-14,29.14488410949707,29.332661104710045,28.828629308102997,28.828629308102997,1347745
2026-01-15,28.996641159057617,29.18441816237887,28.878044660900144,29.03617206842518,1330400
2026-01-16,29.451255798339844,29.55008589531964,29.204181498404015,29.55008589531964,1417119
2026-01-19,29.451255798339844,29.471022194741266,29.154767392427775,29.451255798339844,2060102
2026-01-20,29.510555267333984,29.5204384656284,29.1350012722556,29.303011873205964,1425288
2026-01-21,29.095470428466797,29.589619034116577,29.006523528647648,29.25359783147254,4440743
2026-01-22,29.846576690673828,29.965171301032008,29.303012090612235,29.303012090612235,2486535
2026-01-23,30.133182525634766,30.143065724206643,29.895991414991833,30.04423562351524,2072245
2026-01-26,30.133182525634766,30.29130993273005,29.994821515683235,30.281426734158174,2150528
2026-01-27,30.49885368347168,30.558150990557582,30.192480179301803,30.232012974044007,1364379
2026-01-28,30.874404907226562,30.92382089921197,30.637213800778657,30.637213800778657,1668807
2026-01-29,30.676746368408203,31.18077628775533,30.528500278571283,31.18077628775533,1661701
2026-01-30,30.28142547607422,30.488968867406218,30.044234375285722,30.291308674235484,1891667
2026-02-02,29.69832992553711,29.86634052391734,29.431491115779224,29.648915819848284,2756963
2026-02-03,30.518617630004883,30.518617630004883,30.073885007564776,30.459320324018343,2137631
2026-02-04,30.745927810668945,30.755811009295073,30.320959694882372,30.459320705593388,1419143
2026-02-05,30.01458740234375,30.538383722552975,29.915757303333237,30.518617325745403,2509000
2026-02-06,29.836692810058594,30.01458660655548,29.12511762407104,29.6983299211014,2972200
2026-02-09,30.76569175720215,30.953468757591136,30.57791664184052,30.57791664184052,1821213
2026-02-10,31.25984001159668,31.279606408259333,30.983117998428895,30.983117998428895,1779033
2026-02-11,31.892351150512695,31.92199886014551,31.388319351454314,31.487149448627445,1519606
2026-02-23,31.892351150512695,32.514979443184295,31.892351150512695,32.27778645595785,2605435
2026-02-24,32.90041732788086,32.959712751795,31.941767760683,31.941767760683,1366103
2026-02-25,33.779998779296875,33.908478471603225,33.157370484332645,33.157370484332645,2489179
2026-02-26,34.0,34.16999816894531,33.63999938964844,34.04999923706055,1780767
2026-03-02,33.81999969482422,34.0,33.099998474121094,33.18000030517578,1668123
2026-03-03,32.93000030517578,34.06999969482422,32.93000030517578,34.0,2455745
2026-03-04,31.25,32.290000915527344,31.1200008392334,32.209999084472656,4827826
2026-03-05,32.529998779296875,32.970001220703125,32.20000076293945,32.65999984741211,1732160
2026-03-06,32.689998626708984,32.95000076293945,32.20000076293945,32.29999923706055,1565430
2026-03-09,30.610000610351562,30.81999969482422,30.18000030517578,30.81999969482422,3434150
2026-03-10,31.809999465942383,32.2599983215332,31.40999984741211,31.760000228881836,2159165
2026-03-11,33.54999923706055,33.650001525878906,32.630001068115234,32.7599983215332,1824498
2026-03-12,33.290000915527344,33.70000076293945,33.060001373291016,33.40999984741211,1348932
2026-03-13,33.20000076293945,33.540000915527344,32.63999938964844,32.959999084472656,1466747
2026-03-16,33.11000061035156,33.7400016784668,33.0099983215332,33.63999938964844,1616760
2026-03-17,33.849998474121094,34.0,33.59000015258789,33.59000015258789,1477278
2026-03-18,34.650001525878906,34.790000915527344,34.380001068115234,34.5099983215332,1945187
