Price,Close,High,Low,Open,Volume
Ticker,2838A.TW,2838A.TW,2838A.TW,2838A.TW,2838A.TW
Date,,,,,
2021-03-18,42.02894592285156,42.02894592285156,41.949942337726874,42.02894592285156,158062
2021-03-19,42.02894592285156,42.02894592285156,41.949942337726874,42.02894592285156,11000
2021-03-22,42.02894592285156,42.02894592285156,41.949942337726874,41.949942337726874,108000
2021-03-23,42.02894592285156,42.02894592285156,41.870941766280815,41.949942337726874,116000
2021-03-24,41.94994354248047,41.94994354248047,41.870942968765604,41.94994354248047,50007
2021-03-25,42.02894592285156,42.02894592285156,41.949942337726874,41.949942337726874,106000
2021-03-26,42.02894592285156,42.02894592285156,41.870941766280815,41.949942337726874,27000
2021-03-29,42.02894592285156,42.02894592285156,41.870941766280815,41.949942337726874,43000
2021-03-30,41.94994354248047,42.02894712987405,41.94994354248047,41.94994354248047,19000
2021-03-31,42.02894592285156,42.02894592285156,41.870941766280815,41.949942337726874,84000
2021-04-01,42.02894592285156,42.02894592285156,41.870941766280815,41.870941766280815,48973
2021-04-07,41.94994354248047,41.94994354248047,41.870942968765604,41.94994354248047,55000
2021-04-08,42.02894592285156,42.10794649429762,41.949942337726874,41.949942337726874,129000
2021-04-09,42.02894592285156,42.02894592285156,41.949942337726874,42.02894592285156,57000
2021-04-12,41.94994354248047,41.94994354248047,41.870942968765604,41.94994354248047,164000
2021-04-13,41.94994354248047,42.02894712987405,41.94994354248047,41.94994354248047,114000
2021-04-14,41.94994354248047,42.02894712987405,41.94994354248047,41.94994354248047,171018
2021-04-15,42.02894592285156,42.02894592285156,41.870941766280815,41.949942337726874,244000
2021-04-16,41.87093734741211,41.94993791052081,41.87093734741211,41.94993791052081,179000
2021-04-19,41.94994354248047,41.94994354248047,41.870942968765604,41.870942968765604,55079
2021-04-20,42.02894592285156,42.02894592285156,41.870941766280815,41.870941766280815,184000
2021-04-21,42.02894592285156,42.02894592285156,41.870941766280815,41.870941766280815,81000
2021-04-22,42.02894592285156,42.02894592285156,41.870941766280815,41.870941766280815,105002
2021-04-23,42.02894592285156,42.02894592285156,41.870941766280815,41.870941766280815,155000
2021-04-26,42.02894592285156,42.02894592285156,41.949942337726874,41.949942337726874,175018
2021-04-27,42.02894592285156,42.02894592285156,41.870941766280815,41.949942337726874,33080
2021-04-28,42.02894592285156,42.02894592285156,41.870941766280815,41.949942337726874,46000
2021-04-29,42.02894592285156,42.02894592285156,41.870941766280815,41.870941766280815,56000
2021-05-03,42.02894592285156,42.02894592285156,41.870941766280815,41.949942337726874,61162
2021-05-04,42.02894592285156,42.02894592285156,41.79194119483475,41.870941766280815,145000
2021-05-05,41.94994354248047,41.94994354248047,41.870942968765604,41.870942968765604,25000
2021-05-06,41.94994354248047,41.94994354248047,41.870942968765604,41.870942968765604,21018
2021-05-07,41.94994354248047,41.94994354248047,41.870942968765604,41.870942968765604,35000
2021-05-10,41.94994354248047,41.94994354248047,41.870942968765604,41.94994354248047,67020
2021-05-11,41.79193878173828,41.94993991550731,41.79193878173828,41.94993991550731,93012
2021-05-12,41.554935455322266,41.79194320843711,41.159926551702554,41.79194320843711,198000
2021-05-13,41.47593307495117,41.554933646765335,41.08092418852306,41.554933646765335,97000
2021-05-14,41.554935455322266,41.633939044253474,41.475934880069836,41.475934880069836,52018
2021-05-17,41.317928314208984,41.47593246920836,41.00192301788884,41.2389277435486,255200
2021-05-18,41.554935455322266,41.7129396195059,41.31793071588619,41.31793071588619,150000
2021-05-19,41.554935455322266,41.633939044253474,41.475934880069836,41.475934880069836,144000
2021-05-20,41.633934020996094,41.633934020996094,41.55493044159691,41.55493044159691,53000
2021-05-21,41.71293640136719,41.791939984203296,41.63393583220962,41.63393583220962,63000
2021-05-24,41.71293640136719,41.71293640136719,41.63393583220962,41.63393583220962,17000
2021-05-25,41.71293640136719,41.71293640136719,41.554932249373515,41.554932249373515,41018
2021-05-26,41.71293640136719,41.71293640136719,41.554932249373515,41.63393583220962,25000
2021-05-27,41.71293640136719,41.71293640136719,41.554932249373515,41.63393583220962,69000
2021-05-28,41.71293640136719,41.71293640136719,41.63393583220962,41.63393583220962,25203
2021-05-31,41.79193878173828,41.79193878173828,41.63393463429081,41.71293520117532,25010
2021-06-01,41.87093734741211,41.87093734741211,41.7129332075164,41.7129332075164,77130
2021-06-02,41.87093734741211,41.87093734741211,41.7129332075164,41.7129332075164,24000
2021-06-03,41.79193878173828,41.79193878173828,41.79193878173828,41.79193878173828,6000
2021-06-04,41.87093734741211,41.87093734741211,41.79193678430341,41.87093734741211,14018
2021-06-07,41.87093734741211,41.87093734741211,41.79193678430341,41.79193678430341,24000
2021-06-08,41.87093734741211,41.87093734741211,41.7129332075164,41.79193678430341,15000
2021-06-09,41.87093734741211,41.87093734741211,41.7129332075164,41.87093734741211,45000
2021-06-10,41.87093734741211,41.87093734741211,41.79193678430341,41.79193678430341,6000
2021-06-11,41.87093734741211,41.87093734741211,41.87093734741211,41.87093734741211,58000
2021-06-15,41.87093734741211,41.94993791052081,41.87093734741211,41.87093734741211,37000
2021-06-16,41.94994354248047,41.94994354248047,41.870942968765604,41.870942968765604,62000
2021-06-17,42.02894592285156,42.02894592285156,41.949942337726874,41.949942337726874,22000
2021-06-18,42.02894592285156,42.02894592285156,41.949942337726874,42.02894592285156,32002
2021-06-21,41.87093734741211,42.02894148730782,41.87093734741211,42.02894148730782,65000
2021-06-22,41.87093734741211,41.94993791052081,41.7129332075164,41.87093734741211,87000
2021-06-23,41.94994354248047,41.94994354248047,41.79194239505074,41.870942968765604,36000
2021-06-24,42.02894592285156,42.02894592285156,41.79194119483475,41.79194119483475,40000
2021-06-25,42.02894592285156,42.02894592285156,41.949942337726874,41.949942337726874,16000
2021-06-28,42.107948303222656,42.107948303222656,41.87094356502431,41.87094356502431,165000
2021-06-29,42.107948303222656,42.107948303222656,42.028947728382796,42.028947728382796,123000
2021-06-30,42.107948303222656,42.107948303222656,42.028947728382796,42.028947728382796,29671
2021-07-01,42.107948303222656,42.18695189174127,42.107948303222656,42.107948303222656,80018
2021-07-02,42.107948303222656,42.18695189174127,42.028947728382796,42.18695189174127,15000
2021-07-05,42.107948303222656,42.107948303222656,42.028947728382796,42.107948303222656,24000
2021-07-06,42.107948303222656,42.107948303222656,42.028947728382796,42.028947728382796,24111
2021-07-07,42.107948303222656,42.107948303222656,41.94994413986417,42.028947728382796,36000
2021-07-08,42.107948303222656,42.107948303222656,42.028947728382796,42.107948303222656,5000
2021-07-09,42.107948303222656,42.18695189174127,42.107948303222656,42.107948303222656,60018
2021-07-12,42.18695068359375,42.18695068359375,42.107947097337636,42.107947097337636,134000
2021-07-13,42.18695068359375,42.18695068359375,42.107947097337636,42.18695068359375,211000
2021-07-14,42.107948303222656,42.107948303222656,42.028947728382796,42.107948303222656,56000
2021-07-15,42.107948303222656,42.18695189174127,42.107948303222656,42.107948303222656,17000
2021-07-16,42.18695068359375,42.18695068359375,42.107947097337636,42.107947097337636,9018
2021-07-19,42.107948303222656,42.107948303222656,42.028947728382796,42.107948303222656,18000
2021-07-20,42.107948303222656,42.107948303222656,42.028947728382796,42.028947728382796,30000
2021-07-21,42.107948303222656,42.107948303222656,42.028947728382796,42.028947728382796,60018
2021-07-22,42.107948303222656,42.18695189174127,41.87094356502431,42.107948303222656,92000
2021-07-23,42.107948303222656,42.107948303222656,41.87094356502431,42.107948303222656,157000
2021-07-26,42.107948303222656,42.107948303222656,41.94994413986417,42.107948303222656,50050
2021-07-27,42.18695068359375,42.18695068359375,41.949942938504066,42.02894652476018,138068
2021-07-28,42.02894592285156,42.10794649429762,41.949942337726874,42.02894592285156,135000
2021-07-29,42.18695068359375,42.18695068359375,42.02894652476018,42.02894652476018,211050
2021-07-30,42.107948303222656,42.18695189174127,42.028947728382796,42.107948303222656,68000
2021-08-02,42.107948303222656,42.107948303222656,42.028947728382796,42.107948303222656,63000
2021-08-03,42.107948303222656,42.107948303222656,41.94994413986417,42.028947728382796,153068
2021-08-04,42.18695068359375,42.18695068359375,42.02894652476018,42.02894652476018,433051
2021-08-05,42.107948303222656,42.26595246658114,42.028947728382796,42.107948303222656,480000
2021-08-06,42.26594924926758,42.26594924926758,42.10794509793648,42.18694868044129,324010
2021-08-09,42.348663330078125,42.51408842479048,42.348663330078125,42.43137429982368,713405
2021-08-10,42.43137741088867,42.51409154192007,42.34866643507876,42.34866643507876,390000
2021-08-11,42.51408767700195,42.51408767700195,42.34866258519929,42.431373553490026,88000
2021-08-12,42.51408767700195,42.51408767700195,42.431373553490026,42.51408767700195,31050
2021-08-13,42.51408767700195,42.51408767700195,42.431373553490026,42.51408767700195,133000
2021-08-16,42.51408767700195,42.51408767700195,42.34866258519929,42.51408767700195,186000
2021-08-17,42.43137741088867,42.51409154192007,42.43137741088867,42.43137741088867,304000
2021-08-18,42.348663330078125,42.348663330078125,42.265949205111326,42.348663330078125,182151
2021-08-19,42.348663330078125,42.348663330078125,42.265949205111326,42.265949205111326,267044
2021-08-20,42.348663330078125,42.348663330078125,42.265949205111326,42.265949205111326,129900
2021-08-23,42.348663330078125,42.43137429982368,42.265949205111326,42.265949205111326,127000
2021-08-24,42.348663330078125,42.348663330078125,42.265949205111326,42.265949205111326,78000
2021-08-25,42.348663330078125,42.348663330078125,42.265949205111326,42.265949205111326,213050
2021-08-26,42.1832389831543,42.34866408079916,42.1832389831543,42.26594995436608,585000
2021-08-27,42.43137741088867,42.51409154192007,42.26595230404737,42.26595230404737,98000
2021-08-30,42.51408767700195,42.51408767700195,42.431373553490026,42.431373553490026,143000
2021-08-31,42.5968017578125,42.5968017578125,42.51409078347813,42.51409078347813,37499
2021-09-01,42.67951202392578,42.67951202392578,42.51409007800204,42.51409007800204,78129
2021-09-02,42.51408767700195,42.67950961358342,42.51408767700195,42.59679864529269,36000
2021-09-03,42.5968017578125,42.67951273214687,42.51409078347813,42.5968017578125,44000
2021-09-06,42.67951202392578,42.67951202392578,42.51409007800204,42.59680105096391,232050
2021-09-07,42.67951202392578,42.67951202392578,42.59680105096391,42.67951202392578,76000
2021-09-08,42.67951202392578,42.67951202392578,42.51409007800204,42.59680105096391,127000
2021-09-09,42.67951202392578,42.67951202392578,42.59680105096391,42.59680105096391,67000
2021-09-10,42.67951202392578,42.67951202392578,42.51409007800204,42.59680105096391,71200
2021-09-13,42.5968017578125,42.67951273214687,42.51409078347813,42.67951273214687,143000
2021-09-14,42.67951202392578,42.67951202392578,42.59680105096391,42.59680105096391,125768
2021-09-15,42.67951202392578,42.67951202392578,42.59680105096391,42.59680105096391,92000
2021-09-16,42.67951202392578,42.67951202392578,42.59680105096391,42.59680105096391,20288
2021-09-17,42.67951202392578,42.67951202392578,42.67951202392578,42.67951202392578,15631
2021-09-22,42.51408767700195,42.59679864529269,42.51408767700195,42.59679864529269,87616
2021-09-23,42.5968017578125,42.5968017578125,42.51409078347813,42.51409078347813,65050
2021-09-24,42.5968017578125,42.67951273214687,42.5968017578125,42.5968017578125,17410
2021-09-27,42.67951202392578,42.762226152109015,42.51409007800204,42.59680105096391,129000
2021-09-28,42.5968017578125,42.76222686170266,42.5968017578125,42.67951273214687,9079
2021-09-29,42.76222610473633,42.76222610473633,42.51409003090424,42.59680100377448,126000
2021-09-30,42.76222610473633,42.76222610473633,42.51409003090424,42.59680100377448,179000
2021-10-01,42.76222610473633,42.844937077606566,42.67951197664472,42.67951197664472,59000
2021-10-04,42.76222610473633,42.76222610473633,42.51409003090424,42.76222610473633,169347
2021-10-05,42.76222610473633,42.76222610473633,42.59680100377448,42.67951197664472,28069
2021-10-06,42.76222610473633,42.76222610473633,42.67951197664472,42.67951197664472,42208
2021-10-07,42.76222610473633,42.76222610473633,42.59680100377448,42.67951197664472,109050
2021-10-08,42.76222610473633,42.76222610473633,42.67951197664472,42.67951197664472,78000
2021-10-12,42.76222610473633,42.76222610473633,42.59680100377448,42.76222610473633,154080
2021-10-13,42.76222610473633,42.76222610473633,42.67951197664472,42.67951197664472,26000
2021-10-14,42.76222610473633,42.76222610473633,42.67951197664472,42.67951197664472,148049
2021-10-15,42.927650451660156,43.01036142307755,42.76222535360406,42.76222535360406,213000
2021-10-18,43.01035690307617,43.01035690307617,42.927645940350956,42.927645940350956,38050
2021-10-19,43.01035690307617,43.01035690307617,43.01035690307617,43.01035690307617,6366
2021-10-20,43.01035690307617,43.09306786580139,42.927645940350956,43.01035690307617,26000
2021-10-21,43.09307098388672,43.09307098388672,42.927649046466854,43.010360015176786,60000
2021-10-22,43.175785064697266,43.175785064697266,43.01035997222141,43.09307094084873,67000
2021-10-25,43.25849533081055,43.25849533081055,43.093070241021174,43.093070241021174,53000
2021-10-26,43.341209411621094,43.341209411621094,43.2584952891954,43.2584952891954,24000
2021-10-27,43.341209411621094,43.341209411621094,43.17578432199086,43.17578432199086,67000
2021-10-28,43.423919677734375,43.423919677734375,43.25849459077498,43.25849459077498,26000
2021-10-29,43.506629943847656,43.506629943847656,43.2584938950101,43.34120801476998,43000
2021-11-01,43.506629943847656,43.506629943847656,43.34120801476998,43.506629943847656,66000
2021-11-02,43.506629943847656,43.506629943847656,43.34120801476998,43.423918979308816,152000
2021-11-03,43.58934783935547,43.58934783935547,43.42392274072748,43.42392274072748,63000
2021-11-04,43.58934783935547,43.58934783935547,43.50663371243081,43.50663371243081,58000
2021-11-05,43.672054290771484,43.672054290771484,43.50662920926586,43.58934332762917,71228
2021-11-08,43.7547721862793,43.7547721862793,43.589347090493305,43.67205806077567,161387
2021-11-09,43.7547721862793,43.7547721862793,43.589347090493305,43.589347090493305,97000
2021-11-10,43.7547721862793,43.7547721862793,43.589347090493305,43.589347090493305,16246
2021-11-11,43.672054290771484,43.672054290771484,43.58934332762917,43.58934332762917,23000
2021-11-12,43.672054290771484,43.672054290771484,43.58934332762917,43.58934332762917,9000
2021-11-15,43.672054290771484,43.672054290771484,43.58934332762917,43.58934332762917,99264
2021-11-16,43.7547721862793,43.7547721862793,43.589347090493305,43.589347090493305,87018
2021-11-17,43.7547721862793,43.7547721862793,43.589347090493305,43.589347090493305,41000
2021-11-18,43.672054290771484,43.75476840913479,43.58934332762917,43.672054290771484,71000
2021-11-19,43.672054290771484,43.672054290771484,43.58934332762917,43.672054290771484,114000
2021-11-22,43.7547721862793,43.7547721862793,43.589347090493305,43.67205806077567,120000
2021-11-23,43.7547721862793,43.7547721862793,43.67205806077567,43.67205806077567,18000
2021-11-24,43.7547721862793,43.7547721862793,43.589347090493305,43.67205806077567,23018
2021-11-25,43.7547721862793,43.7547721862793,43.67205806077567,43.67205806077567,20000
2021-11-26,43.672054290771484,43.75476840913479,43.58934332762917,43.672054290771484,52000
2021-11-29,43.672054290771484,43.672054290771484,43.50662920926586,43.58934332762917,164018
2021-11-30,43.672054290771484,43.672054290771484,43.58934332762917,43.58934332762917,74000
2021-12-01,43.672054290771484,43.672054290771484,43.58934332762917,43.58934332762917,81000
2021-12-02,43.672054290771484,43.672054290771484,43.50662920926586,43.672054290771484,77000
2021-12-03,43.672054290771484,43.672054290771484,43.58934332762917,43.58934332762917,44000
2021-12-06,43.672054290771484,43.672054290771484,43.50662920926586,43.50662920926586,24017
2021-12-07,43.672054290771484,43.672054290771484,43.58934332762917,43.58934332762917,36201
2021-12-08,43.672054290771484,43.672054290771484,43.50662920926586,43.58934332762917,137000
2021-12-09,43.672054290771484,43.672054290771484,43.50662920926586,43.58934332762917,124000
2021-12-10,43.672054290771484,43.672054290771484,43.50662920926586,43.50662920926586,146000
2021-12-13,43.58934783935547,43.58934783935547,43.50663371243081,43.58934783935547,29100
2021-12-14,43.58934783935547,43.58934783935547,43.50663371243081,43.50663371243081,20100
2021-12-15,43.58934783935547,43.58934783935547,43.50663371243081,43.58934783935547,48000
2021-12-16,43.506629943847656,43.58934406360754,43.506629943847656,43.506629943847656,15000
2021-12-17,43.58934783935547,43.58934783935547,43.50663371243081,43.58934783935547,19000
2021-12-20,43.58934783935547,43.58934783935547,43.50663371243081,43.58934783935547,97562
2021-12-21,43.58934783935547,43.672058811058804,43.50663371243081,43.50663371243081,1272000
2021-12-22,43.58934783935547,43.58934783935547,43.50663371243081,43.58934783935547,622000
2021-12-23,43.58934783935547,43.58934783935547,43.50663371243081,43.58934783935547,66065
2021-12-24,43.672054290771484,43.672054290771484,43.58934332762917,43.58934332762917,82000
2021-12-27,43.672054290771484,43.672054290771484,43.58934332762917,43.58934332762917,59000
2021-12-28,43.672054290771484,43.672054290771484,43.50662920926586,43.58934332762917,32000
2021-12-29,43.7547721862793,43.7547721862793,43.589347090493305,43.589347090493305,66000
2021-12-30,43.83748245239258,43.83748245239258,43.58934639031007,43.58934639031007,1544000
2022-01-03,43.83748245239258,43.83748245239258,43.58934639031007,43.67205735926384,60068
2022-01-04,43.672054290771484,43.672054290771484,43.58934332762917,43.672054290771484,47046
2022-01-05,43.672054290771484,43.672054290771484,43.58934332762917,43.672054290771484,14359
2022-01-06,43.672054290771484,43.672054290771484,43.50662920926586,43.58934332762917,21001
2022-01-07,43.672054290771484,43.83747937227711,43.58934332762917,43.672054290771484,23000
2022-01-10,43.7547721862793,43.7547721862793,43.50663296498967,43.67205806077567,66077
2022-01-11,43.7547721862793,43.7547721862793,43.589347090493305,43.67205806077567,57099
2022-01-12,43.58934783935547,43.672058811058804,43.50663371243081,43.672058811058804,67000
2022-01-13,43.58934783935547,43.672058811058804,43.50663371243081,43.58934783935547,122047
2022-01-14,43.58934783935547,43.672058811058804,43.50663371243081,43.58934783935547,63000
2022-01-17,43.58934783935547,43.58934783935547,43.42392274072748,43.50663371243081,105000
2022-01-18,43.58934783935547,43.58934783935547,43.42392274072748,43.50663371243081,70000
2022-01-19,43.58934783935547,43.58934783935547,43.34121176902415,43.50663371243081,65000
2022-01-20,43.506629943847656,43.58934406360754,43.34120801476998,43.506629943847656,83000
2022-01-21,43.506629943847656,43.58934406360754,43.506629943847656,43.506629943847656,74018
2022-01-24,43.506629943847656,43.506629943847656,43.506629943847656,43.506629943847656,73001
2022-01-25,43.506629943847656,43.672055028146374,43.423918979308816,43.506629943847656,293700
2022-01-26,43.672054290771484,43.672054290771484,43.50662920926586,43.50662920926586,5000
2022-02-07,43.672054290771484,43.83747937227711,43.58934332762917,43.58934332762917,63000
2022-02-08,43.672054290771484,43.83747937227711,43.58934332762917,43.83747937227711,62000
2022-02-09,43.7547721862793,43.83748315656166,43.67205806077567,43.67205806077567,77000
2022-02-10,43.83748245239258,43.83748245239258,43.67205735926384,43.754771483438816,117000
2022-02-11,43.83748245239258,43.83748245239258,43.67205735926384,43.754771483438816,239000
2022-02-14,43.83748245239258,43.83748245239258,43.67205735926384,43.83748245239258,43000
2022-02-15,43.83748245239258,43.83748245239258,43.67205735926384,43.83748245239258,291018
2022-02-16,43.83748245239258,43.83748245239258,43.67205735926384,43.83748245239258,134000
2022-02-17,43.92019271850586,43.92019271850586,43.754770783245526,43.754770783245526,68000
2022-02-18,43.92019271850586,43.92019271850586,43.83748175087569,43.83748175087569,198000
2022-02-21,44.002906799316406,44.002906799316406,43.837481708992954,43.837481708992954,86000
2022-02-22,44.002906799316406,44.002906799316406,43.837481708992954,43.9201926765441,97000
2022-02-23,44.002906799316406,44.002906799316406,43.9201926765441,43.9201926765441,28000
2022-02-24,43.92019271850586,44.00290684135719,43.83748175087569,44.00290684135719,186000
2022-02-25,43.7547721862793,43.92019412684403,43.7547721862793,43.92019412684403,247000
2022-03-01,43.92019271850586,43.92019271850586,43.83748175087569,43.83748175087569,61000
2022-03-02,44.002906799316406,44.002906799316406,43.837481708992954,43.837481708992954,32018
2022-03-03,44.002906799316406,44.002906799316406,43.9201926765441,43.9201926765441,39000
2022-03-04,44.002906799316406,44.002906799316406,43.837481708992954,43.9201926765441,102000
2022-03-07,43.92019271850586,44.00290684135719,43.754770783245526,43.83748175087569,168000
2022-03-08,43.83748245239258,43.92019342134634,43.754771483438816,43.83748245239258,240000
2022-03-09,43.92019271850586,43.92019271850586,43.83748175087569,43.83748175087569,56986
2022-03-10,43.92019271850586,43.92019271850586,43.83748175087569,43.83748175087569,11000
2022-03-11,43.92019271850586,43.92019271850586,43.83748175087569,43.83748175087569,59000
2022-03-14,43.92019271850586,43.92019271850586,43.754770783245526,43.83748175087569,36000
2022-03-15,43.92019271850586,43.92019271850586,43.754770783245526,43.83748175087569,322000
2022-03-16,43.83748245239258,44.002907545521325,43.83748245239258,43.83748245239258,317000
2022-03-17,43.92019271850586,44.08561780898736,43.83748175087569,44.00290684135719,112000
2022-03-18,44.08562088012695,44.08562088012695,43.92019577812143,43.92019577812143,237018
2022-03-21,44.08562088012695,44.08562088012695,43.92019577812143,44.002909906734885,158000
2022-03-22,44.002906799316406,44.002906799316406,44.002906799316406,44.002906799316406,77000
2022-03-23,44.08562088012695,44.08562088012695,44.002909906734885,44.002909906734885,107170
2022-03-24,44.168331146240234,44.168331146240234,44.00290605870106,44.00290605870106,161000
2022-03-25,44.168331146240234,44.168331146240234,44.08561702486009,44.168331146240234,40539
2022-03-28,44.08562088012695,44.16833500874041,44.08562088012695,44.16833500874041,180000
2022-03-29,44.08562088012695,44.16833500874041,44.08562088012695,44.08562088012695,179000
2022-03-30,44.08562088012695,44.16833500874041,44.002909906734885,44.08562088012695,111000
2022-03-31,44.168331146240234,44.25104211239926,44.08561702486009,44.08561702486009,177614
2022-04-01,44.25104522705078,44.25104522705078,44.085620127868005,44.168334255070064,70000
2022-04-06,44.33375549316406,44.33375549316406,44.08561942595131,44.08561942595131,145000
2022-04-07,44.25104522705078,44.333756199031505,44.168334255070064,44.168334255070064,564000
2022-04-08,44.168331146240234,44.25104211239926,44.168331146240234,44.168331146240234,39000
2022-04-11,44.25104522705078,44.333756199031505,44.168334255070064,44.168334255070064,283000
2022-04-12,44.168331146240234,44.25104211239926,44.08561702486009,44.168331146240234,202000
2022-04-13,44.168331146240234,44.168331146240234,44.08561702486009,44.168331146240234,164000
2022-04-14,44.25104522705078,44.25104522705078,44.085620127868005,44.085620127868005,39000
2022-04-15,44.168331146240234,44.25104211239926,44.08561702486009,44.08561702486009,32001
2022-04-18,44.25104522705078,44.25104522705078,44.168334255070064,44.168334255070064,26018
2022-04-19,44.25104522705078,44.25104522705078,44.168334255070064,44.168334255070064,48000
2022-04-20,44.25104522705078,44.25104522705078,44.168334255070064,44.168334255070064,51000
2022-04-21,44.25104522705078,44.25104522705078,44.168334255070064,44.25104522705078,52000
2022-04-22,44.25104522705078,44.25104522705078,44.168334255070064,44.168334255070064,29000
2022-04-25,44.25104522705078,44.25104522705078,44.168334255070064,44.168334255070064,278000
2022-04-26,44.168331146240234,44.168331146240234,44.08561702486009,44.168331146240234,18000
2022-04-27,44.08562088012695,44.251045982132474,44.08562088012695,44.08562088012695,44000
2022-04-28,44.08562088012695,44.08562088012695,43.92019577812143,44.08562088012695,115000
2022-04-29,44.08562088012695,44.08562088012695,44.002909906734885,44.08562088012695,51000
2022-05-03,44.08562088012695,44.08562088012695,43.92019577812143,44.002909906734885,8044
2022-05-04,44.002906799316406,44.08561776686755,43.837481708992954,44.002906799316406,182000
2022-05-05,44.08562088012695,44.16833500874041,44.002909906734885,44.16833500874041,292000
2022-05-06,43.92019271850586,44.08561780898736,43.92019271850586,44.08561780898736,145000
2022-05-09,44.08562088012695,44.16833500874041,43.92019577812143,44.16833500874041,175018
2022-05-10,44.168331146240234,44.168331146240234,43.92019193732092,43.92019193732092,194000
2022-05-11,44.002906799316406,44.16833188963986,43.9201926765441,44.08561776686755,313000
2022-05-12,43.7547721862793,43.92019412684403,43.7547721862793,43.83748315656166,193000
2022-05-13,43.83748245239258,43.92019342134634,43.83748245239258,43.92019342134634,4054
2022-05-16,43.92019271850586,43.92019271850586,43.754770783245526,43.92019271850586,108000
2022-05-17,43.92019271850586,43.92019271850586,43.67205666039419,43.92019271850586,130000
2022-05-18,43.92019271850586,43.92019271850586,43.754770783245526,43.83748175087569,84000
2022-05-19,43.83748245239258,43.83748245239258,43.754771483438816,43.754771483438816,30000
2022-05-20,43.7547721862793,43.7547721862793,43.589347090493305,43.7547721862793,228000
2022-05-23,43.7547721862793,43.7547721862793,43.67205806077567,43.67205806077567,134000
2022-05-24,43.92019271850586,44.00290684135719,43.754770783245526,43.754770783245526,211000
2022-05-25,44.168331146240234,44.168331146240234,43.92019193732092,44.00290605870106,424000
2022-05-26,44.002906799316406,44.16833188963986,44.002906799316406,44.002906799316406,113000
2022-05-27,44.002906799316406,44.002906799316406,44.002906799316406,44.002906799316406,75000
2022-05-30,44.08562088012695,44.08562088012695,44.002909906734885,44.002909906734885,138000
2022-05-31,44.168331146240234,44.25104211239926,44.168331146240234,44.168331146240234,109042
2022-06-01,44.25104522705078,44.25104522705078,44.168334255070064,44.168334255070064,39018
2022-06-02,44.168331146240234,44.25104211239926,44.168331146240234,44.168331146240234,56000
2022-06-06,44.25104522705078,44.25104522705078,44.168334255070064,44.168334255070064,105061
2022-06-07,44.25104522705078,44.25104522705078,44.168334255070064,44.25104522705078,16000
2022-06-08,44.33375549316406,44.33375549316406,44.25104452250024,44.25104452250024,121000
2022-06-09,44.33375549316406,44.33375549316406,44.25104452250024,44.25104452250024,9000
2022-06-10,44.33375549316406,44.33375549316406,44.25104452250024,44.25104452250024,13000
2022-06-13,44.25104522705078,44.333756199031505,44.168334255070064,44.168334255070064,188000
2022-06-14,44.25104522705078,44.25104522705078,44.168334255070064,44.25104522705078,142200
2022-06-15,44.25104522705078,44.333756199031505,44.168334255070064,44.25104522705078,147260
2022-06-16,44.25104522705078,44.25104522705078,44.168334255070064,44.25104522705078,58040
2022-06-17,44.168331146240234,44.25104211239926,44.168331146240234,44.168331146240234,169000
2022-06-20,44.42814636230469,44.60135617323247,44.34154310869197,44.34154310869197,488100
2022-06-21,44.51475143432617,44.51475143432617,44.42814487990084,44.42814487990084,104099
2022-06-22,44.51475143432617,44.51475143432617,44.42814487990084,44.51475143432617,130200
2022-06-23,44.51475143432617,44.60135468504925,44.42814487990084,44.51475143432617,180000
2022-06-24,44.51475143432617,44.60135468504925,44.51475143432617,44.51475143432617,154000
2022-06-27,44.42814636230469,44.51475291961976,44.42814636230469,44.51475291961976,163000
2022-06-28,44.601356506347656,44.601356506347656,44.51475325208813,44.51475325208813,19000
2022-06-29,44.601356506347656,44.601356506347656,44.51475325208813,44.51475325208813,33211
2022-06-30,44.601356506347656,44.601356506347656,44.42814669412622,44.51475325208813,235000
2022-07-01,44.51475143432617,44.60135468504925,44.34154162917776,44.60135468504925,230000
2022-07-04,44.51475143432617,44.51475143432617,44.42814487990084,44.42814487990084,37000
2022-07-05,44.601356506347656,44.601356506347656,44.42814669412622,44.51475325208813,28001
2022-07-06,44.601356506347656,44.601356506347656,44.42814669412622,44.51475325208813,84000
2022-07-07,44.42814636230469,44.51475291961976,44.42814636230469,44.42814636230469,24000
2022-07-08,44.601356506347656,44.601356506347656,44.42814669412622,44.51475325208813,77000
2022-07-11,44.51475143432617,44.60135468504925,44.51475143432617,44.51475143432617,63001
2022-07-12,44.51475143432617,44.51475143432617,44.42814487990084,44.51475143432617,21365
2022-07-13,44.601356506347656,44.601356506347656,44.42814669412622,44.51475325208813,109000
2022-07-14,44.42814636230469,44.51475291961976,44.42814636230469,44.51475291961976,105000
2022-07-15,44.51475143432617,44.51475143432617,44.42814487990084,44.42814487990084,33156
2022-07-18,44.51475143432617,44.51475143432617,44.42814487990084,44.51475143432617,92307
2022-07-19,44.51475143432617,44.51475143432617,44.34154162917776,44.42814487990084,62000
2022-07-20,44.51475143432617,44.51475143432617,44.42814487990084,44.51475143432617,22000
2022-07-21,44.51475143432617,44.51475143432617,44.42814487990084,44.42814487990084,38000
2022-07-22,44.51475143432617,44.51475143432617,44.42814487990084,44.51475143432617,46000
2022-07-25,44.51475143432617,44.51475143432617,44.42814487990084,44.42814487990084,30000
2022-07-26,44.51475143432617,44.51475143432617,44.42814487990084,44.51475143432617,57000
2022-07-27,44.51475143432617,44.51475143432617,44.42814487990084,44.51475143432617,31000
2022-07-28,44.51475143432617,44.51475143432617,44.51475143432617,44.51475143432617,123000
2022-07-29,44.601356506347656,44.601356506347656,44.51475325208813,44.51475325208813,28000
2022-08-01,44.687957763671875,44.687957763671875,44.601354513282324,44.601354513282324,62000
2022-08-02,44.687957763671875,44.687957763671875,44.601354513282324,44.601354513282324,29002
2022-08-03,44.601356506347656,44.601356506347656,44.51475325208813,44.601356506347656,66000
2022-08-04,44.601356506347656,44.601356506347656,44.51475325208813,44.601356506347656,54000
2022-08-05,44.601356506347656,44.601356506347656,44.51475325208813,44.601356506347656,26000
2022-08-08,44.51475143432617,44.60135468504925,44.51475143432617,44.60135468504925,33000
2022-08-09,44.601356506347656,44.601356506347656,44.51475325208813,44.51475325208813,189000
2022-08-10,44.601356506347656,44.601356506347656,44.51475325208813,44.601356506347656,171000
2022-08-11,44.51475143432617,44.60135468504925,44.51475143432617,44.60135468504925,75000
2022-08-12,44.51475143432617,44.60135468504925,44.51475143432617,44.60135468504925,14000
2022-08-15,44.51475143432617,44.60135468504925,44.51475143432617,44.51475143432617,241000
2022-08-16,44.51475143432617,44.60135468504925,44.51475143432617,44.60135468504925,20100
2022-08-17,44.601356506347656,44.601356506347656,44.601356506347656,44.601356506347656,6100
2022-08-18,44.601356506347656,44.601356506347656,44.51475325208813,44.601356506347656,22050
2022-08-19,44.601356506347656,44.601356506347656,44.51475325208813,44.601356506347656,53100
2022-08-22,44.601356506347656,44.601356506347656,44.601356506347656,44.601356506347656,36000
2022-08-23,44.601356506347656,44.687959760607185,44.601356506347656,44.601356506347656,18000
2022-08-24,44.687957763671875,44.687957763671875,44.601354513282324,44.601354513282324,17000
2022-08-25,44.774566650390625,44.774566650390625,44.687960091786884,44.687960091786884,14000
2022-08-26,44.774566650390625,44.774566650390625,44.774566650390625,44.774566650390625,11000
2022-08-29,44.687957763671875,44.687957763671875,44.601354513282324,44.687957763671875,132000
2022-08-30,44.774566650390625,44.774566650390625,44.687960091786884,44.687960091786884,24000
2022-08-31,44.687957763671875,44.77456431776367,44.687957763671875,44.77456431776367,105000
2022-09-01,44.774566650390625,44.774566650390625,44.687960091786884,44.687960091786884,9000
2022-09-02,44.774566650390625,44.774566650390625,44.687960091786884,44.687960091786884,14000
2022-09-05,44.687957763671875,44.687957763671875,44.687957763671875,44.687957763671875,39000
2022-09-06,44.687957763671875,44.77456431776367,44.687957763671875,44.687957763671875,24000
2022-09-07,44.601356506347656,44.687959760607185,44.601356506347656,44.687959760607185,79000
2022-09-08,44.687957763671875,44.77456431776367,44.601354513282324,44.601354513282324,47000
2022-09-12,44.774566650390625,44.774566650390625,44.60135683688554,44.60135683688554,39000
2022-09-13,44.774566650390625,44.774566650390625,44.60135683688554,44.774566650390625,106000
2022-09-14,44.687957763671875,44.687957763671875,44.601354513282324,44.687957763671875,86000
2022-09-15,44.687957763671875,44.687957763671875,44.601354513282324,44.687957763671875,152313
2022-09-16,44.601356506347656,44.687959760607185,44.601356506347656,44.601356506347656,54000
2022-09-19,44.601356506347656,44.601356506347656,44.42814669412622,44.601356506347656,123000
2022-09-20,44.42814636230469,44.51475291961976,44.34154310869197,44.51475291961976,113250
2022-09-21,44.25493621826172,44.34154277492489,43.90851990271606,44.34154277492489,413027
2022-09-22,44.168331146240234,44.168331146240234,43.82191154125943,43.99512134374983,117198
2022-09-23,44.168331146240234,44.168331146240234,43.99512134374983,44.08172789684613,56307
2022-09-26,43.90851974487305,44.08172955387439,43.821913188521215,43.99512299752256,95000
2022-09-27,43.995121002197266,44.0817275546212,43.82191120105156,43.995121002197266,79000
2022-09-28,43.8219108581543,43.908517409900554,43.73530761011018,43.908517409900554,165000
2022-09-29,43.90851974487305,43.90851974487305,43.648706683222194,43.90851974487305,81000
2022-09-30,43.8219108581543,43.8219108581543,43.56209781031981,43.73530761011018,51000
2022-10-03,43.73530960083008,43.82191285281615,43.73530960083008,43.73530960083008,60000
2022-10-04,43.73530960083008,43.82191285281615,43.73530960083008,43.73530960083008,42000
2022-10-05,43.73530960083008,43.82191285281615,43.73530960083008,43.73530960083008,32000
2022-10-06,43.73530960083008,43.82191285281615,43.73530960083008,43.73530960083008,89000
2022-10-07,43.475494384765625,43.7353074315393,43.30228458568247,43.7353074315393,831000
2022-10-11,42.782657623291016,43.47549350185117,42.65274945069133,43.47549350185117,911100
2022-10-12,42.782657623291016,43.21568046035387,42.6960510736572,42.86926086922276,236000
2022-10-13,42.65275192260742,42.78266010273586,42.52284374247898,42.78266010273586,260060
2022-10-14,42.782657623291016,42.782657623291016,42.6960510736572,42.6960510736572,71022
2022-10-17,42.52284622192383,42.782662597330216,42.34963970992283,42.782662597330216,219015
2022-10-18,42.739356994628906,42.78266192565172,42.5228455543244,42.60945211266764,51000
2022-10-19,42.739356994628906,42.82596355297215,42.69605536730848,42.78266192565172,78000
2022-10-20,42.65275192260742,42.73935517355821,42.60945029713203,42.73935517355821,143000
2022-10-21,42.69605255126953,42.69605255126953,42.5661476778762,42.65275092680508,145199
2022-10-24,42.782657623291016,42.782657623291016,42.60944782772546,42.6960510736572,104000
2022-10-25,42.65275192260742,42.78266010273586,42.65275192260742,42.78266010273586,133000
2022-10-26,42.65275192260742,43.04247315929048,42.65275192260742,42.78266010273586,92000
2022-10-27,42.60944747924805,42.739352347083255,42.56614585663632,42.69605072447152,136000
2022-10-28,42.52284622192383,42.60945278162677,42.47954459392358,42.60945278162677,254000
2022-10-31,42.782657623291016,42.782657623291016,42.39293640919403,42.52284127809165,202209
2022-11-01,42.739356994628906,42.739356994628906,42.5228455543244,42.5228455543244,26000
2022-11-02,42.739356994628906,42.78266192565172,42.739356994628906,42.78266192565172,72000
2022-11-03,42.82596206665039,42.82596206665039,42.69605388549533,42.69605388549533,110000
2022-11-04,42.95586395263672,42.95586395263672,42.782657461428535,42.82595908423058,69000
2022-11-07,43.25898361206055,43.25898361206055,42.955865633183336,42.955865633183336,52002
2022-11-08,43.17238235473633,43.2589889180536,43.08577909512164,43.2589889180536,95000
2022-11-09,43.17238235473633,43.30229054786094,43.0424774653143,43.12908072492898,65000
2022-11-10,43.17238235473633,43.17238235473633,43.12908072492898,43.17238235473633,11000
2022-11-11,43.17238235473633,43.73531345333955,43.12908072492898,43.30229054786094,27000
2022-11-14,43.38888931274414,43.38888931274414,43.25898443677919,43.30228606210083,51000
2022-11-15,43.302284240722656,43.56209728542657,43.302284240722656,43.475494038425964,30000
2022-11-16,43.475494384765625,43.475494384765625,43.25898296183721,43.30228458568247,143000
2022-11-17,43.302284240722656,43.38888748772326,43.17237606651965,43.302284240722656,147000
2022-11-18,43.38888931274414,43.38888931274414,43.172377882433636,43.30228606210083,183000
2022-11-21,43.38888931274414,43.38888931274414,43.25898443677919,43.30228606210083,94203
2022-11-22,43.56209945678711,43.56209945678711,43.30228639913277,43.388889650450125,116000
2022-11-23,43.475494384765625,43.475494384765625,43.30228458568247,43.475494384765625,108000
2022-11-24,43.38888931274414,43.56209911773299,43.30228606210083,43.47549586708969,185000
2022-11-25,43.475494384765625,43.475494384765625,43.30228458568247,43.30228458568247,131198
2022-11-28,43.56209945678711,43.56209945678711,43.30228639913277,43.30228639913277,133000
2022-11-29,43.648704528808594,43.648704528808594,43.38888817627944,43.38888817627944,81000
2022-11-30,43.8219108581543,43.908517409900554,43.64870436206607,43.64870436206607,91000
2022-12-01,43.90851974487305,43.99512299752256,43.821913188521215,43.821913188521215,63315
2022-12-02,44.168331146240234,44.168331146240234,43.90851809435573,43.90851809435573,63070
2022-12-05,44.3415412902832,44.3415412902832,44.081728236397424,44.081728236397424,61000
2022-12-06,44.25493621826172,44.34154277492489,44.16833296530089,44.25493621826172,116019
2022-12-07,44.3415412902832,44.3415412902832,44.16833148645861,44.25493473651979,38000
2022-12-08,44.42814636230469,44.42814636230469,44.16833329776419,44.34154310869197,137007
2022-12-09,44.51475143432617,44.60135468504925,44.34154162917776,44.34154162917776,81395
2022-12-12,44.51475143432617,44.60135468504925,44.34154162917776,44.51475143432617,89000
2022-12-13,44.51475143432617,44.60135468504925,44.51475143432617,44.51475143432617,81000
2022-12-14,44.601356506347656,44.601356506347656,44.51475325208813,44.601356506347656,32021
2022-12-15,44.601356506347656,44.601356506347656,44.51475325208813,44.601356506347656,59000
2022-12-16,44.687957763671875,44.687957763671875,44.514751262892766,44.601354513282324,75000
2022-12-19,44.601356506347656,44.687959760607185,44.34154343986669,44.601356506347656,86000
2022-12-20,44.687957763671875,44.77456431776367,44.514751262892766,44.601354513282324,92000
2022-12-21,44.687957763671875,44.687957763671875,44.601354513282324,44.687957763671875,50000
2022-12-22,44.601356506347656,44.687959760607185,44.168333627645254,44.687959760607185,54000
2022-12-23,44.601356506347656,44.601356506347656,44.51475325208813,44.601356506347656,15000
2022-12-26,44.687957763671875,44.687957763671875,44.601354513282324,44.601354513282324,57010
2022-12-27,44.774566650390625,44.861169905291966,44.687960091786884,44.687960091786884,27000
2022-12-28,44.687957763671875,44.687957763671875,44.514751262892766,44.687957763671875,52000
2022-12-29,44.601356506347656,44.77456631856909,44.51475325208813,44.687959760607185,30000
2022-12-30,44.774566650390625,44.774566650390625,44.60135683688554,44.687960091786884,48002
2023-01-03,44.861167907714844,44.861167907714844,44.774564656669774,44.774564656669774,50000
2023-01-04,44.774566650390625,44.774566650390625,44.774566650390625,44.774566650390625,6000
2023-01-05,44.774566650390625,44.861169905291966,44.774566650390625,44.774566650390625,41000
2023-01-06,44.774566650390625,44.774566650390625,44.687960091786884,44.774566650390625,17000
2023-01-09,44.774566650390625,44.774566650390625,44.687960091786884,44.687960091786884,3130
2023-01-10,44.774566650390625,44.774566650390625,44.774566650390625,44.774566650390625,0
2023-01-11,44.861167907714844,44.861167907714844,44.774564656669774,44.774564656669774,7000
2023-01-12,44.861167907714844,44.861167907714844,44.774564656669774,44.774564656669774,24000
2023-01-13,44.861167907714844,44.861167907714844,44.774564656669774,44.774564656669774,11000
2023-01-16,44.861167907714844,44.861167907714844,44.68795810192244,44.774564656669774,25000
2023-01-17,44.861167907714844,44.861167907714844,44.774564656669774,44.774564656669774,8000
2023-01-30,44.94777297973633,44.94777297973633,44.774563179657726,44.86116642784595,37000
2023-01-31,44.94777297973633,44.94777297973633,44.774563179657726,44.86116642784595,27000
2023-02-01,44.861167907714844,44.94777446246218,44.861167907714844,44.94777446246218,23000
2023-02-02,44.861167907714844,44.861167907714844,44.774564656669774,44.774564656669774,8000
2023-02-03,44.861167907714844,44.861167907714844,44.774564656669774,44.774564656669774,16022
2023-02-06,44.774566650390625,44.774566650390625,44.774566650390625,44.774566650390625,23426
2023-02-07,44.861167907714844,44.861167907714844,44.774564656669774,44.774564656669774,4000
2023-02-08,44.774566650390625,44.774566650390625,44.687960091786884,44.774566650390625,41000
2023-02-09,44.774566650390625,44.774566650390625,44.687960091786884,44.774566650390625,43000
2023-02-10,44.861167907714844,44.861167907714844,44.68795810192244,44.774564656669774,57000
2023-02-13,44.861167907714844,44.861167907714844,44.774564656669774,44.774564656669774,19100
2023-02-14,44.861167907714844,44.861167907714844,44.774564656669774,44.861167907714844,20000
2023-02-15,44.861167907714844,44.861167907714844,44.774564656669774,44.774564656669774,75000
2023-02-16,44.861167907714844,44.861167907714844,44.68795810192244,44.774564656669774,122000
2023-02-17,44.861167907714844,44.861167907714844,44.68795810192244,44.774564656669774,54000
2023-02-20,44.94777297973633,44.94777297973633,44.774563179657726,44.774563179657726,69000
2023-02-21,44.94777297973633,44.94777297973633,44.86116642784595,44.86116642784595,62000
2023-02-22,45.03437423706055,45.03437423706055,44.861164444639144,44.861164444639144,90000
2023-02-23,45.03437423706055,45.03437423706055,44.947770992700846,44.947770992700846,40000
2023-02-24,45.12097930908203,45.12097930908203,44.947772813346766,44.947772813346766,53000
2023-03-01,45.207584381103516,45.207584381103516,45.034374587334895,45.12097783236819,37000
2023-03-02,45.207584381103516,45.207584381103516,45.12097783236819,45.12097783236819,16000
2023-03-03,45.207584381103516,45.207584381103516,45.034374587334895,45.034374587334895,10000
2023-03-06,45.207584381103516,45.207584381103516,45.034374587334895,45.12097783236819,91000
2023-03-07,45.207584381103516,45.207584381103516,45.034374587334895,45.034374587334895,3999
2023-03-08,45.207584381103516,45.207584381103516,45.034374587334895,45.12097783236819,80002
2023-03-09,45.12097930908203,45.207585860651804,44.861166261776994,45.12097930908203,81024
2023-03-10,45.12097930908203,45.12097930908203,45.034376061214395,45.034376061214395,30000
2023-03-13,45.12097930908203,45.12097930908203,44.947772813346766,44.947772813346766,14000
2023-03-14,45.207584381103516,45.207584381103516,45.12097783236819,45.12097783236819,27000
2023-03-15,45.207584381103516,45.207584381103516,45.12097783236819,45.207584381103516,21070
2023-03-16,45.12097930908203,45.12097930908203,45.034376061214395,45.12097930908203,28072
2023-03-17,45.207584381103516,45.207584381103516,45.12097783236819,45.207584381103516,24000
2023-03-20,45.207584381103516,45.207584381103516,45.034374587334895,45.034374587334895,67080
2023-03-21,45.207584381103516,45.207584381103516,45.034374587334895,45.034374587334895,33002
2023-03-22,45.207584381103516,45.207584381103516,45.034374587334895,45.12097783236819,60000
2023-03-23,45.294189453125,45.294189453125,45.12097965236978,45.20758620459847,26000
2023-03-24,45.12097930908203,45.29418910851944,45.034376061214395,45.12097930908203,87000
2023-03-27,45.12097930908203,45.12097930908203,45.12097930908203,45.12097930908203,2440
2023-03-28,45.12097930908203,45.12097930908203,44.947772813346766,45.034376061214395,105000
2023-03-29,45.12097930908203,45.12097930908203,45.034376061214395,45.034376061214395,34000
2023-03-30,45.294189453125,45.294189453125,45.034376403843254,45.12097965236978,154000
2023-03-31,45.207584381103516,45.207584381103516,45.207584381103516,45.207584381103516,1000
2023-04-06,45.12097930908203,45.207585860651804,45.034376061214395,45.207585860651804,81000
2023-04-07,45.03437423706055,45.03437423706055,44.947770992700846,45.03437423706055,47000
2023-04-10,45.03437423706055,45.03437423706055,44.861164444639144,45.03437423706055,34000
2023-04-11,44.94777297973633,44.94777297973633,44.774563179657726,44.94777297973633,105000
2023-04-12,44.94777297973633,44.94777297973633,44.86116642784595,44.86116642784595,63000
2023-04-13,44.861167907714844,44.94777446246218,44.861167907714844,44.861167907714844,95000
2023-04-14,44.861167907714844,44.861167907714844,44.774564656669774,44.861167907714844,95000
2023-04-17,44.774566650390625,44.861169905291966,44.774566650390625,44.861169905291966,55000
2023-04-18,44.861167907714844,44.861167907714844,44.774564656669774,44.774564656669774,56500
2023-04-19,45.207584381103516,45.207584381103516,44.774561548532986,44.774561548532986,60000
2023-04-20,45.12097930908203,45.207585860651804,45.12097930908203,45.12097930908203,64000
2023-04-21,45.207584381103516,45.380794174872136,45.12097783236819,45.29418762613681,214000
2023-04-24,45.55400085449219,45.55400085449219,45.38079436370488,45.38079436370488,157000
2023-04-25,45.380794525146484,45.46739777084823,45.29418797574268,45.46739777084823,182000
2023-04-26,45.46739959716797,45.46739959716797,45.294189795104984,45.38079634798757,31000
2023-04-27,45.46739959716797,45.46739959716797,45.46739959716797,45.46739959716797,17000
2023-04-28,45.46739959716797,45.46739959716797,45.38079634798757,45.46739959716797,26000
2023-05-02,45.380794525146484,45.46739777084823,45.380794525146484,45.380794525146484,56000
2023-05-03,45.46739959716797,45.46739959716797,45.38079634798757,45.38079634798757,108000
2023-05-04,45.46739959716797,45.46739959716797,45.294189795104984,45.46739959716797,127000
2023-05-05,45.380794525146484,45.380794525146484,45.29418797574268,45.380794525146484,174000
2023-05-08,45.294189453125,45.46739925388021,45.294189453125,45.46739925388021,63000
2023-05-09,45.380794525146484,45.380794525146484,45.29418797574268,45.29418797574268,46000
2023-05-10,45.46739959716797,45.46739959716797,45.294189795104984,45.294189795104984,24000
2023-05-11,45.46739959716797,45.46739959716797,45.294189795104984,45.46739959716797,20002
2023-05-12,45.380794525146484,45.380794525146484,45.380794525146484,45.380794525146484,19000
2023-05-15,45.380794525146484,45.380794525146484,45.29418797574268,45.29418797574268,10065
2023-05-16,45.380794525146484,45.380794525146484,45.29418797574268,45.380794525146484,52000
2023-05-17,45.294189453125,45.38079600535369,45.294189453125,45.38079600535369,129000
2023-05-18,45.380794525146484,45.380794525146484,45.29418797574268,45.29418797574268,80000
2023-05-19,45.380794525146484,45.380794525146484,45.29418797574268,45.29418797574268,92000
2023-05-22,45.294189453125,45.38079600535369,45.20758620459847,45.38079600535369,80000
2023-05-23,45.294189453125,45.294189453125,45.20758620459847,45.294189453125,30000
2023-05-24,45.380794525146484,45.380794525146484,45.29418797574268,45.29418797574268,73000
2023-05-25,45.294189453125,45.294189453125,45.294189453125,45.294189453125,27000
2023-05-26,45.207584381103516,45.29418762613681,45.207584381103516,45.29418762613681,75000
2023-05-29,45.294189453125,45.294189453125,45.12097965236978,45.20758620459847,65440
2023-05-30,45.207584381103516,45.29418762613681,45.207584381103516,45.207584381103516,28000
2023-05-31,45.294189453125,45.294189453125,45.12097965236978,45.20758620459847,16000
2023-06-01,45.294189453125,45.294189453125,45.20758620459847,45.20758620459847,13000
2023-06-02,45.294189453125,45.38079600535369,45.20758620459847,45.294189453125,39000
2023-06-05,45.294189453125,45.294189453125,45.20758620459847,45.294189453125,89000
2023-06-06,45.380794525146484,45.46739777084823,45.29418797574268,45.380794525146484,70000
2023-06-07,45.380794525146484,45.380794525146484,45.380794525146484,45.380794525146484,63000
2023-06-08,45.380794525146484,45.380794525146484,45.29418797574268,45.380794525146484,30000
2023-06-09,45.380794525146484,45.380794525146484,45.29418797574268,45.380794525146484,34000
2023-06-12,45.380794525146484,45.46739777084823,45.29418797574268,45.46739777084823,20000
2023-06-13,45.380794525146484,45.380794525146484,45.29418797574268,45.380794525146484,8000
2023-06-14,45.294189453125,45.38079600535369,45.294189453125,45.38079600535369,119000
2023-06-15,45.294189453125,45.38079600535369,45.20758620459847,45.294189453125,57000
2023-06-16,45.380794525146484,45.380794525146484,45.29418797574268,45.380794525146484,79000
2023-06-19,45.46739959716797,45.727212648411346,45.38079634798757,45.38079634798757,367000
2023-06-20,45.46739959716797,45.727212648411346,45.46739959716797,45.64060939923095,126003
2023-06-21,45.46739959716797,45.55400284634836,45.38079634798757,45.55400284634836,52000
2023-06-26,45.46739959716797,45.55400284634836,45.38079634798757,45.55400284634836,122000
2023-06-27,45.55400085449219,45.55400085449219,45.46739760909853,45.55400085449219,22000
2023-06-28,45.64060974121094,45.64060974121094,45.46739993785011,45.55400318767942,67000
2023-06-29,45.64060974121094,45.72721299104024,45.55400318767942,45.64060974121094,159000
2023-06-30,45.64060974121094,45.64060974121094,45.55400318767942,45.64060974121094,96000
2023-07-03,45.64060974121094,45.72721299104024,45.46739993785011,45.72721299104024,312004
2023-07-04,46.00355911254883,46.00355911254883,45.73134939996194,45.82208481704614,265000
2023-07-05,46.09429168701172,46.09429168701172,45.9128174027005,46.003556275523145,226000
2023-07-06,46.18503189086914,46.18503189086914,46.09429301543143,46.09429301543143,92397
2023-07-07,46.18503189086914,46.18503189086914,46.09429301543143,46.09429301543143,110000
2023-07-10,46.18503189086914,46.18503189086914,46.09429301543143,46.09429301543143,63000
2023-07-11,46.18503189086914,46.18503189086914,46.09429301543143,46.18503189086914,90000
2023-07-12,46.2757682800293,46.2757682800293,46.0942939866643,46.18503286401392,45000
2023-07-13,46.18503189086914,46.18503189086914,46.09429301543143,46.18503189086914,112000
2023-07-14,46.18503189086914,46.18503189086914,46.09429301543143,46.18503189086914,92000
2023-07-17,46.18503189086914,46.18503189086914,46.09429301543143,46.18503189086914,32000
2023-07-18,46.18503189086914,46.18503189086914,46.09429301543143,46.18503189086914,61000
2023-07-19,46.09429168701172,46.18503055983437,46.09429168701172,46.18503055983437,50000
2023-07-20,46.2757682800293,46.2757682800293,46.18503286401392,46.18503286401392,39000
2023-07-21,46.2757682800293,46.2757682800293,46.18503286401392,46.18503286401392,31000
2023-07-24,46.36650466918945,46.36650466918945,46.275769251269715,46.275769251269715,37000
2023-07-25,46.36650466918945,46.457243548443515,46.36650466918945,46.36650466918945,73000
2023-07-26,46.45724105834961,46.54797647140596,46.36650218395912,46.54797647140596,80000
2023-07-27,46.45724105834961,46.45724105834961,46.36650218395912,46.45724105834961,47000
2023-07-28,46.547977447509766,46.547977447509766,46.366503156257444,46.45724203255071,58000
2023-07-31,46.547977447509766,46.547977447509766,46.45724203255071,46.45724203255071,81000
2023-08-01,46.547977447509766,46.547977447509766,46.45724203255071,46.45724203255071,9000
2023-08-02,46.547977447509766,46.547977447509766,46.45724203255071,46.45724203255071,39000
2023-08-04,46.45724105834961,46.45724105834961,46.36650218395912,46.45724105834961,43004
2023-08-07,46.547977447509766,46.547977447509766,46.45724203255071,46.45724203255071,30365
2023-08-08,46.547977447509766,46.547977447509766,46.45724203255071,46.45724203255071,30000
2023-08-09,46.547977447509766,46.547977447509766,46.45724203255071,46.547977447509766,36000
2023-08-10,46.63871765136719,46.63871765136719,46.45724335494923,46.45724335494923,41000
2023-08-11,46.63871765136719,46.63871765136719,46.54797877249106,46.54797877249106,23000
2023-08-14,46.63871765136719,46.63871765136719,46.45724335494923,46.54797877249106,54100
2023-08-15,46.547977447509766,46.63871632380303,46.547977447509766,46.547977447509766,25000
2023-08-16,46.547977447509766,46.547977447509766,46.45724203255071,46.547977447509766,25087
2023-08-17,46.547977447509766,46.547977447509766,46.45724203255071,46.547977447509766,50000
2023-08-18,46.63871765136719,46.63871765136719,46.45724335494923,46.54797877249106,54000
2023-08-21,46.63871765136719,46.63871765136719,46.54797877249106,46.63871765136719,57045
2023-08-22,46.63871765136719,46.63871765136719,46.54797877249106,46.54797877249106,13078
2023-08-23,46.72945022583008,46.72945022583008,46.547975940453235,46.638714813808704,46000
2023-08-24,46.820186614990234,46.820186614990234,46.638715787160194,46.638715787160194,134000
2023-08-25,46.820186614990234,46.820186614990234,46.729451201075214,46.729451201075214,152000
2023-08-28,46.820186614990234,46.820186614990234,46.729451201075214,46.820186614990234,66000
2023-08-29,46.820186614990234,46.820186614990234,46.729451201075214,46.820186614990234,11347
2023-08-30,46.820186614990234,46.91092549023943,46.820186614990234,46.91092549023943,25000
2023-08-31,46.820186614990234,46.820186614990234,46.729451201075214,46.820186614990234,21004
2023-09-01,46.910926818847656,46.910926818847656,46.72945252454374,46.820187941028564,92000
2023-09-04,46.910926818847656,46.910926818847656,46.820187941028564,46.820187941028564,29000
2023-09-05,46.910926818847656,46.910926818847656,46.820187941028564,46.910926818847656,18000
2023-09-06,47.00166320800781,47.00166320800781,46.82018890994838,46.82018890994838,31000
2023-09-07,46.910926818847656,46.910926818847656,46.910926818847656,46.910926818847656,4000
2023-09-08,46.910926818847656,46.910926818847656,46.820187941028564,46.910926818847656,9000
2023-09-11,47.00166320800781,47.00166320800781,46.82018890994838,46.82018890994838,20000
2023-09-12,47.00166320800781,47.00166320800781,46.910927789645264,47.00166320800781,7000
2023-09-13,47.00166320800781,47.00166320800781,46.910927789645264,46.910927789645264,4000
2023-09-14,47.00166320800781,47.00166320800781,46.910927789645264,46.910927789645264,65000
2023-09-15,46.910926818847656,46.910926818847656,46.910926818847656,46.910926818847656,5099
2023-09-18,46.910926818847656,46.910926818847656,46.910926818847656,46.910926818847656,21000
2023-09-19,46.910926818847656,46.910926818847656,46.910926818847656,46.910926818847656,41000
2023-09-20,47.00166320800781,47.00166320800781,46.910927789645264,46.910927789645264,13000
2023-09-21,46.910926818847656,46.910926818847656,46.820187941028564,46.910926818847656,31000
2023-09-22,46.910926818847656,46.910926818847656,46.72945252454374,46.820187941028564,60061
2023-09-25,46.910926818847656,46.910926818847656,46.72945252454374,46.910926818847656,143000
2023-09-26,46.820186614990234,46.820186614990234,46.729451201075214,46.820186614990234,18000
2023-09-27,46.547977447509766,46.729451738762094,46.45724203255071,46.729451738762094,174000
2023-09-28,46.820186614990234,46.820186614990234,46.547976911911,46.547976911911,31000
2023-10-02,46.820186614990234,46.820186614990234,46.547976911911,46.820186614990234,13000
2023-10-03,46.72945022583008,46.72945022583008,46.638714813808704,46.638714813808704,23004
2023-10-04,46.2757682800293,46.63871686675931,46.18503286401392,46.4572425733943,598000
2023-10-05,46.63871765136719,46.63871765136719,46.36650447607309,46.36650447607309,10000
2023-10-06,46.547977447509766,46.547977447509766,46.45724203255071,46.45724203255071,26000
2023-10-11,46.45724105834961,46.45724105834961,46.36650218395912,46.45724105834961,57000
2023-10-12,46.36650466918945,46.36650466918945,46.275769251269715,46.36650466918945,69200
2023-10-13,46.36650466918945,46.36650466918945,46.18503383334997,46.275769251269715,56098
2023-10-16,46.36650466918945,46.36650466918945,46.275769251269715,46.275769251269715,64100
2023-10-17,46.09429168701172,46.36650138281151,46.003556275523145,46.36650138281151,114000
2023-10-18,46.18503189086914,46.18503189086914,46.09429301543143,46.09429301543143,111300
2023-10-19,46.09429168701172,46.18503055983437,46.003556275523145,46.18503055983437,74000
2023-10-20,46.09429168701172,46.09429168701172,45.9128174027005,46.003556275523145,74000
2023-10-23,46.09429168701172,46.09429168701172,45.9128174027005,46.003556275523145,73000
2023-10-24,46.09429168701172,46.09429168701172,46.09429168701172,46.09429168701172,16500
2023-10-25,46.09429168701172,46.27576597132294,46.003556275523145,46.09429168701172,87500
2023-10-26,46.09429168701172,46.09429168701172,46.003556275523145,46.003556275523145,9147
2023-10-27,46.09429168701172,46.09429168701172,45.9128174027005,46.003556275523145,61000
2023-10-30,46.09429168701172,46.09429168701172,46.003556275523145,46.09429168701172,4000
2023-10-31,46.09429168701172,46.09429168701172,46.003556275523145,46.003556275523145,48000
2023-11-01,46.09429168701172,46.09429168701172,46.003556275523145,46.09429168701172,18000
2023-11-02,46.09429168701172,46.18503055983437,46.003556275523145,46.003556275523145,35000
2023-11-03,46.09429168701172,46.27576597132294,46.09429168701172,46.09429168701172,55000
2023-11-06,46.09429168701172,46.18503055983437,46.09429168701172,46.09429168701172,49023
2023-11-07,46.36650466918945,46.36650466918945,46.18503383334997,46.18503383334997,49282
2023-11-08,46.45724105834961,46.45724105834961,46.18503135784642,46.18503135784642,79000
2023-11-09,46.36650466918945,46.457243548443515,46.275769251269715,46.275769251269715,25000
2023-11-10,46.2757682800293,46.4572425733943,46.2757682800293,46.4572425733943,58000
2023-11-13,46.45724105834961,46.45724105834961,46.27576677090277,46.27576677090277,40000
2023-11-14,46.18503189086914,46.3665027190762,46.18503189086914,46.275767304972675,109299
2023-11-15,46.36650466918945,46.36650466918945,46.275769251269715,46.36650466918945,70000
2023-11-16,46.36650466918945,46.36650466918945,46.18503383334997,46.275769251269715,142000
2023-11-17,46.2757682800293,46.2757682800293,46.18503286401392,46.18503286401392,68000
2023-11-20,46.2757682800293,46.2757682800293,46.18503286401392,46.2757682800293,118000
2023-11-21,46.2757682800293,46.2757682800293,46.18503286401392,46.2757682800293,60000
2023-11-22,46.18503189086914,46.275767304972675,46.18503189086914,46.275767304972675,69000
2023-11-23,46.18503189086914,46.275767304972675,46.18503189086914,46.275767304972675,77289
2023-11-24,46.36650466918945,46.36650466918945,46.18503383334997,46.275769251269715,33000
2023-11-27,46.2757682800293,46.2757682800293,46.2757682800293,46.2757682800293,42000
2023-11-28,46.36650466918945,46.36650466918945,46.18503383334997,46.18503383334997,66000
2023-11-29,46.45724105834961,46.45724105834961,46.27576677090277,46.36650218395912,69000
2023-11-30,46.36650466918945,46.36650466918945,46.275769251269715,46.275769251269715,120000
2023-12-01,46.45724105834961,46.45724105834961,46.36650218395912,46.36650218395912,135000
2023-12-04,46.45724105834961,46.45724105834961,46.36650218395912,46.45724105834961,63000
2023-12-05,46.45724105834961,46.45724105834961,46.36650218395912,46.45724105834961,65000
2023-12-06,46.547977447509766,46.547977447509766,46.366503156257444,46.45724203255071,203099
2023-12-07,46.72945022583008,46.72945022583008,46.547975940453235,46.547975940453235,48000
2023-12-08,46.72945022583008,46.820185637851445,46.547975940453235,46.820185637851445,89000
2023-12-11,46.63871765136719,46.63871765136719,46.45724335494923,46.54797877249106,157000
2023-12-12,46.547977447509766,46.63871632380303,46.27576774129838,46.63871632380303,354000
2023-12-13,46.547977447509766,46.547977447509766,46.27576774129838,46.366503156257444,185065
2023-12-14,46.547977447509766,46.547977447509766,46.27576774129838,46.45724203255071,131042
2023-12-15,46.2757682800293,46.4572425733943,46.2757682800293,46.366503696044674,278647
2023-12-18,46.36650466918945,46.457243548443515,46.36650466918945,46.36650466918945,164050
2023-12-19,46.36650466918945,46.36650466918945,46.275769251269715,46.36650466918945,124000
2023-12-20,46.45724105834961,46.45724105834961,46.27576677090277,46.36650218395912,170000
2023-12-21,46.36650466918945,46.457243548443515,46.275769251269715,46.457243548443515,65000
2023-12-22,46.36650466918945,46.457243548443515,46.36650466918945,46.36650466918945,57432
2023-12-25,46.36650466918945,46.36650466918945,46.275769251269715,46.275769251269715,321000
2023-12-26,46.36650466918945,46.36650466918945,46.275769251269715,46.275769251269715,215000
2023-12-27,46.36650466918945,46.36650466918945,46.18503383334997,46.275769251269715,418000
2023-12-28,46.45724105834961,46.45724105834961,46.36650218395912,46.36650218395912,37000
2023-12-29,46.547977447509766,46.547977447509766,46.366503156257444,46.366503156257444,21000
2024-01-02,46.63871765136719,46.63871765136719,46.54797877249106,46.54797877249106,10000
2024-01-03,46.63871765136719,46.63871765136719,46.54797877249106,46.54797877249106,17000
2024-01-04,46.547977447509766,46.63871632380303,46.547977447509766,46.63871632380303,51000
2024-01-05,46.547977447509766,46.547977447509766,46.547977447509766,46.547977447509766,32000
2024-01-08,46.63871765136719,46.63871765136719,46.54797877249106,46.54797877249106,46000
2024-01-09,46.63871765136719,46.63871765136719,46.54797877249106,46.54797877249106,55104
2024-01-10,46.63871765136719,46.63871765136719,46.54797877249106,46.54797877249106,53000
2024-01-11,46.72945022583008,46.72945022583008,46.547975940453235,46.638714813808704,31000
2024-01-12,46.63871765136719,46.63871765136719,46.63871765136719,46.63871765136719,9000
2024-01-15,46.72945022583008,46.72945022583008,46.638714813808704,46.638714813808704,10000
2024-01-16,46.910926818847656,46.910926818847656,46.820187941028564,46.820187941028564,46000
2024-01-17,46.910926818847656,47.00166223533248,46.820187941028564,46.820187941028564,111000
2024-01-18,47.00166320800781,47.00166320800781,46.910927789645264,46.910927789645264,58000
2024-01-19,47.09239959716797,47.09239959716797,47.00166072226992,47.00166072226992,76000
2024-01-22,47.183135986328125,47.27387140176815,47.001661694113864,47.001661694113864,73000
2024-01-23,47.27387237548828,47.27387237548828,47.09240154087041,47.18313695817935,81000
2024-01-24,47.36460876464844,47.36460876464844,47.18313447823456,47.18313447823456,14030
2024-01-25,47.27387237548828,47.27387237548828,47.27387237548828,47.27387237548828,8000
2024-01-26,47.27387237548828,47.27387237548828,47.18313695817935,47.18313695817935,26100
2024-01-29,47.27387237548828,47.27387237548828,47.18313695817935,47.18313695817935,27000
2024-01-30,47.36460876464844,47.36460876464844,47.18313447823456,47.18313447823456,16000
2024-01-31,47.36460876464844,47.36460876464844,47.18313447823456,47.27386989077444,29000
2024-02-01,47.36460876464844,47.36460876464844,47.18313447823456,47.27386989077444,13000
2024-02-02,47.36460876464844,47.36460876464844,47.18313447823456,47.27386989077444,12000
2024-02-05,47.36460876464844,47.36460876464844,47.18313447823456,47.27386989077444,43000
2024-02-15,47.27387237548828,47.27387237548828,47.18313695817935,47.27387237548828,94000
2024-02-16,47.183135986328125,47.27387140176815,47.183135986328125,47.183135986328125,90260
2024-02-19,47.27387237548828,47.27387237548828,47.18313695817935,47.18313695817935,113000
2024-02-20,47.36460876464844,47.36460876464844,47.27386989077444,47.27386989077444,51474
2024-02-21,47.36460876464844,47.36460876464844,47.27386989077444,47.27386989077444,56000
2024-02-22,47.36460876464844,47.36460876464844,47.18313447823456,47.27386989077444,108118
2024-02-23,47.36460876464844,47.36460876464844,47.27386989077444,47.27386989077444,20000
2024-02-26,47.36460876464844,47.36460876464844,47.09239906569468,47.18313447823456,183000
2024-02-27,47.36460876464844,47.36460876464844,47.18313447823456,47.18313447823456,103000
2024-02-29,47.36460876464844,47.36460876464844,47.18313447823456,47.27386989077444,62000
2024-03-01,47.27387237548828,47.27387237548828,47.18313695817935,47.27387237548828,49000
2024-03-04,47.36460876464844,47.36460876464844,47.18313447823456,47.27386989077444,142000
2024-03-05,47.36460876464844,47.36460876464844,47.18313447823456,47.27386989077444,93004
2024-03-06,47.36460876464844,47.36460876464844,47.27386989077444,47.27386989077444,100000
2024-03-07,47.36460876464844,47.36460876464844,47.27386989077444,47.27386989077444,129000
2024-03-08,47.36460876464844,47.36460876464844,47.27386989077444,47.36460876464844,80000
2024-03-11,47.455345153808594,47.455345153808594,47.273870863660015,47.3646097394014,42000
2024-03-12,47.546085357666016,47.546085357666016,47.364611062448276,47.45534647939,106000
2024-03-13,47.636817932128906,47.636817932128906,47.455343647739696,47.546082520601345,30832
2024-03-14,47.636817932128906,47.636817932128906,47.546082520601345,47.546082520601345,33000
2024-03-15,47.636817932128906,47.636817932128906,47.455343647739696,47.636817932128906,92000
2024-03-18,47.636817932128906,47.636817932128906,47.455343647739696,47.546082520601345,54560
2024-03-19,47.636817932128906,47.636817932128906,47.546082520601345,47.636817932128906,23000
2024-03-20,47.546085357666016,47.546085357666016,47.546085357666016,47.546085357666016,13026
2024-03-21,47.636817932128906,47.636817932128906,47.546082520601345,47.546082520601345,16000
2024-03-22,47.636817932128906,47.636817932128906,47.546082520601345,47.636817932128906,14000
2024-03-25,47.72755432128906,47.72755432128906,47.54608349451675,47.54608349451675,72000
2024-03-26,47.72755432128906,47.72755432128906,47.63681890790291,47.63681890790291,33000
2024-03-27,47.72755432128906,47.72755432128906,47.63681890790291,47.63681890790291,72000
2024-03-28,47.72755432128906,47.72755432128906,47.63681890790291,47.63681890790291,29000
2024-03-29,47.72755432128906,47.72755432128906,47.63681890790291,47.72755432128906,34000
2024-04-01,47.72755432128906,47.72755432128906,47.63681890790291,47.63681890790291,25000
2024-04-02,47.818294525146484,47.818294525146484,47.72755564790404,47.72755564790404,21000
2024-04-03,47.90903091430664,47.90903091430664,47.81829549655519,47.81829549655519,43000
2024-04-08,47.9997673034668,47.9997673034668,47.909028429087996,47.909028429087996,41159
2024-04-09,48.09050369262695,48.09050369262695,47.90902940152001,47.90902940152001,83122
2024-04-10,48.18124008178711,48.18124008178711,47.99976924834485,47.99976924834485,93000
2024-04-11,48.271976470947266,48.271976470947266,48.18123759757034,48.18123759757034,107000
2024-04-12,48.18124008178711,48.18124008178711,48.18124008178711,48.18124008178711,93019
2024-04-15,48.271976470947266,48.271976470947266,48.18123759757034,48.18123759757034,62000
2024-04-16,48.18124008178711,48.18124008178711,48.09050466506598,48.18124008178711,73000
2024-04-17,48.271976470947266,48.271976470947266,47.99976677348469,48.18123759757034,124000
2024-04-18,48.36271286010742,48.36271286010742,48.090503157145136,48.181238571021176,132000
2024-04-19,48.271976470947266,48.36271188299009,48.09050218552751,48.18123759757034,158050
2024-04-22,48.36271286010742,48.36271286010742,48.27197744623138,48.27197744623138,13000
2024-04-23,48.453453063964844,48.453453063964844,48.36271418626647,48.36271418626647,213000
2024-04-24,48.544189453125,48.544189453125,48.362715155425896,48.362715155425896,76050
2024-04-25,48.544189453125,48.544189453125,48.45345403494262,48.45345403494262,176000
2024-04-26,48.544189453125,48.544189453125,48.362715155425896,48.544189453125,184030
2024-04-29,48.544189453125,48.63492487130739,48.544189453125,48.544189453125,137000
2024-04-30,48.544189453125,48.544189453125,48.45345403494262,48.544189453125,28000
2024-05-02,48.544189453125,48.544189453125,48.45345403494262,48.45345403494262,13000
2024-05-03,48.544189453125,48.544189453125,48.544189453125,48.544189453125,19013
2024-05-06,48.544189453125,48.544189453125,48.45345403494262,48.45345403494262,51050
2024-05-07,48.544189453125,48.544189453125,48.362715155425896,48.45345403494262,27039
2024-05-08,48.544189453125,48.544189453125,48.45345403494262,48.45345403494262,5000
2024-05-09,48.453453063964844,48.453453063964844,48.36271418626647,48.453453063964844,127000
2024-05-10,48.453453063964844,48.453453063964844,48.36271418626647,48.453453063964844,23000
2024-05-13,48.453453063964844,48.453453063964844,48.453453063964844,48.453453063964844,16000
2024-05-14,48.544189453125,48.544189453125,48.45345403494262,48.45345403494262,12050
2024-05-15,48.453453063964844,48.54418848032895,48.36271418626647,48.453453063964844,38000
2024-05-16,48.453453063964844,48.453453063964844,48.453453063964844,48.453453063964844,21000
2024-05-17,48.453453063964844,48.453453063964844,48.36271418626647,48.453453063964844,16377
2024-05-20,48.453453063964844,48.453453063964844,48.453453063964844,48.453453063964844,57000
2024-05-21,48.453453063964844,48.453453063964844,48.36271418626647,48.453453063964844,31000
2024-05-22,48.453453063964844,48.54418848032895,48.453453063964844,48.453453063964844,122000
2024-05-23,48.544189453125,48.544189453125,48.45345403494262,48.45345403494262,4000
2024-05-24,48.544189453125,48.544189453125,48.544189453125,48.544189453125,0
2024-05-27,48.544189453125,48.544189453125,48.45345403494262,48.45345403494262,69050
2024-05-28,48.453453063964844,48.453453063964844,48.36271418626647,48.453453063964844,69000
2024-05-29,48.453453063964844,48.453453063964844,48.36271418626647,48.453453063964844,19000
2024-05-30,48.453453063964844,48.453453063964844,48.36271418626647,48.36271418626647,112000
2024-05-31,48.453453063964844,48.453453063964844,48.453453063964844,48.453453063964844,254000
2024-06-03,48.36271286010742,48.45345173531763,48.36271286010742,48.45345173531763,36000
2024-06-04,48.36271286010742,48.36271286010742,48.36271286010742,48.36271286010742,66228
2024-06-05,48.453453063964844,48.453453063964844,48.36271418626647,48.453453063964844,21000
2024-06-06,48.453453063964844,48.453453063964844,48.36271418626647,48.36271418626647,25000
2024-06-07,48.453453063964844,48.453453063964844,48.36271418626647,48.36271418626647,39000
2024-06-11,48.453453063964844,48.453453063964844,48.36271418626647,48.453453063964844,44000
2024-06-12,48.36271286010742,48.45345173531763,48.36271286010742,48.36271286010742,64000
2024-06-13,48.453453063964844,48.453453063964844,48.27197876990237,48.27197876990237,104000
2024-06-14,48.36271286010742,48.45345173531763,48.27197744623138,48.36271286010742,152000
2024-06-17,48.453453063964844,48.453453063964844,48.36271418626647,48.36271418626647,4000
2024-06-18,48.453453063964844,48.453453063964844,48.36271418626647,48.453453063964844,34000
2024-06-19,48.544189453125,48.544189453125,48.362715155425896,48.45345403494262,29600
2024-06-20,48.63492202758789,48.63492202758789,48.362712327622695,48.45345120183384,54000
2024-06-21,48.544189453125,48.544189453125,48.45345403494262,48.544189453125,50000
2024-06-24,48.63492202758789,48.63492202758789,48.45345120183384,48.45345120183384,82000
2024-06-25,48.63492202758789,48.63492202758789,48.54418661471087,48.63492202758789,20070
2024-06-26,48.63492202758789,48.63492202758789,48.54418661471087,48.54418661471087,81000
2024-06-27,48.271976470947266,48.544186168409844,48.271976470947266,48.544186168409844,240187
2024-06-28,48.36271286010742,48.54418714919367,48.27197744623138,48.27197744623138,88050
2024-07-01,48.453453063964844,48.453453063964844,48.453453063964844,48.453453063964844,161148
2024-07-02,48.453453063964844,48.54418848032895,48.453453063964844,48.453453063964844,130000
2024-07-03,48.544189453125,48.544189453125,48.45345403494262,48.45345403494262,266088
2024-07-04,48.81639862060547,48.81639862060547,48.544188907781965,48.544188907781965,422097
2024-07-05,49.06336212158203,49.06336212158203,48.8728240661123,48.96809491095273,229872
2024-07-08,49.06336212158203,49.06336212158203,48.96809491095273,49.06336212158203,256000
2024-07-09,49.06336212158203,49.06336212158203,48.96809491095273,49.06336212158203,58000
2024-07-10,49.06336212158203,49.06336212158203,48.8728240661123,49.06336212158203,227000
2024-07-11,48.96809387207031,49.06336108067847,48.8728230292511,49.06336108067847,68186
2024-07-12,48.87282180786133,48.87282180786133,48.68228376119573,48.87282180786133,435050
2024-07-15,48.87282180786133,48.87282180786133,48.87282180786133,48.87282180786133,50000
2024-07-16,48.96809387207031,48.96809387207031,48.8728230292511,48.96809387207031,35000
2024-07-17,49.06336212158203,49.06336212158203,48.8728240661123,48.8728240661123,116000
2024-07-18,49.06336212158203,49.06336212158203,48.8728240661123,48.96809491095273,64000
2024-07-19,49.06336212158203,49.06336212158203,48.8728240661123,48.96809491095273,59000
2024-07-22,49.06336212158203,49.06336212158203,48.8728240661123,48.96809491095273,178000
2024-07-23,49.158626556396484,49.158626556396484,48.9680921458967,49.063359351146595,128000
2024-07-26,49.06336212158203,49.06336212158203,48.96809491095273,49.06336212158203,48000
2024-07-29,49.158626556396484,49.158626556396484,48.9680921458967,48.9680921458967,41050
2024-07-30,49.25389862060547,49.25389862060547,49.158627778775646,49.158627778775646,89050
2024-07-31,49.34916687011719,49.34916687011719,49.15862881664578,49.15862881664578,126000
2024-08-01,49.444435119628906,49.444435119628906,49.34916428078648,49.34916428078648,110000
2024-08-02,49.444435119628906,49.53970232426043,49.444435119628906,49.444435119628906,237115
2024-08-05,49.25389862060547,49.44443667005411,49.063360571156835,49.44443667005411,390000
2024-08-06,49.34916687011719,49.34916687011719,49.06336160701563,49.06336160701563,87000
2024-08-07,49.34916687011719,49.34916687011719,49.25389966048703,49.34916687011719,56000
2024-08-08,49.34916687011719,49.34916687011719,49.25389966048703,49.25389966048703,36000
2024-08-09,49.444435119628906,49.444435119628906,49.253897076154956,49.34916428078648,38000
2024-08-12,49.539703369140625,49.539703369140625,49.34916532164789,49.44443616249975,48096
2024-08-13,49.73023986816406,49.73023986816406,49.44443462292967,49.44443462292967,66000
2024-08-14,49.73023986816406,49.73023986816406,49.53970182660418,49.53970182660418,19000
2024-08-15,49.539703369140625,49.63497057578151,49.539703369140625,49.539703369140625,84000
2024-08-16,49.634971618652344,49.634971618652344,49.539704410009826,49.539704410009826,34000
2024-08-19,49.73023986816406,49.73023986816406,49.63496903027869,49.63496903027869,77000
2024-08-20,49.73023986816406,49.73023986816406,49.53970182660418,49.53970182660418,30000
2024-08-21,49.82550811767578,49.82550811767578,49.63497007211651,49.73024091200161,73050
2024-08-22,49.920780181884766,50.111314597906016,49.82550933966311,49.82550933966311,60050
2024-08-23,50.016048431396484,50.016048431396484,49.825510377196565,49.825510377196565,168050
2024-08-26,50.016048431396484,50.016048431396484,49.92078122140208,49.92078122140208,69004
2024-08-27,50.016048431396484,50.016048431396484,49.825510377196565,50.016048431396484,119000
2024-08-28,49.920780181884766,50.01604738989539,49.82550933966311,49.920780181884766,176000
2024-08-29,49.920780181884766,49.920780181884766,49.82550933966311,49.920780181884766,96000
2024-08-30,49.82550811767578,49.92077895756089,49.73024091200161,49.92077895756089,81000
2024-09-02,49.634971618652344,49.73024246150592,49.634971618652344,49.73024246150592,87000
2024-09-03,49.73023986816406,49.73023986816406,49.53970182660418,49.63496903027869,169000
2024-09-04,49.73023986816406,49.73023986816406,49.53970182660418,49.63496903027869,83000
2024-09-05,49.82550811767578,49.82550811767578,49.63497007211651,49.73024091200161,89000
2024-09-06,49.73023986816406,49.73023986816406,49.63496903027869,49.73023986816406,31000
2024-09-09,49.634971618652344,49.73024246150592,49.539704410009826,49.634971618652344,201000
2024-09-10,49.73023986816406,49.73023986816406,49.53970182660418,49.63496903027869,25000
2024-09-11,49.82550811767578,49.92077895756089,49.73024091200161,49.73024091200161,76000
2024-09-12,49.73023986816406,49.82550707183857,49.53970182660418,49.82550707183857,151000
2024-09-13,49.82550811767578,49.82550811767578,49.63497007211651,49.73024091200161,23000
2024-09-16,49.82550811767578,49.82550811767578,49.73024091200161,49.73024091200161,125000
2024-09-18,49.82550811767578,49.82550811767578,49.53970286644234,49.82550811767578,102000
2024-09-19,49.73023986816406,49.82550707183857,49.53970182660418,49.82550707183857,301000
2024-09-20,49.634971618652344,49.73024246150592,49.634971618652344,49.634971618652344,90050
2024-09-23,49.73023986816406,49.73023986816406,49.63496903027869,49.63496903027869,296000
2024-09-24,49.73023986816406,49.73023986816406,49.63496903027869,49.73023986816406,47000
2024-09-25,49.73023986816406,49.73023986816406,49.63496903027869,49.63496903027869,103000
2024-09-26,49.73023986816406,49.73023986816406,49.63496903027869,49.63496903027869,165000
2024-09-27,49.920780181884766,50.111314597906016,49.73024213165248,49.73024213165248,153000
2024-09-30,49.920780181884766,49.920780181884766,49.82550933966311,49.82550933966311,55050
2024-10-01,49.920780181884766,49.920780181884766,49.82550933966311,49.920780181884766,14050
2024-10-04,49.920780181884766,50.01604738989539,49.82550933966311,50.01604738989539,22000
2024-10-07,50.016048431396484,50.016048431396484,49.92078122140208,49.92078122140208,71050
2024-10-08,49.920780181884766,50.01604738989539,49.920780181884766,50.01604738989539,70000
2024-10-09,49.920780181884766,49.920780181884766,49.920780181884766,49.920780181884766,5000
2024-10-11,49.920780181884766,49.920780181884766,49.82550933966311,49.82550933966311,87000
2024-10-14,50.016048431396484,50.016048431396484,49.825510377196565,49.92078122140208,28865
2024-10-15,50.016048431396484,50.016048431396484,50.016048431396484,50.016048431396484,0
2024-10-16,50.016048431396484,50.016048431396484,49.92078122140208,49.92078122140208,140066
2024-10-17,50.016048431396484,50.016048431396484,49.825510377196565,50.016048431396484,30000
2024-10-18,50.11131286621094,50.11131286621094,49.92077845677398,49.92077845677398,118050
2024-10-21,50.11131286621094,50.11131286621094,50.016045661492456,50.11131286621094,5000
2024-10-22,50.11131286621094,50.11131286621094,49.92077845677398,50.016045661492456,58050
2024-10-23,50.016048431396484,50.016048431396484,49.92078122140208,50.016048431396484,47000
2024-10-24,50.016048431396484,50.016048431396484,49.92078122140208,49.92078122140208,28000
2024-10-25,50.11131286621094,50.11131286621094,49.92077845677398,49.92077845677398,12000
2024-10-28,49.920780181884766,50.01604738989539,49.920780181884766,50.01604738989539,34000
2024-10-29,50.016048431396484,50.016048431396484,49.92078122140208,50.016048431396484,14000
2024-10-30,50.016048431396484,50.016048431396484,49.92078122140208,49.92078122140208,14000
2024-11-01,50.016048431396484,50.016048431396484,49.825510377196565,49.92078122140208,33000
2024-11-04,50.016048431396484,50.016048431396484,49.92078122140208,49.92078122140208,34000
2024-11-05,50.016048431396484,50.016048431396484,49.92078122140208,49.92078122140208,34000
2024-11-06,50.016048431396484,50.016048431396484,49.92078122140208,49.92078122140208,28000
2024-11-07,50.016048431396484,50.016048431396484,49.92078122140208,49.92078122140208,17000
2024-11-08,50.11131286621094,50.11131286621094,50.016045661492456,50.016045661492456,29000
2024-11-11,50.20658493041992,50.20658493041992,50.01604688212202,50.01604688212202,81000
2024-11-12,50.39712142944336,50.49238863355817,50.111312548677155,50.20658338700285,87000
2024-11-13,50.39712142944336,50.49238863355817,50.20658338700285,50.30185059111766,93000
2024-11-14,50.39712142944336,50.49238863355817,50.111312548677155,50.20658338700285,130100
2024-11-15,50.39712142944336,50.39712142944336,50.30185059111766,50.30185059111766,13000
2024-11-18,50.39712142944336,50.49238863355817,50.111312548677155,50.30185059111766,82071
2024-11-19,50.39712142944336,50.49238863355817,50.111312548677155,50.49238863355817,12000
2024-11-20,50.39712142944336,50.39712142944336,50.39712142944336,50.39712142944336,22000
2024-11-21,50.39712142944336,50.39712142944336,50.30185059111766,50.39712142944336,10000
2024-11-22,50.49238967895508,50.49238967895508,50.20658442648243,50.30185163256966,47100
2024-11-25,50.5876579284668,50.682928770730044,50.30185267009911,50.30185267009911,80050
2024-11-26,50.49238967895508,50.49238967895508,50.39712247286785,50.49238967895508,12000
2024-11-27,50.5876579284668,50.5876579284668,50.492390720414576,50.492390720414576,17050
2024-11-28,50.5876579284668,50.682928770730044,50.397123512362356,50.492390720414576,68000
2024-11-29,50.5876579284668,50.5876579284668,50.492390720414576,50.492390720414576,11000
2024-12-02,50.5876579284668,50.5876579284668,50.397123512362356,50.397123512362356,54000
2024-12-03,50.5876579284668,50.5876579284668,50.492390720414576,50.492390720414576,24000
2024-12-04,50.5876579284668,50.5876579284668,50.492390720414576,50.5876579284668,16000
2024-12-05,50.49238967895508,50.58765688504231,50.39712247286785,50.58765688504231,25000
2024-12-06,50.49238967895508,50.49238967895508,50.49238967895508,50.49238967895508,3300
2024-12-09,50.5876579284668,50.5876579284668,50.397123512362356,50.492390720414576,35000
2024-12-10,50.49238967895508,50.58765688504231,50.39712247286785,50.58765688504231,33000
2024-12-11,50.68292999267578,50.68292999267578,50.39712472741744,50.49239193776651,69000
2024-12-12,50.778194427490234,50.968732471984694,50.58765638299577,50.68292722234846,140050
2024-12-13,50.68292999267578,50.68292999267578,50.587659148115584,50.587659148115584,18050
2024-12-16,50.5876579284668,50.682928770730044,50.5876579284668,50.5876579284668,24000
2024-12-17,50.778194427490234,50.968732471984694,50.58765638299577,50.58765638299577,114000
2024-12-18,50.87346649169922,50.968733699134695,50.68292844261726,50.68292844261726,138000
2024-12-19,50.87346649169922,50.87346649169922,50.77819565005274,50.87346649169922,17000
2024-12-20,50.778194427490234,50.778194427490234,50.68292722234846,50.778194427490234,13000
2024-12-23,50.87346649169922,51.064000906570165,50.68292844261726,50.68292844261726,157000
2024-12-24,50.87346649169922,50.87346649169922,50.77819565005274,50.77819565005274,17184
2024-12-25,50.778194427490234,51.06399967712647,50.778194427490234,50.87346526684293,96000
2024-12-26,50.87346649169922,50.87346649169922,50.77819565005274,50.77819565005274,23228
2024-12-27,50.96873474121094,50.96873474121094,50.77819668823336,50.87346753182769,21000
2024-12-30,50.96873474121094,50.96873474121094,50.87346753182769,50.87346753182769,55000
2024-12-31,50.96873474121094,50.96873474121094,50.77819668823336,50.87346753182769,49000
2025-01-02,50.96873474121094,50.96873474121094,50.87346753182769,50.96873474121094,38042
2025-01-03,50.87346649169922,50.968733699134695,50.87346649169922,50.87346649169922,58468
2025-01-06,50.778194427490234,50.87346526684293,50.68292722234846,50.87346526684293,78000
2025-01-07,50.778194427490234,50.778194427490234,50.58765638299577,50.778194427490234,71000
2025-01-08,50.68292999267578,50.68292999267578,50.68292999267578,50.68292999267578,23000
2025-01-09,50.68292999267578,51.06400246828319,50.68292999267578,50.68292999267578,193000
2025-01-10,50.87346649169922,51.159271748216646,50.68292844261726,50.87346649169922,128000
2025-01-13,50.87346649169922,50.87346649169922,50.77819565005274,50.77819565005274,41044
2025-01-14,50.87346649169922,50.87346649169922,50.77819565005274,50.77819565005274,30000
2025-01-15,50.96873474121094,50.96873474121094,50.77819668823336,50.77819668823336,25000
2025-01-16,50.778194427490234,50.87346526684293,50.68292722234846,50.778194427490234,152000
2025-01-17,50.778194427490234,51.15927051647916,50.68292722234846,50.778194427490234,192000
2025-01-20,50.68292999267578,51.06400246828319,50.587659148115584,50.77819720302485,273000
2025-01-21,50.778194427490234,50.778194427490234,50.58765638299577,50.68292722234846,68485
2025-01-22,50.778194427490234,51.06399967712647,50.58765638299577,50.968732471984694,307000
2025-02-03,50.96873474121094,51.06400195059419,50.39712421648927,50.96873474121094,430000
2025-02-04,50.96873474121094,50.96873474121094,50.87346753182769,50.96873474121094,60000
2025-02-05,50.778194427490234,50.968732471984694,50.68292722234846,50.968732471984694,51000
2025-02-06,51.06399917602539,51.06399917602539,50.778193929193826,50.778193929193826,95000
2025-02-07,51.06399917602539,51.06399917602539,50.8734647676116,50.8734647676116,2000
2025-02-10,51.06399917602539,51.06399917602539,50.8734647676116,50.9687319718185,23000
2025-02-11,51.06399917602539,51.06399917602539,50.9687319718185,50.9687319718185,19000
2025-02-12,51.06399917602539,51.06399917602539,50.8734647676116,50.8734647676116,83000
2025-02-13,50.96873474121094,50.96873474121094,50.87346753182769,50.96873474121094,64000
2025-02-14,50.96873474121094,50.96873474121094,50.87346753182769,50.87346753182769,72000
2025-02-17,51.06399917602539,51.06399917602539,50.8734647676116,50.8734647676116,73000
2025-02-18,51.06399917602539,51.06399917602539,50.8734647676116,50.9687319718185,28000
2025-02-19,51.06399917602539,51.06399917602539,51.06399917602539,51.06399917602539,33000
2025-02-20,51.06399917602539,51.06399917602539,50.9687319718185,50.9687319718185,104369
2025-02-21,50.96873474121094,50.96873474121094,50.96873474121094,50.96873474121094,18000
2025-02-24,50.96873474121094,50.96873474121094,50.87346753182769,50.87346753182769,69000
2025-02-25,51.159271240234375,51.159271240234375,50.87346598655483,50.96873319304435,80000
2025-02-26,51.254539489746094,51.445077540813536,51.064001438678645,51.1592722813179,122000
2025-02-27,51.254539489746094,51.254539489746094,51.064001438678645,51.064001438678645,6000
2025-03-03,51.254539489746094,51.254539489746094,51.254539489746094,51.254539489746094,9000
2025-03-04,51.254539489746094,51.254539489746094,51.1592722813179,51.1592722813179,7000
2025-03-05,51.254539489746094,51.254539489746094,50.96873423025045,50.96873423025045,17442
2025-03-06,51.254539489746094,51.254539489746094,51.1592722813179,51.254539489746094,12000
2025-03-07,51.254539489746094,51.254539489746094,51.1592722813179,51.1592722813179,13000
2025-03-10,51.254539489746094,51.254539489746094,51.254539489746094,51.254539489746094,35000
2025-03-11,51.34980773925781,51.34980773925781,51.1592696978124,51.254536901429674,18000
2025-03-12,51.159271240234375,51.2545384467239,51.159271240234375,51.2545384467239,40000
2025-03-13,51.34980773925781,51.34980773925781,51.1592696978124,51.254536901429674,34000
2025-03-14,51.34980773925781,51.34980773925781,51.254536901429674,51.254536901429674,59000
2025-03-17,51.34980773925781,51.34980773925781,51.254536901429674,51.254536901429674,16000
2025-03-18,51.34980773925781,51.34980773925781,51.254536901429674,51.34980773925781,70080
2025-03-19,51.34980773925781,51.34980773925781,51.1592696978124,51.1592696978124,24000
2025-03-20,51.34980773925781,51.34980773925781,51.1592696978124,51.254536901429674,55000
2025-03-21,51.34980773925781,51.34980773925781,51.1592696978124,51.254536901429674,45000
2025-03-24,51.254539489746094,51.34981033238534,51.254539489746094,51.34981033238534,56538
2025-03-25,51.34980773925781,51.34980773925781,51.254536901429674,51.34980773925781,4226
2025-03-26,51.34980773925781,51.34980773925781,51.254536901429674,51.34980773925781,23104
2025-03-27,51.34980773925781,51.34980773925781,51.254536901429674,51.254536901429674,17000
2025-03-28,51.254539489746094,51.254539489746094,51.1592722813179,51.254539489746094,82000
2025-03-31,51.159271240234375,51.2545384467239,51.064000399533874,51.159271240234375,81000
2025-04-01,51.254539489746094,51.254539489746094,51.064001438678645,51.1592722813179,53000
2025-04-02,51.54034423828125,51.54034423828125,51.159271774135284,51.25453898161902,95000
2025-04-07,49.920780181884766,50.58765790638121,49.82550933966311,50.58765790638121,427998
2025-04-08,50.5876579284668,50.5876579284668,50.11131461978364,50.20658546204689,117000
2025-04-09,49.920780181884766,50.58765790638121,49.73024213165248,50.58765790638121,198000
2025-04-10,51.06399917602539,51.445075261274745,50.68292672498693,50.68292672498693,105000
2025-04-11,51.06399917602539,51.06399917602539,50.492388682362254,50.68292672498693,59007
2025-04-14,51.06399917602539,51.25453721865007,51.06399917602539,51.06399917602539,176000
2025-04-15,51.254539489746094,51.254539489746094,51.1592722813179,51.254539489746094,39000
2025-04-16,51.254539489746094,51.254539489746094,50.778196179183006,51.064001438678645,21000
2025-04-17,51.34980773925781,51.34980773925781,51.254536901429674,51.254536901429674,50000
2025-04-18,51.34980773925781,51.34980773925781,51.1592696978124,51.34980773925781,17000
2025-04-21,51.34980773925781,51.34980773925781,51.1592696978124,51.254536901429674,70000
2025-04-22,51.34980773925781,51.34980773925781,51.1592696978124,51.34980773925781,32000
2025-04-23,51.34980773925781,51.34980773925781,51.254536901429674,51.254536901429674,45000
2025-04-24,51.34980773925781,51.34980773925781,51.06399885998426,51.1592696978124,150000
2025-04-25,51.34980773925781,51.34980773925781,51.34980773925781,51.34980773925781,40000
2025-04-28,51.34980773925781,51.34980773925781,51.254536901429674,51.34980773925781,17000
2025-04-29,51.34980773925781,51.34980773925781,51.254536901429674,51.34980773925781,20000
2025-04-30,51.34980773925781,51.34980773925781,51.254536901429674,51.34980773925781,30000
2025-05-02,51.44507598876953,51.44507598876953,51.254537943450416,51.349808783215444,93000
2025-05-05,51.34980773925781,51.44507494287509,51.254536901429674,51.44507494287509,65000
2025-05-06,51.44507598876953,51.44507598876953,51.254537943450416,51.254537943450416,52000
2025-05-07,51.44507598876953,51.44507598876953,51.254537943450416,51.254537943450416,179000
2025-05-08,51.44507598876953,51.44507598876953,51.159270737896335,51.254537943450416,106000
2025-05-09,51.54034423828125,51.92142033663823,51.34980982331378,51.34980982331378,228000
2025-05-12,51.635616302490234,51.92142156591913,51.445078248800606,51.445078248800606,118053
2025-05-13,51.82615280151367,51.82615280151367,51.54034391244729,51.63561475353975,34000
2025-05-14,51.82615280151367,51.82615280151367,51.730881960421215,51.730881960421215,20000
2025-05-15,51.82615280151367,52.20722526325053,51.730881960421215,51.730881960421215,218000
2025-05-16,51.82615280151367,51.82615280151367,51.63561475353975,51.82615280151367,62000
2025-05-19,51.82615280151367,52.11195805636906,51.730881960421215,51.82615280151367,107000
2025-05-20,51.92142105102539,51.92142105102539,51.82615384223087,51.92142105102539,25000
2025-05-21,52.016685485839844,52.016685485839844,51.92141828212579,51.92141828212579,37000
2025-05-22,52.016685485839844,52.016685485839844,51.92141828212579,52.016685485839844,26000
2025-05-23,52.016685485839844,52.016685485839844,51.92141828212579,52.016685485839844,32000
2025-05-26,52.016685485839844,52.016685485839844,51.92141828212579,52.016685485839844,14000
2025-05-27,51.92142105102539,52.016688259819915,51.92142105102539,51.92142105102539,39000
2025-05-28,51.92142105102539,52.016688259819915,51.82615384223087,52.016688259819915,24000
2025-05-29,52.016685485839844,52.016685485839844,51.92141828212579,51.92141828212579,60000
2025-06-02,52.016685485839844,52.11195632376476,51.82615107841175,51.92141828212579,33000
2025-06-03,52.016685485839844,52.016685485839844,51.92141828212579,52.016685485839844,51000
2025-06-04,52.016685485839844,52.016685485839844,51.92141828212579,52.016685485839844,14000
2025-06-05,52.016685485839844,52.016685485839844,51.92141828212579,52.016685485839844,50000
2025-06-06,52.016685485839844,52.016685485839844,51.92141828212579,51.92141828212579,32000
2025-06-09,52.016685485839844,52.11195632376476,51.92141828212579,51.92141828212579,39000
2025-06-10,52.016685485839844,52.016685485839844,51.92141828212579,52.016685485839844,35000
2025-06-11,52.11195755004883,52.11195755004883,52.01668670988202,52.01668670988202,21000
2025-06-12,52.11195755004883,52.11195755004883,52.01668670988202,52.11195755004883,9074
2025-06-13,52.20722579956055,52.20722579956055,52.11195859170043,52.11195859170043,36000
2025-06-16,52.11195755004883,52.20722475600468,52.01668670988202,52.20722475600468,50000
2025-06-17,52.11195755004883,52.11195755004883,52.11195755004883,52.11195755004883,35002
2025-06-18,52.11195755004883,52.20722475600468,52.11195755004883,52.20722475600468,18000
2025-06-19,52.20722579956055,52.20722579956055,52.11195859170043,52.20722579956055,18000
2025-06-20,52.11195755004883,52.20722475600468,52.11195755004883,52.20722475600468,9000
2025-06-23,52.20722579956055,52.20722579956055,52.11195859170043,52.11195859170043,34025
2025-06-24,52.20722579956055,52.20722579956055,52.20722579956055,52.20722579956055,85000
2025-06-25,52.20722579956055,52.20722579956055,52.20722579956055,52.20722579956055,11000
2025-06-26,52.20722579956055,52.39776384949182,52.20722579956055,52.3024966416317,45000
2025-06-27,52.30249786376953,52.30249786376953,52.111959809386015,52.30249786376953,58000
2025-06-30,52.30249786376953,52.39776507385574,52.30249786376953,52.30249786376953,27000
2025-07-01,52.397762298583984,52.397762298583984,52.207224254292406,52.302495093543655,152000
2025-07-02,52.397762298583984,52.397762298583984,52.397762298583984,52.397762298583984,160885
2025-07-03,52.4930305480957,52.4930305480957,52.39776334115981,52.39776334115981,123000
2025-07-04,52.4930305480957,52.4930305480957,52.39776334115981,52.4930305480957,38000
2025-07-07,52.58830261230469,52.58830261230469,52.49303176894206,52.49303176894206,65000
2025-07-08,52.58830261230469,52.68356982145624,52.58830261230469,52.58830261230469,151000
2025-07-09,52.68356704711914,52.68356704711914,52.5882998429844,52.5882998429844,219000
2025-07-10,52.96937561035156,52.96937561035156,52.683570345841076,52.77884119015198,221421
2025-07-11,53.599998474121094,53.900001525878906,53.20000076293945,53.20000076293945,124000
2025-07-14,53.599998474121094,53.599998474121094,53.5,53.599998474121094,59020
2025-07-15,53.79999923706055,53.79999923706055,53.70000076293945,53.79999923706055,29000
2025-07-16,53.79999923706055,53.79999923706055,53.70000076293945,53.79999923706055,34000
2025-07-17,53.900001525878906,53.900001525878906,53.79999923706055,53.79999923706055,46000
2025-07-18,53.79999923706055,53.79999923706055,53.79999923706055,53.79999923706055,58339
2025-07-21,53.79999923706055,53.900001525878906,53.70000076293945,53.900001525878906,42000
2025-07-22,53.900001525878906,53.900001525878906,53.70000076293945,53.79999923706055,31000
2025-07-23,53.900001525878906,53.900001525878906,53.900001525878906,53.900001525878906,10000
2025-07-24,53.79999923706055,53.79999923706055,53.79999923706055,53.79999923706055,19000
2025-07-25,53.79999923706055,53.79999923706055,53.70000076293945,53.70000076293945,39000
2025-07-28,53.70000076293945,53.79999923706055,53.599998474121094,53.70000076293945,46000
2025-07-29,53.79999923706055,53.79999923706055,53.20000076293945,53.599998474121094,181000
2025-07-30,53.79999923706055,54.400001525878906,53.70000076293945,53.79999923706055,122000
2025-07-31,53.599998474121094,53.79999923706055,53.599998474121094,53.79999923706055,43000
2025-08-04,53.70000076293945,53.79999923706055,53.599998474121094,53.70000076293945,54000
2025-08-05,54.0,54.0,53.70000076293945,53.70000076293945,55000
2025-08-06,53.900001525878906,53.900001525878906,53.79999923706055,53.900001525878906,84000
2025-08-07,54.0,54.0,53.900001525878906,54.0,62000
2025-08-08,54.0,54.0,53.900001525878906,54.0,13000
2025-08-11,53.900001525878906,53.900001525878906,53.79999923706055,53.900001525878906,25000
2025-08-12,53.900001525878906,53.900001525878906,53.79999923706055,53.900001525878906,56000
2025-08-13,54.0,54.0,53.900001525878906,53.900001525878906,126000
2025-08-14,54.099998474121094,54.599998474121094,53.900001525878906,54.0,95000
2025-08-15,54.20000076293945,54.5,54.0,54.0,91000
2025-08-18,54.099998474121094,54.599998474121094,54.0,54.099998474121094,95100
2025-08-19,54.099998474121094,54.099998474121094,54.0,54.099998474121094,28000
2025-08-20,53.900001525878906,53.900001525878906,53.900001525878906,53.900001525878906,38462
2025-08-21,54.0,54.099998474121094,54.0,54.099998474121094,10000
2025-08-22,54.099998474121094,54.099998474121094,54.0,54.0,32000
2025-08-25,54.099998474121094,54.5,53.900001525878906,54.0,186000
2025-08-26,54.099998474121094,54.400001525878906,53.900001525878906,53.900001525878906,167000
2025-08-27,54.099998474121094,54.099998474121094,54.0,54.0,6000
2025-08-28,54.099998474121094,54.099998474121094,53.900001525878906,54.0,6000
2025-08-29,54.099998474121094,54.099998474121094,53.900001525878906,54.0,39000
2025-09-01,54.0,54.0,53.900001525878906,53.900001525878906,27000
2025-09-02,54.099998474121094,54.099998474121094,53.900001525878906,53.900001525878906,37000
2025-09-03,54.099998474121094,54.5,54.0,54.0,130000
2025-09-04,54.099998474121094,54.099998474121094,54.0,54.0,6002
2025-09-05,54.099998474121094,54.400001525878906,54.0,54.0,95000
2025-09-08,54.099998474121094,54.099998474121094,54.0,54.099998474121094,20000
2025-09-09,54.20000076293945,54.20000076293945,54.0,54.0,14000
2025-09-10,54.20000076293945,54.20000076293945,54.099998474121094,54.099998474121094,20003
2025-09-11,54.0,54.400001525878906,54.0,54.20000076293945,88000
2025-09-12,54.099998474121094,54.20000076293945,54.099998474121094,54.099998474121094,15354
2025-09-15,54.20000076293945,54.20000076293945,54.099998474121094,54.099998474121094,15000
2025-09-16,54.20000076293945,54.20000076293945,54.099998474121094,54.099998474121094,16080
2025-09-17,54.20000076293945,54.20000076293945,54.0,54.099998474121094,25000
2025-09-18,54.29999923706055,54.70000076293945,54.20000076293945,54.20000076293945,146000
2025-09-19,54.29999923706055,54.29999923706055,54.29999923706055,54.29999923706055,12000
2025-09-22,54.400001525878906,54.400001525878906,54.29999923706055,54.29999923706055,35000
2025-09-23,54.400001525878906,54.400001525878906,54.20000076293945,54.29999923706055,50000
2025-09-24,54.29999923706055,54.400001525878906,54.20000076293945,54.400001525878906,13000
2025-09-25,54.29999923706055,54.29999923706055,54.099998474121094,54.29999923706055,61000
2025-09-26,54.29999923706055,54.29999923706055,53.900001525878906,54.099998474121094,35000
2025-09-30,54.29999923706055,54.29999923706055,54.20000076293945,54.20000076293945,20000
2025-10-01,54.20000076293945,54.20000076293945,54.20000076293945,54.20000076293945,19000
2025-10-02,54.29999923706055,54.400001525878906,54.099998474121094,54.20000076293945,33000
2025-10-03,54.5,54.5,54.29999923706055,54.29999923706055,19000
2025-10-07,54.400001525878906,54.5,54.20000076293945,54.29999923706055,41000
2025-10-08,54.400001525878906,54.400001525878906,54.400001525878906,54.400001525878906,3000
2025-10-09,54.5,54.5,54.20000076293945,54.20000076293945,12017
2025-10-13,54.5,54.5,54.29999923706055,54.400001525878906,23307
2025-10-14,54.5,54.5,54.29999923706055,54.29999923706055,12000
2025-10-15,54.400001525878906,54.400001525878906,54.400001525878906,54.400001525878906,1000
2025-10-16,54.400001525878906,54.400001525878906,54.29999923706055,54.400001525878906,14000
2025-10-17,54.400001525878906,54.400001525878906,54.29999923706055,54.400001525878906,6000
2025-10-20,54.400001525878906,54.400001525878906,54.400001525878906,54.400001525878906,9000
2025-10-21,54.29999923706055,54.400001525878906,54.29999923706055,54.29999923706055,62000
2025-10-22,54.29999923706055,54.29999923706055,54.29999923706055,54.29999923706055,55000
2025-10-23,54.29999923706055,54.29999923706055,54.20000076293945,54.29999923706055,94000
2025-10-27,54.29999923706055,54.29999923706055,54.099998474121094,54.20000076293945,84000
2025-10-28,54.400001525878906,54.79999923706055,54.20000076293945,54.20000076293945,145000
2025-10-29,54.400001525878906,54.400001525878906,54.29999923706055,54.29999923706055,8000
2025-10-30,54.29999923706055,54.29999923706055,54.29999923706055,54.29999923706055,5000
2025-10-31,54.400001525878906,54.400001525878906,54.29999923706055,54.29999923706055,31000
2025-11-03,54.5,54.70000076293945,54.29999923706055,54.29999923706055,139511
2025-11-04,54.5,54.5,54.29999923706055,54.400001525878906,20000
2025-11-05,54.599998474121094,54.79999923706055,54.5,54.5,77000
2025-11-06,54.599998474121094,54.599998474121094,54.29999923706055,54.5,19000
2025-11-07,54.599998474121094,54.599998474121094,54.599998474121094,54.599998474121094,1000
2025-11-10,54.599998474121094,54.599998474121094,54.5,54.599998474121094,13000
2025-11-11,54.5,54.5,54.5,54.5,13000
2025-11-12,54.5,54.5,54.400001525878906,54.5,57000
2025-11-13,54.5,54.5,54.400001525878906,54.5,26000
2025-11-14,54.5,54.5,54.400001525878906,54.400001525878906,34000
2025-11-17,54.5,54.5,54.20000076293945,54.29999923706055,71000
2025-11-18,54.400001525878906,54.400001525878906,54.20000076293945,54.29999923706055,58000
2025-11-19,54.5,54.79999923706055,54.29999923706055,54.599998474121094,116000
2025-11-20,54.5,54.5,54.29999923706055,54.5,9000
2025-11-21,54.5,54.5,54.5,54.5,0
2025-11-24,54.5,54.5,54.400001525878906,54.400001525878906,34000
2025-11-25,54.5,54.5,54.400001525878906,54.400001525878906,7000
2025-11-26,54.5,54.5,54.400001525878906,54.5,30000
2025-11-27,54.5,54.5,54.5,54.5,13000
2025-11-28,54.5,54.5,54.400001525878906,54.400001525878906,14000
2025-12-01,54.400001525878906,54.400001525878906,54.400001525878906,54.400001525878906,22000
2025-12-02,54.400001525878906,54.400001525878906,54.400001525878906,54.400001525878906,15000
2025-12-03,54.5,54.5,54.400001525878906,54.400001525878906,28000
2025-12-04,54.5,54.5,54.400001525878906,54.400001525878906,24851
2025-12-05,54.5,54.5,54.400001525878906,54.5,53000
2025-12-08,54.5,54.5,54.400001525878906,54.5,138050
2025-12-09,54.5,54.5,54.400001525878906,54.5,7035
2025-12-10,54.599998474121094,54.599998474121094,54.400001525878906,54.400001525878906,40000
2025-12-11,54.599998474121094,54.599998474121094,54.29999923706055,54.400001525878906,34000
2025-12-12,54.599998474121094,54.599998474121094,54.400001525878906,54.400001525878906,16007
2025-12-15,54.5,54.5,54.29999923706055,54.400001525878906,35000
2025-12-16,54.5,54.5,54.5,54.5,0
2025-12-17,54.5,54.5,54.29999923706055,54.400001525878906,49260
2025-12-18,54.5,54.5,54.29999923706055,54.5,15000
2025-12-19,54.5,54.5,54.400001525878906,54.400001525878906,8000
2025-12-22,54.5,54.5,54.5,54.5,0
2025-12-23,54.5,54.5,54.400001525878906,54.400001525878906,22000
2025-12-24,54.5,54.5,54.400001525878906,54.5,38000
2025-12-26,54.5,54.5,54.400001525878906,54.5,25000
2025-12-29,54.599998474121094,54.599998474121094,54.5,54.5,31000
2025-12-30,54.400001525878906,54.5,54.400001525878906,54.5,21000
2025-12-31,54.5,54.5,54.400001525878906,54.400001525878906,19000
2026-01-02,54.599998474121094,54.599998474121094,54.5,54.5,15000
2026-01-05,54.5,54.5,54.400001525878906,54.400001525878906,31000
2026-01-06,54.599998474121094,54.599998474121094,54.400001525878906,54.400001525878906,15000
2026-01-07,54.599998474121094,54.599998474121094,54.29999923706055,54.29999923706055,32000
2026-01-08,54.5,54.599998474121094,54.5,54.5,42000
2026-01-09,54.599998474121094,54.599998474121094,54.5,54.599998474121094,10000
2026-01-12,54.599998474121094,54.599998474121094,54.5,54.5,17000
2026-01-13,54.599998474121094,54.599998474121094,54.400001525878906,54.400001525878906,37000
2026-01-14,54.5,54.5,54.400001525878906,54.5,39000
2026-01-15,54.400001525878906,54.5,54.400001525878906,54.400001525878906,32000
2026-01-16,54.5,54.5,54.29999923706055,54.400001525878906,44000
2026-01-19,54.5,54.5,54.400001525878906,54.5,20000
2026-01-20,54.599998474121094,54.599998474121094,54.29999923706055,54.5,95000
2026-01-21,54.599998474121094,54.599998474121094,54.400001525878906,54.599998474121094,87000
2026-01-22,54.5,54.5,54.400001525878906,54.5,57000
2026-01-23,54.5,54.5,54.400001525878906,54.400001525878906,79000
2026-01-26,54.5,54.5,54.29999923706055,54.5,22000
2026-01-27,54.5,54.5,54.29999923706055,54.29999923706055,12000
2026-01-28,54.29999923706055,54.5,54.29999923706055,54.5,12281
2026-01-29,54.5,54.5,54.400001525878906,54.400001525878906,36000
2026-01-30,54.400001525878906,54.5,54.29999923706055,54.29999923706055,40000
2026-02-02,54.599998474121094,54.599998474121094,54.29999923706055,54.400001525878906,84000
2026-02-03,54.5,54.5,54.400001525878906,54.5,5000
2026-02-04,54.5,54.5,54.400001525878906,54.5,7000
2026-02-05,54.400001525878906,54.400001525878906,54.29999923706055,54.400001525878906,17000
2026-02-06,54.5,54.5,54.400001525878906,54.5,49000
2026-02-09,54.599998474121094,54.599998474121094,54.5,54.5,57000
2026-02-10,54.599998474121094,54.599998474121094,54.400001525878906,54.400001525878906,27000
2026-02-11,54.599998474121094,54.599998474121094,54.400001525878906,54.5,33000
2026-02-23,54.599998474121094,54.900001525878906,54.5,54.5,16000
2026-02-24,54.599998474121094,54.599998474121094,54.5,54.599998474121094,26000
2026-02-25,54.5,54.599998474121094,54.5,54.599998474121094,41000
2026-02-26,54.70000076293945,54.70000076293945,54.5,54.5,92000
2026-03-02,54.5,54.599998474121094,54.400001525878906,54.599998474121094,50000
2026-03-03,54.5,54.5,54.29999923706055,54.5,53000
2026-03-04,54.400001525878906,54.5,54.20000076293945,54.5,83000
2026-03-05,54.400001525878906,54.400001525878906,54.29999923706055,54.29999923706055,9000
2026-03-06,54.5,54.5,54.099998474121094,54.400001525878906,23000
2026-03-09,54.400001525878906,54.400001525878906,54.20000076293945,54.400001525878906,28010
2026-03-10,54.29999923706055,54.400001525878906,54.20000076293945,54.400001525878906,47005
2026-03-11,54.29999923706055,54.900001525878906,54.20000076293945,54.5,78005
2026-03-12,54.29999923706055,54.29999923706055,54.20000076293945,54.20000076293945,56048
2026-03-13,54.400001525878906,54.79999923706055,54.29999923706055,54.400001525878906,90000
2026-03-16,54.29999923706055,54.400001525878906,54.29999923706055,54.29999923706055,25000
2026-03-17,54.400001525878906,54.400001525878906,54.20000076293945,54.29999923706055,10000
2026-03-18,54.5,54.79999923706055,54.400001525878906,54.400001525878906,77006
