Price,Close,High,Low,Open,Volume
Ticker,2882B.TW,2882B.TW,2882B.TW,2882B.TW,2882B.TW
Date,,,,,
2021-03-18,52.01371765136719,52.01371765136719,51.846204204465266,51.92996092791623,50466
2021-03-19,52.09747314453125,52.09747314453125,51.8461998004085,51.8461998004085,10124
2021-03-22,52.01371765136719,52.01371765136719,51.846204204465266,51.92996092791623,14318
2021-03-23,51.92995834350586,51.92995834350586,51.846201624223234,51.846201624223234,15833
2021-03-24,52.01371765136719,52.01371765136719,51.846204204465266,52.01371765136719,74000
2021-03-25,52.01371765136719,52.01371765136719,51.92996092791623,51.92996092791623,52000
2021-03-26,52.01371765136719,52.01371765136719,51.846204204465266,51.846204204465266,32835
2021-03-29,52.01371765136719,52.01371765136719,51.846204204465266,51.92996092791623,36003
2021-03-30,52.01371765136719,52.01371765136719,51.846204204465266,52.01371765136719,45917
2021-03-31,52.18123245239258,52.18123245239258,51.84620237529464,51.9299590957906,33248
2021-04-01,52.18123245239258,52.18123245239258,51.84620237529464,52.097475731896616,28325
2021-04-07,52.01371765136719,52.01371765136719,51.846204204465266,51.846204204465266,39435
2021-04-08,52.09747314453125,52.09747314453125,51.8461998004085,51.8461998004085,23176
2021-04-09,52.09747314453125,52.09747314453125,52.09747314453125,52.09747314453125,2243
2021-04-12,52.09747314453125,52.09747314453125,51.8461998004085,51.8461998004085,39023
2021-04-13,52.09747314453125,52.09747314453125,51.8461998004085,51.929956516744774,12262
2021-04-14,52.09747314453125,52.09747314453125,51.929956516744774,51.929956516744774,6379
2021-04-15,52.09747314453125,52.09747314453125,51.8461998004085,51.8461998004085,19452
2021-04-16,52.09747314453125,52.09747314453125,51.8461998004085,52.09747314453125,8931
2021-04-19,52.01371765136719,52.01371765136719,52.01371765136719,52.01371765136719,10447
2021-04-20,51.92995834350586,51.92995834350586,51.846201624223234,51.92995834350586,31430
2021-04-21,51.92995834350586,51.92995834350586,51.846201624223234,51.846201624223234,23522
2021-04-22,51.92995834350586,51.92995834350586,51.846201624223234,51.92995834350586,25701
2021-04-23,51.92995834350586,51.92995834350586,51.92995834350586,51.92995834350586,51676
2021-04-26,51.92995834350586,51.92995834350586,51.846201624223234,51.846201624223234,32548
2021-04-27,51.92995834350586,51.92995834350586,51.846201624223234,51.846201624223234,26643
2021-04-28,51.92995834350586,51.92995834350586,51.846201624223234,51.846201624223234,18410
2021-04-29,51.92995834350586,51.92995834350586,51.76244170982658,51.846201624223234,40100
2021-05-03,51.92995834350586,51.92995834350586,51.846201624223234,51.846201624223234,23062
2021-05-04,51.92995834350586,51.92995834350586,51.76244170982658,51.846201624223234,54173
2021-05-05,51.92995834350586,51.92995834350586,51.846201624223234,51.846201624223234,23414
2021-05-06,51.92995834350586,51.92995834350586,51.76244170982658,51.846201624223234,22775
2021-05-07,52.01371765136719,52.01371765136719,51.76244428590011,51.76244428590011,60217
2021-05-10,52.01371765136719,52.097477569932344,51.76244428590011,51.92996092791623,12543
2021-05-11,51.92995834350586,52.01371506278848,51.76244170982658,52.01371506278848,61200
2021-05-12,51.8462028503418,51.92995957160519,50.84110621961049,51.8462028503418,105001
2021-05-13,51.8462028503418,51.8462028503418,51.594926296323386,51.594926296323386,16000
2021-05-14,51.8462028503418,51.8462028503418,51.34365293741909,51.34365293741909,6086
2021-05-17,51.8462028503418,51.8462028503418,50.84110621961049,50.84110621961049,56198
2021-05-18,51.8462028503418,51.8462028503418,51.594926296323386,51.67868621270089,22172
2021-05-19,51.8462028503418,51.8462028503418,51.25989621615569,51.76244293396429,12852
2021-05-20,51.8462028503418,51.8462028503418,51.25989621615569,51.25989621615569,8296
2021-05-21,51.8462028503418,51.8462028503418,51.67868621270089,51.67868621270089,11350
2021-05-24,51.8462028503418,51.8462028503418,51.67868621270089,51.76244293396429,13000
2021-05-25,51.8462028503418,51.8462028503418,51.51116957505999,51.51116957505999,20641
2021-05-26,51.8462028503418,51.8462028503418,51.51116957505999,51.67868621270089,18340
2021-05-27,51.8462028503418,51.8462028503418,51.67868621270089,51.67868621270089,8284
2021-05-28,51.92995834350586,51.92995834350586,51.76244170982658,51.76244170982658,14220
2021-05-31,52.01371765136719,52.01371765136719,51.76244428590011,51.846204204465266,33016
2021-06-01,52.01371765136719,52.01371765136719,51.846204204465266,51.846204204465266,99382
2021-06-02,52.09747314453125,52.09747314453125,51.8461998004085,52.013713233081056,82999
2021-06-03,51.92995834350586,51.92995834350586,51.76244170982658,51.76244170982658,4271
2021-06-04,52.01371765136719,52.01371765136719,51.92996092791623,51.92996092791623,19000
2021-06-07,52.09747314453125,52.09747314453125,51.929956516744774,51.929956516744774,41203
2021-06-08,52.09747314453125,52.09747314453125,51.929956516744774,52.013713233081056,35041
2021-06-09,52.09747314453125,52.09747314453125,52.09747314453125,52.09747314453125,0
2021-06-10,52.18123245239258,52.18123245239258,51.9299590957906,51.9299590957906,50666
2021-06-11,52.09747314453125,52.18122986086753,52.013713233081056,52.18122986086753,13591
2021-06-15,52.09747314453125,52.18122986086753,51.929956516744774,52.09747314453125,101088
2021-06-16,52.09747314453125,52.26498977231773,51.929956516744774,52.26498977231773,60898
2021-06-17,51.92995834350586,52.097474977185136,51.92995834350586,52.01371506278848,67083
2021-06-18,51.92995834350586,52.01371506278848,51.92995834350586,52.01371506278848,22022
2021-06-21,52.01371765136719,52.01371765136719,51.92996092791623,51.92996092791623,41284
2021-06-22,52.01371765136719,52.26499421194846,51.92996092791623,51.92996092791623,91000
2021-06-23,51.92995834350586,52.01371506278848,51.92995834350586,52.01371506278848,151423
2021-06-24,52.01371765136719,52.097477569932344,52.01371765136719,52.01371765136719,86583
2021-06-25,52.18123245239258,52.18123245239258,52.01371581628657,52.097475731896616,95382
2021-06-28,52.348751068115234,52.348751068115234,52.09747770201112,52.09747770201112,61068
2021-06-29,52.51626205444336,52.51626205444336,52.348745430044445,52.348745430044445,90610
2021-06-30,52.76753616333008,52.76753616333008,52.34874619377984,52.516262820622714,98258
2021-07-01,52.76753616333008,52.76753616333008,52.516262820622714,52.6000195364872,8429
2021-07-02,52.76753616333008,52.76753616333008,52.43250290964433,52.6000195364872,14144
2021-07-05,52.68378829956055,52.7675450294981,52.600028374508554,52.600028374508554,4333
2021-07-06,52.68378829956055,52.68378829956055,52.600028374508554,52.600028374508554,3351
2021-07-07,52.76753616333008,52.76753616333008,52.6000195364872,52.6837794474656,58126
2021-07-08,52.76753616333008,52.76753616333008,52.6837794474656,52.6837794474656,26718
2021-07-09,52.851295471191406,52.851295471191406,52.683782031247034,52.76753875121922,42672
2021-07-12,52.93505096435547,52.93505096435547,52.85129105626609,52.85129105626609,65033
2021-07-13,53.0188102722168,53.0188102722168,52.851293642953124,52.935053555141934,61964
2021-07-14,53.0188102722168,53.0188102722168,52.851293642953124,52.935053555141934,54055
2021-07-15,52.93505096435547,52.93505096435547,52.85129105626609,52.93505096435547,58607
2021-07-16,52.93505096435547,52.93505096435547,52.93505096435547,52.93505096435547,0
2021-07-19,52.851295471191406,52.851295471191406,52.851295471191406,52.851295471191406,20391
2021-07-20,52.93505096435547,52.93505096435547,52.683777630314935,52.683777630314935,23109
2021-07-21,52.93505096435547,52.93505096435547,52.43250110116061,52.51626100924999,78424
2021-07-22,52.76753616333008,52.93505279017295,52.516262820622714,52.516262820622714,39898
2021-07-23,52.93505096435547,52.93505096435547,52.43250110116061,52.600017722225566,55079
2021-07-26,53.0477409362793,53.0477409362793,52.70102235695879,52.87438164661904,241218
2021-07-27,53.134422302246094,53.134422302246094,52.96106300157629,53.04774430518801,11139
2021-07-28,53.134422302246094,53.134422302246094,52.96106300157629,53.134422302246094,83043
2021-07-29,53.22109603881836,53.22109603881836,53.04773676279699,53.04773676279699,47536
2021-07-30,53.22109603881836,53.22109603881836,53.04773676279699,53.22109603881836,49109
2021-08-02,53.22109603881836,53.22109603881836,53.13441474753109,53.13441474753109,55080
2021-08-03,53.22109603881836,53.22109603881836,53.13441474753109,53.22109603881836,30100
2021-08-04,53.30778121948242,53.30778121948242,53.134421920059566,53.2211032230478,85592
2021-08-05,53.30778121948242,53.30778121948242,53.04774392362494,53.134421920059566,157239
2021-08-06,53.30778121948242,53.394459215917045,53.134421920059566,53.134421920059566,29636
2021-08-09,53.481136322021484,53.481136322021484,53.307777036202836,53.394455025835484,48136
2021-08-10,53.567813873291016,53.567813873291016,53.39445458889103,53.39445458889103,25100
2021-08-11,53.567813873291016,53.567813873291016,53.307776599967696,53.39445458889103,60585
2021-08-12,53.567813873291016,53.567813873291016,53.307776599967696,53.39445458889103,55178
2021-08-13,53.30778121948242,53.56781851533991,53.2211032230478,53.56781851533991,73548
2021-08-16,53.30778121948242,53.56781851533991,53.2211032230478,53.481140518905285,33500
2021-08-17,53.567813873291016,53.567813873291016,53.1344173155677,53.22109861104436,145652
2021-08-18,53.567813873291016,53.567813873291016,53.22109861104436,53.307776599967696,35083
2021-08-19,53.567813873291016,53.567813873291016,53.22109861104436,53.307776599967696,103000
2021-08-20,53.481136322021484,53.481136322021484,53.307777036202836,53.307777036202836,21083
2021-08-23,53.481136322021484,53.56781431165413,53.307777036202836,53.56781431165413,22161
2021-08-24,53.567813873291016,53.567813873291016,53.22109861104436,53.48113588436769,72625
2021-08-25,53.65449523925781,53.65449523925781,53.30777667000232,53.48113595463007,88585
2021-08-26,53.741172790527344,53.741172790527344,53.56781350731176,53.56781350731176,92616
2021-08-27,53.82785415649414,53.82785415649414,53.65449816895397,53.65449816895397,144307
2021-08-30,53.82785415649414,53.82785415649414,53.74117616272406,53.74117616272406,41077
2021-08-31,53.82785415649414,53.82785415649414,53.65449816895397,53.82785415649414,132363
2021-09-01,53.82785415649414,53.82785415649414,53.82785415649414,53.82785415649414,0
2021-09-02,53.82785415649414,53.82785415649414,53.65449816895397,53.74117616272406,131048
2021-09-03,53.82785415649414,53.82785415649414,53.65449816895397,53.65449816895397,3066
2021-09-06,53.82785415649414,53.82785415649414,53.65449816895397,53.65449816895397,114119
2021-09-07,53.82785415649414,53.82785415649414,53.74117616272406,53.82785415649414,32022
2021-09-08,53.82785415649414,53.82785415649414,53.65449816895397,53.82785415649414,63002
2021-09-09,53.82785415649414,53.82785415649414,53.82785415649414,53.82785415649414,11094
2021-09-10,53.82785415649414,53.82785415649414,53.65449816895397,53.82785415649414,41579
2021-09-13,53.82785415649414,53.82785415649414,53.65449816895397,53.82785415649414,47371
2021-09-14,53.82785415649414,53.82785415649414,53.65449816895397,53.74117616272406,60952
2021-09-15,53.82785415649414,53.82785415649414,53.56781686863037,53.82785415649414,103172
2021-09-16,53.82785415649414,53.82785415649414,53.74117616272406,53.74117616272406,83334
2021-09-17,53.82785415649414,53.82785415649414,53.65449816895397,53.65449816895397,34788
2021-09-22,53.481136322021484,53.82785158710542,53.481136322021484,53.82785158710542,150685
2021-09-23,53.741172790527344,53.741172790527344,53.56781350731176,53.741172790527344,25000
2021-09-24,53.82785415649414,53.82785415649414,53.74117616272406,53.74117616272406,92000
2021-09-27,53.91453170776367,53.91453170776367,53.74117242572487,53.74117242572487,70700
2021-09-28,53.91453170776367,53.91453170776367,53.82785041346763,53.91453170776367,13592
2021-09-29,53.91453170776367,53.91453170776367,53.82785041346763,53.82785041346763,4000
2021-09-30,53.91453170776367,53.91453170776367,53.74117242572487,53.82785041346763,21130
2021-10-01,53.91453170776367,53.91453170776367,53.74117242572487,53.91453170776367,84117
2021-10-04,53.91453170776367,53.91453170776367,53.65449443798211,53.82785041346763,40411
2021-10-05,53.91453170776367,53.91453170776367,53.82785041346763,53.82785041346763,47076
2021-10-06,53.91453170776367,53.91453170776367,53.56781314368607,53.56781314368607,27266
2021-10-07,53.91453170776367,53.91453170776367,53.74117242572487,53.82785041346763,296153
2021-10-08,53.91453170776367,53.91453170776367,53.74117242572487,53.74117242572487,106116
2021-10-12,53.91453170776367,53.91453170776367,53.74117242572487,53.91453170776367,19001
2021-10-13,53.91453170776367,53.91453170776367,53.74117242572487,53.82785041346763,126000
2021-10-14,53.91453170776367,53.91453170776367,53.65449443798211,53.65449443798211,3004
2021-10-15,53.82785415649414,53.82785415649414,53.65449816895397,53.74117616272406,16000
2021-10-18,53.82785415649414,53.82785415649414,53.65449816895397,53.65449816895397,12000
2021-10-19,53.82785415649414,53.82785415649414,53.65449816895397,53.82785415649414,11620
2021-10-20,53.82785415649414,53.82785415649414,53.74117616272406,53.82785415649414,157539
2021-10-21,53.82785415649414,53.82785415649414,53.74117616272406,53.82785415649414,21299
2021-10-22,53.82785415649414,53.82785415649414,53.82785415649414,53.82785415649414,1095
2021-10-25,53.82785415649414,53.82785415649414,53.74117616272406,53.74117616272406,15018
2021-10-26,53.82785415649414,53.82785415649414,53.74117616272406,53.74117616272406,7000
2021-10-27,53.82785415649414,53.82785415649414,53.74117616272406,53.74117616272406,8121
2021-10-28,53.82785415649414,53.82785415649414,53.65449816895397,53.74117616272406,40022
2021-10-29,53.82785415649414,53.82785415649414,53.65449816895397,53.74117616272406,49000
2021-11-01,53.91453170776367,53.91453170776367,53.65449443798211,53.65449443798211,175684
2021-11-02,53.91453170776367,53.91453170776367,53.91453170776367,53.91453170776367,1059
2021-11-03,54.00121307373047,54.00121307373047,53.8278537808466,53.8278537808466,136209
2021-11-04,53.91453170776367,54.00120969550643,53.74117242572487,53.74117242572487,123666
2021-11-05,53.91453170776367,53.91453170776367,53.74117242572487,53.82785041346763,372200
2021-11-08,53.82785415649414,54.00121345058783,53.82785415649414,53.91453545681774,173758
2021-11-09,54.00121307373047,54.00121307373047,53.8278537808466,53.91453508056528,115527
2021-11-10,54.00121307373047,54.00121307373047,53.91453508056528,53.91453508056528,86253
2021-11-11,54.00121307373047,54.00121307373047,53.91453508056528,54.00121307373047,67250
2021-11-12,54.087890625,54.087890625,53.82785005041903,53.82785005041903,42032
2021-11-15,54.1745719909668,54.1745719909668,53.91453470672085,54.08789399840264,50385
2021-11-16,54.1745719909668,54.1745719909668,53.91453470672085,54.08789399840264,174440
2021-11-17,54.26124954223633,54.26124954223633,53.91453426824598,53.91453426824598,239338
2021-11-18,54.1745719909668,54.26124998353096,54.00121269928501,54.26124998353096,33283
2021-11-19,54.26124954223633,54.26124954223633,54.001212260105206,54.1745715503771,32270
2021-11-22,54.26124954223633,54.26124954223633,54.26124954223633,54.26124954223633,27614
2021-11-23,54.26124954223633,54.26124954223633,54.001212260105206,54.1745715503771,11494
2021-11-24,54.26124954223633,54.26124954223633,54.08789355851788,54.08789355851788,12035
2021-11-25,54.34792709350586,54.34792709350586,54.261245801069634,54.261245801069634,91516
2021-11-26,54.43460464477539,54.43460464477539,54.261245367840274,54.261245367840274,12125
2021-11-29,54.34792709350586,54.434605079388874,54.17456781518662,54.17456781518662,45503
2021-11-30,54.43460464477539,54.43460464477539,54.347926659584424,54.347926659584424,36020
2021-12-01,54.43460464477539,54.43460464477539,54.17456738264931,54.17456738264931,42040
2021-12-02,54.43460464477539,54.43460464477539,54.261245367840274,54.347926659584424,13410
2021-12-03,54.43460464477539,54.43460464477539,54.17456738264931,54.347926659584424,16981
2021-12-06,54.43460464477539,54.43460464477539,54.17456738264931,54.261245367840274,21845
2021-12-07,54.43460464477539,54.43460464477539,54.17456738264931,54.261245367840274,53092
2021-12-08,54.43460464477539,54.43460464477539,54.261245367840274,54.261245367840274,58279
2021-12-09,54.43460464477539,54.43460464477539,54.17456738264931,54.261245367840274,64632
2021-12-10,54.43460464477539,54.43460464477539,54.17456738264931,54.261245367840274,51766
2021-12-13,54.34792709350586,54.434605079388874,54.261245801069634,54.34792709350586,87341
2021-12-14,54.43460464477539,54.43460464477539,54.17456738264931,54.17456738264931,53000
2021-12-15,54.43460464477539,54.43460464477539,54.347926659584424,54.347926659584424,2284
2021-12-16,54.43460464477539,54.43460464477539,54.17456738264931,54.17456738264931,70502
2021-12-17,54.43460464477539,54.43460464477539,54.347926659584424,54.347926659584424,2420
2021-12-20,54.43460464477539,54.43460464477539,54.261245367840274,54.261245367840274,23005
2021-12-21,54.52128982543945,54.52128982543945,54.34793053613888,54.34793053613888,17219
2021-12-22,54.52128982543945,54.52128982543945,54.43460852751246,54.43460852751246,2040
2021-12-23,54.60796356201172,54.60796356201172,54.521285577391694,54.521285577391694,6105
2021-12-24,54.60796356201172,54.60796356201172,54.2612450104253,54.347926301598484,48138
2021-12-27,54.60796356201172,54.60796356201172,54.43460428621851,54.60796356201172,69877
2021-12-28,54.52128982543945,54.52128982543945,54.52128982543945,54.52128982543945,1628
2021-12-29,54.60796356201172,54.60796356201172,54.43460428621851,54.43460428621851,53016
2021-12-30,55.04136276245117,55.04136276245117,54.43460692108199,54.43460692108199,90209
2022-01-03,54.868003845214844,54.95468514116348,54.60796657047563,54.95468514116348,47068
2022-01-04,54.60796356201172,54.60796356201172,54.43460428621851,54.521285577391694,7055
2022-01-05,54.60796356201172,54.868000822424946,54.43460428621851,54.868000822424946,4188
2022-01-06,54.60796356201172,54.78132283780493,54.521285577391694,54.60796356201172,48328
2022-01-07,54.78132247924805,54.78132247924805,54.78132247924805,54.78132247924805,1000
2022-01-10,54.60796356201172,54.78132283780493,54.60796356201172,54.78132283780493,11408
2022-01-11,54.694644927978516,54.694644927978516,54.43460765148919,54.694644927978516,18200
2022-01-12,54.78132247924805,54.78132247924805,54.43460392993099,54.521285220536825,105149
2022-01-13,54.694644927978516,54.781326224510536,54.43460765148919,54.781326224510536,216008
2022-01-14,54.694644927978516,54.781326224510536,54.52128894802121,54.781326224510536,242200
2022-01-17,54.694644927978516,54.694644927978516,54.43460765148919,54.60796693799986,33808
2022-01-18,54.60796356201172,54.69464154663174,54.43460428621851,54.69464154663174,5470
2022-01-19,54.60796356201172,54.60796356201172,54.43460428621851,54.43460428621851,28000
2022-01-20,54.60796356201172,54.60796356201172,54.43460428621851,54.43460428621851,11693
2022-01-21,54.60796356201172,54.60796356201172,54.43460428621851,54.521285577391694,32000
2022-01-24,54.694644927978516,54.694644927978516,54.43460765148919,54.43460765148919,23312
2022-01-25,54.60796356201172,54.69464154663174,54.43460428621851,54.43460428621851,60043
2022-01-26,54.60796356201172,54.60796356201172,54.60796356201172,54.60796356201172,12078
2022-02-07,54.60796356201172,54.60796356201172,54.43460428621851,54.521285577391694,6051
2022-02-08,54.60796356201172,54.69464154663174,54.521285577391694,54.69464154663174,50462
2022-02-09,54.694644927978516,54.694644927978516,54.60796693799986,54.60796693799986,17018
2022-02-10,54.694644927978516,54.694644927978516,54.52128894802121,54.52128894802121,428000
2022-02-11,54.694644927978516,54.781326224510536,54.694644927978516,54.781326224510536,3420
2022-02-14,54.694644927978516,54.694644927978516,54.60796693799986,54.60796693799986,6456
2022-02-15,54.694644927978516,54.694644927978516,54.52128894802121,54.694644927978516,19240
2022-02-16,54.694644927978516,54.694644927978516,54.52128894802121,54.694644927978516,357105
2022-02-17,54.694644927978516,54.694644927978516,54.43460765148919,54.694644927978516,424240
2022-02-18,54.60796356201172,54.78132283780493,54.521285577391694,54.60796356201172,48749
2022-02-21,54.694644927978516,54.694644927978516,54.60796693799986,54.60796693799986,26999
2022-02-22,54.694644927978516,54.694644927978516,54.694644927978516,54.694644927978516,5005
2022-02-23,54.694644927978516,54.694644927978516,54.52128894802121,54.52128894802121,2129
2022-02-24,54.694644927978516,54.694644927978516,54.43460765148919,54.60796693799986,66020
2022-02-25,54.60796356201172,54.69464154663174,54.43460428621851,54.69464154663174,6000
2022-03-01,54.60796356201172,54.60796356201172,54.2612450104253,54.2612450104253,31102
2022-03-02,54.60796356201172,54.60796356201172,54.43460428621851,54.521285577391694,11000
2022-03-03,54.60796356201172,54.60796356201172,54.43460428621851,54.60796356201172,7250
2022-03-04,54.60796356201172,54.60796356201172,54.347926301598484,54.43460428621851,4000
2022-03-07,54.60796356201172,54.60796356201172,54.347926301598484,54.521285577391694,7265
2022-03-08,54.60796356201172,54.60796356201172,54.521285577391694,54.521285577391694,30000
2022-03-09,54.52128982543945,54.52128982543945,54.43460852751246,54.43460852751246,4339
2022-03-10,54.52128982543945,54.52128982543945,54.52128982543945,54.52128982543945,0
2022-03-11,54.52128982543945,54.52128982543945,54.43460852751246,54.43460852751246,17008
2022-03-14,54.60796356201172,54.60796356201172,54.2612450104253,54.43460428621851,30209
2022-03-15,54.60796356201172,54.60796356201172,54.001207750012064,54.2612450104253,13958
2022-03-16,54.52128982543945,54.52128982543945,54.43460852751246,54.43460852751246,11083
2022-03-17,54.52128982543945,54.52128982543945,54.17457124683832,54.43460852751246,23337
2022-03-18,54.52128982543945,54.52128982543945,54.26124923821189,54.34793053613888,17000
2022-03-21,54.52128982543945,54.52128982543945,54.17457124683832,54.52128982543945,16122
2022-03-22,54.52128982543945,54.52128982543945,54.26124923821189,54.43460852751246,9708
2022-03-23,54.43460464477539,54.43460464477539,54.347926659584424,54.347926659584424,3196
2022-03-24,54.43460464477539,54.43460464477539,54.43460464477539,54.43460464477539,0
2022-03-25,54.43460464477539,54.43460464477539,54.17456738264931,54.17456738264931,24170
2022-03-28,54.43460464477539,54.43460464477539,54.17456738264931,54.43460464477539,25699
2022-03-29,54.43460464477539,54.43460464477539,54.17456738264931,54.347926659584424,12547
2022-03-30,54.43460464477539,54.43460464477539,54.347926659584424,54.347926659584424,28463
2022-03-31,54.43460464477539,54.43460464477539,54.17456738264931,54.17456738264931,21015
2022-04-01,54.43460464477539,54.43460464477539,54.347926659584424,54.347926659584424,2154
2022-04-06,54.43460464477539,54.43460464477539,54.17456738264931,54.17456738264931,25150
2022-04-07,54.43460464477539,54.43460464477539,54.347926659584424,54.43460464477539,27117
2022-04-08,54.43460464477539,54.43460464477539,54.17456738264931,54.17456738264931,11015
2022-04-11,54.43460464477539,54.43460464477539,54.17456738264931,54.347926659584424,41004
2022-04-12,54.43460464477539,54.43460464477539,54.17456738264931,54.347926659584424,33865
2022-04-13,54.43460464477539,54.43460464477539,54.17456738264931,54.347926659584424,15528
2022-04-14,54.43460464477539,54.43460464477539,54.261245367840274,54.261245367840274,3336
2022-04-15,54.43460464477539,54.43460464477539,54.17456738264931,54.17456738264931,9116
2022-04-18,54.43460464477539,54.43460464477539,54.17456738264931,54.261245367840274,20583
2022-04-19,54.43460464477539,54.43460464477539,54.17456738264931,54.17456738264931,50020
2022-04-20,54.43460464477539,54.43460464477539,54.347926659584424,54.347926659584424,6100
2022-04-21,54.43460464477539,54.43460464477539,54.261245367840274,54.43460464477539,51005
2022-04-22,54.43460464477539,54.43460464477539,54.17456738264931,54.347926659584424,33015
2022-04-25,54.43460464477539,54.43460464477539,54.17456738264931,54.17456738264931,58164
2022-04-26,54.34792709350586,54.34792709350586,54.087889829303606,54.17456781518662,17244
2022-04-27,54.26124954223633,54.347930840649,54.08789355851788,54.347930840649,63506
2022-04-28,54.34792709350586,54.34792709350586,54.087889829303606,54.34792709350586,12000
2022-04-29,54.34792709350586,54.434605079388874,54.34792709350586,54.434605079388874,5231
2022-05-03,54.34792709350586,54.34792709350586,54.087889829303606,54.087889829303606,15539
2022-05-04,54.34792709350586,54.34792709350586,54.087889829303606,54.34792709350586,29000
2022-05-05,54.34792709350586,54.34792709350586,54.17456781518662,54.34792709350586,6605
2022-05-06,54.34792709350586,54.34792709350586,54.087889829303606,54.261245801069634,25583
2022-05-09,54.34792709350586,54.34792709350586,54.00120853686738,54.00120853686738,45577
2022-05-10,54.34792709350586,54.34792709350586,54.00120853686738,54.00120853686738,54409
2022-05-11,54.26124954223633,54.26124954223633,54.001212260105206,54.08789355851788,22742
2022-05-12,54.1745719909668,54.26124998353096,53.91453470672085,54.00121269928501,32951
2022-05-13,54.1745719909668,54.1745719909668,53.91453470672085,54.08789399840264,6887
2022-05-16,54.1745719909668,54.1745719909668,53.91453470672085,54.08789399840264,34041
2022-05-17,54.1745719909668,54.1745719909668,53.91453470672085,54.08789399840264,64070
2022-05-18,54.1745719909668,54.1745719909668,53.91453470672085,53.91453470672085,33100
2022-05-19,54.1745719909668,54.1745719909668,53.91453470672085,54.00121269928501,22009
2022-05-20,54.34792709350586,54.34792709350586,54.00120853686738,54.00120853686738,14176
2022-05-23,54.34792709350586,54.34792709350586,54.00120853686738,54.00120853686738,30000
2022-05-24,54.26124954223633,54.26124954223633,54.001212260105206,54.001212260105206,20000
2022-05-25,54.26124954223633,54.26124954223633,53.827852969833316,54.001212260105206,46444
2022-05-26,54.1745719909668,54.1745719909668,53.91453470672085,54.00121269928501,64000
2022-05-27,54.1745719909668,54.1745719909668,54.08789399840264,54.1745719909668,12000
2022-05-30,54.1745719909668,54.1745719909668,54.08789399840264,54.08789399840264,46959
2022-05-31,54.087890625,54.17456861215815,54.00120933128859,54.17456861215815,19360
2022-06-01,54.087890625,54.087890625,54.00120933128859,54.00120933128859,12336
2022-06-02,54.087890625,54.087890625,54.00120933128859,54.00120933128859,2000
2022-06-06,54.087890625,54.087890625,54.00120933128859,54.087890625,13997
2022-06-07,54.087890625,54.087890625,53.74117206326088,54.087890625,14023
2022-06-08,54.087890625,54.087890625,53.74117206326088,53.74117206326088,8627
2022-06-09,54.087890625,54.087890625,54.087890625,54.087890625,1083
2022-06-10,54.087890625,54.087890625,54.087890625,54.087890625,1030
2022-06-13,54.087890625,54.087890625,54.087890625,54.087890625,11273
2022-06-14,54.087890625,54.087890625,53.914531344130445,54.00120933128859,14010
2022-06-15,54.087890625,54.087890625,53.914531344130445,54.00120933128859,23000
2022-06-16,54.00121307373047,54.00121307373047,53.91453508056528,53.91453508056528,35501
2022-06-17,54.00121307373047,54.00121307373047,53.8278537808466,53.91453508056528,21000
2022-06-20,54.00121307373047,54.00121307373047,53.8278537808466,53.8278537808466,30334
2022-06-21,54.087890625,54.087890625,54.00120933128859,54.00120933128859,99000
2022-06-22,54.087890625,54.087890625,54.00120933128859,54.00120933128859,7000
2022-06-23,54.087890625,54.2612465993163,54.00120933128859,54.2612465993163,5418
2022-06-24,54.087890625,54.087890625,53.74117206326088,54.00120933128859,18250
2022-06-27,54.087890625,54.087890625,53.914531344130445,54.087890625,28421
2022-06-28,54.087890625,54.17456861215815,54.00120933128859,54.17456861215815,17177
2022-06-29,54.1745719909668,54.1745719909668,54.00121269928501,54.08789399840264,43145
2022-06-30,54.26124954223633,54.347930840649,54.08789355851788,54.347930840649,26057
2022-07-01,54.26124954223633,54.26124954223633,54.08789355851788,54.26124954223633,41000
2022-07-04,54.46763229370117,54.46763229370117,54.28816659555744,54.28816659555744,118041
2022-07-05,54.37790298461914,54.46763755386879,54.2881718383933,54.37790298461914,52041
2022-07-06,54.37790298461914,54.37790298461914,54.19844069216747,54.19844069216747,55000
2022-07-07,54.37790298461914,54.37790298461914,54.19844069216747,54.2881718383933,7005
2022-07-08,54.64710235595703,54.736833500683076,54.1984397862793,54.736833500683076,4031
2022-07-11,54.55736541748047,54.55736541748047,54.19843743114934,54.19843743114934,60000
2022-07-12,54.55736541748047,54.55736541748047,54.55736541748047,54.55736541748047,27046
2022-07-13,54.55736541748047,54.55736541748047,54.3778997128031,54.3778997128031,22176
2022-07-14,54.46763229370117,54.46763229370117,54.377897733117564,54.377897733117564,2071
2022-07-15,54.46763229370117,54.46763229370117,54.28816659555744,54.28816659555744,17000
2022-07-18,54.37790298461914,54.37790298461914,54.19844069216747,54.19844069216747,39000
2022-07-19,54.37790298461914,54.37790298461914,54.19844069216747,54.37790298461914,10077
2022-07-20,54.37790298461914,54.37790298461914,54.19844069216747,54.2881718383933,41734
2022-07-21,54.37790298461914,54.37790298461914,54.19844069216747,54.19844069216747,2029
2022-07-22,54.37790298461914,54.37790298461914,54.2881718383933,54.2881718383933,7000
2022-07-25,54.28816604614258,54.28816604614258,54.1087003498151,54.19843490949056,21136
2022-07-26,54.28816604614258,54.28816604614258,54.1087003498151,54.1087003498151,38000
2022-07-27,54.28816604614258,54.28816604614258,54.1087003498151,54.1087003498151,88640
2022-07-28,54.28816604614258,54.28816604614258,54.01896921316309,54.1087003498151,14264
2022-07-29,54.28816604614258,54.28816604614258,53.83950351683561,54.28816604614258,48429
2022-08-01,54.28816604614258,54.28816604614258,54.28816604614258,54.28816604614258,13896
2022-08-02,54.28816604614258,54.28816604614258,54.19843490949056,54.28816604614258,12292
2022-08-03,54.28816604614258,54.28816604614258,54.28816604614258,54.28816604614258,4024
2022-08-04,54.28816604614258,54.28816604614258,54.28816604614258,54.28816604614258,8217
2022-08-05,54.28816604614258,54.28816604614258,54.01896921316309,54.19843490949056,11550
2022-08-08,54.19843673706055,54.19843673706055,54.108702174359244,54.19843673706055,11106
2022-08-09,54.108699798583984,54.19843435734528,54.018968662846106,54.19843435734528,38351
2022-08-10,54.19843673706055,54.19843673706055,53.839505332302444,54.108702174359244,222935
2022-08-11,54.01897430419922,54.198440017440504,53.9292397360667,54.198440017440504,114759
2022-08-12,53.929237365722656,54.1087030710759,53.83950622455784,54.01897192991109,112774
2022-08-15,53.929237365722656,54.01897192991109,53.929237365722656,54.01897192991109,88170
2022-08-16,53.929237365722656,53.929237365722656,53.83950622455784,53.929237365722656,87226
2022-08-17,53.929237365722656,54.01897192991109,53.83950622455784,53.929237365722656,99338
2022-08-18,54.108699798583984,54.108699798583984,53.92923410408481,53.92923410408481,40015
2022-08-19,54.19843673706055,54.19843673706055,54.108702174359244,54.108702174359244,22100
2022-08-22,54.108699798583984,54.108699798583984,54.018968662846106,54.018968662846106,12000
2022-08-23,54.19843673706055,54.19843673706055,54.108702174359244,54.108702174359244,24000
2022-08-24,54.19843673706055,54.19843673706055,54.108702174359244,54.108702174359244,26000
2022-08-25,54.19843673706055,54.19843673706055,54.108702174359244,54.108702174359244,14002
2022-08-26,54.19843673706055,54.19843673706055,54.108702174359244,54.19843673706055,37075
2022-08-29,54.19843673706055,54.19843673706055,54.108702174359244,54.108702174359244,26013
2022-08-30,54.19843673706055,54.19843673706055,53.92923647198019,54.108702174359244,198582
2022-08-31,54.19843673706055,54.19843673706055,54.19843673706055,54.19843673706055,0
2022-09-01,54.01897430419922,54.108705449307976,53.9292397360667,54.01897430419922,45024
2022-09-02,54.108699798583984,54.108699798583984,54.018968662846106,54.018968662846106,9888
2022-09-05,54.01897430419922,54.01897430419922,53.9292397360667,54.01897430419922,7248
2022-09-06,53.929237365722656,54.01897192991109,53.749775083393025,53.929237365722656,52016
2022-09-07,53.83950424194336,53.83950424194336,53.66003854319885,53.83950424194336,93000
2022-09-08,53.83950424194336,53.83950424194336,53.74977310408285,53.83950424194336,13000
2022-09-12,53.74977493286133,53.83950607377484,53.66004036892421,53.83950607377484,44435
2022-09-13,53.83950424194336,53.83950424194336,53.66003854319885,53.74977310408285,10022
2022-09-14,53.74977493286133,53.83950607377484,53.66004036892421,53.66004036892421,45036
2022-09-15,53.74977493286133,53.74977493286133,53.66004036892421,53.74977493286133,36506
2022-09-16,53.74977493286133,53.74977493286133,53.57030922801069,53.66004036892421,87025
2022-09-19,53.66004180908203,53.66004180908203,53.21137924642579,53.66004180908203,59023
2022-09-20,53.66004180908203,53.66004180908203,53.30111381277126,53.4805760994148,55140
2022-09-21,53.66004180908203,53.66004180908203,52.76271668376955,53.39084495609303,130069
2022-09-22,53.570308685302734,53.570308685302734,53.390842982270215,53.390842982270215,16000
2022-09-23,53.570308685302734,53.570308685302734,52.94218043620072,53.121646139233235,20030
2022-09-26,53.39084243774414,53.39084243774414,53.12164559745266,53.30111129865483,10296
2022-09-27,53.30111312866211,53.30111312866211,53.03191285610453,53.12164742129828,10030
2022-09-28,53.30111312866211,53.30111312866211,52.58325029920678,53.211378563468365,115050
2022-09-29,53.39084243774414,53.39084243774414,53.30111129865483,53.39084243774414,6234
2022-09-30,52.583251953125,53.390845950151935,52.583251953125,53.3011148051595,89045
2022-10-03,52.85245132446289,53.21137932127857,52.583251048071496,52.85245132446289,12000
2022-10-04,52.583251953125,53.21138023714331,52.49352080813257,52.762717666133625,41057
2022-10-05,52.4935188293457,52.94218138344267,52.403787687735765,52.4935188293457,26049
2022-10-06,52.40378952026367,52.49352066501145,52.31405495249213,52.49352066501145,34156
2022-10-07,52.22432327270508,52.403788983385766,52.04485756202439,52.13458870585287,44041
2022-10-11,51.596195220947266,52.22432349954615,51.32699836526881,51.86539207662572,93137
2022-10-12,51.596195220947266,51.68592636516551,51.41672950948705,51.596195220947266,89000
2022-10-13,51.596195220947266,51.596195220947266,51.41672950948705,51.506464076729024,14106
2022-10-14,51.596195220947266,51.596195220947266,51.506464076729024,51.596195220947266,45578
2022-10-17,51.416725158691406,51.416725158691406,51.147528325791924,51.416725158691406,43154
2022-10-18,51.326995849609375,51.326995849609375,51.0577990071249,51.2372612867655,13142
2022-10-19,51.23726272583008,51.23726272583008,51.05780044114905,51.14753158348956,14139
2022-10-20,50.96806335449219,51.23726019122075,50.60913537986194,51.05779791541737,32000
2022-10-21,50.788597106933594,50.968062803821475,50.16047230236119,50.788597106933594,62031
2022-10-24,50.42967224121094,50.42967224121094,50.16047539081599,50.25020653327309,17030
2022-10-25,50.16047286987305,50.25020400782047,49.89127260998379,49.981007170954705,21450
2022-10-26,49.98101043701172,50.07074158082271,49.80154472636602,49.891275870177004,21012
2022-10-27,49.891273498535156,50.250204902764324,49.35287981521496,49.80154235898964,46046
2022-10-28,49.71181106567383,49.71181106567383,49.44261080182287,49.53234536411437,19000
2022-10-31,49.71181106567383,49.71181106567383,49.44261080182287,49.53234536411437,8014
2022-11-01,49.71181106567383,49.80154220494178,49.53234536411437,49.71181106567383,11004
2022-11-02,49.71181106567383,49.80154220494178,49.622076503382324,49.80154220494178,19060
2022-11-03,49.80154800415039,49.80154800415039,49.44261655923522,49.532351131975986,54003
2022-11-04,49.71181106567383,49.80154220494178,49.622076503382324,49.80154220494178,35000
2022-11-07,49.71181106567383,50.07073904576919,49.622076503382324,50.07073904576919,32000
2022-11-08,49.71181106567383,49.71181106567383,49.53234536411437,49.71181106567383,38200
2022-11-09,49.71181106567383,49.71181106567383,49.53234536411437,49.71181106567383,54020
2022-11-10,49.71181106567383,49.71181106567383,49.35287966255492,49.622076503382324,41118
2022-11-11,49.71181106567383,49.80154220494178,49.35287966255492,49.80154220494178,46113
2022-11-14,49.71181106567383,49.71181106567383,49.53234536411437,49.622076503382324,8111
2022-11-15,49.71181106567383,49.89127334420973,49.53234536411437,49.53234536411437,23076
2022-11-16,49.62207794189453,49.711812506787375,49.44261223513248,49.53234680002533,51376
2022-11-17,49.62207794189453,49.711812506787375,49.26314995139408,49.711812506787375,145150
2022-11-18,49.62207794189453,49.62207794189453,49.44261223513248,49.44261223513248,31847
2022-11-21,49.71181106567383,49.71181106567383,49.622076503382324,49.71181106567383,66000
2022-11-22,49.71181106567383,49.71181106567383,49.71181106567383,49.71181106567383,2113
2022-11-23,49.71181106567383,49.71181106567383,49.44261080182287,49.622076503382324,91650
2022-11-24,49.62207794189453,49.62207794189453,49.44261223513248,49.62207794189453,53075
2022-11-25,49.62207794189453,49.62207794189453,49.44261223513248,49.53234680002533,84043
2022-11-28,49.62207794189453,50.25020620404988,49.44261223513248,49.62207794189453,111000
2022-11-29,49.62207794189453,49.62207794189453,49.44261223513248,49.62207794189453,203000
2022-11-30,49.62207794189453,49.80154364865658,49.44261223513248,49.62207794189453,260071
2022-12-01,49.891273498535156,49.891273498535156,49.62207665687506,49.71181121944413,133058
2022-12-02,50.33993911743164,50.33993911743164,49.80154540122252,49.80154540122252,169200
2022-12-05,50.07073974609375,50.07073974609375,49.801542901501165,50.07073974609375,147178
2022-12-06,49.71181106567383,49.80154220494178,49.53234536411437,49.80154220494178,157000
2022-12-07,49.5323486328125,49.62207977800192,49.35288291940989,49.5323486328125,106000
2022-12-08,49.35287857055664,49.35287857055664,49.083681735685566,49.35287857055664,230093
2022-12-09,49.083683013916016,49.17341415353532,48.993948451273155,49.083683013916016,159909
2022-12-12,48.90421676635742,49.35287930549831,48.81448562773865,48.99394790497619,95000
2022-12-13,48.81448745727539,48.90421859925723,48.724752892269905,48.90421859925723,121951
2022-12-14,48.81448745727539,48.81448745727539,48.724752892269905,48.81448745727539,373000
2022-12-15,48.72475051879883,48.90421621704406,48.63501938118796,48.81448507943318,242038
2022-12-16,48.72475051879883,48.72475051879883,48.63501938118796,48.72475051879883,169000
2022-12-19,48.90421676635742,48.90421676635742,48.72475106609636,48.81448562773865,278000
2022-12-20,48.90421676635742,48.90421676635742,48.81448562773865,48.90421676635742,118000
2022-12-21,48.90421676635742,48.90421676635742,48.81448562773865,48.90421676635742,163571
2022-12-22,48.90421676635742,48.90421676635742,48.635019927477586,48.81448562773865,376100
2022-12-23,48.72475051879883,48.90421621704406,48.72475051879883,48.81448507943318,191089
2022-12-26,48.63502502441406,48.90422189150565,48.63502502441406,48.814490743483084,218115
2022-12-27,48.90421676635742,49.35287930549831,48.5452853658353,49.263148166879546,432000
2022-12-28,48.99394989013672,48.99394989013672,48.6350218980949,48.724753040349434,316000
2022-12-29,48.99394989013672,49.352881305202196,48.6350218980949,48.904218747882176,399015
2022-12-30,48.99394989013672,49.173415597669454,48.6350218980949,49.173415597669454,416000
2023-01-03,49.35287857055664,49.35287857055664,49.083681735685566,49.083681735685566,31000
2023-01-04,49.62207794189453,49.711812506787375,49.35288109326328,49.35288109326328,35000
2023-01-05,50.07073974609375,50.07073974609375,49.711811760978165,49.711811760978165,57428
2023-01-06,50.16047286987305,50.16047286987305,49.981007170954705,50.07073830890213,103381
2023-01-09,50.250205993652344,50.250205993652344,50.07074028764172,50.07074028764172,140070
2023-01-10,50.42967224121094,50.42967224121094,50.25020653327309,50.25020653327309,85062
2023-01-11,50.51940155029297,50.51940155029297,50.339935848868016,50.42967041109226,210445
2023-01-12,50.609134674072266,50.609134674072266,50.519400114398515,50.519400114398515,116877
2023-01-13,50.878334045410156,50.878334045410156,50.69886834013239,50.69886834013239,48010
2023-01-16,51.14752960205078,51.14752960205078,50.87833276243417,50.87833276243417,70449
2023-01-17,51.326995849609375,51.326995849609375,51.1475301469452,51.1475301469452,116011
2023-01-30,51.50646209716797,51.50646209716797,51.3269963926052,51.3269963926052,61100
2023-01-31,51.6859245300293,52.13458708123797,51.41672768390882,51.50646224796472,134074
2023-02-01,51.596195220947266,51.596195220947266,51.506464076729024,51.506464076729024,106714
2023-02-02,51.596195220947266,51.596195220947266,51.41672950948705,51.506464076729024,164383
2023-02-03,51.50646209716797,51.59619323793755,51.41672753337478,51.59619323793755,125529
2023-02-06,51.416725158691406,51.506459718340196,51.23725946241727,51.416725158691406,149000
2023-02-07,51.14752960205078,51.41672644166739,50.698867061681916,51.326995302803034,184816
2023-02-08,51.326995849609375,51.326995849609375,50.78859874161686,51.0577990071249,214051
2023-02-09,51.326995849609375,51.326995849609375,51.0577990071249,51.1475301469452,64229
2023-02-10,51.6859245300293,51.6859245300293,51.23726197882063,51.32699654287653,151686
2023-02-13,51.95512771606445,52.04485886213447,51.50646513966674,51.59619628573676,88017
2023-02-14,51.95512771606445,51.95512771606445,51.865393146970625,51.865393146970625,97060
2023-02-15,51.95512771606445,51.95512771606445,51.865393146970625,51.95512771606445,33040
2023-02-16,52.04485321044922,52.13458434677511,51.95512207412334,51.95512207412334,52000
2023-02-17,52.94218063354492,52.94218063354492,52.04485553806111,52.04485553806111,32374
2023-02-20,53.570308685302734,53.6600398253072,52.94218043620072,53.03191157620519,70007
2023-02-21,53.66004180908203,53.7497763754275,53.57031066576027,53.66004180908203,63836
2023-02-22,53.570308685302734,53.6600398253072,53.390842982270215,53.570308685302734,66000
2023-02-23,53.74977493286133,53.74977493286133,53.57030922801069,53.66004036892421,24536
2023-02-24,53.74977493286133,53.74977493286133,53.66004036892421,53.66004036892421,53000
2023-03-01,53.74977493286133,53.83950607377484,53.66004036892421,53.74977493286133,32061
2023-03-02,53.74977493286133,53.83950607377484,53.57030922801069,53.66004036892421,64744
2023-03-03,53.570308685302734,53.839505528339714,53.48057412227469,53.839505528339714,57413
2023-03-06,53.570308685302734,53.839505528339714,53.390842982270215,53.74977438833525,69324
2023-03-07,53.570308685302734,53.74977438833525,53.390842982270215,53.48057412227469,51030
2023-03-08,53.570308685302734,53.6600398253072,53.390842982270215,53.6600398253072,24000
2023-03-09,53.570308685302734,53.6600398253072,53.390842982270215,53.6600398253072,39779
2023-03-10,53.66004180908203,53.66004180908203,53.4805760994148,53.66004180908203,19000
2023-03-13,53.39084243774414,53.57030813894631,53.39084243774414,53.48057357683346,58010
2023-03-14,53.570308685302734,53.6600398253072,53.30111184226575,53.6600398253072,139050
2023-03-15,53.66004180908203,53.66004180908203,53.39084495609303,53.4805760994148,41125
2023-03-16,53.48057556152344,53.660041269385665,53.30111327668487,53.48057556152344,73346
2023-03-17,53.48057556152344,53.48057556152344,53.30111327668487,53.390844419104155,72119
2023-03-20,53.21137619018555,53.30111075137704,53.21137619018555,53.30111075137704,60076
2023-03-21,53.39084243774414,53.48057357683346,53.30111129865483,53.39084243774414,5439
2023-03-22,53.570308685302734,53.570308685302734,53.390842982270215,53.48057412227469,46898
2023-03-23,53.66004180908203,53.66004180908203,53.57031066576027,53.57031066576027,73016
2023-03-24,53.66004180908203,53.66004180908203,53.4805760994148,53.4805760994148,71083
2023-03-27,53.66004180908203,53.66004180908203,53.4805760994148,53.57031066576027,40016
2023-03-28,53.570308685302734,53.6600398253072,53.48057412227469,53.570308685302734,54000
2023-03-29,53.570308685302734,53.570308685302734,53.48057412227469,53.48057412227469,68226
2023-03-30,53.570308685302734,53.570308685302734,53.390842982270215,53.48057412227469,39041
2023-03-31,53.66004180908203,53.66004180908203,53.4805760994148,53.66004180908203,35135
2023-04-06,53.66004180908203,53.66004180908203,53.57031066576027,53.57031066576027,6023
2023-04-07,53.66004180908203,53.66004180908203,53.57031066576027,53.57031066576027,4010
2023-04-10,53.66004180908203,53.66004180908203,53.57031066576027,53.66004180908203,23025
2023-04-11,53.570308685302734,53.6600398253072,52.94218043620072,53.570308685302734,114159
2023-04-12,53.66004180908203,53.66004180908203,53.39084495609303,53.4805760994148,48009
2023-04-13,53.66004180908203,53.66004180908203,53.39084495609303,53.4805760994148,54167
2023-04-14,53.66004180908203,53.66004180908203,53.4805760994148,53.57031066576027,90299
2023-04-17,53.66004180908203,53.7497763754275,53.4805760994148,53.7497763754275,37016
2023-04-18,53.66004180908203,53.83950751874927,53.4805760994148,53.83950751874927,71002
2023-04-19,53.570308685302734,53.570308685302734,53.48057412227469,53.48057412227469,32030
2023-04-20,53.570308685302734,53.6600398253072,53.48057412227469,53.6600398253072,45100
2023-04-21,53.570308685302734,53.6600398253072,53.48057412227469,53.48057412227469,41166
2023-04-24,53.570308685302734,53.6600398253072,53.48057412227469,53.570308685302734,133611
2023-04-25,53.570308685302734,53.570308685302734,53.390842982270215,53.48057412227469,97105
2023-04-26,53.570308685302734,53.6600398253072,53.48057412227469,53.6600398253072,64050
2023-04-27,53.74977493286133,53.74977493286133,53.48057466407357,53.66004036892421,15100
2023-04-28,53.83950424194336,53.83950424194336,53.57030740533834,53.66003854319885,155422
2023-05-02,53.83950424194336,53.83950424194336,53.74977310408285,53.74977310408285,6092
2023-05-03,53.74977493286133,53.83950607377484,53.57030922801069,53.74977493286133,29154
2023-05-04,53.74977493286133,53.83950607377484,53.66004036892421,53.66004036892421,60146
2023-05-05,53.74977493286133,53.74977493286133,53.57030922801069,53.66004036892421,83070
2023-05-08,53.66004180908203,53.66004180908203,53.57031066576027,53.57031066576027,219040
2023-05-09,53.66004180908203,53.66004180908203,53.57031066576027,53.57031066576027,102000
2023-05-10,53.66004180908203,53.66004180908203,53.57031066576027,53.57031066576027,83000
2023-05-11,53.570308685302734,53.570308685302734,53.570308685302734,53.570308685302734,85230
2023-05-12,53.66004180908203,53.66004180908203,53.57031066576027,53.57031066576027,43322
2023-05-15,53.66004180908203,53.66004180908203,53.4805760994148,53.4805760994148,2015
2023-05-16,53.66004180908203,53.66004180908203,53.4805760994148,53.57031066576027,43297
2023-05-17,53.66004180908203,53.66004180908203,53.66004180908203,53.66004180908203,3080
2023-05-18,53.570308685302734,53.6600398253072,53.570308685302734,53.570308685302734,13165
2023-05-19,53.570308685302734,53.570308685302734,53.48057412227469,53.48057412227469,47138
2023-05-22,53.570308685302734,53.6600398253072,53.48057412227469,53.6600398253072,51084
2023-05-23,53.30111312866211,53.57030997819603,53.30111312866211,53.30111312866211,31091
2023-05-24,53.48057556152344,53.57031012696638,53.390844419104155,53.48057556152344,50009
2023-05-25,53.48057556152344,53.57031012696638,53.390844419104155,53.57031012696638,46246
2023-05-26,53.48057556152344,53.48057556152344,53.30111327668487,53.390844419104155,104402
2023-05-29,53.570308685302734,53.570308685302734,53.390842982270215,53.570308685302734,85703
2023-05-30,53.48057556152344,53.48057556152344,53.390844419104155,53.390844419104155,72088
2023-05-31,53.48057556152344,53.57031012696638,53.30111327668487,53.57031012696638,114528
2023-06-01,53.48057556152344,53.48057556152344,53.390844419104155,53.390844419104155,33000
2023-06-02,53.39084243774414,53.39084243774414,53.21137673654198,53.30111129865483,91616
2023-06-05,53.39084243774414,53.57030813894631,53.12164559745266,53.57030813894631,132083
2023-06-06,53.48057556152344,53.48057556152344,53.21137871124193,53.390844419104155,80969
2023-06-07,53.48057556152344,53.48057556152344,53.30111327668487,53.30111327668487,74000
2023-06-08,53.48057556152344,53.57031012696638,53.30111327668487,53.390844419104155,107000
2023-06-09,53.48057556152344,53.48057556152344,53.30111327668487,53.390844419104155,80882
2023-06-12,53.48057556152344,53.57031012696638,53.390844419104155,53.390844419104155,69724
2023-06-13,53.570308685302734,53.570308685302734,53.390842982270215,53.48057412227469,31200
2023-06-14,53.66004180908203,53.66004180908203,53.39084495609303,53.57031066576027,103266
2023-06-15,53.74977493286133,53.74977493286133,53.57030922801069,53.57030922801069,18763
2023-06-16,53.74977493286133,53.83950607377484,53.39084352316006,53.83950607377484,4163
2023-06-19,53.74977493286133,53.74977493286133,53.48057466407357,53.66004036892421,66016
2023-06-20,53.74977493286133,53.74977493286133,53.48057466407357,53.66004036892421,57061
2023-06-21,53.74977493286133,53.74977493286133,53.48057466407357,53.57030922801069,70088
2023-06-26,53.66004180908203,53.7497763754275,53.57031066576027,53.66004180908203,18160
2023-06-27,53.74977493286133,53.74977493286133,53.48057466407357,53.57030922801069,128742
2023-06-28,54.42897415161133,54.42897415161133,53.87072968256957,53.87072968256957,62078
2023-06-29,54.3359375,54.42897706674609,54.05681170129778,54.42897706674609,124280
2023-06-30,54.42897415161133,54.42897415161133,54.24289147885349,54.42897415161133,62695
2023-07-03,54.42897415161133,54.42897415161133,54.33593458984829,54.33593458984829,29554
2023-07-04,54.42897415161133,54.42897415161133,54.33593458984829,54.33593458984829,43223
2023-07-05,54.42897415161133,54.42897415161133,54.33593458984829,54.33593458984829,30170
2023-07-06,54.3359375,54.42897706674609,54.3359375,54.3359375,33000
2023-07-07,54.42897415161133,54.42897415161133,54.24289147885349,54.33593458984829,38000
2023-07-10,54.42897415161133,54.42897415161133,54.24289147885349,54.33593458984829,46709
2023-07-11,54.615055084228516,54.615055084228516,54.242889750570725,54.335932858601005,93120
2023-07-12,54.615055084228516,54.615055084228516,54.42897241739962,54.522011976198236,36045
2023-07-13,54.615055084228516,54.615055084228516,54.522011976198236,54.615055084228516,10251
2023-07-14,54.42897415161133,54.61505682436918,54.42897415161133,54.61505682436918,50925
2023-07-17,54.42897415161133,54.61505682436918,54.24289147885349,54.33593458984829,93516
2023-07-18,54.615055084228516,54.615055084228516,54.42897241739962,54.42897241739962,75152
2023-07-19,54.615055084228516,54.615055084228516,54.42897241739962,54.42897241739962,85037
2023-07-20,54.615055084228516,54.615055084228516,54.42897241739962,54.42897241739962,19000
2023-07-21,54.615055084228516,54.615055084228516,54.335932858601005,54.42897241739962,46035
2023-07-24,54.52201461791992,54.61505773045836,54.335935491306714,54.52201461791992,51421
2023-07-25,54.52201461791992,54.52201461791992,54.42897505461332,54.42897505461332,76727
2023-07-26,54.52201461791992,54.52201461791992,54.42897505461332,54.42897505461332,52004
2023-07-27,54.615055084228516,54.615055084228516,54.42897241739962,54.42897241739962,90335
2023-07-28,54.708099365234375,54.708099365234375,54.52201668234349,54.52201668234349,79000
2023-07-31,54.708099365234375,54.801142481295805,54.615059798404914,54.708099365234375,38004
2023-08-01,54.80113983154297,54.80113983154297,54.708096719980375,54.708096719980375,53100
2023-08-02,54.80113983154297,54.80113983154297,54.615057157649574,54.708096719980375,45000
2023-08-04,54.89418029785156,54.89418029785156,54.70809762089383,54.70809762089383,49598
2023-08-07,54.98721694946289,54.98721694946289,54.708094723425184,54.708094723425184,63016
2023-08-08,54.98721694946289,54.98721694946289,54.80113783159219,54.98721694946289,95000
2023-08-09,54.98721694946289,54.98721694946289,54.89417739052754,54.89417739052754,68000
2023-08-10,54.98721694946289,54.98721694946289,54.89417739052754,54.89417739052754,75140
2023-08-11,55.080265045166016,55.080265045166016,54.89418236121381,54.89418236121381,93074
2023-08-14,55.080265045166016,55.080265045166016,54.8011427938537,54.89418236121381,86046
2023-08-15,55.080265045166016,55.080265045166016,54.89418236121381,54.89418236121381,112482
2023-08-16,55.080265045166016,55.080265045166016,54.8011427938537,54.89418236121381,146030
2023-08-17,55.080265045166016,55.080265045166016,54.89418236121381,54.987221928573916,117000
2023-08-18,54.98721694946289,54.98721694946289,54.89417739052754,54.89417739052754,84268
2023-08-21,54.98721694946289,54.98721694946289,54.89417739052754,54.89417739052754,86000
2023-08-22,55.35938262939453,55.45242218891092,54.8941777333492,54.987217292865594,110162
2023-08-23,55.35938262939453,55.35938262939453,54.987217292865594,55.17329996113006,37073
2023-08-24,55.2663459777832,55.2663459777832,54.894180621672334,55.08026329972777,178767
2023-08-25,55.173301696777344,55.173301696777344,54.98721902265906,55.173301696777344,65450
2023-08-28,55.173301696777344,55.173301696777344,54.98721902265906,54.98721902265906,43000
2023-08-29,55.173301696777344,55.173301696777344,54.98721902265906,55.080262134334106,106360
2023-08-30,55.173301696777344,55.173301696777344,54.98721902265906,55.080262134334106,93598
2023-08-31,55.173301696777344,55.173301696777344,54.98721902265906,55.080262134334106,91000
2023-09-01,55.2663459777832,55.2663459777832,55.08026329972777,55.08026329972777,69000
2023-09-04,55.35938262939453,55.35938262939453,55.17329996113006,55.26634306987815,50040
2023-09-05,55.545467376708984,55.545467376708984,55.3593847014795,55.3593847014795,33849
2023-09-06,55.63850784301758,55.63850784301758,55.35938560025762,55.54546827850822,67056
2023-09-07,55.73154830932617,55.73154830932617,55.54546563991511,55.638505200004786,76045
2023-09-08,55.824588775634766,55.824588775634766,55.638506103202964,55.638506103202964,117152
2023-09-11,55.824588775634766,55.824588775634766,55.638506103202964,55.638506103202964,78500
2023-09-12,55.91762924194336,55.91762924194336,55.63850700339553,55.63850700339553,57048
2023-09-13,55.91762924194336,55.91762924194336,55.824589678838024,55.824589678838024,54671
2023-09-14,55.91762924194336,55.91762924194336,55.731550115732695,55.824589678838024,98667
2023-09-15,55.91762924194336,55.91762924194336,55.63850700339553,55.731550115732695,37045
2023-09-18,55.91762924194336,55.91762924194336,55.63850700339553,55.731550115732695,84010
2023-09-19,55.91762924194336,55.91762924194336,55.824589678838024,55.824589678838024,172101
2023-09-20,55.91762924194336,55.91762924194336,55.731550115732695,55.824589678838024,69299
2023-09-21,55.91762924194336,55.91762924194336,55.731550115732695,55.731550115732695,122032
2023-09-22,55.824588775634766,55.91762833723478,55.73154921403475,55.73154921403475,202000
2023-09-25,55.91762924194336,55.91762924194336,55.731550115732695,55.731550115732695,195651
2023-09-26,55.91762924194336,55.91762924194336,55.824589678838024,55.824589678838024,2084
2023-09-27,55.91762924194336,55.91762924194336,55.824589678838024,55.824589678838024,11000
2023-09-28,55.824588775634766,55.91762833723478,55.54546654160295,55.638506103202964,78049
2023-10-02,55.824588775634766,55.824588775634766,55.08026163513932,55.824588775634766,65040
2023-10-03,55.824588775634766,55.824588775634766,55.638506103202964,55.73154921403475,59000
2023-10-04,55.824588775634766,55.824588775634766,55.638506103202964,55.73154921403475,62631
2023-10-05,55.824588775634766,55.824588775634766,55.638506103202964,55.638506103202964,14104
2023-10-06,55.545467376708984,55.73155005193848,55.545467376708984,55.63850693970782,21000
2023-10-11,55.63850784301758,55.731550956758824,55.45242516476698,55.731550956758824,151586
2023-10-12,55.545467376708984,55.73155005193848,55.45242426447833,55.545467376708984,159083
2023-10-13,55.63850784301758,55.63850784301758,55.54546827850822,55.54546827850822,240475
2023-10-16,55.63850784301758,55.63850784301758,55.54546827850822,55.54546827850822,215004
2023-10-17,55.545467376708984,55.73155005193848,55.545467376708984,55.545467376708984,169256
2023-10-18,55.63850784301758,55.63850784301758,55.45242516476698,55.63850784301758,178004
2023-10-19,55.63850784301758,55.824590521268185,55.54546827850822,55.731550956758824,389000
2023-10-20,55.63850784301758,55.731550956758824,55.54546827850822,55.54546827850822,238000
2023-10-23,55.63850784301758,55.731550956758824,55.54546827850822,55.54546827850822,245000
2023-10-24,55.545467376708984,55.63850693970782,55.45242426447833,55.545467376708984,30993
2023-10-25,55.545467376708984,55.545467376708984,55.3593847014795,55.3593847014795,24630
2023-10-26,55.545467376708984,55.63850693970782,55.45242426447833,55.45242426447833,114152
2023-10-27,55.452423095703125,55.638505767010535,55.452423095703125,55.638505767010535,22016
2023-10-30,55.545467376708984,55.545467376708984,55.45242426447833,55.545467376708984,4050
2023-10-31,55.545467376708984,55.545467376708984,55.45242426447833,55.545467376708984,4045
2023-11-01,55.545467376708984,55.545467376708984,55.45242426447833,55.45242426447833,27395
2023-11-02,55.545467376708984,55.545467376708984,55.45242426447833,55.45242426447833,15617
2023-11-03,55.545467376708984,55.545467376708984,55.545467376708984,55.545467376708984,0
2023-11-06,55.63850784301758,55.63850784301758,55.45242516476698,55.54546827850822,121963
2023-11-07,55.63850784301758,55.731550956758824,55.45242516476698,55.731550956758824,108007
2023-11-08,55.545467376708984,55.82458961493731,55.545467376708984,55.63850693970782,11049
2023-11-09,55.545467376708984,55.63850693970782,55.3593847014795,55.545467376708984,17150
2023-11-10,55.63850784301758,55.63850784301758,55.45242516476698,55.45242516476698,20596
2023-11-13,55.545467376708984,55.545467376708984,55.45242426447833,55.45242426447833,5033
2023-11-14,55.824588775634766,55.824588775634766,55.638506103202964,55.638506103202964,8310
2023-11-15,55.545467376708984,55.82458961493731,55.545467376708984,55.73155005193848,12120
2023-11-16,55.545467376708984,55.545467376708984,55.266345138480666,55.45242426447833,21000
2023-11-17,55.545467376708984,55.545467376708984,55.45242426447833,55.45242426447833,2627
2023-11-20,55.545467376708984,55.545467376708984,55.45242426447833,55.545467376708984,20334
2023-11-21,55.545467376708984,55.545467376708984,55.545467376708984,55.545467376708984,1206
2023-11-22,55.545467376708984,55.545467376708984,55.45242426447833,55.45242426447833,8000
2023-11-23,55.545467376708984,55.545467376708984,55.545467376708984,55.545467376708984,70182
2023-11-24,55.545467376708984,55.545467376708984,55.45242426447833,55.45242426447833,47332
2023-11-27,55.545467376708984,55.545467376708984,55.45242426447833,55.45242426447833,86000
2023-11-28,55.545467376708984,55.545467376708984,55.45242426447833,55.545467376708984,64075
2023-11-29,55.545467376708984,55.545467376708984,55.080262463251174,55.45242426447833,44040
2023-11-30,55.545467376708984,55.545467376708984,55.3593847014795,55.45242426447833,53100
2023-12-01,55.545467376708984,55.545467376708984,55.45242426447833,55.45242426447833,3000
2023-12-04,55.545467376708984,55.545467376708984,55.45242426447833,55.45242426447833,45045
2023-12-05,55.545467376708984,55.545467376708984,55.3593847014795,55.3593847014795,4000
2023-12-06,55.452423095703125,55.452423095703125,55.266343973627464,55.3593835346653,49044
2023-12-07,55.452423095703125,55.54546620597271,55.3593835346653,55.54546620597271,6004
2023-12-08,55.545467376708984,55.545467376708984,54.98721935102052,55.545467376708984,51041
2023-12-11,55.452423095703125,55.54546620597271,55.266343973627464,55.452423095703125,44132
2023-12-12,55.545467376708984,55.545467376708984,55.080262463251174,55.545467376708984,16487
2023-12-13,55.545467376708984,55.545467376708984,55.266345138480666,55.45242426447833,7045
2023-12-14,55.545467376708984,55.545467376708984,55.266345138480666,55.266345138480666,32826
2023-12-15,55.545467376708984,55.545467376708984,55.266345138480666,55.45242426447833,43035
2023-12-18,55.545467376708984,55.545467376708984,55.266345138480666,55.266345138480666,4860
2023-12-19,55.452423095703125,55.54546620597271,55.266343973627464,55.3593835346653,10585
2023-12-20,55.452423095703125,55.452423095703125,55.266343973627464,55.3593835346653,31000
2023-12-21,55.545467376708984,55.545467376708984,55.173302026250006,55.266345138480666,11000
2023-12-22,55.545467376708984,55.545467376708984,55.3593847014795,55.3593847014795,3052
2023-12-25,55.545467376708984,55.545467376708984,55.266345138480666,55.45242426447833,10025
2023-12-26,55.545467376708984,55.545467376708984,55.266345138480666,55.45242426447833,13070
2023-12-27,55.545467376708984,55.545467376708984,55.45242426447833,55.45242426447833,6057
2023-12-28,55.545467376708984,55.545467376708984,55.45242426447833,55.45242426447833,2228
2023-12-29,55.545467376708984,55.545467376708984,55.173302026250006,55.266345138480666,10108
2024-01-02,55.63850784301758,55.63850784301758,55.63850784301758,55.63850784301758,1279
2024-01-03,55.63850784301758,55.63850784301758,55.45242516476698,55.45242516476698,8030
2024-01-04,55.63850784301758,55.63850784301758,55.54546827850822,55.54546827850822,7253
2024-01-05,55.545467376708984,55.545467376708984,55.3593847014795,55.3593847014795,5039
2024-01-08,55.545467376708984,55.545467376708984,55.3593847014795,55.3593847014795,3618
2024-01-09,55.545467376708984,55.545467376708984,55.266345138480666,55.3593847014795,67052
2024-01-10,55.63850784301758,55.63850784301758,55.266346035748256,55.54546827850822,24250
2024-01-11,55.63850784301758,55.63850784301758,55.54546827850822,55.54546827850822,13154
2024-01-12,55.63850784301758,55.63850784301758,55.35938560025762,55.45242516476698,17002
2024-01-15,55.63850784301758,55.63850784301758,55.63850784301758,55.63850784301758,2022
2024-01-16,55.73154830932617,55.73154830932617,55.45242253059372,55.45242253059372,22041
2024-01-17,55.73154830932617,55.73154830932617,55.54546563991511,55.638505200004786,18038
2024-01-18,55.824588775634766,55.824588775634766,55.638506103202964,55.638506103202964,38751
2024-01-19,55.824588775634766,55.824588775634766,55.638506103202964,55.73154921403475,16061
2024-01-22,55.824588775634766,55.824588775634766,55.54546654160295,55.638506103202964,47105
2024-01-23,55.824588775634766,55.824588775634766,55.638506103202964,55.73154921403475,22000
2024-01-24,55.824588775634766,55.824588775634766,55.73154921403475,55.73154921403475,2054
2024-01-25,55.824588775634766,55.824588775634766,55.54546654160295,55.73154921403475,50804
2024-01-26,55.824588775634766,55.824588775634766,55.54546654160295,55.638506103202964,55108
2024-01-29,55.824588775634766,55.824588775634766,55.638506103202964,55.638506103202964,18844
2024-01-30,55.824588775634766,55.824588775634766,55.54546654160295,55.73154921403475,67237
2024-01-31,55.824588775634766,55.824588775634766,55.45242343077116,55.638506103202964,64000
2024-02-01,55.824588775634766,55.824588775634766,55.54546654160295,55.638506103202964,17145
2024-02-02,55.73154830932617,55.73154830932617,55.45242253059372,55.638505200004786,52000
2024-02-05,55.73154830932617,55.73154830932617,55.35938297050405,55.638505200004786,74105
2024-02-15,55.824588775634766,55.824588775634766,55.638506103202964,55.824588775634766,8225
2024-02-16,55.824588775634766,55.824588775634766,55.54546654160295,55.638506103202964,24859
2024-02-19,55.824588775634766,55.824588775634766,55.54546654160295,55.638506103202964,38490
2024-02-20,55.824588775634766,55.824588775634766,55.45242343077116,55.638506103202964,33583
2024-02-21,55.824588775634766,55.824588775634766,55.638506103202964,55.73154921403475,62045
2024-02-22,55.824588775634766,55.824588775634766,55.54546654160295,55.638506103202964,58949
2024-02-23,55.824588775634766,55.824588775634766,55.54546654160295,55.73154921403475,43837
2024-02-26,55.73154830932617,55.82458786941585,55.638505200004786,55.73154830932617,58147
2024-02-27,55.73154830932617,55.82458786941585,55.638505200004786,55.73154830932617,5220
2024-02-29,55.824588775634766,55.824588775634766,55.638506103202964,55.73154921403475,13026
2024-03-01,55.824588775634766,55.824588775634766,55.638506103202964,55.73154921403475,54000
2024-03-04,55.73154830932617,55.82458786941585,55.173300301092986,55.54546563991511,27314
2024-03-05,55.63850784301758,55.824590521268185,55.45242516476698,55.63850784301758,17675
2024-03-06,55.63850784301758,55.824590521268185,55.266346035748256,55.731550956758824,29670
2024-03-07,55.545467376708984,55.73155005193848,55.3593847014795,55.545467376708984,30140
2024-03-08,55.824588775634766,55.824588775634766,55.266344307571124,55.45242343077116,48707
2024-03-11,55.63850784301758,55.824590521268185,55.35938560025762,55.54546827850822,63412
2024-03-12,55.63850784301758,55.63850784301758,55.17330292200701,55.54546827850822,131259
2024-03-13,55.63850784301758,55.63850784301758,55.45242516476698,55.63850784301758,10191
2024-03-14,55.824588775634766,55.824588775634766,55.17330119673934,55.45242343077116,80154
2024-03-15,55.452423095703125,55.824588438317946,55.3593835346653,55.3593835346653,10045
2024-03-18,55.545467376708984,55.63850693970782,55.266345138480666,55.3593847014795,29190
2024-03-19,55.452423095703125,55.452423095703125,55.080261302320054,55.3593835346653,54487
2024-03-20,55.452423095703125,55.54546620597271,55.080261302320054,55.3593835346653,45258
2024-03-21,55.545467376708984,55.545467376708984,55.080262463251174,55.3593847014795,45770
2024-03-22,55.545467376708984,55.545467376708984,55.080262463251174,55.45242426447833,32468
2024-03-25,55.63850784301758,55.63850784301758,55.08026335749765,55.35938560025762,48075
2024-03-26,55.63850784301758,55.63850784301758,55.08026335749765,55.35938560025762,59452
2024-03-27,55.35938262939453,55.35938262939453,55.08026040161367,55.26634306987815,33117
2024-03-28,55.35938262939453,55.35938262939453,55.08026040161367,55.26634306987815,72470
2024-03-29,55.080265045166016,55.35938729647833,55.080265045166016,55.173304612526124,36000
2024-04-01,55.452423095703125,55.452423095703125,55.080261302320054,55.17330086335789,96153
2024-04-02,55.452423095703125,55.452423095703125,54.89417863101265,55.17330086335789,110000
2024-04-03,55.452423095703125,55.452423095703125,55.266343973627464,55.266343973627464,12710
2024-04-08,55.452423095703125,55.452423095703125,55.3593835346653,55.3593835346653,5105
2024-04-09,55.452423095703125,55.452423095703125,55.080261302320054,55.452423095703125,59069
2024-04-10,55.35938262939453,55.35938262939453,55.08026040161367,55.35938262939453,44044
2024-04-11,55.2663459777832,55.2663459777832,54.80114105726055,55.08026329972777,159071
2024-04-12,55.2663459777832,55.2663459777832,55.08026329972777,55.17330286413954,5499
2024-04-15,55.173301696777344,55.35938437089562,54.801139897772586,54.894179460215824,29029
2024-04-16,55.2663459777832,55.2663459777832,54.894180621672334,55.2663459777832,60026
2024-04-17,55.2663459777832,55.2663459777832,54.894180621672334,54.894180621672334,2050
2024-04-18,55.2663459777832,55.2663459777832,55.2663459777832,55.2663459777832,0
2024-04-19,55.173301696777344,55.35938437089562,54.801139897772586,55.26634480845238,79659
2024-04-22,55.173301696777344,55.26634480845238,55.080262134334106,55.26634480845238,49782
2024-04-23,55.173301696777344,55.26634480845238,54.70809678609755,55.26634480845238,118217
2024-04-24,55.2663459777832,55.2663459777832,54.80114105726055,55.17330286413954,47000
2024-04-25,55.080265045166016,55.26634772911822,54.7080996772616,54.8011427938537,82015
2024-04-26,55.080265045166016,55.080265045166016,54.7080996772616,54.8011427938537,6042
2024-04-29,55.080265045166016,55.080265045166016,54.7080996772616,54.987221928573916,32078
2024-04-30,54.98721694946289,55.0802600576299,54.708094723425184,54.89417739052754,29000
2024-05-02,54.98721694946289,54.98721694946289,54.89417739052754,54.89417739052754,12006
2024-05-03,54.89418029785156,55.080262974809294,54.89418029785156,55.080262974809294,8540
2024-05-06,54.89418029785156,54.89418029785156,54.801140733988625,54.89418029785156,14023
2024-05-07,55.173301696777344,55.173301696777344,54.894179460215824,54.894179460215824,19204
2024-05-08,55.2663459777832,55.2663459777832,54.894180621672334,55.2663459777832,24784
2024-05-09,55.2663459777832,55.2663459777832,55.2663459777832,55.2663459777832,2005
2024-05-10,55.35938262939453,55.35938262939453,55.08026040161367,55.26634306987815,6110
2024-05-13,55.35938262939453,55.35938262939453,54.987217292865594,55.26634306987815,31940
2024-05-14,55.35938262939453,55.35938262939453,54.8941777333492,55.17329996113006,48450
2024-05-15,55.35938262939453,55.35938262939453,54.8941777333492,54.987217292865594,90903
2024-05-16,55.35938262939453,55.35938262939453,54.8941777333492,55.35938262939453,61104
2024-05-17,55.35938262939453,55.35938262939453,54.708095065084734,54.8941777333492,135795
2024-05-20,55.35938262939453,55.35938262939453,54.8941777333492,55.17329996113006,35000
2024-05-21,55.2663459777832,55.2663459777832,54.894180621672334,55.17330286413954,31046
2024-05-22,55.2663459777832,55.2663459777832,54.894180621672334,54.894180621672334,45272
2024-05-23,55.2663459777832,55.2663459777832,54.894180621672334,54.894180621672334,60139
2024-05-24,55.2663459777832,55.2663459777832,54.894180621672334,54.894180621672334,62782
2024-05-27,55.2663459777832,55.2663459777832,54.894180621672334,54.894180621672334,83174
2024-05-28,54.98721694946289,55.0802600576299,54.708094723425184,54.89417739052754,141027
2024-05-29,54.98721694946289,55.173299616565245,54.89417739052754,54.89417739052754,24063
2024-05-30,55.173301696777344,55.173301696777344,54.894179460215824,54.894179460215824,18002
2024-05-31,55.2663459777832,55.2663459777832,54.894180621672334,54.894180621672334,12000
2024-06-03,55.2663459777832,55.2663459777832,54.894180621672334,54.894180621672334,19708
2024-06-04,55.2663459777832,55.2663459777832,54.7080979436169,54.894180621672334,112526
2024-06-05,55.173301696777344,55.173301696777344,54.70809678609755,54.894179460215824,90040
2024-06-06,55.080265045166016,55.080265045166016,54.7080996772616,54.89418236121381,139190
2024-06-07,54.98721694946289,54.98721694946289,54.89417739052754,54.89417739052754,25324
2024-06-11,54.98721694946289,54.98721694946289,54.708094723425184,54.89417739052754,237000
2024-06-12,54.98721694946289,54.98721694946289,54.708094723425184,54.80113783159219,172040
2024-06-13,54.98721694946289,54.98721694946289,54.708094723425184,54.80113783159219,202634
2024-06-14,54.98721694946289,54.98721694946289,54.708094723425184,54.89417739052754,119733
2024-06-17,54.98721694946289,54.98721694946289,54.708094723425184,54.89417739052754,149044
2024-06-18,54.89418029785156,54.89418029785156,54.70809762089383,54.801140733988625,119865
2024-06-19,54.89418029785156,54.89418029785156,54.70809762089383,54.70809762089383,40659
2024-06-20,55.080265045166016,55.080265045166016,54.7080996772616,54.987221928573916,153992
2024-06-21,55.080265045166016,55.080265045166016,54.61506010990149,54.987221928573916,155196
2024-06-24,55.080265045166016,55.080265045166016,54.61506010990149,54.8011427938537,171747
2024-06-25,55.080265045166016,55.080265045166016,54.61506010990149,54.8011427938537,184406
2024-06-26,55.080265045166016,55.080265045166016,54.61506010990149,55.080265045166016,144383
2024-06-27,54.89418029785156,54.9872198617145,54.61505805703089,54.70809762089383,309544
2024-06-28,54.98721694946289,54.98721694946289,54.61505516448984,54.708094723425184,143236
2024-07-01,55.498775482177734,55.498775482177734,55.11269557126849,55.11269557126849,150569
2024-07-02,55.788333892822266,55.788333892822266,55.30573584239659,55.30573584239659,55300
2024-07-03,55.788333892822266,55.788333892822266,55.40225766164028,55.49877579895305,43516
2024-07-04,55.788333892822266,55.788333892822266,55.49877579895305,55.59529393626581,193532
2024-07-05,55.788333892822266,55.788333892822266,55.49877579895305,55.49877579895305,274057
2024-07-08,55.788333892822266,55.788333892822266,55.49877579895305,55.6918157555095,78849
2024-07-09,55.498775482177734,55.691815437632364,55.498775482177734,55.691815437632364,299342
2024-07-10,55.59529113769531,55.69181295208026,55.498773005241105,55.69181295208026,38774
2024-07-11,55.69181442260742,55.69181442260742,55.498774470671094,55.59529260567384,92740
2024-07-12,55.69181442260742,55.69181442260742,55.59529260567384,55.69181442260742,76391
2024-07-15,55.788333892822266,55.788333892822266,55.49877579895305,55.59529393626581,185264
2024-07-16,55.788333892822266,55.788333892822266,55.30573584239659,55.49877579895305,62404
2024-07-17,55.69181442260742,55.69181442260742,55.498774470671094,55.498774470671094,6628
2024-07-18,55.69181442260742,55.69181442260742,55.40225633566835,55.59529260567384,39545
2024-07-19,55.69181442260742,55.69181442260742,55.40225633566835,55.59529260567384,24461
2024-07-22,55.69181442260742,55.69181442260742,55.40225633566835,55.40225633566835,18100
2024-07-23,55.69181442260742,55.69181442260742,55.498774470671094,55.498774470671094,13170
2024-07-26,55.69181442260742,55.69181442260742,55.40225633566835,55.498774470671094,43000
2024-07-29,55.69181442260742,55.69181442260742,55.498774470671094,55.69181442260742,12060
2024-07-30,55.69181442260742,55.69181442260742,55.498774470671094,55.498774470671094,24040
2024-07-31,55.69181442260742,55.69181442260742,55.40225633566835,55.498774470671094,52531
2024-08-01,55.788333892822266,55.788333892822266,55.59529393626581,55.6918157555095,54362
2024-08-02,55.59529113769531,55.78833108453448,55.498773005241105,55.59529113769531,118576
2024-08-05,55.59529113769531,55.59529113769531,55.112693111562784,55.30573305840194,176560
2024-08-06,55.59529113769531,55.78833108453448,55.209214925947734,55.78833108453448,88367
2024-08-07,55.498775482177734,55.498775482177734,55.20921738996125,55.20921738996125,49068
2024-08-08,55.498775482177734,55.498775482177734,55.11269557126849,55.20921738996125,113476
2024-08-09,55.498775482177734,55.498775482177734,55.11269557126849,55.30573552672311,124042
2024-08-12,55.59529113769531,55.59529113769531,55.498773005241105,55.498773005241105,3000
2024-08-13,55.40225601196289,55.40225601196289,55.20921606115446,55.30573419559327,50010
2024-08-14,55.112693786621094,55.49877368502838,55.112693786621094,55.30573373582474,68665
2024-08-15,55.112693786621094,55.59529181866482,55.01617565298466,55.59529181866482,119045
2024-08-16,55.2092170715332,55.49877516207962,55.016177117191965,55.11269525339714,111467
2024-08-19,55.2092170715332,55.2092170715332,55.016177117191965,55.016177117191965,117000
2024-08-20,55.2092170715332,55.2092170715332,54.919658980986796,55.11269525339714,77239
2024-08-21,55.112693786621094,55.20921560218831,54.91965751934823,55.01617565298466,94345
2024-08-22,55.112693786621094,55.112693786621094,54.91965751934823,55.01617565298466,80315
2024-08-23,55.01617431640625,55.01617431640625,54.63009442737849,55.01617431640625,81525
2024-08-26,55.01617431640625,55.01617431640625,54.823134371892365,54.919656185114654,66115
2024-08-27,55.01617431640625,55.01617431640625,54.823134371892365,54.919656185114654,27039
2024-08-28,54.91965866088867,55.0161767965313,54.726618707672564,54.82313684331519,63996
2024-08-29,54.91965866088867,54.91965866088867,54.726618707672564,54.726618707672564,39078
2024-08-30,54.91965866088867,55.0161767965313,54.82313684331519,54.91965866088867,93039
2024-09-02,54.91965866088867,54.91965866088867,54.53357875445646,54.91965866088867,174411
2024-09-03,54.630096435546875,54.630096435546875,54.53357830070734,54.630096435546875,87000
2024-09-04,54.726619720458984,54.823137857887794,54.533579763670424,54.726619720458984,198057
2024-09-05,54.726619720458984,54.726619720458984,54.533579763670424,54.63009790109924,202232
2024-09-06,54.82313537597656,54.82313537597656,54.63009542792716,54.72661724291724,41000
2024-09-09,54.82313537597656,54.82313537597656,54.53357729486784,54.63009542792716,152041
2024-09-10,54.82313537597656,54.82313537597656,54.53357729486784,54.63009542792716,204039
2024-09-11,54.726619720458984,54.726619720458984,54.533579763670424,54.533579763670424,217043
2024-09-12,54.630096435546875,54.630096435546875,54.4370601658678,54.630096435546875,247316
2024-09-13,54.630096435546875,54.630096435546875,54.53357830070734,54.53357830070734,234244
2024-09-16,54.53357696533203,54.91965685909783,54.53357696533203,54.63009509780811,249115
2024-09-18,54.630096435546875,54.726618252317245,54.53357830070734,54.630096435546875,269249
2024-09-19,54.726619720458984,55.016177814676354,54.533579763670424,55.016177814676354,192315
2024-09-20,54.82313537597656,54.82313537597656,54.72661724291724,54.72661724291724,111194
2024-09-23,54.82313537597656,54.919657190966646,54.53357729486784,54.82313537597656,631004
2024-09-24,54.726619720458984,54.919659677247544,54.533579763670424,54.823137857887794,325044
2024-09-25,54.82313537597656,54.919657190966646,54.82313537597656,54.919657190966646,39592
2024-09-26,55.498775482177734,55.498775482177734,54.823137479052,54.919659297744765,89897
2024-09-27,55.59529113769531,55.59529113769531,55.30573305840194,55.30573305840194,180000
2024-09-30,55.69181442260742,55.69181442260742,55.40225633566835,55.498774470671094,109000
2024-10-01,55.498775482177734,55.691815437632364,55.498775482177734,55.5952936189396,126375
2024-10-04,55.59529113769531,55.981371031373634,55.498773005241105,55.498773005241105,193100
2024-10-07,55.788333892822266,55.788333892822266,55.59529393626581,55.59529393626581,128422
2024-10-08,56.270931243896484,56.270931243896484,55.69181506335546,55.788333199468674,338024
2024-10-09,56.65700912475586,56.65700912475586,55.78833120309884,56.27092923025702,227290
2024-10-11,56.85005187988281,56.85005187988281,56.46397196631513,56.46397196631513,45029
2024-10-14,56.85005187988281,56.85005187988281,56.46397196631513,56.85005187988281,281022
2024-10-15,56.94656753540039,56.94656753540039,56.657009453809934,56.75352758702983,150279
2024-10-16,57.043087005615234,57.043087005615234,56.85005073465099,56.94656887013311,184001
2024-10-17,57.13960647583008,57.13960647583008,56.946566530864736,56.946566530864736,79274
2024-10-18,57.043087005615234,57.13960882302821,56.85005073465099,56.94656887013311,171601
2024-10-21,57.13960647583008,57.13960647583008,56.946566530864736,56.946566530864736,136866
2024-10-22,57.13960647583008,57.13960647583008,56.850048399347415,56.946566530864736,202495
2024-10-23,57.13960647583008,57.13960647583008,56.946566530864736,57.04308466238206,39210
2024-10-24,57.13960647583008,57.13960647583008,56.753526585899394,56.946566530864736,219461
2024-10-25,57.33264923095703,57.33264923095703,56.75352936767542,56.75352936767542,267235
2024-10-28,57.33264923095703,57.33264923095703,56.85005118585446,56.85005118585446,118301
2024-10-29,57.23612594604492,57.23612594604492,56.85004972901499,56.94656786278977,296077
2024-10-30,57.13960647583008,57.13960647583008,56.850048399347415,56.946566530864736,61225
2024-11-01,57.13960647583008,57.13960647583008,57.04308466238206,57.04308466238206,19022
2024-11-04,57.043087005615234,57.13960882302821,56.85005073465099,57.13960882302821,81181
2024-11-05,57.13960647583008,57.13960647583008,56.946566530864736,57.13960647583008,75011
2024-11-06,56.94656753540039,57.13960748377095,56.94656753540039,57.043085668620286,78524
2024-11-07,57.043087005615234,57.043087005615234,56.94656887013311,57.043087005615234,33027
2024-11-08,57.043087005615234,57.043087005615234,56.94656887013311,56.94656887013311,19040
2024-11-11,56.7535285949707,57.0430866817037,56.7535285949707,57.0430866817037,107484
2024-11-12,56.7535285949707,56.85005041183559,56.7535285949707,56.85005041183559,88494
2024-11-13,56.85005187988281,56.85005187988281,56.75353006052543,56.85005187988281,13103
2024-11-14,56.85005187988281,56.94657001730927,56.85005187988281,56.85005187988281,121774
2024-11-15,57.043087005615234,57.043087005615234,56.85005073465099,56.85005073465099,103144
2024-11-18,56.94656753540039,57.13960748377095,56.94656753540039,56.94656753540039,143000
2024-11-19,56.94656753540039,57.13960748377095,56.94656753540039,56.94656753540039,28716
2024-11-20,57.23612594604492,57.23612594604492,57.23612594604492,57.23612594604492,144496
2024-11-21,57.33264923095703,57.33264923095703,56.3674531407519,56.3674531407519,12554
2024-11-22,57.42916488647461,57.42916488647461,57.33264675439568,57.33264675439568,17000
2024-11-25,57.52568435668945,57.62220617294435,57.236126271786375,57.332648088041275,43395
2024-11-26,57.71872329711914,57.71872329711914,57.33264708464879,57.33264708464879,174234
2024-11-27,57.81524658203125,57.81524658203125,57.429166677811445,57.62220662992135,172612
2024-11-28,57.81524658203125,57.81524658203125,57.71872476501088,57.71872476501088,5011
2024-11-29,57.911766052246094,57.911766052246094,57.043088088690034,57.043088088690034,38126
2024-12-02,57.911766052246094,57.911766052246094,57.332649864496005,57.332649864496005,51068
2024-12-03,57.911766052246094,57.911766052246094,57.42916800181071,57.81524791493139,205426
2024-12-04,57.911766052246094,57.911766052246094,57.332649864496005,57.332649864496005,30498
2024-12-05,57.911766052246094,57.911766052246094,57.332649864496005,57.332649864496005,105000
2024-12-06,57.911766052246094,57.911766052246094,57.42916800181071,57.42916800181071,158040
2024-12-09,57.911766052246094,57.911766052246094,57.52568613912542,57.81524791493139,92950
2024-12-10,57.71872329711914,57.91176324431969,57.42916521728369,57.42916521728369,136279
2024-12-11,57.911766052246094,57.911766052246094,57.71872609568575,57.71872609568575,23174
2024-12-12,58.00828170776367,58.00828170776367,57.71872362627693,57.815245441393024,204257
2024-12-13,58.00828170776367,58.00828170776367,57.71872362627693,57.815245441393024,117000
2024-12-16,58.00828170776367,58.00828170776367,57.71872362627693,57.815245441393024,100686
2024-12-17,57.62220764160156,58.00828387066892,57.525685822886544,57.815247597100694,124547
2024-12-18,57.911766052246094,57.911766052246094,57.71872609568575,57.81524791493139,55039
2024-12-19,57.911766052246094,57.911766052246094,57.52568613912542,57.52568613912542,58334
2024-12-20,57.911766052246094,57.911766052246094,57.71872609568575,57.81524791493139,18175
2024-12-23,57.911766052246094,57.911766052246094,57.71872609568575,57.81524791493139,79266
2024-12-24,57.81524658203125,57.81524658203125,57.71872476501088,57.71872476501088,14114
2024-12-25,57.911766052246094,57.911766052246094,57.71872609568575,57.71872609568575,68902
2024-12-26,57.911766052246094,57.911766052246094,57.62220795837105,57.81524791493139,68249
2024-12-27,57.911766052246094,57.911766052246094,57.71872609568575,57.71872609568575,20681
2024-12-30,57.911766052246094,57.911766052246094,57.81524791493139,57.81524791493139,24677
2024-12-31,58.00828170776367,58.00828170776367,57.71872362627693,57.71872362627693,47000
2025-01-02,58.00828170776367,58.00828170776367,57.815245441393024,57.91176357457835,44340
2025-01-03,58.00828170776367,58.00828170776367,57.815245441393024,57.91176357457835,29233
2025-01-06,58.00828170776367,58.00828170776367,57.815245441393024,57.91176357457835,101461
2025-01-07,58.00828170776367,58.00828170776367,57.71872362627693,57.91176357457835,177240
2025-01-08,58.00828170776367,58.00828170776367,57.815245441393024,57.91176357457835,121010
2025-01-09,58.00828170776367,58.00828170776367,57.91176357457835,57.91176357457835,75232
2025-01-10,58.00828170776367,58.00828170776367,57.815245441393024,57.91176357457835,52000
2025-01-13,57.911766052246094,58.0082841895608,57.81524791493139,57.911766052246094,108023
2025-01-14,58.00828170776367,58.00828170776367,57.815245441393024,57.91176357457835,99000
2025-01-15,58.00828170776367,58.00828170776367,57.815245441393024,57.815245441393024,96417
2025-01-16,58.00828170776367,58.00828170776367,57.815245441393024,57.91176357457835,101146
2025-01-17,58.00828170776367,58.00828170776367,57.91176357457835,57.91176357457835,73836
2025-01-20,58.00828170776367,58.00828170776367,57.91176357457835,57.91176357457835,71000
2025-01-21,58.10480499267578,58.10480499267578,58.008283175118116,58.008283175118116,36000
2025-01-22,58.10480499267578,58.10480499267578,57.91176503949131,58.008283175118116,72094
2025-02-03,58.20132064819336,58.20132064819336,57.91176257172089,57.91176257172089,87000
2025-02-04,58.29784393310547,58.29784393310547,57.91176403344353,57.91176403344353,69309
2025-02-05,58.29784393310547,58.29784393310547,58.1048039832745,58.1048039832745,64095
2025-02-06,58.29784393310547,58.29784393310547,58.00828216739362,58.201322117224585,80563
2025-02-07,58.20132064819336,58.20132064819336,58.104802516679435,58.104802516679435,6373
2025-02-10,58.29784393310547,58.29784393310547,58.1048039832745,58.201322117224585,94549
2025-02-11,58.29784393310547,58.39436206705556,58.201322117224585,58.201322117224585,185046
2025-02-12,58.39436340332031,58.49088153947907,58.29784526716156,58.29784526716156,145598
2025-02-13,58.58740234375,58.58740234375,58.39436239284205,58.39436239284205,121127
2025-02-14,58.49087905883789,58.49087905883789,58.297842794707186,58.49087905883789,69198
2025-02-17,58.58740234375,58.58740234375,58.39436239284205,58.39436239284205,100735
2025-02-18,58.58740234375,58.58740234375,58.49088052733062,58.49088052733062,86485
2025-02-19,58.58740234375,58.58740234375,58.39436239284205,58.49088052733062,84607
2025-02-20,58.58740234375,58.58740234375,58.49088052733062,58.49088052733062,52000
2025-02-21,58.58740234375,58.58740234375,58.39436239284205,58.49088052733062,61405
2025-02-24,58.58740234375,58.58740234375,58.39436239284205,58.49088052733062,95595
2025-02-25,58.58740234375,58.58740234375,58.49088052733062,58.49088052733062,57000
2025-02-26,58.683921813964844,58.683921813964844,58.49088185866303,58.49088185866303,116497
2025-02-27,59.06999969482422,59.16651782819315,58.587401664118026,58.587401664118026,179100
2025-03-03,58.973480224609375,58.973480224609375,58.39436403750565,58.587403993850536,21095
2025-03-04,58.973480224609375,58.973480224609375,58.683922131057514,58.683922131057514,39046
2025-03-05,59.06999969482422,59.06999969482422,58.876959746155585,58.973477879524516,97100
2025-03-06,59.06999969482422,59.06999969482422,58.78044161278666,58.973477879524516,58235
2025-03-07,59.06999969482422,59.06999969482422,58.973477879524516,58.973477879524516,79400
2025-03-10,59.16651916503906,59.16651916503906,58.87696107645904,58.97347921200876,76563
2025-03-11,59.16651916503906,59.16651916503906,58.97347921200876,59.07000102948934,112046
2025-03-12,59.16651916503906,59.16651916503906,58.87696107645904,59.07000102948934,37000
2025-03-13,59.16651916503906,59.16651916503906,58.97347921200876,58.97347921200876,48000
2025-03-14,59.263038635253906,59.263038635253906,59.06999868986945,59.06999868986945,161000
2025-03-17,59.35955810546875,59.35955810546875,59.166518155731474,59.166518155731474,135341
2025-03-18,59.456077575683594,59.456077575683594,59.2630413035385,59.2630413035385,261500
2025-03-19,59.55259704589844,59.55259704589844,59.2630389671654,59.359557099432834,131241
2025-03-20,59.55259704589844,59.55259704589844,59.2630389671654,59.45607523170027,216543
2025-03-21,59.456077575683594,59.55259939368701,59.456077575683594,59.456077575683594,213440
2025-03-24,59.55259704589844,59.55259704589844,59.359557099432834,59.45607523170027,129100
2025-03-25,59.55259704589844,59.55259704589844,59.359557099432834,59.45607523170027,82676
2025-03-26,59.55259704589844,59.55259704589844,59.55259704589844,59.55259704589844,0
2025-03-27,59.55259704589844,59.55259704589844,59.45607523170027,59.45607523170027,219000
2025-03-28,59.55259704589844,59.64911517816587,59.359557099432834,59.64911517816587,87050
2025-03-31,59.55259704589844,59.55259704589844,59.2630389671654,59.359557099432834,104057
2025-04-01,59.74563980102539,59.74563980102539,59.456078026749225,59.456078026749225,96245
2025-04-02,59.64911651611328,59.64911651611328,59.45607656531774,59.45607656531774,3135
2025-04-07,59.35955810546875,59.64911618910927,58.00828213923861,58.00828213923861,120220
2025-04-08,59.263038635253906,59.263038635253906,58.876958744484995,59.16651682159632,93265
2025-04-09,59.16651916503906,59.359559118069356,58.87696107645904,59.07000102948934,94446
2025-04-10,59.456077575683594,59.456077575683594,59.166519485535076,59.35955943961105,121000
2025-04-11,59.456077575683594,59.456077575683594,59.166519485535076,59.2630413035385,45000
2025-04-14,59.55259704589844,59.64911517816587,59.2630389671654,59.359557099432834,126135
2025-04-15,59.55259704589844,59.55259704589844,59.359557099432834,59.45607523170027,53677
2025-04-16,59.55259704589844,59.55259704589844,59.359557099432834,59.45607523170027,70000
2025-04-17,59.456077575683594,59.456077575683594,58.587403305238055,59.456077575683594,48021
2025-04-18,59.55259704589844,59.55259704589844,58.97347720650163,59.2630389671654,71070
2025-04-21,59.456077575683594,59.456077575683594,59.35955943961105,59.35955943961105,2097
2025-04-22,59.35955810546875,59.35955810546875,59.35955810546875,59.35955810546875,1250
2025-04-23,59.35955810546875,59.35955810546875,59.166518155731474,59.166518155731474,8006
2025-04-24,59.35955810546875,59.35955810546875,59.166518155731474,59.166518155731474,2012
2025-04-25,59.35955810546875,59.35955810546875,59.166518155731474,59.166518155731474,46111
2025-04-28,59.456077575683594,59.456077575683594,58.876961395386566,59.2630413035385,94072
2025-04-29,59.456077575683594,59.456077575683594,59.35955943961105,59.35955943961105,31003
2025-04-30,59.456077575683594,59.456077575683594,59.2630413035385,59.35955943961105,62008
2025-05-02,59.35955810546875,59.35955810546875,59.166518155731474,59.35955810546875,54239
2025-05-05,59.263038635253906,59.263038635253906,58.876958744484995,59.263038635253906,15000
2025-05-06,59.263038635253906,59.263038635253906,58.97347687621187,59.16651682159632,71000
2025-05-07,59.263038635253906,59.263038635253906,58.876958744484995,58.876958744484995,44123
2025-05-08,59.263038635253906,59.263038635253906,59.06999868986945,59.06999868986945,49016
2025-05-09,59.16651916503906,59.16651916503906,58.97347921200876,59.16651916503906,46098
2025-05-12,59.16651916503906,59.16651916503906,59.07000102948934,59.16651916503906,34149
2025-05-13,59.263038635253906,59.263038635253906,58.97347687621187,58.97347687621187,56289
2025-05-14,59.16651916503906,59.16651916503906,59.07000102948934,59.16651916503906,12000
2025-05-15,59.263038635253906,59.263038635253906,59.16651682159632,59.16651682159632,84982
2025-05-16,59.263038635253906,59.263038635253906,59.16651682159632,59.16651682159632,62781
2025-05-19,59.16651916503906,59.16651916503906,59.07000102948934,59.16651916503906,5100
2025-05-20,59.16651916503906,59.16651916503906,59.07000102948934,59.07000102948934,34129
2025-05-21,59.16651916503906,59.16651916503906,58.97347921200876,58.97347921200876,47546
2025-05-22,59.16651916503906,59.16651916503906,58.97347921200876,58.97347921200876,50139
2025-05-23,59.16651916503906,59.16651916503906,59.07000102948934,59.07000102948934,51125
2025-05-26,59.16651916503906,59.16651916503906,59.07000102948934,59.07000102948934,34100
2025-05-27,59.06999969482422,59.06999969482422,58.973477879524516,58.973477879524516,7042
2025-05-28,59.06999969482422,59.06999969482422,58.973477879524516,58.973477879524516,4071
2025-05-29,58.973480224609375,59.07000204374727,58.973480224609375,59.07000204374727,2512
2025-06-02,59.06999969482422,59.06999969482422,58.876959746155585,58.973477879524516,35200
2025-06-03,59.06999969482422,59.06999969482422,58.876959746155585,58.876959746155585,65474
2025-06-04,59.06999969482422,59.06999969482422,58.876959746155585,58.876959746155585,50073
2025-06-05,58.87696075439453,58.87696075439453,58.87696075439453,58.87696075439453,11400
2025-06-06,58.87696075439453,58.87696075439453,58.87696075439453,58.87696075439453,1239
2025-06-09,58.973480224609375,58.973480224609375,58.78044395019541,58.8769620874024,73447
2025-06-10,58.973480224609375,58.973480224609375,58.8769620874024,58.8769620874024,72045
2025-06-11,58.973480224609375,58.973480224609375,58.78044395019541,58.8769620874024,71234
2025-06-12,58.87696075439453,58.87696075439453,58.78044261937278,58.87696075439453,6135
2025-06-13,58.87696075439453,58.87696075439453,58.78044261937278,58.78044261937278,49100
2025-06-16,58.973480224609375,58.973480224609375,58.78044395019541,58.78044395019541,112494
2025-06-17,59.06999969482422,59.06999969482422,58.876959746155585,58.876959746155585,104061
2025-06-18,59.263038635253906,59.263038635253906,58.876958744484995,58.97347687621187,201158
2025-06-19,59.16651916503906,59.16651916503906,59.07000102948934,59.07000102948934,74004
2025-06-20,59.16651916503906,59.45607725361908,58.97347921200876,59.45607725361908,53527
2025-06-23,59.16651916503906,59.16651916503906,58.87696107645904,58.97347921200876,21240
2025-06-24,59.16651916503906,59.16651916503906,59.07000102948934,59.07000102948934,19775
2025-06-25,59.06999969482422,59.06999969482422,58.973477879524516,58.973477879524516,65253
2025-06-26,59.06999969482422,59.06999969482422,58.973477879524516,58.973477879524516,73644
2025-06-27,59.06999969482422,59.06999969482422,58.876959746155585,58.973477879524516,127000
2025-06-30,60.0,60.0,59.20000076293945,59.29999923706055,125364
2025-07-01,60.099998474121094,60.099998474121094,59.900001525878906,59.900001525878906,60139
2025-07-02,60.099998474121094,60.099998474121094,60.0,60.0,36220
2025-07-03,60.099998474121094,60.099998474121094,60.0,60.0,19113
2025-07-04,59.900001525878906,60.099998474121094,59.900001525878906,60.0,19000
2025-07-07,60.0,60.0,59.900001525878906,59.900001525878906,37000
2025-07-08,60.099998474121094,60.099998474121094,60.0,60.0,56045
2025-07-09,60.099998474121094,60.099998474121094,60.099998474121094,60.099998474121094,0
2025-07-10,60.099998474121094,60.099998474121094,60.0,60.0,10038
2025-07-11,60.099998474121094,60.099998474121094,60.0,60.0,48006
2025-07-14,60.099998474121094,60.099998474121094,60.0,60.0,41792
2025-07-15,60.20000076293945,60.20000076293945,60.0,60.0,70432
2025-07-16,60.20000076293945,60.20000076293945,60.20000076293945,60.20000076293945,0
2025-07-17,60.099998474121094,60.099998474121094,60.099998474121094,60.099998474121094,32182
2025-07-18,60.099998474121094,60.20000076293945,60.099998474121094,60.099998474121094,33032
2025-07-21,60.0,60.099998474121094,60.0,60.099998474121094,45052
2025-07-22,60.0,60.099998474121094,60.0,60.0,118365
2025-07-23,60.099998474121094,60.099998474121094,60.0,60.0,31216
2025-07-24,60.29999923706055,60.29999923706055,60.0,60.0,212075
2025-07-25,60.20000076293945,60.20000076293945,60.099998474121094,60.20000076293945,52005
2025-07-28,60.29999923706055,60.29999923706055,60.099998474121094,60.099998474121094,95581
2025-07-29,60.29999923706055,60.29999923706055,60.20000076293945,60.20000076293945,57140
2025-07-30,60.20000076293945,60.20000076293945,59.900001525878906,60.0,26080
2025-07-31,60.29999923706055,60.29999923706055,60.20000076293945,60.20000076293945,33148
2025-08-04,60.29999923706055,60.29999923706055,60.20000076293945,60.20000076293945,70000
2025-08-05,60.29999923706055,60.29999923706055,60.20000076293945,60.20000076293945,122086
2025-08-06,60.29999923706055,60.29999923706055,60.0,60.0,67040
2025-08-07,60.29999923706055,60.29999923706055,60.0,60.20000076293945,51089
2025-08-08,60.20000076293945,60.20000076293945,60.099998474121094,60.099998474121094,4035
2025-08-11,60.29999923706055,60.29999923706055,60.099998474121094,60.29999923706055,17227
2025-08-12,60.29999923706055,60.29999923706055,60.20000076293945,60.20000076293945,118180
2025-08-13,60.20000076293945,60.20000076293945,60.099998474121094,60.099998474121094,5399
2025-08-14,60.20000076293945,60.20000076293945,60.0,60.0,39000
2025-08-15,60.20000076293945,60.20000076293945,60.099998474121094,60.099998474121094,4000
2025-08-18,60.20000076293945,60.20000076293945,60.099998474121094,60.099998474121094,60240
2025-08-19,60.20000076293945,60.20000076293945,60.099998474121094,60.099998474121094,91892
2025-08-20,60.20000076293945,60.20000076293945,60.099998474121094,60.099998474121094,63154
2025-08-21,60.20000076293945,60.20000076293945,60.099998474121094,60.099998474121094,38542
2025-08-22,60.20000076293945,60.20000076293945,60.099998474121094,60.099998474121094,35075
2025-08-25,60.20000076293945,60.20000076293945,60.099998474121094,60.099998474121094,71312
2025-08-26,60.20000076293945,60.20000076293945,60.0,60.099998474121094,47000
2025-08-27,60.29999923706055,60.29999923706055,60.29999923706055,60.29999923706055,1303
2025-08-28,60.29999923706055,60.29999923706055,60.099998474121094,60.099998474121094,6035
2025-08-29,60.29999923706055,60.29999923706055,60.099998474121094,60.099998474121094,95551
2025-09-01,60.29999923706055,60.29999923706055,60.20000076293945,60.20000076293945,42389
2025-09-02,60.29999923706055,60.29999923706055,60.20000076293945,60.20000076293945,102074
2025-09-03,60.29999923706055,60.29999923706055,60.20000076293945,60.20000076293945,35044
2025-09-04,60.29999923706055,60.29999923706055,60.099998474121094,60.099998474121094,61042
2025-09-05,60.29999923706055,60.29999923706055,60.099998474121094,60.099998474121094,35271
2025-09-08,60.29999923706055,60.29999923706055,60.099998474121094,60.20000076293945,100035
2025-09-09,60.29999923706055,60.29999923706055,60.099998474121094,60.099998474121094,76059
2025-09-10,60.29999923706055,60.29999923706055,60.0,60.20000076293945,62438
2025-09-11,60.29999923706055,60.29999923706055,60.099998474121094,60.099998474121094,6031
2025-09-12,60.29999923706055,60.29999923706055,60.29999923706055,60.29999923706055,0
2025-09-15,60.20000076293945,60.20000076293945,60.099998474121094,60.099998474121094,21520
2025-09-16,60.099998474121094,60.099998474121094,60.099998474121094,60.099998474121094,1016
2025-09-17,60.29999923706055,60.29999923706055,60.099998474121094,60.099998474121094,75099
2025-09-18,60.20000076293945,60.20000076293945,60.0,60.0,63376
2025-09-19,60.20000076293945,60.20000076293945,60.20000076293945,60.20000076293945,0
2025-09-22,60.29999923706055,60.29999923706055,60.099998474121094,60.20000076293945,116168
2025-09-23,60.29999923706055,60.29999923706055,60.20000076293945,60.20000076293945,67230
2025-09-24,60.29999923706055,60.29999923706055,60.0,60.20000076293945,83063
2025-09-25,60.29999923706055,60.29999923706055,60.0,60.20000076293945,308015
2025-09-26,60.20000076293945,60.20000076293945,60.099998474121094,60.099998474121094,2418
2025-09-30,60.20000076293945,60.20000076293945,60.20000076293945,60.20000076293945,0
2025-10-01,60.20000076293945,60.20000076293945,60.099998474121094,60.099998474121094,10147
2025-10-02,60.20000076293945,60.20000076293945,60.099998474121094,60.099998474121094,9238
2025-10-03,60.20000076293945,60.20000076293945,60.0,60.099998474121094,37626
2025-10-07,60.29999923706055,60.29999923706055,60.099998474121094,60.29999923706055,15000
2025-10-08,60.29999923706055,60.29999923706055,60.29999923706055,60.29999923706055,2000
2025-10-09,60.29999923706055,60.29999923706055,60.099998474121094,60.20000076293945,16125
2025-10-13,60.20000076293945,60.20000076293945,60.0,60.0,5277
2025-10-14,60.20000076293945,60.20000076293945,60.0,60.0,24825
2025-10-15,60.20000076293945,60.20000076293945,60.0,60.0,5199
2025-10-16,60.20000076293945,60.20000076293945,60.0,60.20000076293945,11800
2025-10-17,60.20000076293945,60.20000076293945,60.0,60.20000076293945,14006
2025-10-20,60.20000076293945,60.20000076293945,60.0,60.099998474121094,39142
2025-10-21,60.20000076293945,60.20000076293945,60.099998474121094,60.099998474121094,13572
2025-10-22,60.20000076293945,60.20000076293945,60.20000076293945,60.20000076293945,0
2025-10-23,60.20000076293945,60.20000076293945,60.20000076293945,60.20000076293945,0
2025-10-27,60.20000076293945,60.20000076293945,60.0,60.0,27330
2025-10-28,60.20000076293945,60.20000076293945,60.0,60.0,36461
2025-10-29,60.20000076293945,60.20000076293945,60.0,60.0,18292
2025-10-30,60.20000076293945,60.20000076293945,60.0,60.0,44615
2025-10-31,60.20000076293945,60.20000076293945,60.0,60.099998474121094,68012
2025-11-03,60.20000076293945,60.20000076293945,60.0,60.099998474121094,76000
2025-11-04,60.20000076293945,60.20000076293945,60.0,60.0,77099
2025-11-05,60.20000076293945,60.20000076293945,60.0,60.0,69069
2025-11-06,60.099998474121094,60.099998474121094,60.0,60.0,5000
2025-11-07,60.099998474121094,60.099998474121094,59.900001525878906,60.0,46184
2025-11-10,59.900001525878906,60.0,59.900001525878906,59.900001525878906,42270
2025-11-11,59.900001525878906,60.0,59.79999923706055,59.900001525878906,67690
2025-11-12,60.0,60.0,59.79999923706055,59.900001525878906,68000
2025-11-13,60.0,60.0,59.79999923706055,60.0,53189
2025-11-14,60.0,60.0,59.900001525878906,59.900001525878906,100162
2025-11-17,60.099998474121094,60.099998474121094,59.70000076293945,60.099998474121094,80040
2025-11-18,60.099998474121094,60.099998474121094,59.900001525878906,59.900001525878906,34478
2025-11-19,60.099998474121094,60.099998474121094,59.900001525878906,59.900001525878906,101000
2025-11-20,60.0,60.0,59.900001525878906,59.900001525878906,52486
2025-11-21,60.0,60.0,59.900001525878906,59.900001525878906,24000
2025-11-24,60.099998474121094,60.099998474121094,59.900001525878906,60.0,84042
2025-11-25,60.0,60.0,59.900001525878906,59.900001525878906,26042
2025-11-26,60.099998474121094,60.099998474121094,60.0,60.0,34411
2025-11-27,60.099998474121094,60.099998474121094,60.0,60.0,33703
2025-11-28,60.29999923706055,60.29999923706055,60.0,60.0,99201
2025-12-01,60.20000076293945,60.20000076293945,60.099998474121094,60.099998474121094,9297
2025-12-02,60.29999923706055,60.29999923706055,60.099998474121094,60.20000076293945,46106
2025-12-03,60.20000076293945,60.29999923706055,60.0,60.29999923706055,158491
2025-12-04,60.20000076293945,60.20000076293945,60.099998474121094,60.099998474121094,46132
2025-12-05,60.20000076293945,60.20000076293945,60.0,60.099998474121094,100235
2025-12-08,60.099998474121094,60.099998474121094,60.0,60.099998474121094,5099
2025-12-09,60.29999923706055,60.29999923706055,60.0,60.0,127451
2025-12-10,60.099998474121094,60.099998474121094,60.099998474121094,60.099998474121094,1824
2025-12-11,60.0,60.099998474121094,59.900001525878906,60.0,83035
2025-12-12,60.0,60.099998474121094,59.900001525878906,60.0,74291
2025-12-15,60.099998474121094,60.099998474121094,59.900001525878906,60.0,165143
2025-12-16,60.0,60.0,60.0,60.0,11055
2025-12-17,60.0,60.0,59.900001525878906,59.900001525878906,57563
2025-12-18,60.0,60.0,59.900001525878906,59.900001525878906,3021
2025-12-19,60.0,60.0,60.0,60.0,1485
2025-12-22,60.0,60.0,60.0,60.0,5009
2025-12-23,60.0,60.0,59.900001525878906,59.900001525878906,5106
2025-12-24,60.0,60.0,59.900001525878906,59.900001525878906,27570
2025-12-26,60.0,60.0,59.79999923706055,60.0,35317
2025-12-29,60.0,60.0,60.0,60.0,10001
2025-12-30,60.0,60.0,59.900001525878906,59.900001525878906,31000
2025-12-31,60.0,60.0,59.900001525878906,59.900001525878906,34657
2026-01-02,60.0,60.0,59.900001525878906,59.900001525878906,29315
2026-01-05,60.0,60.0,59.900001525878906,60.0,36447
2026-01-06,59.900001525878906,60.0,59.900001525878906,60.0,25393
2026-01-07,60.0,60.0,59.900001525878906,60.0,45889
2026-01-08,60.29999923706055,60.29999923706055,59.900001525878906,59.900001525878906,19747
2026-01-09,60.20000076293945,60.20000076293945,60.0,60.0,6035
2026-01-12,60.20000076293945,60.29999923706055,60.0,60.0,21061
2026-01-13,60.099998474121094,60.099998474121094,60.0,60.0,25004
2026-01-14,60.099998474121094,60.099998474121094,60.0,60.0,32648
2026-01-15,60.099998474121094,60.099998474121094,60.099998474121094,60.099998474121094,5254
2026-01-16,60.099998474121094,60.099998474121094,60.0,60.0,41067
2026-01-19,60.099998474121094,60.099998474121094,60.0,60.099998474121094,25255
2026-01-20,60.099998474121094,60.099998474121094,60.0,60.0,29539
2026-01-21,60.099998474121094,60.099998474121094,60.0,60.099998474121094,38027
2026-01-22,60.099998474121094,60.099998474121094,59.900001525878906,60.0,43275
2026-01-23,60.099998474121094,60.099998474121094,59.900001525878906,60.0,55908
2026-01-26,60.099998474121094,60.099998474121094,59.900001525878906,60.0,37088
2026-01-27,60.099998474121094,60.099998474121094,60.0,60.0,31436
2026-01-28,60.099998474121094,60.099998474121094,59.900001525878906,60.0,41332
2026-01-29,60.099998474121094,60.099998474121094,59.900001525878906,60.0,55494
2026-01-30,60.20000076293945,60.20000076293945,59.900001525878906,60.0,78146
2026-02-02,60.20000076293945,60.20000076293945,60.0,60.0,113028
2026-02-03,60.20000076293945,60.20000076293945,60.099998474121094,60.099998474121094,32158
2026-02-04,60.20000076293945,60.20000076293945,60.0,60.0,85254
2026-02-05,60.099998474121094,60.099998474121094,60.0,60.099998474121094,16000
2026-02-06,60.29999923706055,60.29999923706055,60.099998474121094,60.099998474121094,132000
2026-02-09,60.29999923706055,60.29999923706055,60.099998474121094,60.099998474121094,43779
2026-02-10,60.29999923706055,60.29999923706055,60.20000076293945,60.20000076293945,32134
2026-02-11,60.5,60.5,60.099998474121094,60.099998474121094,146008
2026-02-23,60.099998474121094,60.400001525878906,60.0,60.0,26731
2026-02-24,60.0,60.099998474121094,60.0,60.099998474121094,18562
2026-02-25,60.0,60.0,60.0,60.0,36498
2026-02-26,60.20000076293945,60.20000076293945,60.0,60.0,64123
2026-03-02,60.099998474121094,60.099998474121094,60.0,60.099998474121094,10150
2026-03-03,60.099998474121094,60.099998474121094,60.0,60.099998474121094,23070
2026-03-04,60.099998474121094,60.099998474121094,60.0,60.0,29000
2026-03-05,60.099998474121094,60.099998474121094,60.0,60.099998474121094,13060
2026-03-06,60.29999923706055,60.29999923706055,60.099998474121094,60.099998474121094,15421
2026-03-09,60.400001525878906,60.400001525878906,60.0,60.099998474121094,81050
2026-03-10,60.5,60.5,60.29999923706055,60.29999923706055,99044
2026-03-11,60.5,60.5,60.29999923706055,60.29999923706055,86000
2026-03-12,60.5,60.5,60.29999923706055,60.400001525878906,63099
2026-03-13,60.5,60.5,60.400001525878906,60.400001525878906,31315
2026-03-16,60.599998474121094,60.599998474121094,60.29999923706055,60.29999923706055,70095
2026-03-17,60.599998474121094,60.599998474121094,60.400001525878906,60.5,75016
2026-03-18,60.5,60.5,60.400001525878906,60.400001525878906,2743
